scenario_id,etf,Ticker,Name,classification,Sector,Region,weight_base_pct,weight_scn_pct,delta_weight_pct,action
PragmaticTilt_20251011T183059,CRBN,NVDA,NVIDIA,other,Information Technology,United States,5.16,0.0,-5.16,DROP
PragmaticTilt_20251011T183059,CRBN,MSFT,MICROSOFT,clean,Information Technology,United States,4.47,0.0,-4.47,DROP
PragmaticTilt_20251011T183059,CRBN,AAPL,APPLE,clean,Information Technology,United States,3.64,3.484587,-0.15541300000000025,DOWN
PragmaticTilt_20251011T183059,CRBN,AMZN,AMAZON COM,controversial,Consumer Discretionary,United States,2.42,0.0,-2.42,DROP
PragmaticTilt_20251011T183059,CRBN,META,META PLATFORMS,other,Communication,United States,2.0,1.914608,-0.08539199999999991,DOWN
PragmaticTilt_20251011T183059,CRBN,AVGO,BROADCOM,clean,Information Technology,United States,1.6,4.59506,2.99506,UP
PragmaticTilt_20251011T183059,CRBN,GOOG,ALPHABET,clean,Communication,United States,1.39,3.896228,2.506228,UP
PragmaticTilt_20251011T183059,CRBN,2330,TAIWAN SEMICONDUCTOR MANUFACTURING,clean,Information Technology,Taiwan,1.18,3.388857,2.208857,UP
PragmaticTilt_20251011T183059,CRBN,TSLA,TESLA,clean,Consumer Discretionary,United States,1.1,3.159104,2.059104,UP
PragmaticTilt_20251011T183059,CRBN,GOOG,ALPHABET,clean,Communication,United States,1.09,2.584721,1.494721,UP
PragmaticTilt_20251011T183059,DMXF,SAP,SAP,other,Information Technology,Germany,3.42,2.05498,-1.36502,DOWN
PragmaticTilt_20251011T183059,DMXF,SAP,SAP,other,Information Technology,Germany,3.42,3.08247,-0.3375300000000001,DOWN
PragmaticTilt_20251011T183059,DMXF,ASML,ASML HOLDING,other,Information Technology,Netherlands,3.18,2.866156,-0.313844,DOWN
PragmaticTilt_20251011T183059,DMXF,NOVN,NOVARTIS,other,Health Care,Switzerland,2.58,0.0,-2.58,DROP
PragmaticTilt_20251011T183059,DMXF,NOVO B,NOVO NORDISK,other,Health Care,Denmark,1.81,1.252817,-0.557183,DOWN
PragmaticTilt_20251011T183059,DMXF,SU,SCHNEIDER ELECTRIC,other,Industrials,France,1.61,0.0,-1.61,DROP
PragmaticTilt_20251011T183059,DMXF,AI,LAIR LIQUIDE SOCIETE ANONYME POUR,other,Materials,France,1.33,1.198738,-0.131262,DOWN
PragmaticTilt_20251011T183059,DMXF,AI,LAIR LIQUIDE SOCIETE ANONYME POUR,other,Materials,France,1.33,1.198738,-0.131262,DOWN
PragmaticTilt_20251011T183059,DMXF,ABBN,ABB,clean,Industrials,Switzerland,1.2,3.244705,2.0447050000000004,UP
PragmaticTilt_20251011T183059,DMXF,ZURN,ZURICH INSURANCE,other,Financials,Switzerland,1.18,1.063542,-0.11645799999999995,DOWN
PragmaticTilt_20251011T183059,DMXF,SPOT,SPOTIFY TECHNOLOGY,other,Communication,Sweden,1.17,0.0,-1.17,DROP
PragmaticTilt_20251011T183059,DMXF,1299,AIA,other,Financials,Hong Kong,1.14,1.02749,-0.11250999999999989,DOWN
PragmaticTilt_20251011T183059,DMXF,REL,RELX,controversial,Industrials,United Kingdom,1.11,0.0,-1.11,DROP
PragmaticTilt_20251011T183059,DMXF,8316,SUMITOMO MITSUI FINANCIAL IN,other,Financials,Japan,1.08,0.0,-1.08,DROP
PragmaticTilt_20251011T183059,DMXF,EL,ESSILORLUXOTTICA,other,Health Care,France,1.02,0.919333,-0.10066700000000006,DOWN
PragmaticTilt_20251011T183059,DMXF,EL,ESSILORLUXOTTICA,other,Health Care,France,1.02,0.919333,-0.10066700000000006,DOWN
PragmaticTilt_20251011T183059,DMXF,CSL,CSL,other,Health Care,Australia,0.96,0.459667,-0.5003329999999999,DOWN
PragmaticTilt_20251011T183059,DMXF,CSL,CSL,other,Health Care,Australia,0.96,0.865255,-0.09474499999999997,DOWN
PragmaticTilt_20251011T183059,DMXF,6098,RECRUIT,controversial,Industrials,Japan,0.95,0.0,-0.95,DROP
PragmaticTilt_20251011T183059,DMXF,CS,AXA,controversial,Financials,France,0.95,0.0,-0.95,DROP
PragmaticTilt_20251011T183059,DMXF,D05,DBS,controversial,Financials,Singapore,0.91,0.712032,-0.19796800000000003,DOWN
PragmaticTilt_20251011T183059,DMXF,RMS,HERMES INTERNATIONAL,other,Consumer Discretionary,France,0.89,0.802163,-0.08783700000000005,DOWN
PragmaticTilt_20251011T183059,DMXF,6861,KEYENCE,other,Information Technology,Japan,0.87,0.423614,-0.446386,DOWN
PragmaticTilt_20251011T183059,DMXF,8766,TOKIO MARINE,other,Financials,Japan,0.87,0.784137,-0.08586300000000002,DOWN
PragmaticTilt_20251011T183059,DMXF,9434.T,SOFTBANK,clean,Communication,Japan,0.87,2.352411,1.482411,UP
PragmaticTilt_20251011T183059,DMXF,PRX,PROSUS,other,Consumer Discretionary,Netherlands,0.87,0.784137,-0.08586300000000002,DOWN
PragmaticTilt_20251011T183059,DMXF,INGA,ING GROEP,controversial,Financials,Netherlands,0.82,0.739072,-0.080928,DOWN
PragmaticTilt_20251011T183059,DMXF,DG,VINCI,clean,Industrials,France,0.79,2.136097,1.3460969999999999,UP
PragmaticTilt_20251011T183059,DMXF,DG,VINCI,clean,Industrials,France,0.79,2.136097,1.3460969999999999,UP
PragmaticTilt_20251011T183059,DMXF,8035,TOKYO ELECTRON,other,Information Technology,Japan,0.79,0.712032,-0.07796800000000004,DOWN
PragmaticTilt_20251011T183059,DMXF,388,HONG KONG EXCHANGES AND CLEARING L,other,Financials,Hong Kong,0.75,0.67598,-0.07401999999999997,DOWN
PragmaticTilt_20251011T183059,DMXF,LSEG,LONDON STOCK EXCHANGE,other,Financials,United Kingdom,0.71,0.639928,-0.07007199999999991,DOWN
PragmaticTilt_20251011T183059,DMXF,CMPGF,COMPASS,controversial,Consumer Discretionary,United Kingdom,0.69,0.135196,-0.554804,DOWN
PragmaticTilt_20251011T183059,DMXF,DB1,DEUTSCHE BOERSE,other,Financials,Germany,0.65,0.585849,-0.06415100000000007,DOWN
PragmaticTilt_20251011T183059,DMXF,SREN,SWISS RE,other,Financials,Switzerland,0.64,0.576836,-0.063164,DOWN
PragmaticTilt_20251011T183059,DMXF,4063,SHIN ETSU CHEMICAL,other,Materials,Japan,0.62,0.55881,-0.06118999999999997,DOWN
PragmaticTilt_20251011T183059,DMXF,III,3I,other,Financials,United Kingdom,0.62,0.55881,-0.06118999999999997,DOWN
PragmaticTilt_20251011T183059,DMXF,6857,ADVANTEST,other,Information Technology,Japan,0.61,0.549797,-0.060203000000000007,DOWN
PragmaticTilt_20251011T183059,DMXF,IFX,INFINEON TECHNOLOGIES,other,Information Technology,Germany,0.59,0.531771,-0.058228999999999975,DOWN
PragmaticTilt_20251011T183059,DMXF,9433,KDDI,other,Communication,Japan,0.59,0.531771,-0.058228999999999975,DOWN
PragmaticTilt_20251011T183059,DMXF,INVE B,INVESTOR,other,Financials,Sweden,0.58,0.522758,-0.057242000000000015,DOWN
PragmaticTilt_20251011T183059,DMXF,LONN,LONZA,other,Health Care,Switzerland,0.58,0.522758,-0.057242000000000015,DOWN
PragmaticTilt_20251011T183059,DMXF,NDA FI,NORDEA BANK,other,Financials,Finland,0.54,0.486706,-0.05329400000000001,DOWN
PragmaticTilt_20251011T183059,DMXF,GLE,SOCIETE GENERALE,other,Financials,France,0.53,0.477693,-0.05230700000000005,DOWN
PragmaticTilt_20251011T183059,DMXF,GMG,GOODMAN UNITS,other,Real Estate,Australia,0.52,0.46868,-0.05132000000000003,DOWN
PragmaticTilt_20251011T183059,DMXF,DSV,DSV,other,Industrials,Denmark,0.52,0.46868,-0.05132000000000003,DOWN
PragmaticTilt_20251011T183059,DMXF,O39,OVERSEA CHINESE BANKING,controversial,Financials,Singapore,0.51,0.459667,-0.05033300000000002,DOWN
PragmaticTilt_20251011T183059,DMXF,DHL,DEUTSCHE POST,clean,Industrials,Germany,0.51,1.379,0.869,UP
PragmaticTilt_20251011T183059,DMXF,9434.T,SOFTBANK,clean,Communication,Japan,0.51,1.379,0.869,UP
PragmaticTilt_20251011T183059,DMXF,ALC,ALCON,other,Health Care,Switzerland,0.51,0.459667,-0.05033300000000002,DOWN
PragmaticTilt_20251011T183059,DMXF,ARGX,ARGENX,other,Health Care,Belgium,0.48,0.306444,-0.173556,DOWN
PragmaticTilt_20251011T183059,DMXF,6301,KOMATSU,controversial,Industrials,Japan,0.34,0.036052,-0.303948,DOWN
PragmaticTilt_20251011T183059,DMXF,EBS,ERSTE BANK,other,Financials,Austria,0.33,0.189274,-0.14072600000000002,DOWN
PragmaticTilt_20251011T183059,DMXF,BXB,BRAMBLES,clean,Industrials,Australia,0.24,0.648941,0.408941,UP
PragmaticTilt_20251011T183059,DMXF,9020,EAST JAPAN RAILWAY,clean,Industrials,Japan,0.24,0.648941,0.408941,UP
PragmaticTilt_20251011T183059,DMXF,4503,ASTELLAS PHARMA,clean,Health Care,Japan,0.23,0.621902,0.391902,UP
PragmaticTilt_20251011T183059,DMXF,9022,CENTRAL JAPAN RAILWAY,clean,Industrials,Japan,0.22,0.594863,0.37486300000000006,UP
PragmaticTilt_20251011T183059,DMXF,KER,KERING,clean,Consumer Discretionary,France,0.21,0.567823,0.357823,UP
PragmaticTilt_20251011T183059,DMXF,TRN,TERNA RETE ELETTRICA NAZIONALE,other,Utilities,Italy,0.17,0.081118,-0.08888200000000002,DOWN
PragmaticTilt_20251011T183059,DMXF,ACS,ACS ACTIVIDADES DE CONSTRUCCION Y,clean,Industrials,Spain,0.15,0.405588,0.25558800000000004,UP
PragmaticTilt_20251011T183059,DMXF,9021,WEST JAPAN RAILWAY,clean,Industrials,Japan,0.12,0.32447,0.20446999999999999,UP
PragmaticTilt_20251011T183059,DMXF,4204,SEKISUI CHEMICAL,clean,Industrials,Japan,0.08,0.216314,0.136314,UP
PragmaticTilt_20251011T183059,DMXF,4523,EISAI,clean,Health Care,Japan,0.07,0.189274,0.11927399999999999,UP
PragmaticTilt_20251011T183059,DMXF,ELI,ELIA,clean,Utilities,Belgium,0.07,0.189274,0.11927399999999999,UP
PragmaticTilt_20251011T183059,DMXF,VER,VERBUND,clean,Utilities,Austria,0.06,0.162235,0.10223499999999999,UP
PragmaticTilt_20251011T183059,DMXF,9CI,CAPITALAND INVESTMENT,clean,Real Estate,Singapore,0.06,0.162235,0.10223499999999999,UP
PragmaticTilt_20251011T183059,DMXF,UHR,THE SWATCH,clean,Consumer Discretionary,Switzerland,0.06,0.162235,0.10223499999999999,UP
PragmaticTilt_20251011T183059,DMXF,7752,RICOH,clean,Information Technology,Japan,0.06,0.162235,0.10223499999999999,UP
PragmaticTilt_20251011T183059,DMXF,EDPR,EDP RENOVAVEIS,clean,Utilities,Portugal,0.04,0.108157,0.068157,UP
PragmaticTilt_20251011T183059,DSI,NVDA,NVIDIA,other,Information Technology,United States,14.83,5.906393,-8.923607,DOWN
PragmaticTilt_20251011T183059,DSI,MSFT,MICROSOFT,clean,Information Technology,United States,12.77,0.097305,-12.672695,DOWN
PragmaticTilt_20251011T183059,DSI,GOOG,ALPHABET,clean,Communication,United States,3.84,4.865233,1.025233,UP
PragmaticTilt_20251011T183059,DSI,GOOG,ALPHABET,clean,Communication,United States,3.27,4.865233,1.595233,UP
PragmaticTilt_20251011T183059,DSI,TSLA,TESLA,clean,Consumer Discretionary,United States,3.02,4.865233,1.845233,UP
PragmaticTilt_20251011T183059,DSI,V,VISA,other,Financials,United States,1.99,1.936363,-0.053636999999999935,DOWN
PragmaticTilt_20251011T183059,DSI,ABBV,ABBVIE,clean,Health Care,United States,1.18,3.444585,2.2645850000000003,UP
PragmaticTilt_20251011T183059,DSI,AMD,ADVANCED MICRO DEVICES,clean,Information Technology,United States,0.97,2.831566,1.861566,UP
PragmaticTilt_20251011T183059,DSI,CSCO,CISCO SYSTEMS,clean,Information Technology,United States,0.92,2.685609,1.765609,UP
PragmaticTilt_20251011T183059,DSI,MRK,MERCK,clean,Health Care,United States,0.68,1.985015,1.305015,UP
PragmaticTilt_20251011T183059,DSI,MRK,MERCK,clean,Health Care,United States,0.68,1.985015,1.305015,UP
PragmaticTilt_20251011T183059,DSI,AMGN,AMGEN,clean,Health Care,United States,0.55,1.605527,1.0555269999999999,UP
PragmaticTilt_20251011T183059,DSI,ADI,ANALOG DEVICES,clean,Information Technology,United States,0.37,1.080082,0.710082,UP
PragmaticTilt_20251011T183059,DSI,TT,TRANE TECHNOLOGIES,clean,Industrials,United States,0.33,0.963316,0.633316,UP
PragmaticTilt_20251011T183059,DSI,NKE,NIKE,clean,Consumer Discretionary,United States,0.3,0.875742,0.575742,UP
PragmaticTilt_20251011T183059,DSI,INTC,INTEL,clean,Information Technology,United States,0.29,0.846551,0.556551,UP
PragmaticTilt_20251011T183059,DSI,NEM,NEWMONT,clean,Materials,United States,0.25,0.729785,0.479785,UP
PragmaticTilt_20251011T183059,DSI,NEM,NEWMONT,clean,Materials,United States,0.25,0.729785,0.479785,UP
PragmaticTilt_20251011T183059,DSI,ECL,ECOLAB,clean,Materials,United States,0.23,0.671402,0.44140200000000007,UP
PragmaticTilt_20251011T183059,DSI,ADSK,AUTODESK,clean,Information Technology,United States,0.22,0.642211,0.422211,UP
PragmaticTilt_20251011T183059,DSI,PWR,QUANTA SERVICES,clean,Industrials,United States,0.2,0.583828,0.383828,UP
PragmaticTilt_20251011T183059,DSI,KMB,KIMBERLY CLARK,clean,Consumer Staples,United States,0.15,0.437871,0.287871,UP
PragmaticTilt_20251011T183059,DSI,XYL,XYLEM,clean,Industrials,United States,0.12,0.350297,0.23029700000000003,UP
PragmaticTilt_20251011T183059,DSI,STT,STATE STREET,clean,Financials,United States,0.11,0.321105,0.211105,UP
PragmaticTilt_20251011T183059,DSI,VLTO,VERALTO,clean,Industrials,United States,0.09,0.262723,0.172723,UP
PragmaticTilt_20251011T183059,DSI,HPE,HEWLETT PACKARD ENTERPRISE,clean,Information Technology,United States,0.09,0.262723,0.172723,UP
PragmaticTilt_20251011T183059,DSI,HPQ,HP,clean,Information Technology,United States,0.08,0.233531,0.15353099999999997,UP
PragmaticTilt_20251011T183059,DSI,FSLR,FIRST SOLAR,clean,Information Technology,United States,0.06,0.175148,0.115148,UP
PragmaticTilt_20251011T183059,DSI,BALL,BALL,clean,Materials,United States,0.05,0.145957,0.095957,UP
PragmaticTilt_20251011T183059,DSI,RIVN,RIVIAN AUTOMOTIVE,clean,Consumer Discretionary,United States,0.03,0.087574,0.057574,UP
PragmaticTilt_20251011T183059,DSI,ALB,ALBEMARLE,clean,Materials,United States,0.03,0.087574,0.057574,UP
PragmaticTilt_20251011T183059,EMXF,2330,TAIWAN SEMICONDUCTOR MANUFACTURING,clean,Information Technology,Taiwan,5.64,5.340909,-0.2990909999999998,DOWN
PragmaticTilt_20251011T183059,EMXF,HDFCBANK,HDFC BANK,other,Financials,India,3.0,1.931818,-1.068182,DOWN
PragmaticTilt_20251011T183059,EMXF,660,SK HYNIX,other,Information Technology,Korea (South),2.37,0.350379,-2.019621,DOWN
PragmaticTilt_20251011T183059,EMXF,939,CHINA CONSTRUCTION BANK H,other,Financials,China,2.29,1.619318,-0.670682,DOWN
PragmaticTilt_20251011T183059,EMXF,3690,MEITUAN,other,Consumer Discretionary,China,1.8,1.704545,-0.09545500000000007,DOWN
PragmaticTilt_20251011T183059,EMXF,2454,MEDIATEK,other,Information Technology,Taiwan,1.63,1.373106,-0.25689399999999996,DOWN
PragmaticTilt_20251011T183059,EMXF,NPN,NASPERS,other,Consumer Discretionary,South Africa,1.22,1.155303,-0.064697,DOWN
PragmaticTilt_20251011T183059,EMXF,IDCBY,INDUSTRIAL AND COMMERCIAL BANK OF,other,Financials,China,1.2,1.136364,-0.06363600000000003,DOWN
PragmaticTilt_20251011T183059,EMXF,IDCBY,INDUSTRIAL AND COMMERCIAL BANK OF,other,Financials,China,1.2,1.136364,-0.06363600000000003,DOWN
PragmaticTilt_20251011T183059,EMXF,1120,AL RAJHI BANK,other,Financials,Saudi Arabia,1.17,1.107955,-0.062044999999999906,DOWN
PragmaticTilt_20251011T183059,EMXF,2318,PING AN INSURANCE OF CH,other,Financials,China,1.09,1.032197,-0.05780300000000005,DOWN
PragmaticTilt_20251011T183059,EMXF,9999,NETEASE,other,Communication,China,1.06,1.003788,-0.05621200000000015,DOWN
PragmaticTilt_20251011T183059,EMXF,2308,DELTA ELECTRONICS,other,Information Technology,Taiwan,0.99,0.9375,-0.05249999999999999,DOWN
PragmaticTilt_20251011T183059,EMXF,3988,BANK OF CHINA H,other,Financials,China,0.97,0.918561,-0.05143900000000001,DOWN
PragmaticTilt_20251011T183059,EMXF,2357,ASUSTEK COMPUTER,clean,Information Technology,Taiwan,0.38,1.079545,0.699545,UP
PragmaticTilt_20251011T183059,EMXF,EMIRATESNBD,EMIRATES NBD,clean,Financials,United Arab Emirates,0.32,0.909091,0.589091,UP
PragmaticTilt_20251011T183059,EMXF,373220,LG ENERGY SOLUTION,clean,Industrials,Korea (South),0.3,0.852273,0.552273,UP
PragmaticTilt_20251011T183059,EMXF,9868,XPENG,clean,Consumer Discretionary,China,0.29,0.823864,0.5338640000000001,UP
PragmaticTilt_20251011T183059,EMXF,6400,SAMSUNG SDI,clean,Information Technology,Korea (South),0.23,0.653409,0.42340900000000004,UP
PragmaticTilt_20251011T183059,EMXF,SUZLON,SUZLON ENERGY,clean,Industrials,India,0.16,0.454545,0.29454499999999995,UP
PragmaticTilt_20251011T183059,EMXF,17670,SK TELECOM,clean,Communication,Korea (South),0.05,0.142045,0.092045,UP
PragmaticTilt_20251011T183059,EMXF,2610,CHINA AIRLINES,clean,Industrials,Taiwan,0.05,0.142045,0.092045,UP
PragmaticTilt_20251011T183059,EMXF,968,XINYI SOLAR,clean,Information Technology,China,0.04,0.113636,0.07363600000000001,UP
PragmaticTilt_20251011T183059,EMXF,2633,TAIWAN HIGH SPEED RAIL,clean,Industrials,Taiwan,0.04,0.113636,0.07363600000000001,UP
PragmaticTilt_20251011T183059,ESGD,SAP,SAP,other,Information Technology,Germany,1.82,1.335351,-0.4846490000000001,DOWN
PragmaticTilt_20251011T183059,ESGD,SAP,SAP,other,Information Technology,Germany,1.82,1.620226,-0.19977400000000012,DOWN
PragmaticTilt_20251011T183059,ESGD,ASML,ASML HOLDING,other,Information Technology,Netherlands,1.62,1.442179,-0.177821,DOWN
PragmaticTilt_20251011T183059,ESGD,NOVN,NOVARTIS,other,Health Care,Switzerland,1.31,0.0,-1.31,DROP
PragmaticTilt_20251011T183059,ESGD,AZN,ASTRAZENECA,clean,Health Care,United Kingdom,1.23,3.284964,2.054964,UP
PragmaticTilt_20251011T183059,ESGD,HSBA,HSBC,controversial,Financials,United Kingdom,1.1,0.0,-1.1,DROP
PragmaticTilt_20251011T183059,ESGD,ABBN,ABB,clean,Industrials,Switzerland,1.05,2.804238,1.7542379999999997,UP
PragmaticTilt_20251011T183059,ESGD,SU,SCHNEIDER ELECTRIC,other,Industrials,France,1.04,0.810113,-0.22988700000000006,DOWN
PragmaticTilt_20251011T183059,ESGD,NESN,NESTLE,other,Consumer Staples,Switzerland,1.02,0.908039,-0.11196099999999998,DOWN
PragmaticTilt_20251011T183059,ESGD,CBA,COMMONWEALTH BANK OF AUSTRALIA,controversial,Financials,Australia,1.02,0.373898,-0.646102,DOWN
PragmaticTilt_20251011T183059,ESGD,SIE,SIEMENS N,other,Industrials,Germany,1.01,0.899136,-0.11086399999999996,DOWN
PragmaticTilt_20251011T183059,ESGD,6758,SONY,controversial,Consumer Discretionary,Japan,1.0,0.0,-1.0,DROP
PragmaticTilt_20251011T183059,ESGD,TTE,TOTALENERGIES,other,Energy,France,0.95,0.845722,-0.10427799999999998,DOWN
PragmaticTilt_20251011T183059,ESGD,ALV,ALLIANZ,other,Financials,Germany,0.89,0.792308,-0.097692,DOWN
PragmaticTilt_20251011T183059,ESGD,ALV,ALLIANZ,other,Financials,Germany,0.89,0.792308,-0.097692,DOWN
PragmaticTilt_20251011T183059,ESGD,ULVR,UNILEVER,controversial,Consumer Staples,United Kingdom,0.88,0.0,-0.88,DROP
PragmaticTilt_20251011T183059,ESGD,ZURN,ZURICH INSURANCE,other,Financials,Switzerland,0.88,0.783406,-0.09659399999999996,DOWN
PragmaticTilt_20251011T183059,ESGD,NOVO B,NOVO NORDISK,other,Health Care,Denmark,0.88,0.26707,-0.61293,DOWN
PragmaticTilt_20251011T183059,ESGD,IBE,IBERDROLA,clean,Utilities,Spain,0.81,2.163269,1.353269,UP
PragmaticTilt_20251011T183059,ESGD,REL,RELX,controversial,Industrials,United Kingdom,0.79,0.0,-0.79,DROP
PragmaticTilt_20251011T183059,ESGD,SAN,BANCO SANTANDER,other,Financials,Spain,0.78,0.373898,-0.406102,DOWN
PragmaticTilt_20251011T183059,ESGD,SAN,BANCO SANTANDER,other,Financials,Spain,0.78,0.0,-0.78,DROP
PragmaticTilt_20251011T183059,ESGD,SHEL,SHELL,controversial,Energy,United Kingdom,0.78,0.694383,-0.08561700000000005,DOWN
PragmaticTilt_20251011T183059,ESGD,8306,MITSUBISHI UFJ FINANCIAL,controversial,Financials,Japan,0.78,0.0,-0.78,DROP
PragmaticTilt_20251011T183059,ESGD,6501,HITACHI,other,Industrials,Japan,0.74,0.658773,-0.08122699999999994,DOWN
PragmaticTilt_20251011T183059,ESGD,BN,DANONE,controversial,Consumer Staples,France,0.74,0.0,-0.74,DROP
PragmaticTilt_20251011T183059,ESGD,BN,DANONE,controversial,Consumer Staples,France,0.74,0.0,-0.74,DROP
PragmaticTilt_20251011T183059,ESGD,7203,TOYOTA MOTOR,other,Consumer Discretionary,Japan,0.72,0.640969,-0.07903099999999996,DOWN
PragmaticTilt_20251011T183059,ESGD,7203,TOYOTA MOTOR,other,Consumer Discretionary,Japan,0.72,0.640969,-0.07903099999999996,DOWN
PragmaticTilt_20251011T183059,ESGD,CS,AXA,other,Financials,France,0.72,0.640969,-0.07903099999999996,DOWN
PragmaticTilt_20251011T183059,ESGD,MC,LVMH,controversial,Consumer Discretionary,France,0.71,0.0,-0.71,DROP
PragmaticTilt_20251011T183059,ESGD,UBSG,UBS,other,Financials,Switzerland,0.69,0.614262,-0.07573799999999997,DOWN
PragmaticTilt_20251011T183059,ESGD,8316,SUMITOMO MITSUI FINANCIAL IN,other,Financials,Japan,0.67,0.596457,-0.07354300000000003,DOWN
PragmaticTilt_20251011T183059,ESGD,OR,LOREAL,other,Consumer Staples,France,0.64,0.56975,-0.07025000000000003,DOWN
PragmaticTilt_20251011T183059,ESGD,ISP,INTESA SANPAOLO,other,Financials,Italy,0.62,0.551945,-0.06805499999999998,DOWN
PragmaticTilt_20251011T183059,ESGD,AIR,AIRBUS,other,Industrials,France,0.6,0.53414,-0.06586000000000003,DOWN
PragmaticTilt_20251011T183059,ESGD,AIR,AIRBUS,other,Industrials,France,0.6,0.53414,-0.06586000000000003,DOWN
PragmaticTilt_20251011T183059,ESGD,ROG,ROCHE HOLDING PAR,other,Health Care,Switzerland,0.6,0.53414,-0.06586000000000003,DOWN
PragmaticTilt_20251011T183059,ESGD,ROG,ROCHE HOLDING PAR,other,Health Care,Switzerland,0.6,0.53414,-0.06586000000000003,DOWN
PragmaticTilt_20251011T183059,ESGD,UCG,UNICREDIT,other,Financials,Italy,0.59,0.525238,-0.06476199999999999,DOWN
PragmaticTilt_20251011T183059,ESGD,EL,ESSILORLUXOTTICA,other,Health Care,France,0.59,0.525238,-0.06476199999999999,DOWN
PragmaticTilt_20251011T183059,ESGD,EL,ESSILORLUXOTTICA,other,Health Care,France,0.59,0.525238,-0.06476199999999999,DOWN
PragmaticTilt_20251011T183059,ESGD,MUV2,MUENCHENER RUECKVERSICHERUNGS GESE,other,Financials,Germany,0.58,0.516336,-0.06366399999999994,DOWN
PragmaticTilt_20251011T183059,ESGD,BBVA,BANCO BILBAO VIZCAYA ARGENTARIA,other,Financials,Spain,0.56,0.498531,-0.06146900000000005,DOWN
PragmaticTilt_20251011T183059,ESGD,8001,ITOCHU,controversial,Industrials,Japan,0.56,0.0,-0.56,DROP
PragmaticTilt_20251011T183059,ESGD,6098,RECRUIT,other,Industrials,Japan,0.55,0.489629,-0.060371000000000064,DOWN
PragmaticTilt_20251011T183059,ESGD,CSL,CSL,other,Health Care,Australia,0.54,0.480726,-0.05927400000000005,DOWN
PragmaticTilt_20251011T183059,ESGD,CSL,CSL,other,Health Care,Australia,0.54,0.480726,-0.05927400000000005,DOWN
PragmaticTilt_20251011T183059,ESGD,G,ASSICURAZIONI GENERALI,other,Financials,Italy,0.54,0.480726,-0.05927400000000005,DOWN
PragmaticTilt_20251011T183059,ESGD,G,ASSICURAZIONI GENERALI,other,Financials,Italy,0.54,0.480726,-0.05927400000000005,DOWN
PragmaticTilt_20251011T183059,ESGD,1299,AIA,other,Financials,Hong Kong,0.54,0.480726,-0.05927400000000005,DOWN
PragmaticTilt_20251011T183059,ESGD,9433,KDDI,other,Communication,Japan,0.52,0.462922,-0.05707800000000002,DOWN
PragmaticTilt_20251011T183059,ESGD,RHM,RHEINMETALL,controversial,Industrials,Germany,0.52,0.462922,-0.05707800000000002,DOWN
PragmaticTilt_20251011T183059,ESGD,BN4,KEPPEL,controversial,Industrials,Singapore,0.52,0.053414,-0.466586,DOWN
PragmaticTilt_20251011T183059,ESGD,66,MTR,other,Industrials,Hong Kong,0.51,0.454019,-0.055981,DOWN
PragmaticTilt_20251011T183059,ESGD,8035,TOKYO ELECTRON,other,Information Technology,Japan,0.5,0.445117,-0.054883000000000015,DOWN
PragmaticTilt_20251011T183059,ESGD,RR.,ROLLS ROYCE,controversial,Industrials,United Kingdom,0.5,0.445117,-0.054883000000000015,DOWN
PragmaticTilt_20251011T183059,ESGD,DB1,DEUTSCHE BOERSE,other,Financials,Germany,0.49,0.436215,-0.05378499999999997,DOWN
PragmaticTilt_20251011T183059,ESGD,SPOT,SPOTIFY TECHNOLOGY,other,Communication,Sweden,0.48,0.427312,-0.05268799999999996,DOWN
PragmaticTilt_20251011T183059,ESGD,III,3I,other,Financials,United Kingdom,0.48,0.427312,-0.05268799999999996,DOWN
PragmaticTilt_20251011T183059,ESGD,NG.,NATIONAL GRID,controversial,Utilities,United Kingdom,0.48,0.0,-0.48,DROP
PragmaticTilt_20251011T183059,ESGD,8411,MIZUHO FINANCIAL,other,Financials,Japan,0.47,0.41841,-0.05158999999999997,DOWN
PragmaticTilt_20251011T183059,ESGD,PRX,PROSUS,other,Consumer Discretionary,Netherlands,0.47,0.41841,-0.05158999999999997,DOWN
PragmaticTilt_20251011T183059,ESGD,BNP,BNP PARIBAS,controversial,Financials,France,0.47,0.41841,-0.05158999999999997,DOWN
PragmaticTilt_20251011T183059,ESGD,9434.T,SOFTBANK,clean,Communication,Japan,0.47,1.25523,0.7852300000000001,UP
PragmaticTilt_20251011T183059,ESGD,ALC,ALCON,other,Health Care,Switzerland,0.46,0.409508,-0.05049200000000004,DOWN
PragmaticTilt_20251011T183059,ESGD,5108,BRIDGESTONE,clean,Consumer Discretionary,Japan,0.39,1.041574,0.651574,UP
PragmaticTilt_20251011T183059,ESGD,BXB,BRAMBLES,clean,Industrials,Australia,0.3,0.801211,0.5012110000000001,UP
PragmaticTilt_20251011T183059,ESGD,SSE,SSE,controversial,Utilities,United Kingdom,0.27,0.044512,-0.22548800000000002,DOWN
PragmaticTilt_20251011T183059,ESGD,9CI,CAPITALAND INVESTMENT,clean,Real Estate,Singapore,0.23,0.614262,0.384262,UP
PragmaticTilt_20251011T183059,ESGD,4503,ASTELLAS PHARMA,clean,Health Care,Japan,0.21,0.560848,0.35084800000000005,UP
PragmaticTilt_20251011T183059,ESGD,KER,KERING,clean,Consumer Discretionary,France,0.2,0.53414,0.33413999999999994,UP
PragmaticTilt_20251011T183059,ESGD,SAN,SANOFI,clean,Health Care,France,0.19,0.507433,0.317433,UP
PragmaticTilt_20251011T183059,ESGD,SAN,SANOFI,clean,Health Care,France,0.19,0.507433,0.317433,UP
PragmaticTilt_20251011T183059,ESGD,6752,PANASONIC,clean,Consumer Discretionary,Japan,0.17,0.454019,0.284019,UP
PragmaticTilt_20251011T183059,ESGD,7752,RICOH,clean,Information Technology,Japan,0.16,0.427312,0.267312,UP
PragmaticTilt_20251011T183059,ESGD,DG,VINCI,clean,Industrials,France,0.15,0.400605,0.25060499999999997,UP
PragmaticTilt_20251011T183059,ESGD,DG,VINCI,clean,Industrials,France,0.15,0.400605,0.25060499999999997,UP
PragmaticTilt_20251011T183059,ESGD,4523,EISAI,clean,Health Care,Japan,0.15,0.400605,0.25060499999999997,UP
PragmaticTilt_20251011T183059,ESGD,VER,VERBUND,clean,Utilities,Austria,0.11,0.293777,0.18377700000000002,UP
PragmaticTilt_20251011T183059,ESGD,ALO,ALSTOM,clean,Industrials,France,0.11,0.293777,0.18377700000000002,UP
PragmaticTilt_20251011T183059,ESGE,2330,TAIWAN SEMICONDUCTOR MANUFACTURING,clean,Information Technology,Taiwan,11.01,10.588575,-0.4214249999999993,DOWN
PragmaticTilt_20251011T183059,ESGE,700,TENCENT,other,Communication,China,4.74,2.038854,-2.701146,DOWN
PragmaticTilt_20251011T183059,ESGE,5930,SAMSUNG ELECTRONICS,other,Information Technology,Korea (South),2.77,1.375264,-1.394736,DOWN
PragmaticTilt_20251011T183059,ESGE,9988,ALIBABA HOLDING,other,Consumer Discretionary,China,2.59,2.490864,-0.09913599999999967,DOWN
PragmaticTilt_20251011T183059,ESGE,HDFCBANK,HDFC BANK,other,Financials,India,1.71,1.644547,-0.06545299999999998,DOWN
PragmaticTilt_20251011T183059,ESGE,939,CHINA CONSTRUCTION BANK H,other,Financials,China,1.7,1.63493,-0.06506999999999996,DOWN
PragmaticTilt_20251011T183059,ESGE,RELIANCE,RELIANCE INDUSTRIES,controversial,Energy,India,1.42,1.115599,-0.3044009999999999,DOWN
PragmaticTilt_20251011T183059,ESGE,992,LENOVO,clean,Information Technology,China,0.38,1.096365,0.716365,UP
PragmaticTilt_20251011T183059,ESGE,ENELCHILE,ENEL CHILE,controversial,Utilities,Chile,0.37,0.0,-0.37,DROP
PragmaticTilt_20251011T183059,ESGE,EGIE3,ENGIE BRASIL ENERGIA,clean,Utilities,Brazil,0.29,0.836699,0.546699,UP
PragmaticTilt_20251011T183059,ESGE,9868,XPENG,clean,Consumer Discretionary,China,0.27,0.778996,0.508996,UP
PragmaticTilt_20251011T183059,ESGE,2353,ACER,clean,Information Technology,Taiwan,0.26,0.750144,0.490144,UP
PragmaticTilt_20251011T183059,ESGE,175,GEELY AUTOMOBILE,clean,Consumer Discretionary,China,0.25,0.721293,0.47129299999999996,UP
PragmaticTilt_20251011T183059,ESGE,POWERGRID,POWER GRID OF INDIA LT,other,Utilities,India,0.25,0.0,-0.25,DROP
PragmaticTilt_20251011T183059,ESGE,ENELAM,ENEL AMERICAS,clean,Utilities,Chile,0.21,0.605886,0.39588600000000007,UP
PragmaticTilt_20251011T183059,ESGE,2688,ENN ENERGY,controversial,Utilities,China,0.2,0.0,-0.2,DROP
PragmaticTilt_20251011T183059,ESGE,9866,NIO,clean,Consumer Discretionary,China,0.16,0.461627,0.301627,UP
PragmaticTilt_20251011T183059,ESGE,17670,SK TELECOM,clean,Communication,Korea (South),0.14,0.403924,0.263924,UP
PragmaticTilt_20251011T183059,ESGE,6400,SAMSUNG SDI,clean,Information Technology,Korea (South),0.14,0.403924,0.263924,UP
PragmaticTilt_20251011T183059,ESGE,51910,LG CHEM,clean,Materials,Korea (South),0.14,0.403924,0.263924,UP
PragmaticTilt_20251011T183059,ESGE,SUZLON,SUZLON ENERGY,clean,Industrials,India,0.13,0.375072,0.245072,UP
PragmaticTilt_20251011T183059,ESGE,2357,ASUSTEK COMPUTER,clean,Information Technology,Taiwan,0.13,0.375072,0.245072,UP
PragmaticTilt_20251011T183059,ESGE,BHARTIARTL,BHARTI AIRTEL,clean,Communication,India,0.11,0.317369,0.20736900000000003,UP
PragmaticTilt_20251011T183059,ESGE,2082,ACWA POWER,controversial,Utilities,Saudi Arabia,0.11,0.0,-0.11,DROP
PragmaticTilt_20251011T183059,ESGE,TORNTPOWER,TORRENT POWER,controversial,Utilities,India,0.09,0.028852,-0.061147999999999994,DOWN
PragmaticTilt_20251011T183059,ESGU,NVDA,NVIDIA,other,Information Technology,United States,8.1,0.0,-8.1,DROP
PragmaticTilt_20251011T183059,ESGU,MSFT,MICROSOFT,clean,Information Technology,United States,6.77,0.0,-6.77,DROP
PragmaticTilt_20251011T183059,ESGU,AAPL,APPLE,clean,Information Technology,United States,5.43,5.266731,-0.16326899999999966,DOWN
PragmaticTilt_20251011T183059,ESGU,GOOG,ALPHABET,clean,Communication,United States,3.72,4.752667,1.0326669999999996,UP
PragmaticTilt_20251011T183059,ESGU,AMZN,AMAZON COM,controversial,Consumer Discretionary,United States,3.61,3.501455,-0.10854499999999989,DOWN
PragmaticTilt_20251011T183059,ESGU,META,META PLATFORMS,other,Communication,United States,2.86,2.774006,-0.0859939999999999,DOWN
PragmaticTilt_20251011T183059,ESGU,AVGO,BROADCOM,clean,Information Technology,United States,2.42,4.849661,2.4296610000000003,UP
PragmaticTilt_20251011T183059,ESGU,TSLA,TESLA,clean,Consumer Discretionary,United States,1.62,4.71387,3.09387,UP
PragmaticTilt_20251011T183059,ESGU,ABBV,ABBVIE,clean,Health Care,United States,0.66,1.920466,1.260466,UP
PragmaticTilt_20251011T183059,ESGU,AMD,ADVANCED MICRO DEVICES,clean,Information Technology,United States,0.54,1.57129,1.03129,UP
PragmaticTilt_20251011T183059,ESGU,CSCO,CISCO SYSTEMS,clean,Information Technology,United States,0.53,1.483996,0.9539960000000001,UP
PragmaticTilt_20251011T183059,ESGU,TT,TRANE TECHNOLOGIES,clean,Industrials,United States,0.38,1.105723,0.725723,UP
PragmaticTilt_20251011T183059,ESGU,MRK,MERCK,clean,Health Care,United States,0.32,0.931135,0.611135,UP
PragmaticTilt_20251011T183059,ESGU,MRK,MERCK,clean,Health Care,United States,0.32,0.931135,0.611135,UP
PragmaticTilt_20251011T183059,ESGU,ADI,ANALOG DEVICES,clean,Information Technology,United States,0.31,0.902037,0.5920369999999999,UP
PragmaticTilt_20251011T183059,ESGU,AMGN,AMGEN,clean,Health Care,United States,0.28,0.814743,0.534743,UP
PragmaticTilt_20251011T183059,ESGU,T,AT T,clean,Communication,United States,0.27,0.785645,0.515645,UP
PragmaticTilt_20251011T183059,ESGU,T,AT T,clean,Communication,United States,0.27,0.785645,0.515645,UP
PragmaticTilt_20251011T183059,ESGU,VLTO,VERALTO,clean,Industrials,United States,0.25,0.407371,0.15737099999999998,UP
PragmaticTilt_20251011T183059,ESML,USFD,US FOODS HOLDING,controversial,Consumer Staples,United States,0.61,0.0,-0.61,DROP
PragmaticTilt_20251011T183059,ESML,TPR,TAPESTRY,controversial,Consumer Discretionary,United States,0.5,0.0,-0.5,DROP
PragmaticTilt_20251011T183059,ESML,FTI,TECHNIPFMC,controversial,Energy,United States,0.4,0.0,-0.4,DROP
PragmaticTilt_20251011T183059,ESML,OVV,OVINTIV,controversial,Energy,United States,0.37,0.195886,-0.174114,DOWN
PragmaticTilt_20251011T183059,ESML,CMC,COMMERCIAL METALS,clean,Materials,United States,0.16,0.470127,0.31012700000000004,UP
PragmaticTilt_20251011T183059,ESML,ALB,ALBEMARLE,clean,Materials,United States,0.15,0.440744,0.290744,UP
PragmaticTilt_20251011T183059,ESML,DAR,DARLING INGREDIENTS,clean,Consumer Staples,United States,0.13,0.381978,0.251978,UP
PragmaticTilt_20251011T183059,ESML,SON,SONOCO PRODUCTS,clean,Materials,United States,0.1,0.29383,0.19382999999999997,UP
PragmaticTilt_20251011T183059,ESML,ZZ_GR289,GREIF,clean,Materials,United States,0.08,0.235064,0.15506399999999998,UP
PragmaticTilt_20251011T183059,ESML,ZZ_GR289,GREIF,clean,Materials,United States,0.06,0.176298,0.11629800000000001,UP
PragmaticTilt_20251011T183059,ESML,SEDG,SOLAREDGE TECHNOLOGIES,clean,Information Technology,United States,0.06,0.176298,0.11629800000000001,UP
PragmaticTilt_20251011T183059,ESML,CLH,CLEAN HARBORS,clean,Industrials,United States,0.06,0.176298,0.11629800000000001,UP
PragmaticTilt_20251011T183059,ESML,XRX,XEROX,clean,Information Technology,United States,0.04,0.117532,0.07753199999999999,UP
PragmaticTilt_20251011T183059,ICLN,FSLR,FIRST SOLAR,clean,Information Technology,United States,8.9,8.552758,-0.3472419999999996,DOWN
PragmaticTilt_20251011T183059,ICLN,VWS,VESTAS WIND SYSTEMS,other,Industrials,Denmark,6.4,4.045743,-2.3542570000000005,DOWN
PragmaticTilt_20251011T183059,ICLN,IBE,IBERDROLA,clean,Utilities,Spain,5.9,5.669806,-0.230194,DOWN
PragmaticTilt_20251011T183059,ICLN,SSE,SSE,controversial,Utilities,United Kingdom,5.8,0.0,-5.8,DROP
PragmaticTilt_20251011T183059,ICLN,EDP,EDP ENERGIAS DE PORTUGAL,controversial,Utilities,Portugal,4.33,0.951374,-3.378626,DOWN
PragmaticTilt_20251011T183059,ICLN,NXT,NEXTRACKER,other,Industrials,United States,3.8,2.287142,-1.512858,DOWN
PragmaticTilt_20251011T183059,ICLN,NXT,NEXTRACKER,other,Industrials,United States,3.8,3.651739,-0.14826099999999975,DOWN
PragmaticTilt_20251011T183059,ICLN,600900,CHINA YANGTZE POWER A,other,Utilities,China,3.6,1.345378,-2.2546220000000003,DOWN
PragmaticTilt_20251011T183059,ICLN,BE,BLOOM ENERGY,other,Industrials,United States,3.42,3.286565,-0.13343499999999997,DOWN
PragmaticTilt_20251011T183059,ICLN,9502,CHUBU ELECTRIC POWER,controversial,Utilities,Japan,3.3,3.171247,-0.12875299999999967,DOWN
PragmaticTilt_20251011T183059,ICLN,EQTL3,EQUATORIAL,controversial,Utilities,Brazil,3.07,2.950221,-0.11977899999999986,DOWN
PragmaticTilt_20251011T183059,ICLN,ORSTED,OERSTED,other,Utilities,Denmark,3.03,2.911782,-0.11821799999999971,DOWN
PragmaticTilt_20251011T183059,ICLN,SUZLON,SUZLON ENERGY,clean,Industrials,India,2.81,4.80492,1.99492,UP
PragmaticTilt_20251011T183059,ICLN,ORA,ORMAT TECH,other,Utilities,United States,2.39,2.296752,-0.093248,DOWN
PragmaticTilt_20251011T183059,ICLN,ELET3,CENTRAIS ELETR BRAS ELETROBRAS,other,Utilities,Brazil,2.21,2.123775,-0.08622499999999977,DOWN
PragmaticTilt_20251011T183059,ICLN,ENPH,ENPHASE ENERGY,other,Information Technology,United States,1.95,1.508745,-0.44125499999999995,DOWN
PragmaticTilt_20251011T183059,ICLN,EDPR,EDP RENOVAVEIS,clean,Utilities,Portugal,1.52,4.382087,2.8620870000000003,UP
PragmaticTilt_20251011T183059,ICLN,NDX1,NORDEX,other,Industrials,Germany,1.51,1.451086,-0.05891399999999991,DOWN
PragmaticTilt_20251011T183059,ICLN,NPI,NORTHLAND POWER,other,Utilities,Canada,1.42,1.364597,-0.05540299999999987,DOWN
PragmaticTilt_20251011T183059,ICLN,NHPC,NHPC,other,Utilities,India,1.39,1.335768,-0.054231999999999836,DOWN
PragmaticTilt_20251011T183059,ICLN,VER,VERBUND,clean,Utilities,Austria,1.14,3.286565,2.146565,UP
PragmaticTilt_20251011T183059,ICLN,EGIE3,ENGIE BRASIL ENERGIA,clean,Utilities,Brazil,0.86,2.479339,1.619339,UP
PragmaticTilt_20251011T183059,ICLN,968,XINYI SOLAR,clean,Information Technology,China,0.85,2.450509,1.6005089999999997,UP
PragmaticTilt_20251011T183059,ICLN,9830,HANWHA SOLUTIONS,clean,Materials,Korea (South),0.81,1.989237,1.1792369999999999,UP
PragmaticTilt_20251011T183059,ICLN,SEDG,SOLAREDGE TECHNOLOGIES,clean,Information Technology,United States,0.71,2.046896,1.3368959999999999,UP
PragmaticTilt_20251011T183059,ICLN,CPFE3,CPFL ENERGIA,clean,Utilities,Brazil,0.6,1.729771,1.1297709999999999,UP
PragmaticTilt_20251011T183059,ICLN,9958,CENTURY IRON AND STEEL INDUSTRIAL,other,Materials,Taiwan,0.58,0.0,-0.58,DROP
PragmaticTilt_20251011T183059,ICLN,ENELAM,ENEL AMERICAS,clean,Utilities,Chile,0.45,1.297328,0.8473280000000001,UP
PragmaticTilt_20251011T183059,ICLN,112610,CS WIND,other,Industrials,Korea (South),0.38,0.0,-0.38,DROP
PragmaticTilt_20251011T183059,ICLN,336260,DOOSAN FUEL CELL,other,Industrials,Korea (South),0.3,0.0,-0.3,DROP
PragmaticTilt_20251011T183059,ICLN,CSIQ,CANADIAN SOLAR,clean,Information Technology,China,0.25,0.720738,0.470738,UP
PragmaticTilt_20251011T183059,ICLN,S92,SMA SOLAR TECHNOLOGY,clean,Information Technology,Germany,0.19,0.547761,0.35776100000000005,UP
PragmaticTilt_20251011T183059,LCTD,HSBA,HSBC,controversial,Financials,United Kingdom,1.77,0.0,-1.77,DROP
PragmaticTilt_20251011T183059,LCTD,SAP,SAP,other,Information Technology,Germany,1.51,1.235775,-0.27422499999999994,DOWN
PragmaticTilt_20251011T183059,LCTD,SAP,SAP,other,Information Technology,Germany,1.51,1.342461,-0.1675390000000001,DOWN
PragmaticTilt_20251011T183059,LCTD,AZN,ASTRAZENECA,clean,Health Care,United Kingdom,1.42,3.78734,2.36734,UP
PragmaticTilt_20251011T183059,LCTD,SIE,SIEMENS N,other,Industrials,Germany,1.34,0.0,-1.34,DROP
PragmaticTilt_20251011T183059,LCTD,IBE,IBERDROLA,clean,Utilities,Spain,1.28,3.41394,2.13394,UP
PragmaticTilt_20251011T183059,LCTD,ALV,ALLIANZ,other,Financials,Germany,1.26,0.542319,-0.717681,DOWN
PragmaticTilt_20251011T183059,LCTD,ALV,ALLIANZ,other,Financials,Germany,1.26,1.120199,-0.13980100000000006,DOWN
PragmaticTilt_20251011T183059,LCTD,SU,SCHNEIDER ELECTRIC,other,Industrials,France,1.25,0.0,-1.25,DROP
PragmaticTilt_20251011T183059,LCTD,CM,CANADIAN IMPERIAL BANK OF COMMERCE,other,Financials,Canada,1.23,0.0,-1.23,DROP
PragmaticTilt_20251011T183059,LCTD,RY,ROYAL BANK OF CANADA,other,Financials,Canada,1.23,0.0,-1.23,DROP
PragmaticTilt_20251011T183059,LCTD,6501,HITACHI,other,Industrials,Japan,1.23,0.0,-1.23,DROP
PragmaticTilt_20251011T183059,LCTD,NESN,NESTLE,controversial,Consumer Staples,Switzerland,1.21,1.075747,-0.13425299999999996,DOWN
PragmaticTilt_20251011T183059,LCTD,ASML,ASML HOLDING,other,Information Technology,Netherlands,1.2,1.066856,-0.13314399999999993,DOWN
PragmaticTilt_20251011T183059,LCTD,WSP,WSP GLOBAL,clean,Industrials,Canada,1.1,2.933855,1.8338549999999998,UP
PragmaticTilt_20251011T183059,LCTD,CBA,COMMONWEALTH BANK OF AUSTRALIA,controversial,Financials,Australia,1.08,0.0,-1.08,DROP
PragmaticTilt_20251011T183059,LCTD,AIR,AIRBUS,other,Industrials,France,1.05,0.0,-1.05,DROP
PragmaticTilt_20251011T183059,LCTD,AIR,AIRBUS,other,Industrials,France,1.05,0.0,-1.05,DROP
PragmaticTilt_20251011T183059,LCTD,ACA,CREDIT AGRICOLE,other,Financials,France,0.99,0.0,-0.99,DROP
PragmaticTilt_20251011T183059,LCTD,ACA,CREDIT AGRICOLE,other,Financials,France,0.99,0.417852,-0.572148,DOWN
PragmaticTilt_20251011T183059,LCTD,TCL,TRANSURBAN STAPLED UNITS,other,Industrials,Australia,0.91,0.809033,-0.10096700000000003,DOWN
PragmaticTilt_20251011T183059,LCTD,ISP,INTESA SANPAOLO,other,Financials,Italy,0.9,0.800142,-0.099858,DOWN
PragmaticTilt_20251011T183059,LCTD,SAN,SANOFI,clean,Health Care,France,0.89,2.373755,1.483755,UP
PragmaticTilt_20251011T183059,LCTD,SAN,SANOFI,clean,Health Care,France,0.89,2.373755,1.483755,UP
PragmaticTilt_20251011T183059,LCTD,SHEL,SHELL,controversial,Energy,United Kingdom,0.88,0.0,-0.88,DROP
PragmaticTilt_20251011T183059,LCTD,1299,AIA,other,Financials,Hong Kong,0.88,0.782361,-0.09763900000000003,DOWN
PragmaticTilt_20251011T183059,LCTD,TTE,TOTALENERGIES,other,Energy,France,0.86,0.76458,-0.09541999999999995,DOWN
PragmaticTilt_20251011T183059,LCTD,ROG,ROCHE HOLDING PAR,other,Health Care,Switzerland,0.85,0.75569,-0.09431,DOWN
PragmaticTilt_20251011T183059,LCTD,ROG,ROCHE HOLDING PAR,other,Health Care,Switzerland,0.85,0.746799,-0.10320099999999999,DOWN
PragmaticTilt_20251011T183059,LCTD,ORK,ORKLA,other,Consumer Staples,Norway,0.84,0.746799,-0.09320099999999998,DOWN
PragmaticTilt_20251011T183059,LCTD,4901,FUJIFILM,other,Information Technology,Japan,0.83,0.737909,-0.09209099999999992,DOWN
PragmaticTilt_20251011T183059,LCTD,MC,LVMH,other,Consumer Discretionary,France,0.82,0.729018,-0.0909819999999999,DOWN
PragmaticTilt_20251011T183059,LCTD,WBC,WESTPAC BANKING,controversial,Financials,Australia,0.81,0.0,-0.81,DROP
PragmaticTilt_20251011T183059,LCTD,DGE,DIAGEO,other,Consumer Staples,United Kingdom,0.79,0.702347,-0.08765299999999998,DOWN
PragmaticTilt_20251011T183059,LCTD,BXB,BRAMBLES,clean,Industrials,Australia,0.77,2.053698,1.2836979999999998,UP
PragmaticTilt_20251011T183059,LCTD,MQG,MACQUARIE DEF,other,Financials,Australia,0.76,0.675676,-0.08432399999999995,DOWN
PragmaticTilt_20251011T183059,LCTD,4452,KAO,controversial,Consumer Staples,Japan,0.76,0.0,-0.76,DROP
PragmaticTilt_20251011T183059,LCTD,8316,SUMITOMO MITSUI FINANCIAL IN,other,Financials,Japan,0.76,0.675676,-0.08432399999999995,DOWN
PragmaticTilt_20251011T183059,LCTD,OR,LOREAL,other,Consumer Staples,France,0.74,0.657895,-0.08210499999999998,DOWN
PragmaticTilt_20251011T183059,LCTD,WPM,WHEATON PRECIOUS METALS,other,Materials,Canada,0.74,0.657895,-0.08210499999999998,DOWN
PragmaticTilt_20251011T183059,LCTD,FNV,FRANCO NEVADA,other,Materials,Canada,0.73,0.649004,-0.08099599999999996,DOWN
PragmaticTilt_20251011T183059,LCTD,EQT,EQT,other,Financials,Sweden,0.71,0.631223,-0.07877699999999999,DOWN
PragmaticTilt_20251011T183059,LCTD,EQT,EQT,other,Financials,Sweden,0.71,0.631223,-0.07877699999999999,DOWN
PragmaticTilt_20251011T183059,LCTD,1925,DAIWA HOUSE INDUSTRY,controversial,Real Estate,Japan,0.66,0.0,-0.66,DROP
PragmaticTilt_20251011T183059,LCTD,SLHN,SWISS LIFE HOLDING,other,Financials,Switzerland,0.65,0.577881,-0.07211900000000004,DOWN
PragmaticTilt_20251011T183059,LCTD,G1A,GEA,other,Industrials,Germany,0.64,0.56899,-0.07101000000000002,DOWN
PragmaticTilt_20251011T183059,LCTD,ITX,INDUSTRIA DE DISENO TEXTIL INDITEX,other,Consumer Discretionary,Spain,0.64,0.0,-0.64,DROP
PragmaticTilt_20251011T183059,LCTD,GSK,GLAXOSMITHKLINE,other,Health Care,United Kingdom,0.63,0.5601,-0.06989999999999996,DOWN
PragmaticTilt_20251011T183059,LCTD,REL,RELX,controversial,Industrials,United Kingdom,0.62,0.0,-0.62,DROP
PragmaticTilt_20251011T183059,LCTD,SHOP,SHOPIFY SUBORDINATE VOTING,other,Information Technology,Canada,0.61,0.542319,-0.06768099999999999,DOWN
PragmaticTilt_20251011T183059,LCTD,MBG,MERCEDES BENZ N,other,Consumer Discretionary,Germany,0.6,0.533428,-0.06657199999999996,DOWN
PragmaticTilt_20251011T183059,LCTD,T,TELUS,clean,Communication,Canada,0.6,1.600284,1.0002840000000002,UP
PragmaticTilt_20251011T183059,LCTD,T,TELUS,clean,Communication,Canada,0.6,1.600284,1.0002840000000002,UP
PragmaticTilt_20251011T183059,LCTD,XTSLA,BLK CSH FND TREASURY SL AGENCY,other,Cash and/or Derivatives,United States,0.6,0.533428,-0.06657199999999996,DOWN
PragmaticTilt_20251011T183059,LCTD,LLOY,LLOYDS BANKING,other,Financials,United Kingdom,0.6,0.533428,-0.06657199999999996,DOWN
PragmaticTilt_20251011T183059,LCTD,BP.,BP,controversial,Energy,United Kingdom,0.58,0.160028,-0.41997199999999996,DOWN
PragmaticTilt_20251011T183059,LCTD,RMS,HERMES INTERNATIONAL,other,Consumer Discretionary,France,0.58,0.515647,-0.064353,DOWN
PragmaticTilt_20251011T183059,LCTD,NOVO B,NOVO NORDISK,other,Health Care,Denmark,0.57,0.506757,-0.06324299999999994,DOWN
PragmaticTilt_20251011T183059,LCTD,6758,SONY,controversial,Consumer Discretionary,Japan,0.55,0.0,-0.55,DROP
PragmaticTilt_20251011T183059,LCTD,D05,DBS,controversial,Financials,Singapore,0.54,0.480085,-0.05991500000000005,DOWN
PragmaticTilt_20251011T183059,LCTD,ENGI,ENGIE,controversial,Utilities,France,0.53,0.0,-0.53,DROP
PragmaticTilt_20251011T183059,LCTD,PRX,PROSUS,other,Consumer Discretionary,Netherlands,0.53,0.471195,-0.05880500000000005,DOWN
PragmaticTilt_20251011T183059,LCTD,LSEG,LONDON STOCK EXCHANGE,other,Financials,United Kingdom,0.53,0.471195,-0.05880500000000005,DOWN
PragmaticTilt_20251011T183059,LCTD,UBSG,UBS,other,Financials,Switzerland,0.52,0.462304,-0.057696000000000025,DOWN
PragmaticTilt_20251011T183059,LCTD,3402,TORAY INDUSTRIES,other,Materials,Japan,0.51,0.453414,-0.056586000000000025,DOWN
PragmaticTilt_20251011T183059,LCTD,CBK,COMMERZBANK,controversial,Financials,Germany,0.51,0.453414,-0.056586000000000025,DOWN
PragmaticTilt_20251011T183059,LCTD,EDP,EDP ENERGIAS DE PORTUGAL,controversial,Utilities,Portugal,0.51,0.0,-0.51,DROP
PragmaticTilt_20251011T183059,LCTD,ENR,SIEMENS ENERGY N,other,Industrials,Germany,0.51,0.453414,-0.056586000000000025,DOWN
PragmaticTilt_20251011T183059,LCTD,MFC,MANULIFE FINANCIAL,clean,Financials,Canada,0.5,1.33357,0.8335699999999999,UP
PragmaticTilt_20251011T183059,LCTD,ADM,ADMIRAL,other,Financials,United Kingdom,0.49,0.435633,-0.054367,DOWN
PragmaticTilt_20251011T183059,LCTD,ADM,ADMIRAL,other,Financials,United Kingdom,0.49,0.435633,-0.054367,DOWN
PragmaticTilt_20251011T183059,LCTD,3092,ZOZO,other,Consumer Discretionary,Japan,0.49,0.435633,-0.054367,DOWN
PragmaticTilt_20251011T183059,LCTD,ENB,ENBRIDGE,controversial,Energy,Canada,0.49,0.435633,-0.054367,DOWN
PragmaticTilt_20251011T183059,LCTD,4307,NOMURA RESEARCH INSTITUTE,other,Information Technology,Japan,0.49,0.435633,-0.054367,DOWN
PragmaticTilt_20251011T183059,LCTD,ZURN,ZURICH INSURANCE,other,Financials,Switzerland,0.48,0.426743,-0.053257,DOWN
PragmaticTilt_20251011T183059,LCTD,III,3I,other,Financials,United Kingdom,0.48,0.426743,-0.053257,DOWN
PragmaticTilt_20251011T183059,LCTD,8306,MITSUBISHI UFJ FINANCIAL,controversial,Financials,Japan,0.48,0.0,-0.48,DROP
PragmaticTilt_20251011T183059,LCTD,UCB,UCB,other,Health Care,Belgium,0.48,0.426743,-0.053257,DOWN
PragmaticTilt_20251011T183059,LCTD,UCB,UCB,other,Health Care,Belgium,0.48,0.426743,-0.053257,DOWN
PragmaticTilt_20251011T183059,LCTD,,NATIONAL BANK OF CANADA,other,Financials,Canada,0.47,0.417852,-0.05214799999999997,DOWN
PragmaticTilt_20251011T183059,LCTD,4503,ASTELLAS PHARMA,clean,Health Care,Japan,0.47,1.253556,0.7835559999999999,UP
PragmaticTilt_20251011T183059,LCTD,PHIA,KONINKLIJKE PHILIPS,other,Health Care,Netherlands,0.47,0.417852,-0.05214799999999997,DOWN
PragmaticTilt_20251011T183059,LCTD,SAN,BANCO SANTANDER,other,Financials,Spain,0.46,0.0,-0.46,DROP
PragmaticTilt_20251011T183059,LCTD,SAN,BANCO SANTANDER,other,Financials,Spain,0.46,0.0,-0.46,DROP
PragmaticTilt_20251011T183059,LCTD,6857,ADVANTEST,other,Information Technology,Japan,0.46,0.408962,-0.05103800000000003,DOWN
PragmaticTilt_20251011T183059,LCTD,STN,STANTEC,clean,Industrials,Canada,0.36,0.960171,0.600171,UP
PragmaticTilt_20251011T183059,LCTD,7733,OLYMPUS,clean,Health Care,Japan,0.32,0.853485,0.533485,UP
PragmaticTilt_20251011T183059,LCTD,BEPC,BROOKFIELD RENEWABLE SUBORDINATE V,other,Utilities,Canada,0.22,0.0,-0.22,DROP
PragmaticTilt_20251011T183059,LCTD,4204,SEKISUI CHEMICAL,clean,Industrials,Japan,0.21,0.5601,0.3501000000000001,UP
PragmaticTilt_20251011T183059,LCTD,CNR,CANADIAN NATIONAL RAILWAY,clean,Industrials,Canada,0.21,0.5601,0.3501000000000001,UP
PragmaticTilt_20251011T183059,LCTD,BT.A,BT,clean,Communication,United Kingdom,0.2,0.533428,0.333428,UP
PragmaticTilt_20251011T183059,LCTD,5802,SUMITOMO ELECTRIC INDUSTRIES,clean,Consumer Discretionary,Japan,0.18,0.480085,0.300085,UP
PragmaticTilt_20251011T183059,LCTD,VER,VERBUND,clean,Utilities,Austria,0.14,0.3734,0.2334,UP
PragmaticTilt_20251011T183059,LCTD,9434.T,SOFTBANK,clean,Communication,Japan,0.12,0.320057,0.20005699999999998,UP
PragmaticTilt_20251011T183059,LCTD,EBS,ERSTE BANK,other,Financials,Austria,0.12,0.053343,-0.066657,DOWN
PragmaticTilt_20251011T183059,LCTD,KER,KERING,clean,Consumer Discretionary,France,0.09,0.240043,0.150043,UP
PragmaticTilt_20251011T183059,LCTD,9434.T,SOFTBANK,clean,Communication,Japan,0.08,0.213371,0.13337100000000002,UP
PragmaticTilt_20251011T183059,LCTD,RNO,RENAULT,clean,Consumer Discretionary,France,0.07,0.1867,0.1167,UP
PragmaticTilt_20251011T183059,LCTD,8015,TOYOTA TSUSHO,clean,Industrials,Japan,0.07,0.1867,0.1167,UP
PragmaticTilt_20251011T183059,LCTD,4502,TAKEDA PHARMACEUTICAL,clean,Health Care,Japan,0.07,0.1867,0.1167,UP
PragmaticTilt_20251011T183059,LCTD,7752,RICOH,clean,Information Technology,Japan,0.06,0.160028,0.100028,UP
PragmaticTilt_20251011T183059,LCTD,DG,VINCI,clean,Industrials,France,0.03,0.080014,0.050014,UP
PragmaticTilt_20251011T183059,LCTD,DG,VINCI,clean,Industrials,France,0.03,0.080014,0.050014,UP
PragmaticTilt_20251011T183059,LCTU,NVDA,NVIDIA,other,Information Technology,United States,7.39,0.0,-7.39,DROP
PragmaticTilt_20251011T183059,LCTU,MSFT,MICROSOFT,clean,Information Technology,United States,5.73,0.0,-5.73,DROP
PragmaticTilt_20251011T183059,LCTU,AAPL,APPLE,clean,Information Technology,United States,5.33,5.212714,-0.117286,DOWN
PragmaticTilt_20251011T183059,LCTU,AMZN,AMAZON COM,controversial,Consumer Discretionary,United States,3.07,0.0,-3.07,DROP
PragmaticTilt_20251011T183059,LCTU,META,META PLATFORMS,other,Communication,United States,3.02,2.953545,-0.06645499999999993,DOWN
PragmaticTilt_20251011T183059,LCTU,AVGO,BROADCOM,clean,Information Technology,United States,2.28,4.889976,2.609976,UP
PragmaticTilt_20251011T183059,LCTU,GOOG,ALPHABET,clean,Communication,United States,1.82,4.792176,2.972176,UP
PragmaticTilt_20251011T183059,LCTU,TSLA,TESLA,clean,Consumer Discretionary,United States,1.57,4.606357,3.0363569999999998,UP
PragmaticTilt_20251011T183059,LCTU,GOOG,ALPHABET,clean,Communication,United States,1.52,4.459658,2.939658,UP
PragmaticTilt_20251011T183059,LCTU,CSCO,CISCO SYSTEMS,clean,Information Technology,United States,1.11,2.894866,1.7848659999999998,UP
PragmaticTilt_20251011T183059,LCTU,TMUS,T MOBILE US,clean,Communication,United States,0.73,2.141809,1.4118089999999999,UP
PragmaticTilt_20251011T183059,LCTU,AMD,ADVANCED MICRO DEVICES,clean,Information Technology,United States,0.63,0.713936,0.08393600000000001,UP
PragmaticTilt_20251011T183059,LCTU,TT,TRANE TECHNOLOGIES,clean,Industrials,United States,0.46,1.232274,0.7722740000000001,UP
PragmaticTilt_20251011T183059,PABD,SAP,SAP,other,Information Technology,Germany,1.57,1.249551,-0.320449,DOWN
PragmaticTilt_20251011T183059,PABD,SAP,SAP,other,Information Technology,Germany,1.57,1.411363,-0.15863700000000014,DOWN
PragmaticTilt_20251011T183059,PABD,ASML,ASML HOLDING,other,Information Technology,Netherlands,1.52,1.366415,-0.15358500000000008,DOWN
PragmaticTilt_20251011T183059,PABD,NOVN,NOVARTIS,other,Health Care,Switzerland,1.3,0.0,-1.3,DROP
PragmaticTilt_20251011T183059,PABD,SU,SCHNEIDER ELECTRIC,other,Industrials,France,1.28,0.0,-1.28,DROP
PragmaticTilt_20251011T183059,PABD,AZN,ASTRAZENECA,clean,Health Care,United Kingdom,1.19,3.209277,2.019277,UP
PragmaticTilt_20251011T183059,PABD,RY,ROYAL BANK OF CANADA,other,Financials,Canada,1.16,0.0,-1.16,DROP
PragmaticTilt_20251011T183059,PABD,HSBA,HSBC,controversial,Financials,United Kingdom,1.12,0.0,-1.12,DROP
PragmaticTilt_20251011T183059,PABD,ROG,ROCHE HOLDING PAR,other,Health Care,Switzerland,1.06,0.0,-1.06,DROP
PragmaticTilt_20251011T183059,PABD,ROG,ROCHE HOLDING PAR,other,Health Care,Switzerland,1.06,0.0,-1.06,DROP
PragmaticTilt_20251011T183059,PABD,CBA,COMMONWEALTH BANK OF AUSTRALIA,controversial,Financials,Australia,1.0,0.0,-1.0,DROP
PragmaticTilt_20251011T183059,PABD,ALV,ALLIANZ,other,Financials,Germany,0.99,0.889968,-0.10003200000000001,DOWN
PragmaticTilt_20251011T183059,PABD,ALV,ALLIANZ,other,Financials,Germany,0.99,0.889968,-0.10003200000000001,DOWN
PragmaticTilt_20251011T183059,PABD,ABBN,ABB,clean,Industrials,Switzerland,0.99,2.669903,1.6799030000000001,UP
PragmaticTilt_20251011T183059,PABD,6758,SONY,controversial,Consumer Discretionary,Japan,0.89,0.0,-0.89,DROP
PragmaticTilt_20251011T183059,PABD,SIE,SIEMENS N,other,Industrials,Germany,0.84,0.0,-0.84,DROP
PragmaticTilt_20251011T183059,PABD,NOVO B,NOVO NORDISK,other,Health Care,Denmark,0.83,0.0,-0.83,DROP
PragmaticTilt_20251011T183059,PABD,SHOP,SHOPIFY SUBORDINATE VOTING,other,Information Technology,Canada,0.83,0.746134,-0.083866,DOWN
PragmaticTilt_20251011T183059,PABD,8306,MITSUBISHI UFJ FINANCIAL,controversial,Financials,Japan,0.79,0.0,-0.79,DROP
PragmaticTilt_20251011T183059,PABD,7203,TOYOTA MOTOR,other,Consumer Discretionary,Japan,0.79,0.0,-0.79,DROP
PragmaticTilt_20251011T183059,PABD,7203,TOYOTA MOTOR,other,Consumer Discretionary,Japan,0.79,0.0,-0.79,DROP
PragmaticTilt_20251011T183059,PABD,TD,TORONTO DOMINION,other,Financials,Canada,0.77,0.692197,-0.07780300000000007,DOWN
PragmaticTilt_20251011T183059,PABD,MC,LVMH,other,Consumer Discretionary,France,0.76,0.0,-0.76,DROP
PragmaticTilt_20251011T183059,PABD,UCG,UNICREDIT,other,Financials,Italy,0.75,0.674218,-0.07578200000000002,DOWN
PragmaticTilt_20251011T183059,PABD,9022,CENTRAL JAPAN RAILWAY,clean,Industrials,Japan,0.71,1.914779,1.204779,UP
PragmaticTilt_20251011T183059,PABD,OR,LOREAL,other,Consumer Staples,France,0.7,0.0,-0.7,DROP
PragmaticTilt_20251011T183059,PABD,H,HYDRO ONE,other,Utilities,Canada,0.7,0.035958,-0.6640419999999999,DOWN
PragmaticTilt_20251011T183059,PABD,H,HYDRO ONE,other,Utilities,Canada,0.7,0.62927,-0.07072999999999996,DOWN
PragmaticTilt_20251011T183059,PABD,SAN,BANCO SANTANDER,other,Financials,Spain,0.7,0.62927,-0.07072999999999996,DOWN
PragmaticTilt_20251011T183059,PABD,SAN,BANCO SANTANDER,other,Financials,Spain,0.7,0.62927,-0.07072999999999996,DOWN
PragmaticTilt_20251011T183059,PABD,UBSG,UBS,other,Financials,Switzerland,0.66,0.593312,-0.06668800000000008,DOWN
PragmaticTilt_20251011T183059,PABD,DG,VINCI,clean,Industrials,France,0.65,1.752967,1.102967,UP
PragmaticTilt_20251011T183059,PABD,DG,VINCI,clean,Industrials,France,0.65,1.752967,1.102967,UP
PragmaticTilt_20251011T183059,PABD,ZURN,ZURICH INSURANCE,other,Financials,Switzerland,0.65,0.584322,-0.06567800000000001,DOWN
PragmaticTilt_20251011T183059,PABD,SAN,SANOFI,clean,Health Care,France,0.61,1.645092,1.0350920000000001,UP
PragmaticTilt_20251011T183059,PABD,SAN,SANOFI,clean,Health Care,France,0.61,1.645092,1.0350920000000001,UP
PragmaticTilt_20251011T183059,PABD,C38U,CAPITALAND INTEGRATED COMMERCIAL T,other,Real Estate,Singapore,0.59,0.530385,-0.059614999999999974,DOWN
PragmaticTilt_20251011T183059,PABD,1299,AIA,other,Financials,Hong Kong,0.59,0.530385,-0.059614999999999974,DOWN
PragmaticTilt_20251011T183059,PABD,WPM,WHEATON PRECIOUS METALS,other,Materials,Canada,0.56,0.503416,-0.05658400000000008,DOWN
PragmaticTilt_20251011T183059,PABD,7974,NINTENDO,other,Communication,Japan,0.56,0.0,-0.56,DROP
PragmaticTilt_20251011T183059,PABD,TRN,TERNA RETE ELETTRICA NAZIONALE,other,Utilities,Italy,0.55,0.494426,-0.05557400000000007,DOWN
PragmaticTilt_20251011T183059,PABD,TRN,TERNA RETE ELETTRICA NAZIONALE,other,Utilities,Italy,0.55,0.494426,-0.05557400000000007,DOWN
PragmaticTilt_20251011T183059,PABD,PRX,PROSUS,other,Consumer Discretionary,Netherlands,0.55,0.332614,-0.21738600000000002,DOWN
PragmaticTilt_20251011T183059,PABD,MUV2,MUENCHENER RUECKVERSICHERUNGS GESE,other,Financials,Germany,0.55,0.494426,-0.05557400000000007,DOWN
PragmaticTilt_20251011T183059,PABD,AEM,AGNICO EAGLE MINES,other,Materials,Canada,0.54,0.485437,-0.05456300000000003,DOWN
PragmaticTilt_20251011T183059,PABD,III,3I,other,Financials,United Kingdom,0.53,0.476447,-0.05355300000000002,DOWN
PragmaticTilt_20251011T183059,PABD,WES,WESFARMERS,other,Consumer Discretionary,Australia,0.53,0.476447,-0.05355300000000002,DOWN
PragmaticTilt_20251011T183059,PABD,BARC,BARCLAYS,controversial,Financials,United Kingdom,0.52,0.467458,-0.05254200000000003,DOWN
PragmaticTilt_20251011T183059,PABD,9434.T,SOFTBANK,clean,Communication,Japan,0.52,1.402373,0.8823730000000001,UP
PragmaticTilt_20251011T183059,PABD,EL,ESSILORLUXOTTICA,other,Health Care,France,0.51,0.332614,-0.177386,DOWN
PragmaticTilt_20251011T183059,PABD,EL,ESSILORLUXOTTICA,other,Health Care,France,0.51,0.458468,-0.05153200000000002,DOWN
PragmaticTilt_20251011T183059,PABD,DOL,DOLLARAMA,other,Consumer Discretionary,Canada,0.51,0.458468,-0.05153200000000002,DOWN
PragmaticTilt_20251011T183059,PABD,RHM,RHEINMETALL,controversial,Industrials,Germany,0.49,0.0,-0.49,DROP
PragmaticTilt_20251011T183059,PABD,NAB,NATIONAL AUSTRALIA BANK,controversial,Financials,Australia,0.48,0.341604,-0.13839599999999996,DOWN
PragmaticTilt_20251011T183059,PABD,MFC,MANULIFE FINANCIAL,clean,Financials,Canada,0.47,1.26753,0.7975300000000001,UP
PragmaticTilt_20251011T183059,PABD,REL,RELX,controversial,Industrials,United Kingdom,0.4,0.0,-0.4,DROP
PragmaticTilt_20251011T183059,PABD,9020,EAST JAPAN RAILWAY,clean,Industrials,Japan,0.39,1.05178,0.6617799999999999,UP
PragmaticTilt_20251011T183059,PABD,9983,FAST RETAILING,controversial,Consumer Discretionary,Japan,0.31,0.0,-0.31,DROP
PragmaticTilt_20251011T183059,PABD,WSP,WSP GLOBAL,clean,Industrials,Canada,0.3,0.809061,0.509061,UP
PragmaticTilt_20251011T183059,PABD,8411,MIZUHO FINANCIAL,controversial,Financials,Japan,0.29,0.0,-0.29,DROP
PragmaticTilt_20251011T183059,PABD,STN,STANTEC,clean,Industrials,Canada,0.28,0.755124,0.475124,UP
PragmaticTilt_20251011T183059,PABD,4502,TAKEDA PHARMACEUTICAL,clean,Health Care,Japan,0.2,0.539374,0.339374,UP
PragmaticTilt_20251011T183059,PABD,EDPR,EDP RENOVAVEIS,clean,Utilities,Portugal,0.18,0.485437,0.305437,UP
PragmaticTilt_20251011T183059,PABD,4503,ASTELLAS PHARMA,clean,Health Care,Japan,0.18,0.485437,0.305437,UP
PragmaticTilt_20251011T183059,PABD,4523,EISAI,clean,Health Care,Japan,0.16,0.431499,0.27149900000000005,UP
PragmaticTilt_20251011T183059,PABD,VER,VERBUND,clean,Utilities,Austria,0.15,0.404531,0.25453099999999995,UP
PragmaticTilt_20251011T183059,PABD,ALO,ALSTOM,clean,Industrials,France,0.15,0.404531,0.25453099999999995,UP
PragmaticTilt_20251011T183059,PABD,KER,KERING,clean,Consumer Discretionary,France,0.12,0.323625,0.203625,UP
PragmaticTilt_20251011T183059,PABD,7733,OLYMPUS,clean,Health Care,Japan,0.12,0.323625,0.203625,UP
PragmaticTilt_20251011T183059,PABD,DHL,DEUTSCHE POST,clean,Industrials,Germany,0.09,0.242718,0.152718,UP
PragmaticTilt_20251011T183059,PABD,BXB,BRAMBLES,clean,Industrials,Australia,0.08,0.21575,0.13574999999999998,UP
PragmaticTilt_20251011T183059,PABD,7309,SHIMANO,clean,Consumer Discretionary,Japan,0.04,0.107875,0.06787499999999999,UP
PragmaticTilt_20251011T183059,PABU,NVDA,NVIDIA,other,Information Technology,United States,10.51,0.0,-10.51,DROP
PragmaticTilt_20251011T183059,PABU,MSFT,MICROSOFT,clean,Information Technology,United States,8.52,0.099177,-8.420823,DOWN
PragmaticTilt_20251011T183059,PABU,AMZN,AMAZON COM,controversial,Consumer Discretionary,United States,3.64,2.895964,-0.7440359999999999,DOWN
PragmaticTilt_20251011T183059,PABU,TSLA,TESLA,clean,Consumer Discretionary,United States,3.32,4.958842,1.638842,UP
PragmaticTilt_20251011T183059,PABU,GOOG,ALPHABET,clean,Communication,United States,2.55,4.958842,2.408842,UP
PragmaticTilt_20251011T183059,PABU,AVGO,BROADCOM,clean,Information Technology,United States,2.55,4.958842,2.408842,UP
PragmaticTilt_20251011T183059,PABU,XYL,XYLEM,clean,Industrials,United States,1.27,3.778637,2.508637,UP
PragmaticTilt_20251011T183059,PABU,GOOG,ALPHABET,clean,Communication,United States,1.14,3.391848,2.251848,UP
PragmaticTilt_20251011T183059,PABU,AMD,ADVANCED MICRO DEVICES,clean,Information Technology,United States,0.88,2.618268,1.7382680000000001,UP
PragmaticTilt_20251011T183059,PABU,FSLR,FIRST SOLAR,clean,Information Technology,United States,0.68,2.023207,1.343207,UP
PragmaticTilt_20251011T183059,PABU,ABBV,ABBVIE,clean,Health Care,United States,0.65,0.833085,0.18308499999999994,UP
PragmaticTilt_20251011T183059,PABU,ADI,ANALOG DEVICES,clean,Information Technology,United States,0.62,1.844689,1.2246890000000001,UP
PragmaticTilt_20251011T183059,PABU,MRK,MERCK,clean,Health Care,United States,0.54,1.606665,1.066665,UP
PragmaticTilt_20251011T183059,PABU,MRK,MERCK,clean,Health Care,United States,0.54,1.606665,1.066665,UP
PragmaticTilt_20251011T183059,PABU,VLTO,VERALTO,clean,Industrials,United States,0.26,0.773579,0.513579,UP
PragmaticTilt_20251011T183059,PABU,AMGN,AMGEN,clean,Health Care,United States,0.22,0.654567,0.43456700000000004,UP
PragmaticTilt_20251011T183059,PABU,RIVN,RIVIAN AUTOMOTIVE,clean,Consumer Discretionary,United States,0.21,0.624814,0.414814,UP
PragmaticTilt_20251011T183059,PABU,CHTR,CHARTER COMMUNICATIONS,clean,Communication,United States,0.08,0.238024,0.158024,UP
PragmaticTilt_20251011T183059,SDG,NVDA,NVIDIA,other,Information Technology,United States,5.27,5.094741,-0.1752589999999996,DOWN
PragmaticTilt_20251011T183059,SDG,968,XINYI SOLAR,clean,Information Technology,China,5.02,4.853055,-0.16694499999999923,DOWN
PragmaticTilt_20251011T183059,SDG,6669,WIWYNN,other,Information Technology,Taiwan,4.95,4.785383,-0.1646169999999998,DOWN
PragmaticTilt_20251011T183059,SDG,FSLR,FIRST SOLAR,clean,Information Technology,United States,4.28,4.137664,-0.14233600000000024,DOWN
PragmaticTilt_20251011T183059,SDG,VWS,VESTAS WIND SYSTEMS,other,Industrials,Denmark,4.18,4.04099,-0.13900999999999986,DOWN
PragmaticTilt_20251011T183059,SDG,9020,EAST JAPAN RAILWAY,clean,Industrials,Japan,4.0,3.866976,-0.1330239999999998,DOWN
PragmaticTilt_20251011T183059,SDG,NOVN,NOVARTIS,other,Health Care,Switzerland,3.94,3.808971,-0.13102899999999984,DOWN
PragmaticTilt_20251011T183059,SDG,288,WH,other,Consumer Staples,Hong Kong,3.52,3.402939,-0.11706100000000008,DOWN
PragmaticTilt_20251011T183059,SDG,KMB,KIMBERLY CLARK,clean,Consumer Staples,United States,3.32,0.116009,-3.203991,DOWN
PragmaticTilt_20251011T183059,SDG,2015,LI AUTO,other,Consumer Discretionary,China,3.1,2.996906,-0.10309400000000002,DOWN
PragmaticTilt_20251011T183059,SDG,9022,CENTRAL JAPAN RAILWAY,clean,Industrials,Japan,2.43,2.349188,-0.08081200000000033,DOWN
PragmaticTilt_20251011T183059,SDG,1216,UNI PRESIDENT ENTERPRISES,controversial,Consumer Staples,Taiwan,2.06,1.991493,-0.0685070000000001,DOWN
PragmaticTilt_20251011T183059,SDG,373220,LG ENERGY SOLUTION,clean,Industrials,Korea (South),1.74,1.682135,-0.057865000000000055,DOWN
PragmaticTilt_20251011T183059,SDG,DLR,DIGITAL REALTY TRUST REIT,other,Real Estate,United States,1.73,1.672467,-0.057533000000000056,DOWN
PragmaticTilt_20251011T183059,SDG,268,KINGDEE INT L SOFTWARE,other,Information Technology,China,1.69,1.633797,-0.056203,DOWN
PragmaticTilt_20251011T183059,SDG,EQIX,EQUINIX REIT,other,Real Estate,United States,1.65,1.595128,-0.05487199999999981,DOWN
PragmaticTilt_20251011T183059,SDG,XYL,XYLEM,clean,Industrials,United States,1.6,4.640371,3.040371,UP
PragmaticTilt_20251011T183059,SDG,VNA,VONOVIA SE,other,Real Estate,Germany,1.56,1.508121,-0.05187900000000001,DOWN
PragmaticTilt_20251011T183059,SDG,ESSITY B,ESSITY,other,Consumer Staples,Sweden,1.54,1.488786,-0.05121400000000009,DOWN
PragmaticTilt_20251011T183059,SUSA,NVDA,NVIDIA,other,Information Technology,United States,8.36,0.0,-8.36,DROP
PragmaticTilt_20251011T183059,SUSA,MSFT,MICROSOFT,clean,Information Technology,United States,6.38,0.0,-6.38,DROP
PragmaticTilt_20251011T183059,SUSA,AAPL,APPLE,clean,Information Technology,United States,4.31,4.125191,-0.18480899999999956,DOWN
PragmaticTilt_20251011T183059,SUSA,AVGO,BROADCOM,clean,Information Technology,United States,2.44,4.785605,2.3456050000000004,UP
PragmaticTilt_20251011T183059,SUSA,GOOG,ALPHABET,clean,Communication,United States,2.2,4.728178,2.5281779999999996,UP
PragmaticTilt_20251011T183059,SUSA,GOOG,ALPHABET,clean,Communication,United States,2.01,4.785605,2.7756050000000005,UP
PragmaticTilt_20251011T183059,SUSA,TSLA,TESLA,clean,Consumer Discretionary,United States,1.61,4.622894,3.0128939999999993,UP
PragmaticTilt_20251011T183059,SUSA,HD,HOME DEPOT,other,Consumer Discretionary,United States,1.48,1.416539,-0.06346099999999999,DOWN
PragmaticTilt_20251011T183059,SUSA,LLY,ELI LILLY,other,Health Care,United States,1.32,1.2634,-0.056599999999999984,DOWN
PragmaticTilt_20251011T183059,SUSA,ADP,AUTOMATIC DATA PROCESSING,other,Industrials,United States,1.26,1.205972,-0.054027999999999965,DOWN
PragmaticTilt_20251011T183059,SUSA,ADP,AUTOMATIC DATA PROCESSING,other,Industrials,United States,1.26,1.205972,-0.054027999999999965,DOWN
PragmaticTilt_20251011T183059,SUSA,KO,COCA COLA,other,Consumer Staples,United States,1.25,1.196401,-0.05359899999999995,DOWN
PragmaticTilt_20251011T183059,SUSA,TT,TRANE TECHNOLOGIES,clean,Industrials,United States,1.02,2.92879,1.9087899999999998,UP
PragmaticTilt_20251011T183059,SUSA,AMD,ADVANCED MICRO DEVICES,clean,Information Technology,United States,0.69,0.756126,0.06612600000000002,UP
PragmaticTilt_20251011T183059,SUSA,VLTO,VERALTO,clean,Industrials,United States,0.63,1.646248,1.016248,UP
PragmaticTilt_20251011T183059,SUSL,NVDA,NVIDIA,other,Information Technology,United States,15.05,10.695448,-4.354552,DOWN
PragmaticTilt_20251011T183059,SUSL,MSFT,MICROSOFT,clean,Information Technology,United States,12.97,0.097675,-12.872325,DOWN
PragmaticTilt_20251011T183059,SUSL,GOOG,ALPHABET,clean,Communication,United States,3.9,4.883766,0.9837659999999997,UP
PragmaticTilt_20251011T183059,SUSL,GOOG,ALPHABET,clean,Communication,United States,3.32,4.883766,1.5637659999999998,UP
PragmaticTilt_20251011T183059,SUSL,TSLA,TESLA,clean,Consumer Discretionary,United States,3.07,4.883766,1.8137659999999998,UP
PragmaticTilt_20251011T183059,SUSL,AMD,ADVANCED MICRO DEVICES,clean,Information Technology,United States,0.98,2.871655,1.891655,UP
PragmaticTilt_20251011T183059,SUSL,MRK,MERCK,clean,Health Care,United States,0.69,2.021879,1.3318790000000003,UP
PragmaticTilt_20251011T183059,SUSL,MRK,MERCK,clean,Health Care,United States,0.69,2.021879,1.3318790000000003,UP
PragmaticTilt_20251011T183059,SUSL,AMGN,AMGEN,clean,Health Care,United States,0.56,1.640945,1.080945,UP
PragmaticTilt_20251011T183059,SUSL,ADI,ANALOG DEVICES,clean,Information Technology,United States,0.38,1.113499,0.733499,UP
PragmaticTilt_20251011T183059,SUSL,TT,TRANE TECHNOLOGIES,clean,Industrials,United States,0.33,0.966986,0.636986,UP
PragmaticTilt_20251011T183059,SUSL,INTC,INTEL,clean,Information Technology,United States,0.29,0.849775,0.5597749999999999,UP
PragmaticTilt_20251011T183059,SUSL,NEM,NEWMONT,clean,Materials,United States,0.25,0.732565,0.482565,UP
PragmaticTilt_20251011T183059,SUSL,NEM,NEWMONT,clean,Materials,United States,0.25,0.732565,0.482565,UP
PragmaticTilt_20251011T183059,SUSL,ECL,ECOLAB,clean,Materials,United States,0.23,0.67396,0.44396,UP
PragmaticTilt_20251011T183059,SUSL,ADSK,AUTODESK,clean,Information Technology,United States,0.22,0.644657,0.42465700000000006,UP
PragmaticTilt_20251011T183059,SUSL,PWR,QUANTA SERVICES,clean,Industrials,United States,0.2,0.586052,0.386052,UP
PragmaticTilt_20251011T183059,SUSL,KMB,KIMBERLY CLARK,clean,Consumer Staples,United States,0.15,0.439539,0.289539,UP
PragmaticTilt_20251011T183059,SUSL,XYL,XYLEM,clean,Industrials,United States,0.12,0.351631,0.23163100000000003,UP
PragmaticTilt_20251011T183059,SUSL,VLTO,VERALTO,clean,Industrials,United States,0.09,0.263723,0.173723,UP
PragmaticTilt_20251011T183059,SUSL,HPE,HEWLETT PACKARD ENTERPRISE,clean,Information Technology,United States,0.09,0.263723,0.173723,UP
PragmaticTilt_20251011T183059,SUSL,CHTR,CHARTER COMMUNICATIONS,clean,Communication,United States,0.08,0.234421,0.15442099999999997,UP
PragmaticTilt_20251011T183059,SUSL,HPQ,HP,clean,Information Technology,United States,0.08,0.234421,0.15442099999999997,UP
PragmaticTilt_20251011T183059,SUSL,SW,SMURFIT WESTROCK,clean,Materials,United States,0.08,0.234421,0.15442099999999997,UP
PragmaticTilt_20251011T183059,SUSL,SW,SMURFIT WESTROCK,clean,Materials,United States,0.08,0.234421,0.15442099999999997,UP
PragmaticTilt_20251011T183059,SUSL,LII,LENNOX INTERNATIONAL,clean,Industrials,United States,0.07,0.205118,0.135118,UP
PragmaticTilt_20251011T183059,SUSL,FSLR,FIRST SOLAR,clean,Information Technology,United States,0.06,0.175816,0.115816,UP
PragmaticTilt_20251011T183059,SUSL,STLD,STEEL DYNAMICS,clean,Materials,United States,0.06,0.175816,0.115816,UP
PragmaticTilt_20251011T183059,SUSL,BALL,BALL,clean,Materials,United States,0.05,0.146513,0.096513,UP
PragmaticTilt_20251011T183059,SUSL,RIVN,RIVIAN AUTOMOTIVE,clean,Consumer Discretionary,United States,0.03,0.087908,0.057908,UP
PragmaticTilt_20251011T183059,USCL,NVDA,NVIDIA,other,Information Technology,United States,7.65,0.0,-7.65,DROP
PragmaticTilt_20251011T183059,USCL,MSFT,MICROSOFT,clean,Information Technology,United States,6.67,0.0,-6.67,DROP
PragmaticTilt_20251011T183059,USCL,META,META PLATFORMS,other,Communication,United States,4.61,4.505473,-0.10452700000000004,DOWN
PragmaticTilt_20251011T183059,USCL,AMZN,AMAZON COM,controversial,Consumer Discretionary,United States,4.55,0.0,-4.55,DROP
PragmaticTilt_20251011T183059,USCL,GOOG,ALPHABET,clean,Communication,United States,2.81,4.788898,1.9788979999999996,UP
PragmaticTilt_20251011T183059,USCL,TSLA,TESLA,clean,Consumer Discretionary,United States,2.42,4.88663,2.4666300000000003,UP
PragmaticTilt_20251011T183059,USCL,GOOG,ALPHABET,clean,Communication,United States,2.39,4.88663,2.49663,UP
PragmaticTilt_20251011T183059,USCL,JPM,JPMORGAN CHASE,controversial,Financials,United States,2.23,2.179437,-0.050562999999999914,DOWN
PragmaticTilt_20251011T183059,USCL,AMD,ADVANCED MICRO DEVICES,clean,Information Technology,United States,1.01,2.961298,1.9512980000000002,UP
PragmaticTilt_20251011T183059,USCL,CSCO,CISCO SYSTEMS,clean,Information Technology,United States,0.96,2.814699,1.854699,UP
PragmaticTilt_20251011T183059,USCL,ABBV,ABBVIE,clean,Health Care,United States,0.94,2.756059,1.816059,UP
PragmaticTilt_20251011T183059,USCL,MRK,MERCK,clean,Health Care,United States,0.54,1.583268,1.0432679999999999,UP
PragmaticTilt_20251011T183059,USCL,MRK,MERCK,clean,Health Care,United States,0.54,1.583268,1.0432679999999999,UP
PragmaticTilt_20251011T183059,USCL,T,AT T,clean,Communication,United States,0.54,1.583268,1.0432679999999999,UP
PragmaticTilt_20251011T183059,USCL,T,AT T,clean,Communication,United States,0.54,1.583268,1.0432679999999999,UP
PragmaticTilt_20251011T183059,USCL,AMGN,AMGEN,clean,Health Care,United States,0.44,1.29007,0.8500700000000001,UP
PragmaticTilt_20251011T183059,USCL,ADI,ANALOG DEVICES,clean,Information Technology,United States,0.39,0.938233,0.548233,UP
PragmaticTilt_20251011T183059,USXF,NVDA,NVIDIA,other,Information Technology,United States,20.22,9.215418,-11.004582,DOWN
PragmaticTilt_20251011T183059,USXF,AVGO,BROADCOM,clean,Information Technology,United States,6.12,5.987087,-0.13291300000000028,DOWN
PragmaticTilt_20251011T183059,USXF,V,VISA,other,Financials,United States,2.71,2.651145,-0.05885499999999988,DOWN
PragmaticTilt_20251011T183059,USXF,AMD,ADVANCED MICRO DEVICES,clean,Information Technology,United States,1.32,3.873997,2.553997,UP
PragmaticTilt_20251011T183059,USXF,ADI,ANALOG DEVICES,clean,Information Technology,United States,0.51,1.496772,0.986772,UP
PragmaticTilt_20251011T183059,USXF,TT,TRANE TECHNOLOGIES,clean,Industrials,United States,0.45,1.320681,0.870681,UP
PragmaticTilt_20251011T183059,USXF,INTC,INTEL,clean,Information Technology,United States,0.39,1.14459,0.75459,UP
PragmaticTilt_20251011T183059,USXF,NEM,NEWMONT,clean,Materials,United States,0.34,0.997848,0.657848,UP
PragmaticTilt_20251011T183059,USXF,NEM,NEWMONT,clean,Materials,United States,0.34,0.997848,0.657848,UP
PragmaticTilt_20251011T183059,USXF,ADSK,AUTODESK,clean,Information Technology,United States,0.3,0.880454,0.580454,UP
PragmaticTilt_20251011T183059,USXF,PWR,QUANTA SERVICES,clean,Industrials,United States,0.27,0.792409,0.522409,UP
PragmaticTilt_20251011T183059,USXF,RSG,REPUBLIC SERVICES,clean,Industrials,United States,0.23,0.675015,0.44501500000000005,UP
PragmaticTilt_20251011T183059,USXF,WCN,WASTE CONNECTIONS,clean,Industrials,United States,0.22,0.645666,0.425666,UP
PragmaticTilt_20251011T183059,USXF,KMB,KIMBERLY CLARK,clean,Consumer Staples,United States,0.2,0.586969,0.38696899999999995,UP
PragmaticTilt_20251011T183059,USXF,XYL,XYLEM,clean,Industrials,United States,0.16,0.469575,0.30957500000000004,UP
PragmaticTilt_20251011T183059,USXF,VLTO,VERALTO,clean,Industrials,United States,0.12,0.352182,0.232182,UP
PragmaticTilt_20251011T183059,USXF,HPE,HEWLETT PACKARD ENTERPRISE,clean,Information Technology,United States,0.12,0.352182,0.232182,UP
PragmaticTilt_20251011T183059,USXF,CHTR,CHARTER COMMUNICATIONS,clean,Communication,United States,0.11,0.322833,0.212833,UP
PragmaticTilt_20251011T183059,USXF,FSLR,FIRST SOLAR,clean,Information Technology,United States,0.09,0.264136,0.17413599999999999,UP
PragmaticTilt_20251011T183059,USXF,STLD,STEEL DYNAMICS,clean,Materials,United States,0.08,0.234788,0.15478799999999998,UP
PragmaticTilt_20251011T183059,USXF,BALL,BALL,clean,Materials,United States,0.07,0.205439,0.135439,UP
PragmaticTilt_20251011T183059,USXF,CCK,CROWN,clean,Materials,United States,0.05,0.146742,0.09674200000000001,UP
PragmaticTilt_20251011T183059,USXF,DVA,DAVITA,clean,Health Care,United States,0.03,0.088045,0.058045,UP
PragmaticTilt_20251011T183059,XJH,IBKR,INTERACTIVE BROKERS CLAS,other,Financials,United States,1.08,0.0,-1.08,DROP
PragmaticTilt_20251011T183059,XJH,EME,EMCOR,other,Industrials,United States,1.04,0.937651,-0.10234900000000002,DOWN
PragmaticTilt_20251011T183059,XJH,USFD,US FOODS HOLDING,controversial,Consumer Staples,United States,0.7,0.0,-0.7,DROP
PragmaticTilt_20251011T183059,XJH,CW,CURTISS WRIGHT,controversial,Industrials,United States,0.67,0.0,-0.67,DROP
PragmaticTilt_20251011T183059,XJH,WWD,WOODWARD,controversial,Industrials,United States,0.56,0.0,-0.56,DROP
PragmaticTilt_20251011T183059,XJH,CLH,CLEAN HARBORS,clean,Industrials,United States,0.45,1.304978,0.854978,UP
PragmaticTilt_20251011T183059,XJH,CCK,CROWN,clean,Materials,United States,0.44,1.275979,0.835979,UP
PragmaticTilt_20251011T183059,XJH,CMC,COMMERCIAL METALS,clean,Materials,United States,0.23,0.666989,0.43698900000000007,UP
PragmaticTilt_20251011T183059,XJH,DAR,DARLING INGREDIENTS,clean,Consumer Staples,United States,0.18,0.521991,0.341991,UP
PragmaticTilt_20251011T183059,XJH,SON,SONOCO PRODUCTS,clean,Materials,United States,0.17,0.492992,0.32299199999999995,UP
PragmaticTilt_20251011T183059,XJH,ZZ_GR289,GREIF,clean,Materials,United States,0.07,0.202997,0.132997,UP
PragmaticTilt_20251011T183059,XVV,NVDA,NVIDIA,other,Information Technology,United States,8.95,0.0,-8.95,DROP
PragmaticTilt_20251011T183059,XVV,MSFT,MICROSOFT,clean,Information Technology,United States,8.11,0.0,-8.11,DROP
PragmaticTilt_20251011T183059,XVV,AAPL,APPLE,clean,Information Technology,United States,6.19,6.061496,-0.1285040000000004,DOWN
PragmaticTilt_20251011T183059,XVV,AMZN,AMAZON COM,controversial,Consumer Discretionary,United States,4.08,0.0,-4.08,DROP
PragmaticTilt_20251011T183059,XVV,META,META PLATFORMS,other,Communication,United States,3.43,3.358794,-0.0712060000000001,DOWN
PragmaticTilt_20251011T183059,XVV,AVGO,BROADCOM,clean,Information Technology,United States,2.85,4.896201,2.0462009999999995,UP
PragmaticTilt_20251011T183059,XVV,GOOG,ALPHABET,clean,Communication,United States,2.31,4.798277,2.4882769999999996,UP
PragmaticTilt_20251011T183059,XVV,GOOG,ALPHABET,clean,Communication,United States,1.87,4.896201,3.0262009999999995,UP
PragmaticTilt_20251011T183059,XVV,TSLA,TESLA,clean,Consumer Discretionary,United States,1.77,4.896201,3.1262009999999996,UP
PragmaticTilt_20251011T183059,XVV,ABBV,ABBVIE,clean,Health Care,United States,0.71,2.085781,1.375781,UP
PragmaticTilt_20251011T183059,XVV,AMD,ADVANCED MICRO DEVICES,clean,Information Technology,United States,0.58,1.155503,0.575503,UP
PragmaticTilt_20251011T183059,XVV,CSCO,CISCO SYSTEMS,clean,Information Technology,United States,0.55,0.636506,0.08650599999999997,UP
PragmaticTilt_20251011T183059,XVV,MRK,MERCK,clean,Health Care,United States,0.41,1.204465,0.794465,UP
PragmaticTilt_20251011T183059,XVV,MRK,MERCK,clean,Health Care,United States,0.41,1.204465,0.794465,UP
PragmaticTilt_20251011T183059,XVV,T,AT T,clean,Communication,United States,0.41,1.204465,0.794465,UP
PragmaticTilt_20251011T183059,XVV,T,AT T,clean,Communication,United States,0.41,1.204465,0.794465,UP
PragmaticTilt_20251011T183059,XVV,AMGN,AMGEN,clean,Health Care,United States,0.33,0.969448,0.639448,UP
PragmaticTilt_20251011T183059,XVV,TMUS,T MOBILE US,clean,Communication,United States,0.23,0.675676,0.44567600000000007,UP
PragmaticTilt_20251011T183059,XVV,PANW,PALO ALTO NETWORKS,clean,Information Technology,United States,0.23,0.675676,0.44567600000000007,UP
PragmaticTilt_20251011T183059,XVV,CRWD,CROWDSTRIKE,clean,Information Technology,United States,0.23,0.675676,0.44567600000000007,UP
PragmaticTilt_20251011T183059,XVV,ADI,ANALOG DEVICES,clean,Information Technology,United States,0.23,0.675676,0.44567600000000007,UP
PragmaticTilt_20251011T183059,XVV,TT,TRANE TECHNOLOGIES,clean,Industrials,United States,0.2,0.587544,0.38754399999999994,UP
PragmaticTilt_20251011T183059,XVV,NKE,NIKE,clean,Consumer Discretionary,United States,0.18,0.52879,0.34879,UP
PragmaticTilt_20251011T183059,XVV,INTC,INTEL,clean,Information Technology,United States,0.17,0.499412,0.32941200000000004,UP
PragmaticTilt_20251011T183059,XVV,NEM,NEWMONT,clean,Materials,United States,0.15,0.440658,0.29065799999999997,UP
PragmaticTilt_20251011T183059,XVV,NEM,NEWMONT,clean,Materials,United States,0.15,0.440658,0.29065799999999997,UP
PragmaticTilt_20251011T183059,XVV,PWR,QUANTA SERVICES,clean,Industrials,United States,0.12,0.352526,0.232526,UP
PragmaticTilt_20251011T183059,XVV,RSG,REPUBLIC SERVICES,clean,Industrials,United States,0.1,0.293772,0.19377199999999997,UP
StrictExclusion_20251011T183739,CRBN,MSFT,MICROSOFT,clean,Information Technology,United States,4.47,0.0,-4.47,DROP
StrictExclusion_20251011T183739,CRBN,AAPL,APPLE,clean,Information Technology,United States,3.64,5.0,1.3599999999999999,UP
StrictExclusion_20251011T183739,CRBN,AMZN,AMAZON COM,controversial,Consumer Discretionary,United States,2.42,0.0,-2.42,DROP
StrictExclusion_20251011T183739,CRBN,META,META PLATFORMS,other,Communication,United States,2.0,2.7,0.7000000000000002,UP
StrictExclusion_20251011T183739,CRBN,AVGO,BROADCOM,clean,Information Technology,United States,1.6,3.96,2.36,UP
StrictExclusion_20251011T183739,CRBN,GOOG,ALPHABET,clean,Communication,United States,1.39,0.0,-1.39,DROP
StrictExclusion_20251011T183739,CRBN,2330,TAIWAN SEMICONDUCTOR MANUFACTURING,clean,Information Technology,Taiwan,1.18,1.58,0.40000000000000013,UP
StrictExclusion_20251011T183739,CRBN,TSLA,TESLA,clean,Consumer Discretionary,United States,1.1,1.8,0.7,UP
StrictExclusion_20251011T183739,CRBN,GOOG,ALPHABET,clean,Communication,United States,1.09,0.0,-1.09,DROP
StrictExclusion_20251011T183739,CRBN,JPM,JPMORGAN CHASE,controversial,Financials,United States,1.01,0.0,-1.01,DROP
StrictExclusion_20251011T183739,CRBN,LLY,ELI LILLY,other,Health Care,United States,0.73,2.19,1.46,UP
StrictExclusion_20251011T183739,CRBN,V,VISA,other,Financials,United States,0.73,2.19,1.46,UP
StrictExclusion_20251011T183739,CRBN,JNJ,JOHNSON JOHNSON,controversial,Health Care,United States,0.65,0.0,-0.65,DROP
StrictExclusion_20251011T183739,CRBN,MA,MASTERCARD,other,Financials,United States,0.57,1.27,0.7000000000000001,UP
StrictExclusion_20251011T183739,CRBN,700,TENCENT,other,Communication,China,0.56,0.86,0.29999999999999993,UP
StrictExclusion_20251011T183739,CRBN,PG,PROCTER GAMBLE,controversial,Consumer Staples,United States,0.54,0.0,-0.54,DROP
StrictExclusion_20251011T183739,CRBN,OKE,ONEOK,controversial,Energy,United States,0.54,0.0,-0.54,DROP
StrictExclusion_20251011T183739,CRBN,WMT,WALMART,controversial,Consumer Staples,United States,0.52,0.0,-0.52,DROP
StrictExclusion_20251011T183739,CRBN,LHX,L3HARRIS TECHNOLOGIES,controversial,Industrials,United States,0.48,0.0,-0.48,DROP
StrictExclusion_20251011T183739,CRBN,KO,COCA COLA,other,Consumer Staples,United States,0.46,0.76,0.3,UP
StrictExclusion_20251011T183739,CRBN,ABBV,ABBVIE,clean,Health Care,United States,0.44,0.54,0.10000000000000003,UP
StrictExclusion_20251011T183739,CRBN,BRKB,BERKSHIRE HATHAWAY,controversial,Financials,United States,0.43,0.0,-0.43,DROP
StrictExclusion_20251011T183739,CRBN,PM,PHILIP MORRIS INTERNATIONAL,controversial,Consumer Staples,United States,0.43,0.0,-0.43,DROP
StrictExclusion_20251011T183739,CRBN,BAC,BANK OF AMERICA,controversial,Financials,United States,0.41,0.0,-0.41,DROP
StrictExclusion_20251011T183739,CRBN,COST,COSTCO WHOLESALE,controversial,Consumer Staples,United States,0.39,0.0,-0.39,DROP
StrictExclusion_20251011T183739,CRBN,HAL,HALLIBURTON,controversial,Energy,United States,0.38,0.0,-0.38,DROP
StrictExclusion_20251011T183739,CRBN,SAP,SAP,other,Information Technology,Germany,0.38,0.58,0.19999999999999996,UP
StrictExclusion_20251011T183739,CRBN,MO,ALTRIA,controversial,Consumer Staples,United States,0.34,0.0,-0.34,DROP
StrictExclusion_20251011T183739,CRBN,ASML,ASML HOLDING,other,Information Technology,Netherlands,0.32,0.42,0.09999999999999998,UP
StrictExclusion_20251011T183739,CRBN,T,AT T,clean,Communication,United States,0.32,0.0,-0.32,DROP
StrictExclusion_20251011T183739,CRBN,T,AT T,clean,Communication,United States,0.32,0.0,-0.32,DROP
StrictExclusion_20251011T183739,CRBN,BATS,BRITISH AMERICAN TOBACCO,controversial,Consumer Staples,United Kingdom,0.31,0.0,-0.31,DROP
StrictExclusion_20251011T183739,CRBN,AME,AMETEK,controversial,Industrials,United States,0.29,0.0,-0.29,DROP
StrictExclusion_20251011T183739,CRBN,ADP,AUTOMATIC DATA PROCESSING,other,Industrials,United States,0.29,0.87,0.5800000000000001,UP
StrictExclusion_20251011T183739,CRBN,ADP,AUTOMATIC DATA PROCESSING,other,Industrials,United States,0.29,0.69,0.39999999999999997,UP
StrictExclusion_20251011T183739,CRBN,SU,SCHNEIDER ELECTRIC,other,Industrials,France,0.28,0.38,0.09999999999999998,UP
StrictExclusion_20251011T183739,CRBN,HSBA,HSBC,controversial,Financials,United Kingdom,0.28,0.0,-0.28,DROP
StrictExclusion_20251011T183739,CRBN,AZN,ASTRAZENECA,clean,Health Care,United Kingdom,0.28,0.38,0.09999999999999998,UP
StrictExclusion_20251011T183739,CRBN,CRM,SALESFORCE,controversial,Information Technology,United States,0.27,0.0,-0.27,DROP
StrictExclusion_20251011T183739,CRBN,C,CITIGROUP,controversial,Financials,United States,0.27,0.0,-0.27,DROP
StrictExclusion_20251011T183739,CRBN,8306,MITSUBISHI UFJ FINANCIAL,controversial,Financials,Japan,0.26,0.0,-0.26,DROP
StrictExclusion_20251011T183739,CRBN,SIE,SIEMENS N,other,Industrials,Germany,0.25,0.35,0.09999999999999998,UP
StrictExclusion_20251011T183739,CRBN,ALV,ALLIANZ,other,Financials,Germany,0.25,0.35,0.09999999999999998,UP
StrictExclusion_20251011T183739,CRBN,WMB,WILLIAMS,other,Energy,United States,0.24,0.34,0.10000000000000003,UP
StrictExclusion_20251011T183739,CRBN,APH,AMPHENOL,controversial,Information Technology,United States,0.23,0.0,-0.23,DROP
StrictExclusion_20251011T183739,CRBN,SAN,BANCO SANTANDER,other,Financials,Spain,0.23,0.33,0.1,UP
StrictExclusion_20251011T183739,CRBN,AWK,AMERICAN WATER WORKS,other,Utilities,United States,0.22,0.62,0.4,UP
StrictExclusion_20251011T183739,CRBN,UBSG,UBS,other,Financials,Switzerland,0.21,0.31,0.1,UP
StrictExclusion_20251011T183739,CRBN,CMCSA,COMCAST,controversial,Communication,United States,0.21,0.0,-0.21,DROP
StrictExclusion_20251011T183739,CRBN,WPM,WHEATON PRECIOUS METALS,other,Materials,Canada,0.21,0.31,0.1,UP
StrictExclusion_20251011T183739,CRBN,BNP,BNP PARIBAS,other,Financials,France,0.2,0.4,0.2,UP
StrictExclusion_20251011T183739,CRBN,DTE,DEUTSCHE TELEKOM N,other,Communication,Germany,0.2,0.3,0.09999999999999998,UP
StrictExclusion_20251011T183739,CRBN,ACN,ACCENTURE,controversial,Information Technology,United States,0.19,0.0,-0.19,DROP
StrictExclusion_20251011T183739,CRBN,XTSLA,BLK CSH FND TREASURY SL AGENCY,other,Cash and/or Derivatives,United States,0.19,0.29,0.09999999999999998,UP
StrictExclusion_20251011T183739,CRBN,9022,CENTRAL JAPAN RAILWAY,clean,Industrials,Japan,0.19,0.39,0.2,UP
StrictExclusion_20251011T183739,CRBN,CBA,COMMONWEALTH BANK OF AUSTRALIA,controversial,Financials,Australia,0.19,0.0,-0.19,DROP
StrictExclusion_20251011T183739,CRBN,MS,MORGAN STANLEY,controversial,Financials,United States,0.18,0.0,-0.18,DROP
StrictExclusion_20251011T183739,CRBN,6758,SONY,controversial,Consumer Discretionary,Japan,0.18,0.0,-0.18,DROP
StrictExclusion_20251011T183739,CRBN,TDG,TRANSDIGM,controversial,Industrials,United States,0.18,0.0,-0.18,DROP
StrictExclusion_20251011T183739,CRBN,FCX,FREEPORT MCMORAN,other,Materials,United States,0.18,0.54,0.36000000000000004,UP
StrictExclusion_20251011T183739,CRBN,ETN,EATON,controversial,Industrials,United States,0.18,0.0,-0.18,DROP
StrictExclusion_20251011T183739,CRBN,DBK,DEUTSCHE BANK,controversial,Financials,Germany,0.18,0.0,-0.18,DROP
StrictExclusion_20251011T183739,CRBN,UCG,UNICREDIT,other,Financials,Italy,0.17,0.27,0.1,UP
StrictExclusion_20251011T183739,CRBN,AXON,AXON ENTERPRISE,controversial,Industrials,United States,0.17,0.0,-0.17,DROP
StrictExclusion_20251011T183739,CRBN,6861,KEYENCE,other,Information Technology,Japan,0.17,0.37,0.19999999999999998,UP
StrictExclusion_20251011T183739,CRBN,EXC,EXELON,controversial,Utilities,United States,0.17,0.0,-0.17,DROP
StrictExclusion_20251011T183739,CRBN,REL,RELX,controversial,Industrials,United Kingdom,0.16,0.0,-0.16,DROP
StrictExclusion_20251011T183739,CRBN,2318,PING AN INSURANCE OF CH,other,Financials,China,0.16,0.36,0.19999999999999998,UP
StrictExclusion_20251011T183739,CRBN,BEL,BHARAT ELECTRONICS,controversial,Industrials,India,0.16,0.0,-0.16,DROP
StrictExclusion_20251011T183739,CRBN,RCI.B,ROGERS COMMUNICATIONS NON VOTING I,other,Communication,Canada,0.16,0.26,0.1,UP
StrictExclusion_20251011T183739,CRBN,RACE,FERRARI,other,Consumer Discretionary,Italy,0.16,0.26,0.1,UP
StrictExclusion_20251011T183739,CRBN,MSI,MOTOROLA SOLUTIONS,controversial,Information Technology,United States,0.16,0.0,-0.16,DROP
StrictExclusion_20251011T183739,CRBN,2914,JAPAN TOBACCO,controversial,Consumer Staples,Japan,0.16,0.0,-0.16,DROP
StrictExclusion_20251011T183739,CRBN,SCCO,SOUTHERN COPPER,other,Materials,Peru,0.16,0.26,0.1,UP
StrictExclusion_20251011T183739,CRBN,8591,ORIX,other,Financials,Japan,0.16,0.48,0.31999999999999995,UP
StrictExclusion_20251011T183739,CRBN,8766,TOKIO MARINE,other,Financials,Japan,0.15,0.25,0.1,UP
StrictExclusion_20251011T183739,CRBN,AHT,ASHTEAD,other,Industrials,United Kingdom,0.15,0.25,0.1,UP
StrictExclusion_20251011T183739,CRBN,SHOP,SHOPIFY SUBORDINATE VOTING,other,Information Technology,Canada,0.15,0.45,0.30000000000000004,UP
StrictExclusion_20251011T183739,CRBN,ABBN,ABB,clean,Industrials,Switzerland,0.15,0.25,0.1,UP
StrictExclusion_20251011T183739,CRBN,SBUX,STARBUCKS,controversial,Consumer Discretionary,United States,0.15,0.0,-0.15,DROP
StrictExclusion_20251011T183739,CRBN,TPL,TEXAS PACIFIC LAND,controversial,Energy,United States,0.15,0.0,-0.15,DROP
StrictExclusion_20251011T183739,CRBN,AER,AERCAP,other,Industrials,Netherlands,0.14,0.24,0.09999999999999998,UP
StrictExclusion_20251011T183739,CRBN,EL,ESSILORLUXOTTICA,other,Health Care,France,0.14,0.34,0.2,UP
StrictExclusion_20251011T183739,CRBN,AMS,AMADEUS IT,other,Consumer Discretionary,Spain,0.14,0.24,0.09999999999999998,UP
StrictExclusion_20251011T183739,CRBN,CFR,COMPAGNIE FINANCIERE RICHEMONT,other,Consumer Discretionary,Switzerland,0.14,0.42,0.27999999999999997,UP
StrictExclusion_20251011T183739,CRBN,NEE,NEXTERA ENERGY,controversial,Utilities,United States,0.14,0.0,-0.14,DROP
StrictExclusion_20251011T183739,CRBN,EIX,EDISON INTERNATIONAL,controversial,Utilities,United States,0.13,0.0,-0.13,DROP
StrictExclusion_20251011T183739,CRBN,EXO,EXOR,other,Financials,Netherlands,0.13,0.23,0.1,UP
StrictExclusion_20251011T183739,CRBN,8411,MIZUHO FINANCIAL,controversial,Financials,Japan,0.13,0.0,-0.13,DROP
StrictExclusion_20251011T183739,CRBN,BARC,BARCLAYS,controversial,Financials,United Kingdom,0.13,0.0,-0.13,DROP
StrictExclusion_20251011T183739,CRBN,CL,COLGATE PALMOLIVE,controversial,Consumer Staples,United States,0.13,0.0,-0.13,DROP
StrictExclusion_20251011T183739,CRBN,PLD,PROLOGIS REIT,other,Real Estate,United States,0.13,0.39,0.26,UP
StrictExclusion_20251011T183739,CRBN,HDFCBANK,HDFC BANK,other,Financials,India,0.13,0.33,0.2,UP
StrictExclusion_20251011T183739,CRBN,BBVA,BANCO BILBAO VIZCAYA ARGENTARIA,controversial,Financials,Spain,0.13,0.0,-0.13,DROP
StrictExclusion_20251011T183739,CRBN,DOL,DOLLARAMA,other,Consumer Discretionary,Canada,0.12,0.22,0.1,UP
StrictExclusion_20251011T183739,CRBN,9983,FAST RETAILING,controversial,Consumer Discretionary,Japan,0.12,0.0,-0.12,DROP
StrictExclusion_20251011T183739,CRBN,BN4,KEPPEL,controversial,Industrials,Singapore,0.12,0.0,-0.12,DROP
StrictExclusion_20251011T183739,CRBN,CSX,CSX,controversial,Industrials,United States,0.12,0.0,-0.12,DROP
StrictExclusion_20251011T183739,CRBN,SPG,SIMON PROPERTY REIT,other,Real Estate,United States,0.12,0.36,0.24,UP
StrictExclusion_20251011T183739,CRBN,AMT,AMERICAN TOWER REIT,other,Real Estate,United States,0.12,0.22,0.1,UP
StrictExclusion_20251011T183739,CRBN,BX,BLACKSTONE,controversial,Financials,United States,0.12,0.0,-0.12,DROP
StrictExclusion_20251011T183739,CRBN,TEL,TELENOR,other,Communication,Norway,0.11,0.21,0.09999999999999999,UP
StrictExclusion_20251011T183739,CRBN,TRI,THOMSON REUTERS,controversial,Industrials,Canada,0.11,0.0,-0.11,DROP
StrictExclusion_20251011T183739,CRBN,RHM,RHEINMETALL,controversial,Industrials,Germany,0.11,0.0,-0.11,DROP
StrictExclusion_20251011T183739,CRBN,WBC,WESTPAC BANKING,controversial,Financials,Australia,0.11,0.0,-0.11,DROP
StrictExclusion_20251011T183739,CRBN,III,3I,other,Financials,United Kingdom,0.1,0.3,0.19999999999999998,UP
StrictExclusion_20251011T183739,CRBN,CP,CANADIAN PACIFIC KANSAS CITY,clean,Industrials,Canada,0.1,0.2,0.1,UP
StrictExclusion_20251011T183739,CRBN,PEP,PEPSICO,controversial,Consumer Staples,United States,0.1,0.0,-0.1,DROP
StrictExclusion_20251011T183739,CRBN,KMI,KINDER MORGAN,controversial,Energy,United States,0.1,0.0,-0.1,DROP
StrictExclusion_20251011T183739,CRBN,LI,KLEPIERRE REIT,other,Real Estate,France,0.1,0.2,0.1,UP
StrictExclusion_20251011T183739,CRBN,CEG,CONSTELLATION ENERGY,controversial,Utilities,United States,0.1,0.0,-0.1,DROP
StrictExclusion_20251011T183739,CRBN,316140,WOORI FINANCIAL,other,Financials,Korea (South),0.1,0.2,0.1,UP
StrictExclusion_20251011T183739,CRBN,ELV,ELEVANCE HEALTH,controversial,Health Care,United States,0.1,0.0,-0.1,DROP
StrictExclusion_20251011T183739,CRBN,CSU.TO,CONSTELLATION SOFTWARE,other,Information Technology,Canada,0.1,0.2,0.1,UP
StrictExclusion_20251011T183739,CRBN,ANZ,ANZ,controversial,Financials,Australia,0.09,0.0,-0.09,DROP
StrictExclusion_20251011T183739,CRBN,CMG,CHIPOTLE MEXICAN GRILL,controversial,Consumer Discretionary,United States,0.09,0.0,-0.09,DROP
StrictExclusion_20251011T183739,CRBN,NWG,NATWEST,controversial,Financials,United Kingdom,0.09,0.0,-0.09,DROP
StrictExclusion_20251011T183739,CRBN,NKE,NIKE,clean,Consumer Discretionary,United States,0.09,0.0,-0.09,DROP
StrictExclusion_20251011T183739,CRBN,TRP,TC ENERGY,controversial,Energy,Canada,0.09,0.0,-0.09,DROP
StrictExclusion_20251011T183739,CRBN,DGE,DIAGEO,other,Consumer Staples,United Kingdom,0.09,0.19,0.1,UP
StrictExclusion_20251011T183739,CRBN,BKR,BAKER HUGHES,controversial,Energy,United States,0.09,0.0,-0.09,DROP
StrictExclusion_20251011T183739,CRBN,CBK,COMMERZBANK,controversial,Financials,Germany,0.09,0.0,-0.09,DROP
StrictExclusion_20251011T183739,CRBN,FTV,FORTIVE,controversial,Industrials,United States,0.09,0.0,-0.09,DROP
StrictExclusion_20251011T183739,CRBN,4013,DR SULAIMAN AL HABIB MEDICAL GRP,other,Health Care,Saudi Arabia,0.08,0.18,0.09999999999999999,UP
StrictExclusion_20251011T183739,CRBN,7741,HOYA,other,Health Care,Japan,0.08,0.18,0.09999999999999999,UP
StrictExclusion_20251011T183739,CRBN,HEXA B,HEXAGON,other,Information Technology,Sweden,0.08,0.24,0.15999999999999998,UP
StrictExclusion_20251011T183739,CRBN,ES,EVERSOURCE ENERGY,controversial,Utilities,United States,0.08,0.0,-0.08,DROP
StrictExclusion_20251011T183739,CRBN,1810,XIAOMI,other,Information Technology,China,0.08,0.24,0.15999999999999998,UP
StrictExclusion_20251011T183739,CRBN,1113,CK ASSET,other,Real Estate,Hong Kong,0.07,0.17,0.1,UP
StrictExclusion_20251011T183739,CRBN,G13,GENTING SINGAPORE,other,Consumer Discretionary,Singapore,0.07,0.17,0.1,UP
StrictExclusion_20251011T183739,CRBN,ITC,ITC,controversial,Consumer Staples,India,0.07,0.0,-0.07,DROP
StrictExclusion_20251011T183739,CRBN,4661,ORIENTAL LAND,other,Consumer Discretionary,Japan,0.07,0.17,0.1,UP
StrictExclusion_20251011T183739,CRBN,HINDUNILVR,HINDUSTAN UNILEVER,controversial,Consumer Staples,India,0.07,0.0,-0.07,DROP
StrictExclusion_20251011T183739,CRBN,FRE,FRESENIUS SE AND KGAA,other,Health Care,Germany,0.07,0.17,0.1,UP
StrictExclusion_20251011T183739,CRBN,DLTR,DOLLAR TREE,controversial,Consumer Staples,United States,0.06,0.0,-0.06,DROP
StrictExclusion_20251011T183739,CRBN,INFY,INFOSYS,other,Information Technology,India,0.06,0.16,0.1,UP
StrictExclusion_20251011T183739,CRBN,SLB,SCHLUMBERGER,controversial,Energy,United States,0.06,0.0,-0.06,DROP
StrictExclusion_20251011T183739,CRBN,CAE,CAE,controversial,Industrials,Canada,0.06,0.0,-0.06,DROP
StrictExclusion_20251011T183739,CRBN,TEN,TENARIS,controversial,Energy,Italy,0.06,0.0,-0.06,DROP
StrictExclusion_20251011T183739,CRBN,ALL,ARISTOCRAT LEISURE,other,Consumer Discretionary,Australia,0.06,0.16,0.1,UP
StrictExclusion_20251011T183739,CRBN,BNS,BANK OF NOVA SCOTIA,controversial,Financials,Canada,0.06,0.0,-0.06,DROP
StrictExclusion_20251011T183739,CRBN,35420,NAVER,other,Communication,Korea (South),0.06,0.16,0.1,UP
StrictExclusion_20251011T183739,CRBN,TRU,TRANSUNION,controversial,Industrials,United States,0.06,0.0,-0.06,DROP
StrictExclusion_20251011T183739,CRBN,7010,SAUDI TELECOM,other,Communication,Saudi Arabia,0.06,0.16,0.1,UP
StrictExclusion_20251011T183739,CRBN,NAB,NATIONAL AUSTRALIA BANK,controversial,Financials,Australia,0.06,0.0,-0.06,DROP
StrictExclusion_20251011T183739,CRBN,YUM,YUM BRANDS,controversial,Consumer Discretionary,United States,0.06,0.0,-0.06,DROP
StrictExclusion_20251011T183739,CRBN,ULVR,UNILEVER,controversial,Consumer Staples,United Kingdom,0.06,0.0,-0.06,DROP
StrictExclusion_20251011T183739,CRBN,144,CHINA MERCHANTS PORT,other,Industrials,China,0.06,0.16,0.1,UP
StrictExclusion_20251011T183739,CRBN,DSV,DSV,other,Industrials,Denmark,0.05,0.15,0.09999999999999999,UP
StrictExclusion_20251011T183739,CRBN,TLS,TELSTRA,other,Communication,Australia,0.05,0.15,0.09999999999999999,UP
StrictExclusion_20251011T183739,CRBN,MQG,MACQUARIE DEF,other,Financials,Australia,0.05,0.15,0.09999999999999999,UP
StrictExclusion_20251011T183739,CRBN,STAN,STANDARD CHARTERED,controversial,Financials,United Kingdom,0.05,0.0,-0.05,DROP
StrictExclusion_20251011T183739,CRBN,KEYS,KEYSIGHT TECHNOLOGIES,controversial,Information Technology,United States,0.05,0.0,-0.05,DROP
StrictExclusion_20251011T183739,CRBN,EQTL3,EQUATORIAL,controversial,Utilities,Brazil,0.05,0.0,-0.05,DROP
StrictExclusion_20251011T183739,CRBN,SRE,SEMPRA,controversial,Utilities,United States,0.05,0.0,-0.05,DROP
StrictExclusion_20251011T183739,CRBN,TCS,TATA CONSULTANCY SERVICES,controversial,Information Technology,India,0.05,0.0,-0.05,DROP
StrictExclusion_20251011T183739,CRBN,2633,TAIWAN HIGH SPEED RAIL,clean,Industrials,Taiwan,0.04,0.12,0.07999999999999999,UP
StrictExclusion_20251011T183739,CRBN,ABI,ANHEUSER BUSCH INBEV,other,Consumer Staples,Belgium,0.04,0.12,0.07999999999999999,UP
StrictExclusion_20251011T183739,CRBN,CHKP,CHECK POINT SOFTWARE TECHNOLOGIES,other,Information Technology,Israel,0.04,0.12,0.07999999999999999,UP
StrictExclusion_20251011T183739,CRBN,SCMN,SWISSCOM,other,Communication,Switzerland,0.04,0.12,0.07999999999999999,UP
StrictExclusion_20251011T183739,CRBN,ALE,ALLEGRO,other,Consumer Discretionary,Poland,0.04,0.12,0.07999999999999999,UP
StrictExclusion_20251011T183739,CRBN,66,MTR,other,Industrials,Hong Kong,0.04,0.12,0.07999999999999999,UP
StrictExclusion_20251011T183739,CRBN,GFNORTEO,GPO FINANCE BANORTE,other,Financials,Mexico,0.04,0.12,0.07999999999999999,UP
StrictExclusion_20251011T183739,CRBN,FSR,FIRSTRAND,other,Financials,South Africa,0.04,0.12,0.07999999999999999,UP
StrictExclusion_20251011T183739,CRBN,DSY,DASSAULT SYSTEMES,other,Information Technology,France,0.04,0.12,0.07999999999999999,UP
StrictExclusion_20251011T183739,CRBN,DELTA.R,DELTA ELECTRONICS THAILAND NON V,other,Information Technology,Thailand,0.03,0.09,0.06,UP
StrictExclusion_20251011T183739,CRBN,ETERNAL,ETERNAL,other,Consumer Discretionary,India,0.03,0.09,0.06,UP
StrictExclusion_20251011T183739,CRBN,68270,CELLTRION,other,Health Care,Korea (South),0.03,0.09,0.06,UP
StrictExclusion_20251011T183739,CRBN,KPN,KONINKLIJKE KPN,other,Communication,Netherlands,0.03,0.09,0.06,UP
StrictExclusion_20251011T183739,CRBN,TEMN,TEMENOS,other,Information Technology,Switzerland,0.03,0.09,0.06,UP
StrictExclusion_20251011T183739,CRBN,TWD,TWD CASH,other,Cash and/or Derivatives,Taiwan,0.03,0.09,0.06,UP
StrictExclusion_20251011T183739,CRBN,MULTIPLY,MULTIPLY,other,Industrials,United Arab Emirates,0.03,0.09,0.06,UP
StrictExclusion_20251011T183739,CRBN,2269,WUXI BIOLOGICS CAYMAN,other,Health Care,China,0.03,0.09,0.06,UP
StrictExclusion_20251011T183739,CRBN,2269,WUXI BIOLOGICS CAYMAN,other,Health Care,China,0.03,0.09,0.06,UP
StrictExclusion_20251011T183739,DMXF,SAP,SAP,other,Information Technology,Germany,3.42,3.52,0.10000000000000009,UP
StrictExclusion_20251011T183739,DMXF,NOVN,NOVARTIS,other,Health Care,Switzerland,2.58,2.68,0.10000000000000009,UP
StrictExclusion_20251011T183739,DMXF,SU,SCHNEIDER ELECTRIC,other,Industrials,France,1.61,1.71,0.09999999999999987,UP
StrictExclusion_20251011T183739,DMXF,REL,RELX,controversial,Industrials,United Kingdom,1.11,0.0,-1.11,DROP
StrictExclusion_20251011T183739,DMXF,8316,SUMITOMO MITSUI FINANCIAL IN,other,Financials,Japan,1.08,1.18,0.09999999999999987,UP
StrictExclusion_20251011T183739,DMXF,6098,RECRUIT,controversial,Industrials,Japan,0.95,0.0,-0.95,DROP
StrictExclusion_20251011T183739,DMXF,CS,AXA,controversial,Financials,France,0.95,0.0,-0.95,DROP
StrictExclusion_20251011T183739,DMXF,D05,DBS,controversial,Financials,Singapore,0.91,0.0,-0.91,DROP
StrictExclusion_20251011T183739,DMXF,INGA,ING GROEP,controversial,Financials,Netherlands,0.82,0.0,-0.82,DROP
StrictExclusion_20251011T183739,DMXF,CMPGF,COMPASS,controversial,Consumer Discretionary,United Kingdom,0.69,0.0,-0.69,DROP
StrictExclusion_20251011T183739,DMXF,O39,OVERSEA CHINESE BANKING,controversial,Financials,Singapore,0.51,0.0,-0.51,DROP
StrictExclusion_20251011T183739,DMXF,6701,NEC,controversial,Information Technology,Japan,0.43,0.0,-0.43,DROP
StrictExclusion_20251011T183739,DMXF,U11,UNITED OVERSEAS BANK,controversial,Financials,Singapore,0.41,0.0,-0.41,DROP
StrictExclusion_20251011T183739,DMXF,CBK,COMMERZBANK,controversial,Financials,Germany,0.4,0.0,-0.4,DROP
StrictExclusion_20251011T183739,DMXF,PGHN,PARTNERS HOLDING,controversial,Financials,Switzerland,0.35,0.0,-0.35,DROP
StrictExclusion_20251011T183739,DMXF,6301,KOMATSU,controversial,Industrials,Japan,0.34,0.0,-0.34,DROP
StrictExclusion_20251011T183739,DMXF,8267,AEON,controversial,Consumer Staples,Japan,0.3,0.0,-0.3,DROP
StrictExclusion_20251011T183739,DMXF,4452,KAO,controversial,Consumer Staples,Japan,0.25,0.0,-0.25,DROP
StrictExclusion_20251011T183739,DMXF,1925,DAIWA HOUSE INDUSTRY,controversial,Real Estate,Japan,0.22,0.0,-0.22,DROP
StrictExclusion_20251011T183739,DMXF,KER,KERING,clean,Consumer Discretionary,France,0.21,0.0,-0.21,DROP
StrictExclusion_20251011T183739,DMXF,7013,IHI,controversial,Industrials,Japan,0.2,0.0,-0.2,DROP
StrictExclusion_20251011T183739,DMXF,7936,ASICS,controversial,Consumer Discretionary,Japan,0.18,0.0,-0.18,DROP
StrictExclusion_20251011T183739,DMXF,1928,SEKISUI HOUSE,controversial,Consumer Discretionary,Japan,0.15,0.0,-0.15,DROP
StrictExclusion_20251011T183739,DMXF,1928,SEKISUI HOUSE,controversial,Consumer Discretionary,Japan,0.15,0.0,-0.15,DROP
StrictExclusion_20251011T183739,DMXF,BEI,BEIERSDORF,controversial,Consumer Staples,Germany,0.14,0.0,-0.14,DROP
StrictExclusion_20251011T183739,DMXF,SMIN,SMITHS,controversial,Industrials,United Kingdom,0.12,0.0,-0.12,DROP
StrictExclusion_20251011T183739,DMXF,NICE,NICE,controversial,Information Technology,Israel,0.11,0.0,-0.11,DROP
StrictExclusion_20251011T183739,DMXF,ABF,ASSOCIATED BRITISH FOODS,controversial,Consumer Staples,United Kingdom,0.11,0.0,-0.11,DROP
StrictExclusion_20251011T183739,DMXF,PSON,PEARSON,controversial,Consumer Discretionary,United Kingdom,0.1,0.0,-0.1,DROP
StrictExclusion_20251011T183739,DMXF,MAERSK B,A P MOLLER MAERSK B,controversial,Industrials,Denmark,0.1,0.0,-0.1,DROP
StrictExclusion_20251011T183739,DMXF,9843,NITORI,controversial,Consumer Discretionary,Japan,0.08,0.0,-0.08,DROP
StrictExclusion_20251011T183739,DMXF,4911,SHISEIDO,controversial,Consumer Staples,Japan,0.08,0.0,-0.08,DROP
StrictExclusion_20251011T183739,DMXF,7272,YAMAHA MOTOR,controversial,Consumer Discretionary,Japan,0.08,0.0,-0.08,DROP
StrictExclusion_20251011T183739,DMXF,8113,UNICHARM,controversial,Consumer Staples,Japan,0.08,0.0,-0.08,DROP
StrictExclusion_20251011T183739,DMXF,7912,DAI NIPPON PRINTING,controversial,Industrials,Japan,0.08,0.0,-0.08,DROP
StrictExclusion_20251011T183739,DMXF,7911,TOPPAN,controversial,Industrials,Japan,0.08,0.0,-0.08,DROP
StrictExclusion_20251011T183739,DMXF,2801,KIKKOMAN,controversial,Consumer Staples,Japan,0.08,0.0,-0.08,DROP
StrictExclusion_20251011T183739,DMXF,2801,KIKKOMAN,controversial,Consumer Staples,Japan,0.08,0.0,-0.08,DROP
StrictExclusion_20251011T183739,DMXF,KGF,KINGFISHER,controversial,Consumer Discretionary,United Kingdom,0.07,0.0,-0.07,DROP
StrictExclusion_20251011T183739,DMXF,IFT,INFRATIL,controversial,Financials,New Zealand,0.07,0.0,-0.07,DROP
StrictExclusion_20251011T183739,DMXF,MNDI,MONDI,controversial,Materials,United Kingdom,0.07,0.0,-0.07,DROP
StrictExclusion_20251011T183739,DMXF,SW,SODEXO,controversial,Consumer Discretionary,France,0.06,0.0,-0.06,DROP
StrictExclusion_20251011T183739,DMXF,SW,SODEXO,controversial,Consumer Discretionary,France,0.06,0.0,-0.06,DROP
StrictExclusion_20251011T183739,DMXF,2269,MEIJI,controversial,Consumer Staples,Japan,0.06,0.0,-0.06,DROP
StrictExclusion_20251011T183739,DMXF,2269,MEIJI,controversial,Consumer Staples,Japan,0.06,0.0,-0.06,DROP
StrictExclusion_20251011T183739,DMXF,2267,YAKULT HONSHA,controversial,Consumer Staples,Japan,0.05,0.0,-0.05,DROP
StrictExclusion_20251011T183739,DSI,MSFT,MICROSOFT,clean,Information Technology,United States,12.77,0.0,-12.77,DROP
StrictExclusion_20251011T183739,DSI,GOOG,ALPHABET,clean,Communication,United States,3.84,0.0,-3.84,DROP
StrictExclusion_20251011T183739,DSI,GOOG,ALPHABET,clean,Communication,United States,3.27,0.0,-3.27,DROP
StrictExclusion_20251011T183739,DSI,TSLA,TESLA,clean,Consumer Discretionary,United States,3.02,5.0,1.98,UP
StrictExclusion_20251011T183739,DSI,V,VISA,other,Financials,United States,1.99,5.0,3.01,UP
StrictExclusion_20251011T183739,DSI,MA,MASTERCARD,other,Financials,United States,1.57,3.57,1.9999999999999998,UP
StrictExclusion_20251011T183739,DSI,ORCL,ORACLE,other,Information Technology,United States,1.43,4.29,2.8600000000000003,UP
StrictExclusion_20251011T183739,DSI,HD,HOME DEPOT,other,Consumer Discretionary,United States,1.28,2.58,1.3,UP
StrictExclusion_20251011T183739,DSI,PG,PROCTER GAMBLE,controversial,Consumer Staples,United States,1.19,0.0,-1.19,DROP
StrictExclusion_20251011T183739,DSI,ABBV,ABBVIE,clean,Health Care,United States,1.18,3.54,2.3600000000000003,UP
StrictExclusion_20251011T183739,DSI,AMD,ADVANCED MICRO DEVICES,clean,Information Technology,United States,0.97,2.91,1.9400000000000002,UP
StrictExclusion_20251011T183739,DSI,KO,COCA COLA,other,Consumer Staples,United States,0.95,1.75,0.8,UP
StrictExclusion_20251011T183739,DSI,CSCO,CISCO SYSTEMS,clean,Information Technology,United States,0.92,2.76,1.8399999999999999,UP
StrictExclusion_20251011T183739,DSI,CRM,SALESFORCE,controversial,Information Technology,United States,0.82,0.0,-0.82,DROP
StrictExclusion_20251011T183739,DSI,IBM,INTERNATIONAL BUSINESS MACHINES,other,Information Technology,United States,0.79,2.37,1.58,UP
StrictExclusion_20251011T183739,DSI,LIN,LINDE,other,Materials,United States,0.75,1.95,1.2,UP
StrictExclusion_20251011T183739,DSI,INTU,INTUIT,other,Information Technology,United States,0.74,2.22,1.4800000000000002,UP
StrictExclusion_20251011T183739,DSI,DIS,WALT DISNEY,controversial,Communication,United States,0.73,0.0,-0.73,DROP
StrictExclusion_20251011T183739,DSI,CAT,CATERPILLAR,controversial,Industrials,United States,0.7,0.0,-0.7,DROP
StrictExclusion_20251011T183739,DSI,MRK,MERCK,clean,Health Care,United States,0.68,1.78,1.1,UP
StrictExclusion_20251011T183739,DSI,PEP,PEPSICO,controversial,Consumer Staples,United States,0.65,0.0,-0.65,DROP
StrictExclusion_20251011T183739,DSI,NOW,SERVICENOW,other,Information Technology,United States,0.65,1.95,1.2999999999999998,UP
StrictExclusion_20251011T183739,DSI,VZ,VERIZON COMMUNICATIONS,other,Communication,United States,0.61,1.01,0.4,UP
StrictExclusion_20251011T183739,DSI,BKNG,BOOKING,controversial,Consumer Discretionary,United States,0.61,0.0,-0.61,DROP
StrictExclusion_20251011T183739,DSI,SPGI,S P GLOBAL,controversial,Financials,United States,0.6,0.0,-0.6,DROP
StrictExclusion_20251011T183739,DSI,MS,MORGAN STANLEY,controversial,Financials,United States,0.58,0.0,-0.58,DROP
StrictExclusion_20251011T183739,DSI,TXN,TEXAS INSTRUMENT,other,Information Technology,United States,0.56,1.56,1.0,UP
StrictExclusion_20251011T183739,DSI,ACN,ACCENTURE,controversial,Information Technology,United States,0.55,0.0,-0.55,DROP
StrictExclusion_20251011T183739,DSI,ETN,EATON,controversial,Industrials,United States,0.51,0.0,-0.51,DROP
StrictExclusion_20251011T183739,DSI,UNP,UNION PACIFIC,other,Industrials,United States,0.45,1.35,0.9000000000000001,UP
StrictExclusion_20251011T183739,DSI,DE,DEERE,other,Industrials,United States,0.44,1.32,0.8800000000000001,UP
StrictExclusion_20251011T183739,DSI,ADP,AUTOMATIC DATA PROCESSING,other,Industrials,United States,0.42,1.26,0.8400000000000001,UP
StrictExclusion_20251011T183739,DSI,ADP,AUTOMATIC DATA PROCESSING,other,Industrials,United States,0.42,0.72,0.3,UP
StrictExclusion_20251011T183739,DSI,WELL,WELLTOWER,other,Real Estate,United States,0.37,1.11,0.7400000000000001,UP
StrictExclusion_20251011T183739,DSI,SBUX,STARBUCKS,controversial,Consumer Discretionary,United States,0.34,0.0,-0.34,DROP
StrictExclusion_20251011T183739,DSI,AMT,AMERICAN TOWER REIT,other,Real Estate,United States,0.34,0.74,0.39999999999999997,UP
StrictExclusion_20251011T183739,DSI,PH,PARKER HANNIFIN,controversial,Industrials,United States,0.31,0.0,-0.31,DROP
StrictExclusion_20251011T183739,DSI,NKE,NIKE,clean,Consumer Discretionary,United States,0.3,0.0,-0.3,DROP
StrictExclusion_20251011T183739,DSI,MDLZ,MONDELEZ INTERNATIONAL,controversial,Consumer Staples,United States,0.28,0.0,-0.28,DROP
StrictExclusion_20251011T183739,DSI,MMM,3M,controversial,Industrials,United States,0.27,0.0,-0.27,DROP
StrictExclusion_20251011T183739,DSI,MSI,MOTOROLA SOLUTIONS,controversial,Information Technology,United States,0.25,0.0,-0.25,DROP
StrictExclusion_20251011T183739,DSI,CSX,CSX,controversial,Industrials,United States,0.23,0.0,-0.23,DROP
StrictExclusion_20251011T183739,DSI,CL,COLGATE PALMOLIVE,controversial,Consumer Staples,United States,0.22,0.0,-0.22,DROP
StrictExclusion_20251011T183739,DSI,ELV,ELEVANCE HEALTH,controversial,Health Care,United States,0.21,0.0,-0.21,DROP
StrictExclusion_20251011T183739,DSI,AXON,AXON ENTERPRISE,controversial,Industrials,United States,0.18,0.0,-0.18,DROP
StrictExclusion_20251011T183739,DSI,SRE,SEMPRA,controversial,Utilities,United States,0.18,0.0,-0.18,DROP
StrictExclusion_20251011T183739,DSI,LNG,CHENIERE ENERGY,controversial,Energy,United States,0.18,0.0,-0.18,DROP
StrictExclusion_20251011T183739,DSI,MPC,MARATHON PETROLEUM,controversial,Energy,United States,0.18,0.0,-0.18,DROP
StrictExclusion_20251011T183739,DSI,OKE,ONEOK,controversial,Energy,United States,0.17,0.0,-0.17,DROP
StrictExclusion_20251011T183739,DSI,PSX,PHILLIPS,other,Energy,United States,0.17,0.27,0.1,UP
StrictExclusion_20251011T183739,DSI,TGT,TARGET,controversial,Consumer Staples,United States,0.15,0.0,-0.15,DROP
StrictExclusion_20251011T183739,DSI,EXC,EXELON,controversial,Utilities,United States,0.15,0.0,-0.15,DROP
StrictExclusion_20251011T183739,DSI,KMB,KIMBERLY CLARK,clean,Consumer Staples,United States,0.15,0.0,-0.15,DROP
StrictExclusion_20251011T183739,DSI,BKR,BAKER HUGHES,controversial,Energy,United States,0.15,0.0,-0.15,DROP
StrictExclusion_20251011T183739,DSI,VLO,VALERO ENERGY,controversial,Energy,United States,0.14,0.0,-0.14,DROP
StrictExclusion_20251011T183739,DSI,SYY,SYSCO,controversial,Consumer Staples,United States,0.13,0.0,-0.13,DROP
StrictExclusion_20251011T183739,DSI,CAH,CARDINAL HEALTH,controversial,Health Care,United States,0.13,0.0,-0.13,DROP
StrictExclusion_20251011T183739,DSI,ED,CONSOLIDATED EDISON,controversial,Utilities,United States,0.13,0.0,-0.13,DROP
StrictExclusion_20251011T183739,DSI,TRGP,TARGA RESOURCES,controversial,Energy,United States,0.12,0.0,-0.12,DROP
StrictExclusion_20251011T183739,DSI,XTSLA,BLK CSH FND TREASURY SL AGENCY,other,Cash and/or Derivatives,United States,0.11,0.21,0.09999999999999999,UP
StrictExclusion_20251011T183739,DSI,AWK,AMERICAN WATER WORKS,other,Utilities,United States,0.1,0.2,0.1,UP
StrictExclusion_20251011T183739,DSI,KEYS,KEYSIGHT TECHNOLOGIES,controversial,Information Technology,United States,0.09,0.0,-0.09,DROP
StrictExclusion_20251011T183739,DSI,GIS,GENERAL MILLS,controversial,Consumer Staples,United States,0.09,0.0,-0.09,DROP
StrictExclusion_20251011T183739,DSI,ADM,ARCHER DANIELS MIDLAND,controversial,Consumer Staples,United States,0.09,0.0,-0.09,DROP
StrictExclusion_20251011T183739,DSI,ADM,ARCHER DANIELS MIDLAND,controversial,Consumer Staples,United States,0.09,0.0,-0.09,DROP
StrictExclusion_20251011T183739,DSI,ATO,ATMOS ENERGY,controversial,Utilities,United States,0.09,0.0,-0.09,DROP
StrictExclusion_20251011T183739,DSI,WSM,WILLIAMS SONOMA,controversial,Consumer Discretionary,United States,0.08,0.0,-0.08,DROP
StrictExclusion_20251011T183739,DSI,ES,EVERSOURCE ENERGY,controversial,Utilities,United States,0.08,0.0,-0.08,DROP
StrictExclusion_20251011T183739,DSI,IP,INTERNATIONAL PAPER,controversial,Materials,United States,0.08,0.0,-0.08,DROP
StrictExclusion_20251011T183739,DSI,RF,REGIONS FINANCIAL,controversial,Financials,United States,0.08,0.0,-0.08,DROP
StrictExclusion_20251011T183739,DSI,RF,REGIONS FINANCIAL,controversial,Financials,United States,0.08,0.0,-0.08,DROP
StrictExclusion_20251011T183739,DSI,CMS,CMS ENERGY,controversial,Utilities,United States,0.08,0.0,-0.08,DROP
StrictExclusion_20251011T183739,DSI,K,KELLANOVA,controversial,Consumer Staples,United States,0.07,0.0,-0.07,DROP
StrictExclusion_20251011T183739,DSI,K,KELLANOVA,controversial,Consumer Staples,United States,0.07,0.0,-0.07,DROP
StrictExclusion_20251011T183739,DSI,CFG,CITIZENS FINANCIAL,controversial,Financials,United States,0.07,0.0,-0.07,DROP
StrictExclusion_20251011T183739,DSI,NI,NISOURCE,controversial,Utilities,United States,0.07,0.0,-0.07,DROP
StrictExclusion_20251011T183739,DSI,HAL,HALLIBURTON,controversial,Energy,United States,0.06,0.0,-0.06,DROP
StrictExclusion_20251011T183739,DSI,TRU,TRANSUNION,controversial,Industrials,United States,0.06,0.0,-0.06,DROP
StrictExclusion_20251011T183739,DSI,J,JACOBS SOLUTIONS,controversial,Industrials,United States,0.06,0.0,-0.06,DROP
StrictExclusion_20251011T183739,DSI,DECK,DECKERS OUTDOOR,controversial,Consumer Discretionary,United States,0.05,0.0,-0.05,DROP
StrictExclusion_20251011T183739,DSI,FTV,FORTIVE,controversial,Industrials,United States,0.05,0.0,-0.05,DROP
StrictExclusion_20251011T183739,DSI,CLX,CLOROX,controversial,Consumer Staples,United States,0.05,0.0,-0.05,DROP
StrictExclusion_20251011T183739,DSI,FTI,TECHNIPFMC,controversial,Energy,United States,0.05,0.0,-0.05,DROP
StrictExclusion_20251011T183739,EMXF,2330,TAIWAN SEMICONDUCTOR MANUFACTURING,clean,Information Technology,Taiwan,5.64,3.86,-1.7799999999999998,DOWN
StrictExclusion_20251011T183739,EMXF,HINDUNILVR,HINDUSTAN UNILEVER,controversial,Consumer Staples,India,0.55,0.0,-0.55,DROP
StrictExclusion_20251011T183739,EMXF,34020,DOOSAN ENERBILITY,controversial,Industrials,Korea (South),0.5,0.0,-0.5,DROP
StrictExclusion_20251011T183739,EMXF,TITAN,TITAN,controversial,Consumer Discretionary,India,0.33,0.0,-0.33,DROP
StrictExclusion_20251011T183739,EMXF,2010,SAUDI BASIC INDUSTRIES,controversial,Materials,Saudi Arabia,0.33,0.0,-0.33,DROP
StrictExclusion_20251011T183739,EMXF,1216,UNI PRESIDENT ENTERPRISES,controversial,Consumer Staples,Taiwan,0.3,0.0,-0.3,DROP
StrictExclusion_20251011T183739,EMXF,TRENT,TRENT,controversial,Consumer Discretionary,India,0.26,0.0,-0.26,DROP
StrictExclusion_20251011T183739,EMXF,810,SAMSUNG FIRE MARINE INSURANCE LT,controversial,Financials,Korea (South),0.23,0.0,-0.23,DROP
StrictExclusion_20251011T183739,EMXF,NESTLEIND,NESTLE INDIA,controversial,Consumer Staples,India,0.2,0.0,-0.2,DROP
StrictExclusion_20251011T183739,EMXF,EQTL3,EQUATORIAL,controversial,Utilities,Brazil,0.18,0.0,-0.18,DROP
StrictExclusion_20251011T183739,EMXF,INDHOTEL,INDIAN HOTELS,controversial,Consumer Discretionary,India,0.17,0.0,-0.17,DROP
StrictExclusion_20251011T183739,EMXF,TATACONSUM,TATA CONSUMER PRODUCTS,controversial,Consumer Staples,India,0.17,0.0,-0.17,DROP
StrictExclusion_20251011T183739,EMXF,2319,CHINA MENGNIU DAIRY,controversial,Consumer Staples,China,0.15,0.0,-0.15,DROP
StrictExclusion_20251011T183739,EMXF,CENCOSUD,CENCOSUD,controversial,Consumer Staples,Chile,0.1,0.0,-0.1,DROP
StrictExclusion_20251011T183739,EMXF,VOLTAS,VOLTAS,controversial,Industrials,India,0.08,0.0,-0.08,DROP
StrictExclusion_20251011T183739,EMXF,3998,BOSIDENG INTERNATIONAL,controversial,Consumer Discretionary,China,0.06,0.0,-0.06,DROP
StrictExclusion_20251011T183739,EMXF,TATAELXSI,TATA ELXSI,controversial,Information Technology,India,0.05,0.0,-0.05,DROP
StrictExclusion_20251011T183739,EMXF,1044,HENGAN INTERNATIONAL,controversial,Consumer Staples,China,0.05,0.0,-0.05,DROP
StrictExclusion_20251011T183739,ESGD,SAP,SAP,other,Information Technology,Germany,1.82,2.02,0.19999999999999996,UP
StrictExclusion_20251011T183739,ESGD,NOVN,NOVARTIS,other,Health Care,Switzerland,1.31,1.81,0.5,UP
StrictExclusion_20251011T183739,ESGD,AZN,ASTRAZENECA,clean,Health Care,United Kingdom,1.23,1.33,0.10000000000000009,UP
StrictExclusion_20251011T183739,ESGD,HSBA,HSBC,controversial,Financials,United Kingdom,1.1,0.0,-1.1,DROP
StrictExclusion_20251011T183739,ESGD,ABBN,ABB,clean,Industrials,Switzerland,1.05,1.25,0.19999999999999996,UP
StrictExclusion_20251011T183739,ESGD,SU,SCHNEIDER ELECTRIC,other,Industrials,France,1.04,1.34,0.30000000000000004,UP
StrictExclusion_20251011T183739,ESGD,NESN,NESTLE,other,Consumer Staples,Switzerland,1.02,1.12,0.10000000000000009,UP
StrictExclusion_20251011T183739,ESGD,CBA,COMMONWEALTH BANK OF AUSTRALIA,controversial,Financials,Australia,1.02,0.0,-1.02,DROP
StrictExclusion_20251011T183739,ESGD,SIE,SIEMENS N,other,Industrials,Germany,1.01,1.31,0.30000000000000004,UP
StrictExclusion_20251011T183739,ESGD,6758,SONY,controversial,Consumer Discretionary,Japan,1.0,0.0,-1.0,DROP
StrictExclusion_20251011T183739,ESGD,TTE,TOTALENERGIES,other,Energy,France,0.95,1.15,0.19999999999999996,UP
StrictExclusion_20251011T183739,ESGD,ALV,ALLIANZ,other,Financials,Germany,0.89,1.09,0.20000000000000007,UP
StrictExclusion_20251011T183739,ESGD,ULVR,UNILEVER,controversial,Consumer Staples,United Kingdom,0.88,0.0,-0.88,DROP
StrictExclusion_20251011T183739,ESGD,ZURN,ZURICH INSURANCE,other,Financials,Switzerland,0.88,0.98,0.09999999999999998,UP
StrictExclusion_20251011T183739,ESGD,IBE,IBERDROLA,clean,Utilities,Spain,0.81,0.91,0.09999999999999998,UP
StrictExclusion_20251011T183739,ESGD,REL,RELX,controversial,Industrials,United Kingdom,0.79,0.0,-0.79,DROP
StrictExclusion_20251011T183739,ESGD,SAN,BANCO SANTANDER,other,Financials,Spain,0.78,0.98,0.19999999999999996,UP
StrictExclusion_20251011T183739,ESGD,SHEL,SHELL,controversial,Energy,United Kingdom,0.78,0.0,-0.78,DROP
StrictExclusion_20251011T183739,ESGD,8306,MITSUBISHI UFJ FINANCIAL,controversial,Financials,Japan,0.78,0.0,-0.78,DROP
StrictExclusion_20251011T183739,ESGD,6501,HITACHI,other,Industrials,Japan,0.74,1.04,0.30000000000000004,UP
StrictExclusion_20251011T183739,ESGD,BN,DANONE,controversial,Consumer Staples,France,0.74,0.0,-0.74,DROP
StrictExclusion_20251011T183739,ESGD,BN,DANONE,controversial,Consumer Staples,France,0.74,0.0,-0.74,DROP
StrictExclusion_20251011T183739,ESGD,7203,TOYOTA MOTOR,other,Consumer Discretionary,Japan,0.72,0.92,0.20000000000000007,UP
StrictExclusion_20251011T183739,ESGD,CS,AXA,other,Financials,France,0.72,0.82,0.09999999999999998,UP
StrictExclusion_20251011T183739,ESGD,MC,LVMH,controversial,Consumer Discretionary,France,0.71,0.0,-0.71,DROP
StrictExclusion_20251011T183739,ESGD,8316,SUMITOMO MITSUI FINANCIAL IN,other,Financials,Japan,0.67,1.47,0.7999999999999999,UP
StrictExclusion_20251011T183739,ESGD,OR,LOREAL,other,Consumer Staples,France,0.64,0.74,0.09999999999999998,UP
StrictExclusion_20251011T183739,ESGD,ISP,INTESA SANPAOLO,other,Financials,Italy,0.62,0.92,0.30000000000000004,UP
StrictExclusion_20251011T183739,ESGD,EL,ESSILORLUXOTTICA,other,Health Care,France,0.59,0.89,0.30000000000000004,UP
StrictExclusion_20251011T183739,ESGD,8001,ITOCHU,controversial,Industrials,Japan,0.56,0.0,-0.56,DROP
StrictExclusion_20251011T183739,ESGD,CSL,CSL,other,Health Care,Australia,0.54,0.64,0.09999999999999998,UP
StrictExclusion_20251011T183739,ESGD,1299,AIA,other,Financials,Hong Kong,0.54,0.84,0.29999999999999993,UP
StrictExclusion_20251011T183739,ESGD,9433,KDDI,other,Communication,Japan,0.52,0.62,0.09999999999999998,UP
StrictExclusion_20251011T183739,ESGD,RHM,RHEINMETALL,controversial,Industrials,Germany,0.52,0.0,-0.52,DROP
StrictExclusion_20251011T183739,ESGD,BN4,KEPPEL,controversial,Industrials,Singapore,0.52,0.0,-0.52,DROP
StrictExclusion_20251011T183739,ESGD,8035,TOKYO ELECTRON,other,Information Technology,Japan,0.5,0.8,0.30000000000000004,UP
StrictExclusion_20251011T183739,ESGD,RR.,ROLLS ROYCE,controversial,Industrials,United Kingdom,0.5,0.0,-0.5,DROP
StrictExclusion_20251011T183739,ESGD,SPOT,SPOTIFY TECHNOLOGY,other,Communication,Sweden,0.48,0.58,0.09999999999999998,UP
StrictExclusion_20251011T183739,ESGD,III,3I,other,Financials,United Kingdom,0.48,0.58,0.09999999999999998,UP
StrictExclusion_20251011T183739,ESGD,NG.,NATIONAL GRID,controversial,Utilities,United Kingdom,0.48,0.0,-0.48,DROP
StrictExclusion_20251011T183739,ESGD,PRX,PROSUS,other,Consumer Discretionary,Netherlands,0.47,0.57,0.09999999999999998,UP
StrictExclusion_20251011T183739,ESGD,BNP,BNP PARIBAS,controversial,Financials,France,0.47,0.0,-0.47,DROP
StrictExclusion_20251011T183739,ESGD,DBK,DEUTSCHE BANK,controversial,Financials,Germany,0.45,0.0,-0.45,DROP
StrictExclusion_20251011T183739,ESGD,INGA,ING GROEP,controversial,Financials,Netherlands,0.45,0.0,-0.45,DROP
StrictExclusion_20251011T183739,ESGD,BA.,BAE SYSTEMS,controversial,Industrials,United Kingdom,0.44,0.0,-0.44,DROP
StrictExclusion_20251011T183739,ESGD,WDS,WOODSIDE ENERGY,controversial,Energy,Australia,0.44,0.0,-0.44,DROP
StrictExclusion_20251011T183739,ESGD,DGE,DIAGEO,other,Consumer Staples,United Kingdom,0.44,0.54,0.10000000000000003,UP
StrictExclusion_20251011T183739,ESGD,TCL,TRANSURBAN STAPLED UNITS,other,Industrials,Australia,0.43,0.73,0.3,UP
StrictExclusion_20251011T183739,ESGD,BHP,BHP,controversial,Materials,Australia,0.43,0.0,-0.43,DROP
StrictExclusion_20251011T183739,ESGD,RMS,HERMES INTERNATIONAL,other,Consumer Discretionary,France,0.42,0.52,0.10000000000000003,UP
StrictExclusion_20251011T183739,ESGD,BARC,BARCLAYS,controversial,Financials,United Kingdom,0.4,0.0,-0.4,DROP
StrictExclusion_20251011T183739,ESGD,HEN,HENKEL,other,Consumer Staples,Germany,0.4,0.7,0.29999999999999993,UP
StrictExclusion_20251011T183739,ESGD,D05,DBS,controversial,Financials,Singapore,0.38,0.0,-0.38,DROP
StrictExclusion_20251011T183739,ESGD,1928,SEKISUI HOUSE,controversial,Consumer Discretionary,Japan,0.38,0.0,-0.38,DROP
StrictExclusion_20251011T183739,ESGD,1928,SEKISUI HOUSE,controversial,Consumer Discretionary,Japan,0.38,0.0,-0.38,DROP
StrictExclusion_20251011T183739,ESGD,6702,FUJITSU,controversial,Information Technology,Japan,0.37,0.0,-0.37,DROP
StrictExclusion_20251011T183739,ESGD,9983,FAST RETAILING,controversial,Consumer Discretionary,Japan,0.37,0.0,-0.37,DROP
StrictExclusion_20251011T183739,ESGD,7741,HOYA,other,Health Care,Japan,0.36,0.86,0.5,UP
StrictExclusion_20251011T183739,ESGD,7011,MITSUBISHI HEAVY INDUSTRIES,controversial,Industrials,Japan,0.36,0.0,-0.36,DROP
StrictExclusion_20251011T183739,ESGD,WES,WESFARMERS,other,Consumer Discretionary,Australia,0.34,0.44,0.09999999999999998,UP
StrictExclusion_20251011T183739,ESGD,INF,INFORMA,other,Communication,United Kingdom,0.32,0.52,0.2,UP
StrictExclusion_20251011T183739,ESGD,KBC,KBC GROEP,other,Financials,Belgium,0.32,0.52,0.2,UP
StrictExclusion_20251011T183739,ESGD,8058,MITSUBISHI,controversial,Industrials,Japan,0.31,0.0,-0.31,DROP
StrictExclusion_20251011T183739,ESGD,8002,MARUBENI,controversial,Industrials,Japan,0.31,0.0,-0.31,DROP
StrictExclusion_20251011T183739,ESGD,MRK,MERCK,other,Health Care,Germany,0.31,0.81,0.5,UP
StrictExclusion_20251011T183739,ESGD,SPSN,SWISS PRIME SITE,other,Real Estate,Switzerland,0.31,0.41,0.09999999999999998,UP
StrictExclusion_20251011T183739,ESGD,GIVN,GIVAUDAN,other,Materials,Switzerland,0.31,0.51,0.2,UP
StrictExclusion_20251011T183739,ESGD,7272,YAMAHA MOTOR,controversial,Consumer Discretionary,Japan,0.3,0.0,-0.3,DROP
StrictExclusion_20251011T183739,ESGD,ITX,INDUSTRIA DE DISENO TEXTIL INDITEX,other,Consumer Discretionary,Spain,0.3,0.4,0.10000000000000003,UP
StrictExclusion_20251011T183739,ESGD,6503,MITSUBISHI ELECTRIC,controversial,Industrials,Japan,0.3,0.0,-0.3,DROP
StrictExclusion_20251011T183739,ESGD,NWG,NATWEST,controversial,Financials,United Kingdom,0.28,0.0,-0.28,DROP
StrictExclusion_20251011T183739,ESGD,DTE,DEUTSCHE TELEKOM N,other,Communication,Germany,0.27,0.37,0.09999999999999998,UP
StrictExclusion_20251011T183739,ESGD,DSY,DASSAULT SYSTEMES,other,Information Technology,France,0.27,0.47,0.19999999999999996,UP
StrictExclusion_20251011T183739,ESGD,SAMPO,SAMPO,other,Financials,Finland,0.27,0.37,0.09999999999999998,UP
StrictExclusion_20251011T183739,ESGD,SSE,SSE,controversial,Utilities,United Kingdom,0.27,0.0,-0.27,DROP
StrictExclusion_20251011T183739,ESGD,MBG,MERCEDES BENZ N,other,Consumer Discretionary,Germany,0.26,0.36,0.09999999999999998,UP
StrictExclusion_20251011T183739,ESGD,TSCO,TESCO,controversial,Consumer Staples,United Kingdom,0.26,0.0,-0.26,DROP
StrictExclusion_20251011T183739,ESGD,TSCO,TESCO,controversial,Consumer Staples,United Kingdom,0.26,0.0,-0.26,DROP
StrictExclusion_20251011T183739,ESGD,6701,NEC,controversial,Information Technology,Japan,0.26,0.0,-0.26,DROP
StrictExclusion_20251011T183739,ESGD,ANZ,ANZ,controversial,Financials,Australia,0.25,0.0,-0.25,DROP
StrictExclusion_20251011T183739,ESGD,CCEP,COCA COLA EUROPACIFIC PARTNERS,other,Consumer Staples,Netherlands,0.24,0.44,0.2,UP
StrictExclusion_20251011T183739,ESGD,STAN,STANDARD CHARTERED,controversial,Financials,United Kingdom,0.24,0.0,-0.24,DROP
StrictExclusion_20251011T183739,ESGD,BP.,BP,controversial,Energy,United Kingdom,0.24,0.0,-0.24,DROP
StrictExclusion_20251011T183739,ESGD,DSV,DSV,other,Industrials,Denmark,0.23,0.33,0.1,UP
StrictExclusion_20251011T183739,ESGD,DCC,DCC,controversial,Industrials,United Kingdom,0.22,0.0,-0.22,DROP
StrictExclusion_20251011T183739,ESGD,ZZ_ATA0B,ATLAS COPCO,other,Industrials,Sweden,0.21,0.41,0.19999999999999998,UP
StrictExclusion_20251011T183739,ESGD,SGE,THE SAGE,other,Information Technology,United Kingdom,0.21,0.51,0.30000000000000004,UP
StrictExclusion_20251011T183739,ESGD,EDP,EDP ENERGIAS DE PORTUGAL,controversial,Utilities,Portugal,0.21,0.0,-0.21,DROP
StrictExclusion_20251011T183739,ESGD,WRT1V,WARTSILA,controversial,Industrials,Finland,0.21,0.0,-0.21,DROP
StrictExclusion_20251011T183739,ESGD,NOKIA,NOKIA,other,Information Technology,Finland,0.2,0.3,0.09999999999999998,UP
StrictExclusion_20251011T183739,ESGD,POLI,BANK HAPOALIM BM,other,Financials,Israel,0.2,0.3,0.09999999999999998,UP
StrictExclusion_20251011T183739,ESGD,KER,KERING,clean,Consumer Discretionary,France,0.2,0.0,-0.2,DROP
StrictExclusion_20251011T183739,ESGD,NAB,NATIONAL AUSTRALIA BANK,controversial,Financials,Australia,0.2,0.0,-0.2,DROP
StrictExclusion_20251011T183739,ESGD,5020,ENEOS,controversial,Energy,Japan,0.19,0.0,-0.19,DROP
StrictExclusion_20251011T183739,ESGD,WBC,WESTPAC BANKING,controversial,Financials,Australia,0.19,0.0,-0.19,DROP
StrictExclusion_20251011T183739,ESGD,LOGN,LOGITECH INTERNATIONAL,other,Information Technology,Switzerland,0.19,0.57,0.37999999999999995,UP
StrictExclusion_20251011T183739,ESGD,ADYEN,ADYEN,other,Financials,Netherlands,0.19,0.39,0.2,UP
StrictExclusion_20251011T183739,ESGD,CBK,COMMERZBANK,controversial,Financials,Germany,0.18,0.0,-0.18,DROP
StrictExclusion_20251011T183739,ESGD,4063,SHIN ETSU CHEMICAL,other,Materials,Japan,0.18,0.28,0.10000000000000003,UP
StrictExclusion_20251011T183739,ESGD,DNB,DNB BANK,other,Financials,Norway,0.18,0.28,0.10000000000000003,UP
StrictExclusion_20251011T183739,ESGD,SWED A,SWEDBANK,other,Financials,Sweden,0.18,0.48,0.3,UP
StrictExclusion_20251011T183739,ESGD,COV,COVIVIO,other,Real Estate,France,0.18,0.28,0.10000000000000003,UP
StrictExclusion_20251011T183739,ESGD,PNDORA,PANDORA,other,Consumer Discretionary,Denmark,0.18,0.28,0.10000000000000003,UP
StrictExclusion_20251011T183739,ESGD,6367,DAIKIN INDUSTRIES,controversial,Industrials,Japan,0.18,0.0,-0.18,DROP
StrictExclusion_20251011T183739,ESGD,7267,HONDA MOTOR,controversial,Consumer Discretionary,Japan,0.17,0.0,-0.17,DROP
StrictExclusion_20251011T183739,ESGD,6301,KOMATSU,controversial,Industrials,Japan,0.17,0.0,-0.17,DROP
StrictExclusion_20251011T183739,ESGD,GALP,GALP ENERGIA SGPS,controversial,Energy,Portugal,0.17,0.0,-0.17,DROP
StrictExclusion_20251011T183739,ESGD,SGO,COMPAGNIE DE SAINT GOBAIN,controversial,Industrials,France,0.16,0.0,-0.16,DROP
StrictExclusion_20251011T183739,ESGD,O39,OVERSEA CHINESE BANKING,other,Financials,Singapore,0.15,0.25,0.1,UP
StrictExclusion_20251011T183739,ESGD,AI,LAIR LIQUIDE SOCIETE ANONYME POUR,other,Materials,France,0.15,0.35,0.19999999999999998,UP
StrictExclusion_20251011T183739,ESGD,AD,KONINKLIJKE AHOLD DELHAIZE,controversial,Consumer Staples,Netherlands,0.15,0.0,-0.15,DROP
StrictExclusion_20251011T183739,ESGD,WTC,WISETECH GLOBAL,other,Information Technology,Australia,0.14,0.24,0.09999999999999998,UP
StrictExclusion_20251011T183739,ESGD,8802,MITSUBISHI ESTATE,other,Real Estate,Japan,0.14,0.24,0.09999999999999998,UP
StrictExclusion_20251011T183739,ESGD,CHF,CHF CASH,other,Cash and/or Derivatives,Switzerland,0.14,0.24,0.09999999999999998,UP
StrictExclusion_20251011T183739,ESGD,RKT,RECKITT BENCKISER,controversial,Consumer Staples,United Kingdom,0.14,0.0,-0.14,DROP
StrictExclusion_20251011T183739,ESGD,RKT,RECKITT BENCKISER,controversial,Consumer Staples,United Kingdom,0.14,0.0,-0.14,DROP
StrictExclusion_20251011T183739,ESGD,8267,AEON,controversial,Consumer Staples,Japan,0.14,0.0,-0.14,DROP
StrictExclusion_20251011T183739,ESGD,CMPGF,COMPASS,controversial,Consumer Discretionary,United Kingdom,0.14,0.0,-0.14,DROP
StrictExclusion_20251011T183739,ESGD,AAL,ANGLO AMERICAN,controversial,Materials,United Kingdom,0.14,0.0,-0.14,DROP
StrictExclusion_20251011T183739,ESGD,AAL,ANGLO AMERICAN,controversial,Materials,United Kingdom,0.14,0.0,-0.14,DROP
StrictExclusion_20251011T183739,ESGD,MNDI,MONDI,controversial,Materials,United Kingdom,0.14,0.0,-0.14,DROP
StrictExclusion_20251011T183739,ESGD,7013,IHI,controversial,Industrials,Japan,0.14,0.0,-0.14,DROP
StrictExclusion_20251011T183739,ESGD,SAF,SAFRAN,controversial,Industrials,France,0.14,0.0,-0.14,DROP
StrictExclusion_20251011T183739,ESGD,ESLT,ELBIT SYSTEMS,controversial,Industrials,Israel,0.14,0.0,-0.14,DROP
StrictExclusion_20251011T183739,ESGD,ENGI,ENGIE,controversial,Utilities,France,0.13,0.0,-0.13,DROP
StrictExclusion_20251011T183739,ESGD,ENT,ENTAIN,other,Consumer Discretionary,United Kingdom,0.13,0.39,0.26,UP
StrictExclusion_20251011T183739,ESGD,PRY,PRYSMIAN,other,Industrials,Italy,0.13,0.39,0.26,UP
StrictExclusion_20251011T183739,ESGD,EOAN,E ON N,other,Utilities,Germany,0.13,0.23,0.1,UP
StrictExclusion_20251011T183739,ESGD,KGF,KINGFISHER,controversial,Consumer Discretionary,United Kingdom,0.12,0.0,-0.12,DROP
StrictExclusion_20251011T183739,ESGD,REP,REPSOL,controversial,Energy,Spain,0.12,0.0,-0.12,DROP
StrictExclusion_20251011T183739,ESGD,ELE,ENDESA,controversial,Utilities,Spain,0.12,0.0,-0.12,DROP
StrictExclusion_20251011T183739,ESGD,NICE,NICE,controversial,Information Technology,Israel,0.12,0.0,-0.12,DROP
StrictExclusion_20251011T183739,ESGD,ACS,ACS ACTIVIDADES DE CONSTRUCCION Y,other,Industrials,Spain,0.12,0.22,0.1,UP
StrictExclusion_20251011T183739,ESGD,REA,REA,other,Communication,Australia,0.12,0.22,0.1,UP
StrictExclusion_20251011T183739,ESGD,9531,TOKYO GAS,controversial,Utilities,Japan,0.11,0.0,-0.11,DROP
StrictExclusion_20251011T183739,ESGD,ORSTED,OERSTED,other,Utilities,Denmark,0.11,0.21,0.09999999999999999,UP
StrictExclusion_20251011T183739,ESGD,FMG,FORTESCUE,controversial,Materials,Australia,0.11,0.0,-0.11,DROP
StrictExclusion_20251011T183739,ESGD,A5G,AIB,other,Financials,Ireland,0.11,0.21,0.09999999999999999,UP
StrictExclusion_20251011T183739,ESGD,AKZA,AKZO NOBEL,other,Materials,Netherlands,0.11,0.21,0.09999999999999999,UP
StrictExclusion_20251011T183739,ESGD,5019,IDEMITSU KOSAN,controversial,Energy,Japan,0.11,0.0,-0.11,DROP
StrictExclusion_20251011T183739,ESGD,4452,KAO,controversial,Consumer Staples,Japan,0.11,0.0,-0.11,DROP
StrictExclusion_20251011T183739,ESGD,3,HONG KONG AND CHINA GAS,controversial,Utilities,Hong Kong,0.11,0.0,-0.11,DROP
StrictExclusion_20251011T183739,ESGD,1605,INPEX,controversial,Energy,Japan,0.11,0.0,-0.11,DROP
StrictExclusion_20251011T183739,ESGD,JHX,JAMES HARDIE INDUSTRIES CDI,other,Materials,Australia,0.11,0.31,0.2,UP
StrictExclusion_20251011T183739,ESGD,SMIN,SMITHS,controversial,Industrials,United Kingdom,0.1,0.0,-0.1,DROP
StrictExclusion_20251011T183739,ESGD,TEL,TELENOR,other,Communication,Norway,0.1,0.2,0.1,UP
StrictExclusion_20251011T183739,ESGD,7936,ASICS,controversial,Consumer Discretionary,Japan,0.1,0.0,-0.1,DROP
StrictExclusion_20251011T183739,ESGD,3382,SEVEN I,controversial,Consumer Staples,Japan,0.1,0.0,-0.1,DROP
StrictExclusion_20251011T183739,ESGD,CLNX,CELLNEX TELECOM,other,Communication,Spain,0.1,0.2,0.1,UP
StrictExclusion_20251011T183739,ESGD,1925,DAIWA HOUSE INDUSTRY,controversial,Real Estate,Japan,0.1,0.0,-0.1,DROP
StrictExclusion_20251011T183739,ESGD,F34,WILMAR INTERNATIONAL,controversial,Consumer Staples,Singapore,0.1,0.0,-0.1,DROP
StrictExclusion_20251011T183739,ESGD,OMV,OMV,controversial,Energy,Austria,0.09,0.0,-0.09,DROP
StrictExclusion_20251011T183739,ESGD,PSON,PEARSON,controversial,Consumer Discretionary,United Kingdom,0.09,0.0,-0.09,DROP
StrictExclusion_20251011T183739,ESGE,700,TENCENT,other,Communication,China,4.74,4.84,0.09999999999999964,UP
StrictExclusion_20251011T183739,ESGE,9988,ALIBABA HOLDING,other,Consumer Discretionary,China,2.59,2.69,0.10000000000000009,UP
StrictExclusion_20251011T183739,ESGE,939,CHINA CONSTRUCTION BANK H,other,Financials,China,1.7,1.9,0.19999999999999996,UP
StrictExclusion_20251011T183739,ESGE,RELIANCE,RELIANCE INDUSTRIES,controversial,Energy,India,1.42,0.0,-1.42,DROP
StrictExclusion_20251011T183739,ESGE,1810,XIAOMI,other,Information Technology,China,1.25,1.35,0.10000000000000009,UP
StrictExclusion_20251011T183739,ESGE,2892,FIRST FINANCIAL HOLDING,other,Financials,Taiwan,1.04,1.24,0.19999999999999996,UP
StrictExclusion_20251011T183739,ESGE,INFY,INFOSYS,other,Information Technology,India,0.93,1.13,0.19999999999999984,UP
StrictExclusion_20251011T183739,ESGE,316140,WOORI FINANCIAL,other,Financials,Korea (South),0.73,0.83,0.09999999999999998,UP
StrictExclusion_20251011T183739,ESGE,2454,MEDIATEK,other,Information Technology,Taiwan,0.7,0.86,0.16000000000000003,UP
StrictExclusion_20251011T183739,ESGE,HINDUNILVR,HINDUSTAN UNILEVER,controversial,Consumer Staples,India,0.63,0.0,-0.63,DROP
StrictExclusion_20251011T183739,ESGE,GFI,GOLD FIELDS,other,Materials,South Africa,0.48,0.58,0.09999999999999998,UP
StrictExclusion_20251011T183739,ESGE,34730,SK,controversial,Industrials,Korea (South),0.44,0.0,-0.44,DROP
StrictExclusion_20251011T183739,ESGE,MOTV3,MOTIVA INFRAESTRUTURA DE MOBILIDAD,other,Industrials,Brazil,0.38,0.48,0.09999999999999998,UP
StrictExclusion_20251011T183739,ESGE,ENELCHILE,ENEL CHILE,controversial,Utilities,Chile,0.37,0.0,-0.37,DROP
StrictExclusion_20251011T183739,ESGE,FEMSAUBD,FOMENTO ECONOMICO MEXICANO,other,Consumer Staples,Mexico,0.34,0.44,0.09999999999999998,UP
StrictExclusion_20251011T183739,ESGE,4013,DR SULAIMAN AL HABIB MEDICAL GRP,other,Health Care,Saudi Arabia,0.29,0.39,0.10000000000000003,UP
StrictExclusion_20251011T183739,ESGE,HINDALCO,HINDALCO INDUSTRIES,controversial,Materials,India,0.24,0.0,-0.24,DROP
StrictExclusion_20251011T183739,ESGE,PKN,ORLEN,controversial,Energy,Poland,0.24,0.0,-0.24,DROP
StrictExclusion_20251011T183739,ESGE,28260,SAMSUNG C T,controversial,Industrials,Korea (South),0.23,0.0,-0.23,DROP
StrictExclusion_20251011T183739,ESGE,5490,POSCO,controversial,Materials,Korea (South),0.21,0.0,-0.21,DROP
StrictExclusion_20251011T183739,ESGE,TRENT,TRENT,controversial,Consumer Discretionary,India,0.21,0.0,-0.21,DROP
StrictExclusion_20251011T183739,ESGE,2688,ENN ENERGY,controversial,Utilities,China,0.2,0.0,-0.2,DROP
StrictExclusion_20251011T183739,ESGE,96770,SK INNOVATION,controversial,Energy,Korea (South),0.18,0.0,-0.18,DROP
StrictExclusion_20251011T183739,ESGE,64350,HYUNDAI ROTEM,controversial,Industrials,Korea (South),0.17,0.0,-0.17,DROP
StrictExclusion_20251011T183739,ESGE,34020,DOOSAN ENERBILITY,controversial,Industrials,Korea (South),0.16,0.0,-0.16,DROP
StrictExclusion_20251011T183739,ESGE,21240,COWAY,other,Consumer Discretionary,Korea (South),0.16,0.26,0.1,UP
StrictExclusion_20251011T183739,ESGE,VOLTAS,VOLTAS,controversial,Industrials,India,0.14,0.0,-0.14,DROP
StrictExclusion_20251011T183739,ESGE,CDB,CELCOMDIGI,other,Communication,Malaysia,0.14,0.24,0.09999999999999998,UP
StrictExclusion_20251011T183739,ESGE,2319,CHINA MENGNIU DAIRY,controversial,Consumer Staples,China,0.12,0.0,-0.12,DROP
StrictExclusion_20251011T183739,ESGE,INDHOTEL,INDIAN HOTELS,controversial,Consumer Discretionary,India,0.11,0.0,-0.11,DROP
StrictExclusion_20251011T183739,ESGE,EMBR3,EMBRAER,controversial,Industrials,Brazil,0.11,0.0,-0.11,DROP
StrictExclusion_20251011T183739,ESGE,2082,ACWA POWER,controversial,Utilities,Saudi Arabia,0.11,0.0,-0.11,DROP
StrictExclusion_20251011T183739,ESGE,97950,CJ CHEILJEDANG,controversial,Consumer Staples,Korea (South),0.1,0.0,-0.1,DROP
StrictExclusion_20251011T183739,ESGE,TATAELXSI,TATA ELXSI,controversial,Information Technology,India,0.09,0.0,-0.09,DROP
StrictExclusion_20251011T183739,ESGE,TATACONSUM,TATA CONSUMER PRODUCTS,controversial,Consumer Staples,India,0.09,0.0,-0.09,DROP
StrictExclusion_20251011T183739,ESGE,TORNTPOWER,TORRENT POWER,controversial,Utilities,India,0.09,0.0,-0.09,DROP
StrictExclusion_20251011T183739,ESGE,1193,CHINA RESOURCES GAS,controversial,Utilities,China,0.08,0.0,-0.08,DROP
StrictExclusion_20251011T183739,ESGU,MSFT,MICROSOFT,clean,Information Technology,United States,6.77,0.0,-6.77,DROP
StrictExclusion_20251011T183739,ESGU,GOOG,ALPHABET,clean,Communication,United States,3.72,0.0,-3.72,DROP
StrictExclusion_20251011T183739,ESGU,AMZN,AMAZON COM,controversial,Consumer Discretionary,United States,3.61,0.0,-3.61,DROP
StrictExclusion_20251011T183739,ESGU,META,META PLATFORMS,other,Communication,United States,2.86,5.0,2.14,UP
StrictExclusion_20251011T183739,ESGU,AVGO,BROADCOM,clean,Information Technology,United States,2.42,5.0,2.58,UP
StrictExclusion_20251011T183739,ESGU,TSLA,TESLA,clean,Consumer Discretionary,United States,1.62,4.32,2.7,UP
StrictExclusion_20251011T183739,ESGU,JPM,JPMORGAN CHASE,controversial,Financials,United States,1.42,0.0,-1.42,DROP
StrictExclusion_20251011T183739,ESGU,V,VISA,other,Financials,United States,1.16,3.48,2.3200000000000003,UP
StrictExclusion_20251011T183739,ESGU,LLY,ELI LILLY,other,Health Care,United States,1.15,3.45,2.3000000000000003,UP
StrictExclusion_20251011T183739,ESGU,MA,MASTERCARD,other,Financials,United States,1.06,3.18,2.12,UP
StrictExclusion_20251011T183739,ESGU,NFLX,NETFLIX,other,Communication,United States,0.87,0.97,0.09999999999999998,UP
StrictExclusion_20251011T183739,ESGU,COST,COSTCO WHOLESALE,controversial,Consumer Staples,United States,0.83,0.0,-0.83,DROP
StrictExclusion_20251011T183739,ESGU,PG,PROCTER GAMBLE,controversial,Consumer Staples,United States,0.8,0.0,-0.8,DROP
StrictExclusion_20251011T183739,ESGU,ORCL,ORACLE,other,Information Technology,United States,0.73,2.19,1.46,UP
StrictExclusion_20251011T183739,ESGU,BRKB,BERKSHIRE HATHAWAY,controversial,Financials,United States,0.73,0.0,-0.73,DROP
StrictExclusion_20251011T183739,ESGU,CVX,CHEVRON,controversial,Energy,United States,0.73,0.0,-0.73,DROP
StrictExclusion_20251011T183739,ESGU,ABBV,ABBVIE,clean,Health Care,United States,0.66,1.98,1.3199999999999998,UP
StrictExclusion_20251011T183739,ESGU,JNJ,JOHNSON JOHNSON,controversial,Health Care,United States,0.64,0.0,-0.64,DROP
StrictExclusion_20251011T183739,ESGU,KO,COCA COLA,other,Consumer Staples,United States,0.62,1.32,0.7000000000000001,UP
StrictExclusion_20251011T183739,ESGU,BAC,BANK OF AMERICA,controversial,Financials,United States,0.61,0.0,-0.61,DROP
StrictExclusion_20251011T183739,ESGU,INTU,INTUIT,other,Information Technology,United States,0.58,1.74,1.1600000000000001,UP
StrictExclusion_20251011T183739,ESGU,PLTR,PALANTIR TECHNOLOGIES,controversial,Information Technology,United States,0.56,0.0,-0.56,DROP
StrictExclusion_20251011T183739,ESGU,SPGI,S P GLOBAL,other,Financials,United States,0.54,0.94,0.3999999999999999,UP
StrictExclusion_20251011T183739,ESGU,AMD,ADVANCED MICRO DEVICES,clean,Information Technology,United States,0.54,1.62,1.08,UP
StrictExclusion_20251011T183739,ESGU,CSCO,CISCO SYSTEMS,clean,Information Technology,United States,0.53,1.59,1.06,UP
StrictExclusion_20251011T183739,ESGU,IBM,INTERNATIONAL BUSINESS MACHINES,other,Information Technology,United States,0.52,1.56,1.04,UP
StrictExclusion_20251011T183739,ESGU,CRM,SALESFORCE,controversial,Information Technology,United States,0.51,0.0,-0.51,DROP
StrictExclusion_20251011T183739,ESGU,ADP,AUTOMATIC DATA PROCESSING,other,Industrials,United States,0.51,1.53,1.02,UP
StrictExclusion_20251011T183739,ESGU,ADP,AUTOMATIC DATA PROCESSING,other,Industrials,United States,0.51,1.53,1.02,UP
StrictExclusion_20251011T183739,ESGU,RTX,RTX,controversial,Industrials,United States,0.51,0.0,-0.51,DROP
StrictExclusion_20251011T183739,ESGU,GE,GE AEROSPACE,controversial,Industrials,United States,0.5,0.0,-0.5,DROP
StrictExclusion_20251011T183739,ESGU,NOW,SERVICENOW,other,Information Technology,United States,0.49,1.47,0.98,UP
StrictExclusion_20251011T183739,ESGU,XOM,EXXON MOBIL,controversial,Energy,United States,0.47,0.0,-0.47,DROP
StrictExclusion_20251011T183739,ESGU,MS,MORGAN STANLEY,controversial,Financials,United States,0.46,0.0,-0.46,DROP
StrictExclusion_20251011T183739,ESGU,GILD,GILEAD SCIENCES,other,Health Care,United States,0.45,0.75,0.3,UP
StrictExclusion_20251011T183739,ESGU,TXN,TEXAS INSTRUMENT,other,Information Technology,United States,0.45,1.35,0.9000000000000001,UP
StrictExclusion_20251011T183739,ESGU,AMAT,APPLIED MATERIAL,other,Information Technology,United States,0.44,1.32,0.8800000000000001,UP
StrictExclusion_20251011T183739,ESGU,CAT,CATERPILLAR,controversial,Industrials,United States,0.42,0.0,-0.42,DROP
StrictExclusion_20251011T183739,ESGU,SNPS,SYNOPSYS,other,Information Technology,United States,0.39,1.17,0.7799999999999999,UP
StrictExclusion_20251011T183739,ESGU,TT,TRANE TECHNOLOGIES,clean,Industrials,United States,0.38,0.98,0.6,UP
StrictExclusion_20251011T183739,ESGU,HON,HONEYWELL INTERNATIONAL,controversial,Industrials,United States,0.38,0.0,-0.38,DROP
StrictExclusion_20251011T183739,ESGU,GEV,GE VERNOVA,controversial,Industrials,United States,0.37,0.0,-0.37,DROP
StrictExclusion_20251011T183739,ESGU,AMT,AMERICAN TOWER REIT,other,Real Estate,United States,0.36,1.08,0.7200000000000001,UP
StrictExclusion_20251011T183739,ESGU,NEE,NEXTERA ENERGY,controversial,Utilities,United States,0.36,0.0,-0.36,DROP
StrictExclusion_20251011T183739,ESGU,COP,CONOCOPHILLIPS,controversial,Energy,United States,0.36,0.0,-0.36,DROP
StrictExclusion_20251011T183739,ESGU,COP,CONOCOPHILLIPS,controversial,Energy,United States,0.36,0.0,-0.36,DROP
StrictExclusion_20251011T183739,ESGU,C,CITIGROUP,controversial,Financials,United States,0.35,0.0,-0.35,DROP
StrictExclusion_20251011T183739,ESGU,CRH,CRH PUBLIC,other,Materials,United States,0.35,1.05,0.7000000000000001,UP
StrictExclusion_20251011T183739,ESGU,ADBE,ADOBE,other,Information Technology,United States,0.34,0.7,0.35999999999999993,UP
StrictExclusion_20251011T183739,ESGU,WELL,WELLTOWER,other,Real Estate,United States,0.34,0.64,0.3,UP
StrictExclusion_20251011T183739,ESGU,ECL,ECOLAB,clean,Materials,United States,0.34,0.64,0.3,UP
StrictExclusion_20251011T183739,ESGU,PEG,PUBLIC SERVICE ENTERPRISE IN,other,Utilities,United States,0.34,0.54,0.2,UP
StrictExclusion_20251011T183739,ESGU,NI,NISOURCE,controversial,Utilities,United States,0.34,0.0,-0.34,DROP
StrictExclusion_20251011T183739,ESGU,MMM,3M,controversial,Industrials,United States,0.32,0.0,-0.32,DROP
StrictExclusion_20251011T183739,ESGU,KMI,KINDER MORGAN,controversial,Energy,United States,0.32,0.0,-0.32,DROP
StrictExclusion_20251011T183739,ESGU,ACN,ACCENTURE,controversial,Information Technology,United States,0.31,0.0,-0.31,DROP
StrictExclusion_20251011T183739,ESGU,GIS,GENERAL MILLS,controversial,Consumer Staples,United States,0.3,0.0,-0.3,DROP
StrictExclusion_20251011T183739,ESGU,WMB,WILLIAMS,other,Energy,United States,0.29,0.49,0.2,UP
StrictExclusion_20251011T183739,ESGU,CAH,CARDINAL HEALTH,controversial,Health Care,United States,0.27,0.0,-0.27,DROP
StrictExclusion_20251011T183739,ESGU,T,AT T,clean,Communication,United States,0.27,0.0,-0.27,DROP
StrictExclusion_20251011T183739,ESGU,T,AT T,clean,Communication,United States,0.27,0.0,-0.27,DROP
StrictExclusion_20251011T183739,ESGU,K,KELLANOVA,controversial,Consumer Staples,United States,0.26,0.0,-0.26,DROP
StrictExclusion_20251011T183739,ESGU,K,KELLANOVA,controversial,Consumer Staples,United States,0.26,0.0,-0.26,DROP
StrictExclusion_20251011T183739,ESGU,LNG,CHENIERE ENERGY,controversial,Energy,United States,0.26,0.0,-0.26,DROP
StrictExclusion_20251011T183739,ESGU,PEP,PEPSICO,controversial,Consumer Staples,United States,0.25,0.0,-0.25,DROP
StrictExclusion_20251011T183739,ESGU,OKE,ONEOK,controversial,Energy,United States,0.24,0.0,-0.24,DROP
StrictExclusion_20251011T183739,ESGU,EXC,EXELON,controversial,Utilities,United States,0.22,0.0,-0.22,DROP
StrictExclusion_20251011T183739,ESGU,MSI,MOTOROLA SOLUTIONS,controversial,Information Technology,United States,0.2,0.0,-0.2,DROP
StrictExclusion_20251011T183739,ESGU,ELV,ELEVANCE HEALTH,controversial,Health Care,United States,0.2,0.0,-0.2,DROP
StrictExclusion_20251011T183739,ESGU,NOC,NORTHROP GRUMMAN,controversial,Industrials,United States,0.19,0.0,-0.19,DROP
StrictExclusion_20251011T183739,ESGU,D,DOMINION ENERGY,controversial,Utilities,United States,0.19,0.0,-0.19,DROP
StrictExclusion_20251011T183739,ESGU,AXON,AXON ENTERPRISE,controversial,Industrials,United States,0.19,0.0,-0.19,DROP
StrictExclusion_20251011T183739,ESGU,CEG,CONSTELLATION ENERGY,controversial,Utilities,United States,0.18,0.0,-0.18,DROP
StrictExclusion_20251011T183739,ESGU,PH,PARKER HANNIFIN,controversial,Industrials,United States,0.17,0.0,-0.17,DROP
StrictExclusion_20251011T183739,ESGU,ETN,EATON,controversial,Industrials,United States,0.17,0.0,-0.17,DROP
StrictExclusion_20251011T183739,ESGU,SBUX,STARBUCKS,controversial,Consumer Discretionary,United States,0.16,0.0,-0.16,DROP
StrictExclusion_20251011T183739,ESGU,CMCSA,COMCAST,controversial,Communication,United States,0.16,0.0,-0.16,DROP
StrictExclusion_20251011T183739,ESGU,XTSLA,BLK CSH FND TREASURY SL AGENCY,other,Cash and/or Derivatives,United States,0.15,0.25,0.1,UP
StrictExclusion_20251011T183739,ESGU,KEYS,KEYSIGHT TECHNOLOGIES,controversial,Information Technology,United States,0.14,0.0,-0.14,DROP
StrictExclusion_20251011T183739,ESGU,BKR,BAKER HUGHES,controversial,Energy,United States,0.14,0.0,-0.14,DROP
StrictExclusion_20251011T183739,ESGU,CLX,CLOROX,controversial,Consumer Staples,United States,0.14,0.0,-0.14,DROP
StrictExclusion_20251011T183739,ESGU,TRGP,TARGA RESOURCES,controversial,Energy,United States,0.14,0.0,-0.14,DROP
StrictExclusion_20251011T183739,ESGU,HWM,HOWMET AEROSPACE,controversial,Industrials,United States,0.14,0.0,-0.14,DROP
StrictExclusion_20251011T183739,ESGU,WSM,WILLIAMS SONOMA,controversial,Consumer Discretionary,United States,0.13,0.0,-0.13,DROP
StrictExclusion_20251011T183739,ESGU,TGT,TARGET,controversial,Consumer Staples,United States,0.13,0.0,-0.13,DROP
StrictExclusion_20251011T183739,ESGU,BG,BUNGE GLOBAL,controversial,Consumer Staples,United States,0.13,0.0,-0.13,DROP
StrictExclusion_20251011T183739,ESGU,DLTR,DOLLAR TREE,controversial,Consumer Staples,United States,0.12,0.0,-0.12,DROP
StrictExclusion_20251011T183739,ESGU,CMS,CMS ENERGY,controversial,Utilities,United States,0.12,0.0,-0.12,DROP
StrictExclusion_20251011T183739,ESGU,LHX,L3HARRIS TECHNOLOGIES,controversial,Industrials,United States,0.12,0.0,-0.12,DROP
StrictExclusion_20251011T183739,ESGU,FANG,DIAMONDBACK ENERGY,controversial,Energy,United States,0.11,0.0,-0.11,DROP
StrictExclusion_20251011T183739,ESGU,CSX,CSX,controversial,Industrials,United States,0.11,0.0,-0.11,DROP
StrictExclusion_20251011T183739,ESGU,EQT,EQT,controversial,Energy,United States,0.11,0.0,-0.11,DROP
StrictExclusion_20251011T183739,ESGU,EQT,EQT,controversial,Energy,United States,0.11,0.0,-0.11,DROP
StrictExclusion_20251011T183739,ESGU,ADM,ARCHER DANIELS MIDLAND,controversial,Consumer Staples,United States,0.11,0.0,-0.11,DROP
StrictExclusion_20251011T183739,ESGU,ADM,ARCHER DANIELS MIDLAND,controversial,Consumer Staples,United States,0.11,0.0,-0.11,DROP
StrictExclusion_20251011T183739,ESGU,J,JACOBS SOLUTIONS,controversial,Industrials,United States,0.1,0.0,-0.1,DROP
StrictExclusion_20251011T183739,ESGU,DG,DOLLAR GENERAL,controversial,Consumer Staples,United States,0.1,0.0,-0.1,DROP
StrictExclusion_20251011T183739,ESGU,DG,DOLLAR GENERAL,controversial,Consumer Staples,United States,0.1,0.0,-0.1,DROP
StrictExclusion_20251011T183739,ESGU,SYY,SYSCO,controversial,Consumer Staples,United States,0.1,0.0,-0.1,DROP
StrictExclusion_20251011T183739,ESGU,SRE,SEMPRA,controversial,Utilities,United States,0.1,0.0,-0.1,DROP
StrictExclusion_20251011T183739,ESGU,TRU,TRANSUNION,controversial,Industrials,United States,0.1,0.0,-0.1,DROP
StrictExclusion_20251011T183739,ESGU,ES,EVERSOURCE ENERGY,controversial,Utilities,United States,0.1,0.0,-0.1,DROP
StrictExclusion_20251011T183739,ESGU,LDOS,LEIDOS,controversial,Industrials,United States,0.1,0.0,-0.1,DROP
StrictExclusion_20251011T183739,ESGU,CVS,CVS HEALTH,controversial,Health Care,United States,0.09,0.0,-0.09,DROP
StrictExclusion_20251011T183739,ESGU,DECK,DECKERS OUTDOOR,controversial,Consumer Discretionary,United States,0.09,0.0,-0.09,DROP
StrictExclusion_20251011T183739,ESGU,MDLZ,MONDELEZ INTERNATIONAL,controversial,Consumer Staples,United States,0.09,0.0,-0.09,DROP
StrictExclusion_20251011T183739,ESGU,EIX,EDISON INTERNATIONAL,controversial,Utilities,United States,0.09,0.0,-0.09,DROP
StrictExclusion_20251011T183739,ESGU,KMB,KIMBERLY CLARK,clean,Consumer Staples,United States,0.09,0.0,-0.09,DROP
StrictExclusion_20251011T183739,ESGU,IP,INTERNATIONAL PAPER,controversial,Materials,United States,0.09,0.0,-0.09,DROP
StrictExclusion_20251011T183739,ESGU,CL,COLGATE PALMOLIVE,controversial,Consumer Staples,United States,0.09,0.0,-0.09,DROP
StrictExclusion_20251011T183739,ESGU,CMG,CHIPOTLE MEXICAN GRILL,controversial,Consumer Discretionary,United States,0.08,0.0,-0.08,DROP
StrictExclusion_20251011T183739,ESGU,CAG,CONAGRA BRANDS,controversial,Consumer Staples,United States,0.08,0.0,-0.08,DROP
StrictExclusion_20251011T183739,ESGU,FTV,FORTIVE,controversial,Industrials,United States,0.07,0.0,-0.07,DROP
StrictExclusion_20251011T183739,ESML,USFD,US FOODS HOLDING,controversial,Consumer Staples,United States,0.61,0.0,-0.61,DROP
StrictExclusion_20251011T183739,ESML,CASY,CASEYS GENERAL STORES,other,Consumer Staples,United States,0.57,0.97,0.4,UP
StrictExclusion_20251011T183739,ESML,FIX,COMFORT SYSTEMS USA,other,Industrials,United States,0.55,1.65,1.0999999999999999,UP
StrictExclusion_20251011T183739,ESML,TPR,TAPESTRY,controversial,Consumer Discretionary,United States,0.5,0.0,-0.5,DROP
StrictExclusion_20251011T183739,ESML,JHG,JANUS HENDERSON,other,Financials,United States,0.44,1.32,0.8800000000000001,UP
StrictExclusion_20251011T183739,ESML,GWRE,GUIDEWIRE SOFTWARE,other,Information Technology,United States,0.42,1.26,0.8400000000000001,UP
StrictExclusion_20251011T183739,ESML,FTI,TECHNIPFMC,controversial,Energy,United States,0.4,0.0,-0.4,DROP
StrictExclusion_20251011T183739,ESML,INSM,INSMED,other,Health Care,United States,0.4,1.2,0.7999999999999999,UP
StrictExclusion_20251011T183739,ESML,SOFI,SOFI TECHNOLOGIES,other,Financials,United States,0.39,1.17,0.7799999999999999,UP
StrictExclusion_20251011T183739,ESML,OVV,OVINTIV,controversial,Energy,United States,0.37,0.0,-0.37,DROP
StrictExclusion_20251011T183739,ESML,CRDO,CREDO TECHNOLOGY HOLDING,other,Information Technology,United States,0.36,1.08,0.7200000000000001,UP
StrictExclusion_20251011T183739,ESML,AFRM,AFFIRM,other,Financials,United States,0.36,0.76,0.4,UP
StrictExclusion_20251011T183739,ESML,FLEX,FLEX,other,Information Technology,United States,0.35,0.55,0.20000000000000007,UP
StrictExclusion_20251011T183739,ESML,RKLB,ROCKET LAB,other,Industrials,United States,0.34,1.02,0.6799999999999999,UP
StrictExclusion_20251011T183739,ESML,JLL,JONES LANG LASALLE,other,Real Estate,United States,0.33,0.99,0.6599999999999999,UP
StrictExclusion_20251011T183739,ESML,OSK,OSHKOSH,controversial,Industrials,United States,0.33,0.0,-0.33,DROP
StrictExclusion_20251011T183739,ESML,ZWS,ZURN ELKAY WATER SOLUTIONS,other,Industrials,United States,0.32,0.72,0.39999999999999997,UP
StrictExclusion_20251011T183739,ESML,OGS,ONE GAS,controversial,Utilities,United States,0.32,0.0,-0.32,DROP
StrictExclusion_20251011T183739,ESML,CW,CURTISS WRIGHT,controversial,Industrials,United States,0.32,0.0,-0.32,DROP
StrictExclusion_20251011T183739,ESML,WWD,WOODWARD,controversial,Industrials,United States,0.31,0.0,-0.31,DROP
StrictExclusion_20251011T183739,ESML,ITT,ITT,controversial,Industrials,United States,0.31,0.0,-0.31,DROP
StrictExclusion_20251011T183739,ESML,UGI,UGI,controversial,Utilities,United States,0.3,0.0,-0.3,DROP
StrictExclusion_20251011T183739,ESML,XTSLA,BLK CSH FND TREASURY SL AGENCY,other,Cash and/or Derivatives,United States,0.3,0.4,0.10000000000000003,UP
StrictExclusion_20251011T183739,ESML,SCI,SERVICE,other,Consumer Discretionary,United States,0.29,0.87,0.5800000000000001,UP
StrictExclusion_20251011T183739,ESML,NFG,NATIONAL FUEL GAS,controversial,Utilities,United States,0.29,0.0,-0.29,DROP
StrictExclusion_20251011T183739,ESML,REXR,REXFORD INDUSTRIAL REALTY REIT,other,Real Estate,United States,0.28,0.38,0.09999999999999998,UP
StrictExclusion_20251011T183739,ESML,RGLD,ROYAL GOLD,other,Materials,United States,0.27,0.77,0.5,UP
StrictExclusion_20251011T183739,ESML,EHC,ENCOMPASS HEALTH,other,Health Care,United States,0.27,0.81,0.54,UP
StrictExclusion_20251011T183739,ESML,ARMK,ARAMARK,controversial,Consumer Discretionary,United States,0.26,0.0,-0.26,DROP
StrictExclusion_20251011T183739,ESML,DTM,DT MIDSTREAM,other,Energy,United States,0.26,0.36,0.09999999999999998,UP
StrictExclusion_20251011T183739,ESML,AVA,AVISTA,controversial,Utilities,United States,0.26,0.0,-0.26,DROP
StrictExclusion_20251011T183739,ESML,SR,SPIRE,controversial,Utilities,United States,0.25,0.0,-0.25,DROP
StrictExclusion_20251011T183739,ESML,IPG,INTERPUBLIC OF COMPANIES,other,Communication,United States,0.25,0.65,0.4,UP
StrictExclusion_20251011T183739,ESML,KBR,KBR,controversial,Industrials,United States,0.24,0.0,-0.24,DROP
StrictExclusion_20251011T183739,ESML,BLD,TOPBUILD,other,Consumer Discretionary,United States,0.24,0.72,0.48,UP
StrictExclusion_20251011T183739,ESML,AR,ANTERO RESOURCES,controversial,Energy,United States,0.24,0.0,-0.24,DROP
StrictExclusion_20251011T183739,ESML,RRC,RANGE RESOURCES,controversial,Energy,United States,0.23,0.0,-0.23,DROP
StrictExclusion_20251011T183739,ESML,DUOL,DUOLINGO,other,Consumer Discretionary,United States,0.23,0.69,0.45999999999999996,UP
StrictExclusion_20251011T183739,ESML,NJR,NEW JERSEY RESOURCES,controversial,Utilities,United States,0.23,0.0,-0.23,DROP
StrictExclusion_20251011T183739,ESML,HIMS,HIMS HERS HEALTH,other,Health Care,United States,0.22,0.32,0.1,UP
StrictExclusion_20251011T183739,ESML,ATI,ATI,controversial,Industrials,United States,0.22,0.0,-0.22,DROP
StrictExclusion_20251011T183739,ESML,SNV,SYNOVUS FINANCIAL,controversial,Financials,United States,0.22,0.0,-0.22,DROP
StrictExclusion_20251011T183739,ESML,CACI,CACI INTERNATIONAL,controversial,Industrials,United States,0.21,0.0,-0.21,DROP
StrictExclusion_20251011T183739,ESML,HII,HUNTINGTON INGALLS INDUSTRIES,controversial,Industrials,United States,0.21,0.0,-0.21,DROP
StrictExclusion_20251011T183739,ESML,CR,CRANE,controversial,Industrials,United States,0.2,0.0,-0.2,DROP
StrictExclusion_20251011T183739,ESML,FHN,FIRST HORIZON,controversial,Financials,United States,0.2,0.0,-0.2,DROP
StrictExclusion_20251011T183739,ESML,SWX,SOUTHWEST GAS,controversial,Utilities,United States,0.19,0.0,-0.19,DROP
StrictExclusion_20251011T183739,ESML,MOGA,MOOG,controversial,Industrials,United States,0.18,0.0,-0.18,DROP
StrictExclusion_20251011T183739,ESML,ESE,ESCO TECHNOLOGIES,controversial,Industrials,United States,0.18,0.0,-0.18,DROP
StrictExclusion_20251011T183739,ESML,CPK,CHESAPEAKE UTILITIES,controversial,Utilities,United States,0.17,0.0,-0.17,DROP
StrictExclusion_20251011T183739,ESML,AVAV,AEROVIRONMENT,controversial,Industrials,United States,0.17,0.0,-0.17,DROP
StrictExclusion_20251011T183739,ESML,ALSN,ALLISON TRANSMISSION,controversial,Industrials,United States,0.17,0.0,-0.17,DROP
StrictExclusion_20251011T183739,ESML,PARA,PARAMOUNT GLOBAL,controversial,Communication,United States,0.17,0.0,-0.17,DROP
StrictExclusion_20251011T183739,ESML,DINO,HF SINCLAIR,controversial,Energy,United States,0.16,0.0,-0.16,DROP
StrictExclusion_20251011T183739,ESML,DRS,LEONARDO DRS,controversial,Industrials,United States,0.15,0.0,-0.15,DROP
StrictExclusion_20251011T183739,ESML,PNFP,PINNACLE FINANCIAL PARTNERS,controversial,Financials,United States,0.15,0.0,-0.15,DROP
StrictExclusion_20251011T183739,ESML,AM,ANTERO MIDSTREAM,controversial,Energy,United States,0.15,0.0,-0.15,DROP
StrictExclusion_20251011T183739,ESML,PR,PERMIAN RESOURCES,controversial,Energy,United States,0.14,0.0,-0.14,DROP
StrictExclusion_20251011T183739,ESML,LEA,LEAR,controversial,Consumer Discretionary,United States,0.14,0.0,-0.14,DROP
StrictExclusion_20251011T183739,ESML,MTSI,MACOM TECHNOLOGY SOLUTIONS,controversial,Information Technology,United States,0.14,0.0,-0.14,DROP
StrictExclusion_20251011T183739,ESML,ORA,ORMAT TECH,other,Utilities,United States,0.14,0.24,0.09999999999999998,UP
StrictExclusion_20251011T183739,ESML,APA,APA,controversial,Energy,United States,0.13,0.0,-0.13,DROP
StrictExclusion_20251011T183739,ESML,APA,APA,controversial,Energy,United States,0.13,0.0,-0.13,DROP
StrictExclusion_20251011T183739,ESML,MUR,MURPHY OIL,controversial,Energy,United States,0.13,0.0,-0.13,DROP
StrictExclusion_20251011T183739,ESML,NOV,NOV,controversial,Energy,United States,0.12,0.0,-0.12,DROP
StrictExclusion_20251011T183739,ESML,GVA,GRANITE CONSTRUCTION,controversial,Industrials,United States,0.12,0.0,-0.12,DROP
StrictExclusion_20251011T183739,ESML,PLXS,PLEXUS,controversial,Information Technology,United States,0.12,0.0,-0.12,DROP
StrictExclusion_20251011T183739,ESML,KNTK,KINETIK,controversial,Energy,United States,0.12,0.0,-0.12,DROP
StrictExclusion_20251011T183739,ESML,CNX,CNX RESOURCES,controversial,Energy,United States,0.11,0.0,-0.11,DROP
StrictExclusion_20251011T183739,ESML,HXL,HEXCEL,controversial,Industrials,United States,0.11,0.0,-0.11,DROP
StrictExclusion_20251011T183739,ESML,MRCY,MERCURY SYSTEMS,controversial,Industrials,United States,0.1,0.0,-0.1,DROP
StrictExclusion_20251011T183739,ESML,VFC,VF,controversial,Consumer Discretionary,United States,0.1,0.0,-0.1,DROP
StrictExclusion_20251011T183739,ESML,EYE,NATIONAL VISION,controversial,Consumer Discretionary,United States,0.1,0.0,-0.1,DROP
StrictExclusion_20251011T183739,ESML,AROC,ARCHROCK,controversial,Energy,United States,0.1,0.0,-0.1,DROP
StrictExclusion_20251011T183739,ESML,NWN,NORTHWEST NATURAL HOLDING,controversial,Utilities,United States,0.09,0.0,-0.09,DROP
StrictExclusion_20251011T183739,ESML,SMR,NUSCALE POWER,controversial,Industrials,United States,0.09,0.0,-0.09,DROP
StrictExclusion_20251011T183739,ESML,VSEC,VSE,controversial,Industrials,United States,0.09,0.0,-0.09,DROP
StrictExclusion_20251011T183739,ESML,PSN,PARSONS,controversial,Industrials,United States,0.09,0.0,-0.09,DROP
StrictExclusion_20251011T183739,ESML,KOS,KOSMOS ENERGY,controversial,Energy,United States,0.08,0.0,-0.08,DROP
StrictExclusion_20251011T183739,ESML,IRDM,IRIDIUM COMMUNICATIONS,controversial,Communication,United States,0.08,0.0,-0.08,DROP
StrictExclusion_20251011T183739,ESML,DCO,DUCOMMUN,controversial,Industrials,United States,0.08,0.0,-0.08,DROP
StrictExclusion_20251011T183739,ESML,BHE,BENCHMARK ELECTRONICS,controversial,Information Technology,United States,0.07,0.0,-0.07,DROP
StrictExclusion_20251011T183739,ESML,FLR,FLUOR,controversial,Industrials,United States,0.07,0.0,-0.07,DROP
StrictExclusion_20251011T183739,ESML,SPR,SPIRIT AEROSYSTEMS,controversial,Industrials,United States,0.07,0.0,-0.07,DROP
StrictExclusion_20251011T183739,ESML,CALM,CAL MAINE FOODS,controversial,Consumer Staples,United States,0.07,0.0,-0.07,DROP
StrictExclusion_20251011T183739,ESML,PAR,PAR TECHNOLOGY,controversial,Information Technology,United States,0.07,0.0,-0.07,DROP
StrictExclusion_20251011T183739,ESML,WWW,WOLVERINE WORLD WIDE,controversial,Consumer Discretionary,United States,0.06,0.0,-0.06,DROP
StrictExclusion_20251011T183739,ESML,XPRO,EXPRO,controversial,Energy,United States,0.06,0.0,-0.06,DROP
StrictExclusion_20251011T183739,ESML,SHOO,STEVEN MADDEN,controversial,Consumer Discretionary,United States,0.06,0.0,-0.06,DROP
StrictExclusion_20251011T183739,ESML,CPRI,CAPRI,controversial,Consumer Discretionary,United States,0.06,0.0,-0.06,DROP
StrictExclusion_20251011T183739,ESML,MRC,MRC GLOBAL,controversial,Industrials,United States,0.06,0.0,-0.06,DROP
StrictExclusion_20251011T183739,ESML,INVX,INNOVEX INTERNATIONAL,controversial,Energy,United States,0.06,0.0,-0.06,DROP
StrictExclusion_20251011T183739,ESML,AIR,AAR,controversial,Industrials,United States,0.06,0.0,-0.06,DROP
StrictExclusion_20251011T183739,ESML,AIR,AAR,controversial,Industrials,United States,0.06,0.0,-0.06,DROP
StrictExclusion_20251011T183739,ESML,KN,KNOWLES,controversial,Information Technology,United States,0.06,0.0,-0.06,DROP
StrictExclusion_20251011T183739,ESML,SM,SM ENERGY,controversial,Energy,United States,0.06,0.0,-0.06,DROP
StrictExclusion_20251011T183739,ESML,SM,SM ENERGY,controversial,Energy,United States,0.06,0.0,-0.06,DROP
StrictExclusion_20251011T183739,ESML,SAIC,SCIENCE APPLICATIONS INTERNATIONAL,controversial,Industrials,United States,0.05,0.0,-0.05,DROP
StrictExclusion_20251011T183739,ESML,PBF,PBF ENERGY,controversial,Energy,United States,0.05,0.0,-0.05,DROP
StrictExclusion_20251011T183739,ESML,ACHC,ACADIA HEALTHCARE,controversial,Health Care,United States,0.05,0.0,-0.05,DROP
StrictExclusion_20251011T183739,ESML,HCC,WARRIOR MET COAL,controversial,Materials,United States,0.05,0.0,-0.05,DROP
StrictExclusion_20251011T183739,ESML,WTFC,WINTRUST FINANCIAL,controversial,Financials,United States,0.05,0.0,-0.05,DROP
StrictExclusion_20251011T183739,ESML,EE,EXCELERATE ENERGY,controversial,Energy,United States,0.05,0.0,-0.05,DROP
StrictExclusion_20251011T183739,ESML,SKX,SKECHERS USA,controversial,Consumer Discretionary,United States,0.05,0.0,-0.05,DROP
StrictExclusion_20251011T183739,ESML,HE,HAWAIIAN ELECTRIC INDUSTRIES,controversial,Utilities,United States,0.05,0.0,-0.05,DROP
StrictExclusion_20251011T183739,ESML,VVX,V2X,controversial,Industrials,United States,0.05,0.0,-0.05,DROP
StrictExclusion_20251011T183739,ESML,UTL,UNITIL,controversial,Utilities,United States,0.05,0.0,-0.05,DROP
StrictExclusion_20251011T183739,ESML,SBSI,SOUTHSIDE BANCSHARES,controversial,Financials,United States,0.05,0.0,-0.05,DROP
StrictExclusion_20251011T183739,ESML,CIVI,CIVITAS RESOURCES,controversial,Energy,United States,0.05,0.0,-0.05,DROP
StrictExclusion_20251011T183739,ESML,OSIS,OSI SYSTEMS,controversial,Information Technology,United States,0.05,0.0,-0.05,DROP
StrictExclusion_20251011T183739,ESML,NABL,N ABLE,controversial,Information Technology,United States,0.05,0.0,-0.05,DROP
StrictExclusion_20251011T183739,ESML,WHD,CACTUS,controversial,Energy,United States,0.05,0.0,-0.05,DROP
StrictExclusion_20251011T183739,ESML,AMC,AMC ENTERTAINMENT,controversial,Communication,United States,0.05,0.0,-0.05,DROP
StrictExclusion_20251011T183739,ESML,WKC,WORLD KINECT,controversial,Energy,United States,0.05,0.0,-0.05,DROP
StrictExclusion_20251011T183739,ESML,COTY,COTY,controversial,Consumer Staples,United States,0.05,0.0,-0.05,DROP
StrictExclusion_20251011T183739,ESML,BKV,BKV,controversial,Energy,United States,0.05,0.0,-0.05,DROP
StrictExclusion_20251011T183739,ICLN,SSE,SSE,controversial,Utilities,United Kingdom,5.8,0.0,-5.8,DROP
StrictExclusion_20251011T183739,ICLN,EDP,EDP ENERGIAS DE PORTUGAL,controversial,Utilities,Portugal,4.33,0.0,-4.33,DROP
StrictExclusion_20251011T183739,ICLN,NXT,NEXTRACKER,other,Industrials,United States,3.8,5.0,1.2000000000000002,UP
StrictExclusion_20251011T183739,ICLN,NXT,NEXTRACKER,other,Industrials,United States,3.8,5.0,1.2000000000000002,UP
StrictExclusion_20251011T183739,ICLN,600900,CHINA YANGTZE POWER A,other,Utilities,China,3.6,3.9,0.2999999999999998,UP
StrictExclusion_20251011T183739,ICLN,BE,BLOOM ENERGY,other,Industrials,United States,3.42,3.62,0.20000000000000018,UP
StrictExclusion_20251011T183739,ICLN,9502,CHUBU ELECTRIC POWER,controversial,Utilities,Japan,3.3,0.0,-3.3,DROP
StrictExclusion_20251011T183739,ICLN,EQTL3,EQUATORIAL,controversial,Utilities,Brazil,3.07,0.0,-3.07,DROP
StrictExclusion_20251011T183739,ICLN,ORSTED,OERSTED,other,Utilities,Denmark,3.03,4.53,1.5000000000000004,UP
StrictExclusion_20251011T183739,ICLN,SUZLON,SUZLON ENERGY,clean,Industrials,India,2.81,3.41,0.6000000000000001,UP
StrictExclusion_20251011T183739,ICLN,ORA,ORMAT TECH,other,Utilities,United States,2.39,2.79,0.3999999999999999,UP
StrictExclusion_20251011T183739,ICLN,ELET3,CENTRAIS ELETR BRAS ELETROBRAS,other,Utilities,Brazil,2.21,3.31,1.1,UP
StrictExclusion_20251011T183739,ICLN,ENPH,ENPHASE ENERGY,other,Information Technology,United States,1.95,3.45,1.5000000000000002,UP
StrictExclusion_20251011T183739,ICLN,EDPR,EDP RENOVAVEIS,clean,Utilities,Portugal,1.52,1.72,0.19999999999999996,UP
StrictExclusion_20251011T183739,ICLN,NPI,NORTHLAND POWER,other,Utilities,Canada,1.42,1.92,0.5,UP
StrictExclusion_20251011T183739,ICLN,NHPC,NHPC,other,Utilities,India,1.39,1.59,0.20000000000000018,UP
StrictExclusion_20251011T183739,ICLN,VER,VERBUND,clean,Utilities,Austria,1.14,1.34,0.20000000000000018,UP
StrictExclusion_20251011T183739,ICLN,BREN,BARITO RENEWABLES ENERGY,other,Utilities,Indonesia,1.09,1.29,0.19999999999999996,UP
StrictExclusion_20251011T183739,ICLN,BKW,BKW N,other,Utilities,Switzerland,1.0,1.2,0.19999999999999996,UP
StrictExclusion_20251011T183739,ICLN,968,XINYI SOLAR,clean,Information Technology,China,0.85,1.45,0.6,UP
StrictExclusion_20251011T183739,ICLN,586,CHINA CONCH VENTURE,other,Industrials,China,0.84,1.94,1.1,UP
StrictExclusion_20251011T183739,ICLN,9830,HANWHA SOLUTIONS,clean,Materials,Korea (South),0.81,0.91,0.09999999999999998,UP
StrictExclusion_20251011T183739,ICLN,CEN,CONTACT ENERGY,controversial,Utilities,New Zealand,0.65,0.0,-0.65,DROP
StrictExclusion_20251011T183739,ICLN,9958,CENTURY IRON AND STEEL INDUSTRIAL,other,Materials,Taiwan,0.58,0.68,0.10000000000000009,UP
StrictExclusion_20251011T183739,ICLN,ENELCHILE,ENEL CHILE,controversial,Utilities,Chile,0.56,0.0,-0.56,DROP
StrictExclusion_20251011T183739,ICLN,ERG,ERG,other,Utilities,Italy,0.55,0.65,0.09999999999999998,UP
StrictExclusion_20251011T183739,ICLN,ENLT,ENLIGHT RENEWABLE ENERGY,other,Utilities,Israel,0.52,0.62,0.09999999999999998,UP
StrictExclusion_20251011T183739,ICLN,SLR,SOLARIA ENERGIA Y MEDIO AMBIENTE S,other,Utilities,Spain,0.51,1.53,1.02,UP
StrictExclusion_20251011T183739,ICLN,1735,CENTRAL NEW ENERGY HOLDING L,other,Industrials,Hong Kong,0.49,0.59,0.09999999999999998,UP
StrictExclusion_20251011T183739,ICLN,ANE,CORPORACION ACCIONA ENERGIAS RENOV,other,Utilities,Spain,0.46,0.56,0.10000000000000003,UP
StrictExclusion_20251011T183739,ICLN,MEL,MERIDIAN ENERGY,other,Utilities,New Zealand,0.45,0.55,0.10000000000000003,UP
StrictExclusion_20251011T183739,ICLN,ENELAM,ENEL AMERICAS,clean,Utilities,Chile,0.45,0.55,0.10000000000000003,UP
StrictExclusion_20251011T183739,ICLN,112610,CS WIND,other,Industrials,Korea (South),0.38,0.58,0.19999999999999996,UP
StrictExclusion_20251011T183739,ICLN,REX,REX AMERICAN RESOURCES,other,Energy,United States,0.36,0.46,0.10000000000000003,UP
StrictExclusion_20251011T183739,ICLN,SJVN,SJVN,controversial,Utilities,India,0.35,0.0,-0.35,DROP
StrictExclusion_20251011T183739,ICLN,RNW,RENEW ENERGY GLOBAL,other,Utilities,United Kingdom,0.24,0.34,0.10000000000000003,UP
StrictExclusion_20251011T183739,ICLN,BRL,BRL CASH,other,Cash and/or Derivatives,Brazil,0.2,0.3,0.09999999999999998,UP
StrictExclusion_20251011T183739,ICLN,S92,SMA SOLAR TECHNOLOGY,clean,Information Technology,Germany,0.19,0.49,0.3,UP
StrictExclusion_20251011T183739,ICLN,SMRTG.E,SMART GUNES ENERJISI TEKNOLOJILERI,other,Information Technology,Turkey,0.06,0.16,0.1,UP
StrictExclusion_20251011T183739,ICLN,XTSLA,BLK CSH FND TREASURY SL AGENCY,other,Cash and/or Derivatives,United States,0.04,0.12,0.07999999999999999,UP
StrictExclusion_20251011T183739,LCTD,HSBA,HSBC,controversial,Financials,United Kingdom,1.77,0.0,-1.77,DROP
StrictExclusion_20251011T183739,LCTD,SAP,SAP,other,Information Technology,Germany,1.51,1.91,0.3999999999999999,UP
StrictExclusion_20251011T183739,LCTD,AZN,ASTRAZENECA,clean,Health Care,United Kingdom,1.42,1.72,0.30000000000000004,UP
StrictExclusion_20251011T183739,LCTD,SIE,SIEMENS N,other,Industrials,Germany,1.34,1.64,0.2999999999999998,UP
StrictExclusion_20251011T183739,LCTD,ALV,ALLIANZ,other,Financials,Germany,1.26,1.46,0.19999999999999996,UP
StrictExclusion_20251011T183739,LCTD,SU,SCHNEIDER ELECTRIC,other,Industrials,France,1.25,1.55,0.30000000000000004,UP
StrictExclusion_20251011T183739,LCTD,CM,CANADIAN IMPERIAL BANK OF COMMERCE,other,Financials,Canada,1.23,1.53,0.30000000000000004,UP
StrictExclusion_20251011T183739,LCTD,6501,HITACHI,other,Industrials,Japan,1.23,1.63,0.3999999999999999,UP
StrictExclusion_20251011T183739,LCTD,NESN,NESTLE,controversial,Consumer Staples,Switzerland,1.21,0.0,-1.21,DROP
StrictExclusion_20251011T183739,LCTD,WSP,WSP GLOBAL,clean,Industrials,Canada,1.1,1.5,0.3999999999999999,UP
StrictExclusion_20251011T183739,LCTD,CBA,COMMONWEALTH BANK OF AUSTRALIA,controversial,Financials,Australia,1.08,0.0,-1.08,DROP
StrictExclusion_20251011T183739,LCTD,ACA,CREDIT AGRICOLE,other,Financials,France,0.99,1.49,0.5,UP
StrictExclusion_20251011T183739,LCTD,TCL,TRANSURBAN STAPLED UNITS,other,Industrials,Australia,0.91,1.01,0.09999999999999998,UP
StrictExclusion_20251011T183739,LCTD,SAN,SANOFI,clean,Health Care,France,0.89,0.99,0.09999999999999998,UP
StrictExclusion_20251011T183739,LCTD,SHEL,SHELL,controversial,Energy,United Kingdom,0.88,0.0,-0.88,DROP
StrictExclusion_20251011T183739,LCTD,1299,AIA,other,Financials,Hong Kong,0.88,1.08,0.20000000000000007,UP
StrictExclusion_20251011T183739,LCTD,TTE,TOTALENERGIES,other,Energy,France,0.86,0.96,0.09999999999999998,UP
StrictExclusion_20251011T183739,LCTD,ROG,ROCHE HOLDING PAR,other,Health Care,Switzerland,0.85,0.95,0.09999999999999998,UP
StrictExclusion_20251011T183739,LCTD,4901,FUJIFILM,other,Information Technology,Japan,0.83,0.93,0.10000000000000009,UP
StrictExclusion_20251011T183739,LCTD,MC,LVMH,other,Consumer Discretionary,France,0.82,0.92,0.10000000000000009,UP
StrictExclusion_20251011T183739,LCTD,WBC,WESTPAC BANKING,controversial,Financials,Australia,0.81,0.0,-0.81,DROP
StrictExclusion_20251011T183739,LCTD,DGE,DIAGEO,other,Consumer Staples,United Kingdom,0.79,0.89,0.09999999999999998,UP
StrictExclusion_20251011T183739,LCTD,4452,KAO,controversial,Consumer Staples,Japan,0.76,0.0,-0.76,DROP
StrictExclusion_20251011T183739,LCTD,8316,SUMITOMO MITSUI FINANCIAL IN,other,Financials,Japan,0.76,1.06,0.30000000000000004,UP
StrictExclusion_20251011T183739,LCTD,OR,LOREAL,other,Consumer Staples,France,0.74,0.84,0.09999999999999998,UP
StrictExclusion_20251011T183739,LCTD,EQT,EQT,other,Financials,Sweden,0.71,0.91,0.20000000000000007,UP
StrictExclusion_20251011T183739,LCTD,1925,DAIWA HOUSE INDUSTRY,controversial,Real Estate,Japan,0.66,0.0,-0.66,DROP
StrictExclusion_20251011T183739,LCTD,REL,RELX,controversial,Industrials,United Kingdom,0.62,0.0,-0.62,DROP
StrictExclusion_20251011T183739,LCTD,SHOP,SHOPIFY SUBORDINATE VOTING,other,Information Technology,Canada,0.61,0.91,0.30000000000000004,UP
StrictExclusion_20251011T183739,LCTD,MBG,MERCEDES BENZ N,other,Consumer Discretionary,Germany,0.6,0.7,0.09999999999999998,UP
StrictExclusion_20251011T183739,LCTD,T,TELUS,clean,Communication,Canada,0.6,0.8,0.20000000000000007,UP
StrictExclusion_20251011T183739,LCTD,XTSLA,BLK CSH FND TREASURY SL AGENCY,other,Cash and/or Derivatives,United States,0.6,0.7,0.09999999999999998,UP
StrictExclusion_20251011T183739,LCTD,LLOY,LLOYDS BANKING,other,Financials,United Kingdom,0.6,0.9,0.30000000000000004,UP
StrictExclusion_20251011T183739,LCTD,BP.,BP,controversial,Energy,United Kingdom,0.58,0.0,-0.58,DROP
StrictExclusion_20251011T183739,LCTD,6758,SONY,controversial,Consumer Discretionary,Japan,0.55,0.0,-0.55,DROP
StrictExclusion_20251011T183739,LCTD,D05,DBS,controversial,Financials,Singapore,0.54,0.0,-0.54,DROP
StrictExclusion_20251011T183739,LCTD,ENGI,ENGIE,controversial,Utilities,France,0.53,0.0,-0.53,DROP
StrictExclusion_20251011T183739,LCTD,PRX,PROSUS,other,Consumer Discretionary,Netherlands,0.53,0.63,0.09999999999999998,UP
StrictExclusion_20251011T183739,LCTD,3402,TORAY INDUSTRIES,other,Materials,Japan,0.51,0.61,0.09999999999999998,UP
StrictExclusion_20251011T183739,LCTD,CBK,COMMERZBANK,controversial,Financials,Germany,0.51,0.0,-0.51,DROP
StrictExclusion_20251011T183739,LCTD,EDP,EDP ENERGIAS DE PORTUGAL,controversial,Utilities,Portugal,0.51,0.0,-0.51,DROP
StrictExclusion_20251011T183739,LCTD,3092,ZOZO,other,Consumer Discretionary,Japan,0.49,0.69,0.19999999999999996,UP
StrictExclusion_20251011T183739,LCTD,ENB,ENBRIDGE,controversial,Energy,Canada,0.49,0.0,-0.49,DROP
StrictExclusion_20251011T183739,LCTD,8306,MITSUBISHI UFJ FINANCIAL,controversial,Financials,Japan,0.48,0.0,-0.48,DROP
StrictExclusion_20251011T183739,LCTD,UCB,UCB,other,Health Care,Belgium,0.48,0.58,0.09999999999999998,UP
StrictExclusion_20251011T183739,LCTD,4503,ASTELLAS PHARMA,clean,Health Care,Japan,0.47,0.67,0.20000000000000007,UP
StrictExclusion_20251011T183739,LCTD,PHIA,KONINKLIJKE PHILIPS,other,Health Care,Netherlands,0.47,0.67,0.20000000000000007,UP
StrictExclusion_20251011T183739,LCTD,SAN,BANCO SANTANDER,other,Financials,Spain,0.46,0.66,0.2,UP
StrictExclusion_20251011T183739,LCTD,SAF,SAFRAN,controversial,Industrials,France,0.45,0.0,-0.45,DROP
StrictExclusion_20251011T183739,LCTD,DBK,DEUTSCHE BANK,controversial,Financials,Germany,0.45,0.0,-0.45,DROP
StrictExclusion_20251011T183739,LCTD,WRT1V,WARTSILA,controversial,Industrials,Finland,0.44,0.0,-0.44,DROP
StrictExclusion_20251011T183739,LCTD,SIKA,SIKA,other,Materials,Switzerland,0.44,0.54,0.10000000000000003,UP
StrictExclusion_20251011T183739,LCTD,DSY,DASSAULT SYSTEMES,other,Information Technology,France,0.42,0.62,0.2,UP
StrictExclusion_20251011T183739,LCTD,GALP,GALP ENERGIA SGPS,controversial,Energy,Portugal,0.41,0.0,-0.41,DROP
StrictExclusion_20251011T183739,LCTD,SCMN,SWISSCOM,other,Communication,Switzerland,0.4,0.6,0.19999999999999996,UP
StrictExclusion_20251011T183739,LCTD,CLNX,CELLNEX TELECOM,other,Communication,Spain,0.4,0.5,0.09999999999999998,UP
StrictExclusion_20251011T183739,LCTD,BOL,BOLIDEN,other,Materials,Sweden,0.39,0.59,0.19999999999999996,UP
StrictExclusion_20251011T183739,LCTD,RKT,RECKITT BENCKISER,controversial,Consumer Staples,United Kingdom,0.39,0.0,-0.39,DROP
StrictExclusion_20251011T183739,LCTD,RKT,RECKITT BENCKISER,controversial,Consumer Staples,United Kingdom,0.39,0.0,-0.39,DROP
StrictExclusion_20251011T183739,LCTD,7011,MITSUBISHI HEAVY INDUSTRIES,controversial,Industrials,Japan,0.38,0.0,-0.38,DROP
StrictExclusion_20251011T183739,LCTD,BARC,BARCLAYS,controversial,Financials,United Kingdom,0.37,0.0,-0.37,DROP
StrictExclusion_20251011T183739,LCTD,SBRY,SAINSBURY J,controversial,Consumer Staples,United Kingdom,0.36,0.0,-0.36,DROP
StrictExclusion_20251011T183739,LCTD,RHM,RHEINMETALL,controversial,Industrials,Germany,0.36,0.0,-0.36,DROP
StrictExclusion_20251011T183739,LCTD,RR.,ROLLS ROYCE,controversial,Industrials,United Kingdom,0.35,0.0,-0.35,DROP
StrictExclusion_20251011T183739,LCTD,TSCO,TESCO,controversial,Consumer Staples,United Kingdom,0.33,0.0,-0.33,DROP
StrictExclusion_20251011T183739,LCTD,TSCO,TESCO,controversial,Consumer Staples,United Kingdom,0.33,0.0,-0.33,DROP
StrictExclusion_20251011T183739,LCTD,ENI,ENI,other,Energy,Italy,0.33,0.43,0.09999999999999998,UP
StrictExclusion_20251011T183739,LCTD,7936,ASICS,controversial,Consumer Discretionary,Japan,0.32,0.0,-0.32,DROP
StrictExclusion_20251011T183739,LCTD,NWG,NATWEST,controversial,Financials,United Kingdom,0.32,0.0,-0.32,DROP
StrictExclusion_20251011T183739,LCTD,1928,SANDS CHINA,other,Consumer Discretionary,Hong Kong,0.29,0.39,0.10000000000000003,UP
StrictExclusion_20251011T183739,LCTD,8802,MITSUBISHI ESTATE,other,Real Estate,Japan,0.29,0.39,0.10000000000000003,UP
StrictExclusion_20251011T183739,LCTD,CCO,CAMECO,controversial,Energy,Canada,0.28,0.0,-0.28,DROP
StrictExclusion_20251011T183739,LCTD,7267,HONDA MOTOR,controversial,Consumer Discretionary,Japan,0.28,0.0,-0.28,DROP
StrictExclusion_20251011T183739,LCTD,SHL,SIEMENS HEALTHINEERS,other,Health Care,Germany,0.28,0.38,0.09999999999999998,UP
StrictExclusion_20251011T183739,LCTD,8031,MITSUI,controversial,Industrials,Japan,0.26,0.0,-0.26,DROP
StrictExclusion_20251011T183739,LCTD,6702,FUJITSU,controversial,Information Technology,Japan,0.26,0.0,-0.26,DROP
StrictExclusion_20251011T183739,LCTD,AAL,ANGLO AMERICAN,controversial,Materials,United Kingdom,0.26,0.0,-0.26,DROP
StrictExclusion_20251011T183739,LCTD,AAL,ANGLO AMERICAN,controversial,Materials,United Kingdom,0.26,0.0,-0.26,DROP
StrictExclusion_20251011T183739,LCTD,WKL,WOLTERS KLUWER,other,Industrials,Netherlands,0.24,0.34,0.10000000000000003,UP
StrictExclusion_20251011T183739,LCTD,2802,AJINOMOTO,other,Consumer Staples,Japan,0.23,0.33,0.1,UP
StrictExclusion_20251011T183739,LCTD,TEMN,TEMENOS,other,Information Technology,Switzerland,0.22,0.32,0.1,UP
StrictExclusion_20251011T183739,LCTD,STO,SANTOS,controversial,Energy,Australia,0.2,0.0,-0.2,DROP
StrictExclusion_20251011T183739,LCTD,6301,KOMATSU,controversial,Industrials,Japan,0.18,0.0,-0.18,DROP
StrictExclusion_20251011T183739,LCTD,REA,REA,other,Communication,Australia,0.18,0.28,0.10000000000000003,UP
StrictExclusion_20251011T183739,LCTD,A5G,AIB,other,Financials,Ireland,0.17,0.27,0.1,UP
StrictExclusion_20251011T183739,LCTD,NAB,NATIONAL AUSTRALIA BANK,controversial,Financials,Australia,0.17,0.0,-0.17,DROP
StrictExclusion_20251011T183739,LCTD,INGA,ING GROEP,controversial,Financials,Netherlands,0.16,0.0,-0.16,DROP
StrictExclusion_20251011T183739,LCTD,4911,SHISEIDO,controversial,Consumer Staples,Japan,0.16,0.0,-0.16,DROP
StrictExclusion_20251011T183739,LCTD,BA.,BAE SYSTEMS,controversial,Industrials,United Kingdom,0.15,0.0,-0.15,DROP
StrictExclusion_20251011T183739,LCTD,6701,NEC,controversial,Information Technology,Japan,0.14,0.0,-0.14,DROP
StrictExclusion_20251011T183739,LCTD,CA,CARREFOUR,controversial,Consumer Staples,France,0.14,0.0,-0.14,DROP
StrictExclusion_20251011T183739,LCTD,COH,COCHLEAR,other,Health Care,Australia,0.14,0.24,0.09999999999999998,UP
StrictExclusion_20251011T183739,LCTD,QSR,RESTAURANTS BRANDS INTERNATIONAL I,other,Consumer Discretionary,Canada,0.14,0.24,0.09999999999999998,UP
StrictExclusion_20251011T183739,LCTD,KEY,KEYERA,controversial,Energy,Canada,0.12,0.0,-0.12,DROP
StrictExclusion_20251011T183739,LCTD,KEY,KEYERA,controversial,Energy,Canada,0.12,0.0,-0.12,DROP
StrictExclusion_20251011T183739,LCTD,8267,AEON,controversial,Consumer Staples,Japan,0.11,0.0,-0.11,DROP
StrictExclusion_20251011T183739,LCTD,UHR,THE SWATCH,other,Consumer Discretionary,Switzerland,0.11,0.21,0.09999999999999999,UP
StrictExclusion_20251011T183739,LCTD,SRG,SNAM,other,Utilities,Italy,0.11,0.21,0.09999999999999999,UP
StrictExclusion_20251011T183739,LCTD,SGO,COMPAGNIE DE SAINT GOBAIN,controversial,Industrials,France,0.11,0.0,-0.11,DROP
StrictExclusion_20251011T183739,LCTD,POLI,BANK HAPOALIM BM,other,Financials,Israel,0.11,0.21,0.09999999999999999,UP
StrictExclusion_20251011T183739,LCTD,7013,IHI,controversial,Industrials,Japan,0.1,0.0,-0.1,DROP
StrictExclusion_20251011T183739,LCTD,EVK,EVONIK INDUSTRIES,other,Materials,Germany,0.1,0.2,0.1,UP
StrictExclusion_20251011T183739,LCTD,5401,NIPPON STEEL,controversial,Materials,Japan,0.09,0.0,-0.09,DROP
StrictExclusion_20251011T183739,LCTD,KER,KERING,clean,Consumer Discretionary,France,0.09,0.0,-0.09,DROP
StrictExclusion_20251011T183739,LCTD,SW,SODEXO,controversial,Consumer Discretionary,France,0.08,0.0,-0.08,DROP
StrictExclusion_20251011T183739,LCTD,SW,SODEXO,controversial,Consumer Discretionary,France,0.08,0.0,-0.08,DROP
StrictExclusion_20251011T183739,LCTD,GRF,GRIFOLS,other,Health Care,Spain,0.08,0.18,0.09999999999999999,UP
StrictExclusion_20251011T183739,LCTD,ANZ,ANZ,controversial,Financials,Australia,0.08,0.0,-0.08,DROP
StrictExclusion_20251011T183739,LCTD,MNDI,MONDI,controversial,Materials,United Kingdom,0.08,0.0,-0.08,DROP
StrictExclusion_20251011T183739,LCTD,NHY,NORSK HYDRO,other,Materials,Norway,0.08,0.18,0.09999999999999999,UP
StrictExclusion_20251011T183739,LCTD,LSPP.DU,CHOCOLADEFABRIKEN LINDT SPRUENGL,other,Consumer Staples,Switzerland,0.07,0.21,0.13999999999999999,UP
StrictExclusion_20251011T183739,LCTD,ALL,ARISTOCRAT LEISURE,other,Consumer Discretionary,Australia,0.06,0.16,0.1,UP
StrictExclusion_20251011T183739,LCTD,6503,MITSUBISHI ELECTRIC,controversial,Industrials,Japan,0.06,0.0,-0.06,DROP
StrictExclusion_20251011T183739,LCTD,CNA,CENTRICA,controversial,Utilities,United Kingdom,0.06,0.0,-0.06,DROP
StrictExclusion_20251011T183739,LCTD,WCP,WHITECAP RESOURCES,controversial,Energy,Canada,0.06,0.0,-0.06,DROP
StrictExclusion_20251011T183739,LCTD,HO,THALES,controversial,Industrials,France,0.05,0.0,-0.05,DROP
StrictExclusion_20251011T183739,LCTD,CMPGF,COMPASS,controversial,Consumer Discretionary,United Kingdom,0.05,0.0,-0.05,DROP
StrictExclusion_20251011T183739,LCTD,5019,IDEMITSU KOSAN,controversial,Energy,Japan,0.05,0.0,-0.05,DROP
StrictExclusion_20251011T183739,LCTD,EXPN,EXPERIAN,other,Industrials,United Kingdom,0.04,0.12,0.07999999999999999,UP
StrictExclusion_20251011T183739,LCTD,DANSKE,DANSKE BANK,other,Financials,Denmark,0.04,0.12,0.07999999999999999,UP
StrictExclusion_20251011T183739,LCTD,ORSTED,OERSTED,other,Utilities,Denmark,0.03,0.09,0.06,UP
StrictExclusion_20251011T183739,LCTU,MSFT,MICROSOFT,clean,Information Technology,United States,5.73,0.0,-5.73,DROP
StrictExclusion_20251011T183739,LCTU,AMZN,AMAZON COM,controversial,Consumer Discretionary,United States,3.07,0.0,-3.07,DROP
StrictExclusion_20251011T183739,LCTU,META,META PLATFORMS,other,Communication,United States,3.02,5.0,1.98,UP
StrictExclusion_20251011T183739,LCTU,AVGO,BROADCOM,clean,Information Technology,United States,2.28,5.0,2.72,UP
StrictExclusion_20251011T183739,LCTU,GOOG,ALPHABET,clean,Communication,United States,1.82,0.0,-1.82,DROP
StrictExclusion_20251011T183739,LCTU,MA,MASTERCARD,other,Financials,United States,1.71,5.0,3.29,UP
StrictExclusion_20251011T183739,LCTU,TSLA,TESLA,clean,Consumer Discretionary,United States,1.57,4.07,2.5,UP
StrictExclusion_20251011T183739,LCTU,BRKB,BERKSHIRE HATHAWAY,controversial,Financials,United States,1.56,0.0,-1.56,DROP
StrictExclusion_20251011T183739,LCTU,GOOG,ALPHABET,clean,Communication,United States,1.52,0.0,-1.52,DROP
StrictExclusion_20251011T183739,LCTU,JPM,JPMORGAN CHASE,controversial,Financials,United States,1.52,0.0,-1.52,DROP
StrictExclusion_20251011T183739,LCTU,LLY,ELI LILLY,other,Health Care,United States,1.23,3.69,2.46,UP
StrictExclusion_20251011T183739,LCTU,GS,GOLDMAN SACHS,other,Financials,United States,1.22,2.71,1.49,UP
StrictExclusion_20251011T183739,LCTU,NFLX,NETFLIX,other,Communication,United States,1.14,1.74,0.6000000000000001,UP
StrictExclusion_20251011T183739,LCTU,CSCO,CISCO SYSTEMS,clean,Information Technology,United States,1.11,3.33,2.2199999999999998,UP
StrictExclusion_20251011T183739,LCTU,GE,GE AEROSPACE,controversial,Industrials,United States,1.08,0.0,-1.08,DROP
StrictExclusion_20251011T183739,LCTU,ECL,ECOLAB,clean,Materials,United States,1.06,2.06,1.0,UP
StrictExclusion_20251011T183739,LCTU,ADSK,AUTODESK,clean,Information Technology,United States,1.05,3.15,2.0999999999999996,UP
StrictExclusion_20251011T183739,LCTU,VICI,VICI PPTYS,other,Real Estate,United States,1.02,2.12,1.1,UP
StrictExclusion_20251011T183739,LCTU,CL,COLGATE PALMOLIVE,controversial,Consumer Staples,United States,0.85,0.0,-0.85,DROP
StrictExclusion_20251011T183739,LCTU,PEG,PUBLIC SERVICE ENTERPRISE IN,other,Utilities,United States,0.75,1.05,0.30000000000000004,UP
StrictExclusion_20251011T183739,LCTU,COST,COSTCO WHOLESALE,controversial,Consumer Staples,United States,0.73,0.0,-0.73,DROP
StrictExclusion_20251011T183739,LCTU,ETN,EATON,controversial,Industrials,United States,0.69,0.0,-0.69,DROP
StrictExclusion_20251011T183739,LCTU,KO,COCA COLA,other,Consumer Staples,United States,0.68,1.38,0.6999999999999998,UP
StrictExclusion_20251011T183739,LCTU,ACN,ACCENTURE,controversial,Information Technology,United States,0.65,0.0,-0.65,DROP
StrictExclusion_20251011T183739,LCTU,BKR,BAKER HUGHES,controversial,Energy,United States,0.64,0.0,-0.64,DROP
StrictExclusion_20251011T183739,LCTU,RTX,RTX,controversial,Industrials,United States,0.63,0.0,-0.63,DROP
StrictExclusion_20251011T183739,LCTU,AMD,ADVANCED MICRO DEVICES,clean,Information Technology,United States,0.63,1.89,1.2599999999999998,UP
StrictExclusion_20251011T183739,LCTU,GILD,GILEAD SCIENCES,other,Health Care,United States,0.6,1.8,1.2000000000000002,UP
StrictExclusion_20251011T183739,LCTU,ORCL,ORACLE,other,Information Technology,United States,0.58,1.74,1.1600000000000001,UP
StrictExclusion_20251011T183739,LCTU,YUM,YUM BRANDS,controversial,Consumer Discretionary,United States,0.57,0.0,-0.57,DROP
StrictExclusion_20251011T183739,LCTU,PLTR,PALANTIR TECHNOLOGIES,controversial,Information Technology,United States,0.55,0.0,-0.55,DROP
StrictExclusion_20251011T183739,LCTU,ES,EVERSOURCE ENERGY,controversial,Utilities,United States,0.55,0.0,-0.55,DROP
StrictExclusion_20251011T183739,LCTU,XTSLA,BLK CSH FND TREASURY SL AGENCY,other,Cash and/or Derivatives,United States,0.5,0.8,0.30000000000000004,UP
StrictExclusion_20251011T183739,LCTU,UBER,UBER TECHNOLOGIES,other,Industrials,United States,0.49,1.47,0.98,UP
StrictExclusion_20251011T183739,LCTU,LRCX,LAM RESEARCH,other,Information Technology,United States,0.49,1.47,0.98,UP
StrictExclusion_20251011T183739,LCTU,XOM,EXXON MOBIL,controversial,Energy,United States,0.47,0.0,-0.47,DROP
StrictExclusion_20251011T183739,LCTU,INTU,INTUIT,other,Information Technology,United States,0.47,0.57,0.09999999999999998,UP
StrictExclusion_20251011T183739,LCTU,CHRW,CH ROBINSON WORLDWIDE,other,Industrials,United States,0.47,1.41,0.94,UP
StrictExclusion_20251011T183739,LCTU,TT,TRANE TECHNOLOGIES,clean,Industrials,United States,0.46,0.76,0.3,UP
StrictExclusion_20251011T183739,LCTU,WMT,WALMART,controversial,Consumer Staples,United States,0.45,0.0,-0.45,DROP
StrictExclusion_20251011T183739,LCTU,OKE,ONEOK,controversial,Energy,United States,0.45,0.0,-0.45,DROP
StrictExclusion_20251011T183739,LCTU,J,JACOBS SOLUTIONS,controversial,Industrials,United States,0.4,0.0,-0.4,DROP
StrictExclusion_20251011T183739,LCTU,CRM,SALESFORCE,controversial,Information Technology,United States,0.39,0.0,-0.39,DROP
StrictExclusion_20251011T183739,LCTU,PEP,PEPSICO,controversial,Consumer Staples,United States,0.35,0.0,-0.35,DROP
StrictExclusion_20251011T183739,LCTU,MDLZ,MONDELEZ INTERNATIONAL,controversial,Consumer Staples,United States,0.35,0.0,-0.35,DROP
StrictExclusion_20251011T183739,LCTU,CVX,CHEVRON,controversial,Energy,United States,0.34,0.0,-0.34,DROP
StrictExclusion_20251011T183739,LCTU,GEV,GE VERNOVA,controversial,Industrials,United States,0.34,0.0,-0.34,DROP
StrictExclusion_20251011T183739,LCTU,CAT,CATERPILLAR,controversial,Industrials,United States,0.33,0.0,-0.33,DROP
StrictExclusion_20251011T183739,LCTU,ARES,ARES MANAGEMENT,controversial,Financials,United States,0.32,0.0,-0.32,DROP
StrictExclusion_20251011T183739,LCTU,TPR,TAPESTRY,controversial,Consumer Discretionary,United States,0.32,0.0,-0.32,DROP
StrictExclusion_20251011T183739,LCTU,SRE,SEMPRA,controversial,Utilities,United States,0.28,0.0,-0.28,DROP
StrictExclusion_20251011T183739,LCTU,SYY,SYSCO,controversial,Consumer Staples,United States,0.26,0.0,-0.26,DROP
StrictExclusion_20251011T183739,LCTU,FTI,TECHNIPFMC,controversial,Energy,United States,0.26,0.0,-0.26,DROP
StrictExclusion_20251011T183739,LCTU,HON,HONEYWELL INTERNATIONAL,controversial,Industrials,United States,0.26,0.0,-0.26,DROP
StrictExclusion_20251011T183739,LCTU,TGT,TARGET,controversial,Consumer Staples,United States,0.24,0.0,-0.24,DROP
StrictExclusion_20251011T183739,LCTU,NEE,NEXTERA ENERGY,controversial,Utilities,United States,0.24,0.0,-0.24,DROP
StrictExclusion_20251011T183739,LCTU,BAC,BANK OF AMERICA,controversial,Financials,United States,0.24,0.0,-0.24,DROP
StrictExclusion_20251011T183739,LCTU,SBUX,STARBUCKS,controversial,Consumer Discretionary,United States,0.22,0.0,-0.22,DROP
StrictExclusion_20251011T183739,LCTU,MPC,MARATHON PETROLEUM,controversial,Energy,United States,0.21,0.0,-0.21,DROP
StrictExclusion_20251011T183739,LCTU,ELV,ELEVANCE HEALTH,controversial,Health Care,United States,0.21,0.0,-0.21,DROP
StrictExclusion_20251011T183739,LCTU,NKE,NIKE,clean,Consumer Discretionary,United States,0.21,0.0,-0.21,DROP
StrictExclusion_20251011T183739,LCTU,OSK,OSHKOSH,controversial,Industrials,United States,0.19,0.0,-0.19,DROP
StrictExclusion_20251011T183739,LCTU,ED,CONSOLIDATED EDISON,controversial,Utilities,United States,0.19,0.0,-0.19,DROP
StrictExclusion_20251011T183739,LCTU,CVS,CVS HEALTH,controversial,Health Care,United States,0.18,0.0,-0.18,DROP
StrictExclusion_20251011T183739,LCTU,CEG,CONSTELLATION ENERGY,controversial,Utilities,United States,0.15,0.0,-0.15,DROP
StrictExclusion_20251011T183739,LCTU,PCG,PG E,controversial,Utilities,United States,0.15,0.0,-0.15,DROP
StrictExclusion_20251011T183739,LCTU,SPR,SPIRIT AEROSYSTEMS,controversial,Industrials,United States,0.13,0.0,-0.13,DROP
StrictExclusion_20251011T183739,LCTU,VLO,VALERO ENERGY,controversial,Energy,United States,0.13,0.0,-0.13,DROP
StrictExclusion_20251011T183739,LCTU,WSM,WILLIAMS SONOMA,controversial,Consumer Discretionary,United States,0.13,0.0,-0.13,DROP
StrictExclusion_20251011T183739,LCTU,COP,CONOCOPHILLIPS,controversial,Energy,United States,0.13,0.0,-0.13,DROP
StrictExclusion_20251011T183739,LCTU,COP,CONOCOPHILLIPS,controversial,Energy,United States,0.13,0.0,-0.13,DROP
StrictExclusion_20251011T183739,LCTU,LHX,L3HARRIS TECHNOLOGIES,controversial,Industrials,United States,0.13,0.0,-0.13,DROP
StrictExclusion_20251011T183739,LCTU,LNG,CHENIERE ENERGY,controversial,Energy,United States,0.12,0.0,-0.12,DROP
StrictExclusion_20251011T183739,LCTU,SPOT,SPOTIFY TECHNOLOGY,other,Communication,Sweden,0.11,0.21,0.09999999999999999,UP
StrictExclusion_20251011T183739,LCTU,EIX,EDISON INTERNATIONAL,controversial,Utilities,United States,0.1,0.0,-0.1,DROP
StrictExclusion_20251011T183739,LCTU,NI,NISOURCE,controversial,Utilities,United States,0.1,0.0,-0.1,DROP
StrictExclusion_20251011T183739,LCTU,DECK,DECKERS OUTDOOR,controversial,Consumer Discretionary,United States,0.09,0.0,-0.09,DROP
StrictExclusion_20251011T183739,LCTU,HXL,HEXCEL,controversial,Industrials,United States,0.08,0.0,-0.08,DROP
StrictExclusion_20251011T183739,LCTU,NRG,NRG ENERGY,controversial,Utilities,United States,0.08,0.0,-0.08,DROP
StrictExclusion_20251011T183739,LCTU,JNJ,JOHNSON JOHNSON,controversial,Health Care,United States,0.07,0.0,-0.07,DROP
StrictExclusion_20251011T183739,LCTU,CFG,CITIZENS FINANCIAL,controversial,Financials,United States,0.06,0.0,-0.06,DROP
StrictExclusion_20251011T183739,LCTU,ATI,ATI,controversial,Industrials,United States,0.06,0.0,-0.06,DROP
StrictExclusion_20251011T183739,LCTU,PSN,PARSONS,controversial,Industrials,United States,0.06,0.0,-0.06,DROP
StrictExclusion_20251011T183739,LCTU,BG,BUNGE GLOBAL,controversial,Consumer Staples,United States,0.06,0.0,-0.06,DROP
StrictExclusion_20251011T183739,LCTU,REGN,REGENERON PHARMACEUTICALS,controversial,Health Care,United States,0.05,0.0,-0.05,DROP
StrictExclusion_20251011T183739,LCTU,XP,XP,other,Financials,Brazil,0.04,0.12,0.07999999999999999,UP
StrictExclusion_20251011T183739,PABD,SAP,SAP,other,Information Technology,Germany,1.57,1.01,-0.56,DOWN
StrictExclusion_20251011T183739,PABD,HSBA,HSBC,controversial,Financials,United Kingdom,1.12,0.0,-1.12,DROP
StrictExclusion_20251011T183739,PABD,CBA,COMMONWEALTH BANK OF AUSTRALIA,controversial,Financials,Australia,1.0,0.0,-1.0,DROP
StrictExclusion_20251011T183739,PABD,6758,SONY,controversial,Consumer Discretionary,Japan,0.89,0.0,-0.89,DROP
StrictExclusion_20251011T183739,PABD,8306,MITSUBISHI UFJ FINANCIAL,controversial,Financials,Japan,0.79,0.0,-0.79,DROP
StrictExclusion_20251011T183739,PABD,BARC,BARCLAYS,controversial,Financials,United Kingdom,0.52,0.0,-0.52,DROP
StrictExclusion_20251011T183739,PABD,RHM,RHEINMETALL,controversial,Industrials,Germany,0.49,0.0,-0.49,DROP
StrictExclusion_20251011T183739,PABD,NAB,NATIONAL AUSTRALIA BANK,controversial,Financials,Australia,0.48,0.0,-0.48,DROP
StrictExclusion_20251011T183739,PABD,REL,RELX,controversial,Industrials,United Kingdom,0.4,0.0,-0.4,DROP
StrictExclusion_20251011T183739,PABD,ANZ,ANZ,controversial,Financials,Australia,0.39,0.0,-0.39,DROP
StrictExclusion_20251011T183739,PABD,9983,FAST RETAILING,controversial,Consumer Discretionary,Japan,0.31,0.0,-0.31,DROP
StrictExclusion_20251011T183739,PABD,DBK,DEUTSCHE BANK,controversial,Financials,Germany,0.3,0.0,-0.3,DROP
StrictExclusion_20251011T183739,PABD,8411,MIZUHO FINANCIAL,controversial,Financials,Japan,0.29,0.0,-0.29,DROP
StrictExclusion_20251011T183739,PABD,TRI,THOMSON REUTERS,controversial,Industrials,Canada,0.28,0.0,-0.28,DROP
StrictExclusion_20251011T183739,PABD,SGO,COMPAGNIE DE SAINT GOBAIN,controversial,Industrials,France,0.26,0.0,-0.26,DROP
StrictExclusion_20251011T183739,PABD,BBVA,BANCO BILBAO VIZCAYA ARGENTARIA,controversial,Financials,Spain,0.26,0.0,-0.26,DROP
StrictExclusion_20251011T183739,PABD,EDP,EDP ENERGIAS DE PORTUGAL,controversial,Utilities,Portugal,0.22,0.0,-0.22,DROP
StrictExclusion_20251011T183739,PABD,NWG,NATWEST,controversial,Financials,United Kingdom,0.22,0.0,-0.22,DROP
StrictExclusion_20251011T183739,PABD,PGHN,PARTNERS HOLDING,controversial,Financials,Switzerland,0.21,0.0,-0.21,DROP
StrictExclusion_20251011T183739,PABD,6301,KOMATSU,controversial,Industrials,Japan,0.18,0.0,-0.18,DROP
StrictExclusion_20251011T183739,PABD,6701,NEC,controversial,Information Technology,Japan,0.17,0.0,-0.17,DROP
StrictExclusion_20251011T183739,PABD,6702,FUJITSU,controversial,Information Technology,Japan,0.16,0.0,-0.16,DROP
StrictExclusion_20251011T183739,PABD,D05,DBS,controversial,Financials,Singapore,0.15,0.0,-0.15,DROP
StrictExclusion_20251011T183739,PABD,WBC,WESTPAC BANKING,controversial,Financials,Australia,0.14,0.0,-0.14,DROP
StrictExclusion_20251011T183739,PABD,CCO,CAMECO,controversial,Energy,Canada,0.14,0.0,-0.14,DROP
StrictExclusion_20251011T183739,PABD,RR.,ROLLS ROYCE,controversial,Industrials,United Kingdom,0.14,0.0,-0.14,DROP
StrictExclusion_20251011T183739,PABD,KER,KERING,clean,Consumer Discretionary,France,0.12,0.0,-0.12,DROP
StrictExclusion_20251011T183739,PABD,CMPGF,COMPASS,controversial,Consumer Discretionary,United Kingdom,0.11,0.0,-0.11,DROP
StrictExclusion_20251011T183739,PABD,BEI,BEIERSDORF,controversial,Consumer Staples,Germany,0.11,0.0,-0.11,DROP
StrictExclusion_20251011T183739,PABD,2801,KIKKOMAN,controversial,Consumer Staples,Japan,0.1,0.0,-0.1,DROP
StrictExclusion_20251011T183739,PABD,2801,KIKKOMAN,controversial,Consumer Staples,Japan,0.1,0.0,-0.1,DROP
StrictExclusion_20251011T183739,PABD,7936,ASICS,controversial,Consumer Discretionary,Japan,0.09,0.0,-0.09,DROP
StrictExclusion_20251011T183739,PABD,ESLT,ELBIT SYSTEMS,controversial,Industrials,Israel,0.08,0.0,-0.08,DROP
StrictExclusion_20251011T183739,PABD,SMIN,SMITHS,controversial,Industrials,United Kingdom,0.07,0.0,-0.07,DROP
StrictExclusion_20251011T183739,PABD,CAE,CAE,controversial,Industrials,Canada,0.07,0.0,-0.07,DROP
StrictExclusion_20251011T183739,PABD,PSON,PEARSON,controversial,Consumer Discretionary,United Kingdom,0.06,0.0,-0.06,DROP
StrictExclusion_20251011T183739,PABD,CBK,COMMERZBANK,controversial,Financials,Germany,0.06,0.0,-0.06,DROP
StrictExclusion_20251011T183739,PABD,INGA,ING GROEP,controversial,Financials,Netherlands,0.06,0.0,-0.06,DROP
StrictExclusion_20251011T183739,PABD,NICE,NICE,controversial,Information Technology,Israel,0.05,0.0,-0.05,DROP
StrictExclusion_20251011T183739,PABU,MSFT,MICROSOFT,clean,Information Technology,United States,8.52,0.0,-8.52,DROP
StrictExclusion_20251011T183739,PABU,AMZN,AMAZON COM,controversial,Consumer Discretionary,United States,3.64,0.0,-3.64,DROP
StrictExclusion_20251011T183739,PABU,TSLA,TESLA,clean,Consumer Discretionary,United States,3.32,4.92,1.6,UP
StrictExclusion_20251011T183739,PABU,META,META PLATFORMS,other,Communication,United States,3.2,4.5,1.2999999999999998,UP
StrictExclusion_20251011T183739,PABU,GOOG,ALPHABET,clean,Communication,United States,2.55,0.0,-2.55,DROP
StrictExclusion_20251011T183739,PABU,AVGO,BROADCOM,clean,Information Technology,United States,2.55,5.0,2.45,UP
StrictExclusion_20251011T183739,PABU,LLY,ELI LILLY,other,Health Care,United States,2.47,5.0,2.53,UP
StrictExclusion_20251011T183739,PABU,DLR,DIGITAL REALTY TRUST REIT,other,Real Estate,United States,2.02,3.82,1.7999999999999998,UP
StrictExclusion_20251011T183739,PABU,SHW,SHERWIN WILLIAMS,other,Materials,United States,1.88,2.38,0.5,UP
StrictExclusion_20251011T183739,PABU,MA,MASTERCARD,other,Financials,United States,1.88,5.0,3.12,UP
StrictExclusion_20251011T183739,PABU,V,VISA,other,Financials,United States,1.76,2.36,0.5999999999999999,UP
StrictExclusion_20251011T183739,PABU,IBM,INTERNATIONAL BUSINESS MACHINES,other,Information Technology,United States,1.63,4.89,3.26,UP
StrictExclusion_20251011T183739,PABU,JPM,JPMORGAN CHASE,controversial,Financials,United States,1.58,0.0,-1.58,DROP
StrictExclusion_20251011T183739,PABU,XYL,XYLEM,clean,Industrials,United States,1.27,2.57,1.2999999999999998,UP
StrictExclusion_20251011T183739,PABU,ZTS,ZOETIS,other,Health Care,United States,1.2,1.52,0.32000000000000006,UP
StrictExclusion_20251011T183739,PABU,NOW,SERVICENOW,other,Information Technology,United States,1.2,3.6,2.4000000000000004,UP
StrictExclusion_20251011T183739,PABU,AXON,AXON ENTERPRISE,controversial,Industrials,United States,1.19,0.0,-1.19,DROP
StrictExclusion_20251011T183739,PABU,GOOG,ALPHABET,clean,Communication,United States,1.14,0.0,-1.14,DROP
StrictExclusion_20251011T183739,PABU,ORCL,ORACLE,other,Information Technology,United States,1.1,1.4,0.2999999999999998,UP
StrictExclusion_20251011T183739,PABU,AWK,AMERICAN WATER WORKS,other,Utilities,United States,1.04,1.34,0.30000000000000004,UP
StrictExclusion_20251011T183739,PABU,JNJ,JOHNSON JOHNSON,controversial,Health Care,United States,0.95,0.0,-0.95,DROP
StrictExclusion_20251011T183739,PABU,CRM,SALESFORCE,controversial,Information Technology,United States,0.8,0.0,-0.8,DROP
StrictExclusion_20251011T183739,PABU,EIX,EDISON INTERNATIONAL,controversial,Utilities,United States,0.77,0.0,-0.77,DROP
StrictExclusion_20251011T183739,PABU,MSI,MOTOROLA SOLUTIONS,controversial,Information Technology,United States,0.45,0.0,-0.45,DROP
StrictExclusion_20251011T183739,PABU,TMO,THERMO FISHER SCIENTIFIC,controversial,Health Care,United States,0.45,0.0,-0.45,DROP
StrictExclusion_20251011T183739,PABU,AME,AMETEK,controversial,Industrials,United States,0.37,0.0,-0.37,DROP
StrictExclusion_20251011T183739,PABU,MNST,MONSTER BEVERAGE,other,Consumer Staples,United States,0.25,0.45,0.2,UP
StrictExclusion_20251011T183739,PABU,SBUX,STARBUCKS,controversial,Consumer Discretionary,United States,0.17,0.0,-0.17,DROP
StrictExclusion_20251011T183739,PABU,FTV,FORTIVE,controversial,Industrials,United States,0.14,0.0,-0.14,DROP
StrictExclusion_20251011T183739,PABU,CMG,CHIPOTLE MEXICAN GRILL,controversial,Consumer Discretionary,United States,0.09,0.0,-0.09,DROP
StrictExclusion_20251011T183739,PABU,EFX,EQUIFAX,controversial,Industrials,United States,0.09,0.0,-0.09,DROP
StrictExclusion_20251011T183739,PABU,XTSLA,BLK CSH FND TREASURY SL AGENCY,other,Cash and/or Derivatives,United States,0.08,0.18,0.09999999999999999,UP
StrictExclusion_20251011T183739,SDG,FSLR,FIRST SOLAR,clean,Information Technology,United States,4.28,5.0,0.7199999999999998,UP
StrictExclusion_20251011T183739,SDG,VWS,VESTAS WIND SYSTEMS,other,Industrials,Denmark,4.18,4.48,0.3000000000000007,UP
StrictExclusion_20251011T183739,SDG,9020,EAST JAPAN RAILWAY,clean,Industrials,Japan,4.0,4.3,0.2999999999999998,UP
StrictExclusion_20251011T183739,SDG,NOVN,NOVARTIS,other,Health Care,Switzerland,3.94,4.14,0.19999999999999973,UP
StrictExclusion_20251011T183739,SDG,288,WH,other,Consumer Staples,Hong Kong,3.52,3.82,0.2999999999999998,UP
StrictExclusion_20251011T183739,SDG,KMB,KIMBERLY CLARK,clean,Consumer Staples,United States,3.32,0.0,-3.32,DROP
StrictExclusion_20251011T183739,SDG,2015,LI AUTO,other,Consumer Discretionary,China,3.1,3.6,0.5,UP
StrictExclusion_20251011T183739,SDG,1216,UNI PRESIDENT ENTERPRISES,controversial,Consumer Staples,Taiwan,2.06,0.0,-2.06,DROP
StrictExclusion_20251011T183739,SDG,373220,LG ENERGY SOLUTION,clean,Industrials,Korea (South),1.74,1.84,0.10000000000000009,UP
StrictExclusion_20251011T183739,SDG,DLR,DIGITAL REALTY TRUST REIT,other,Real Estate,United States,1.73,1.93,0.19999999999999996,UP
StrictExclusion_20251011T183739,SDG,268,KINGDEE INT L SOFTWARE,other,Information Technology,China,1.69,2.79,1.1,UP
StrictExclusion_20251011T183739,SDG,XYL,XYLEM,clean,Industrials,United States,1.6,1.7,0.09999999999999987,UP
StrictExclusion_20251011T183739,SDG,VNA,VONOVIA SE,other,Real Estate,Germany,1.56,1.76,0.19999999999999996,UP
StrictExclusion_20251011T183739,SDG,ESSITY B,ESSITY,other,Consumer Staples,Sweden,1.54,1.64,0.09999999999999987,UP
StrictExclusion_20251011T183739,SDG,REGN,REGENERON PHARMACEUTICALS,other,Health Care,United States,1.47,2.17,0.7,UP
StrictExclusion_20251011T183739,SDG,SAP,SAPUTO,other,Consumer Staples,Canada,1.44,1.74,0.30000000000000004,UP
StrictExclusion_20251011T183739,SDG,PSON,PEARSON,controversial,Consumer Discretionary,United Kingdom,1.04,0.0,-1.04,DROP
StrictExclusion_20251011T183739,SDG,ORSTED,OERSTED,other,Utilities,Denmark,1.03,1.13,0.09999999999999987,UP
StrictExclusion_20251011T183739,SDG,2319,CHINA MENGNIU DAIRY,controversial,Consumer Staples,China,0.96,0.0,-0.96,DROP
StrictExclusion_20251011T183739,SDG,HRL,HORMEL FOODS,controversial,Consumer Staples,United States,0.89,0.0,-0.89,DROP
StrictExclusion_20251011T183739,SDG,4568,DAIICHI SANKYO,other,Health Care,Japan,0.85,1.15,0.29999999999999993,UP
StrictExclusion_20251011T183739,SDG,MOWI,MOWI,other,Consumer Staples,Norway,0.8,0.9,0.09999999999999998,UP
StrictExclusion_20251011T183739,SDG,JDEP,JDE PEETS,other,Consumer Staples,Netherlands,0.75,0.85,0.09999999999999998,UP
StrictExclusion_20251011T183739,SDG,CMPC,EMPRESAS CMPC,controversial,Materials,Chile,0.74,0.0,-0.74,DROP
StrictExclusion_20251011T183739,SDG,66,MTR,other,Industrials,Hong Kong,0.6,0.7,0.09999999999999998,UP
StrictExclusion_20251011T183739,SDG,ELI,ELIA,clean,Utilities,Belgium,0.6,0.7,0.09999999999999998,UP
StrictExclusion_20251011T183739,SDG,8113,UNICHARM,controversial,Consumer Staples,Japan,0.59,0.0,-0.59,DROP
StrictExclusion_20251011T183739,SDG,BRFS3,BRF BRASIL FOODS,other,Consumer Staples,Brazil,0.56,0.66,0.09999999999999998,UP
StrictExclusion_20251011T183739,SDG,2897,NISSIN FOODS,controversial,Consumer Staples,Japan,0.47,0.0,-0.47,DROP
StrictExclusion_20251011T183739,SDG,GMAB,GENMAB,other,Health Care,Denmark,0.37,0.47,0.09999999999999998,UP
StrictExclusion_20251011T183739,SDG,SCA B,SVENSKA CELLULOSA B,other,Materials,Sweden,0.37,0.47,0.09999999999999998,UP
StrictExclusion_20251011T183739,SDG,1044,HENGAN INTERNATIONAL,controversial,Consumer Staples,China,0.35,0.0,-0.35,DROP
StrictExclusion_20251011T183739,SDG,HINDUNILVR,HINDUSTAN UNILEVER,controversial,Consumer Staples,India,0.34,0.0,-0.34,DROP
StrictExclusion_20251011T183739,SDG,USD,USD CASH,other,Cash and/or Derivatives,United States,0.25,0.35,0.09999999999999998,UP
StrictExclusion_20251011T183739,SDG,FUNO11,FIBRA UNO ADMINISTRACION REIT,other,Real Estate,Mexico,0.23,0.33,0.1,UP
StrictExclusion_20251011T183739,SDG,1979,CHINA MERCHANTS SHEKOU INDUSTRIAL,other,Real Estate,China,0.22,0.32,0.1,UP
StrictExclusion_20251011T183739,SDG,2633,TAIWAN HIGH SPEED RAIL,clean,Industrials,Taiwan,0.21,0.54,0.33000000000000007,UP
StrictExclusion_20251011T183739,SDG,IPN,IPSEN,other,Health Care,France,0.16,0.26,0.1,UP
StrictExclusion_20251011T183739,SDG,VCX,VICINITY CENTRES,other,Real Estate,Australia,0.15,0.35,0.19999999999999998,UP
StrictExclusion_20251011T183739,SDG,8951,NIPPON BUILDING FUND REIT,other,Real Estate,Japan,0.14,0.24,0.09999999999999998,UP
StrictExclusion_20251011T183739,SDG,SPSN,SWISS PRIME SITE,other,Real Estate,Switzerland,0.14,0.24,0.09999999999999998,UP
StrictExclusion_20251011T183739,SDG,NESTLEIND,NESTLE INDIA,controversial,Consumer Staples,India,0.08,0.0,-0.08,DROP
StrictExclusion_20251011T183739,SUSA,MSFT,MICROSOFT,clean,Information Technology,United States,6.38,0.0,-6.38,DROP
StrictExclusion_20251011T183739,SUSA,AAPL,APPLE,clean,Information Technology,United States,4.31,5.0,0.6900000000000004,UP
StrictExclusion_20251011T183739,SUSA,AVGO,BROADCOM,clean,Information Technology,United States,2.44,5.0,2.56,UP
StrictExclusion_20251011T183739,SUSA,GOOG,ALPHABET,clean,Communication,United States,2.2,0.0,-2.2,DROP
StrictExclusion_20251011T183739,SUSA,GOOG,ALPHABET,clean,Communication,United States,2.01,0.0,-2.01,DROP
StrictExclusion_20251011T183739,SUSA,TSLA,TESLA,clean,Consumer Discretionary,United States,1.61,3.51,1.8999999999999997,UP
StrictExclusion_20251011T183739,SUSA,LLY,ELI LILLY,other,Health Care,United States,1.32,3.92,2.5999999999999996,UP
StrictExclusion_20251011T183739,SUSA,ADP,AUTOMATIC DATA PROCESSING,other,Industrials,United States,1.26,3.78,2.5199999999999996,UP
StrictExclusion_20251011T183739,SUSA,ADP,AUTOMATIC DATA PROCESSING,other,Industrials,United States,1.26,1.56,0.30000000000000004,UP
StrictExclusion_20251011T183739,SUSA,KO,COCA COLA,other,Consumer Staples,United States,1.25,1.75,0.5,UP
StrictExclusion_20251011T183739,SUSA,MA,MASTERCARD,other,Financials,United States,1.16,3.48,2.3200000000000003,UP
StrictExclusion_20251011T183739,SUSA,MS,MORGAN STANLEY,controversial,Financials,United States,1.14,0.0,-1.14,DROP
StrictExclusion_20251011T183739,SUSA,V,VISA,other,Financials,United States,1.13,1.93,0.8,UP
StrictExclusion_20251011T183739,SUSA,INTU,INTUIT,other,Information Technology,United States,1.12,3.36,2.2399999999999998,UP
StrictExclusion_20251011T183739,SUSA,ECL,ECOLAB,clean,Materials,United States,1.09,1.89,0.7999999999999998,UP
StrictExclusion_20251011T183739,SUSA,TXN,TEXAS INSTRUMENT,other,Information Technology,United States,1.08,3.24,2.16,UP
StrictExclusion_20251011T183739,SUSA,NOW,SERVICENOW,other,Information Technology,United States,0.91,0.98,0.06999999999999995,UP
StrictExclusion_20251011T183739,SUSA,NFLX,NETFLIX,other,Communication,United States,0.9,1.6,0.7000000000000001,UP
StrictExclusion_20251011T183739,SUSA,K,KELLANOVA,controversial,Consumer Staples,United States,0.89,0.0,-0.89,DROP
StrictExclusion_20251011T183739,SUSA,K,KELLANOVA,controversial,Consumer Staples,United States,0.89,0.0,-0.89,DROP
StrictExclusion_20251011T183739,SUSA,OKE,ONEOK,controversial,Energy,United States,0.89,0.0,-0.89,DROP
StrictExclusion_20251011T183739,SUSA,CRM,SALESFORCE,controversial,Information Technology,United States,0.88,0.0,-0.88,DROP
StrictExclusion_20251011T183739,SUSA,MMM,3M,controversial,Industrials,United States,0.81,0.0,-0.81,DROP
StrictExclusion_20251011T183739,SUSA,LNG,CHENIERE ENERGY,controversial,Energy,United States,0.8,0.0,-0.8,DROP
StrictExclusion_20251011T183739,SUSA,COST,COSTCO WHOLESALE,controversial,Consumer Staples,United States,0.75,0.0,-0.75,DROP
StrictExclusion_20251011T183739,SUSA,EQIX,EQUINIX REIT,other,Real Estate,United States,0.67,1.47,0.7999999999999999,UP
StrictExclusion_20251011T183739,SUSA,PG,PROCTER GAMBLE,controversial,Consumer Staples,United States,0.66,0.0,-0.66,DROP
StrictExclusion_20251011T183739,SUSA,TRGP,TARGA RESOURCES,controversial,Energy,United States,0.6,0.0,-0.6,DROP
StrictExclusion_20251011T183739,SUSA,AXON,AXON ENTERPRISE,controversial,Industrials,United States,0.56,0.0,-0.56,DROP
StrictExclusion_20251011T183739,SUSA,GIS,GENERAL MILLS,controversial,Consumer Staples,United States,0.56,0.0,-0.56,DROP
StrictExclusion_20251011T183739,SUSA,BKR,BAKER HUGHES,controversial,Energy,United States,0.5,0.0,-0.5,DROP
StrictExclusion_20251011T183739,SUSA,GE,GE AEROSPACE,controversial,Industrials,United States,0.41,0.0,-0.41,DROP
StrictExclusion_20251011T183739,SUSA,NI,NISOURCE,controversial,Utilities,United States,0.4,0.0,-0.4,DROP
StrictExclusion_20251011T183739,SUSA,ACN,ACCENTURE,controversial,Information Technology,United States,0.4,0.0,-0.4,DROP
StrictExclusion_20251011T183739,SUSA,ES,EVERSOURCE ENERGY,controversial,Utilities,United States,0.39,0.0,-0.39,DROP
StrictExclusion_20251011T183739,SUSA,CLX,CLOROX,controversial,Consumer Staples,United States,0.39,0.0,-0.39,DROP
StrictExclusion_20251011T183739,SUSA,GEV,GE VERNOVA,controversial,Industrials,United States,0.39,0.0,-0.39,DROP
StrictExclusion_20251011T183739,SUSA,WSM,WILLIAMS SONOMA,controversial,Consumer Discretionary,United States,0.38,0.0,-0.38,DROP
StrictExclusion_20251011T183739,SUSA,ELV,ELEVANCE HEALTH,controversial,Health Care,United States,0.36,0.0,-0.36,DROP
StrictExclusion_20251011T183739,SUSA,BG,BUNGE GLOBAL,controversial,Consumer Staples,United States,0.35,0.0,-0.35,DROP
StrictExclusion_20251011T183739,SUSA,WMB,WILLIAMS,other,Energy,United States,0.35,0.45,0.10000000000000003,UP
StrictExclusion_20251011T183739,SUSA,DECK,DECKERS OUTDOOR,controversial,Consumer Discretionary,United States,0.31,0.0,-0.31,DROP
StrictExclusion_20251011T183739,SUSA,KMB,KIMBERLY CLARK,clean,Consumer Staples,United States,0.31,0.0,-0.31,DROP
StrictExclusion_20251011T183739,SUSA,KEYS,KEYSIGHT TECHNOLOGIES,controversial,Information Technology,United States,0.3,0.0,-0.3,DROP
StrictExclusion_20251011T183739,SUSA,TGT,TARGET,controversial,Consumer Staples,United States,0.17,0.0,-0.17,DROP
StrictExclusion_20251011T183739,SUSA,CAT,CATERPILLAR,controversial,Industrials,United States,0.14,0.0,-0.14,DROP
StrictExclusion_20251011T183739,SUSA,HWM,HOWMET AEROSPACE,controversial,Industrials,United States,0.13,0.0,-0.13,DROP
StrictExclusion_20251011T183739,SUSA,XTSLA,BLK CSH FND TREASURY SL AGENCY,other,Cash and/or Derivatives,United States,0.11,0.21,0.09999999999999999,UP
StrictExclusion_20251011T183739,SUSA,VLO,VALERO ENERGY,controversial,Energy,United States,0.1,0.0,-0.1,DROP
StrictExclusion_20251011T183739,SUSA,PEP,PEPSICO,controversial,Consumer Staples,United States,0.1,0.0,-0.1,DROP
StrictExclusion_20251011T183739,SUSA,IP,INTERNATIONAL PAPER,controversial,Materials,United States,0.09,0.0,-0.09,DROP
StrictExclusion_20251011T183739,SUSL,MSFT,MICROSOFT,clean,Information Technology,United States,12.97,0.0,-12.97,DROP
StrictExclusion_20251011T183739,SUSL,GOOG,ALPHABET,clean,Communication,United States,3.9,0.0,-3.9,DROP
StrictExclusion_20251011T183739,SUSL,GOOG,ALPHABET,clean,Communication,United States,3.32,0.0,-3.32,DROP
StrictExclusion_20251011T183739,SUSL,TSLA,TESLA,clean,Consumer Discretionary,United States,3.07,5.0,1.9300000000000002,UP
StrictExclusion_20251011T183739,SUSL,LLY,ELI LILLY,other,Health Care,United States,2.12,5.0,2.88,UP
StrictExclusion_20251011T183739,SUSL,V,VISA,other,Financials,United States,2.02,5.0,2.98,UP
StrictExclusion_20251011T183739,SUSL,MA,MASTERCARD,other,Financials,United States,1.59,3.79,2.2,UP
StrictExclusion_20251011T183739,SUSL,JNJ,JOHNSON JOHNSON,controversial,Health Care,United States,1.41,0.0,-1.41,DROP
StrictExclusion_20251011T183739,SUSL,HD,HOME DEPOT,other,Consumer Discretionary,United States,1.3,3.3,1.9999999999999998,UP
StrictExclusion_20251011T183739,SUSL,PG,PROCTER GAMBLE,controversial,Consumer Staples,United States,1.21,0.0,-1.21,DROP
StrictExclusion_20251011T183739,SUSL,GE,GE AEROSPACE,other,Industrials,United States,1.01,3.03,2.0199999999999996,UP
StrictExclusion_20251011T183739,SUSL,AMD,ADVANCED MICRO DEVICES,clean,Information Technology,United States,0.98,2.94,1.96,UP
StrictExclusion_20251011T183739,SUSL,KO,COCA COLA,other,Consumer Staples,United States,0.97,1.77,0.8,UP
StrictExclusion_20251011T183739,SUSL,CRM,SALESFORCE,controversial,Information Technology,United States,0.83,0.0,-0.83,DROP
StrictExclusion_20251011T183739,SUSL,IBM,INTERNATIONAL BUSINESS MACHINES,other,Information Technology,United States,0.8,2.4,1.5999999999999999,UP
StrictExclusion_20251011T183739,SUSL,LIN,LINDE,other,Materials,United States,0.76,1.76,1.0,UP
StrictExclusion_20251011T183739,SUSL,INTU,INTUIT,other,Information Technology,United States,0.75,2.25,1.5,UP
StrictExclusion_20251011T183739,SUSL,DIS,WALT DISNEY,other,Communication,United States,0.74,1.54,0.8,UP
StrictExclusion_20251011T183739,SUSL,CAT,CATERPILLAR,controversial,Industrials,United States,0.71,0.0,-0.71,DROP
StrictExclusion_20251011T183739,SUSL,MRK,MERCK,clean,Health Care,United States,0.69,1.51,0.8200000000000001,UP
StrictExclusion_20251011T183739,SUSL,PEP,PEPSICO,controversial,Consumer Staples,United States,0.66,0.0,-0.66,DROP
StrictExclusion_20251011T183739,SUSL,NOW,SERVICENOW,other,Information Technology,United States,0.66,1.98,1.3199999999999998,UP
StrictExclusion_20251011T183739,SUSL,MS,MORGAN STANLEY,controversial,Financials,United States,0.59,0.0,-0.59,DROP
StrictExclusion_20251011T183739,SUSL,TXN,TEXAS INSTRUMENT,other,Information Technology,United States,0.57,1.71,1.1400000000000001,UP
StrictExclusion_20251011T183739,SUSL,ACN,ACCENTURE,controversial,Information Technology,United States,0.55,0.0,-0.55,DROP
StrictExclusion_20251011T183739,SUSL,ETN,EATON,controversial,Industrials,United States,0.52,0.0,-0.52,DROP
StrictExclusion_20251011T183739,SUSL,AMAT,APPLIED MATERIAL,other,Information Technology,United States,0.51,1.53,1.02,UP
StrictExclusion_20251011T183739,SUSL,ADBE,ADOBE,other,Information Technology,United States,0.5,1.5,1.0,UP
StrictExclusion_20251011T183739,SUSL,UNP,UNION PACIFIC,other,Industrials,United States,0.46,1.26,0.8,UP
StrictExclusion_20251011T183739,SUSL,LRCX,LAM RESEARCH,other,Information Technology,United States,0.43,1.23,0.8,UP
StrictExclusion_20251011T183739,SUSL,CMCSA,COMCAST,controversial,Communication,United States,0.42,0.0,-0.42,DROP
StrictExclusion_20251011T183739,SUSL,WELL,WELLTOWER,other,Real Estate,United States,0.37,1.11,0.7400000000000001,UP
StrictExclusion_20251011T183739,SUSL,AMT,AMERICAN TOWER REIT,other,Real Estate,United States,0.34,0.54,0.2,UP
StrictExclusion_20251011T183739,SUSL,MMM,3M,controversial,Industrials,United States,0.27,0.0,-0.27,DROP
StrictExclusion_20251011T183739,SUSL,WMB,WILLIAMS,other,Energy,United States,0.25,0.45,0.2,UP
StrictExclusion_20251011T183739,SUSL,CSX,CSX,controversial,Industrials,United States,0.23,0.0,-0.23,DROP
StrictExclusion_20251011T183739,SUSL,CL,COLGATE PALMOLIVE,controversial,Consumer Staples,United States,0.22,0.0,-0.22,DROP
StrictExclusion_20251011T183739,SUSL,ELV,ELEVANCE HEALTH,controversial,Health Care,United States,0.21,0.0,-0.21,DROP
StrictExclusion_20251011T183739,SUSL,AXON,AXON ENTERPRISE,controversial,Industrials,United States,0.19,0.0,-0.19,DROP
StrictExclusion_20251011T183739,SUSL,SRE,SEMPRA,controversial,Utilities,United States,0.19,0.0,-0.19,DROP
StrictExclusion_20251011T183739,SUSL,LNG,CHENIERE ENERGY,controversial,Energy,United States,0.19,0.0,-0.19,DROP
StrictExclusion_20251011T183739,SUSL,MPC,MARATHON PETROLEUM,controversial,Energy,United States,0.18,0.0,-0.18,DROP
StrictExclusion_20251011T183739,SUSL,OKE,ONEOK,controversial,Energy,United States,0.17,0.0,-0.17,DROP
StrictExclusion_20251011T183739,SUSL,SLB,SCHLUMBERGER,controversial,Energy,United States,0.17,0.0,-0.17,DROP
StrictExclusion_20251011T183739,SUSL,EXC,EXELON,controversial,Utilities,United States,0.16,0.0,-0.16,DROP
StrictExclusion_20251011T183739,SUSL,TGT,TARGET,controversial,Consumer Staples,United States,0.16,0.0,-0.16,DROP
StrictExclusion_20251011T183739,SUSL,KMB,KIMBERLY CLARK,clean,Consumer Staples,United States,0.15,0.0,-0.15,DROP
StrictExclusion_20251011T183739,SUSL,BKR,BAKER HUGHES,controversial,Energy,United States,0.15,0.0,-0.15,DROP
StrictExclusion_20251011T183739,SUSL,VLO,VALERO ENERGY,controversial,Energy,United States,0.15,0.0,-0.15,DROP
StrictExclusion_20251011T183739,SUSL,YUM,YUM BRANDS,controversial,Consumer Discretionary,United States,0.14,0.0,-0.14,DROP
StrictExclusion_20251011T183739,SUSL,SYY,SYSCO,controversial,Consumer Staples,United States,0.13,0.0,-0.13,DROP
StrictExclusion_20251011T183739,SUSL,ED,CONSOLIDATED EDISON,controversial,Utilities,United States,0.13,0.0,-0.13,DROP
StrictExclusion_20251011T183739,SUSL,TRGP,TARGA RESOURCES,controversial,Energy,United States,0.12,0.0,-0.12,DROP
StrictExclusion_20251011T183739,SUSL,NRG,NRG ENERGY,controversial,Utilities,United States,0.12,0.0,-0.12,DROP
StrictExclusion_20251011T183739,SUSL,XTSLA,BLK CSH FND TREASURY SL AGENCY,other,Cash and/or Derivatives,United States,0.1,0.2,0.1,UP
StrictExclusion_20251011T183739,SUSL,AWK,AMERICAN WATER WORKS,other,Utilities,United States,0.1,0.2,0.1,UP
StrictExclusion_20251011T183739,SUSL,KEYS,KEYSIGHT TECHNOLOGIES,controversial,Information Technology,United States,0.1,0.0,-0.1,DROP
StrictExclusion_20251011T183739,SUSL,GIS,GENERAL MILLS,controversial,Consumer Staples,United States,0.09,0.0,-0.09,DROP
StrictExclusion_20251011T183739,SUSL,ATO,ATMOS ENERGY,controversial,Utilities,United States,0.09,0.0,-0.09,DROP
StrictExclusion_20251011T183739,SUSL,WSM,WILLIAMS SONOMA,controversial,Consumer Discretionary,United States,0.09,0.0,-0.09,DROP
StrictExclusion_20251011T183739,SUSL,DG,DOLLAR GENERAL,controversial,Consumer Staples,United States,0.08,0.0,-0.08,DROP
StrictExclusion_20251011T183739,SUSL,DG,DOLLAR GENERAL,controversial,Consumer Staples,United States,0.08,0.0,-0.08,DROP
StrictExclusion_20251011T183739,SUSL,ES,EVERSOURCE ENERGY,controversial,Utilities,United States,0.08,0.0,-0.08,DROP
StrictExclusion_20251011T183739,SUSL,IP,INTERNATIONAL PAPER,controversial,Materials,United States,0.08,0.0,-0.08,DROP
StrictExclusion_20251011T183739,SUSL,RF,REGIONS FINANCIAL,controversial,Financials,United States,0.08,0.0,-0.08,DROP
StrictExclusion_20251011T183739,SUSL,RF,REGIONS FINANCIAL,controversial,Financials,United States,0.08,0.0,-0.08,DROP
StrictExclusion_20251011T183739,SUSL,CMS,CMS ENERGY,controversial,Utilities,United States,0.08,0.0,-0.08,DROP
StrictExclusion_20251011T183739,SUSL,K,KELLANOVA,controversial,Consumer Staples,United States,0.08,0.0,-0.08,DROP
StrictExclusion_20251011T183739,SUSL,K,KELLANOVA,controversial,Consumer Staples,United States,0.08,0.0,-0.08,DROP
StrictExclusion_20251011T183739,SUSL,EIX,EDISON INTERNATIONAL,controversial,Utilities,United States,0.07,0.0,-0.07,DROP
StrictExclusion_20251011T183739,SUSL,CFG,CITIZENS FINANCIAL,controversial,Financials,United States,0.07,0.0,-0.07,DROP
StrictExclusion_20251011T183739,SUSL,NI,NISOURCE,controversial,Utilities,United States,0.07,0.0,-0.07,DROP
StrictExclusion_20251011T183739,SUSL,HAL,HALLIBURTON,controversial,Energy,United States,0.06,0.0,-0.06,DROP
StrictExclusion_20251011T183739,SUSL,TRU,TRANSUNION,controversial,Industrials,United States,0.06,0.0,-0.06,DROP
StrictExclusion_20251011T183739,SUSL,FTV,FORTIVE,controversial,Industrials,United States,0.05,0.0,-0.05,DROP
StrictExclusion_20251011T183739,SUSL,DECK,DECKERS OUTDOOR,controversial,Consumer Discretionary,United States,0.05,0.0,-0.05,DROP
StrictExclusion_20251011T183739,SUSL,CLX,CLOROX,controversial,Consumer Staples,United States,0.05,0.0,-0.05,DROP
StrictExclusion_20251011T183739,USCL,MSFT,MICROSOFT,clean,Information Technology,United States,6.67,0.0,-6.67,DROP
StrictExclusion_20251011T183739,USCL,META,META PLATFORMS,other,Communication,United States,4.61,5.0,0.3899999999999997,UP
StrictExclusion_20251011T183739,USCL,AMZN,AMAZON COM,controversial,Consumer Discretionary,United States,4.55,0.0,-4.55,DROP
StrictExclusion_20251011T183739,USCL,GOOG,ALPHABET,clean,Communication,United States,2.81,0.0,-2.81,DROP
StrictExclusion_20251011T183739,USCL,TSLA,TESLA,clean,Consumer Discretionary,United States,2.42,5.0,2.58,UP
StrictExclusion_20251011T183739,USCL,GOOG,ALPHABET,clean,Communication,United States,2.39,0.0,-2.39,DROP
StrictExclusion_20251011T183739,USCL,JPM,JPMORGAN CHASE,controversial,Financials,United States,2.23,0.0,-2.23,DROP
StrictExclusion_20251011T183739,USCL,LLY,ELI LILLY,other,Health Care,United States,1.68,5.0,3.3200000000000003,UP
StrictExclusion_20251011T183739,USCL,V,VISA,other,Financials,United States,1.6,4.8,3.1999999999999997,UP
StrictExclusion_20251011T183739,USCL,ORCL,ORACLE,other,Information Technology,United States,1.5,4.5,3.0,UP
StrictExclusion_20251011T183739,USCL,NFLX,NETFLIX,other,Communication,United States,1.36,4.08,2.7199999999999998,UP
StrictExclusion_20251011T183739,USCL,XOM,EXXON MOBIL,controversial,Energy,United States,1.26,0.0,-1.26,DROP
StrictExclusion_20251011T183739,USCL,MA,MASTERCARD,other,Financials,United States,1.26,3.76,2.5,UP
StrictExclusion_20251011T183739,USCL,PLTR,PALANTIR TECHNOLOGIES,controversial,Information Technology,United States,1.21,0.0,-1.21,DROP
StrictExclusion_20251011T183739,USCL,WMT,WALMART,controversial,Consumer Staples,United States,1.19,0.0,-1.19,DROP
StrictExclusion_20251011T183739,USCL,JNJ,JOHNSON JOHNSON,controversial,Health Care,United States,1.12,0.0,-1.12,DROP
StrictExclusion_20251011T183739,USCL,HD,HOME DEPOT,other,Consumer Discretionary,United States,1.03,1.93,0.8999999999999999,UP
StrictExclusion_20251011T183739,USCL,AMD,ADVANCED MICRO DEVICES,clean,Information Technology,United States,1.01,3.03,2.0199999999999996,UP
StrictExclusion_20251011T183739,USCL,CSCO,CISCO SYSTEMS,clean,Information Technology,United States,0.96,2.88,1.92,UP
StrictExclusion_20251011T183739,USCL,PG,PROCTER GAMBLE,controversial,Consumer Staples,United States,0.96,0.0,-0.96,DROP
StrictExclusion_20251011T183739,USCL,ABBV,ABBVIE,clean,Health Care,United States,0.94,2.74,1.8000000000000003,UP
StrictExclusion_20251011T183739,USCL,BAC,BANK OF AMERICA,controversial,Financials,United States,0.9,0.0,-0.9,DROP
StrictExclusion_20251011T183739,USCL,CRM,SALESFORCE,controversial,Information Technology,United States,0.85,0.0,-0.85,DROP
StrictExclusion_20251011T183739,USCL,IBM,INTERNATIONAL BUSINESS MACHINES,other,Information Technology,United States,0.82,2.46,1.6400000000000001,UP
StrictExclusion_20251011T183739,USCL,CVX,CHEVRON,controversial,Energy,United States,0.8,0.0,-0.8,DROP
StrictExclusion_20251011T183739,USCL,INTU,INTUIT,other,Information Technology,United States,0.77,2.31,1.54,UP
StrictExclusion_20251011T183739,USCL,KO,COCA COLA,other,Consumer Staples,United States,0.76,1.56,0.8,UP
StrictExclusion_20251011T183739,USCL,NOW,SERVICENOW,other,Information Technology,United States,0.67,1.17,0.4999999999999999,UP
StrictExclusion_20251011T183739,USCL,DIS,WALT DISNEY,other,Communication,United States,0.58,1.58,1.0,UP
StrictExclusion_20251011T183739,USCL,ACN,ACCENTURE,controversial,Information Technology,United States,0.57,0.0,-0.57,DROP
StrictExclusion_20251011T183739,USCL,CAT,CATERPILLAR,controversial,Industrials,United States,0.56,0.0,-0.56,DROP
StrictExclusion_20251011T183739,USCL,T,AT T,clean,Communication,United States,0.54,0.0,-0.54,DROP
StrictExclusion_20251011T183739,USCL,T,AT T,clean,Communication,United States,0.54,0.0,-0.54,DROP
StrictExclusion_20251011T183739,USCL,PEP,PEPSICO,controversial,Consumer Staples,United States,0.52,0.0,-0.52,DROP
StrictExclusion_20251011T183739,USCL,TMO,THERMO FISHER SCIENTIFIC,controversial,Health Care,United States,0.48,0.0,-0.48,DROP
StrictExclusion_20251011T183739,USCL,C,CITIGROUP,controversial,Financials,United States,0.47,0.0,-0.47,DROP
StrictExclusion_20251011T183739,USCL,MS,MORGAN STANLEY,controversial,Financials,United States,0.46,0.0,-0.46,DROP
StrictExclusion_20251011T183739,USCL,UBER,UBER TECHNOLOGIES,other,Industrials,United States,0.45,1.35,0.9000000000000001,UP
StrictExclusion_20251011T183739,USCL,ETN,EATON,controversial,Industrials,United States,0.41,0.0,-0.41,DROP
StrictExclusion_20251011T183739,USCL,NEE,NEXTERA ENERGY,controversial,Utilities,United States,0.39,0.0,-0.39,DROP
StrictExclusion_20251011T183739,USCL,UNP,UNION PACIFIC,other,Industrials,United States,0.36,1.08,0.7200000000000001,UP
StrictExclusion_20251011T183739,USCL,DE,DEERE,other,Industrials,United States,0.36,1.08,0.7200000000000001,UP
StrictExclusion_20251011T183739,USCL,ADP,AUTOMATIC DATA PROCESSING,other,Industrials,United States,0.33,0.95,0.6199999999999999,UP
StrictExclusion_20251011T183739,USCL,CMCSA,COMCAST,controversial,Communication,United States,0.33,0.0,-0.33,DROP
StrictExclusion_20251011T183739,USCL,CEG,CONSTELLATION ENERGY,controversial,Utilities,United States,0.3,0.0,-0.3,DROP
StrictExclusion_20251011T183739,USCL,WELL,WELLTOWER,other,Real Estate,United States,0.3,0.9,0.6000000000000001,UP
StrictExclusion_20251011T183739,USCL,SO,SOUTHERN,controversial,Utilities,United States,0.29,0.0,-0.29,DROP
StrictExclusion_20251011T183739,USCL,SBUX,STARBUCKS,controversial,Consumer Discretionary,United States,0.28,0.0,-0.28,DROP
StrictExclusion_20251011T183739,USCL,AMT,AMERICAN TOWER REIT,other,Real Estate,United States,0.27,0.81,0.54,UP
StrictExclusion_20251011T183739,USCL,PLD,PROLOGIS REIT,other,Real Estate,United States,0.26,0.36,0.09999999999999998,UP
StrictExclusion_20251011T183739,USCL,DUK,DUKE ENERGY,controversial,Utilities,United States,0.26,0.0,-0.26,DROP
StrictExclusion_20251011T183739,USCL,NKE,NIKE,clean,Consumer Discretionary,United States,0.24,0.0,-0.24,DROP
StrictExclusion_20251011T183739,USCL,SHW,SHERWIN WILLIAMS,other,Materials,United States,0.23,0.69,0.45999999999999996,UP
StrictExclusion_20251011T183739,USCL,MMM,3M,controversial,Industrials,United States,0.22,0.0,-0.22,DROP
StrictExclusion_20251011T183739,USCL,NEM,NEWMONT,clean,Materials,United States,0.2,0.6,0.39999999999999997,UP
StrictExclusion_20251011T183739,USCL,NEM,NEWMONT,clean,Materials,United States,0.2,0.3,0.09999999999999998,UP
StrictExclusion_20251011T183739,USCL,CSX,CSX,controversial,Industrials,United States,0.18,0.0,-0.18,DROP
StrictExclusion_20251011T183739,USCL,EOG,EOG RESOURCES,controversial,Energy,United States,0.17,0.0,-0.17,DROP
StrictExclusion_20251011T183739,USCL,CL,COLGATE PALMOLIVE,controversial,Consumer Staples,United States,0.17,0.0,-0.17,DROP
StrictExclusion_20251011T183739,USCL,ELV,ELEVANCE HEALTH,controversial,Health Care,United States,0.17,0.0,-0.17,DROP
StrictExclusion_20251011T183739,USCL,CMG,CHIPOTLE MEXICAN GRILL,controversial,Consumer Discretionary,United States,0.16,0.0,-0.16,DROP
StrictExclusion_20251011T183739,USCL,KMI,KINDER MORGAN,controversial,Energy,United States,0.15,0.0,-0.15,DROP
StrictExclusion_20251011T183739,USCL,SRE,SEMPRA,controversial,Utilities,United States,0.15,0.0,-0.15,DROP
StrictExclusion_20251011T183739,USCL,D,DOMINION ENERGY,controversial,Utilities,United States,0.14,0.0,-0.14,DROP
StrictExclusion_20251011T183739,USCL,GM,GENERAL MOTORS,controversial,Consumer Discretionary,United States,0.14,0.0,-0.14,DROP
StrictExclusion_20251011T183739,USCL,OKE,ONEOK,controversial,Energy,United States,0.14,0.0,-0.14,DROP
StrictExclusion_20251011T183739,USCL,SLB,SCHLUMBERGER,other,Energy,United States,0.13,0.23,0.1,UP
StrictExclusion_20251011T183739,USCL,TGT,TARGET,controversial,Consumer Staples,United States,0.12,0.0,-0.12,DROP
StrictExclusion_20251011T183739,USCL,EXC,EXELON,controversial,Utilities,United States,0.12,0.0,-0.12,DROP
StrictExclusion_20251011T183739,USCL,PEG,PUBLIC SERVICE ENTERPRISE IN,other,Utilities,United States,0.12,0.22,0.1,UP
StrictExclusion_20251011T183739,USCL,KMB,KIMBERLY CLARK,clean,Consumer Staples,United States,0.12,0.0,-0.12,DROP
StrictExclusion_20251011T183739,USCL,BKR,BAKER HUGHES,controversial,Energy,United States,0.12,0.0,-0.12,DROP
StrictExclusion_20251011T183739,USCL,XTSLA,BLK CSH FND TREASURY SL AGENCY,other,Cash and/or Derivatives,United States,0.12,0.22,0.1,UP
StrictExclusion_20251011T183739,USCL,XEL,XCEL ENERGY,controversial,Utilities,United States,0.12,0.0,-0.12,DROP
StrictExclusion_20251011T183739,USCL,AME,AMETEK,controversial,Industrials,United States,0.12,0.0,-0.12,DROP
StrictExclusion_20251011T183739,USCL,YUM,YUM BRANDS,controversial,Consumer Discretionary,United States,0.11,0.0,-0.11,DROP
StrictExclusion_20251011T183739,USCL,ROK,ROCKWELL AUTOMATION,controversial,Industrials,United States,0.11,0.0,-0.11,DROP
StrictExclusion_20251011T183739,USCL,ED,CONSOLIDATED EDISON,controversial,Utilities,United States,0.1,0.0,-0.1,DROP
StrictExclusion_20251011T183739,USCL,EFX,EQUIFAX,controversial,Industrials,United States,0.08,0.0,-0.08,DROP
StrictExclusion_20251011T183739,USCL,OXY,OCCIDENTAL PETROLEUM,controversial,Energy,United States,0.08,0.0,-0.08,DROP
StrictExclusion_20251011T183739,USCL,DD,DUPONT DE NEMOURS,controversial,Materials,United States,0.08,0.0,-0.08,DROP
StrictExclusion_20251011T183739,USCL,EQT,EQT,controversial,Energy,United States,0.08,0.0,-0.08,DROP
StrictExclusion_20251011T183739,USCL,EQT,EQT,controversial,Energy,United States,0.08,0.0,-0.08,DROP
StrictExclusion_20251011T183739,USCL,FANG,DIAMONDBACK ENERGY,controversial,Energy,United States,0.08,0.0,-0.08,DROP
StrictExclusion_20251011T183739,USCL,GIS,GENERAL MILLS,controversial,Consumer Staples,United States,0.07,0.0,-0.07,DROP
StrictExclusion_20251011T183739,USCL,WSM,WILLIAMS SONOMA,controversial,Consumer Discretionary,United States,0.07,0.0,-0.07,DROP
StrictExclusion_20251011T183739,USCL,ES,EVERSOURCE ENERGY,controversial,Utilities,United States,0.07,0.0,-0.07,DROP
StrictExclusion_20251011T183739,USCL,K,KELLANOVA,controversial,Consumer Staples,United States,0.06,0.0,-0.06,DROP
StrictExclusion_20251011T183739,USCL,K,KELLANOVA,controversial,Consumer Staples,United States,0.06,0.0,-0.06,DROP
StrictExclusion_20251011T183739,USCL,EIX,EDISON INTERNATIONAL,controversial,Utilities,United States,0.06,0.0,-0.06,DROP
StrictExclusion_20251011T183739,USCL,NI,NISOURCE,controversial,Utilities,United States,0.06,0.0,-0.06,DROP
StrictExclusion_20251011T183739,USCL,HAL,HALLIBURTON,controversial,Energy,United States,0.05,0.0,-0.05,DROP
StrictExclusion_20251011T183739,USCL,TRU,TRANSUNION,controversial,Industrials,United States,0.05,0.0,-0.05,DROP
StrictExclusion_20251011T183739,USCL,J,JACOBS SOLUTIONS,controversial,Industrials,United States,0.05,0.0,-0.05,DROP
StrictExclusion_20251011T183739,USXF,V,VISA,other,Financials,United States,2.71,4.09,1.38,UP
StrictExclusion_20251011T183739,USXF,HD,HOME DEPOT,controversial,Consumer Discretionary,United States,1.74,0.0,-1.74,DROP
StrictExclusion_20251011T183739,USXF,AMD,ADVANCED MICRO DEVICES,clean,Information Technology,United States,1.32,3.96,2.6399999999999997,UP
StrictExclusion_20251011T183739,USXF,LIN,LINDE,other,Materials,United States,1.02,1.32,0.30000000000000004,UP
StrictExclusion_20251011T183739,USXF,INTU,INTUIT,other,Information Technology,United States,1.01,2.01,0.9999999999999998,UP
StrictExclusion_20251011T183739,USXF,VZ,VERIZON COMMUNICATIONS,other,Communication,United States,0.83,0.93,0.10000000000000009,UP
StrictExclusion_20251011T183739,USXF,GEV,GE VERNOVA,controversial,Industrials,United States,0.83,0.0,-0.83,DROP
StrictExclusion_20251011T183739,USXF,BKNG,BOOKING,other,Consumer Discretionary,United States,0.83,1.33,0.5000000000000001,UP
StrictExclusion_20251011T183739,USXF,ACN,ACCENTURE,controversial,Information Technology,United States,0.75,0.0,-0.75,DROP
StrictExclusion_20251011T183739,USXF,ETN,EATON,controversial,Industrials,United States,0.69,0.0,-0.69,DROP
StrictExclusion_20251011T183739,USXF,TJX,TJX,controversial,Consumer Discretionary,United States,0.66,0.0,-0.66,DROP
StrictExclusion_20251011T183739,USXF,PGR,PROGRESSIVE,controversial,Financials,United States,0.65,0.0,-0.65,DROP
StrictExclusion_20251011T183739,USXF,DE,DEERE,other,Industrials,United States,0.61,1.31,0.7000000000000001,UP
StrictExclusion_20251011T183739,USXF,APH,AMPHENOL,controversial,Information Technology,United States,0.61,0.0,-0.61,DROP
StrictExclusion_20251011T183739,USXF,SYK,STRYKER,other,Health Care,United States,0.6,1.1,0.5000000000000001,UP
StrictExclusion_20251011T183739,USXF,CMCSA,COMCAST,controversial,Communication,United States,0.57,0.0,-0.57,DROP
StrictExclusion_20251011T183739,USXF,WELL,WELLTOWER,other,Real Estate,United States,0.5,0.9,0.4,UP
StrictExclusion_20251011T183739,USXF,PH,PARKER HANNIFIN,controversial,Industrials,United States,0.43,0.0,-0.43,DROP
StrictExclusion_20251011T183739,USXF,HWM,HOWMET AEROSPACE,controversial,Industrials,United States,0.32,0.0,-0.32,DROP
StrictExclusion_20251011T183739,USXF,ELV,ELEVANCE HEALTH,controversial,Health Care,United States,0.29,0.0,-0.29,DROP
StrictExclusion_20251011T183739,USXF,KMB,KIMBERLY CLARK,clean,Consumer Staples,United States,0.2,0.0,-0.2,DROP
StrictExclusion_20251011T183739,USXF,KDP,KEURIG DR PEPPER,other,Consumer Staples,United States,0.2,0.3,0.09999999999999998,UP
StrictExclusion_20251011T183739,USXF,AME,AMETEK,controversial,Industrials,United States,0.2,0.0,-0.2,DROP
StrictExclusion_20251011T183739,USXF,YUM,YUM BRANDS,controversial,Consumer Discretionary,United States,0.19,0.0,-0.19,DROP
StrictExclusion_20251011T183739,USXF,SYY,SYSCO,controversial,Consumer Staples,United States,0.18,0.0,-0.18,DROP
StrictExclusion_20251011T183739,USXF,EFX,EQUIFAX,controversial,Industrials,United States,0.14,0.0,-0.14,DROP
StrictExclusion_20251011T183739,USXF,KEYS,KEYSIGHT TECHNOLOGIES,controversial,Information Technology,United States,0.13,0.0,-0.13,DROP
StrictExclusion_20251011T183739,USXF,GIS,GENERAL MILLS,controversial,Consumer Staples,United States,0.12,0.0,-0.12,DROP
StrictExclusion_20251011T183739,USXF,WSM,WILLIAMS SONOMA,controversial,Consumer Discretionary,United States,0.11,0.0,-0.11,DROP
StrictExclusion_20251011T183739,USXF,DG,DOLLAR GENERAL,controversial,Consumer Staples,United States,0.11,0.0,-0.11,DROP
StrictExclusion_20251011T183739,USXF,DG,DOLLAR GENERAL,controversial,Consumer Staples,United States,0.11,0.0,-0.11,DROP
StrictExclusion_20251011T183739,USXF,IP,INTERNATIONAL PAPER,controversial,Materials,United States,0.11,0.0,-0.11,DROP
StrictExclusion_20251011T183739,USXF,K,KELLANOVA,controversial,Consumer Staples,United States,0.1,0.0,-0.1,DROP
StrictExclusion_20251011T183739,USXF,K,KELLANOVA,controversial,Consumer Staples,United States,0.1,0.0,-0.1,DROP
StrictExclusion_20251011T183739,USXF,TRU,TRANSUNION,controversial,Industrials,United States,0.08,0.0,-0.08,DROP
StrictExclusion_20251011T183739,USXF,J,JACOBS SOLUTIONS,controversial,Industrials,United States,0.08,0.0,-0.08,DROP
StrictExclusion_20251011T183739,USXF,FTV,FORTIVE,controversial,Industrials,United States,0.07,0.0,-0.07,DROP
StrictExclusion_20251011T183739,USXF,DECK,DECKERS OUTDOOR,controversial,Consumer Discretionary,United States,0.07,0.0,-0.07,DROP
StrictExclusion_20251011T183739,USXF,CLX,CLOROX,controversial,Consumer Staples,United States,0.07,0.0,-0.07,DROP
StrictExclusion_20251011T183739,USXF,SJM,JM SMUCKER,controversial,Consumer Staples,United States,0.05,0.0,-0.05,DROP
StrictExclusion_20251011T183739,XJH,IBKR,INTERACTIVE BROKERS CLAS,other,Financials,United States,1.08,1.98,0.8999999999999999,UP
StrictExclusion_20251011T183739,XJH,EME,EMCOR,other,Industrials,United States,1.04,2.04,1.0,UP
StrictExclusion_20251011T183739,XJH,RBA,RB GLOBAL,other,Industrials,Canada,0.8,0.9,0.09999999999999998,UP
StrictExclusion_20251011T183739,XJH,FLEX,FLEX,other,Information Technology,United States,0.73,1.33,0.6000000000000001,UP
StrictExclusion_20251011T183739,XJH,CASY,CASEYS GENERAL STORES,other,Consumer Staples,United States,0.73,0.93,0.20000000000000007,UP
StrictExclusion_20251011T183739,XJH,USFD,US FOODS HOLDING,controversial,Consumer Staples,United States,0.7,0.0,-0.7,DROP
StrictExclusion_20251011T183739,XJH,CW,CURTISS WRIGHT,controversial,Industrials,United States,0.67,0.0,-0.67,DROP
StrictExclusion_20251011T183739,XJH,BURL,BURLINGTON STORES,other,Consumer Discretionary,United States,0.64,1.34,0.7000000000000001,UP
StrictExclusion_20251011T183739,XJH,THC,TENET HEALTHCARE,other,Health Care,United States,0.58,1.04,0.4600000000000001,UP
StrictExclusion_20251011T183739,XJH,RPM,RPM INTERNATIONAL,other,Materials,United States,0.58,0.88,0.30000000000000004,UP
StrictExclusion_20251011T183739,XJH,WWD,WOODWARD,controversial,Industrials,United States,0.56,0.0,-0.56,DROP
StrictExclusion_20251011T183739,XJH,WPC,W P CAREY REIT,other,Real Estate,United States,0.54,0.94,0.3999999999999999,UP
StrictExclusion_20251011T183739,XJH,ITT,ITT,controversial,Industrials,United States,0.49,0.0,-0.49,DROP
StrictExclusion_20251011T183739,XJH,FHN,FIRST HORIZON,controversial,Financials,United States,0.41,0.0,-0.41,DROP
StrictExclusion_20251011T183739,XJH,ARMK,ARAMARK,controversial,Consumer Discretionary,United States,0.39,0.0,-0.39,DROP
StrictExclusion_20251011T183739,XJH,ATI,ATI,controversial,Industrials,United States,0.39,0.0,-0.39,DROP
StrictExclusion_20251011T183739,XJH,WTRG,ESSENTIAL UTILITIES,other,Utilities,United States,0.38,0.48,0.09999999999999998,UP
StrictExclusion_20251011T183739,XJH,CR,CRANE,controversial,Industrials,United States,0.36,0.0,-0.36,DROP
StrictExclusion_20251011T183739,XJH,NYT,NEW YORK TIMES,other,Communication,United States,0.35,0.45,0.10000000000000003,UP
StrictExclusion_20251011T183739,XJH,OSK,OSHKOSH,controversial,Industrials,United States,0.33,0.0,-0.33,DROP
StrictExclusion_20251011T183739,XJH,SKX,SKECHERS USA,controversial,Consumer Discretionary,United States,0.31,0.0,-0.31,DROP
StrictExclusion_20251011T183739,XJH,UGI,UGI,controversial,Utilities,United States,0.28,0.0,-0.28,DROP
StrictExclusion_20251011T183739,XJH,MTSI,MACOM TECHNOLOGY SOLUTIONS,controversial,Information Technology,United States,0.27,0.0,-0.27,DROP
StrictExclusion_20251011T183739,XJH,DINO,HF SINCLAIR,controversial,Energy,United States,0.26,0.0,-0.26,DROP
StrictExclusion_20251011T183739,XJH,PNFP,PINNACLE FINANCIAL PARTNERS,controversial,Financials,United States,0.26,0.0,-0.26,DROP
StrictExclusion_20251011T183739,XJH,SNV,SYNOVUS FINANCIAL,controversial,Financials,United States,0.25,0.0,-0.25,DROP
StrictExclusion_20251011T183739,XJH,AM,ANTERO MIDSTREAM,controversial,Energy,United States,0.23,0.0,-0.23,DROP
StrictExclusion_20251011T183739,XJH,LEA,LEAR,controversial,Consumer Discretionary,United States,0.19,0.0,-0.19,DROP
StrictExclusion_20251011T183739,XJH,HXL,HEXCEL,controversial,Industrials,United States,0.18,0.0,-0.18,DROP
StrictExclusion_20251011T183739,XJH,SWX,SOUTHWEST GAS,controversial,Utilities,United States,0.18,0.0,-0.18,DROP
StrictExclusion_20251011T183739,XJH,NJR,NEW JERSEY RESOURCES,controversial,Utilities,United States,0.18,0.0,-0.18,DROP
StrictExclusion_20251011T183739,XJH,SR,SPIRE,controversial,Utilities,United States,0.17,0.0,-0.17,DROP
StrictExclusion_20251011T183739,XJH,OGS,ONE GAS,controversial,Utilities,United States,0.17,0.0,-0.17,DROP
StrictExclusion_20251011T183739,XJH,NOV,NOV,controversial,Energy,United States,0.17,0.0,-0.17,DROP
StrictExclusion_20251011T183739,XJH,VFC,VF,controversial,Consumer Discretionary,United States,0.15,0.0,-0.15,DROP
StrictExclusion_20251011T183739,XJH,VAL,VALARIS,controversial,Energy,United States,0.12,0.0,-0.12,DROP
StrictExclusion_20251011T183739,XJH,VAL,VALARIS,controversial,Energy,United States,0.12,0.0,-0.12,DROP
StrictExclusion_20251011T183739,XJH,PII,POLARIS,controversial,Consumer Discretionary,United States,0.11,0.0,-0.11,DROP
StrictExclusion_20251011T183739,XJH,IRDM,IRIDIUM COMMUNICATIONS,controversial,Communication,United States,0.1,0.0,-0.1,DROP
StrictExclusion_20251011T183739,XJH,CPRI,CAPRI,controversial,Consumer Discretionary,United States,0.09,0.0,-0.09,DROP
StrictExclusion_20251011T183739,XJH,PBF,PBF ENERGY,controversial,Energy,United States,0.08,0.0,-0.08,DROP
StrictExclusion_20251011T183739,XJH,ACHC,ACADIA HEALTHCARE,controversial,Health Care,United States,0.07,0.0,-0.07,DROP
StrictExclusion_20251011T183739,XJH,COTY,COTY,controversial,Consumer Staples,United States,0.07,0.0,-0.07,DROP
StrictExclusion_20251011T183739,XVV,MSFT,MICROSOFT,clean,Information Technology,United States,8.11,0.0,-8.11,DROP
StrictExclusion_20251011T183739,XVV,AMZN,AMAZON COM,controversial,Consumer Discretionary,United States,4.08,0.0,-4.08,DROP
StrictExclusion_20251011T183739,XVV,META,META PLATFORMS,other,Communication,United States,3.43,5.0,1.5699999999999998,UP
StrictExclusion_20251011T183739,XVV,AVGO,BROADCOM,clean,Information Technology,United States,2.85,5.0,2.15,UP
StrictExclusion_20251011T183739,XVV,GOOG,ALPHABET,clean,Communication,United States,2.31,0.0,-2.31,DROP
StrictExclusion_20251011T183739,XVV,GOOG,ALPHABET,clean,Communication,United States,1.87,0.0,-1.87,DROP
StrictExclusion_20251011T183739,XVV,TSLA,TESLA,clean,Consumer Discretionary,United States,1.77,4.57,2.8000000000000003,UP
StrictExclusion_20251011T183739,XVV,BRKB,BERKSHIRE HATHAWAY,controversial,Financials,United States,1.72,0.0,-1.72,DROP
StrictExclusion_20251011T183739,XVV,JPM,JPMORGAN CHASE,controversial,Financials,United States,1.67,0.0,-1.67,DROP
StrictExclusion_20251011T183739,XVV,LLY,ELI LILLY,other,Health Care,United States,1.23,3.69,2.46,UP
StrictExclusion_20251011T183739,XVV,V,VISA,other,Financials,United States,1.19,3.57,2.38,UP
StrictExclusion_20251011T183739,XVV,NFLX,NETFLIX,other,Communication,United States,1.02,2.22,1.2000000000000002,UP
StrictExclusion_20251011T183739,XVV,MA,MASTERCARD,other,Financials,United States,0.94,2.82,1.88,UP
StrictExclusion_20251011T183739,XVV,COST,COSTCO WHOLESALE,controversial,Consumer Staples,United States,0.86,0.0,-0.86,DROP
StrictExclusion_20251011T183739,XVV,ORCL,ORACLE,other,Information Technology,United States,0.84,2.52,1.6800000000000002,UP
StrictExclusion_20251011T183739,XVV,PG,PROCTER GAMBLE,controversial,Consumer Staples,United States,0.72,0.0,-0.72,DROP
StrictExclusion_20251011T183739,XVV,ABBV,ABBVIE,clean,Health Care,United States,0.71,2.13,1.42,UP
StrictExclusion_20251011T183739,XVV,PLTR,PALANTIR TECHNOLOGIES,controversial,Information Technology,United States,0.7,0.0,-0.7,DROP
StrictExclusion_20251011T183739,XVV,BAC,BANK OF AMERICA,controversial,Financials,United States,0.61,0.0,-0.61,DROP
StrictExclusion_20251011T183739,XVV,GE,GE AEROSPACE,controversial,Industrials,United States,0.6,0.0,-0.6,DROP
StrictExclusion_20251011T183739,XVV,AMD,ADVANCED MICRO DEVICES,clean,Information Technology,United States,0.58,1.74,1.1600000000000001,UP
StrictExclusion_20251011T183739,XVV,CSCO,CISCO SYSTEMS,clean,Information Technology,United States,0.55,1.65,1.0999999999999999,UP
StrictExclusion_20251011T183739,XVV,KO,COCA COLA,other,Consumer Staples,United States,0.54,1.14,0.5999999999999999,UP
StrictExclusion_20251011T183739,XVV,WFC,WELLS FARGO,other,Financials,United States,0.51,0.81,0.30000000000000004,UP
StrictExclusion_20251011T183739,XVV,CRM,SALESFORCE,controversial,Information Technology,United States,0.49,0.0,-0.49,DROP
StrictExclusion_20251011T183739,XVV,ABT,ABBOTT LABORATORIES,other,Health Care,United States,0.46,0.56,0.10000000000000003,UP
StrictExclusion_20251011T183739,XVV,LIN,LINDE,other,Materials,United States,0.45,1.35,0.9000000000000001,UP
StrictExclusion_20251011T183739,XVV,INTU,INTUIT,other,Information Technology,United States,0.45,1.35,0.9000000000000001,UP
StrictExclusion_20251011T183739,XVV,CAT,CATERPILLAR,controversial,Industrials,United States,0.42,0.0,-0.42,DROP
StrictExclusion_20251011T183739,XVV,T,AT T,clean,Communication,United States,0.41,0.0,-0.41,DROP
StrictExclusion_20251011T183739,XVV,T,AT T,clean,Communication,United States,0.41,0.0,-0.41,DROP
StrictExclusion_20251011T183739,XVV,PEP,PEPSICO,controversial,Consumer Staples,United States,0.39,0.0,-0.39,DROP
StrictExclusion_20251011T183739,XVV,NOW,SERVICENOW,other,Information Technology,United States,0.39,1.17,0.7799999999999999,UP
StrictExclusion_20251011T183739,XVV,UBER,UBER TECHNOLOGIES,other,Industrials,United States,0.38,1.14,0.7599999999999999,UP
StrictExclusion_20251011T183739,XVV,GEV,GE VERNOVA,controversial,Industrials,United States,0.37,0.0,-0.37,DROP
StrictExclusion_20251011T183739,XVV,TMO,THERMO FISHER SCIENTIFIC,controversial,Health Care,United States,0.36,0.0,-0.36,DROP
StrictExclusion_20251011T183739,XVV,MS,MORGAN STANLEY,controversial,Financials,United States,0.36,0.0,-0.36,DROP
StrictExclusion_20251011T183739,XVV,C,CITIGROUP,controversial,Financials,United States,0.35,0.0,-0.35,DROP
StrictExclusion_20251011T183739,XVV,TXN,TEXAS INSTRUMENT,other,Information Technology,United States,0.34,1.02,0.6799999999999999,UP
StrictExclusion_20251011T183739,XVV,ACN,ACCENTURE,controversial,Information Technology,United States,0.33,0.0,-0.33,DROP
StrictExclusion_20251011T183739,XVV,QCOM,QUALCOMM,other,Information Technology,United States,0.33,0.99,0.6599999999999999,UP
StrictExclusion_20251011T183739,XVV,ETN,EATON,controversial,Industrials,United States,0.31,0.0,-0.31,DROP
StrictExclusion_20251011T183739,XVV,AMAT,APPLIED MATERIAL,other,Information Technology,United States,0.3,0.9,0.6000000000000001,UP
StrictExclusion_20251011T183739,XVV,NEE,NEXTERA ENERGY,controversial,Utilities,United States,0.3,0.0,-0.3,DROP
StrictExclusion_20251011T183739,XVV,ADBE,ADOBE,other,Information Technology,United States,0.29,0.87,0.5800000000000001,UP
StrictExclusion_20251011T183739,XVV,UNP,UNION PACIFIC,other,Industrials,United States,0.27,0.81,0.54,UP
StrictExclusion_20251011T183739,XVV,APH,AMPHENOL,controversial,Information Technology,United States,0.27,0.0,-0.27,DROP
StrictExclusion_20251011T183739,XVV,DE,DEERE,other,Industrials,United States,0.26,0.78,0.52,UP
StrictExclusion_20251011T183739,XVV,LRCX,LAM RESEARCH,other,Information Technology,United States,0.26,0.78,0.52,UP
StrictExclusion_20251011T183739,XVV,BX,BLACKSTONE,controversial,Financials,United States,0.25,0.0,-0.25,DROP
StrictExclusion_20251011T183739,XVV,ANET,ARISTA NETWORKS,other,Information Technology,United States,0.25,0.75,0.5,UP
StrictExclusion_20251011T183739,XVV,ADP,AUTOMATIC DATA PROCESSING,other,Industrials,United States,0.25,0.65,0.4,UP
StrictExclusion_20251011T183739,XVV,KLAC,KLA,other,Information Technology,United States,0.25,0.75,0.5,UP
StrictExclusion_20251011T183739,XVV,CMCSA,COMCAST,controversial,Communication,United States,0.25,0.0,-0.25,DROP
StrictExclusion_20251011T183739,XVV,MU,MICRON TECHNOLOGY,other,Information Technology,United States,0.25,0.71,0.45999999999999996,UP
StrictExclusion_20251011T183739,XVV,CEG,CONSTELLATION ENERGY,controversial,Utilities,United States,0.23,0.0,-0.23,DROP
StrictExclusion_20251011T183739,XVV,WELL,WELLTOWER,other,Real Estate,United States,0.21,0.63,0.42000000000000004,UP
StrictExclusion_20251011T183739,XVV,SBUX,STARBUCKS,controversial,Consumer Discretionary,United States,0.21,0.0,-0.21,DROP
StrictExclusion_20251011T183739,XVV,AMT,AMERICAN TOWER REIT,other,Real Estate,United States,0.2,0.6,0.39999999999999997,UP
StrictExclusion_20251011T183739,XVV,PLD,PROLOGIS REIT,other,Real Estate,United States,0.2,0.4,0.2,UP
StrictExclusion_20251011T183739,XVV,XTSLA,BLK CSH FND TREASURY SL AGENCY,other,Cash and/or Derivatives,United States,0.19,0.39,0.2,UP
StrictExclusion_20251011T183739,XVV,NKE,NIKE,clean,Consumer Discretionary,United States,0.18,0.0,-0.18,DROP
StrictExclusion_20251011T183739,XVV,CVS,CVS HEALTH,controversial,Health Care,United States,0.16,0.0,-0.16,DROP
StrictExclusion_20251011T183739,XVV,WMB,WILLIAMS,other,Energy,United States,0.15,0.25,0.1,UP
StrictExclusion_20251011T183739,XVV,MSI,MOTOROLA SOLUTIONS,controversial,Information Technology,United States,0.15,0.0,-0.15,DROP
StrictExclusion_20251011T183739,XVV,HWM,HOWMET AEROSPACE,controversial,Industrials,United States,0.15,0.0,-0.15,DROP
StrictExclusion_20251011T183739,XVV,CL,COLGATE PALMOLIVE,controversial,Consumer Staples,United States,0.14,0.0,-0.14,DROP
StrictExclusion_20251011T183739,XVV,CSX,CSX,controversial,Industrials,United States,0.14,0.0,-0.14,DROP
StrictExclusion_20251011T183739,XVV,ELV,ELEVANCE HEALTH,controversial,Health Care,United States,0.13,0.0,-0.13,DROP
StrictExclusion_20251011T183739,XVV,CMG,CHIPOTLE MEXICAN GRILL,controversial,Consumer Discretionary,United States,0.12,0.0,-0.12,DROP
StrictExclusion_20251011T183739,XVV,AXON,AXON ENTERPRISE,controversial,Industrials,United States,0.11,0.0,-0.11,DROP
StrictExclusion_20251011T183739,XVV,KMI,KINDER MORGAN,controversial,Energy,United States,0.11,0.0,-0.11,DROP
StrictExclusion_20251011T183739,XVV,SRE,SEMPRA,controversial,Utilities,United States,0.11,0.0,-0.11,DROP
StrictExclusion_20251011T183739,XVV,D,DOMINION ENERGY,controversial,Utilities,United States,0.11,0.0,-0.11,DROP
StrictExclusion_20251011T183739,XVV,MPC,MARATHON PETROLEUM,controversial,Energy,United States,0.11,0.0,-0.11,DROP
StrictExclusion_20251011T183739,XVV,GM,GENERAL MOTORS,controversial,Consumer Discretionary,United States,0.1,0.0,-0.1,DROP
StrictExclusion_20251011T183739,XVV,OKE,ONEOK,controversial,Energy,United States,0.1,0.0,-0.1,DROP
StrictExclusion_20251011T183739,XVV,SLB,SCHLUMBERGER,controversial,Energy,United States,0.1,0.0,-0.1,DROP
StrictExclusion_20251011T183739,XVV,TGT,TARGET,controversial,Consumer Staples,United States,0.09,0.0,-0.09,DROP
StrictExclusion_20251011T183739,XVV,EXC,EXELON,controversial,Utilities,United States,0.09,0.0,-0.09,DROP
StrictExclusion_20251011T183739,XVV,PEG,PUBLIC SERVICE ENTERPRISE IN,other,Utilities,United States,0.09,0.19,0.1,UP
StrictExclusion_20251011T183739,XVV,KMB,KIMBERLY CLARK,clean,Consumer Staples,United States,0.09,0.0,-0.09,DROP
StrictExclusion_20251011T183739,XVV,KR,KROGER,controversial,Consumer Staples,United States,0.09,0.0,-0.09,DROP
StrictExclusion_20251011T183739,XVV,BKR,BAKER HUGHES,controversial,Energy,United States,0.09,0.0,-0.09,DROP
StrictExclusion_20251011T183739,XVV,F,FORD MOTOR,controversial,Consumer Discretionary,United States,0.09,0.0,-0.09,DROP
StrictExclusion_20251011T183739,XVV,VLO,VALERO ENERGY,controversial,Energy,United States,0.09,0.0,-0.09,DROP
StrictExclusion_20251011T183739,XVV,AME,AMETEK,controversial,Industrials,United States,0.09,0.0,-0.09,DROP
StrictExclusion_20251011T183739,XVV,YUM,YUM BRANDS,controversial,Consumer Discretionary,United States,0.08,0.0,-0.08,DROP
StrictExclusion_20251011T183739,XVV,ETR,ENTERGY,controversial,Utilities,United States,0.08,0.0,-0.08,DROP
StrictExclusion_20251011T183739,XVV,SYY,SYSCO,controversial,Consumer Staples,United States,0.08,0.0,-0.08,DROP
StrictExclusion_20251011T183739,XVV,ED,CONSOLIDATED EDISON,controversial,Utilities,United States,0.08,0.0,-0.08,DROP
StrictExclusion_20251011T183739,XVV,CAH,CARDINAL HEALTH,controversial,Health Care,United States,0.08,0.0,-0.08,DROP
StrictExclusion_20251011T183739,XVV,TRGP,TARGA RESOURCES,controversial,Energy,United States,0.07,0.0,-0.07,DROP
StrictExclusion_20251011T183739,XVV,EFX,EQUIFAX,controversial,Industrials,United States,0.06,0.0,-0.06,DROP
StrictExclusion_20251011T183739,XVV,KEYS,KEYSIGHT TECHNOLOGIES,controversial,Information Technology,United States,0.06,0.0,-0.06,DROP
StrictExclusion_20251011T183739,XVV,GIS,GENERAL MILLS,controversial,Consumer Staples,United States,0.05,0.0,-0.05,DROP
StrictExclusion_20251011T183739,XVV,ADM,ARCHER DANIELS MIDLAND,controversial,Consumer Staples,United States,0.05,0.0,-0.05,DROP
StrictExclusion_20251011T183739,XVV,ADM,ARCHER DANIELS MIDLAND,controversial,Consumer Staples,United States,0.05,0.0,-0.05,DROP
StrictExclusion_20251011T183739,XVV,CNP,CENTERPOINT ENERGY,controversial,Utilities,United States,0.05,0.0,-0.05,DROP
StrictExclusion_20251011T183739,XVV,ATO,ATMOS ENERGY,controversial,Utilities,United States,0.05,0.0,-0.05,DROP
StrictExclusion_20251011T183739,XVV,WSM,WILLIAMS SONOMA,controversial,Consumer Discretionary,United States,0.05,0.0,-0.05,DROP
StrictExclusion_20251011T183739,XVV,ES,EVERSOURCE ENERGY,controversial,Utilities,United States,0.05,0.0,-0.05,DROP
StrictExclusion_20251011T183739,XVV,DOV,DOVER,controversial,Industrials,United States,0.05,0.0,-0.05,DROP
StrictExclusion_20251011T183739,XVV,DG,DOLLAR GENERAL,controversial,Consumer Staples,United States,0.05,0.0,-0.05,DROP
StrictExclusion_20251011T183739,XVV,DG,DOLLAR GENERAL,controversial,Consumer Staples,United States,0.05,0.0,-0.05,DROP
StrictExclusion_20251011T183739,XVV,IP,INTERNATIONAL PAPER,controversial,Materials,United States,0.05,0.0,-0.05,DROP
StrictExclusion_20251011T183739,XVV,TPR,TAPESTRY,controversial,Consumer Discretionary,United States,0.05,0.0,-0.05,DROP
StrictExclusion_20251011T183739,XVV,RF,REGIONS FINANCIAL,controversial,Financials,United States,0.05,0.0,-0.05,DROP
StrictExclusion_20251011T183739,XVV,RF,REGIONS FINANCIAL,controversial,Financials,United States,0.05,0.0,-0.05,DROP
StrictExclusion_20251011T183739,XVV,DLTR,DOLLAR TREE,controversial,Consumer Staples,United States,0.05,0.0,-0.05,DROP
StrictExclusion_20251011T183739,XVV,NVR,NVR,controversial,Consumer Discretionary,United States,0.05,0.0,-0.05,DROP
