etf_ticker,etf_name,date,sector,security,shares,value,total_value,total_overall_value
CRBN,iShares MSCI ACWI Low Carbon Target ETF,31/07/20,Australia — 1.8%,Afterpay Ltd.,"2,584","1,27,013",,
CRBN,iShares MSCI ACWI Low Carbon Target ETF,31/07/20,Australia — 1.8%,AMP Ltd.,"77,180","81,087",,
CRBN,iShares MSCI ACWI Low Carbon Target ETF,31/07/20,Australia — 1.8%,Ampol Ltd.,"10,608","1,99,926",,
CRBN,iShares MSCI ACWI Low Carbon Target ETF,31/07/20,Australia — 1.8%,APA Group,"5,440","42,914",,
CRBN,iShares MSCI ACWI Low Carbon Target ETF,31/07/20,Australia — 1.8%,Aristocrat Leisure Ltd.,"6,800","1,27,670",,
CRBN,iShares MSCI ACWI Low Carbon Target ETF,31/07/20,Australia — 1.8%,ASX Ltd.,"1,360","80,611",,
CRBN,iShares MSCI ACWI Low Carbon Target ETF,31/07/20,Australia — 1.8%,Australia & New Zealand Banking Group Ltd.,"25,160","3,24,061",,
CRBN,iShares MSCI ACWI Low Carbon Target ETF,31/07/20,Australia — 1.8%,Brambles Ltd.,"19,584","1,51,402",,
CRBN,iShares MSCI ACWI Low Carbon Target ETF,31/07/20,Australia — 1.8%,Cochlear Ltd.,408,"55,658",,
CRBN,iShares MSCI ACWI Low Carbon Target ETF,31/07/20,Australia — 1.8%,Coles Group Ltd.,"10,200","1,32,912",,
CRBN,iShares MSCI ACWI Low Carbon Target ETF,31/07/20,Australia — 1.8%,Commonwealth Bank of Australia,"17,760","9,06,845",,
CRBN,iShares MSCI ACWI Low Carbon Target ETF,31/07/20,Australia — 1.8%,Computershare Ltd.,"9,112","87,761",,
CRBN,iShares MSCI ACWI Low Carbon Target ETF,31/07/20,Australia — 1.8%,Crown Resorts Ltd.,"10,200","65,469",,
CRBN,iShares MSCI ACWI Low Carbon Target ETF,31/07/20,Australia — 1.8%,CSL Ltd.,"4,216","8,16,649",,
CRBN,iShares MSCI ACWI Low Carbon Target ETF,31/07/20,Australia — 1.8%,Dexus,"17,612","1,07,485",,
CRBN,iShares MSCI ACWI Low Carbon Target ETF,31/07/20,Australia — 1.8%,Evolution Mining Ltd.,"15,708","66,463",,
CRBN,iShares MSCI ACWI Low Carbon Target ETF,31/07/20,Australia — 1.8%,Fortescue Metals Group Ltd.,"32,082","4,00,563",,
CRBN,iShares MSCI ACWI Low Carbon Target ETF,31/07/20,Australia — 1.8%,Goodman Group,"19,040","2,31,171",,
CRBN,iShares MSCI ACWI Low Carbon Target ETF,31/07/20,Australia — 1.8%,GPT Group (The),"21,828","60,737",,
CRBN,iShares MSCI ACWI Low Carbon Target ETF,31/07/20,Australia — 1.8%,Insurance Australia Group Ltd.,"35,564","1,29,819",,
CRBN,iShares MSCI ACWI Low Carbon Target ETF,31/07/20,Australia — 1.8%,James Hardie Industries PLC,"5,576","1,15,846",,
CRBN,iShares MSCI ACWI Low Carbon Target ETF,31/07/20,Australia — 1.8%,Lendlease Corp. Ltd.,"10,268","83,578",,
CRBN,iShares MSCI ACWI Low Carbon Target ETF,31/07/20,Australia — 1.8%,Macquarie Group Ltd.,"4,284","3,79,395",,
CRBN,iShares MSCI ACWI Low Carbon Target ETF,31/07/20,Australia — 1.8%,Magellan Financial Group Ltd.,"1,360","59,651",,
CRBN,iShares MSCI ACWI Low Carbon Target ETF,31/07/20,Australia — 1.8%,Medibank Pvt Ltd.,"19,856","40,156",,
CRBN,iShares MSCI ACWI Low Carbon Target ETF,31/07/20,Australia — 1.8%,Mirvac Group,"65,552","98,252",,
CRBN,iShares MSCI ACWI Low Carbon Target ETF,31/07/20,Australia — 1.8%,National Australia Bank Ltd.,"22,304","2,82,477",,
CRBN,iShares MSCI ACWI Low Carbon Target ETF,31/07/20,Australia — 1.8%,Newcrest Mining Ltd.,"7,820","1,97,294",,
CRBN,iShares MSCI ACWI Low Carbon Target ETF,31/07/20,Australia — 1.8%,Northern Star Resources Ltd.,"9,112","1,01,026",,
CRBN,iShares MSCI ACWI Low Carbon Target ETF,31/07/20,Australia — 1.8%,QBE Insurance Group Ltd.,"13,940","99,071",,
CRBN,iShares MSCI ACWI Low Carbon Target ETF,31/07/20,Australia — 1.8%,Ramsay Health Care Ltd.,"1,020","45,338",,
CRBN,iShares MSCI ACWI Low Carbon Target ETF,31/07/20,Australia — 1.8%,Scentre Group,"63,376","92,718",,
CRBN,iShares MSCI ACWI Low Carbon Target ETF,31/07/20,Australia — 1.8%,Seek Ltd.,"9,180","1,42,663",,
CRBN,iShares MSCI ACWI Low Carbon Target ETF,31/07/20,Australia — 1.8%,Sonic Healthcare Ltd.,"1,768","40,700",,
CRBN,iShares MSCI ACWI Low Carbon Target ETF,31/07/20,Australia — 1.8%,Stockland,"42,024","96,139",,
CRBN,iShares MSCI ACWI Low Carbon Target ETF,31/07/20,Australia — 1.8%,Suncorp Group Ltd.,"18,428","1,12,994",,
CRBN,iShares MSCI ACWI Low Carbon Target ETF,31/07/20,Australia — 1.8%,Sydney Airport,"20,468","76,769",,
CRBN,iShares MSCI ACWI Low Carbon Target ETF,31/07/20,Australia — 1.8%,Tabcorp Holdings Ltd.,"31,552","80,554",,
CRBN,iShares MSCI ACWI Low Carbon Target ETF,31/07/20,Australia — 1.8%,Telstra Corp. Ltd.,"27,268","65,510",,
CRBN,iShares MSCI ACWI Low Carbon Target ETF,31/07/20,Australia — 1.8%,Transurban Group,"32,164","3,18,547",,
CRBN,iShares MSCI ACWI Low Carbon Target ETF,31/07/20,Australia — 1.8%,Treasury Wine Estates Ltd.,"15,572","1,20,609",,
CRBN,iShares MSCI ACWI Low Carbon Target ETF,31/07/20,Australia — 1.8%,Vicinity Centres,"40,800","38,184",,
CRBN,iShares MSCI ACWI Low Carbon Target ETF,31/07/20,Australia — 1.8%,Westpac Banking Corp.,"33,270","4,07,760",,
CRBN,iShares MSCI ACWI Low Carbon Target ETF,31/07/20,Australia — 1.8%,Woolworths Group Ltd.,"10,404","2,88,600","75,80,047",
CRBN,iShares MSCI ACWI Low Carbon Target ETF,31/07/20,Austria — 0.1%,Erste Group Bank AG,"3,060","68,389",,
CRBN,iShares MSCI ACWI Low Carbon Target ETF,31/07/20,Austria — 0.1%,Raiffeisen Bank International AG,"3,461","59,548",,
CRBN,iShares MSCI ACWI Low Carbon Target ETF,31/07/20,Austria — 0.1%,Verbund AG,"5,100","2,68,609","3,96,546",
CRBN,iShares MSCI ACWI Low Carbon Target ETF,31/07/20,Belgium — 0.2%,Anheuser-Busch InBev SA/NV,"6,528","3,56,017",,
CRBN,iShares MSCI ACWI Low Carbon Target ETF,31/07/20,Belgium — 0.2%,Elia Group SA/NV,816,"88,965",,
CRBN,iShares MSCI ACWI Low Carbon Target ETF,31/07/20,Belgium — 0.2%,Galapagos NV,408,"76,036",,
CRBN,iShares MSCI ACWI Low Carbon Target ETF,31/07/20,Belgium — 0.2%,Groupe Bruxelles Lambert SA,"1,235","1,07,660",,
CRBN,iShares MSCI ACWI Low Carbon Target ETF,31/07/20,Belgium — 0.2%,UCB SA,748,"96,279",,
CRBN,iShares MSCI ACWI Low Carbon Target ETF,31/07/20,Belgium — 0.2%,Umicore SA,"3,128","1,47,732","8,72,689",
CRBN,iShares MSCI ACWI Low Carbon Target ETF,31/07/20,Brazil — 0.5%,Ambev SA,"61,201","1,63,413",,
CRBN,iShares MSCI ACWI Low Carbon Target ETF,31/07/20,Brazil — 0.5%,"B3 SA - Brasil, Bolsa, Balcao","27,200","3,31,470",,
CRBN,iShares MSCI ACWI Low Carbon Target ETF,31/07/20,Brazil — 0.5%,Banco Bradesco SA,"1,651","6,574",,
CRBN,iShares MSCI ACWI Low Carbon Target ETF,31/07/20,Brazil — 0.5%,Banco do Brasil SA,"13,600","87,727",,
CRBN,iShares MSCI ACWI Low Carbon Target ETF,31/07/20,Brazil — 0.5%,BB Seguridade Participacoes SA,"13,600","72,705",,
CRBN,iShares MSCI ACWI Low Carbon Target ETF,31/07/20,Brazil — 0.5%,CCR SA,"34,000","97,706",,
CRBN,iShares MSCI ACWI Low Carbon Target ETF,31/07/20,Brazil — 0.5%,Cielo SA,"27,236","28,095",,
CRBN,iShares MSCI ACWI Low Carbon Target ETF,31/07/20,Brazil — 0.5%,Cogna Educacao,"20,900","33,242",,
CRBN,iShares MSCI ACWI Low Carbon Target ETF,31/07/20,Brazil — 0.5%,Localiza Rent a Car SA,"14,350","1,40,363",,
CRBN,iShares MSCI ACWI Low Carbon Target ETF,31/07/20,Brazil — 0.5%,Lojas Renner SA,"13,650","1,07,846",,
CRBN,iShares MSCI ACWI Low Carbon Target ETF,31/07/20,Brazil — 0.5%,Magazine Luiza SA,"6,800","1,05,426",,
CRBN,iShares MSCI ACWI Low Carbon Target ETF,31/07/20,Brazil — 0.5%,Natura & Co. Holding SA,"13,600","1,22,891",,
CRBN,iShares MSCI ACWI Low Carbon Target ETF,31/07/20,Brazil — 0.5%,Notre Dame Intermedica Participacoes SA,"6,800","87,204",,
CRBN,iShares MSCI ACWI Low Carbon Target ETF,31/07/20,Brazil — 0.5%,Suzano SA,"6,800","54,862",,
CRBN,iShares MSCI ACWI Low Carbon Target ETF,31/07/20,Brazil — 0.5%,Ultrapar Participacoes SA,"27,202","98,968",,
CRBN,iShares MSCI ACWI Low Carbon Target ETF,31/07/20,Brazil — 0.5%,Vale SA,"47,601","5,55,123",,
CRBN,iShares MSCI ACWI Low Carbon Target ETF,31/07/20,Brazil — 0.5%,WEG SA,"6,800","87,975","21,81,590",
CRBN,iShares MSCI ACWI Low Carbon Target ETF,31/07/20,Canada — 3.2%,Agnico Eagle Mines Ltd.,"3,468","2,75,395",,
CRBN,iShares MSCI ACWI Low Carbon Target ETF,31/07/20,Canada — 3.2%,Algonquin Power & Utilities Corp.,"3,536","48,783",,
CRBN,iShares MSCI ACWI Low Carbon Target ETF,31/07/20,Canada — 3.2%,"Alimentation Couche-Tard Inc., Class B","11,016","3,82,825",,
CRBN,iShares MSCI ACWI Low Carbon Target ETF,31/07/20,Canada — 3.2%,B2Gold Corp.,"16,796","1,16,362",,
CRBN,iShares MSCI ACWI Low Carbon Target ETF,31/07/20,Canada — 3.2%,Bank of Montreal,"5,508","3,01,326",,
CRBN,iShares MSCI ACWI Low Carbon Target ETF,31/07/20,Canada — 3.2%,Bank of Nova Scotia (The),"12,716","5,22,215",,
CRBN,iShares MSCI ACWI Low Carbon Target ETF,31/07/20,Canada — 3.2%,Barrick Gold Corp.,"15,028","4,34,292",,
CRBN,iShares MSCI ACWI Low Carbon Target ETF,31/07/20,Canada — 3.2%,Bausch Health Companies Inc.,"3,128","57,189",,
CRBN,iShares MSCI ACWI Low Carbon Target ETF,31/07/20,Canada — 3.2%,BCE Inc.,"4,216","1,76,760",,
CRBN,iShares MSCI ACWI Low Carbon Target ETF,31/07/20,Canada — 3.2%,BlackBerry Ltd.,"14,212","67,373",,
CRBN,iShares MSCI ACWI Low Carbon Target ETF,31/07/20,Canada — 3.2%,"Brookfield Asset Management Inc., Class A","12,961","4,18,584",,
CRBN,iShares MSCI ACWI Low Carbon Target ETF,31/07/20,Canada — 3.2%,CAE Inc.,"2,788","41,607",,
CRBN,iShares MSCI ACWI Low Carbon Target ETF,31/07/20,Canada — 3.2%,Cameco Corp.,"16,048","1,63,176",,
CRBN,iShares MSCI ACWI Low Carbon Target ETF,31/07/20,Canada — 3.2%,Canadian Imperial Bank of Commerce,"4,556","3,15,400",,
CRBN,iShares MSCI ACWI Low Carbon Target ETF,31/07/20,Canada — 3.2%,Canadian National Railway Co.,"5,984","5,84,507",,
CRBN,iShares MSCI ACWI Low Carbon Target ETF,31/07/20,Canada — 3.2%,Canadian Pacific Railway Ltd.,884,"2,43,105",,
CRBN,iShares MSCI ACWI Low Carbon Target ETF,31/07/20,Canada — 3.2%,"Canadian Tire Corp. Ltd., Class A, NVS","1,088","1,00,304",,
CRBN,iShares MSCI ACWI Low Carbon Target ETF,31/07/20,Canada — 3.2%,Canopy Growth Corp. (a)(b),"3,332","60,844",,
CRBN,iShares MSCI ACWI Low Carbon Target ETF,31/07/20,Canada — 3.2%,"CCL Industries Inc., Class B, NVS","4,012","1,33,464",,
CRBN,iShares MSCI ACWI Low Carbon Target ETF,31/07/20,Canada — 3.2%,CGI Inc.,"1,836","1,31,131",,
CRBN,iShares MSCI ACWI Low Carbon Target ETF,31/07/20,Canada — 3.2%,Constellation Software Inc.,272,"3,21,723",,
CRBN,iShares MSCI ACWI Low Carbon Target ETF,31/07/20,Canada — 3.2%,Cronos Group Inc. (a)(b),68,446,,
CRBN,iShares MSCI ACWI Low Carbon Target ETF,31/07/20,Canada — 3.2%,Dollarama Inc.,"3,400","1,24,324",,
CRBN,iShares MSCI ACWI Low Carbon Target ETF,31/07/20,Canada — 3.2%,Enbridge Inc.,"20,545","6,57,532",,
CRBN,iShares MSCI ACWI Low Carbon Target ETF,31/07/20,Canada — 3.2%,Fairfax Financial Holdings Ltd.,408,"1,27,831",,
CRBN,iShares MSCI ACWI Low Carbon Target ETF,31/07/20,Canada — 3.2%,First Quantum Minerals Ltd.,"23,392","1,97,684",,
CRBN,iShares MSCI ACWI Low Carbon Target ETF,31/07/20,Canada — 3.2%,Franco-Nevada Corp.,"2,788","4,45,622",,
CRBN,iShares MSCI ACWI Low Carbon Target ETF,31/07/20,Canada — 3.2%,George Weston Ltd.,"2,992","2,25,980",,
CRBN,iShares MSCI ACWI Low Carbon Target ETF,31/07/20,Canada — 3.2%,Hydro One Ltd.,"14,960","3,18,745",,
CRBN,iShares MSCI ACWI Low Carbon Target ETF,31/07/20,Canada — 3.2%,Intact Financial Corp.,"1,020","1,11,358",,
CRBN,iShares MSCI ACWI Low Carbon Target ETF,31/07/20,Canada — 3.2%,Inter Pipeline Ltd.,"18,768","1,75,840",,
CRBN,iShares MSCI ACWI Low Carbon Target ETF,31/07/20,Canada — 3.2%,Keyera Corp.,"5,236","79,586",,
CRBN,iShares MSCI ACWI Low Carbon Target ETF,31/07/20,Canada — 3.2%,Kinross Gold Corp.,"10,064","93,916",,
CRBN,iShares MSCI ACWI Low Carbon Target ETF,31/07/20,Canada — 3.2%,Kirkland Lake Gold Ltd.,"3,400","1,85,674",,
CRBN,iShares MSCI ACWI Low Carbon Target ETF,31/07/20,Canada — 3.2%,Loblaw Companies Ltd.,"2,108","1,09,358",,
CRBN,iShares MSCI ACWI Low Carbon Target ETF,31/07/20,Canada — 3.2%,Lundin Mining Corp.,"38,148","2,13,595",,
CRBN,iShares MSCI ACWI Low Carbon Target ETF,31/07/20,Canada — 3.2%,Manulife Financial Corp.,"10,064","1,34,863",,
CRBN,iShares MSCI ACWI Low Carbon Target ETF,31/07/20,Canada — 3.2%,Metro Inc.,"4,148","1,81,961",,
CRBN,iShares MSCI ACWI Low Carbon Target ETF,31/07/20,Canada — 3.2%,National Bank of Canada,"1,428","67,418",,
CRBN,iShares MSCI ACWI Low Carbon Target ETF,31/07/20,Canada — 3.2%,Open Text Corp.,"5,100","2,29,548",,
CRBN,iShares MSCI ACWI Low Carbon Target ETF,31/07/20,Canada — 3.2%,Pan American Silver Corp.,"4,556","1,70,233",,
CRBN,iShares MSCI ACWI Low Carbon Target ETF,31/07/20,Canada — 3.2%,Pembina Pipeline Corp.,"17,136","4,16,407",,
CRBN,iShares MSCI ACWI Low Carbon Target ETF,31/07/20,Canada — 3.2%,Power Corp. of Canada,"5,363","95,169",,
CRBN,iShares MSCI ACWI Low Carbon Target ETF,31/07/20,Canada — 3.2%,Restaurant Brands International Inc.,"3,400","1,92,019",,
CRBN,iShares MSCI ACWI Low Carbon Target ETF,31/07/20,Canada — 3.2%,RioCan REIT,"7,684","85,817",,
CRBN,iShares MSCI ACWI Low Carbon Target ETF,31/07/20,Canada — 3.2%,"Rogers Communications Inc., Class B, NVS","3,808","1,55,504",,
CRBN,iShares MSCI ACWI Low Carbon Target ETF,31/07/20,Canada — 3.2%,Royal Bank of Canada,"12,648","8,72,471",,
CRBN,iShares MSCI ACWI Low Carbon Target ETF,31/07/20,Canada — 3.2%,"Shaw Communications Inc., Class B, NVS","9,180","1,67,906",,
CRBN,iShares MSCI ACWI Low Carbon Target ETF,31/07/20,Canada — 3.2%,"Shopify Inc., Class A",884,"9,03,983",,
CRBN,iShares MSCI ACWI Low Carbon Target ETF,31/07/20,Canada — 3.2%,SmartCentres Real Estate Investment Trust,"4,556","68,978",,
CRBN,iShares MSCI ACWI Low Carbon Target ETF,31/07/20,Canada — 3.2%,Sun Life Financial Inc.,"4,012","1,56,377",,
CRBN,iShares MSCI ACWI Low Carbon Target ETF,31/07/20,Canada — 3.2%,TC Energy Corp.,"6,392","2,91,326",,
CRBN,iShares MSCI ACWI Low Carbon Target ETF,31/07/20,Canada — 3.2%,TELUS Corp.,"4,080","70,756",,
CRBN,iShares MSCI ACWI Low Carbon Target ETF,31/07/20,Canada — 3.2%,Thomson Reuters Corp.,"3,808","2,65,693",,
CRBN,iShares MSCI ACWI Low Carbon Target ETF,31/07/20,Canada — 3.2%,Toronto-Dominion Bank (The),"15,059","6,66,328",,
CRBN,iShares MSCI ACWI Low Carbon Target ETF,31/07/20,Canada — 3.2%,Wheaton Precious Metals Corp.,"6,868","3,72,600",,
CRBN,iShares MSCI ACWI Low Carbon Target ETF,31/07/20,Canada — 3.2%,WSP Global Inc.,"2,040","1,28,096",,
CRBN,iShares MSCI ACWI Low Carbon Target ETF,31/07/20,Canada — 3.2%,Yamana Gold Inc.,"13,940","90,540","1,37,47,849",
CRBN,iShares MSCI ACWI Low Carbon Target ETF,31/07/20,Chile — 0.1%,"Aguas Andinas SA, Class A","2,55,272","89,760",,
CRBN,iShares MSCI ACWI Low Carbon Target ETF,31/07/20,Chile — 0.1%,Cencosud SA,"50,184","87,453",,
CRBN,iShares MSCI ACWI Low Carbon Target ETF,31/07/20,Chile — 0.1%,Falabella SA,"26,018","92,812","2,70,025",
CRBN,iShares MSCI ACWI Low Carbon Target ETF,31/07/20,China — 5.0%,"360 Security Technology Inc., Class A","6,800","18,927",,
CRBN,iShares MSCI ACWI Low Carbon Target ETF,31/07/20,China — 5.0%,"Agricultural Bank of China Ltd., Class H","5,44,000","1,93,027",,
CRBN,iShares MSCI ACWI Low Carbon Target ETF,31/07/20,China — 5.0%,"Alibaba Group Holding Ltd., ADR","16,116","40,45,438",,
CRBN,iShares MSCI ACWI Low Carbon Target ETF,31/07/20,China — 5.0%,"Baidu Inc., ADR (a)(b)","2,380","2,84,172",,
CRBN,iShares MSCI ACWI Low Carbon Target ETF,31/07/20,China — 5.0%,"Bank of China Ltd., Class H","9,52,000","3,19,372",,
CRBN,iShares MSCI ACWI Low Carbon Target ETF,31/07/20,China — 5.0%,"Bank of Communications Co. Ltd., Class A","54,400","37,113",,
CRBN,iShares MSCI ACWI Low Carbon Target ETF,31/07/20,China — 5.0%,"Bank of Communications Co. Ltd., Class H","2,04,000","1,13,184",,
CRBN,iShares MSCI ACWI Low Carbon Target ETF,31/07/20,China — 5.0%,"Bank of Jiangsu Co. Ltd., Class A","27,295","23,668",,
CRBN,iShares MSCI ACWI Low Carbon Target ETF,31/07/20,China — 5.0%,"Bank of Nanjing Co. Ltd., Class A","27,200","30,251",,
CRBN,iShares MSCI ACWI Low Carbon Target ETF,31/07/20,China — 5.0%,"Bank of Ningbo Co. Ltd., Class A","6,800","28,234",,
CRBN,iShares MSCI ACWI Low Carbon Target ETF,31/07/20,China — 5.0%,"China Cinda Asset Management Co. Ltd., Class H","2,72,000","51,240",,
CRBN,iShares MSCI ACWI Low Carbon Target ETF,31/07/20,China — 5.0%,"China CITIC Bank Corp. Ltd., Class H","1,36,000","59,312",,
CRBN,iShares MSCI ACWI Low Carbon Target ETF,31/07/20,China — 5.0%,China Conch Venture Holdings Ltd.,"34,000","1,46,087",,
CRBN,iShares MSCI ACWI Low Carbon Target ETF,31/07/20,China — 5.0%,"China Construction Bank Corp., Class H","9,58,000","7,02,103",,
CRBN,iShares MSCI ACWI Low Carbon Target ETF,31/07/20,China — 5.0%,"China Everbright Bank Co. Ltd., Class A","1,90,400","1,03,151",,
CRBN,iShares MSCI ACWI Low Carbon Target ETF,31/07/20,China — 5.0%,China Gas Holdings Ltd.,"27,200","81,773",,
CRBN,iShares MSCI ACWI Low Carbon Target ETF,31/07/20,China — 5.0%,"China Jushi Co. Ltd., Class A","13,600","26,977",,
CRBN,iShares MSCI ACWI Low Carbon Target ETF,31/07/20,China — 5.0%,"China Life Insurance Co. Ltd., Class H","1,36,000","3,13,406",,
CRBN,iShares MSCI ACWI Low Carbon Target ETF,31/07/20,China — 5.0%,"China Merchants Bank Co. Ltd., Class A","20,400","1,01,748",,
CRBN,iShares MSCI ACWI Low Carbon Target ETF,31/07/20,China — 5.0%,"China Merchants Bank Co. Ltd., Class H","34,000","1,58,589",,
CRBN,iShares MSCI ACWI Low Carbon Target ETF,31/07/20,China — 5.0%,"China Minsheng Banking Corp. Ltd., Class A","1,02,000","80,989",,
CRBN,iShares MSCI ACWI Low Carbon Target ETF,31/07/20,China — 5.0%,China Mobile Ltd.,"68,000","4,65,898",,
CRBN,iShares MSCI ACWI Low Carbon Target ETF,31/07/20,China — 5.0%,"China Molybdenum Co. Ltd., Class H","2,04,000","82,651",,
CRBN,iShares MSCI ACWI Low Carbon Target ETF,31/07/20,China — 5.0%,"China National Nuclear Power Co. Ltd., Class A","3,33,898","2,07,692",,
CRBN,iShares MSCI ACWI Low Carbon Target ETF,31/07/20,China — 5.0%,"China Northern Rare Earth Group High-Tech Co. Ltd., Class A","13,600","24,189",,
CRBN,iShares MSCI ACWI Low Carbon Target ETF,31/07/20,China — 5.0%,"China Oilfield Services Ltd., Class H","1,48,000","1,15,151",,
CRBN,iShares MSCI ACWI Low Carbon Target ETF,31/07/20,China — 5.0%,China Overseas Land & Investment Ltd.,"34,000","1,03,533",,
CRBN,iShares MSCI ACWI Low Carbon Target ETF,31/07/20,China — 5.0%,"China Pacific Insurance Group Co. Ltd., Class A","13,600","57,521",,
CRBN,iShares MSCI ACWI Low Carbon Target ETF,31/07/20,China — 5.0%,"China Telecom Corp. Ltd., Class H","1,36,000","40,536",,
CRBN,iShares MSCI ACWI Low Carbon Target ETF,31/07/20,China — 5.0%,"China Tower Corp. Ltd., Class H","5,44,000","98,970",,
CRBN,iShares MSCI ACWI Low Carbon Target ETF,31/07/20,China — 5.0%,China Unicom Hong Kong Ltd.,"1,36,000","75,807",,
CRBN,iShares MSCI ACWI Low Carbon Target ETF,31/07/20,China — 5.0%,"China Vanke Co. Ltd., Class A","6,800","26,158",,
CRBN,iShares MSCI ACWI Low Carbon Target ETF,31/07/20,China — 5.0%,"China Vanke Co. Ltd., Class H","21,100","66,429",,
CRBN,iShares MSCI ACWI Low Carbon Target ETF,31/07/20,China — 5.0%,"China Yangtze Power Co. Ltd., Class A","68,000","1,79,033",,
CRBN,iShares MSCI ACWI Low Carbon Target ETF,31/07/20,China — 5.0%,"Chongqing Rural Commercial Bank Co. Ltd., Class H","1,36,000","55,101",,
CRBN,iShares MSCI ACWI Low Carbon Target ETF,31/07/20,China — 5.0%,Country Garden Holdings Co. Ltd.,"68,000","87,301",,
CRBN,iShares MSCI ACWI Low Carbon Target ETF,31/07/20,China — 5.0%,ENN Energy Holdings Ltd.,"20,400","2,47,163",,
CRBN,iShares MSCI ACWI Low Carbon Target ETF,31/07/20,China — 5.0%,"Foshan Haitian Flavouring & Food Co. Ltd., Class A","8,440","1,81,544",,
CRBN,iShares MSCI ACWI Low Carbon Target ETF,31/07/20,China — 5.0%,Fosun International Ltd.,"68,000","77,474",,
CRBN,iShares MSCI ACWI Low Carbon Target ETF,31/07/20,China — 5.0%,"Ganfeng Lithium Co. Ltd., Class A","13,600","1,09,077",,
CRBN,iShares MSCI ACWI Low Carbon Target ETF,31/07/20,China — 5.0%,Geely Automobile Holdings Ltd.,"68,000","1,43,016",,
CRBN,iShares MSCI ACWI Low Carbon Target ETF,31/07/20,China — 5.0%,"Great Wall Motor Co. Ltd., Class H","74,000","72,279",,
CRBN,iShares MSCI ACWI Low Carbon Target ETF,31/07/20,China — 5.0%,"Gree Electric Appliances Inc. of Zhuhai, Class A","6,800","55,464",,
CRBN,iShares MSCI ACWI Low Carbon Target ETF,31/07/20,China — 5.0%,"Guangzhou Baiyun International Airport Co. Ltd., Class A","6,800","13,839",,
CRBN,iShares MSCI ACWI Low Carbon Target ETF,31/07/20,China — 5.0%,"Guotai Junan Securities Co. Ltd., Class A","13,600","36,021",,
CRBN,iShares MSCI ACWI Low Carbon Target ETF,31/07/20,China — 5.0%,"Hangzhou Hikvision Digital Technology Co. Ltd., Class A","6,800","36,050",,
CRBN,iShares MSCI ACWI Low Carbon Target ETF,31/07/20,China — 5.0%,"Hangzhou Robam Appliances Co. Ltd., Class A","6,800","37,356",,
CRBN,iShares MSCI ACWI Low Carbon Target ETF,31/07/20,China — 5.0%,"Henan Shuanghui Investment & Development Co. Ltd., Class A","6,800","53,242",,
CRBN,iShares MSCI ACWI Low Carbon Target ETF,31/07/20,China — 5.0%,"Huazhu Group Ltd., ADR","3,400","1,16,722",,
CRBN,iShares MSCI ACWI Low Carbon Target ETF,31/07/20,China — 5.0%,"Hubei Jumpcan Pharmaceutical Co. Ltd., Class A","6,800","24,677",,
CRBN,iShares MSCI ACWI Low Carbon Target ETF,31/07/20,China — 5.0%,"Hutchison China MediTech Ltd., ADR","3,264","88,520",,
CRBN,iShares MSCI ACWI Low Carbon Target ETF,31/07/20,China — 5.0%,"Iflytek Co. Ltd., Class A","6,800","35,690",,
CRBN,iShares MSCI ACWI Low Carbon Target ETF,31/07/20,China — 5.0%,"Industrial & Commercial Bank of China Ltd., Class H","6,12,000","3,61,663",,
CRBN,iShares MSCI ACWI Low Carbon Target ETF,31/07/20,China — 5.0%,"Industrial Bank Co. Ltd., Class A","56,798","1,27,480",,
CRBN,iShares MSCI ACWI Low Carbon Target ETF,31/07/20,China — 5.0%,"Inner Mongolia Yili Industrial Group Co. Ltd., Class A","13,600","71,399",,
CRBN,iShares MSCI ACWI Low Carbon Target ETF,31/07/20,China — 5.0%,"iQIYI Inc., ADR (a)(b)","3,604","76,044",,
CRBN,iShares MSCI ACWI Low Carbon Target ETF,31/07/20,China — 5.0%,"JD.com Inc., ADR","7,820","4,98,838",,
CRBN,iShares MSCI ACWI Low Carbon Target ETF,31/07/20,China — 5.0%,"Jiangsu Expressway Co. Ltd., Class H","1,36,000","1,45,823",,
CRBN,iShares MSCI ACWI Low Carbon Target ETF,31/07/20,China — 5.0%,"Jiangsu Yanghe Brewery Joint-Stock Co. Ltd., Class A","6,800","1,31,619",,
CRBN,iShares MSCI ACWI Low Carbon Target ETF,31/07/20,China — 5.0%,"Jinduicheng Molybdenum Co. Ltd., Class A","20,400","19,443",,
CRBN,iShares MSCI ACWI Low Carbon Target ETF,31/07/20,China — 5.0%,JOYY Inc. (a)(b),"1,224","97,700",,
CRBN,iShares MSCI ACWI Low Carbon Target ETF,31/07/20,China — 5.0%,Li Ning Co. Ltd.,"34,000","1,09,455",,
CRBN,iShares MSCI ACWI Low Carbon Target ETF,31/07/20,China — 5.0%,"Meituan Dianping, Class B","27,200","6,73,490",,
CRBN,iShares MSCI ACWI Low Carbon Target ETF,31/07/20,China — 5.0%,"Muyuan Foodstuff Co. Ltd., Class A","12,540","1,64,414",,
CRBN,iShares MSCI ACWI Low Carbon Target ETF,31/07/20,China — 5.0%,"NetEase Inc., ADR","1,004","4,60,254",,
CRBN,iShares MSCI ACWI Low Carbon Target ETF,31/07/20,China — 5.0%,"New Oriental Education & Technology Group Inc., ADR","1,836","2,57,407",,
CRBN,iShares MSCI ACWI Low Carbon Target ETF,31/07/20,China — 5.0%,"NIO Inc., ADR","15,096","1,80,246",,
CRBN,iShares MSCI ACWI Low Carbon Target ETF,31/07/20,China — 5.0%,"People’s Insurance Co. Group of China Ltd. (The), Class H","2,04,000","66,331",,
CRBN,iShares MSCI ACWI Low Carbon Target ETF,31/07/20,China — 5.0%,"PICC Property & Casualty Co. Ltd., Class H","1,36,000","1,07,393",,
CRBN,iShares MSCI ACWI Low Carbon Target ETF,31/07/20,China — 5.0%,"Pinduoduo Inc., ADR (a)(b)","2,448","2,24,726",,
CRBN,iShares MSCI ACWI Low Carbon Target ETF,31/07/20,China — 5.0%,Ping An Healthcare and Technology Co. Ltd. (a)(c),"6,800","1,16,167",,
CRBN,iShares MSCI ACWI Low Carbon Target ETF,31/07/20,China — 5.0%,"Ping An Insurance Group Co. of China Ltd., Class A","6,800","73,972",,
CRBN,iShares MSCI ACWI Low Carbon Target ETF,31/07/20,China — 5.0%,"Ping An Insurance Group Co. of China Ltd., Class H","68,000","7,20,343",,
CRBN,iShares MSCI ACWI Low Carbon Target ETF,31/07/20,China — 5.0%,"Postal Savings Bank of China Co. Ltd., Class H","1,36,000","74,930",,
CRBN,iShares MSCI ACWI Low Carbon Target ETF,31/07/20,China — 5.0%,"Sany Heavy Industry Co. Ltd., Class A","27,200","82,295",,
CRBN,iShares MSCI ACWI Low Carbon Target ETF,31/07/20,China — 5.0%,Semiconductor Manufacturing International Corp.,"34,000","1,30,951",,
CRBN,iShares MSCI ACWI Low Carbon Target ETF,31/07/20,China — 5.0%,"SF Holding Co. Ltd., Class A","13,600","1,38,237",,
CRBN,iShares MSCI ACWI Low Carbon Target ETF,31/07/20,China — 5.0%,"Shanghai International Airport Co. Ltd., Class A","6,800","66,204",,
CRBN,iShares MSCI ACWI Low Carbon Target ETF,31/07/20,China — 5.0%,"Shanghai International Port Group Co. Ltd., Class A","40,999","26,501",,
CRBN,iShares MSCI ACWI Low Carbon Target ETF,31/07/20,China — 5.0%,Shenzhen International Holdings Ltd.,"34,000","55,451",,
CRBN,iShares MSCI ACWI Low Carbon Target ETF,31/07/20,China — 5.0%,Shenzhou International Group Holdings Ltd.,"20,400","2,43,478",,
CRBN,iShares MSCI ACWI Low Carbon Target ETF,31/07/20,China — 5.0%,"Sichuan Chuantou Energy Co. Ltd., Class A","61,200","83,767",,
CRBN,iShares MSCI ACWI Low Carbon Target ETF,31/07/20,China — 5.0%,Sino Biopharmaceutical Ltd.,"2,73,000","3,55,771",,
CRBN,iShares MSCI ACWI Low Carbon Target ETF,31/07/20,China — 5.0%,Sunny Optical Technology Group Co. Ltd.,"6,800","1,28,012",,
CRBN,iShares MSCI ACWI Low Carbon Target ETF,31/07/20,China — 5.0%,"Suofeiya Home Collection Co. Ltd., Class A","6,800","22,377",,
CRBN,iShares MSCI ACWI Low Carbon Target ETF,31/07/20,China — 5.0%,"TAL Education Group, ADR","3,876","3,02,987",,
CRBN,iShares MSCI ACWI Low Carbon Target ETF,31/07/20,China — 5.0%,Tencent Holdings Ltd.,"54,400","37,48,239",,
CRBN,iShares MSCI ACWI Low Carbon Target ETF,31/07/20,China — 5.0%,"Tencent Music Entertainment Group, ADR (a)(b)","5,100","82,314",,
CRBN,iShares MSCI ACWI Low Carbon Target ETF,31/07/20,China — 5.0%,"Tianqi Lithium Corp., Class A","9,050","32,816",,
CRBN,iShares MSCI ACWI Low Carbon Target ETF,31/07/20,China — 5.0%,"Trip.com Group Ltd., ADR","4,964","1,35,021",,
CRBN,iShares MSCI ACWI Low Carbon Target ETF,31/07/20,China — 5.0%,"Vipshop Holdings Ltd., ADR","6,256","1,42,449",,
CRBN,iShares MSCI ACWI Low Carbon Target ETF,31/07/20,China — 5.0%,Want Want China Holdings Ltd.,"68,000","50,275",,
CRBN,iShares MSCI ACWI Low Carbon Target ETF,31/07/20,China — 5.0%,"Wens Foodstuffs Group Co. Ltd., Class A","28,840","98,169",,
CRBN,iShares MSCI ACWI Low Carbon Target ETF,31/07/20,China — 5.0%,"Wuliangye Yibin Co. Ltd., Class A","6,800","2,11,975",,
CRBN,iShares MSCI ACWI Low Carbon Target ETF,31/07/20,China — 5.0%,"Xiaomi Corp., Class B (a)(c)","95,200","1,82,042",,
CRBN,iShares MSCI ACWI Low Carbon Target ETF,31/07/20,China — 5.0%,"Yantai Jereh Oilfield Services Group Co. Ltd., Class A","20,400","91,632",,
CRBN,iShares MSCI ACWI Low Carbon Target ETF,31/07/20,China — 5.0%,"Yintai Gold Co. Ltd., Class A","13,600","36,645",,
CRBN,iShares MSCI ACWI Low Carbon Target ETF,31/07/20,China — 5.0%,Yum China Holdings Inc.,"3,903","1,99,990",,
CRBN,iShares MSCI ACWI Low Carbon Target ETF,31/07/20,China — 5.0%,"Zai Lab Ltd., ADR","1,360","1,03,510",,
CRBN,iShares MSCI ACWI Low Carbon Target ETF,31/07/20,China — 5.0%,"Zhejiang Expressway Co. Ltd., Class H","1,36,000","1,01,076",,
CRBN,iShares MSCI ACWI Low Carbon Target ETF,31/07/20,China — 5.0%,"Zhejiang Semir Garment Co. Ltd., Class A","13,600","14,482",,
CRBN,iShares MSCI ACWI Low Carbon Target ETF,31/07/20,China — 5.0%,"ZTO Express Cayman Inc., ADR","5,100","1,88,955","2,17,47,623",
CRBN,iShares MSCI ACWI Low Carbon Target ETF,31/07/20,Colombia — 0.1%,Ecopetrol SA,"2,57,176","1,43,476",,
CRBN,iShares MSCI ACWI Low Carbon Target ETF,31/07/20,Colombia — 0.1%,Grupo de Inversiones Suramericana SA,"38,828","2,02,037",,
CRBN,iShares MSCI ACWI Low Carbon Target ETF,31/07/20,Colombia — 0.1%,Interconexion Electrica SA ESP,"27,200","1,40,073","4,85,586",
CRBN,iShares MSCI ACWI Low Carbon Target ETF,31/07/20,Denmark — 0.6%,"Ambu A/S, Series B","1,564","54,603",,
CRBN,iShares MSCI ACWI Low Carbon Target ETF,31/07/20,Denmark — 0.6%,"Carlsberg AS, Class B",740,"1,09,027",,
CRBN,iShares MSCI ACWI Low Carbon Target ETF,31/07/20,Denmark — 0.6%,Chr Hansen Holding A/S,"1,360","1,54,814",,
CRBN,iShares MSCI ACWI Low Carbon Target ETF,31/07/20,Denmark — 0.6%,"Coloplast A/S, Class B",748,"1,27,781",,
CRBN,iShares MSCI ACWI Low Carbon Target ETF,31/07/20,Denmark — 0.6%,Danske Bank A/S,"8,432","1,36,012",,
CRBN,iShares MSCI ACWI Low Carbon Target ETF,31/07/20,Denmark — 0.6%,Genmab A/S,612,"2,09,776",,
CRBN,iShares MSCI ACWI Low Carbon Target ETF,31/07/20,Denmark — 0.6%,"Novo Nordisk A/S, Class B","16,252","10,75,700",,
CRBN,iShares MSCI ACWI Low Carbon Target ETF,31/07/20,Denmark — 0.6%,"Novozymes A/S, Class B","3,646","2,18,460",,
CRBN,iShares MSCI ACWI Low Carbon Target ETF,31/07/20,Denmark — 0.6%,Orsted A/S,"1,836","2,62,633",,
CRBN,iShares MSCI ACWI Low Carbon Target ETF,31/07/20,Denmark — 0.6%,Pandora A/S,"1,360","86,389",,
CRBN,iShares MSCI ACWI Low Carbon Target ETF,31/07/20,Denmark — 0.6%,Vestas Wind Systems A/S,"2,108","2,71,689","27,06,884",
CRBN,iShares MSCI ACWI Low Carbon Target ETF,31/07/20,Finland — 0.4%,Elisa OYJ,"2,040","1,21,725",,
CRBN,iShares MSCI ACWI Low Carbon Target ETF,31/07/20,Finland — 0.4%,"Kone OYJ, Class B","3,279","2,60,717",,
CRBN,iShares MSCI ACWI Low Carbon Target ETF,31/07/20,Finland — 0.4%,Neste OYJ,"9,656","4,43,940",,
CRBN,iShares MSCI ACWI Low Carbon Target ETF,31/07/20,Finland — 0.4%,Nokia OYJ,"43,928","2,10,896",,
CRBN,iShares MSCI ACWI Low Carbon Target ETF,31/07/20,Finland — 0.4%,Nordea Bank Abp,"28,424","2,20,105",,
CRBN,iShares MSCI ACWI Low Carbon Target ETF,31/07/20,Finland — 0.4%,"Orion OYJ, Class B","1,292","56,559",,
CRBN,iShares MSCI ACWI Low Carbon Target ETF,31/07/20,Finland — 0.4%,"Sampo OYJ, Class A","3,876","1,40,572",,
CRBN,iShares MSCI ACWI Low Carbon Target ETF,31/07/20,Finland — 0.4%,Wartsila OYJ Abp,"11,152","93,366","15,47,880",
CRBN,iShares MSCI ACWI Low Carbon Target ETF,31/07/20,France — 2.7%,Aeroports de Paris,816,"77,194",,
CRBN,iShares MSCI ACWI Low Carbon Target ETF,31/07/20,France — 2.7%,Airbus SE,"5,712","4,18,843",,
CRBN,iShares MSCI ACWI Low Carbon Target ETF,31/07/20,France — 2.7%,Alstom SA,"2,584","1,44,315",,
CRBN,iShares MSCI ACWI Low Carbon Target ETF,31/07/20,France — 2.7%,Amundi SA (a)(c),"1,088","82,726",,
CRBN,iShares MSCI ACWI Low Carbon Target ETF,31/07/20,France — 2.7%,Atos SE,"2,040","1,74,650",,
CRBN,iShares MSCI ACWI Low Carbon Target ETF,31/07/20,France — 2.7%,AXA SA,"17,408","3,47,145",,
CRBN,iShares MSCI ACWI Low Carbon Target ETF,31/07/20,France — 2.7%,BioMerieux,408,"66,338",,
CRBN,iShares MSCI ACWI Low Carbon Target ETF,31/07/20,France — 2.7%,BNP Paribas SA,"8,636","3,48,385",,
CRBN,iShares MSCI ACWI Low Carbon Target ETF,31/07/20,France — 2.7%,Bureau Veritas SA,"4,488","98,313",,
CRBN,iShares MSCI ACWI Low Carbon Target ETF,31/07/20,France — 2.7%,Capgemini SE,"1,972","2,55,342",,
CRBN,iShares MSCI ACWI Low Carbon Target ETF,31/07/20,France — 2.7%,CNP Assurances,"5,508","66,370",,
CRBN,iShares MSCI ACWI Low Carbon Target ETF,31/07/20,France — 2.7%,Danone SA,"6,392","4,27,360",,
CRBN,iShares MSCI ACWI Low Carbon Target ETF,31/07/20,France — 2.7%,Dassault Aviation SA,68,"56,689",,
CRBN,iShares MSCI ACWI Low Carbon Target ETF,31/07/20,France — 2.7%,Dassault Systemes SE,"1,156","2,10,650",,
CRBN,iShares MSCI ACWI Low Carbon Target ETF,31/07/20,France — 2.7%,Edenred,"1,869","93,111",,
CRBN,iShares MSCI ACWI Low Carbon Target ETF,31/07/20,France — 2.7%,Eiffage SA,340,"29,752",,
CRBN,iShares MSCI ACWI Low Carbon Target ETF,31/07/20,France — 2.7%,EssilorLuxottica SA,"3,027","4,01,612",,
CRBN,iShares MSCI ACWI Low Carbon Target ETF,31/07/20,France — 2.7%,Eurofins Scientific SE,68,"44,370",,
CRBN,iShares MSCI ACWI Low Carbon Target ETF,31/07/20,France — 2.7%,Gecina SA,609,"78,856",,
CRBN,iShares MSCI ACWI Low Carbon Target ETF,31/07/20,France — 2.7%,Getlink SE,"8,908","1,34,094",,
CRBN,iShares MSCI ACWI Low Carbon Target ETF,31/07/20,France — 2.7%,Hermes International,408,"3,31,064",,
CRBN,iShares MSCI ACWI Low Carbon Target ETF,31/07/20,France — 2.7%,ICADE,952,"63,041",,
CRBN,iShares MSCI ACWI Low Carbon Target ETF,31/07/20,France — 2.7%,Iliad SA,340,"66,901",,
CRBN,iShares MSCI ACWI Low Carbon Target ETF,31/07/20,France — 2.7%,Ingenico Group SA,952,"1,53,269",,
CRBN,iShares MSCI ACWI Low Carbon Target ETF,31/07/20,France — 2.7%,Ipsen SA,612,"59,125",,
CRBN,iShares MSCI ACWI Low Carbon Target ETF,31/07/20,France — 2.7%,Kering SA,748,"4,26,113",,
CRBN,iShares MSCI ACWI Low Carbon Target ETF,31/07/20,France — 2.7%,Klepierre SA,"3,604","62,179",,
CRBN,iShares MSCI ACWI Low Carbon Target ETF,31/07/20,France — 2.7%,Legrand SA,"3,468","2,68,528",,
CRBN,iShares MSCI ACWI Low Carbon Target ETF,31/07/20,France — 2.7%,L’Oreal SA,"2,585","8,65,064",,
CRBN,iShares MSCI ACWI Low Carbon Target ETF,31/07/20,France — 2.7%,LVMH Moet Hennessy Louis Vuitton SE,"1,972","8,55,221",,
CRBN,iShares MSCI ACWI Low Carbon Target ETF,31/07/20,France — 2.7%,Natixis SA,"20,876","50,729",,
CRBN,iShares MSCI ACWI Low Carbon Target ETF,31/07/20,France — 2.7%,Orange SA,"10,200","1,19,554",,
CRBN,iShares MSCI ACWI Low Carbon Target ETF,31/07/20,France — 2.7%,Pernod Ricard SA,"2,516","4,34,375",,
CRBN,iShares MSCI ACWI Low Carbon Target ETF,31/07/20,France — 2.7%,Peugeot SA,"4,964","80,066",,
CRBN,iShares MSCI ACWI Low Carbon Target ETF,31/07/20,France — 2.7%,Publicis Groupe SA,"1,496","48,206",,
CRBN,iShares MSCI ACWI Low Carbon Target ETF,31/07/20,France — 2.7%,Remy Cointreau SA,612,"98,349",,
CRBN,iShares MSCI ACWI Low Carbon Target ETF,31/07/20,France — 2.7%,Renault SA,"2,992","70,955",,
CRBN,iShares MSCI ACWI Low Carbon Target ETF,31/07/20,France — 2.7%,Safran SA,"3,060","3,23,634",,
CRBN,iShares MSCI ACWI Low Carbon Target ETF,31/07/20,France — 2.7%,Sanofi,"10,540","11,03,647",,
CRBN,iShares MSCI ACWI Low Carbon Target ETF,31/07/20,France — 2.7%,Sartorius Stedim Biotech,272,"84,913",,
CRBN,iShares MSCI ACWI Low Carbon Target ETF,31/07/20,France — 2.7%,Schneider Electric SE,"5,586","6,48,919",,
CRBN,iShares MSCI ACWI Low Carbon Target ETF,31/07/20,France — 2.7%,SCOR SE,"1,532","39,493",,
CRBN,iShares MSCI ACWI Low Carbon Target ETF,31/07/20,France — 2.7%,Societe Generale SA (a)(b),"10,608","1,62,871",,
CRBN,iShares MSCI ACWI Low Carbon Target ETF,31/07/20,France — 2.7%,Sodexo SA,"1,564","1,07,785",,
CRBN,iShares MSCI ACWI Low Carbon Target ETF,31/07/20,France — 2.7%,STMicroelectronics NV,"7,412","2,08,687",,
CRBN,iShares MSCI ACWI Low Carbon Target ETF,31/07/20,France — 2.7%,Teleperformance,544,"1,59,083",,
CRBN,iShares MSCI ACWI Low Carbon Target ETF,31/07/20,France — 2.7%,Thales SA,"1,292","93,745",,
CRBN,iShares MSCI ACWI Low Carbon Target ETF,31/07/20,France — 2.7%,Ubisoft Entertainment SA,"1,224","1,02,445",,
CRBN,iShares MSCI ACWI Low Carbon Target ETF,31/07/20,France — 2.7%,Unibail-Rodamco-Westfield,"2,084","1,09,712",,
CRBN,iShares MSCI ACWI Low Carbon Target ETF,31/07/20,France — 2.7%,Vinci SA,"6,732","5,79,531",,
CRBN,iShares MSCI ACWI Low Carbon Target ETF,31/07/20,France — 2.7%,Vivendi SA,"9,248","2,44,961",,
CRBN,iShares MSCI ACWI Low Carbon Target ETF,31/07/20,France — 2.7%,Worldline SA (a)(c),"1,156","99,406","1,16,77,686",
CRBN,iShares MSCI ACWI Low Carbon Target ETF,31/07/20,Germany — 2.2%,adidas AG,"1,632","4,51,389",,
CRBN,iShares MSCI ACWI Low Carbon Target ETF,31/07/20,Germany — 2.2%,"Allianz SE, Registered","3,876","8,07,681",,
CRBN,iShares MSCI ACWI Low Carbon Target ETF,31/07/20,Germany — 2.2%,Aroundtown SA,"9,248","55,860",,
CRBN,iShares MSCI ACWI Low Carbon Target ETF,31/07/20,Germany — 2.2%,BASF SE,"2,530","1,40,043",,
CRBN,iShares MSCI ACWI Low Carbon Target ETF,31/07/20,Germany — 2.2%,"Bayer AG, Registered","8,092","5,38,149",,
CRBN,iShares MSCI ACWI Low Carbon Target ETF,31/07/20,Germany — 2.2%,Bayerische Motoren Werke AG,"4,964","3,21,085",,
CRBN,iShares MSCI ACWI Low Carbon Target ETF,31/07/20,Germany — 2.2%,Beiersdorf AG,"1,020","1,22,002",,
CRBN,iShares MSCI ACWI Low Carbon Target ETF,31/07/20,Germany — 2.2%,Continental AG,"1,020","99,580",,
CRBN,iShares MSCI ACWI Low Carbon Target ETF,31/07/20,Germany — 2.2%,"Daimler AG, Registered","11,356","5,02,225",,
CRBN,iShares MSCI ACWI Low Carbon Target ETF,31/07/20,Germany — 2.2%,Delivery Hero SE (a)(c),"1,292","1,49,357",,
CRBN,iShares MSCI ACWI Low Carbon Target ETF,31/07/20,Germany — 2.2%,"Deutsche Bank AG, Registered","20,876","1,87,390",,
CRBN,iShares MSCI ACWI Low Carbon Target ETF,31/07/20,Germany — 2.2%,Deutsche Boerse AG,"1,360","2,48,628",,
CRBN,iShares MSCI ACWI Low Carbon Target ETF,31/07/20,Germany — 2.2%,"Deutsche Post AG, Registered","4,556","1,84,575",,
CRBN,iShares MSCI ACWI Low Carbon Target ETF,31/07/20,Germany — 2.2%,"Deutsche Telekom AG, Registered","23,936","4,00,931",,
CRBN,iShares MSCI ACWI Low Carbon Target ETF,31/07/20,Germany — 2.2%,Deutsche Wohnen SE,"3,536","1,72,270",,
CRBN,iShares MSCI ACWI Low Carbon Target ETF,31/07/20,Germany — 2.2%,Fraport AG Frankfurt Airport Services Worldwide,"1,700","66,378",,
CRBN,iShares MSCI ACWI Low Carbon Target ETF,31/07/20,Germany — 2.2%,Fresenius Medical Care AG & Co. KGaA,"2,176","1,92,006",,
CRBN,iShares MSCI ACWI Low Carbon Target ETF,31/07/20,Germany — 2.2%,Fresenius SE & Co. KGaA,"4,284","2,14,133",,
CRBN,iShares MSCI ACWI Low Carbon Target ETF,31/07/20,Germany — 2.2%,GEA Group AG,"2,312","83,741",,
CRBN,iShares MSCI ACWI Low Carbon Target ETF,31/07/20,Germany — 2.2%,Infineon Technologies AG,"14,552","3,63,599",,
CRBN,iShares MSCI ACWI Low Carbon Target ETF,31/07/20,Germany — 2.2%,KION Group AG,680,"52,427",,
CRBN,iShares MSCI ACWI Low Carbon Target ETF,31/07/20,Germany — 2.2%,Merck KGaA,"1,020","1,30,324",,
CRBN,iShares MSCI ACWI Low Carbon Target ETF,31/07/20,Germany — 2.2%,MTU Aero Engines AG,612,"1,06,274",,
CRBN,iShares MSCI ACWI Low Carbon Target ETF,31/07/20,Germany — 2.2%,"Muenchener Rueckversicherungs-Gesellschaft AG in Muenchen, Registered","1,760","4,67,854",,
CRBN,iShares MSCI ACWI Low Carbon Target ETF,31/07/20,Germany — 2.2%,Puma SE,"1,118","87,043",,
CRBN,iShares MSCI ACWI Low Carbon Target ETF,31/07/20,Germany — 2.2%,SAP SE,"9,588","15,16,772",,
CRBN,iShares MSCI ACWI Low Carbon Target ETF,31/07/20,Germany — 2.2%,"Siemens AG, Registered","7,480","9,58,101",,
CRBN,iShares MSCI ACWI Low Carbon Target ETF,31/07/20,Germany — 2.2%,Siemens Healthineers AG,"1,700","88,360",,
CRBN,iShares MSCI ACWI Low Carbon Target ETF,31/07/20,Germany — 2.2%,Symrise AG,"2,924","3,66,682",,
CRBN,iShares MSCI ACWI Low Carbon Target ETF,31/07/20,Germany — 2.2%,Telefonica Deutschland Holding AG,"32,164","88,429",,
CRBN,iShares MSCI ACWI Low Carbon Target ETF,31/07/20,Germany — 2.2%,"United Internet AG, Registered","1,836","83,521",,
CRBN,iShares MSCI ACWI Low Carbon Target ETF,31/07/20,Germany — 2.2%,Vonovia SE,"4,692","3,06,155",,
CRBN,iShares MSCI ACWI Low Carbon Target ETF,31/07/20,Germany — 2.2%,Zalando SE (a)(c),"1,768","1,28,032","96,80,996",
CRBN,iShares MSCI ACWI Low Carbon Target ETF,31/07/20,Greece — 0.0%,OPAP SA,"5,625","50,751","50,751",
CRBN,iShares MSCI ACWI Low Carbon Target ETF,31/07/20,Hong Kong — 0.8%,AIA Group Ltd.,"1,22,400","11,06,309",,
CRBN,iShares MSCI ACWI Low Carbon Target ETF,31/07/20,Hong Kong — 0.8%,"BeiGene Ltd., ADR",476,"99,484",,
CRBN,iShares MSCI ACWI Low Carbon Target ETF,31/07/20,Hong Kong — 0.8%,BOC Hong Kong Holdings Ltd.,"34,000","94,759",,
CRBN,iShares MSCI ACWI Low Carbon Target ETF,31/07/20,Hong Kong — 0.8%,Budweiser Brewing Co. APAC Ltd.,"27,200","98,619",,
CRBN,iShares MSCI ACWI Low Carbon Target ETF,31/07/20,Hong Kong — 0.8%,CK Asset Holdings Ltd.,"34,000","1,88,860",,
CRBN,iShares MSCI ACWI Low Carbon Target ETF,31/07/20,Hong Kong — 0.8%,Hang Seng Bank Ltd.,"6,800","1,06,955",,
CRBN,iShares MSCI ACWI Low Carbon Target ETF,31/07/20,Hong Kong — 0.8%,Hong Kong & China Gas Co. Ltd.,"1,68,936","2,42,390",,
CRBN,iShares MSCI ACWI Low Carbon Target ETF,31/07/20,Hong Kong — 0.8%,Hong Kong Exchanges & Clearing Ltd.,"10,500","5,01,548",,
CRBN,iShares MSCI ACWI Low Carbon Target ETF,31/07/20,Hong Kong — 0.8%,Hongkong Land Holdings Ltd.,"20,400","77,316",,
CRBN,iShares MSCI ACWI Low Carbon Target ETF,31/07/20,Hong Kong — 0.8%,Jardine Strategic Holdings Ltd.,"6,800","1,37,360",,
CRBN,iShares MSCI ACWI Low Carbon Target ETF,31/07/20,Hong Kong — 0.8%,Link REIT,"27,200","2,11,102",,
CRBN,iShares MSCI ACWI Low Carbon Target ETF,31/07/20,Hong Kong — 0.8%,"Melco Resorts & Entertainment Ltd., ADR","5,848","96,258",,
CRBN,iShares MSCI ACWI Low Carbon Target ETF,31/07/20,Hong Kong — 0.8%,MTR Corp. Ltd.,"34,000","1,68,899",,
CRBN,iShares MSCI ACWI Low Carbon Target ETF,31/07/20,Hong Kong — 0.8%,Power Assets Holdings Ltd.,"34,000","1,89,298",,
CRBN,iShares MSCI ACWI Low Carbon Target ETF,31/07/20,Hong Kong — 0.8%,Swire Properties Ltd.,"27,200","62,822","33,81,979",
CRBN,iShares MSCI ACWI Low Carbon Target ETF,31/07/20,India — 1.0%,Adani Ports & Special Economic Zone Ltd.,"2,720","11,460",,
CRBN,iShares MSCI ACWI Low Carbon Target ETF,31/07/20,India — 1.0%,Asian Paints Ltd.,"6,460","1,48,132",,
CRBN,iShares MSCI ACWI Low Carbon Target ETF,31/07/20,India — 1.0%,Axis Bank Ltd.,"16,116","92,985",,
CRBN,iShares MSCI ACWI Low Carbon Target ETF,31/07/20,India — 1.0%,Bajaj Auto Ltd.,"1,632","65,552",,
CRBN,iShares MSCI ACWI Low Carbon Target ETF,31/07/20,India — 1.0%,Bandhan Bank Ltd.,"8,704","40,150",,
CRBN,iShares MSCI ACWI Low Carbon Target ETF,31/07/20,India — 1.0%,Bharti Airtel Ltd.,"26,860","1,99,208",,
CRBN,iShares MSCI ACWI Low Carbon Target ETF,31/07/20,India — 1.0%,Dabur India Ltd.,"26,150","1,79,507",,
CRBN,iShares MSCI ACWI Low Carbon Target ETF,31/07/20,India — 1.0%,DLF Ltd.,"20,400","38,489",,
CRBN,iShares MSCI ACWI Low Carbon Target ETF,31/07/20,India — 1.0%,Godrej Consumer Products Ltd.,"5,100","47,164",,
CRBN,iShares MSCI ACWI Low Carbon Target ETF,31/07/20,India — 1.0%,HCL Technologies Ltd.,"14,144","1,33,325",,
CRBN,iShares MSCI ACWI Low Carbon Target ETF,31/07/20,India — 1.0%,HDFC Life Insurance Co. Ltd. (a)(c),"5,100","42,750",,
CRBN,iShares MSCI ACWI Low Carbon Target ETF,31/07/20,India — 1.0%,Hero MotoCorp Ltd.,"1,360","48,656",,
CRBN,iShares MSCI ACWI Low Carbon Target ETF,31/07/20,India — 1.0%,Hindustan Unilever Ltd.,"7,004","2,06,892",,
CRBN,iShares MSCI ACWI Low Carbon Target ETF,31/07/20,India — 1.0%,Housing Development Finance Corp. Ltd.,"11,560","2,75,346",,
CRBN,iShares MSCI ACWI Low Carbon Target ETF,31/07/20,India — 1.0%,ICICI Bank Ltd.,"12,351","57,254",,
CRBN,iShares MSCI ACWI Low Carbon Target ETF,31/07/20,India — 1.0%,"ICICI Bank Ltd., ADR, NVS","13,056","1,22,596",,
CRBN,iShares MSCI ACWI Low Carbon Target ETF,31/07/20,India — 1.0%,Infosys Ltd.,"47,921","6,18,769",,
CRBN,iShares MSCI ACWI Low Carbon Target ETF,31/07/20,India — 1.0%,"Infosys Ltd., ADR","1,904","24,466",,
CRBN,iShares MSCI ACWI Low Carbon Target ETF,31/07/20,India — 1.0%,ITC Ltd.,"52,836","1,37,118",,
CRBN,iShares MSCI ACWI Low Carbon Target ETF,31/07/20,India — 1.0%,Lupin Ltd.,"5,100","63,163",,
CRBN,iShares MSCI ACWI Low Carbon Target ETF,31/07/20,India — 1.0%,"Mahindra & Mahindra Ltd., GDR","2,448","19,584",,
CRBN,iShares MSCI ACWI Low Carbon Target ETF,31/07/20,India — 1.0%,Maruti Suzuki India Ltd.,952,"79,694",,
CRBN,iShares MSCI ACWI Low Carbon Target ETF,31/07/20,India — 1.0%,Nestle India Ltd.,675,"1,49,073",,
CRBN,iShares MSCI ACWI Low Carbon Target ETF,31/07/20,India — 1.0%,Petronet LNG Ltd.,"47,396","1,57,021",,
CRBN,iShares MSCI ACWI Low Carbon Target ETF,31/07/20,India — 1.0%,REC Ltd.,68,91,,
CRBN,iShares MSCI ACWI Low Carbon Target ETF,31/07/20,India — 1.0%,Reliance Industries Ltd.,"23,052","6,36,936",,
CRBN,iShares MSCI ACWI Low Carbon Target ETF,31/07/20,India — 1.0%,SBI Life Insurance Co. Ltd. (a)(c),"5,100","62,229",,
CRBN,iShares MSCI ACWI Low Carbon Target ETF,31/07/20,India — 1.0%,Sun Pharmaceutical Industries Ltd.,"7,140","50,745",,
CRBN,iShares MSCI ACWI Low Carbon Target ETF,31/07/20,India — 1.0%,Tata Consultancy Services Ltd.,"8,725","2,66,068",,
CRBN,iShares MSCI ACWI Low Carbon Target ETF,31/07/20,India — 1.0%,Tata Motors Ltd.,"42,775","59,835",,
CRBN,iShares MSCI ACWI Low Carbon Target ETF,31/07/20,India — 1.0%,Tech Mahindra Ltd.,"6,052","55,142",,
CRBN,iShares MSCI ACWI Low Carbon Target ETF,31/07/20,India — 1.0%,Titan Co. Ltd.,"4,148","57,843",,
CRBN,iShares MSCI ACWI Low Carbon Target ETF,31/07/20,India — 1.0%,United Spirits Ltd.,"5,100","39,621",,
CRBN,iShares MSCI ACWI Low Carbon Target ETF,31/07/20,India — 1.0%,Wipro Ltd.,"5,100","19,153",,
CRBN,iShares MSCI ACWI Low Carbon Target ETF,31/07/20,India — 1.0%,"Wipro Ltd., ADR","14,148","61,119",,
CRBN,iShares MSCI ACWI Low Carbon Target ETF,31/07/20,India — 1.0%,Zee Entertainment Enterprises Ltd.,68,126,"42,67,262",
CRBN,iShares MSCI ACWI Low Carbon Target ETF,31/07/20,Indonesia — 0.2%,Astra International Tbk PT,"2,31,200","81,553",,
CRBN,iShares MSCI ACWI Low Carbon Target ETF,31/07/20,Indonesia — 0.2%,Bank Central Asia Tbk PT,"34,000","72,658",,
CRBN,iShares MSCI ACWI Low Carbon Target ETF,31/07/20,Indonesia — 0.2%,Bank Mandiri Persero Tbk PT,"2,24,400","89,145",,
CRBN,iShares MSCI ACWI Low Carbon Target ETF,31/07/20,Indonesia — 0.2%,Bank Rakyat Indonesia Persero Tbk PT,"4,48,800","97,137",,
CRBN,iShares MSCI ACWI Low Carbon Target ETF,31/07/20,Indonesia — 0.2%,Barito Pacific Tbk PT,"6,46,000","42,034",,
CRBN,iShares MSCI ACWI Low Carbon Target ETF,31/07/20,Indonesia — 0.2%,Charoen Pokphand Indonesia Tbk PT,"1,49,600","63,785",,
CRBN,iShares MSCI ACWI Low Carbon Target ETF,31/07/20,Indonesia — 0.2%,Gudang Garam Tbk PT,"20,400","69,828",,
CRBN,iShares MSCI ACWI Low Carbon Target ETF,31/07/20,Indonesia — 0.2%,Hanjaya Mandala Sampoerna Tbk PT,"7,20,800","84,176",,
CRBN,iShares MSCI ACWI Low Carbon Target ETF,31/07/20,Indonesia — 0.2%,Telekomunikasi Indonesia Persero Tbk PT,"6,52,800","1,36,373",,
CRBN,iShares MSCI ACWI Low Carbon Target ETF,31/07/20,Indonesia — 0.2%,Unilever Indonesia Tbk PT,"1,70,000","97,808","8,34,497",
CRBN,iShares MSCI ACWI Low Carbon Target ETF,31/07/20,Ireland — 0.4%,Flutter Entertainment PLC,255,"38,702",,
CRBN,iShares MSCI ACWI Low Carbon Target ETF,31/07/20,Ireland — 0.4%,Flutter Entertainment PLC,848,"1,27,661",,
CRBN,iShares MSCI ACWI Low Carbon Target ETF,31/07/20,Ireland — 0.4%,"Kerry Group PLC, Class A","1,564","2,07,136",,
CRBN,iShares MSCI ACWI Low Carbon Target ETF,31/07/20,Ireland — 0.4%,Linde PLC,"3,876","9,50,047",,
CRBN,iShares MSCI ACWI Low Carbon Target ETF,31/07/20,Ireland — 0.4%,Steris PLC,408,"65,129",,
CRBN,iShares MSCI ACWI Low Carbon Target ETF,31/07/20,Ireland — 0.4%,Trane Technologies PLC,"2,584","2,89,072","16,77,747",
CRBN,iShares MSCI ACWI Low Carbon Target ETF,31/07/20,Israel — 0.3%,Azrieli Group Ltd.,"1,496","71,673",,
CRBN,iShares MSCI ACWI Low Carbon Target ETF,31/07/20,Israel — 0.3%,Bank Hapoalim BM,"14,076","83,780",,
CRBN,iShares MSCI ACWI Low Carbon Target ETF,31/07/20,Israel — 0.3%,Bank Leumi Le-Israel BM,"12,047","60,337",,
CRBN,iShares MSCI ACWI Low Carbon Target ETF,31/07/20,Israel — 0.3%,Check Point Software Technologies Ltd.,"1,360","1,70,476",,
CRBN,iShares MSCI ACWI Low Carbon Target ETF,31/07/20,Israel — 0.3%,Elbit Systems Ltd.,476,"66,876",,
CRBN,iShares MSCI ACWI Low Carbon Target ETF,31/07/20,Israel — 0.3%,Isracard Ltd.,0,0,,
CRBN,iShares MSCI ACWI Low Carbon Target ETF,31/07/20,Israel — 0.3%,"(e) Israel Discount Bank Ltd., Class A","37,468","1,13,761",,
CRBN,iShares MSCI ACWI Low Carbon Target ETF,31/07/20,Israel — 0.3%,Mizrahi Tefahot Bank Ltd.,"4,080","84,208",,
CRBN,iShares MSCI ACWI Low Carbon Target ETF,31/07/20,Israel — 0.3%,Nice Ltd.,"1,088","2,21,358",,
CRBN,iShares MSCI ACWI Low Carbon Target ETF,31/07/20,Israel — 0.3%,"Teva Pharmaceutical Industries Ltd., ADR","14,620","1,68,715",,
CRBN,iShares MSCI ACWI Low Carbon Target ETF,31/07/20,Israel — 0.3%,Wix.com Ltd.,476,"1,38,268","11,79,452",
CRBN,iShares MSCI ACWI Low Carbon Target ETF,31/07/20,Italy — 0.5%,Assicurazioni Generali SpA,"13,600","2,03,598",,
CRBN,iShares MSCI ACWI Low Carbon Target ETF,31/07/20,Italy — 0.5%,Atlantia SpA,"9,724","1,54,657",,
CRBN,iShares MSCI ACWI Low Carbon Target ETF,31/07/20,Italy — 0.5%,CNH Industrial NV,"12,648","86,507",,
CRBN,iShares MSCI ACWI Low Carbon Target ETF,31/07/20,Italy — 0.5%,DiaSorin SpA,204,"40,044",,
CRBN,iShares MSCI ACWI Low Carbon Target ETF,31/07/20,Italy — 0.5%,Ferrari NV,"1,564","2,79,911",,
CRBN,iShares MSCI ACWI Low Carbon Target ETF,31/07/20,Italy — 0.5%,Intesa Sanpaolo SpA,"1,47,288","2,97,340",,
CRBN,iShares MSCI ACWI Low Carbon Target ETF,31/07/20,Italy — 0.5%,Mediobanca Banca di Credito Finanziario SpA,"11,220","89,928",,
CRBN,iShares MSCI ACWI Low Carbon Target ETF,31/07/20,Italy — 0.5%,Moncler SpA,"2,584","99,612",,
CRBN,iShares MSCI ACWI Low Carbon Target ETF,31/07/20,Italy — 0.5%,Nexi SpA (a)(c),"3,740","67,068",,
CRBN,iShares MSCI ACWI Low Carbon Target ETF,31/07/20,Italy — 0.5%,Poste Italiane SpA,"11,492","1,05,344",,
CRBN,iShares MSCI ACWI Low Carbon Target ETF,31/07/20,Italy — 0.5%,Recordati SpA,816,"43,653",,
CRBN,iShares MSCI ACWI Low Carbon Target ETF,31/07/20,Italy — 0.5%,Snam SpA,"66,708","3,54,970",,
CRBN,iShares MSCI ACWI Low Carbon Target ETF,31/07/20,Italy — 0.5%,Terna Rete Elettrica Nazionale SpA,"38,148","2,84,464",,
CRBN,iShares MSCI ACWI Low Carbon Target ETF,31/07/20,Italy — 0.5%,UniCredit SpA,"17,000","1,55,211","22,62,307",
CRBN,iShares MSCI ACWI Low Carbon Target ETF,31/07/20,Japan — 6.5%,Alfresa Holdings Corp.,"21,200","4,33,504",,
CRBN,iShares MSCI ACWI Low Carbon Target ETF,31/07/20,Japan — 6.5%,Amada Co. Ltd.,"6,800","45,599",,
CRBN,iShares MSCI ACWI Low Carbon Target ETF,31/07/20,Japan — 6.5%,Astellas Pharma Inc.,"21,000","3,27,722",,
CRBN,iShares MSCI ACWI Low Carbon Target ETF,31/07/20,Japan — 6.5%,Canon Inc.,"13,600","2,15,583",,
CRBN,iShares MSCI ACWI Low Carbon Target ETF,31/07/20,Japan — 6.5%,Chiba Bank Ltd. (The),"13,600","61,999",,
CRBN,iShares MSCI ACWI Low Carbon Target ETF,31/07/20,Japan — 6.5%,Concordia Financial Group Ltd.,"27,200","80,008",,
CRBN,iShares MSCI ACWI Low Carbon Target ETF,31/07/20,Japan — 6.5%,Dai-ichi Life Holdings Inc.,"13,600","1,58,214",,
CRBN,iShares MSCI ACWI Low Carbon Target ETF,31/07/20,Japan — 6.5%,Daiichi Sankyo Co. Ltd.,"6,800","5,95,426",,
CRBN,iShares MSCI ACWI Low Carbon Target ETF,31/07/20,Japan — 6.5%,Daiwa House Industry Co. Ltd.,"6,800","1,49,982",,
CRBN,iShares MSCI ACWI Low Carbon Target ETF,31/07/20,Japan — 6.5%,Daiwa Securities Group Inc.,"34,000","1,49,210",,
CRBN,iShares MSCI ACWI Low Carbon Target ETF,31/07/20,Japan — 6.5%,Denso Corp.,"6,800","2,48,770",,
CRBN,iShares MSCI ACWI Low Carbon Target ETF,31/07/20,Japan — 6.5%,Dentsu Group Inc.,"6,800","1,51,011",,
CRBN,iShares MSCI ACWI Low Carbon Target ETF,31/07/20,Japan — 6.5%,East Japan Railway Co.,"1,100","63,162",,
CRBN,iShares MSCI ACWI Low Carbon Target ETF,31/07/20,Japan — 6.5%,FANUC Corp.,"2,200","3,68,401",,
CRBN,iShares MSCI ACWI Low Carbon Target ETF,31/07/20,Japan — 6.5%,Hitachi Ltd.,"6,800","2,01,177",,
CRBN,iShares MSCI ACWI Low Carbon Target ETF,31/07/20,Japan — 6.5%,Honda Motor Co. Ltd.,"13,600","3,24,661",,
CRBN,iShares MSCI ACWI Low Carbon Target ETF,31/07/20,Japan — 6.5%,Hoya Corp.,"6,800","6,70,160",,
CRBN,iShares MSCI ACWI Low Carbon Target ETF,31/07/20,Japan — 6.5%,Hulic Co. Ltd.,"6,800","58,269",,
CRBN,iShares MSCI ACWI Low Carbon Target ETF,31/07/20,Japan — 6.5%,Iida Group Holdings Co. Ltd.,"13,600","2,09,409",,
CRBN,iShares MSCI ACWI Low Carbon Target ETF,31/07/20,Japan — 6.5%,Isuzu Motors Ltd.,"13,600","1,10,557",,
CRBN,iShares MSCI ACWI Low Carbon Target ETF,31/07/20,Japan — 6.5%,ITOCHU Corp.,"27,200","5,91,696",,
CRBN,iShares MSCI ACWI Low Carbon Target ETF,31/07/20,Japan — 6.5%,Japan Post Holdings Co. Ltd.,"20,400","1,38,399",,
CRBN,iShares MSCI ACWI Low Carbon Target ETF,31/07/20,Japan — 6.5%,Japan Tobacco Inc.,"13,600","2,33,077",,
CRBN,iShares MSCI ACWI Low Carbon Target ETF,31/07/20,Japan — 6.5%,JGC Holdings Corp.,"6,800","68,431",,
CRBN,iShares MSCI ACWI Low Carbon Target ETF,31/07/20,Japan — 6.5%,Kajima Corp.,"13,600","1,48,696",,
CRBN,iShares MSCI ACWI Low Carbon Target ETF,31/07/20,Japan — 6.5%,Kansai Paint Co. Ltd.,"11,200","2,15,038",,
CRBN,iShares MSCI ACWI Low Carbon Target ETF,31/07/20,Japan — 6.5%,Kao Corp.,"6,800","4,91,108",,
CRBN,iShares MSCI ACWI Low Carbon Target ETF,31/07/20,Japan — 6.5%,KDDI Corp.,"20,400","6,28,805",,
CRBN,iShares MSCI ACWI Low Carbon Target ETF,31/07/20,Japan — 6.5%,Keikyu Corp.,"6,800","88,433",,
CRBN,iShares MSCI ACWI Low Carbon Target ETF,31/07/20,Japan — 6.5%,Keisei Electric Railway Co. Ltd.,"6,800","1,65,096",,
CRBN,iShares MSCI ACWI Low Carbon Target ETF,31/07/20,Japan — 6.5%,Keyence Corp.,"1,800","7,52,823",,
CRBN,iShares MSCI ACWI Low Carbon Target ETF,31/07/20,Japan — 6.5%,Kirin Holdings Co. Ltd.,"13,600","2,61,632",,
CRBN,iShares MSCI ACWI Low Carbon Target ETF,31/07/20,Japan — 6.5%,Koito Manufacturing Co. Ltd.,"6,800","2,65,298",,
CRBN,iShares MSCI ACWI Low Carbon Target ETF,31/07/20,Japan — 6.5%,Komatsu Ltd.,"6,800","1,32,874",,
CRBN,iShares MSCI ACWI Low Carbon Target ETF,31/07/20,Japan — 6.5%,Kubota Corp.,"13,600","1,93,394",,
CRBN,iShares MSCI ACWI Low Carbon Target ETF,31/07/20,Japan — 6.5%,Kyocera Corp.,"6,800","3,75,855",,
CRBN,iShares MSCI ACWI Low Carbon Target ETF,31/07/20,Japan — 6.5%,M3 Inc.,"6,800","3,46,013",,
CRBN,iShares MSCI ACWI Low Carbon Target ETF,31/07/20,Japan — 6.5%,Marubeni Corp.,"40,800","1,87,156",,
CRBN,iShares MSCI ACWI Low Carbon Target ETF,31/07/20,Japan — 6.5%,Mebuki Financial Group Inc.,"27,200","60,199",,
CRBN,iShares MSCI ACWI Low Carbon Target ETF,31/07/20,Japan — 6.5%,Medipal Holdings Corp.,"13,600","2,50,056",,
CRBN,iShares MSCI ACWI Low Carbon Target ETF,31/07/20,Japan — 6.5%,Mitsubishi Corp.,"20,400","4,08,945",,
CRBN,iShares MSCI ACWI Low Carbon Target ETF,31/07/20,Japan — 6.5%,Mitsubishi Electric Corp.,"27,200","3,52,574",,
CRBN,iShares MSCI ACWI Low Carbon Target ETF,31/07/20,Japan — 6.5%,Mitsubishi Estate Co. Ltd.,"13,600","1,95,388",,
CRBN,iShares MSCI ACWI Low Carbon Target ETF,31/07/20,Japan — 6.5%,Mitsubishi Heavy Industries Ltd.,"6,800","1,57,346",,
CRBN,iShares MSCI ACWI Low Carbon Target ETF,31/07/20,Japan — 6.5%,Mitsubishi Motors Corp.,"20,400","39,747",,
CRBN,iShares MSCI ACWI Low Carbon Target ETF,31/07/20,Japan — 6.5%,Mitsubishi UFJ Financial Group Inc.,"1,22,400","4,55,194",,
CRBN,iShares MSCI ACWI Low Carbon Target ETF,31/07/20,Japan — 6.5%,Mitsubishi UFJ Lease & Finance Co. Ltd.,"20,400","85,860",,
CRBN,iShares MSCI ACWI Low Carbon Target ETF,31/07/20,Japan — 6.5%,Mitsui & Co. Ltd.,"61,200","9,11,083",,
CRBN,iShares MSCI ACWI Low Carbon Target ETF,31/07/20,Japan — 6.5%,Mitsui Fudosan Co. Ltd.,"6,800","1,05,991",,
CRBN,iShares MSCI ACWI Low Carbon Target ETF,31/07/20,Japan — 6.5%,Mizuho Financial Group Inc.,"3,19,600","3,85,708",,
CRBN,iShares MSCI ACWI Low Carbon Target ETF,31/07/20,Japan — 6.5%,MS&AD Insurance Group Holdings Inc.,"6,800","1,69,534",,
CRBN,iShares MSCI ACWI Low Carbon Target ETF,31/07/20,Japan — 6.5%,Murata Manufacturing Co. Ltd.,"6,800","4,25,056",,
CRBN,iShares MSCI ACWI Low Carbon Target ETF,31/07/20,Japan — 6.5%,Nexon Co. Ltd.,"6,800","1,75,579",,
CRBN,iShares MSCI ACWI Low Carbon Target ETF,31/07/20,Japan — 6.5%,Nikon Corp.,"6,800","47,207",,
CRBN,iShares MSCI ACWI Low Carbon Target ETF,31/07/20,Japan — 6.5%,Nippon Paint Holdings Co. Ltd.,"6,800","4,61,780",,
CRBN,iShares MSCI ACWI Low Carbon Target ETF,31/07/20,Japan — 6.5%,Nippon Telegraph & Telephone Corp.,"13,600","3,14,306",,
CRBN,iShares MSCI ACWI Low Carbon Target ETF,31/07/20,Japan — 6.5%,Nomura Holdings Inc.,"61,200","2,83,454",,
CRBN,iShares MSCI ACWI Low Carbon Target ETF,31/07/20,Japan — 6.5%,NTT Data Corp.,"13,600","1,53,198",,
CRBN,iShares MSCI ACWI Low Carbon Target ETF,31/07/20,Japan — 6.5%,NTT Docomo Inc.,"13,600","3,73,990",,
CRBN,iShares MSCI ACWI Low Carbon Target ETF,31/07/20,Japan — 6.5%,Obayashi Corp.,"20,400","1,80,982",,
CRBN,iShares MSCI ACWI Low Carbon Target ETF,31/07/20,Japan — 6.5%,Olympus Corp.,"13,600","2,42,274",,
CRBN,iShares MSCI ACWI Low Carbon Target ETF,31/07/20,Japan — 6.5%,Omron Corp.,"6,800","4,84,290",,
CRBN,iShares MSCI ACWI Low Carbon Target ETF,31/07/20,Japan — 6.5%,ORIX Corp.,"20,400","2,19,185",,
CRBN,iShares MSCI ACWI Low Carbon Target ETF,31/07/20,Japan — 6.5%,Otsuka Holdings Co. Ltd.,"6,800","2,81,056",,
CRBN,iShares MSCI ACWI Low Carbon Target ETF,31/07/20,Japan — 6.5%,Panasonic Corp.,"20,400","1,73,650",,
CRBN,iShares MSCI ACWI Low Carbon Target ETF,31/07/20,Japan — 6.5%,Rakuten Inc.,"20,400","1,86,191",,
CRBN,iShares MSCI ACWI Low Carbon Target ETF,31/07/20,Japan — 6.5%,Recruit Holdings Co. Ltd.,"13,600","4,20,361",,
CRBN,iShares MSCI ACWI Low Carbon Target ETF,31/07/20,Japan — 6.5%,Resona Holdings Inc.,"54,400","1,76,891",,
CRBN,iShares MSCI ACWI Low Carbon Target ETF,31/07/20,Japan — 6.5%,Ricoh Co. Ltd.,"13,600","86,825",,
CRBN,iShares MSCI ACWI Low Carbon Target ETF,31/07/20,Japan — 6.5%,Santen Pharmaceutical Co. Ltd.,"6,800","1,14,480",,
CRBN,iShares MSCI ACWI Low Carbon Target ETF,31/07/20,Japan — 6.5%,SBI Holdings Inc.,"6,800","1,41,943",,
CRBN,iShares MSCI ACWI Low Carbon Target ETF,31/07/20,Japan — 6.5%,Sega Sammy Holdings Inc.,"6,800","76,470",,
CRBN,iShares MSCI ACWI Low Carbon Target ETF,31/07/20,Japan — 6.5%,Sekisui House Ltd.,"6,800","1,23,356",,
CRBN,iShares MSCI ACWI Low Carbon Target ETF,31/07/20,Japan — 6.5%,Seven & i Holdings Co. Ltd.,"6,800","2,06,193",,
CRBN,iShares MSCI ACWI Low Carbon Target ETF,31/07/20,Japan — 6.5%,Shimizu Corp.,"20,400","1,45,866",,
CRBN,iShares MSCI ACWI Low Carbon Target ETF,31/07/20,Japan — 6.5%,Shin-Etsu Chemical Co. Ltd.,"6,800","7,89,464",,
CRBN,iShares MSCI ACWI Low Carbon Target ETF,31/07/20,Japan — 6.5%,Shinsei Bank Ltd.,"6,800","76,406",,
CRBN,iShares MSCI ACWI Low Carbon Target ETF,31/07/20,Japan — 6.5%,Shiseido Co. Ltd.,"6,800","3,76,241",,
CRBN,iShares MSCI ACWI Low Carbon Target ETF,31/07/20,Japan — 6.5%,Shizuoka Bank Ltd. (The),"13,600","87,983",,
CRBN,iShares MSCI ACWI Low Carbon Target ETF,31/07/20,Japan — 6.5%,SMC Corp.,600,"3,12,513",,
CRBN,iShares MSCI ACWI Low Carbon Target ETF,31/07/20,Japan — 6.5%,Softbank Corp.,"13,600","1,81,946",,
CRBN,iShares MSCI ACWI Low Carbon Target ETF,31/07/20,Japan — 6.5%,SoftBank Group Corp.,"13,600","8,48,312",,
CRBN,iShares MSCI ACWI Low Carbon Target ETF,31/07/20,Japan — 6.5%,Sompo Holdings Inc.,"6,800","2,22,208",,
CRBN,iShares MSCI ACWI Low Carbon Target ETF,31/07/20,Japan — 6.5%,Sony Corp.,"13,600","10,38,812",,
CRBN,iShares MSCI ACWI Low Carbon Target ETF,31/07/20,Japan — 6.5%,Subaru Corp.,"6,800","1,28,276",,
CRBN,iShares MSCI ACWI Low Carbon Target ETF,31/07/20,Japan — 6.5%,Sumitomo Corp.,"27,200","3,00,993",,
CRBN,iShares MSCI ACWI Low Carbon Target ETF,31/07/20,Japan — 6.5%,Sumitomo Mitsui Financial Group Inc.,"13,600","3,60,163",,
CRBN,iShares MSCI ACWI Low Carbon Target ETF,31/07/20,Japan — 6.5%,Sumitomo Mitsui Trust Holdings Inc.,"6,800","1,74,293",,
CRBN,iShares MSCI ACWI Low Carbon Target ETF,31/07/20,Japan — 6.5%,T&D Holdings Inc.,"6,800","55,504",,
CRBN,iShares MSCI ACWI Low Carbon Target ETF,31/07/20,Japan — 6.5%,Taisei Corp.,"6,800","2,32,819",,
CRBN,iShares MSCI ACWI Low Carbon Target ETF,31/07/20,Japan — 6.5%,Takeda Pharmaceutical Co. Ltd.,"16,375","5,81,713",,
CRBN,iShares MSCI ACWI Low Carbon Target ETF,31/07/20,Japan — 6.5%,Terumo Corp.,"13,600","5,11,302",,
CRBN,iShares MSCI ACWI Low Carbon Target ETF,31/07/20,Japan — 6.5%,Tokio Marine Holdings Inc.,"6,800","2,85,300",,
CRBN,iShares MSCI ACWI Low Carbon Target ETF,31/07/20,Japan — 6.5%,Toshiba Corp.,"6,800","2,05,807",,
CRBN,iShares MSCI ACWI Low Carbon Target ETF,31/07/20,Japan — 6.5%,Toyota Industries Corp.,"6,800","3,43,441",,
CRBN,iShares MSCI ACWI Low Carbon Target ETF,31/07/20,Japan — 6.5%,Toyota Motor Corp.,"20,400","11,99,535",,
CRBN,iShares MSCI ACWI Low Carbon Target ETF,31/07/20,Japan — 6.5%,Toyota Tsusho Corp.,"6,800","1,70,949",,
CRBN,iShares MSCI ACWI Low Carbon Target ETF,31/07/20,Japan — 6.5%,Unicharm Corp.,"6,800","3,06,010",,
CRBN,iShares MSCI ACWI Low Carbon Target ETF,31/07/20,Japan — 6.5%,Yokogawa Electric Corp.,"6,800","1,03,097",,
CRBN,iShares MSCI ACWI Low Carbon Target ETF,31/07/20,Japan — 6.5%,Z Holdings Corp.,"40,800","2,14,940","2,80,86,883",
CRBN,iShares MSCI ACWI Low Carbon Target ETF,31/07/20,Malaysia — 0.2%,AMMB Holdings Bhd,"68,000","46,509",,
CRBN,iShares MSCI ACWI Low Carbon Target ETF,31/07/20,Malaysia — 0.2%,CIMB Group Holdings Bhd,"61,200","51,818",,
CRBN,iShares MSCI ACWI Low Carbon Target ETF,31/07/20,Malaysia — 0.2%,Dialog Group Bhd,"2,51,600","2,24,897",,
CRBN,iShares MSCI ACWI Low Carbon Target ETF,31/07/20,Malaysia — 0.2%,IHH Healthcare Bhd,"47,600","60,623",,
CRBN,iShares MSCI ACWI Low Carbon Target ETF,31/07/20,Malaysia — 0.2%,Malayan Banking Bhd,"47,600","86,107",,
CRBN,iShares MSCI ACWI Low Carbon Target ETF,31/07/20,Malaysia — 0.2%,Petronas Dagangan Bhd,"27,200","1,37,925",,
CRBN,iShares MSCI ACWI Low Carbon Target ETF,31/07/20,Malaysia — 0.2%,PPB Group Bhd,"49,420","2,29,616",,
CRBN,iShares MSCI ACWI Low Carbon Target ETF,31/07/20,Malaysia — 0.2%,Public Bank Bhd,"20,400","81,792","9,19,287",
CRBN,iShares MSCI ACWI Low Carbon Target ETF,31/07/20,Mexico — 0.2%,"America Movil SAB de CV, Series L, NVS","2,10,801","1,32,890",,
CRBN,iShares MSCI ACWI Low Carbon Target ETF,31/07/20,Mexico — 0.2%,Coca-Cola Femsa SAB de CV,"13,600","56,332",,
CRBN,iShares MSCI ACWI Low Carbon Target ETF,31/07/20,Mexico — 0.2%,Fibra Uno Administracion SA de CV,"81,600","66,002",,
CRBN,iShares MSCI ACWI Low Carbon Target ETF,31/07/20,Mexico — 0.2%,Fomento Economico Mexicano SAB de CV,"13,600","83,689",,
CRBN,iShares MSCI ACWI Low Carbon Target ETF,31/07/20,Mexico — 0.2%,"Grupo Aeroportuario del Pacifico SAB de CV, Series B, Class B","6,800","45,267",,
CRBN,iShares MSCI ACWI Low Carbon Target ETF,31/07/20,Mexico — 0.2%,"Grupo Aeroportuario del Sureste SAB de CV, Class B","5,440","54,224",,
CRBN,iShares MSCI ACWI Low Carbon Target ETF,31/07/20,Mexico — 0.2%,"Grupo Financiero Banorte SAB de CV, Class O","27,401","98,654",,
CRBN,iShares MSCI ACWI Low Carbon Target ETF,31/07/20,Mexico — 0.2%,Promotora y Operadora de Infraestructura SAB de CV,"5,465","40,234",,
CRBN,iShares MSCI ACWI Low Carbon Target ETF,31/07/20,Mexico — 0.2%,Wal-Mart de Mexico SAB de CV,"54,400","1,28,033","7,05,325",
CRBN,iShares MSCI ACWI Low Carbon Target ETF,31/07/20,Netherlands — 1.3%,Adyen NV (a)(c),68,"1,13,941",,
CRBN,iShares MSCI ACWI Low Carbon Target ETF,31/07/20,Netherlands — 1.3%,Aegon NV,"28,084","83,222",,
CRBN,iShares MSCI ACWI Low Carbon Target ETF,31/07/20,Netherlands — 1.3%,AerCap Holdings NV,"3,128","84,237",,
CRBN,iShares MSCI ACWI Low Carbon Target ETF,31/07/20,Netherlands — 1.3%,Akzo Nobel NV,"1,700","1,60,297",,
CRBN,iShares MSCI ACWI Low Carbon Target ETF,31/07/20,Netherlands — 1.3%,ASML Holding NV,"4,012","14,21,834",,
CRBN,iShares MSCI ACWI Low Carbon Target ETF,31/07/20,Netherlands — 1.3%,Davide Campari-Milano NV,"16,320","1,64,287",,
CRBN,iShares MSCI ACWI Low Carbon Target ETF,31/07/20,Netherlands — 1.3%,Heineken NV,"2,380","2,31,452",,
CRBN,iShares MSCI ACWI Low Carbon Target ETF,31/07/20,Netherlands — 1.3%,ING Groep NV,"24,208","1,68,779",,
CRBN,iShares MSCI ACWI Low Carbon Target ETF,31/07/20,Netherlands — 1.3%,Just Eat Takeaway.com NV (a)(c),952,"1,03,298",,
CRBN,iShares MSCI ACWI Low Carbon Target ETF,31/07/20,Netherlands — 1.3%,Koninklijke Ahold Delhaize NV,"5,304","1,53,475",,
CRBN,iShares MSCI ACWI Low Carbon Target ETF,31/07/20,Netherlands — 1.3%,Koninklijke DSM NV,"2,040","3,12,634",,
CRBN,iShares MSCI ACWI Low Carbon Target ETF,31/07/20,Netherlands — 1.3%,Koninklijke Philips NV,"7,701","3,99,681",,
CRBN,iShares MSCI ACWI Low Carbon Target ETF,31/07/20,Netherlands — 1.3%,Koninklijke Vopak NV,"2,244","1,22,991",,
CRBN,iShares MSCI ACWI Low Carbon Target ETF,31/07/20,Netherlands — 1.3%,NN Group NV,"1,156","42,376",,
CRBN,iShares MSCI ACWI Low Carbon Target ETF,31/07/20,Netherlands — 1.3%,NXP Semiconductors NV,"2,991","3,51,532",,
CRBN,iShares MSCI ACWI Low Carbon Target ETF,31/07/20,Netherlands — 1.3%,Prosus NV,"4,080","3,96,100",,
CRBN,iShares MSCI ACWI Low Carbon Target ETF,31/07/20,Netherlands — 1.3%,QIAGEN NV,"2,652","1,32,245",,
CRBN,iShares MSCI ACWI Low Carbon Target ETF,31/07/20,Netherlands — 1.3%,Randstad NV,"1,836","88,276",,
CRBN,iShares MSCI ACWI Low Carbon Target ETF,31/07/20,Netherlands — 1.3%,Unilever NV,"13,328","7,89,279",,
CRBN,iShares MSCI ACWI Low Carbon Target ETF,31/07/20,Netherlands — 1.3%,Wolters Kluwer NV,"2,448","1,93,544","55,13,480",
CRBN,iShares MSCI ACWI Low Carbon Target ETF,31/07/20,New Zealand — 0.1%,a2 Milk Co. Ltd.,"5,100","70,801",,
CRBN,iShares MSCI ACWI Low Carbon Target ETF,31/07/20,New Zealand — 0.1%,Fisher & Paykel Healthcare Corp. Ltd.,"3,536","84,798",,
CRBN,iShares MSCI ACWI Low Carbon Target ETF,31/07/20,New Zealand — 0.1%,Meridian Energy Ltd.,"70,448","2,28,075","3,83,674",
CRBN,iShares MSCI ACWI Low Carbon Target ETF,31/07/20,Norway — 0.3%,DNB ASA,"22,100","3,37,263",,
CRBN,iShares MSCI ACWI Low Carbon Target ETF,31/07/20,Norway — 0.3%,Gjensidige Forsikring ASA,"8,908","1,82,892",,
CRBN,iShares MSCI ACWI Low Carbon Target ETF,31/07/20,Norway — 0.3%,Mowi ASA,"14,136","2,55,041",,
CRBN,iShares MSCI ACWI Low Carbon Target ETF,31/07/20,Norway — 0.3%,Orkla ASA,"22,486","2,21,669",,
CRBN,iShares MSCI ACWI Low Carbon Target ETF,31/07/20,Norway — 0.3%,"Schibsted ASA, Class B","4,420","1,45,664",,
CRBN,iShares MSCI ACWI Low Carbon Target ETF,31/07/20,Norway — 0.3%,Telenor ASA,"8,976","1,39,254","12,81,783",
CRBN,iShares MSCI ACWI Low Carbon Target ETF,31/07/20,Peru — 0.1%,Credicorp Ltd.,272,"34,590",,
CRBN,iShares MSCI ACWI Low Carbon Target ETF,31/07/20,Peru — 0.1%,Southern Copper Corp,"6,800","2,97,228","3,31,818",
CRBN,iShares MSCI ACWI Low Carbon Target ETF,31/07/20,Philippines — 0.0%,Ayala Land Inc.,"1,42,800","96,761",,
CRBN,iShares MSCI ACWI Low Carbon Target ETF,31/07/20,Philippines — 0.0%,BDO Unibank Inc.,"32,660","58,483",,
CRBN,iShares MSCI ACWI Low Carbon Target ETF,31/07/20,Philippines — 0.0%,International Container Terminal Services Inc.,"32,090","63,012",,
CRBN,iShares MSCI ACWI Low Carbon Target ETF,31/07/20,Philippines — 0.0%,Jollibee Foods Corp.,"4,650","12,774",,
CRBN,iShares MSCI ACWI Low Carbon Target ETF,31/07/20,Philippines — 0.0%,SM Prime Holdings Inc.,"1,800","1,099","2,32,129",
CRBN,iShares MSCI ACWI Low Carbon Target ETF,31/07/20,Poland — 0.1%,Bank Polska Kasa Opieki SA,"4,080","55,302",,
CRBN,iShares MSCI ACWI Low Carbon Target ETF,31/07/20,Poland — 0.1%,CD Projekt SA,"1,564","1,68,485",,
CRBN,iShares MSCI ACWI Low Carbon Target ETF,31/07/20,Poland — 0.1%,Powszechna Kasa Oszczednosci Bank Polski SA,"51,470","2,99,994",,
CRBN,iShares MSCI ACWI Low Carbon Target ETF,31/07/20,Poland — 0.1%,Powszechny Zaklad Ubezpieczen SA,"9,656","69,917","5,93,698",
CRBN,iShares MSCI ACWI Low Carbon Target ETF,31/07/20,Portugal — 0.0%,Galp Energia SGPS SA,"8,840","93,034","93,034",
CRBN,iShares MSCI ACWI Low Carbon Target ETF,31/07/20,Qatar — 0.1% ,Barwa Real Estate Co.,"2,40,040","2,07,377",,
CRBN,iShares MSCI ACWI Low Carbon Target ETF,31/07/20,Qatar — 0.1%,Industries Qatar QSC,"33,660","71,850",,
CRBN,iShares MSCI ACWI Low Carbon Target ETF,31/07/20,Qatar — 0.1%,Mesaieed Petrochemical Holding Co.,"3,45,181","1,96,452",,
CRBN,iShares MSCI ACWI Low Carbon Target ETF,31/07/20,Qatar — 0.1%,Qatar National Bank QPSC,"8,364","41,095","5,16,774",
CRBN,iShares MSCI ACWI Low Carbon Target ETF,31/07/20,Russia — 0.3%,Alrosa PJSC,"84,910","78,157",,
CRBN,iShares MSCI ACWI Low Carbon Target ETF,31/07/20,Russia — 0.3%,"Magnit PJSC, GDR","9,108","1,35,072",,
CRBN,iShares MSCI ACWI Low Carbon Target ETF,31/07/20,Russia — 0.3%,"Mobile TeleSystems PJSC, ADR","18,215","1,61,385",,
CRBN,iShares MSCI ACWI Low Carbon Target ETF,31/07/20,Russia — 0.3%,Moscow Exchange MICEX-RTS PJSC,"1,17,110","2,09,910",,
CRBN,iShares MSCI ACWI Low Carbon Target ETF,31/07/20,Russia — 0.3%,Polymetal International PLC,"6,363","1,59,185",,
CRBN,iShares MSCI ACWI Low Carbon Target ETF,31/07/20,Russia — 0.3%,Polyus PJSC,328,"74,948",,
CRBN,iShares MSCI ACWI Low Carbon Target ETF,31/07/20,Russia — 0.3%,Sberbank of Russia PJSC,"1,51,780","4,52,257",,
CRBN,iShares MSCI ACWI Low Carbon Target ETF,31/07/20,Russia — 0.3%,Surgutneftegas PJSC,"1,63,200","81,696",,
CRBN,iShares MSCI ACWI Low Carbon Target ETF,31/07/20,Russia — 0.3%,VTB Bank PJSC,"4,90,000",254,,
CRBN,iShares MSCI ACWI Low Carbon Target ETF,31/07/20,Russia — 0.3%,"X5 Retail Group NV, GDR","2,720","1,01,891","14,54,755",
CRBN,iShares MSCI ACWI Low Carbon Target ETF,31/07/20,Saudi Arabia — 0.4%,Abdullah Al Othaim Markets Co.,"2,244","70,843",,
CRBN,iShares MSCI ACWI Low Carbon Target ETF,31/07/20,Saudi Arabia — 0.4%,Al Rajhi Bank,"9,996","1,56,987",,
CRBN,iShares MSCI ACWI Low Carbon Target ETF,31/07/20,Saudi Arabia — 0.4%,Alinma Bank,68,266,,
CRBN,iShares MSCI ACWI Low Carbon Target ETF,31/07/20,Saudi Arabia — 0.4%,Almarai Co. JSC,"6,596","94,269",,
CRBN,iShares MSCI ACWI Low Carbon Target ETF,31/07/20,Saudi Arabia — 0.4%,Arab National Bank,"15,640","80,902",,
CRBN,iShares MSCI ACWI Low Carbon Target ETF,31/07/20,Saudi Arabia — 0.4%,Bank AlBilad,"12,648","79,320",,
CRBN,iShares MSCI ACWI Low Carbon Target ETF,31/07/20,Saudi Arabia — 0.4%,Bank Al-Jazira,"5,100","16,291",,
CRBN,iShares MSCI ACWI Low Carbon Target ETF,31/07/20,Saudi Arabia — 0.4%,Banque Saudi Fransi,"10,200","81,999",,
CRBN,iShares MSCI ACWI Low Carbon Target ETF,31/07/20,Saudi Arabia — 0.4%,Dar Al Arkan Real Estate Development Co.,"25,364","49,099",,
CRBN,iShares MSCI ACWI Low Carbon Target ETF,31/07/20,Saudi Arabia — 0.4%,Emaar Economic City,"44,948","85,093",,
CRBN,iShares MSCI ACWI Low Carbon Target ETF,31/07/20,Saudi Arabia — 0.4%,Etihad Etisalat Co.,"8,432","61,491",,
CRBN,iShares MSCI ACWI Low Carbon Target ETF,31/07/20,Saudi Arabia — 0.4%,National Commercial Bank,"18,020","1,74,415",,
CRBN,iShares MSCI ACWI Low Carbon Target ETF,31/07/20,Saudi Arabia — 0.4%,Riyad Bank,"18,836","85,079",,
CRBN,iShares MSCI ACWI Low Carbon Target ETF,31/07/20,Saudi Arabia — 0.4%,Samba Financial Group,"22,100","1,52,032",,
CRBN,iShares MSCI ACWI Low Carbon Target ETF,31/07/20,Saudi Arabia — 0.4%,Saudi Arabian Fertilizer Co.,"4,964","1,03,240",,
CRBN,iShares MSCI ACWI Low Carbon Target ETF,31/07/20,Saudi Arabia — 0.4%,Saudi Arabian Mining Co.,"5,100","49,159",,
CRBN,iShares MSCI ACWI Low Carbon Target ETF,31/07/20,Saudi Arabia — 0.4%,Saudi British Bank (The),"15,300","98,889",,
CRBN,iShares MSCI ACWI Low Carbon Target ETF,31/07/20,Saudi Arabia — 0.4%,Saudi Telecom Co.,"6,052","1,56,851",,
CRBN,iShares MSCI ACWI Low Carbon Target ETF,31/07/20,Saudi Arabia — 0.4%,Yanbu National Petrochemical Co.,"8,908","1,23,036","17,19,261",
CRBN,iShares MSCI ACWI Low Carbon Target ETF,31/07/20,Singapore — 0.3%,Ascendas REIT,"38,800","1,00,162",,
CRBN,iShares MSCI ACWI Low Carbon Target ETF,31/07/20,Singapore — 0.3%,City Developments Ltd.,"20,400","1,21,689",,
CRBN,iShares MSCI ACWI Low Carbon Target ETF,31/07/20,Singapore — 0.3%,DBS Group Holdings Ltd.,"13,600","1,96,071",,
CRBN,iShares MSCI ACWI Low Carbon Target ETF,31/07/20,Singapore — 0.3%,Genting Singapore Ltd.,"1,42,800","76,539",,
CRBN,iShares MSCI ACWI Low Carbon Target ETF,31/07/20,Singapore — 0.3%,Oversea-Chinese Banking Corp. Ltd.,"31,100","1,94,134",,
CRBN,iShares MSCI ACWI Low Carbon Target ETF,31/07/20,Singapore — 0.3%,Singapore Technologies Engineering Ltd.,"40,800","97,291",,
CRBN,iShares MSCI ACWI Low Carbon Target ETF,31/07/20,Singapore — 0.3%,Singapore Telecommunications Ltd.,"81,600","1,47,574",,
CRBN,iShares MSCI ACWI Low Carbon Target ETF,31/07/20,Singapore — 0.3%,United Overseas Bank Ltd.,"5,100","72,113",,
CRBN,iShares MSCI ACWI Low Carbon Target ETF,31/07/20,Singapore — 0.3%,UOL Group Ltd.,"20,400","98,482",,
CRBN,iShares MSCI ACWI Low Carbon Target ETF,31/07/20,Singapore — 0.3%,Yangzijiang Shipbuilding Holdings Ltd.,"68,000","45,373","11,49,428",
CRBN,iShares MSCI ACWI Low Carbon Target ETF,31/07/20,South Africa — 0.5%,Anglo American Platinum Ltd.,816,"62,492",,
CRBN,iShares MSCI ACWI Low Carbon Target ETF,31/07/20,South Africa — 0.5%,Bidvest Group Ltd. (The),"5,100","39,509",,
CRBN,iShares MSCI ACWI Low Carbon Target ETF,31/07/20,South Africa — 0.5%,Clicks Group Ltd.,"3,536","47,400",,
CRBN,iShares MSCI ACWI Low Carbon Target ETF,31/07/20,South Africa — 0.5%,Discovery Ltd.,"10,200","66,386",,
CRBN,iShares MSCI ACWI Low Carbon Target ETF,31/07/20,South Africa — 0.5%,FirstRand Ltd.,"73,290","1,67,077",,
CRBN,iShares MSCI ACWI Low Carbon Target ETF,31/07/20,South Africa — 0.5%,Gold Fields Ltd.,"6,800","88,866",,
CRBN,iShares MSCI ACWI Low Carbon Target ETF,31/07/20,South Africa — 0.5%,Growthpoint Properties Ltd.,"88,672","69,204",,
CRBN,iShares MSCI ACWI Low Carbon Target ETF,31/07/20,South Africa — 0.5%,Kumba Iron Ore Ltd.,"3,672","1,18,600",,
CRBN,iShares MSCI ACWI Low Carbon Target ETF,31/07/20,South Africa — 0.5%,MTN Group Ltd.,"16,660","57,859",,
CRBN,iShares MSCI ACWI Low Carbon Target ETF,31/07/20,South Africa — 0.5%,"Naspers Ltd., Class N","4,080","7,54,098",,
CRBN,iShares MSCI ACWI Low Carbon Target ETF,31/07/20,South Africa — 0.5%,Nedbank Group Ltd.,"6,345","39,116",,
CRBN,iShares MSCI ACWI Low Carbon Target ETF,31/07/20,South Africa — 0.5%,NEPI Rockcastle PLC,"11,832","61,833",,
CRBN,iShares MSCI ACWI Low Carbon Target ETF,31/07/20,South Africa — 0.5%,Old Mutual Ltd.,"83,776","56,429",,
CRBN,iShares MSCI ACWI Low Carbon Target ETF,31/07/20,South Africa — 0.5%,Rand Merchant Investment Holdings Ltd.,"30,600","57,161",,
CRBN,iShares MSCI ACWI Low Carbon Target ETF,31/07/20,South Africa — 0.5%,Reinet Investments SCA,"4,216","80,194",,
CRBN,iShares MSCI ACWI Low Carbon Target ETF,31/07/20,South Africa — 0.5%,Sanlam Ltd.,"32,912","1,17,529",,
CRBN,iShares MSCI ACWI Low Carbon Target ETF,31/07/20,South Africa — 0.5%,Standard Bank Group Ltd.,"14,348","91,512","19,75,265",
CRBN,iShares MSCI ACWI Low Carbon Target ETF,31/07/20,South Korea — 1.4%,Amorepacific Corp.,612,"85,271",,
CRBN,iShares MSCI ACWI Low Carbon Target ETF,31/07/20,South Korea — 1.4%,BNK Financial Group Inc.,"22,848","98,572",,
CRBN,iShares MSCI ACWI Low Carbon Target ETF,31/07/20,South Korea — 1.4%,Celltrion Healthcare Co. Ltd.,"1,156","91,692",,
CRBN,iShares MSCI ACWI Low Carbon Target ETF,31/07/20,South Korea — 1.4%,Celltrion Inc.,925,"2,30,202",,
CRBN,iShares MSCI ACWI Low Carbon Target ETF,31/07/20,South Korea — 1.4%,CJ ENM Co. Ltd.,816,"78,833",,
CRBN,iShares MSCI ACWI Low Carbon Target ETF,31/07/20,South Korea — 1.4%,Coway Co. Ltd.,"1,020","65,666",,
CRBN,iShares MSCI ACWI Low Carbon Target ETF,31/07/20,South Korea — 1.4%,Daelim Industrial Co. Ltd.,"1,564","1,09,876",,
CRBN,iShares MSCI ACWI Low Carbon Target ETF,31/07/20,South Korea — 1.4%,Daewoo Engineering & Construction Co. Ltd.,"12,988","38,046",,
CRBN,iShares MSCI ACWI Low Carbon Target ETF,31/07/20,South Korea — 1.4%,GS Engineering & Construction Corp.,"3,468","78,448",,
CRBN,iShares MSCI ACWI Low Carbon Target ETF,31/07/20,South Korea — 1.4%,Hana Financial Group Inc.,"3,288","81,413",,
CRBN,iShares MSCI ACWI Low Carbon Target ETF,31/07/20,South Korea — 1.4%,HLB Inc.,609,"42,733",,
CRBN,iShares MSCI ACWI Low Carbon Target ETF,31/07/20,South Korea — 1.4%,Hotel Shilla Co. Ltd.,884,"52,161",,
CRBN,iShares MSCI ACWI Low Carbon Target ETF,31/07/20,South Korea — 1.4%,Hyundai Mobis Co. Ltd.,816,"1,40,749",,
CRBN,iShares MSCI ACWI Low Carbon Target ETF,31/07/20,South Korea — 1.4%,Hyundai Motor Co.,"1,020","1,08,301",,
CRBN,iShares MSCI ACWI Low Carbon Target ETF,31/07/20,South Korea — 1.4%,Industrial Bank of Korea,952,"6,480",,
CRBN,iShares MSCI ACWI Low Carbon Target ETF,31/07/20,South Korea — 1.4%,Kakao Corp.,476,"1,37,239",,
CRBN,iShares MSCI ACWI Low Carbon Target ETF,31/07/20,South Korea — 1.4%,Kangwon Land Inc.,"5,100","97,814",,
CRBN,iShares MSCI ACWI Low Carbon Target ETF,31/07/20,South Korea — 1.4%,KB Financial Group Inc.,"3,481","1,02,992",,
CRBN,iShares MSCI ACWI Low Carbon Target ETF,31/07/20,South Korea — 1.4%,Kia Motors Corp.,"1,632","55,341",,
CRBN,iShares MSCI ACWI Low Carbon Target ETF,31/07/20,South Korea — 1.4%,Korea Aerospace Industries Ltd.,"1,757","35,320",,
CRBN,iShares MSCI ACWI Low Carbon Target ETF,31/07/20,South Korea — 1.4%,Korea Shipbuilding & Offshore Engineering Co. Ltd.,"1,020","76,367",,
CRBN,iShares MSCI ACWI Low Carbon Target ETF,31/07/20,South Korea — 1.4%,KT&G Corp.,"1,904","1,29,288",,
CRBN,iShares MSCI ACWI Low Carbon Target ETF,31/07/20,South Korea — 1.4%,LG Household & Health Care Ltd.,136,"1,56,502",,
CRBN,iShares MSCI ACWI Low Carbon Target ETF,31/07/20,South Korea — 1.4%,Lotte Corp.,"1,836","47,772",,
CRBN,iShares MSCI ACWI Low Carbon Target ETF,31/07/20,South Korea — 1.4%,NAVER Corp.,"1,197","3,02,415",,
CRBN,iShares MSCI ACWI Low Carbon Target ETF,31/07/20,South Korea — 1.4%,NCSoft Corp.,274,"1,86,515",,
CRBN,iShares MSCI ACWI Low Carbon Target ETF,31/07/20,South Korea — 1.4%,Samsung Biologics Co. Ltd. (a)(c),272,"1,67,346",,
CRBN,iShares MSCI ACWI Low Carbon Target ETF,31/07/20,South Korea — 1.4%,Samsung C&T Corp.,612,"54,450",,
CRBN,iShares MSCI ACWI Low Carbon Target ETF,31/07/20,South Korea — 1.4%,Samsung Electronics Co. Ltd.,"43,729","21,25,155",,
CRBN,iShares MSCI ACWI Low Carbon Target ETF,31/07/20,South Korea — 1.4%,Samsung Engineering Co. Ltd.,"6,392","63,845",,
CRBN,iShares MSCI ACWI Low Carbon Target ETF,31/07/20,South Korea — 1.4%,Samsung Fire & Marine Insurance Co. Ltd.,544,"78,308",,
CRBN,iShares MSCI ACWI Low Carbon Target ETF,31/07/20,South Korea — 1.4%,Samsung Life Insurance Co. Ltd.,"2,176","86,846",,
CRBN,iShares MSCI ACWI Low Carbon Target ETF,31/07/20,South Korea — 1.4%,Samsung SDI Co. Ltd.,476,"1,58,813",,
CRBN,iShares MSCI ACWI Low Carbon Target ETF,31/07/20,South Korea — 1.4%,Samsung SDS Co. Ltd.,748,"1,04,534",,
CRBN,iShares MSCI ACWI Low Carbon Target ETF,31/07/20,South Korea — 1.4%,Shinhan Financial Group Co. Ltd.,"4,288","1,08,334",,
CRBN,iShares MSCI ACWI Low Carbon Target ETF,31/07/20,South Korea — 1.4%,SK Holdings Co. Ltd.,"1,156","2,14,919",,
CRBN,iShares MSCI ACWI Low Carbon Target ETF,31/07/20,South Korea — 1.4%,SK Hynix Inc.,"5,372","3,73,344",,
CRBN,iShares MSCI ACWI Low Carbon Target ETF,31/07/20,South Korea — 1.4%,SK Telecom Co. Ltd.,476,"88,096","62,59,998",
CRBN,iShares MSCI ACWI Low Carbon Target ETF,31/07/20,Spain — 0.7%,Aena SME SA (a)(c),"1,972","2,57,207",,
CRBN,iShares MSCI ACWI Low Carbon Target ETF,31/07/20,Spain — 0.7%,Amadeus IT Group SA,"5,304","2,65,681",,
CRBN,iShares MSCI ACWI Low Carbon Target ETF,31/07/20,Spain — 0.7%,Banco Bilbao Vizcaya Argentaria SA,"66,117","2,06,170",,
CRBN,iShares MSCI ACWI Low Carbon Target ETF,31/07/20,Spain — 0.7%,Banco Santander SA,"1,47,696","3,15,873",,
CRBN,iShares MSCI ACWI Low Carbon Target ETF,31/07/20,Spain — 0.7%,CaixaBank SA,"42,092","90,588",,
CRBN,iShares MSCI ACWI Low Carbon Target ETF,31/07/20,Spain — 0.7%,Cellnex Telecom SA,"3,875","2,43,864",,
CRBN,iShares MSCI ACWI Low Carbon Target ETF,31/07/20,Spain — 0.7%,Enagas SA,"7,009","1,77,118",,
CRBN,iShares MSCI ACWI Low Carbon Target ETF,31/07/20,Spain — 0.7%,Ferrovial SA,"7,578","1,85,851",,
CRBN,iShares MSCI ACWI Low Carbon Target ETF,31/07/20,Spain — 0.7%,Grifols SA,"3,468","1,01,292",,
CRBN,iShares MSCI ACWI Low Carbon Target ETF,31/07/20,Spain — 0.7%,Iberdrola SA,"9,112","1,17,662",,
CRBN,iShares MSCI ACWI Low Carbon Target ETF,31/07/20,Spain — 0.7%,"Iberdrola SA, New",207,"2,674",,
CRBN,iShares MSCI ACWI Low Carbon Target ETF,31/07/20,Spain — 0.7%,Industria de Diseno Textil SA,"11,560","3,07,842",,
CRBN,iShares MSCI ACWI Low Carbon Target ETF,31/07/20,Spain — 0.7%,Mapfre SA,"38,488","69,451",,
CRBN,iShares MSCI ACWI Low Carbon Target ETF,31/07/20,Spain — 0.7%,Red Electrica Corp. SA,"18,334","3,58,153",,
CRBN,iShares MSCI ACWI Low Carbon Target ETF,31/07/20,Spain — 0.7%,Siemens Gamesa Renewable Energy SA,"4,828","1,13,469",,
CRBN,iShares MSCI ACWI Low Carbon Target ETF,31/07/20,Spain — 0.7%,Telefonica SA,"55,412","2,32,482","30,45,377",
CRBN,iShares MSCI ACWI Low Carbon Target ETF,31/07/20,Sweden — 1.0%,Alfa Laval AB,"4,004","94,835",,
CRBN,iShares MSCI ACWI Low Carbon Target ETF,31/07/20,Sweden — 1.0%,"Assa Abloy AB, Class B","13,396","2,93,614",,
CRBN,iShares MSCI ACWI Low Carbon Target ETF,31/07/20,Sweden — 1.0%,"Atlas Copco AB, Class A","3,539","1,56,593",,
CRBN,iShares MSCI ACWI Low Carbon Target ETF,31/07/20,Sweden — 1.0%,"Atlas Copco AB, Class B","5,880","2,27,293",,
CRBN,iShares MSCI ACWI Low Carbon Target ETF,31/07/20,Sweden — 1.0%,Boliden AB,"13,940","3,79,271",,
CRBN,iShares MSCI ACWI Low Carbon Target ETF,31/07/20,Sweden — 1.0%,"Epiroc AB, Class A","10,064","1,40,763",,
CRBN,iShares MSCI ACWI Low Carbon Target ETF,31/07/20,Sweden — 1.0%,Evolution Gaming Group AB,"1,632","1,11,687",,
CRBN,iShares MSCI ACWI Low Carbon Target ETF,31/07/20,Sweden — 1.0%,"Hennes & Mauritz AB, Class B","8,704","1,35,229",,
CRBN,iShares MSCI ACWI Low Carbon Target ETF,31/07/20,Sweden — 1.0%,"Hexagon AB, Class B","2,788","1,81,361",,
CRBN,iShares MSCI ACWI Low Carbon Target ETF,31/07/20,Sweden — 1.0%,"Husqvarna AB, Class B","10,200","97,405",,
CRBN,iShares MSCI ACWI Low Carbon Target ETF,31/07/20,Sweden — 1.0%,ICA Gruppen AB,"2,312","1,13,882",,
CRBN,iShares MSCI ACWI Low Carbon Target ETF,31/07/20,Sweden — 1.0%,"Industrivarden AB, Class C","9,044","2,22,274",,
CRBN,iShares MSCI ACWI Low Carbon Target ETF,31/07/20,Sweden — 1.0%,"Investor AB, Class B","9,044","5,34,327",,
CRBN,iShares MSCI ACWI Low Carbon Target ETF,31/07/20,Sweden — 1.0%,"Kinnevik AB, Class B","6,324","2,21,819",,
CRBN,iShares MSCI ACWI Low Carbon Target ETF,31/07/20,Sweden — 1.0%,"Nibe Industrier AB, Class B","2,788","66,958",,
CRBN,iShares MSCI ACWI Low Carbon Target ETF,31/07/20,Sweden — 1.0%,Sandvik AB,"14,048","2,61,233",,
CRBN,iShares MSCI ACWI Low Carbon Target ETF,31/07/20,Sweden — 1.0%,"Skandinaviska Enskilda Banken AB, Class A","5,916","57,266",,
CRBN,iShares MSCI ACWI Low Carbon Target ETF,31/07/20,Sweden — 1.0%,"Skanska AB, Class B","4,556","91,965",,
CRBN,iShares MSCI ACWI Low Carbon Target ETF,31/07/20,Sweden — 1.0%,"Svenska Cellulosa AB SCA, Class B","2,448","29,620",,
CRBN,iShares MSCI ACWI Low Carbon Target ETF,31/07/20,Sweden — 1.0%,"Svenska Handelsbanken AB, Class A","7,956","75,320",,
CRBN,iShares MSCI ACWI Low Carbon Target ETF,31/07/20,Sweden — 1.0%,Swedish Match AB,680,"52,338",,
CRBN,iShares MSCI ACWI Low Carbon Target ETF,31/07/20,Sweden — 1.0%,"Telefonaktiebolaget LM Ericsson, Class B","21,080","2,43,010",,
CRBN,iShares MSCI ACWI Low Carbon Target ETF,31/07/20,Sweden — 1.0%,Telia Co. AB,"25,160","98,062",,
CRBN,iShares MSCI ACWI Low Carbon Target ETF,31/07/20,Sweden — 1.0%,"Volvo AB, Class B","21,828","3,76,700","42,62,825",
CRBN,iShares MSCI ACWI Low Carbon Target ETF,31/07/20,Switzerland — 2.7%,"ABB Ltd., Registered","15,368","3,84,665",,
CRBN,iShares MSCI ACWI Low Carbon Target ETF,31/07/20,Switzerland — 2.7%,"Adecco Group AG, Registered","1,836","87,128",,
CRBN,iShares MSCI ACWI Low Carbon Target ETF,31/07/20,Switzerland — 2.7%,Alcon Inc.,"3,468","2,09,673",,
CRBN,iShares MSCI ACWI Low Carbon Target ETF,31/07/20,Switzerland — 2.7%,"Cie. Financiere Richemont SA, Registered","4,760","2,95,636",,
CRBN,iShares MSCI ACWI Low Carbon Target ETF,31/07/20,Switzerland — 2.7%,"Credit Suisse Group AG, Registered","4,637","49,515",,
CRBN,iShares MSCI ACWI Low Carbon Target ETF,31/07/20,Switzerland — 2.7%,"EMS-Chemie Holding AG, Registered",204,"1,76,372",,
CRBN,iShares MSCI ACWI Low Carbon Target ETF,31/07/20,Switzerland — 2.7%,"Geberit AG, Registered",544,"3,00,913",,
CRBN,iShares MSCI ACWI Low Carbon Target ETF,31/07/20,Switzerland — 2.7%,"Givaudan SA, Registered",117,"4,83,717",,
CRBN,iShares MSCI ACWI Low Carbon Target ETF,31/07/20,Switzerland — 2.7%,Julius Baer Group Ltd.,"1,088","47,840",,
CRBN,iShares MSCI ACWI Low Carbon Target ETF,31/07/20,Switzerland — 2.7%,"Kuehne + Nagel International AG, Registered",612,"1,05,554",,
CRBN,iShares MSCI ACWI Low Carbon Target ETF,31/07/20,Switzerland — 2.7%,"Lonza Group AG, Registered",544,"3,40,022",,
CRBN,iShares MSCI ACWI Low Carbon Target ETF,31/07/20,Switzerland — 2.7%,"Nestle SA, Registered","25,908","30,78,658",,
CRBN,iShares MSCI ACWI Low Carbon Target ETF,31/07/20,Switzerland — 2.7%,"Novartis AG, Registered","17,816","14,78,041",,
CRBN,iShares MSCI ACWI Low Carbon Target ETF,31/07/20,Switzerland — 2.7%,Partners Group Holding AG,68,"65,870",,
CRBN,iShares MSCI ACWI Low Carbon Target ETF,31/07/20,Switzerland — 2.7%,"Roche Holding AG, NVS","6,052","21,02,932",,
CRBN,iShares MSCI ACWI Low Carbon Target ETF,31/07/20,Switzerland — 2.7%,"Schindler Holding AG, Participation Certificates, NVS",489,"1,23,903",,
CRBN,iShares MSCI ACWI Low Carbon Target ETF,31/07/20,Switzerland — 2.7%,"SGS SA, Registered",68,"1,78,727",,
CRBN,iShares MSCI ACWI Low Carbon Target ETF,31/07/20,Switzerland — 2.7%,"Sika AG, Registered","2,040","4,49,621",,
CRBN,iShares MSCI ACWI Low Carbon Target ETF,31/07/20,Switzerland — 2.7%,"Sonova Holding AG, Registered",411,"92,889",,
CRBN,iShares MSCI ACWI Low Carbon Target ETF,31/07/20,Switzerland — 2.7%,"Straumann Holding AG, Registered",68,"66,961",,
CRBN,iShares MSCI ACWI Low Carbon Target ETF,31/07/20,Switzerland — 2.7%,"Swatch Group AG (The), Bearer",476,"99,941",,
CRBN,iShares MSCI ACWI Low Carbon Target ETF,31/07/20,Switzerland — 2.7%,"Swiss Life Holding AG, Registered",136,"49,768",,
CRBN,iShares MSCI ACWI Low Carbon Target ETF,31/07/20,Switzerland — 2.7%,Swiss Re AG,"2,448","1,93,106",,
CRBN,iShares MSCI ACWI Low Carbon Target ETF,31/07/20,Switzerland — 2.7%,"Swisscom AG, Registered",204,"1,08,940",,
CRBN,iShares MSCI ACWI Low Carbon Target ETF,31/07/20,Switzerland — 2.7%,"Temenos AG, Registered","1,020","1,51,369",,
CRBN,iShares MSCI ACWI Low Carbon Target ETF,31/07/20,Switzerland — 2.7%,"UBS Group AG, Registered","35,836","4,21,310",,
CRBN,iShares MSCI ACWI Low Carbon Target ETF,31/07/20,Switzerland — 2.7%,Vifor Pharma AG,680,"96,166",,
CRBN,iShares MSCI ACWI Low Carbon Target ETF,31/07/20,Switzerland — 2.7%,Zurich Insurance Group AG,"1,088","4,02,095","1,16,41,332",
CRBN,iShares MSCI ACWI Low Carbon Target ETF,31/07/20,Taiwan — 1.6%,Acer Inc.,"68,000","47,121",,
CRBN,iShares MSCI ACWI Low Carbon Target ETF,31/07/20,Taiwan — 1.6%,Cathay Financial Holding Co. Ltd.,"2,12,253","2,86,921",,
CRBN,iShares MSCI ACWI Low Carbon Target ETF,31/07/20,Taiwan — 1.6%,China Development Financial Holding Corp.,"2,72,000","80,223",,
CRBN,iShares MSCI ACWI Low Carbon Target ETF,31/07/20,Taiwan — 1.6%,China Life Insurance Co. Ltd.,"83,892","58,134",,
CRBN,iShares MSCI ACWI Low Carbon Target ETF,31/07/20,Taiwan — 1.6%,Chunghwa Telecom Co. Ltd.,"68,000","2,54,177",,
CRBN,iShares MSCI ACWI Low Carbon Target ETF,31/07/20,Taiwan — 1.6%,CTBC Financial Holding Co. Ltd.,"2,72,400","1,80,394",,
CRBN,iShares MSCI ACWI Low Carbon Target ETF,31/07/20,Taiwan — 1.6%,Delta Electronics Inc.,"68,000","4,64,251",,
CRBN,iShares MSCI ACWI Low Carbon Target ETF,31/07/20,Taiwan — 1.6%,E.Sun Financial Holding Co. Ltd.,"1,46,936","1,35,929",,
CRBN,iShares MSCI ACWI Low Carbon Target ETF,31/07/20,Taiwan — 1.6%,Fubon Financial Holding Co. Ltd.,"1,36,000","1,93,825",,
CRBN,iShares MSCI ACWI Low Carbon Target ETF,31/07/20,Taiwan — 1.6%,Hon Hai Precision Industry Co. Ltd.,"1,05,720","2,82,935",,
CRBN,iShares MSCI ACWI Low Carbon Target ETF,31/07/20,Taiwan — 1.6%,Mega Financial Holding Co. Ltd.,"1,36,000","1,50,185",,
CRBN,iShares MSCI ACWI Low Carbon Target ETF,31/07/20,Taiwan — 1.6%,Ruentex Development Co. Ltd.,"1,36,000","2,35,840",,
CRBN,iShares MSCI ACWI Low Carbon Target ETF,31/07/20,Taiwan — 1.6%,Shin Kong Financial Holding Co. Ltd.,"3,65,439","1,06,159",,
CRBN,iShares MSCI ACWI Low Carbon Target ETF,31/07/20,Taiwan — 1.6%,SinoPac Financial Holdings Co. Ltd.,"3,40,200","1,23,680",,
CRBN,iShares MSCI ACWI Low Carbon Target ETF,31/07/20,Taiwan — 1.6%,Synnex Technology International Corp.,"1,36,000","2,03,342",,
CRBN,iShares MSCI ACWI Low Carbon Target ETF,31/07/20,Taiwan — 1.6%,Taishin Financial Holding Co. Ltd.,"3,68,477","1,67,921",,
CRBN,iShares MSCI ACWI Low Carbon Target ETF,31/07/20,Taiwan — 1.6%,Taiwan Cooperative Financial Holding Co. Ltd.,"68,680","50,172",,
CRBN,iShares MSCI ACWI Low Carbon Target ETF,31/07/20,Taiwan — 1.6%,Taiwan High Speed Rail Corp.,"68,000","77,298",,
CRBN,iShares MSCI ACWI Low Carbon Target ETF,31/07/20,Taiwan — 1.6%,Taiwan Mobile Co. Ltd.,"68,000","2,43,732",,
CRBN,iShares MSCI ACWI Low Carbon Target ETF,31/07/20,Taiwan — 1.6%,Taiwan Semiconductor Manufacturing Co. Ltd.,"2,04,000","29,63,082",,
CRBN,iShares MSCI ACWI Low Carbon Target ETF,31/07/20,Taiwan — 1.6%,Tatung Co. Ltd.,"68,000","37,140",,
CRBN,iShares MSCI ACWI Low Carbon Target ETF,31/07/20,Taiwan — 1.6%,Uni-President Enterprises Corp.,"1,36,000","3,31,939",,
CRBN,iShares MSCI ACWI Low Carbon Target ETF,31/07/20,Taiwan — 1.6%,Yuanta Financial Holding Co. Ltd.,"3,40,000","2,08,913","68,83,313",
CRBN,iShares MSCI ACWI Low Carbon Target ETF,31/07/20,Thailand — 0.2%,"Airports of Thailand PCL, NVDR","95,200","1,57,229",,
CRBN,iShares MSCI ACWI Low Carbon Target ETF,31/07/20,Thailand — 0.2%,"Bangkok Bank PCL, Foreign","20,400","65,094",,
CRBN,iShares MSCI ACWI Low Carbon Target ETF,31/07/20,Thailand — 0.2%,"Bangkok Expressway & Metro PCL, NVDR","2,53,800","72,032",,
CRBN,iShares MSCI ACWI Low Carbon Target ETF,31/07/20,Thailand — 0.2%,"CP ALL PCL, NVDR","74,800","1,63,717",,
CRBN,iShares MSCI ACWI Low Carbon Target ETF,31/07/20,Thailand — 0.2%,"Energy Absolute PCL, NVDR","68,000","1,03,038",,
CRBN,iShares MSCI ACWI Low Carbon Target ETF,31/07/20,Thailand — 0.2%,"Kasikornbank PCL, Foreign","27,200","70,655",,
CRBN,iShares MSCI ACWI Low Carbon Target ETF,31/07/20,Thailand — 0.2%,"Krung Thai Bank PCL, NVDR","4,21,600","1,33,176",,
CRBN,iShares MSCI ACWI Low Carbon Target ETF,31/07/20,Thailand — 0.2%,"Siam Commercial Bank PCL (The), NVDR","34,000","73,054","8,37,995",
CRBN,iShares MSCI ACWI Low Carbon Target ETF,31/07/20,Turkey — 0.0%,Akbank T.A.S.,"43,441","32,614",,
CRBN,iShares MSCI ACWI Low Carbon Target ETF,31/07/20,Turkey — 0.0%,Aselsan Elektronik Sanayi Ve Ticaret AS,"15,300","77,295",,
CRBN,iShares MSCI ACWI Low Carbon Target ETF,31/07/20,Turkey — 0.0%,TAV Havalimanlari Holding AS,"5,304","12,615",,
CRBN,iShares MSCI ACWI Low Carbon Target ETF,31/07/20,Turkey — 0.0%,"Turkiye Is Bankasi AS, Class C","8,003","5,504","1,28,028",
CRBN,iShares MSCI ACWI Low Carbon Target ETF,31/07/20,United Arab Emirates — 0.1%,Aldar Properties PJSC,"1,17,368","55,279",,
CRBN,iShares MSCI ACWI Low Carbon Target ETF,31/07/20,United Arab Emirates — 0.1%,Emaar Properties PJSC,"65,280","45,674",,
CRBN,iShares MSCI ACWI Low Carbon Target ETF,31/07/20,United Arab Emirates — 0.1%,Emirates Telecommunications Group Co. PJSC,"31,212","1,41,396","2,42,349",
CRBN,iShares MSCI ACWI Low Carbon Target ETF,31/07/20,United Kingdom — 3.8%,3i Group PLC,"17,816","2,08,020",,
CRBN,iShares MSCI ACWI Low Carbon Target ETF,31/07/20,United Kingdom — 3.8%,Amcor PLC,"15,300","1,57,590",,
CRBN,iShares MSCI ACWI Low Carbon Target ETF,31/07/20,United Kingdom — 3.8%,Antofagasta PLC,"24,110","3,25,146",,
CRBN,iShares MSCI ACWI Low Carbon Target ETF,31/07/20,United Kingdom — 3.8%,Aptiv PLC,"2,720","2,11,480",,
CRBN,iShares MSCI ACWI Low Carbon Target ETF,31/07/20,United Kingdom — 3.8%,Ashtead Group PLC,"6,460","2,06,458",,
CRBN,iShares MSCI ACWI Low Carbon Target ETF,31/07/20,United Kingdom — 3.8%,AstraZeneca PLC,"11,052","12,37,340",,
CRBN,iShares MSCI ACWI Low Carbon Target ETF,31/07/20,United Kingdom — 3.8%,Auto Trader Group PLC,"11,356","79,979",,
CRBN,iShares MSCI ACWI Low Carbon Target ETF,31/07/20,United Kingdom — 3.8%,Aviva PLC,"38,012","1,31,562",,
CRBN,iShares MSCI ACWI Low Carbon Target ETF,31/07/20,United Kingdom — 3.8%,BAE Systems PLC,"21,148","1,36,064",,
CRBN,iShares MSCI ACWI Low Carbon Target ETF,31/07/20,United Kingdom — 3.8%,Barclays PLC,"1,51,368","1,99,783",,
CRBN,iShares MSCI ACWI Low Carbon Target ETF,31/07/20,United Kingdom — 3.8%,Barratt Developments PLC,"14,892","99,801",,
CRBN,iShares MSCI ACWI Low Carbon Target ETF,31/07/20,United Kingdom — 3.8%,Berkeley Group Holdings PLC,"2,176","1,27,206",,
CRBN,iShares MSCI ACWI Low Carbon Target ETF,31/07/20,United Kingdom — 3.8%,British American Tobacco PLC,"21,288","7,05,358",,
CRBN,iShares MSCI ACWI Low Carbon Target ETF,31/07/20,United Kingdom — 3.8%,British Land Co. PLC (The),"26,792","1,28,737",,
CRBN,iShares MSCI ACWI Low Carbon Target ETF,31/07/20,United Kingdom — 3.8%,BT Group PLC,"67,932","87,895",,
CRBN,iShares MSCI ACWI Low Carbon Target ETF,31/07/20,United Kingdom — 3.8%,Bunzl PLC,"4,012","1,15,741",,
CRBN,iShares MSCI ACWI Low Carbon Target ETF,31/07/20,United Kingdom — 3.8%,Burberry Group PLC,"5,712","93,900",,
CRBN,iShares MSCI ACWI Low Carbon Target ETF,31/07/20,United Kingdom — 3.8%,Coca-Cola European Partners PLC,"2,040","83,987",,
CRBN,iShares MSCI ACWI Low Carbon Target ETF,31/07/20,United Kingdom — 3.8%,Compass Group PLC,"17,272","2,38,143",,
CRBN,iShares MSCI ACWI Low Carbon Target ETF,31/07/20,United Kingdom — 3.8%,Croda International PLC,"2,760","2,07,569",,
CRBN,iShares MSCI ACWI Low Carbon Target ETF,31/07/20,United Kingdom — 3.8%,DCC PLC,"1,496","1,34,146",,
CRBN,iShares MSCI ACWI Low Carbon Target ETF,31/07/20,United Kingdom — 3.8%,Diageo PLC,"21,964","8,07,465",,
CRBN,iShares MSCI ACWI Low Carbon Target ETF,31/07/20,United Kingdom — 3.8%,Direct Line Insurance Group PLC,56,218,,
CRBN,iShares MSCI ACWI Low Carbon Target ETF,31/07/20,United Kingdom — 3.8%,Experian PLC,"9,834","3,45,524",,
CRBN,iShares MSCI ACWI Low Carbon Target ETF,31/07/20,United Kingdom — 3.8%,Ferguson PLC,"2,856","2,54,598",,
CRBN,iShares MSCI ACWI Low Carbon Target ETF,31/07/20,United Kingdom — 3.8%,Fiat Chrysler Automobiles NV,"9,928","1,01,198",,
CRBN,iShares MSCI ACWI Low Carbon Target ETF,31/07/20,United Kingdom — 3.8%,GlaxoSmithKline PLC,"42,092","8,45,149",,
CRBN,iShares MSCI ACWI Low Carbon Target ETF,31/07/20,United Kingdom — 3.8%,GVC Holdings PLC,"10,676","93,125",,
CRBN,iShares MSCI ACWI Low Carbon Target ETF,31/07/20,United Kingdom — 3.8%,Halma PLC,"5,100","1,45,790",,
CRBN,iShares MSCI ACWI Low Carbon Target ETF,31/07/20,United Kingdom — 3.8%,Hargreaves Lansdown PLC,"2,992","68,683",,
CRBN,iShares MSCI ACWI Low Carbon Target ETF,31/07/20,United Kingdom — 3.8%,HSBC Holdings PLC,"1,57,488","7,07,337",,
CRBN,iShares MSCI ACWI Low Carbon Target ETF,31/07/20,United Kingdom — 3.8%,Imperial Brands PLC,"10,472","1,75,380",,
CRBN,iShares MSCI ACWI Low Carbon Target ETF,31/07/20,United Kingdom — 3.8%,Informa PLC,"11,764","57,114",,
CRBN,iShares MSCI ACWI Low Carbon Target ETF,31/07/20,United Kingdom — 3.8%,Intertek Group PLC,"1,768","1,24,796",,
CRBN,iShares MSCI ACWI Low Carbon Target ETF,31/07/20,United Kingdom — 3.8%,ITV PLC,"47,668","35,461",,
CRBN,iShares MSCI ACWI Low Carbon Target ETF,31/07/20,United Kingdom — 3.8%,JD Sports Fashion PLC,"5,100","40,537",,
CRBN,iShares MSCI ACWI Low Carbon Target ETF,31/07/20,United Kingdom — 3.8%,Johnson Matthey PLC,"5,372","1,57,866",,
CRBN,iShares MSCI ACWI Low Carbon Target ETF,31/07/20,United Kingdom — 3.8%,Kingfisher PLC,"24,480","77,722",,
CRBN,iShares MSCI ACWI Low Carbon Target ETF,31/07/20,United Kingdom — 3.8%,Land Securities Group PLC,"18,086","1,36,873",,
CRBN,iShares MSCI ACWI Low Carbon Target ETF,31/07/20,United Kingdom — 3.8%,Legal & General Group PLC,"53,584","1,50,504",,
CRBN,iShares MSCI ACWI Low Carbon Target ETF,31/07/20,United Kingdom — 3.8%,Lloyds Banking Group PLC,"6,70,616","2,31,356",,
CRBN,iShares MSCI ACWI Low Carbon Target ETF,31/07/20,United Kingdom — 3.8%,London Stock Exchange Group PLC,"2,752","3,06,442",,
CRBN,iShares MSCI ACWI Low Carbon Target ETF,31/07/20,United Kingdom — 3.8%,M&G PLC,"28,599","60,283",,
CRBN,iShares MSCI ACWI Low Carbon Target ETF,31/07/20,United Kingdom — 3.8%,Melrose Industries PLC,"57,188","63,996",,
CRBN,iShares MSCI ACWI Low Carbon Target ETF,31/07/20,United Kingdom — 3.8%,National Grid PLC,"28,288","3,34,300",,
CRBN,iShares MSCI ACWI Low Carbon Target ETF,31/07/20,United Kingdom — 3.8%,Natwest Group PLC,"40,800","56,763",,
CRBN,iShares MSCI ACWI Low Carbon Target ETF,31/07/20,United Kingdom — 3.8%,Next PLC,"1,428","1,02,147",,
CRBN,iShares MSCI ACWI Low Carbon Target ETF,31/07/20,United Kingdom — 3.8%,Ocado Group PLC,"4,352","1,17,267",,
CRBN,iShares MSCI ACWI Low Carbon Target ETF,31/07/20,United Kingdom — 3.8%,Pearson PLC,"11,016","76,775",,
CRBN,iShares MSCI ACWI Low Carbon Target ETF,31/07/20,United Kingdom — 3.8%,Persimmon PLC,"3,774","1,18,980",,
CRBN,iShares MSCI ACWI Low Carbon Target ETF,31/07/20,United Kingdom — 3.8%,Prudential PLC,"27,103","3,93,256",,
CRBN,iShares MSCI ACWI Low Carbon Target ETF,31/07/20,United Kingdom — 3.8%,Reckitt Benckiser Group PLC,"6,460","6,53,372",,
CRBN,iShares MSCI ACWI Low Carbon Target ETF,31/07/20,United Kingdom — 3.8%,RELX PLC,"18,972","4,02,147",,
CRBN,iShares MSCI ACWI Low Carbon Target ETF,31/07/20,United Kingdom — 3.8%,Rentokil Initial PLC,"15,300","1,07,274",,
CRBN,iShares MSCI ACWI Low Carbon Target ETF,31/07/20,United Kingdom — 3.8%,Rio Tinto PLC,"9,112","5,51,931",,
CRBN,iShares MSCI ACWI Low Carbon Target ETF,31/07/20,United Kingdom — 3.8%,Rolls-Royce Holdings PLC,"17,068","51,882",,
CRBN,iShares MSCI ACWI Low Carbon Target ETF,31/07/20,United Kingdom — 3.8%,"Royal Dutch Shell PLC, Class B","54,672","7,75,549",,
CRBN,iShares MSCI ACWI Low Carbon Target ETF,31/07/20,United Kingdom — 3.8%,RSA Insurance Group PLC,"14,416","81,190",,
CRBN,iShares MSCI ACWI Low Carbon Target ETF,31/07/20,United Kingdom — 3.8%,Sage Group PLC (The),"5,100","48,824",,
CRBN,iShares MSCI ACWI Low Carbon Target ETF,31/07/20,United Kingdom — 3.8%,Segro PLC,"13,751","1,74,923",,
CRBN,iShares MSCI ACWI Low Carbon Target ETF,31/07/20,United Kingdom — 3.8%,Sensata Technologies Holding PLC,"2,312","87,810",,
CRBN,iShares MSCI ACWI Low Carbon Target ETF,31/07/20,United Kingdom — 3.8%,Severn Trent PLC,"8,296","2,66,768",,
CRBN,iShares MSCI ACWI Low Carbon Target ETF,31/07/20,United Kingdom — 3.8%,Smith & Nephew PLC,"7,548","1,50,335",,
CRBN,iShares MSCI ACWI Low Carbon Target ETF,31/07/20,United Kingdom — 3.8%,Smiths Group PLC,"6,868","1,22,143",,
CRBN,iShares MSCI ACWI Low Carbon Target ETF,31/07/20,United Kingdom — 3.8%,St. James’s Place PLC,484,"5,985",,
CRBN,iShares MSCI ACWI Low Carbon Target ETF,31/07/20,United Kingdom — 3.8%,Standard Chartered PLC,"11,397","57,710",,
CRBN,iShares MSCI ACWI Low Carbon Target ETF,31/07/20,United Kingdom — 3.8%,Standard Life Aberdeen PLC,"29,784","97,885",,
CRBN,iShares MSCI ACWI Low Carbon Target ETF,31/07/20,United Kingdom — 3.8%,Taylor Wimpey PLC,"57,664","89,572",,
CRBN,iShares MSCI ACWI Low Carbon Target ETF,31/07/20,United Kingdom — 3.8%,Tesco PLC,"70,856","2,01,900",,
CRBN,iShares MSCI ACWI Low Carbon Target ETF,31/07/20,United Kingdom — 3.8%,Unilever PLC,"10,404","6,24,454",,
CRBN,iShares MSCI ACWI Low Carbon Target ETF,31/07/20,United Kingdom — 3.8%,United Utilities Group PLC,"24,208","2,85,957",,
CRBN,iShares MSCI ACWI Low Carbon Target ETF,31/07/20,United Kingdom — 3.8%,Vodafone Group PLC,"2,40,380","3,64,590",,
CRBN,iShares MSCI ACWI Low Carbon Target ETF,31/07/20,United Kingdom — 3.8%,Whitbread PLC,"3,985","1,14,021",,
CRBN,iShares MSCI ACWI Low Carbon Target ETF,31/07/20,United Kingdom — 3.8%,WPP PLC,"14,824","1,10,513","1,65,29,545",
CRBN,iShares MSCI ACWI Low Carbon Target ETF,31/07/20,United States — 57.0%,3M Co.,"4,896","7,36,701",,
CRBN,iShares MSCI ACWI Low Carbon Target ETF,31/07/20,United States — 57.0%,Abbott Laboratories,"15,640","15,74,010",,
CRBN,iShares MSCI ACWI Low Carbon Target ETF,31/07/20,United States — 57.0%,AbbVie Inc.,"16,048","15,23,116",,
CRBN,iShares MSCI ACWI Low Carbon Target ETF,31/07/20,United States — 57.0%,ABIOMED Inc.,544,"1,63,167",,
CRBN,iShares MSCI ACWI Low Carbon Target ETF,31/07/20,United States — 57.0%,"Accenture PLC, Class A","6,120","13,75,654",,
CRBN,iShares MSCI ACWI Low Carbon Target ETF,31/07/20,United States — 57.0%,Activision Blizzard Inc.,"6,596","5,45,027",,
CRBN,iShares MSCI ACWI Low Carbon Target ETF,31/07/20,United States — 57.0%,Adobe Inc.,"4,216","18,73,253",,
CRBN,iShares MSCI ACWI Low Carbon Target ETF,31/07/20,United States — 57.0%,Advance Auto Parts Inc.,680,"1,02,095",,
CRBN,iShares MSCI ACWI Low Carbon Target ETF,31/07/20,United States — 57.0%,Advanced Micro Devices Inc.,"9,520","7,37,134",,
CRBN,iShares MSCI ACWI Low Carbon Target ETF,31/07/20,United States — 57.0%,Aflac Inc.,"8,228","2,92,670",,
CRBN,iShares MSCI ACWI Low Carbon Target ETF,31/07/20,United States — 57.0%,Agilent Technologies Inc.,"3,604","3,47,173",,
CRBN,iShares MSCI ACWI Low Carbon Target ETF,31/07/20,United States — 57.0%,AGNC Investment Corp.,"9,792","1,33,171",,
CRBN,iShares MSCI ACWI Low Carbon Target ETF,31/07/20,United States — 57.0%,Akamai Technologies Inc.,"1,360","1,52,918",,
CRBN,iShares MSCI ACWI Low Carbon Target ETF,31/07/20,United States — 57.0%,Albemarle Corp.,"1,564","1,28,967",,
CRBN,iShares MSCI ACWI Low Carbon Target ETF,31/07/20,United States — 57.0%,Alexandria Real Estate Equities Inc.,"1,224","2,17,321",,
CRBN,iShares MSCI ACWI Low Carbon Target ETF,31/07/20,United States — 57.0%,Alexion Pharmaceuticals Inc.,"1,836","1,88,172",,
CRBN,iShares MSCI ACWI Low Carbon Target ETF,31/07/20,United States — 57.0%,Align Technology Inc.,816,"2,39,757",,
CRBN,iShares MSCI ACWI Low Carbon Target ETF,31/07/20,United States — 57.0%,Alleghany Corp.,203,"1,06,031",,
CRBN,iShares MSCI ACWI Low Carbon Target ETF,31/07/20,United States — 57.0%,Allegion PLC,"1,292","1,28,502",,
CRBN,iShares MSCI ACWI Low Carbon Target ETF,31/07/20,United States — 57.0%,Allstate Corp. (The),"3,264","3,08,089",,
CRBN,iShares MSCI ACWI Low Carbon Target ETF,31/07/20,United States — 57.0%,Ally Financial Inc.,"5,372","1,07,977",,
CRBN,iShares MSCI ACWI Low Carbon Target ETF,31/07/20,United States — 57.0%,Alnylam Pharmaceuticals Inc.,748,"1,09,028",,
CRBN,iShares MSCI ACWI Low Carbon Target ETF,31/07/20,United States — 57.0%,"Alphabet Inc., Class A","2,380","35,41,321",,
CRBN,iShares MSCI ACWI Low Carbon Target ETF,31/07/20,United States — 57.0%,"Alphabet Inc., Class C, NVS","2,856","42,35,334",,
CRBN,iShares MSCI ACWI Low Carbon Target ETF,31/07/20,United States — 57.0%,"Altice USA Inc., Class A","5,100","1,37,649",,
CRBN,iShares MSCI ACWI Low Carbon Target ETF,31/07/20,United States — 57.0%,Altria Group Inc.,"17,612","7,24,734",,
CRBN,iShares MSCI ACWI Low Carbon Target ETF,31/07/20,United States — 57.0%,Amazon.com Inc.,"3,672","1,16,20,705",,
CRBN,iShares MSCI ACWI Low Carbon Target ETF,31/07/20,United States — 57.0%,AMERCO,340,"1,08,028",,
CRBN,iShares MSCI ACWI Low Carbon Target ETF,31/07/20,United States — 57.0%,American Express Co.,"5,916","5,52,081",,
CRBN,iShares MSCI ACWI Low Carbon Target ETF,31/07/20,United States — 57.0%,American International Group Inc.,"10,064","3,23,457",,
CRBN,iShares MSCI ACWI Low Carbon Target ETF,31/07/20,United States — 57.0%,American Tower Corp.,"4,080","10,66,471",,
CRBN,iShares MSCI ACWI Low Carbon Target ETF,31/07/20,United States — 57.0%,American Water Works Co. Inc.,"6,392","9,41,350",,
CRBN,iShares MSCI ACWI Low Carbon Target ETF,31/07/20,United States — 57.0%,Ameriprise Financial Inc.,"1,292","1,98,490",,
CRBN,iShares MSCI ACWI Low Carbon Target ETF,31/07/20,United States — 57.0%,AmerisourceBergen Corp.,"1,564","1,56,697",,
CRBN,iShares MSCI ACWI Low Carbon Target ETF,31/07/20,United States — 57.0%,AMETEK Inc.,"2,040","1,90,230",,
CRBN,iShares MSCI ACWI Low Carbon Target ETF,31/07/20,United States — 57.0%,Amgen Inc.,"5,304","12,97,730",,
CRBN,iShares MSCI ACWI Low Carbon Target ETF,31/07/20,United States — 57.0%,"Amphenol Corp., Class A","1,292","1,36,642",,
CRBN,iShares MSCI ACWI Low Carbon Target ETF,31/07/20,United States — 57.0%,Analog Devices Inc.,"4,284","4,92,017",,
CRBN,iShares MSCI ACWI Low Carbon Target ETF,31/07/20,United States — 57.0%,Annaly Capital Management Inc.,"22,867","1,69,444",,
CRBN,iShares MSCI ACWI Low Carbon Target ETF,31/07/20,United States — 57.0%,ANSYS Inc.,743,"2,30,776",,
CRBN,iShares MSCI ACWI Low Carbon Target ETF,31/07/20,United States — 57.0%,Anthem Inc.,"2,312","6,33,026",,
CRBN,iShares MSCI ACWI Low Carbon Target ETF,31/07/20,United States — 57.0%,AO Smith Corp.,"2,856","1,37,488",,
CRBN,iShares MSCI ACWI Low Carbon Target ETF,31/07/20,United States — 57.0%,"Aon PLC, Class A","2,244","4,60,514",,
CRBN,iShares MSCI ACWI Low Carbon Target ETF,31/07/20,United States — 57.0%,Apollo Global Management Inc.,"1,700","83,470",,
CRBN,iShares MSCI ACWI Low Carbon Target ETF,31/07/20,United States — 57.0%,Apple Inc.,"38,080","1,61,85,523",,
CRBN,iShares MSCI ACWI Low Carbon Target ETF,31/07/20,United States — 57.0%,Applied Materials Inc.,"9,112","5,86,175",,
CRBN,iShares MSCI ACWI Low Carbon Target ETF,31/07/20,United States — 57.0%,Arch Capital Group Ltd.,"2,992","92,004",,
CRBN,iShares MSCI ACWI Low Carbon Target ETF,31/07/20,United States — 57.0%,Arista Networks Inc.,272,"70,657",,
CRBN,iShares MSCI ACWI Low Carbon Target ETF,31/07/20,United States — 57.0%,Arrow Electronics Inc.,680,"48,702",,
CRBN,iShares MSCI ACWI Low Carbon Target ETF,31/07/20,United States — 57.0%,Arthur J Gallagher & Co.,476,"51,165",,
CRBN,iShares MSCI ACWI Low Carbon Target ETF,31/07/20,United States — 57.0%,United States (continued) Assurant Inc.,884,"95,003",,
CRBN,iShares MSCI ACWI Low Carbon Target ETF,31/07/20,United States — 57.0%,AT&T Inc.,"63,716","18,84,719",,
CRBN,iShares MSCI ACWI Low Carbon Target ETF,31/07/20,United States — 57.0%,"Athene Holding Ltd., Class A","1,768","57,018",,
CRBN,iShares MSCI ACWI Low Carbon Target ETF,31/07/20,United States — 57.0%,Atmos Energy Corp.,"5,751","6,09,548",,
CRBN,iShares MSCI ACWI Low Carbon Target ETF,31/07/20,United States — 57.0%,Autodesk Inc.,"2,040","4,82,317",,
CRBN,iShares MSCI ACWI Low Carbon Target ETF,31/07/20,United States — 57.0%,Automatic Data Processing Inc.,"4,624","6,14,576",,
CRBN,iShares MSCI ACWI Low Carbon Target ETF,31/07/20,United States — 57.0%,AutoZone Inc.,204,"2,46,314",,
CRBN,iShares MSCI ACWI Low Carbon Target ETF,31/07/20,United States — 57.0%,Avalara Inc.,748,"1,00,569",,
CRBN,iShares MSCI ACWI Low Carbon Target ETF,31/07/20,United States — 57.0%,AvalonBay Communities Inc.,"1,360","2,08,243",,
CRBN,iShares MSCI ACWI Low Carbon Target ETF,31/07/20,United States — 57.0%,Avantor Inc.,"4,216","93,089",,
CRBN,iShares MSCI ACWI Low Carbon Target ETF,31/07/20,United States — 57.0%,Avery Dennison Corp.,"1,904","2,15,799",,
CRBN,iShares MSCI ACWI Low Carbon Target ETF,31/07/20,United States — 57.0%,Axalta Coating Systems Ltd.,"7,480","1,66,056",,
CRBN,iShares MSCI ACWI Low Carbon Target ETF,31/07/20,United States — 57.0%,Baker Hughes Co.,"17,748","2,74,916",,
CRBN,iShares MSCI ACWI Low Carbon Target ETF,31/07/20,United States — 57.0%,Ball Corp.,"3,808","2,80,383",,
CRBN,iShares MSCI ACWI Low Carbon Target ETF,31/07/20,United States — 57.0%,Bank of America Corp.,"68,068","16,93,532",,
CRBN,iShares MSCI ACWI Low Carbon Target ETF,31/07/20,United States — 57.0%,Bank of New York Mellon Corp. (The),"7,616","2,73,034",,
CRBN,iShares MSCI ACWI Low Carbon Target ETF,31/07/20,United States — 57.0%,Baxter International Inc.,"4,148","3,58,304",,
CRBN,iShares MSCI ACWI Low Carbon Target ETF,31/07/20,United States — 57.0%,Becton Dickinson and Co.,"2,244","6,31,327",,
CRBN,iShares MSCI ACWI Low Carbon Target ETF,31/07/20,United States — 57.0%,"Berkshire Hathaway Inc., Class B","10,404","20,36,895",,
CRBN,iShares MSCI ACWI Low Carbon Target ETF,31/07/20,United States — 57.0%,Best Buy Co. Inc.,"2,448","2,43,796",,
CRBN,iShares MSCI ACWI Low Carbon Target ETF,31/07/20,United States — 57.0%,Biogen Inc.,"1,564","4,29,615",,
CRBN,iShares MSCI ACWI Low Carbon Target ETF,31/07/20,United States — 57.0%,BioMarin Pharmaceutical Inc.,"2,108","2,52,559",,
CRBN,iShares MSCI ACWI Low Carbon Target ETF,31/07/20,United States — 57.0%,"Bio-Rad Laboratories Inc., Class A",136,"71,385",,
CRBN,iShares MSCI ACWI Low Carbon Target ETF,31/07/20,United States — 57.0%,BlackRock Inc.,"1,028","5,91,110",,
CRBN,iShares MSCI ACWI Low Carbon Target ETF,31/07/20,United States — 57.0%,"Blackstone Group Inc. (The), Class A","5,100","2,71,728",,
CRBN,iShares MSCI ACWI Low Carbon Target ETF,31/07/20,United States — 57.0%,Boeing Co. (The),"4,760","7,52,080",,
CRBN,iShares MSCI ACWI Low Carbon Target ETF,31/07/20,United States — 57.0%,Booking Holdings Inc.,408,"6,78,149",,
CRBN,iShares MSCI ACWI Low Carbon Target ETF,31/07/20,United States — 57.0%,BorgWarner Inc.,"1,836","67,198",,
CRBN,iShares MSCI ACWI Low Carbon Target ETF,31/07/20,United States — 57.0%,Boston Properties Inc.,"1,156","1,02,988",,
CRBN,iShares MSCI ACWI Low Carbon Target ETF,31/07/20,United States — 57.0%,Boston Scientific Corp.,"13,056","5,03,570",,
CRBN,iShares MSCI ACWI Low Carbon Target ETF,31/07/20,United States — 57.0%,Bristol-Myers Squibb Co.,"20,604","12,08,631",,
CRBN,iShares MSCI ACWI Low Carbon Target ETF,31/07/20,United States — 57.0%,Broadcom Inc.,"3,672","11,63,106",,
CRBN,iShares MSCI ACWI Low Carbon Target ETF,31/07/20,United States — 57.0%,Broadridge Financial Solutions Inc.,952,"1,27,892",,
CRBN,iShares MSCI ACWI Low Carbon Target ETF,31/07/20,United States — 57.0%,Brown & Brown Inc.,"2,959","1,34,546",,
CRBN,iShares MSCI ACWI Low Carbon Target ETF,31/07/20,United States — 57.0%,"Brown-Forman Corp., Class B, NVS","3,105","2,15,301",,
CRBN,iShares MSCI ACWI Low Carbon Target ETF,31/07/20,United States — 57.0%,Burlington Stores Inc.,476,"89,488",,
CRBN,iShares MSCI ACWI Low Carbon Target ETF,31/07/20,United States — 57.0%,Cadence Design Systems Inc.,"1,496","1,63,438",,
CRBN,iShares MSCI ACWI Low Carbon Target ETF,31/07/20,United States — 57.0%,Capital One Financial Corp.,"3,468","2,21,258",,
CRBN,iShares MSCI ACWI Low Carbon Target ETF,31/07/20,United States — 57.0%,Cardinal Health Inc.,"2,992","1,63,423",,
CRBN,iShares MSCI ACWI Low Carbon Target ETF,31/07/20,United States — 57.0%,CarMax Inc. (a)(b),"1,564","1,51,661",,
CRBN,iShares MSCI ACWI Low Carbon Target ETF,31/07/20,United States — 57.0%,Carrier Global Corp.,"8,326","2,26,800",,
CRBN,iShares MSCI ACWI Low Carbon Target ETF,31/07/20,United States — 57.0%,Catalent Inc.,952,"83,148",,
CRBN,iShares MSCI ACWI Low Carbon Target ETF,31/07/20,United States — 57.0%,Caterpillar Inc.,"4,692","6,23,473",,
CRBN,iShares MSCI ACWI Low Carbon Target ETF,31/07/20,United States — 57.0%,Cboe Global Markets Inc.,480,"42,096",,
CRBN,iShares MSCI ACWI Low Carbon Target ETF,31/07/20,United States — 57.0%,"CBRE Group Inc., Class A","4,488","1,96,619",,
CRBN,iShares MSCI ACWI Low Carbon Target ETF,31/07/20,United States — 57.0%,CDW Corp./DE,"1,292","1,50,195",,
CRBN,iShares MSCI ACWI Low Carbon Target ETF,31/07/20,United States — 57.0%,Centene Corp.,"4,034","2,63,218",,
CRBN,iShares MSCI ACWI Low Carbon Target ETF,31/07/20,United States — 57.0%,CenturyLink Inc.,"8,196","79,091",,
CRBN,iShares MSCI ACWI Low Carbon Target ETF,31/07/20,United States — 57.0%,Cerner Corp.,"3,740","2,59,743",,
CRBN,iShares MSCI ACWI Low Carbon Target ETF,31/07/20,United States — 57.0%,CH Robinson Worldwide Inc.,"1,156","1,08,340",,
CRBN,iShares MSCI ACWI Low Carbon Target ETF,31/07/20,United States — 57.0%,Charles Schwab Corp. (The),"8,092","2,68,250",,
CRBN,iShares MSCI ACWI Low Carbon Target ETF,31/07/20,United States — 57.0%,"Charter Communications Inc., Class A","1,224","7,09,920",,
CRBN,iShares MSCI ACWI Low Carbon Target ETF,31/07/20,United States — 57.0%,Cheniere Energy Inc.,"2,176","1,07,668",,
CRBN,iShares MSCI ACWI Low Carbon Target ETF,31/07/20,United States — 57.0%,Chevron Corp.,"11,968","10,04,594",,
CRBN,iShares MSCI ACWI Low Carbon Target ETF,31/07/20,United States — 57.0%,Chipotle Mexican Grill Inc.,272,"3,14,203",,
CRBN,iShares MSCI ACWI Low Carbon Target ETF,31/07/20,United States — 57.0%,Chubb Ltd.,"3,808","4,84,530",,
CRBN,iShares MSCI ACWI Low Carbon Target ETF,31/07/20,United States — 57.0%,Church & Dwight Co. Inc.,"2,720","2,62,018",,
CRBN,iShares MSCI ACWI Low Carbon Target ETF,31/07/20,United States — 57.0%,Cigna Corp.,"3,196","5,51,917",,
CRBN,iShares MSCI ACWI Low Carbon Target ETF,31/07/20,United States — 57.0%,Cincinnati Financial Corp.,"1,088","84,788",,
CRBN,iShares MSCI ACWI Low Carbon Target ETF,31/07/20,United States — 57.0%,Cintas Corp.,816,"2,46,326",,
CRBN,iShares MSCI ACWI Low Carbon Target ETF,31/07/20,United States — 57.0%,Cisco Systems Inc.,"37,944","17,87,162",,
CRBN,iShares MSCI ACWI Low Carbon Target ETF,31/07/20,United States — 57.0%,Citigroup Inc.,"17,884","8,94,379",,
CRBN,iShares MSCI ACWI Low Carbon Target ETF,31/07/20,United States — 57.0%,Citizens Financial Group Inc.,"5,984","1,48,463",,
CRBN,iShares MSCI ACWI Low Carbon Target ETF,31/07/20,United States — 57.0%,Citrix Systems Inc.,952,"1,35,908",,
CRBN,iShares MSCI ACWI Low Carbon Target ETF,31/07/20,United States — 57.0%,Clorox Co. (The),952,"2,25,157",,
CRBN,iShares MSCI ACWI Low Carbon Target ETF,31/07/20,United States — 57.0%,CME Group Inc.,"2,856","4,74,610",,
CRBN,iShares MSCI ACWI Low Carbon Target ETF,31/07/20,United States — 57.0%,Coca-Cola Co. (The),"38,488","18,18,173",,
CRBN,iShares MSCI ACWI Low Carbon Target ETF,31/07/20,United States — 57.0%,Cognex Corp.,"1,768","1,18,226",,
CRBN,iShares MSCI ACWI Low Carbon Target ETF,31/07/20,United States — 57.0%,"Cognizant Technology Solutions Corp., Class A","5,236","3,57,723",,
CRBN,iShares MSCI ACWI Low Carbon Target ETF,31/07/20,United States — 57.0%,Colgate-Palmolive Co.,"7,888","6,08,954",,
CRBN,iShares MSCI ACWI Low Carbon Target ETF,31/07/20,United States — 57.0%,"Comcast Corp., Class A","39,984","17,11,315",,
CRBN,iShares MSCI ACWI Low Carbon Target ETF,31/07/20,United States — 57.0%,Conagra Brands Inc.,"3,604","1,34,970",,
CRBN,iShares MSCI ACWI Low Carbon Target ETF,31/07/20,United States — 57.0%,Consolidated Edison Inc.,"6,596","5,06,771",,
CRBN,iShares MSCI ACWI Low Carbon Target ETF,31/07/20,United States — 57.0%,"Constellation Brands Inc., Class A","1,768","3,15,058",,
CRBN,iShares MSCI ACWI Low Carbon Target ETF,31/07/20,United States — 57.0%,Cooper Companies Inc. (The),340,"96,196",,
CRBN,iShares MSCI ACWI Low Carbon Target ETF,31/07/20,United States — 57.0%,Copart Inc.,"2,516","2,34,617",,
CRBN,iShares MSCI ACWI Low Carbon Target ETF,31/07/20,United States — 57.0%,Corning Inc.,"7,208","2,23,448",,
CRBN,iShares MSCI ACWI Low Carbon Target ETF,31/07/20,United States — 57.0%,Corteva Inc.,"6,392","1,82,556",,
CRBN,iShares MSCI ACWI Low Carbon Target ETF,31/07/20,United States — 57.0%,CoStar Group Inc.(a)(b),408,"3,46,702",,
CRBN,iShares MSCI ACWI Low Carbon Target ETF,31/07/20,United States — 57.0%,Costco Wholesale Corp.,"4,420","14,38,843",,
CRBN,iShares MSCI ACWI Low Carbon Target ETF,31/07/20,United States — 57.0%,Coupa Software Inc.,408,"1,25,032",,
CRBN,iShares MSCI ACWI Low Carbon Target ETF,31/07/20,United States — 57.0%,"Crowdstrike Holdings Inc., Class A","1,088","1,23,162",,
CRBN,iShares MSCI ACWI Low Carbon Target ETF,31/07/20,United States — 57.0%,Crown Castle International Corp.,"3,944","6,57,465",,
CRBN,iShares MSCI ACWI Low Carbon Target ETF,31/07/20,United States — 57.0%,Crown Holdings Inc.,884,"63,277",,
CRBN,iShares MSCI ACWI Low Carbon Target ETF,31/07/20,United States — 57.0%,CSX Corp.,"7,344","5,23,921",,
CRBN,iShares MSCI ACWI Low Carbon Target ETF,31/07/20,United States — 57.0%,Cummins Inc.,"1,088","2,10,267",,
CRBN,iShares MSCI ACWI Low Carbon Target ETF,31/07/20,United States — 57.0%,CVS Health Corp.,"11,288","7,10,467",,
CRBN,iShares MSCI ACWI Low Carbon Target ETF,31/07/20,United States — 57.0%,Danaher Corp.,"5,916","12,05,681",,
CRBN,iShares MSCI ACWI Low Carbon Target ETF,31/07/20,United States — 57.0%,Darden Restaurants Inc.,884,"67,096",,
CRBN,iShares MSCI ACWI Low Carbon Target ETF,31/07/20,United States — 57.0%,"Datadog Inc., Class A",816,"76,590",,
CRBN,iShares MSCI ACWI Low Carbon Target ETF,31/07/20,United States — 57.0%,DaVita Inc.,544,"47,540",,
CRBN,iShares MSCI ACWI Low Carbon Target ETF,31/07/20,United States — 57.0%,Deere & Co.,"2,448","4,31,607",,
CRBN,iShares MSCI ACWI Low Carbon Target ETF,31/07/20,United States — 57.0%,"Dell Technologies Inc., Class C","2,176","1,30,190",,
CRBN,iShares MSCI ACWI Low Carbon Target ETF,31/07/20,United States — 57.0%,Dentsply Sirona Inc.,"2,788","1,24,345",,
CRBN,iShares MSCI ACWI Low Carbon Target ETF,31/07/20,United States — 57.0%,DexCom Inc.,748,"3,25,784",,
CRBN,iShares MSCI ACWI Low Carbon Target ETF,31/07/20,United States — 57.0%,Digital Realty Trust Inc.,"1,972","3,16,585",,
CRBN,iShares MSCI ACWI Low Carbon Target ETF,31/07/20,United States — 57.0%,Discover Financial Services,"2,584","1,27,727",,
CRBN,iShares MSCI ACWI Low Carbon Target ETF,31/07/20,United States — 57.0%,"Discovery Inc., Class A (a)(b)","3,740","78,914",,
CRBN,iShares MSCI ACWI Low Carbon Target ETF,31/07/20,United States — 57.0%,DocuSign Inc.,"1,224","2,65,400",,
CRBN,iShares MSCI ACWI Low Carbon Target ETF,31/07/20,United States — 57.0%,Dollar General Corp.,"2,244","4,27,258",,
CRBN,iShares MSCI ACWI Low Carbon Target ETF,31/07/20,United States — 57.0%,Dollar Tree Inc.,"2,040","1,90,434",,
CRBN,iShares MSCI ACWI Low Carbon Target ETF,31/07/20,United States — 57.0%,Dominion Energy Inc.,"5,168","4,18,763",,
CRBN,iShares MSCI ACWI Low Carbon Target ETF,31/07/20,United States — 57.0%,Domino’s Pizza Inc.,408,"1,57,737",,
CRBN,iShares MSCI ACWI Low Carbon Target ETF,31/07/20,United States — 57.0%,Dover Corp.,"1,496","1,53,983",,
CRBN,iShares MSCI ACWI Low Carbon Target ETF,31/07/20,United States — 57.0%,Dow Inc.,"6,120","2,51,287",,
CRBN,iShares MSCI ACWI Low Carbon Target ETF,31/07/20,United States — 57.0%,DR Horton Inc.,"3,196","2,11,447",,
CRBN,iShares MSCI ACWI Low Carbon Target ETF,31/07/20,United States — 57.0%,"Dropbox Inc., Class A","3,740","85,085",,
CRBN,iShares MSCI ACWI Low Carbon Target ETF,31/07/20,United States — 57.0%,Duke Realty Corp.,"5,100","2,04,969",,
CRBN,iShares MSCI ACWI Low Carbon Target ETF,31/07/20,United States — 57.0%,E*TRADE Financial Corp.,"1,564","79,404",,
CRBN,iShares MSCI ACWI Low Carbon Target ETF,31/07/20,United States — 57.0%,Eaton Corp. PLC,"3,876","3,60,972",,
CRBN,iShares MSCI ACWI Low Carbon Target ETF,31/07/20,United States — 57.0%,eBay Inc.,"7,956","4,39,808",,
CRBN,iShares MSCI ACWI Low Carbon Target ETF,31/07/20,United States — 57.0%,Ecolab Inc.,"3,264","6,10,629",,
CRBN,iShares MSCI ACWI Low Carbon Target ETF,31/07/20,United States — 57.0%,Edison International,"5,236","2,91,488",,
CRBN,iShares MSCI ACWI Low Carbon Target ETF,31/07/20,United States — 57.0%,Edwards Lifesciences Corp.,"5,916","4,63,874",,
CRBN,iShares MSCI ACWI Low Carbon Target ETF,31/07/20,United States — 57.0%,Elanco Animal Health Inc.,"5,100","1,20,513",,
CRBN,iShares MSCI ACWI Low Carbon Target ETF,31/07/20,United States — 57.0%,Electronic Arts Inc.,"2,448","3,46,686",,
CRBN,iShares MSCI ACWI Low Carbon Target ETF,31/07/20,United States — 57.0%,Eli Lilly & Co.,"7,548","11,34,389",,
CRBN,iShares MSCI ACWI Low Carbon Target ETF,31/07/20,United States — 57.0%,Emerson Electric Co.,"6,528","4,04,801",,
CRBN,iShares MSCI ACWI Low Carbon Target ETF,31/07/20,United States — 57.0%,EOG Resources Inc.,"2,244","1,05,131",,
CRBN,iShares MSCI ACWI Low Carbon Target ETF,31/07/20,United States — 57.0%,Equifax Inc.,"1,292","2,10,027",,
CRBN,iShares MSCI ACWI Low Carbon Target ETF,31/07/20,United States — 57.0%,Equinix Inc.,680,"5,34,126",,
CRBN,iShares MSCI ACWI Low Carbon Target ETF,31/07/20,United States — 57.0%,Equitable Holdings Inc.,"5,100","1,04,346",,
CRBN,iShares MSCI ACWI Low Carbon Target ETF,31/07/20,United States — 57.0%,Equity Residential,"4,148","2,22,457",,
CRBN,iShares MSCI ACWI Low Carbon Target ETF,31/07/20,United States — 57.0%,"Erie Indemnity Co., Class A, NVS",272,"57,153",,
CRBN,iShares MSCI ACWI Low Carbon Target ETF,31/07/20,United States — 57.0%,Essential Utilities Inc.,"12,104","5,48,916",,
CRBN,iShares MSCI ACWI Low Carbon Target ETF,31/07/20,United States — 57.0%,Essex Property Trust Inc.,476,"1,05,072",,
CRBN,iShares MSCI ACWI Low Carbon Target ETF,31/07/20,United States — 57.0%,"Estee Lauder Companies Inc. (The), Class A","2,516","4,97,011",,
CRBN,iShares MSCI ACWI Low Carbon Target ETF,31/07/20,United States — 57.0%,Everest Re Group Ltd.,340,"74,389",,
CRBN,iShares MSCI ACWI Low Carbon Target ETF,31/07/20,United States — 57.0%,Eversource Energy,"9,928","8,94,215",,
CRBN,iShares MSCI ACWI Low Carbon Target ETF,31/07/20,United States — 57.0%,Exact Sciences Corp.,"1,428","1,35,303",,
CRBN,iShares MSCI ACWI Low Carbon Target ETF,31/07/20,United States — 57.0%,Exelon Corp.,"1,292","49,884",,
CRBN,iShares MSCI ACWI Low Carbon Target ETF,31/07/20,United States — 57.0%,Expedia Group Inc.,"1,496","1,21,191",,
CRBN,iShares MSCI ACWI Low Carbon Target ETF,31/07/20,United States — 57.0%,Expeditors International of Washington Inc.,"2,448","2,06,880",,
CRBN,iShares MSCI ACWI Low Carbon Target ETF,31/07/20,United States — 57.0%,Extra Space Storage Inc.,"1,020","1,05,407",,
CRBN,iShares MSCI ACWI Low Carbon Target ETF,31/07/20,United States — 57.0%,F5 Networks Inc.,544,"73,930",,
CRBN,iShares MSCI ACWI Low Carbon Target ETF,31/07/20,United States — 57.0%,"Facebook Inc., Class A","20,944","53,12,864",,
CRBN,iShares MSCI ACWI Low Carbon Target ETF,31/07/20,United States — 57.0%,Fair Isaac Corp.,204,"89,595",,
CRBN,iShares MSCI ACWI Low Carbon Target ETF,31/07/20,United States — 57.0%,Fastenal Co.,"5,576","2,62,295",,
CRBN,iShares MSCI ACWI Low Carbon Target ETF,31/07/20,United States — 57.0%,Fidelity National Financial Inc.,"3,332","1,07,824",,
CRBN,iShares MSCI ACWI Low Carbon Target ETF,31/07/20,United States — 57.0%,Fidelity National Information Services Inc.,"5,918","8,65,863",,
CRBN,iShares MSCI ACWI Low Carbon Target ETF,31/07/20,United States — 57.0%,Fifth Third Bancorp,"7,684","1,52,604",,
CRBN,iShares MSCI ACWI Low Carbon Target ETF,31/07/20,United States — 57.0%,Fiserv Inc.,"5,730","5,71,797",,
CRBN,iShares MSCI ACWI Low Carbon Target ETF,31/07/20,United States — 57.0%,FleetCor Technologies Inc.,"1,020","2,63,741",,
CRBN,iShares MSCI ACWI Low Carbon Target ETF,31/07/20,United States — 57.0%,FLIR Systems Inc.,"2,040","84,986",,
CRBN,iShares MSCI ACWI Low Carbon Target ETF,31/07/20,United States — 57.0%,FMC Corp.,"2,788","2,95,667",,
CRBN,iShares MSCI ACWI Low Carbon Target ETF,31/07/20,United States — 57.0%,Ford Motor Co.,"25,364","1,67,656",,
CRBN,iShares MSCI ACWI Low Carbon Target ETF,31/07/20,United States — 57.0%,Fortinet Inc.,"1,224","1,69,279",,
CRBN,iShares MSCI ACWI Low Carbon Target ETF,31/07/20,United States — 57.0%,Fortive Corp.,"2,946","2,06,780",,
CRBN,iShares MSCI ACWI Low Carbon Target ETF,31/07/20,United States — 57.0%,Fortune Brands Home & Security Inc.,"2,176","1,66,464",,
CRBN,iShares MSCI ACWI Low Carbon Target ETF,31/07/20,United States — 57.0%,"Fox Corp., Class A, NVS","5,780","1,48,951",,
CRBN,iShares MSCI ACWI Low Carbon Target ETF,31/07/20,United States — 57.0%,Franklin Resources Inc.,"3,876","81,590",,
CRBN,iShares MSCI ACWI Low Carbon Target ETF,31/07/20,United States — 57.0%,Freeport-McMoRan Inc.,"11,628","1,50,234",,
CRBN,iShares MSCI ACWI Low Carbon Target ETF,31/07/20,United States — 57.0%,Garmin Ltd.,"1,700","1,67,603",,
CRBN,iShares MSCI ACWI Low Carbon Target ETF,31/07/20,United States — 57.0%,Gartner Inc.,"1,088","1,35,608",,
CRBN,iShares MSCI ACWI Low Carbon Target ETF,31/07/20,United States — 57.0%,General Dynamics Corp.,"2,108","3,09,328",,
CRBN,iShares MSCI ACWI Low Carbon Target ETF,31/07/20,United States — 57.0%,General Electric Co.,"79,084","4,80,040",,
CRBN,iShares MSCI ACWI Low Carbon Target ETF,31/07/20,United States — 57.0%,General Mills Inc.,"4,896","3,09,770",,
CRBN,iShares MSCI ACWI Low Carbon Target ETF,31/07/20,United States — 57.0%,General Motors Co.,"9,180","2,28,490",,
CRBN,iShares MSCI ACWI Low Carbon Target ETF,31/07/20,United States — 57.0%,Genuine Parts Co.,"1,632","1,47,125",,
CRBN,iShares MSCI ACWI Low Carbon Target ETF,31/07/20,United States — 57.0%,Gilead Sciences Inc.,"11,424","7,94,311",,
CRBN,iShares MSCI ACWI Low Carbon Target ETF,31/07/20,United States — 57.0%,Global Payments Inc.,"2,040","3,63,161",,
CRBN,iShares MSCI ACWI Low Carbon Target ETF,31/07/20,United States — 57.0%,"GoDaddy Inc., Class A",884,"62,128",,
CRBN,iShares MSCI ACWI Low Carbon Target ETF,31/07/20,United States — 57.0%,Goldman Sachs Group Inc. (The),"3,196","6,32,680",,
CRBN,iShares MSCI ACWI Low Carbon Target ETF,31/07/20,United States — 57.0%,Halliburton Co.,"30,872","4,42,396",,
CRBN,iShares MSCI ACWI Low Carbon Target ETF,31/07/20,United States — 57.0%,Hartford Financial Services Group Inc. (The),"3,128","1,32,377",,
CRBN,iShares MSCI ACWI Low Carbon Target ETF,31/07/20,United States — 57.0%,Hasbro Inc.,"1,768","1,28,640",,
CRBN,iShares MSCI ACWI Low Carbon Target ETF,31/07/20,United States — 57.0%,HCA Healthcare Inc.,"1,836","2,32,511",,
CRBN,iShares MSCI ACWI Low Carbon Target ETF,31/07/20,United States — 57.0%,HD Supply Holdings Inc.,"1,768","62,057",,
CRBN,iShares MSCI ACWI Low Carbon Target ETF,31/07/20,United States — 57.0%,Healthpeak Properties Inc.,"2,630","71,773",,
CRBN,iShares MSCI ACWI Low Carbon Target ETF,31/07/20,United States — 57.0%,HEICO Corp.,680,"65,362",,
CRBN,iShares MSCI ACWI Low Carbon Target ETF,31/07/20,United States — 57.0%,Henry Schein Inc.,816,"56,084",,
CRBN,iShares MSCI ACWI Low Carbon Target ETF,31/07/20,United States — 57.0%,Hershey Co. (The),"1,156","1,68,094",,
CRBN,iShares MSCI ACWI Low Carbon Target ETF,31/07/20,United States — 57.0%,Hess Corp.,"1,904","93,696",,
CRBN,iShares MSCI ACWI Low Carbon Target ETF,31/07/20,United States — 57.0%,Hewlett Packard Enterprise Co.,"11,424","1,12,755",,
CRBN,iShares MSCI ACWI Low Carbon Target ETF,31/07/20,United States — 57.0%,Hilton Worldwide Holdings Inc.,"1,360","1,02,068",,
CRBN,iShares MSCI ACWI Low Carbon Target ETF,31/07/20,United States — 57.0%,Hologic Inc.,"2,584","1,80,312",,
CRBN,iShares MSCI ACWI Low Carbon Target ETF,31/07/20,United States — 57.0%,Home Depot Inc. (The),"9,520","25,27,465",,
CRBN,iShares MSCI ACWI Low Carbon Target ETF,31/07/20,United States — 57.0%,Honeywell International Inc.,"6,596","9,85,244",,
CRBN,iShares MSCI ACWI Low Carbon Target ETF,31/07/20,United States — 57.0%,Host Hotels & Resorts Inc.,"9,384","1,01,160",,
CRBN,iShares MSCI ACWI Low Carbon Target ETF,31/07/20,United States — 57.0%,HP Inc.,"16,864","2,96,469",,
CRBN,iShares MSCI ACWI Low Carbon Target ETF,31/07/20,United States — 57.0%,Humana Inc.,"1,156","4,53,672",,
CRBN,iShares MSCI ACWI Low Carbon Target ETF,31/07/20,United States — 57.0%,Huntington Bancshares Inc./OH,"4,964","46,016",,
CRBN,iShares MSCI ACWI Low Carbon Target ETF,31/07/20,United States — 57.0%,IAC/InterActiveCorp.,748,"99,050",,
CRBN,iShares MSCI ACWI Low Carbon Target ETF,31/07/20,United States — 57.0%,IDEX Corp.,750,"1,23,615",,
CRBN,iShares MSCI ACWI Low Carbon Target ETF,31/07/20,United States — 57.0%,IDEXX Laboratories Inc.,680,"2,70,470",,
CRBN,iShares MSCI ACWI Low Carbon Target ETF,31/07/20,United States — 57.0%,IHS Markit Ltd.,"5,410","4,36,749",,
CRBN,iShares MSCI ACWI Low Carbon Target ETF,31/07/20,United States — 57.0%,Illinois Tool Works Inc.,"2,788","5,15,752",,
CRBN,iShares MSCI ACWI Low Carbon Target ETF,31/07/20,United States — 57.0%,Illumina Inc.,"1,428","5,45,724",,
CRBN,iShares MSCI ACWI Low Carbon Target ETF,31/07/20,United States — 57.0%,Incyte Corp.,"1,768","1,74,608",,
CRBN,iShares MSCI ACWI Low Carbon Target ETF,31/07/20,United States — 57.0%,Ingersoll Rand Inc.,"2,287","72,246",,
CRBN,iShares MSCI ACWI Low Carbon Target ETF,31/07/20,United States — 57.0%,Insulet Corp.,408,"82,971",,
CRBN,iShares MSCI ACWI Low Carbon Target ETF,31/07/20,United States — 57.0%,Intel Corp.,"38,148","18,20,804",,
CRBN,iShares MSCI ACWI Low Carbon Target ETF,31/07/20,United States — 57.0%,Intercontinental Exchange Inc.,"4,012","3,88,281",,
CRBN,iShares MSCI ACWI Low Carbon Target ETF,31/07/20,United States — 57.0%,International Business Machines Corp.,"8,160","10,03,190",,
CRBN,iShares MSCI ACWI Low Carbon Target ETF,31/07/20,United States — 57.0%,International Flavors & Fragrances Inc.,"1,428","1,79,857",,
CRBN,iShares MSCI ACWI Low Carbon Target ETF,31/07/20,United States — 57.0%,Interpublic Group of Companies Inc. (The),"2,516","45,414",,
CRBN,iShares MSCI ACWI Low Carbon Target ETF,31/07/20,United States — 57.0%,Intuit Inc.,"2,516","7,70,827",,
CRBN,iShares MSCI ACWI Low Carbon Target ETF,31/07/20,United States — 57.0%,Intuitive Surgical Inc.,"1,156","7,92,369",,
CRBN,iShares MSCI ACWI Low Carbon Target ETF,31/07/20,United States — 57.0%,Invesco Ltd.,"4,692","47,108",,
CRBN,iShares MSCI ACWI Low Carbon Target ETF,31/07/20,United States — 57.0%,Invitation Homes Inc.,"5,100","1,52,082",,
CRBN,iShares MSCI ACWI Low Carbon Target ETF,31/07/20,United States — 57.0%,Ionis Pharmaceuticals Inc.,"1,224","70,453",,
CRBN,iShares MSCI ACWI Low Carbon Target ETF,31/07/20,United States — 57.0%,IQVIA Holdings Inc.,"1,836","2,90,804",,
CRBN,iShares MSCI ACWI Low Carbon Target ETF,31/07/20,United States — 57.0%,Iron Mountain Inc.,"3,196","90,095",,
CRBN,iShares MSCI ACWI Low Carbon Target ETF,31/07/20,United States — 57.0%,Jack Henry & Associates Inc.,680,"1,21,244",,
CRBN,iShares MSCI ACWI Low Carbon Target ETF,31/07/20,United States — 57.0%,Jacobs Engineering Group Inc.,"1,904","1,62,506",,
CRBN,iShares MSCI ACWI Low Carbon Target ETF,31/07/20,United States — 57.0%,Jazz Pharmaceuticals PLC,272,"29,444",,
CRBN,iShares MSCI ACWI Low Carbon Target ETF,31/07/20,United States — 57.0%,JM Smucker Co. (The),884,"96,665",,
CRBN,iShares MSCI ACWI Low Carbon Target ETF,31/07/20,United States — 57.0%,Johnson & Johnson,"23,120","33,69,971",,
CRBN,iShares MSCI ACWI Low Carbon Target ETF,31/07/20,United States — 57.0%,Johnson Controls International PLC,"4,692","1,80,548",,
CRBN,iShares MSCI ACWI Low Carbon Target ETF,31/07/20,United States — 57.0%,Jones Lang LaSalle Inc.,"1,020","1,00,888",,
CRBN,iShares MSCI ACWI Low Carbon Target ETF,31/07/20,United States — 57.0%,JPMorgan Chase & Co.,"25,404","24,55,043",,
CRBN,iShares MSCI ACWI Low Carbon Target ETF,31/07/20,United States — 57.0%,Juniper Networks Inc.,"2,516","63,856",,
CRBN,iShares MSCI ACWI Low Carbon Target ETF,31/07/20,United States — 57.0%,Kansas City Southern,340,"58,429",,
CRBN,iShares MSCI ACWI Low Carbon Target ETF,31/07/20,United States — 57.0%,Kellogg Co.,"1,217","83,961",,
CRBN,iShares MSCI ACWI Low Carbon Target ETF,31/07/20,United States — 57.0%,Keurig Dr Pepper Inc.,"2,856","87,365",,
CRBN,iShares MSCI ACWI Low Carbon Target ETF,31/07/20,United States — 57.0%,KeyCorp.,"9,044","1,08,618",,
CRBN,iShares MSCI ACWI Low Carbon Target ETF,31/07/20,United States — 57.0%,Keysight Technologies Inc.,"1,224","1,22,265",,
CRBN,iShares MSCI ACWI Low Carbon Target ETF,31/07/20,United States — 57.0%,Kimberly-Clark Corp.,"1,224","1,86,097",,
CRBN,iShares MSCI ACWI Low Carbon Target ETF,31/07/20,United States — 57.0%,Kinder Morgan Inc./DE,"44,812","6,31,849",,
CRBN,iShares MSCI ACWI Low Carbon Target ETF,31/07/20,United States — 57.0%,KKR & Co. Inc.,"5,644","1,99,628",,
CRBN,iShares MSCI ACWI Low Carbon Target ETF,31/07/20,United States — 57.0%,KLA Corp.,"1,496","2,98,946",,
CRBN,iShares MSCI ACWI Low Carbon Target ETF,31/07/20,United States — 57.0%,Kraft Heinz Co. (The),"7,480","2,57,162",,
CRBN,iShares MSCI ACWI Low Carbon Target ETF,31/07/20,United States — 57.0%,Kroger Co. (The),"3,604","1,25,383",,
CRBN,iShares MSCI ACWI Low Carbon Target ETF,31/07/20,United States — 57.0%,L3Harris Technologies Inc.,"1,949","3,28,075",,
CRBN,iShares MSCI ACWI Low Carbon Target ETF,31/07/20,United States — 57.0%,Laboratory Corp. of America Holdings,748,"1,44,304",,
CRBN,iShares MSCI ACWI Low Carbon Target ETF,31/07/20,United States — 57.0%,Lam Research Corp.,"1,360","5,12,938",,
CRBN,iShares MSCI ACWI Low Carbon Target ETF,31/07/20,United States — 57.0%,Lamb Weston Holdings Inc.,"1,564","93,965",,
CRBN,iShares MSCI ACWI Low Carbon Target ETF,31/07/20,United States — 57.0%,Las Vegas Sands Corp.,"4,420","1,92,889",,
CRBN,iShares MSCI ACWI Low Carbon Target ETF,31/07/20,United States — 57.0%,Leidos Holdings Inc.,"1,632","1,55,301",,
CRBN,iShares MSCI ACWI Low Carbon Target ETF,31/07/20,United States — 57.0%,"Lennar Corp., Class A","2,584","1,86,952",,
CRBN,iShares MSCI ACWI Low Carbon Target ETF,31/07/20,United States — 57.0%,Lennox International Inc.,612,"1,64,102",,
CRBN,iShares MSCI ACWI Low Carbon Target ETF,31/07/20,United States — 57.0%,"Liberty Global PLC, Class A","4,624","1,08,225",,
CRBN,iShares MSCI ACWI Low Carbon Target ETF,31/07/20,United States — 57.0%,"Liberty Media Corp.-Liberty Formula One, Class C, NVS","2,516","89,167",,
CRBN,iShares MSCI ACWI Low Carbon Target ETF,31/07/20,United States — 57.0%,"Liberty Media Corp.-Liberty SiriusXM, Class A","2,584","89,897",,
CRBN,iShares MSCI ACWI Low Carbon Target ETF,31/07/20,United States — 57.0%,Lincoln National Corp.,"2,720","1,01,374",,
CRBN,iShares MSCI ACWI Low Carbon Target ETF,31/07/20,United States — 57.0%,Live Nation Entertainment Inc.,"2,021","94,603",,
CRBN,iShares MSCI ACWI Low Carbon Target ETF,31/07/20,United States — 57.0%,LKQ Corp.,"3,536","99,680",,
CRBN,iShares MSCI ACWI Low Carbon Target ETF,31/07/20,United States — 57.0%,Lockheed Martin Corp.,"1,972","7,47,329",,
CRBN,iShares MSCI ACWI Low Carbon Target ETF,31/07/20,United States — 57.0%,Loews Corp.,"3,400","1,23,794",,
CRBN,iShares MSCI ACWI Low Carbon Target ETF,31/07/20,United States — 57.0%,Lowe’s Companies Inc.,"6,800","10,12,588",,
CRBN,iShares MSCI ACWI Low Carbon Target ETF,31/07/20,United States — 57.0%,Lululemon Athletica Inc.,"1,224","3,98,522",,
CRBN,iShares MSCI ACWI Low Carbon Target ETF,31/07/20,United States — 57.0%,M&T Bank Corp.,748,"79,251",,
CRBN,iShares MSCI ACWI Low Carbon Target ETF,31/07/20,United States — 57.0%,Markel Corp.,68,"71,029",,
CRBN,iShares MSCI ACWI Low Carbon Target ETF,31/07/20,United States — 57.0%,MarketAxess Holdings Inc.,272,"1,40,542",,
CRBN,iShares MSCI ACWI Low Carbon Target ETF,31/07/20,United States — 57.0%,"Marriott International Inc./MD, Class A",952,"79,801",,
CRBN,iShares MSCI ACWI Low Carbon Target ETF,31/07/20,United States — 57.0%,Marsh & McLennan Companies Inc.,"5,236","6,10,518",,
CRBN,iShares MSCI ACWI Low Carbon Target ETF,31/07/20,United States — 57.0%,Martin Marietta Materials Inc.,408,"84,529",,
CRBN,iShares MSCI ACWI Low Carbon Target ETF,31/07/20,United States — 57.0%,Marvell Technology Group Ltd.,"6,188","2,25,676",,
CRBN,iShares MSCI ACWI Low Carbon Target ETF,31/07/20,United States — 57.0%,Masco Corp.,"4,828","2,75,968",,
CRBN,iShares MSCI ACWI Low Carbon Target ETF,31/07/20,United States — 57.0%,"Mastercard Inc., Class A","8,130","25,08,349",,
CRBN,iShares MSCI ACWI Low Carbon Target ETF,31/07/20,United States — 57.0%,Match Group Inc,"1,614","1,65,758",,
CRBN,iShares MSCI ACWI Low Carbon Target ETF,31/07/20,United States — 57.0%,Maxim Integrated Products Inc.,"2,924","1,99,095",,
CRBN,iShares MSCI ACWI Low Carbon Target ETF,31/07/20,United States — 57.0%,"McCormick & Co. Inc./MD, NVS","1,564","3,04,824",,
CRBN,iShares MSCI ACWI Low Carbon Target ETF,31/07/20,United States — 57.0%,McDonald’s Corp.,"7,140","13,87,159",,
CRBN,iShares MSCI ACWI Low Carbon Target ETF,31/07/20,United States — 57.0%,McKesson Corp.,"1,632","2,45,061",,
CRBN,iShares MSCI ACWI Low Carbon Target ETF,31/07/20,United States — 57.0%,Medical Properties Trust Inc.,"5,100","1,02,663",,
CRBN,iShares MSCI ACWI Low Carbon Target ETF,31/07/20,United States — 57.0%,Medtronic PLC,"11,968","11,54,673",,
CRBN,iShares MSCI ACWI Low Carbon Target ETF,31/07/20,United States — 57.0%,MercadoLibre Inc.,408,"4,58,845",,
CRBN,iShares MSCI ACWI Low Carbon Target ETF,31/07/20,United States — 57.0%,Merck & Co. Inc.,"22,984","18,44,236",,
CRBN,iShares MSCI ACWI Low Carbon Target ETF,31/07/20,United States — 57.0%,MetLife Inc.,"8,364","3,16,577",,
CRBN,iShares MSCI ACWI Low Carbon Target ETF,31/07/20,United States — 57.0%,Mettler-Toledo International Inc.,204,"1,90,740",,
CRBN,iShares MSCI ACWI Low Carbon Target ETF,31/07/20,United States — 57.0%,MGM Resorts International,"4,488","72,212",,
CRBN,iShares MSCI ACWI Low Carbon Target ETF,31/07/20,United States — 57.0%,Microchip Technology Inc.,"2,244","2,28,282",,
CRBN,iShares MSCI ACWI Low Carbon Target ETF,31/07/20,United States — 57.0%,Micron Technology Inc.,"10,336","5,17,368",,
CRBN,iShares MSCI ACWI Low Carbon Target ETF,31/07/20,United States — 57.0%,Microsoft Corp.,"62,900","1,28,95,129",,
CRBN,iShares MSCI ACWI Low Carbon Target ETF,31/07/20,United States — 57.0%,Moderna Inc. (a)(b),"1,768","1,31,009",,
CRBN,iShares MSCI ACWI Low Carbon Target ETF,31/07/20,United States — 57.0%,"Molson Coors Beverage Co., Class B","2,176","81,644",,
CRBN,iShares MSCI ACWI Low Carbon Target ETF,31/07/20,United States — 57.0%,"Mondelez International Inc., Class A","13,464","7,47,117",,
CRBN,iShares MSCI ACWI Low Carbon Target ETF,31/07/20,United States — 57.0%,MongoDB Inc.,340,"77,887",,
CRBN,iShares MSCI ACWI Low Carbon Target ETF,31/07/20,United States — 57.0%,Monster Beverage Corp.,"4,420","3,46,882",,
CRBN,iShares MSCI ACWI Low Carbon Target ETF,31/07/20,United States — 57.0%,Moody’s Corp.,"1,496","4,20,825",,
CRBN,iShares MSCI ACWI Low Carbon Target ETF,31/07/20,United States — 57.0%,Morgan Stanley,"7,344","3,58,975",,
CRBN,iShares MSCI ACWI Low Carbon Target ETF,31/07/20,United States — 57.0%,Motorola Solutions Inc.,"1,088","1,52,102",,
CRBN,iShares MSCI ACWI Low Carbon Target ETF,31/07/20,United States — 57.0%,MSCI Inc.,952,"3,57,933",,
CRBN,iShares MSCI ACWI Low Carbon Target ETF,31/07/20,United States — 57.0%,Mylan NV,"3,808","61,347",,
CRBN,iShares MSCI ACWI Low Carbon Target ETF,31/07/20,United States — 57.0%,National Oilwell Varco Inc.,"22,916","2,63,763",,
CRBN,iShares MSCI ACWI Low Carbon Target ETF,31/07/20,United States — 57.0%,NetApp Inc.,"2,516","1,11,459",,
CRBN,iShares MSCI ACWI Low Carbon Target ETF,31/07/20,United States — 57.0%,Netflix Inc.,"3,808","18,61,655",,
CRBN,iShares MSCI ACWI Low Carbon Target ETF,31/07/20,United States — 57.0%,Neurocrine Biosciences Inc.,544,"65,476",,
CRBN,iShares MSCI ACWI Low Carbon Target ETF,31/07/20,United States — 57.0%,Newell Brands Inc.,"5,508","90,331",,
CRBN,iShares MSCI ACWI Low Carbon Target ETF,31/07/20,United States — 57.0%,Newmont Corp.,"5,508","3,81,154",,
CRBN,iShares MSCI ACWI Low Carbon Target ETF,31/07/20,United States — 57.0%,"News Corp., Class A, NVS","4,896","62,277",,
CRBN,iShares MSCI ACWI Low Carbon Target ETF,31/07/20,United States — 57.0%,NextEra Energy Inc.,"2,924","8,20,767",,
CRBN,iShares MSCI ACWI Low Carbon Target ETF,31/07/20,United States — 57.0%,Nielsen Holdings PLC,"5,168","74,574",,
CRBN,iShares MSCI ACWI Low Carbon Target ETF,31/07/20,United States — 57.0%,"Nike Inc., Class B","11,628","11,35,009",,
CRBN,iShares MSCI ACWI Low Carbon Target ETF,31/07/20,United States — 57.0%,Norfolk Southern Corp.,"2,380","4,57,460",,
CRBN,iShares MSCI ACWI Low Carbon Target ETF,31/07/20,United States — 57.0%,Northern Trust Corp.,"1,156","90,573",,
CRBN,iShares MSCI ACWI Low Carbon Target ETF,31/07/20,United States — 57.0%,Northrop Grumman Corp.,"1,360","4,42,014",,
CRBN,iShares MSCI ACWI Low Carbon Target ETF,31/07/20,United States — 57.0%,NortonLifeLock Inc.,"6,052","1,29,815",,
CRBN,iShares MSCI ACWI Low Carbon Target ETF,31/07/20,United States — 57.0%,NVIDIA Corp.,"5,236","22,23,153",,
CRBN,iShares MSCI ACWI Low Carbon Target ETF,31/07/20,United States — 57.0%,O’Reilly Automotive Inc.,680,"3,24,618",,
CRBN,iShares MSCI ACWI Low Carbon Target ETF,31/07/20,United States — 57.0%,Okta Inc.,612,"1,35,240",,
CRBN,iShares MSCI ACWI Low Carbon Target ETF,31/07/20,United States — 57.0%,Old Dominion Freight Line Inc.,"1,604","2,93,243",,
CRBN,iShares MSCI ACWI Low Carbon Target ETF,31/07/20,United States — 57.0%,Omega Healthcare Investors Inc.,"2,720","88,074",,
CRBN,iShares MSCI ACWI Low Carbon Target ETF,31/07/20,United States — 57.0%,Omnicom Group Inc.,"1,428","76,726",,
CRBN,iShares MSCI ACWI Low Carbon Target ETF,31/07/20,United States — 57.0%,ONEOK Inc.,"6,936","1,93,584",,
CRBN,iShares MSCI ACWI Low Carbon Target ETF,31/07/20,United States — 57.0%,Oracle Corp.,"19,108","10,59,539",,
CRBN,iShares MSCI ACWI Low Carbon Target ETF,31/07/20,United States — 57.0%,Otis Worldwide Corp.,"4,163","2,61,187",,
CRBN,iShares MSCI ACWI Low Carbon Target ETF,31/07/20,United States — 57.0%,PACCAR Inc.,"1,904","1,61,992",,
CRBN,iShares MSCI ACWI Low Carbon Target ETF,31/07/20,United States — 57.0%,Palo Alto Networks Inc.,"1,020","2,61,038",,
CRBN,iShares MSCI ACWI Low Carbon Target ETF,31/07/20,United States — 57.0%,Parker-Hannifin Corp.,"1,020","1,82,498",,
CRBN,iShares MSCI ACWI Low Carbon Target ETF,31/07/20,United States — 57.0%,Paychex Inc.,"4,216","3,03,215",,
CRBN,iShares MSCI ACWI Low Carbon Target ETF,31/07/20,United States — 57.0%,Paycom Software Inc.,272,"77,349",,
CRBN,iShares MSCI ACWI Low Carbon Target ETF,31/07/20,United States — 57.0%,PayPal Holdings Inc.,"9,724","19,06,585",,
CRBN,iShares MSCI ACWI Low Carbon Target ETF,31/07/20,United States — 57.0%,Pentair PLC,"1,863","79,830",,
CRBN,iShares MSCI ACWI Low Carbon Target ETF,31/07/20,United States — 57.0%,People’s United Financial Inc.,"3,060","33,017",,
CRBN,iShares MSCI ACWI Low Carbon Target ETF,31/07/20,United States — 57.0%,PepsiCo Inc.,"12,172","16,75,597",,
CRBN,iShares MSCI ACWI Low Carbon Target ETF,31/07/20,United States — 57.0%,Perrigo Co. PLC,"1,088","57,686",,
CRBN,iShares MSCI ACWI Low Carbon Target ETF,31/07/20,United States — 57.0%,Pfizer Inc.,"47,804","18,39,498",,
CRBN,iShares MSCI ACWI Low Carbon Target ETF,31/07/20,United States — 57.0%,Philip Morris International Inc.,"13,940","10,70,731",,
CRBN,iShares MSCI ACWI Low Carbon Target ETF,31/07/20,United States — 57.0%,Phillips 66,"5,100","3,16,302",,
CRBN,iShares MSCI ACWI Low Carbon Target ETF,31/07/20,United States — 57.0%,"Pinterest Inc., Class A","3,332","1,14,254",,
CRBN,iShares MSCI ACWI Low Carbon Target ETF,31/07/20,United States — 57.0%,Pioneer Natural Resources Co.,"4,352","4,21,796",,
CRBN,iShares MSCI ACWI Low Carbon Target ETF,31/07/20,United States — 57.0%,PNC Financial Services Group Inc. (The),"3,944","4,20,706",,
CRBN,iShares MSCI ACWI Low Carbon Target ETF,31/07/20,United States — 57.0%,PPG Industries Inc.,"3,468","3,73,330",,
CRBN,iShares MSCI ACWI Low Carbon Target ETF,31/07/20,United States — 57.0%,Principal Financial Group Inc.,"3,128","1,32,721",,
CRBN,iShares MSCI ACWI Low Carbon Target ETF,31/07/20,United States — 57.0%,Procter & Gamble Co. (The),"22,440","29,42,333",,
CRBN,iShares MSCI ACWI Low Carbon Target ETF,31/07/20,United States — 57.0%,Progressive Corp. (The),"5,032","4,54,591",,
CRBN,iShares MSCI ACWI Low Carbon Target ETF,31/07/20,United States — 57.0%,Prologis Inc.,"6,664","7,02,519",,
CRBN,iShares MSCI ACWI Low Carbon Target ETF,31/07/20,United States — 57.0%,Prudential Financial Inc.,"4,828","3,05,950",,
CRBN,iShares MSCI ACWI Low Carbon Target ETF,31/07/20,United States — 57.0%,Public Storage,"1,496","2,99,020",,
CRBN,iShares MSCI ACWI Low Carbon Target ETF,31/07/20,United States — 57.0%,PulteGroup Inc.,"2,040","88,944",,
CRBN,iShares MSCI ACWI Low Carbon Target ETF,31/07/20,United States — 57.0%,Qorvo Inc.,748,"95,856",,
CRBN,iShares MSCI ACWI Low Carbon Target ETF,31/07/20,United States — 57.0%,Qualcomm Inc.,"10,336","10,91,585",,
CRBN,iShares MSCI ACWI Low Carbon Target ETF,31/07/20,United States — 57.0%,Quest Diagnostics Inc.,"1,428","1,81,456",,
CRBN,iShares MSCI ACWI Low Carbon Target ETF,31/07/20,United States — 57.0%,Ralph Lauren Corp.,748,"53,332",,
CRBN,iShares MSCI ACWI Low Carbon Target ETF,31/07/20,United States — 57.0%,Raytheon Technologies Corp.,"14,355","8,13,641",,
CRBN,iShares MSCI ACWI Low Carbon Target ETF,31/07/20,United States — 57.0%,Realty Income Corp.,"1,632","98,002",,
CRBN,iShares MSCI ACWI Low Carbon Target ETF,31/07/20,United States — 57.0%,Regency Centers Corp.,"1,632","66,961",,
CRBN,iShares MSCI ACWI Low Carbon Target ETF,31/07/20,United States — 57.0%,Regeneron Pharmaceuticals Inc.,680,"4,29,808",,
CRBN,iShares MSCI ACWI Low Carbon Target ETF,31/07/20,United States — 57.0%,Regions Financial Corp.,"8,160","88,618",,
CRBN,iShares MSCI ACWI Low Carbon Target ETF,31/07/20,United States — 57.0%,Reinsurance Group of America Inc.,612,"52,173",,
CRBN,iShares MSCI ACWI Low Carbon Target ETF,31/07/20,United States — 57.0%,ResMed Inc.,"1,224","2,47,872",,
CRBN,iShares MSCI ACWI Low Carbon Target ETF,31/07/20,United States — 57.0%,"RingCentral Inc., Class A",476,"1,38,169",,
CRBN,iShares MSCI ACWI Low Carbon Target ETF,31/07/20,United States — 57.0%,Robert Half International Inc.,"3,400","1,72,958",,
CRBN,iShares MSCI ACWI Low Carbon Target ETF,31/07/20,United States — 57.0%,Rockwell Automation Inc.,952,"2,07,669",,
CRBN,iShares MSCI ACWI Low Carbon Target ETF,31/07/20,United States — 57.0%,Roku Inc.,816,"1,26,390",,
CRBN,iShares MSCI ACWI Low Carbon Target ETF,31/07/20,United States — 57.0%,Rollins Inc.,"2,788","1,46,091",,
CRBN,iShares MSCI ACWI Low Carbon Target ETF,31/07/20,United States — 57.0%,Roper Technologies Inc.,"1,020","4,41,099",,
CRBN,iShares MSCI ACWI Low Carbon Target ETF,31/07/20,United States — 57.0%,Ross Stores Inc.,"3,196","2,86,585",,
CRBN,iShares MSCI ACWI Low Carbon Target ETF,31/07/20,United States — 57.0%,S&P Global Inc.,"2,516","8,81,229",,
CRBN,iShares MSCI ACWI Low Carbon Target ETF,31/07/20,United States — 57.0%,salesforce.com Inc.,"6,664","12,98,480",,
CRBN,iShares MSCI ACWI Low Carbon Target ETF,31/07/20,United States — 57.0%,Sarepta Therapeutics Inc.,612,"93,954",,
CRBN,iShares MSCI ACWI Low Carbon Target ETF,31/07/20,United States — 57.0%,SBA Communications Corp.,"1,156","3,60,140",,
CRBN,iShares MSCI ACWI Low Carbon Target ETF,31/07/20,United States — 57.0%,Schlumberger Ltd.,"77,656","14,08,680",,
CRBN,iShares MSCI ACWI Low Carbon Target ETF,31/07/20,United States — 57.0%,Seagate Technology PLC,"2,040","92,249",,
CRBN,iShares MSCI ACWI Low Carbon Target ETF,31/07/20,United States — 57.0%,Sealed Air Corp.,"3,264","1,16,460",,
CRBN,iShares MSCI ACWI Low Carbon Target ETF,31/07/20,United States — 57.0%,Seattle Genetics Inc.,816,"1,35,676",,
CRBN,iShares MSCI ACWI Low Carbon Target ETF,31/07/20,United States — 57.0%,Sempra Energy,"3,745","4,66,103",,
CRBN,iShares MSCI ACWI Low Carbon Target ETF,31/07/20,United States — 57.0%,ServiceNow Inc.,"1,632","7,16,774",,
CRBN,iShares MSCI ACWI Low Carbon Target ETF,31/07/20,United States — 57.0%,Sherwin-Williams Co. (The),952,"6,16,820",,
CRBN,iShares MSCI ACWI Low Carbon Target ETF,31/07/20,United States — 57.0%,Simon Property Group Inc.,"3,196","1,99,271",,
CRBN,iShares MSCI ACWI Low Carbon Target ETF,31/07/20,United States — 57.0%,Sirius XM Holdings Inc.,"6,596","38,784",,
CRBN,iShares MSCI ACWI Low Carbon Target ETF,31/07/20,United States — 57.0%,Skyworks Solutions Inc.,"1,496","2,17,788",,
CRBN,iShares MSCI ACWI Low Carbon Target ETF,31/07/20,United States — 57.0%,"Slack Technologies Inc., Class A","2,584","76,357",,
CRBN,iShares MSCI ACWI Low Carbon Target ETF,31/07/20,United States — 57.0%,"Snap Inc., Class A, NVS (a)(b)","8,432","1,89,045",,
CRBN,iShares MSCI ACWI Low Carbon Target ETF,31/07/20,United States — 57.0%,Snap-on Inc.,680,"99,192",,
CRBN,iShares MSCI ACWI Low Carbon Target ETF,31/07/20,United States — 57.0%,Splunk Inc.,"1,156","2,42,552",,
CRBN,iShares MSCI ACWI Low Carbon Target ETF,31/07/20,United States — 57.0%,"Square Inc., Class A","2,924","3,79,681",,
CRBN,iShares MSCI ACWI Low Carbon Target ETF,31/07/20,United States — 57.0%,SS&C Technologies Holdings Inc.,"1,496","86,020",,
CRBN,iShares MSCI ACWI Low Carbon Target ETF,31/07/20,United States — 57.0%,United States (continued) Stanley Black & Decker Inc.,"1,632","2,50,218",,
CRBN,iShares MSCI ACWI Low Carbon Target ETF,31/07/20,United States — 57.0%,Starbucks Corp.,"11,424","8,74,279",,
CRBN,iShares MSCI ACWI Low Carbon Target ETF,31/07/20,United States — 57.0%,State Street Corp.,"3,455","2,20,394",,
CRBN,iShares MSCI ACWI Low Carbon Target ETF,31/07/20,United States — 57.0%,Stryker Corp.,"2,856","5,52,065",,
CRBN,iShares MSCI ACWI Low Carbon Target ETF,31/07/20,United States — 57.0%,Sun Communities Inc.,136,"20,390",,
CRBN,iShares MSCI ACWI Low Carbon Target ETF,31/07/20,United States — 57.0%,SVB Financial Group,476,"1,06,753",,
CRBN,iShares MSCI ACWI Low Carbon Target ETF,31/07/20,United States — 57.0%,Synchrony Financial,"3,604","79,757",,
CRBN,iShares MSCI ACWI Low Carbon Target ETF,31/07/20,United States — 57.0%,Sysco Corp.,"6,188","3,27,036",,
CRBN,iShares MSCI ACWI Low Carbon Target ETF,31/07/20,United States — 57.0%,T-Mobile U.S. Inc.,"3,057","3,28,261",,
CRBN,iShares MSCI ACWI Low Carbon Target ETF,31/07/20,United States — 57.0%,T Rowe Price Group Inc.,"2,244","3,09,896",,
CRBN,iShares MSCI ACWI Low Carbon Target ETF,31/07/20,United States — 57.0%,Take-Two Interactive Software Inc.,"1,088","1,78,454",,
CRBN,iShares MSCI ACWI Low Carbon Target ETF,31/07/20,United States — 57.0%,Target Corp.,"4,352","5,47,830",,
CRBN,iShares MSCI ACWI Low Carbon Target ETF,31/07/20,United States — 57.0%,TD Ameritrade Holding Corp.,"1,428","51,251",,
CRBN,iShares MSCI ACWI Low Carbon Target ETF,31/07/20,United States — 57.0%,TE Connectivity Ltd.,"3,944","3,51,292",,
CRBN,iShares MSCI ACWI Low Carbon Target ETF,31/07/20,United States — 57.0%,Teladoc Health Inc.,476,"1,13,112",,
CRBN,iShares MSCI ACWI Low Carbon Target ETF,31/07/20,United States — 57.0%,Teledyne Technologies Inc.,204,"62,567",,
CRBN,iShares MSCI ACWI Low Carbon Target ETF,31/07/20,United States — 57.0%,Teleflex Inc.,340,"1,26,854",,
CRBN,iShares MSCI ACWI Low Carbon Target ETF,31/07/20,United States — 57.0%,Tesla Inc.,"1,292","18,48,542",,
CRBN,iShares MSCI ACWI Low Carbon Target ETF,31/07/20,United States — 57.0%,Texas Instruments Inc.,"8,918","11,37,491",,
CRBN,iShares MSCI ACWI Low Carbon Target ETF,31/07/20,United States — 57.0%,Textron Inc.,"1,972","68,902",,
CRBN,iShares MSCI ACWI Low Carbon Target ETF,31/07/20,United States — 57.0%,Thermo Fisher Scientific Inc.,"3,604","14,91,876",,
CRBN,iShares MSCI ACWI Low Carbon Target ETF,31/07/20,United States — 57.0%,Tiffany & Co.,952,"1,19,343",,
CRBN,iShares MSCI ACWI Low Carbon Target ETF,31/07/20,United States — 57.0%,TJX Companies Inc. (The),"8,432","4,38,380",,
CRBN,iShares MSCI ACWI Low Carbon Target ETF,31/07/20,United States — 57.0%,Tractor Supply Co.,"1,428","2,03,833",,
CRBN,iShares MSCI ACWI Low Carbon Target ETF,31/07/20,United States — 57.0%,"Trade Desk Inc. (The), Class A",340,"1,53,449",,
CRBN,iShares MSCI ACWI Low Carbon Target ETF,31/07/20,United States — 57.0%,"Tradeweb Markets Inc., Class A",952,"51,475",,
CRBN,iShares MSCI ACWI Low Carbon Target ETF,31/07/20,United States — 57.0%,TransDigm Group Inc.,476,"2,05,432",,
CRBN,iShares MSCI ACWI Low Carbon Target ETF,31/07/20,United States — 57.0%,TransUnion,"2,652","2,37,540",,
CRBN,iShares MSCI ACWI Low Carbon Target ETF,31/07/20,United States — 57.0%,Travelers Companies Inc. (The),"2,788","3,19,003",,
CRBN,iShares MSCI ACWI Low Carbon Target ETF,31/07/20,United States — 57.0%,Trimble Inc.,"2,924","1,30,147",,
CRBN,iShares MSCI ACWI Low Carbon Target ETF,31/07/20,United States — 57.0%,Truist Financial Corp.,"11,408","4,27,344",,
CRBN,iShares MSCI ACWI Low Carbon Target ETF,31/07/20,United States — 57.0%,"Twilio Inc., Class A",816,"2,26,375",,
CRBN,iShares MSCI ACWI Low Carbon Target ETF,31/07/20,United States — 57.0%,Twitter Inc.,"6,052","2,20,293",,
CRBN,iShares MSCI ACWI Low Carbon Target ETF,31/07/20,United States — 57.0%,"Tyson Foods Inc., Class A","1,428","87,751",,
CRBN,iShares MSCI ACWI Low Carbon Target ETF,31/07/20,United States — 57.0%,U.S. Bancorp,"9,996","3,68,253",,
CRBN,iShares MSCI ACWI Low Carbon Target ETF,31/07/20,United States — 57.0%,Uber Technologies Inc.,"9,384","2,83,960",,
CRBN,iShares MSCI ACWI Low Carbon Target ETF,31/07/20,United States — 57.0%,UDR Inc.,"1,884","68,201",,
CRBN,iShares MSCI ACWI Low Carbon Target ETF,31/07/20,United States — 57.0%,UGI Corp.,"3,536","1,17,890",,
CRBN,iShares MSCI ACWI Low Carbon Target ETF,31/07/20,United States — 57.0%,Ulta Beauty Inc.,612,"1,18,110",,
CRBN,iShares MSCI ACWI Low Carbon Target ETF,31/07/20,United States — 57.0%,Union Pacific Corp.,"6,256","10,84,478",,
CRBN,iShares MSCI ACWI Low Carbon Target ETF,31/07/20,United States — 57.0%,"United Parcel Service Inc., Class B","5,100","7,28,076",,
CRBN,iShares MSCI ACWI Low Carbon Target ETF,31/07/20,United States — 57.0%,United Rentals Inc.,952,"1,47,912",,
CRBN,iShares MSCI ACWI Low Carbon Target ETF,31/07/20,United States — 57.0%,UnitedHealth Group Inc.,"8,160","24,70,685",,
CRBN,iShares MSCI ACWI Low Carbon Target ETF,31/07/20,United States — 57.0%,"Universal Health Services Inc., Class B",680,"74,732",,
CRBN,iShares MSCI ACWI Low Carbon Target ETF,31/07/20,United States — 57.0%,Vail Resorts Inc.,612,"1,17,522",,
CRBN,iShares MSCI ACWI Low Carbon Target ETF,31/07/20,United States — 57.0%,Valero Energy Corp.,"1,632","91,767",,
CRBN,iShares MSCI ACWI Low Carbon Target ETF,31/07/20,United States — 57.0%,Varian Medical Systems Inc.,"1,088","1,55,279",,
CRBN,iShares MSCI ACWI Low Carbon Target ETF,31/07/20,United States — 57.0%,"Veeva Systems Inc., Class A","1,292","3,41,824",,
CRBN,iShares MSCI ACWI Low Carbon Target ETF,31/07/20,United States — 57.0%,Ventas Inc.,"3,808","1,46,075",,
CRBN,iShares MSCI ACWI Low Carbon Target ETF,31/07/20,United States — 57.0%,VEREIT Inc.,"16,252","1,05,801",,
CRBN,iShares MSCI ACWI Low Carbon Target ETF,31/07/20,United States — 57.0%,VeriSign Inc.,884,"1,87,125",,
CRBN,iShares MSCI ACWI Low Carbon Target ETF,31/07/20,United States — 57.0%,Verisk Analytics Inc.,"2,108","3,97,801",,
CRBN,iShares MSCI ACWI Low Carbon Target ETF,31/07/20,United States — 57.0%,Verizon Communications Inc.,"34,748","19,97,315",,
CRBN,iShares MSCI ACWI Low Carbon Target ETF,31/07/20,United States — 57.0%,Vertex Pharmaceuticals Inc.,"2,176","5,91,872",,
CRBN,iShares MSCI ACWI Low Carbon Target ETF,31/07/20,United States — 57.0%,VF Corp.,"3,128","1,88,806",,
CRBN,iShares MSCI ACWI Low Carbon Target ETF,31/07/20,United States — 57.0%,"ViacomCBS Inc., Class B, NVS","3,658","95,364",,
CRBN,iShares MSCI ACWI Low Carbon Target ETF,31/07/20,United States — 57.0%,VICI Properties Inc.,"5,100","1,10,721",,
CRBN,iShares MSCI ACWI Low Carbon Target ETF,31/07/20,United States — 57.0%,"Visa Inc., Class A","15,444","29,40,538",,
CRBN,iShares MSCI ACWI Low Carbon Target ETF,31/07/20,United States — 57.0%,"VMware Inc., Class A",952,"1,33,480",,
CRBN,iShares MSCI ACWI Low Carbon Target ETF,31/07/20,United States — 57.0%,Vornado Realty Trust,"2,312","79,810",,
CRBN,iShares MSCI ACWI Low Carbon Target ETF,31/07/20,United States — 57.0%,United States (continued) Voya Financial Inc.,"2,584","1,27,650",,
CRBN,iShares MSCI ACWI Low Carbon Target ETF,31/07/20,United States — 57.0%,Vulcan Materials Co.,"1,836","2,15,583",,
CRBN,iShares MSCI ACWI Low Carbon Target ETF,31/07/20,United States — 57.0%,Walmart Inc.,"12,512","16,19,053",,
CRBN,iShares MSCI ACWI Low Carbon Target ETF,31/07/20,United States — 57.0%,Walgreens Boots Alliance Inc.,"8,228","3,34,962",,
CRBN,iShares MSCI ACWI Low Carbon Target ETF,31/07/20,United States — 57.0%,Walt Disney Co. (The),"15,899","18,59,229",,
CRBN,iShares MSCI ACWI Low Carbon Target ETF,31/07/20,United States — 57.0%,Waters Corp.,816,"1,73,930",,
CRBN,iShares MSCI ACWI Low Carbon Target ETF,31/07/20,United States — 57.0%,"Wayfair Inc., Class A",748,"1,99,035",,
CRBN,iShares MSCI ACWI Low Carbon Target ETF,31/07/20,United States — 57.0%,Wells Fargo & Co.,"32,436","7,86,897",,
CRBN,iShares MSCI ACWI Low Carbon Target ETF,31/07/20,United States — 57.0%,Welltower Inc.,"3,672","1,96,672",,
CRBN,iShares MSCI ACWI Low Carbon Target ETF,31/07/20,United States — 57.0%,West Pharmaceutical Services Inc.,408,"1,09,699",,
CRBN,iShares MSCI ACWI Low Carbon Target ETF,31/07/20,United States — 57.0%,Western Digital Corp.,"2,788","1,20,163",,
CRBN,iShares MSCI ACWI Low Carbon Target ETF,31/07/20,United States — 57.0%,Western Union Co. (The),"4,760","1,15,573",,
CRBN,iShares MSCI ACWI Low Carbon Target ETF,31/07/20,United States — 57.0%,Westinghouse Air Brake Technologies Corp,"1,972","1,22,639",,
CRBN,iShares MSCI ACWI Low Carbon Target ETF,31/07/20,United States — 57.0%,Weyerhaeuser Co.,"9,452","2,62,860",,
CRBN,iShares MSCI ACWI Low Carbon Target ETF,31/07/20,United States — 57.0%,Williams Companies Inc. (The),"16,592","3,17,405",,
CRBN,iShares MSCI ACWI Low Carbon Target ETF,31/07/20,United States — 57.0%,Willis Towers Watson PLC,972,"2,04,130",,
CRBN,iShares MSCI ACWI Low Carbon Target ETF,31/07/20,United States — 57.0%,"Workday Inc., Class A","1,564","2,82,959",,
CRBN,iShares MSCI ACWI Low Carbon Target ETF,31/07/20,United States — 57.0%,WP Carey Inc.,"2,661","1,89,916",,
CRBN,iShares MSCI ACWI Low Carbon Target ETF,31/07/20,United States — 57.0%,WW Grainger Inc.,544,"1,85,792",,
CRBN,iShares MSCI ACWI Low Carbon Target ETF,31/07/20,United States — 57.0%,Wynn Resorts Ltd.,"1,428","1,03,430",,
CRBN,iShares MSCI ACWI Low Carbon Target ETF,31/07/20,United States — 57.0%,Xilinx Inc.,"2,380","2,55,493",,
CRBN,iShares MSCI ACWI Low Carbon Target ETF,31/07/20,United States — 57.0%,XPO Logistics Inc.,816,"61,216",,
CRBN,iShares MSCI ACWI Low Carbon Target ETF,31/07/20,United States — 57.0%,Xylem Inc./NY,"2,820","2,05,804",,
CRBN,iShares MSCI ACWI Low Carbon Target ETF,31/07/20,United States — 57.0%,Yum! Brands Inc.,"1,904","1,73,359",,
CRBN,iShares MSCI ACWI Low Carbon Target ETF,31/07/20,United States — 57.0%,"Zebra Technologies Corp., Class A",408,"1,14,546",,
CRBN,iShares MSCI ACWI Low Carbon Target ETF,31/07/20,United States — 57.0%,"Zillow Group Inc., Class C, NVS","1,768","1,20,914",,
CRBN,iShares MSCI ACWI Low Carbon Target ETF,31/07/20,United States — 57.0%,Zimmer Biomet Holdings Inc.,"1,836","2,47,603",,
CRBN,iShares MSCI ACWI Low Carbon Target ETF,31/07/20,United States — 57.0%,Zoetis Inc.,"4,692","7,11,683",,
CRBN,iShares MSCI ACWI Low Carbon Target ETF,31/07/20,United States — 57.0%,"Zoom Video Communications Inc., Class A",816,"2,07,191","24,65,12,274",427849026