etf_ticker,etf_name,date,sector,security,shares,value,total_value,total_overall_value
CRBN,iShares MSCI ACWI Low Carbon Target ETF,31/07/23,Australia — 1.7%,Aristocrat Leisure Ltd.,"13,431","3,55,723",,
CRBN,iShares MSCI ACWI Low Carbon Target ETF,31/07/23,Australia — 1.7%,ASX Ltd.,"3,441","1,43,760",,
CRBN,iShares MSCI ACWI Low Carbon Target ETF,31/07/23,Australia — 1.7%,Australia & New Zealand Banking Group Ltd.,"34,766","6,03,161",,
CRBN,iShares MSCI ACWI Low Carbon Target ETF,31/07/23,Australia — 1.7%,Brambles Ltd.,"73,371","6,94,146",,
CRBN,iShares MSCI ACWI Low Carbon Target ETF,31/07/23,Australia — 1.7%,Cochlear Ltd.,"1,110","1,78,568",,
CRBN,iShares MSCI ACWI Low Carbon Target ETF,31/07/23,Australia — 1.7%,Coles Group Ltd.,"6,771","82,800",,
CRBN,iShares MSCI ACWI Low Carbon Target ETF,31/07/23,Australia — 1.7%,Commonwealth Bank of Australia,"22,422","15,95,298",,
CRBN,iShares MSCI ACWI Low Carbon Target ETF,31/07/23,Australia — 1.7%,Computershare Ltd.,"26,307","4,43,674",,
CRBN,iShares MSCI ACWI Low Carbon Target ETF,31/07/23,Australia — 1.7%,CSL Ltd.,"7,326","13,19,531",,
CRBN,iShares MSCI ACWI Low Carbon Target ETF,31/07/23,Australia — 1.7%,Dexus,"74,370","4,11,622",,
CRBN,iShares MSCI ACWI Low Carbon Target ETF,31/07/23,Australia — 1.7%,Endeavour Group Ltd./Australia,"16,983","69,415",,
CRBN,iShares MSCI ACWI Low Carbon Target ETF,31/07/23,Australia — 1.7%,Goodman Group,"32,967","4,55,840",,
CRBN,iShares MSCI ACWI Low Carbon Target ETF,31/07/23,Australia — 1.7%,GPT Group (The),"43,068","1,25,882",,
CRBN,iShares MSCI ACWI Low Carbon Target ETF,31/07/23,Australia — 1.7%,IDP Education Ltd.,"4,218","70,687",,
CRBN,iShares MSCI ACWI Low Carbon Target ETF,31/07/23,Australia — 1.7%,IGO Ltd.,"64,269","6,00,546",,
CRBN,iShares MSCI ACWI Low Carbon Target ETF,31/07/23,Australia — 1.7%,Insurance Australia Group Ltd.,"55,500","2,21,557",,
CRBN,iShares MSCI ACWI Low Carbon Target ETF,31/07/23,Australia — 1.7%,James Hardie Industries PLC,"15,984","4,68,441",,
CRBN,iShares MSCI ACWI Low Carbon Target ETF,31/07/23,Australia — 1.7%,Lottery Corp. Ltd. (The),"64,602","2,24,808",,
CRBN,iShares MSCI ACWI Low Carbon Target ETF,31/07/23,Australia — 1.7%,Macquarie Group Ltd.,"5,106","6,02,150",,
CRBN,iShares MSCI ACWI Low Carbon Target ETF,31/07/23,Australia — 1.7%,Medibank Pvt Ltd.,"35,631","84,121",,
CRBN,iShares MSCI ACWI Low Carbon Target ETF,31/07/23,Australia — 1.7%,Mineral Resources Ltd.,"14,874","7,18,664",,
CRBN,iShares MSCI ACWI Low Carbon Target ETF,31/07/23,Australia — 1.7%,Mirvac Group,"68,931","1,08,656",,
CRBN,iShares MSCI ACWI Low Carbon Target ETF,31/07/23,Australia — 1.7%,National Australia Bank Ltd.,"45,288","8,67,539",,
CRBN,iShares MSCI ACWI Low Carbon Target ETF,31/07/23,Australia — 1.7%,Newcrest Mining Ltd.,"15,207","2,72,767",,
CRBN,iShares MSCI ACWI Low Carbon Target ETF,31/07/23,Australia — 1.7%,QBE Insurance Group Ltd.,"30,303","3,21,724",,
CRBN,iShares MSCI ACWI Low Carbon Target ETF,31/07/23,Australia — 1.7%,Ramsay Health Care Ltd.,"3,552","1,40,760",,
CRBN,iShares MSCI ACWI Low Carbon Target ETF,31/07/23,Australia — 1.7%,Scentre Group,"97,236","1,83,999",,
CRBN,iShares MSCI ACWI Low Carbon Target ETF,31/07/23,Australia — 1.7%,Sonic Healthcare Ltd.,"9,324","2,20,306",,
CRBN,iShares MSCI ACWI Low Carbon Target ETF,31/07/23,Australia — 1.7%,Stockland,"77,367","2,19,879",,
CRBN,iShares MSCI ACWI Low Carbon Target ETF,31/07/23,Australia — 1.7%,Suncorp Group Ltd.,"21,534","2,06,339",,
CRBN,iShares MSCI ACWI Low Carbon Target ETF,31/07/23,Australia — 1.7%,Telstra Corp. Ltd.,"1,00,233","2,86,888",,
CRBN,iShares MSCI ACWI Low Carbon Target ETF,31/07/23,Australia — 1.7%,Transurban Group,"63,381","6,11,946",,
CRBN,iShares MSCI ACWI Low Carbon Target ETF,31/07/23,Australia — 1.7%,Treasury Wine Estates Ltd.,"28,860","2,18,432",,
CRBN,iShares MSCI ACWI Low Carbon Target ETF,31/07/23,Australia — 1.7%,Vicinity Ltd.,"1,38,750","1,84,483",,
CRBN,iShares MSCI ACWI Low Carbon Target ETF,31/07/23,Australia — 1.7%,Wesfarmers Ltd.,"17,427","5,82,273",,
CRBN,iShares MSCI ACWI Low Carbon Target ETF,31/07/23,Australia — 1.7%,Westpac Banking Corp.,"49,839","7,49,123",,
CRBN,iShares MSCI ACWI Low Carbon Target ETF,31/07/23,Australia — 1.7%,WiseTech Global Ltd.,"2,775","1,60,254",,
CRBN,iShares MSCI ACWI Low Carbon Target ETF,31/07/23,Australia — 1.7%,Woolworths Group Ltd.,"14,319","3,71,848",,
CRBN,iShares MSCI ACWI Low Carbon Target ETF,31/07/23,Australia — 1.7%,Xero Ltd.,"2,109","1,73,363","1,53,50,973",
CRBN,iShares MSCI ACWI Low Carbon Target ETF,31/07/23,Austria — 0.1%,Erste Group Bank AG,"12,987","4,90,855",,
CRBN,iShares MSCI ACWI Low Carbon Target ETF,31/07/23,Austria — 0.1%,Verbund AG,"4,107","3,40,294","8,31,149",
CRBN,iShares MSCI ACWI Low Carbon Target ETF,31/07/23,Belgium — 0.2%,Anheuser-Busch InBev SA/NV,"21,201","12,12,817",,
CRBN,iShares MSCI ACWI Low Carbon Target ETF,31/07/23,Belgium — 0.2%,Argenx SE,222,"1,11,808",,
CRBN,iShares MSCI ACWI Low Carbon Target ETF,31/07/23,Belgium — 0.2%,D’ieteren Group,444,"77,543",,
CRBN,iShares MSCI ACWI Low Carbon Target ETF,31/07/23,Belgium — 0.2%,Elia Group SA/NV,"2,256","2,77,770","16,79,938",
CRBN,iShares MSCI ACWI Low Carbon Target ETF,31/07/23,Brazil — 0.4%,Ambev SA,"88,816","2,79,102",,
CRBN,iShares MSCI ACWI Low Carbon Target ETF,31/07/23,Brazil — 0.4%,"B3 SA - Brasil, Bolsa, Balcao","1,16,550","3,67,242",,
CRBN,iShares MSCI ACWI Low Carbon Target ETF,31/07/23,Brazil — 0.4%,Banco Bradesco SA,"60,456","1,89,854",,
CRBN,iShares MSCI ACWI Low Carbon Target ETF,31/07/23,Brazil — 0.4%,Banco BTG Pactual SA,"53,391","3,83,997",,
CRBN,iShares MSCI ACWI Low Carbon Target ETF,31/07/23,Brazil — 0.4%,Banco do Brasil SA,"67,488","6,87,760",,
CRBN,iShares MSCI ACWI Low Carbon Target ETF,31/07/23,Brazil — 0.4%,BB Seguridade Participacoes SA,"34,632","2,27,914",,
CRBN,iShares MSCI ACWI Low Carbon Target ETF,31/07/23,Brazil — 0.4%,CCR SA,"68,376","1,92,169",,
CRBN,iShares MSCI ACWI Low Carbon Target ETF,31/07/23,Brazil — 0.4%,Cia. de Saneamento Basico do Estado de Sao Paulo,"10,767","1,32,289",,
CRBN,iShares MSCI ACWI Low Carbon Target ETF,31/07/23,Brazil — 0.4%,Hapvida Participacoes e Investimentos SA (a)(b),"40,163","40,768",,
CRBN,iShares MSCI ACWI Low Carbon Target ETF,31/07/23,Brazil — 0.4%,Hypera SA,"8,325","76,160",,
CRBN,iShares MSCI ACWI Low Carbon Target ETF,31/07/23,Brazil — 0.4%,Localiza Rent a Car SA,"14,073","2,00,050",,
CRBN,iShares MSCI ACWI Low Carbon Target ETF,31/07/23,Brazil — 0.4%,Lojas Renner SA,"20,313","80,543",,
CRBN,iShares MSCI ACWI Low Carbon Target ETF,31/07/23,Brazil — 0.4%,PRIO SA,"65,934","6,36,090",,
CRBN,iShares MSCI ACWI Low Carbon Target ETF,31/07/23,Brazil — 0.4%,Suzano SA,"14,541","1,47,816",,
CRBN,iShares MSCI ACWI Low Carbon Target ETF,31/07/23,Brazil — 0.4%,Telefonica Brasil SA,"17,316","1,54,201","37,95,955",
CRBN,iShares MSCI ACWI Low Carbon Target ETF,31/07/23,Canada — 3.6%,Agnico Eagle Mines Ltd.,"11,211","5,87,735",,
CRBN,iShares MSCI ACWI Low Carbon Target ETF,31/07/23,Canada — 3.6%,Bank of Montreal,"8,325","7,73,629",,
CRBN,iShares MSCI ACWI Low Carbon Target ETF,31/07/23,Canada — 3.6%,Bank of Nova Scotia (The),"19,203","9,66,958",,
CRBN,iShares MSCI ACWI Low Carbon Target ETF,31/07/23,Canada — 3.6%,BCE Inc.,"19,980","8,63,050",,
CRBN,iShares MSCI ACWI Low Carbon Target ETF,31/07/23,Canada — 3.6%,Brookfield Asset Management Ltd.,"4,308","1,45,315",,
CRBN,iShares MSCI ACWI Low Carbon Target ETF,31/07/23,Canada — 3.6%,"Brookfield Renewable Corp., Class A","15,873","4,94,733",,
CRBN,iShares MSCI ACWI Low Carbon Target ETF,31/07/23,Canada — 3.6%,CAE Inc.,"32,634","7,45,658",,
CRBN,iShares MSCI ACWI Low Carbon Target ETF,31/07/23,Canada — 3.6%,Cameco Corp.,"11,766","4,13,659",,
CRBN,iShares MSCI ACWI Low Carbon Target ETF,31/07/23,Canada — 3.6%,Canadian Imperial Bank of Commerce,"11,100","4,88,900",,
CRBN,iShares MSCI ACWI Low Carbon Target ETF,31/07/23,Canada — 3.6%,Canadian National Railway Co.,"8,880","10,76,388",,
CRBN,iShares MSCI ACWI Low Carbon Target ETF,31/07/23,Canada — 3.6%,Canadian Pacific Kansas City Ltd.,"12,210","10,04,652",,
CRBN,iShares MSCI ACWI Low Carbon Target ETF,31/07/23,Canada — 3.6%,"CCL Industries Inc., Class B, NVS","3,441","1,64,972",,
CRBN,iShares MSCI ACWI Low Carbon Target ETF,31/07/23,Canada — 3.6%,CGI Inc.,"2,109","2,14,315",,
CRBN,iShares MSCI ACWI Low Carbon Target ETF,31/07/23,Canada — 3.6%,Constellation Software Inc./Canada,555,"11,72,569",,
CRBN,iShares MSCI ACWI Low Carbon Target ETF,31/07/23,Canada — 3.6%,Dollarama Inc.,"10,323","6,79,980",,
CRBN,iShares MSCI ACWI Low Carbon Target ETF,31/07/23,Canada — 3.6%,Element Fleet Management Corp.,"10,212","1,64,721",,
CRBN,iShares MSCI ACWI Low Carbon Target ETF,31/07/23,Canada — 3.6%,Fairfax Financial Holdings Ltd.,"1,110","8,85,576",,
CRBN,iShares MSCI ACWI Low Carbon Target ETF,31/07/23,Canada — 3.6%,First Quantum Minerals Ltd.,"29,415","8,72,423",,
CRBN,iShares MSCI ACWI Low Carbon Target ETF,31/07/23,Canada — 3.6%,Franco-Nevada Corp.,"9,879","14,41,563",,
CRBN,iShares MSCI ACWI Low Carbon Target ETF,31/07/23,Canada — 3.6%,George Weston Ltd.,"2,220","2,55,645",,
CRBN,iShares MSCI ACWI Low Carbon Target ETF,31/07/23,Canada — 3.6%,Great-West Lifeco Inc.,"8,488","2,55,995",,
CRBN,iShares MSCI ACWI Low Carbon Target ETF,31/07/23,Canada — 3.6%,Hydro One Ltd.,"50,061","14,12,254",,
CRBN,iShares MSCI ACWI Low Carbon Target ETF,31/07/23,Canada — 3.6%,Intact Financial Corp.,"3,108","4,59,159",,
CRBN,iShares MSCI ACWI Low Carbon Target ETF,31/07/23,Canada — 3.6%,Loblaw Companies Ltd.,"4,884","4,33,343",,
CRBN,iShares MSCI ACWI Low Carbon Target ETF,31/07/23,Canada — 3.6%,Lundin Mining Corp.,"41,403","3,70,183",,
CRBN,iShares MSCI ACWI Low Carbon Target ETF,31/07/23,Canada — 3.6%,Manulife Financial Corp.,"80,475","16,08,707",,
CRBN,iShares MSCI ACWI Low Carbon Target ETF,31/07/23,Canada — 3.6%,Metro Inc.,"4,995","2,68,832",,
CRBN,iShares MSCI ACWI Low Carbon Target ETF,31/07/23,Canada — 3.6%,Northland Power Inc.,"15,318","2,96,335",,
CRBN,iShares MSCI ACWI Low Carbon Target ETF,31/07/23,Canada — 3.6%,Onex Corp.,"4,218","2,59,065",,
CRBN,iShares MSCI ACWI Low Carbon Target ETF,31/07/23,Canada — 3.6%,Open Text Corp.,"4,440","1,90,711",,
CRBN,iShares MSCI ACWI Low Carbon Target ETF,31/07/23,Canada — 3.6%,Pan American Silver Corp.,"5,772","97,699",,
CRBN,iShares MSCI ACWI Low Carbon Target ETF,31/07/23,Canada — 3.6%,Pembina Pipeline Corp.,"80,919","25,61,990",,
CRBN,iShares MSCI ACWI Low Carbon Target ETF,31/07/23,Canada — 3.6%,Power Corp. of Canada,"6,216","1,76,112",,
CRBN,iShares MSCI ACWI Low Carbon Target ETF,31/07/23,Canada — 3.6%,"Quebecor Inc., Class B","15,096","3,69,544",,
CRBN,iShares MSCI ACWI Low Carbon Target ETF,31/07/23,Canada — 3.6%,RB Global Inc.,"6,660","4,30,111",,
CRBN,iShares MSCI ACWI Low Carbon Target ETF,31/07/23,Canada — 3.6%,Restaurant Brands International Inc.,"4,218","3,22,911",,
CRBN,iShares MSCI ACWI Low Carbon Target ETF,31/07/23,Canada — 3.6%,"Rogers Communications Inc., Class B, NVS","6,882","3,01,344",,
CRBN,iShares MSCI ACWI Low Carbon Target ETF,31/07/23,Canada — 3.6%,Royal Bank of Canada,"19,314","19,14,776",,
CRBN,iShares MSCI ACWI Low Carbon Target ETF,31/07/23,Canada — 3.6%,"Shopify Inc., Class A","15,540","10,49,788",,
CRBN,iShares MSCI ACWI Low Carbon Target ETF,31/07/23,Canada — 3.6%,Sun Life Financial Inc.,"6,660","3,50,513",,
CRBN,iShares MSCI ACWI Low Carbon Target ETF,31/07/23,Canada — 3.6%,TC Energy Corp.,"22,089","7,91,663",,
CRBN,iShares MSCI ACWI Low Carbon Target ETF,31/07/23,Canada — 3.6%,TELUS Corp.,"8,214","1,46,259",,
CRBN,iShares MSCI ACWI Low Carbon Target ETF,31/07/23,Canada — 3.6%,TFI International Inc.,"1,443","1,85,210",,
CRBN,iShares MSCI ACWI Low Carbon Target ETF,31/07/23,Canada — 3.6%,Thomson Reuters Corp.,"10,976","14,81,612",,
CRBN,iShares MSCI ACWI Low Carbon Target ETF,31/07/23,Canada — 3.6%,Toronto-Dominion Bank (The),"22,866","15,07,927",,
CRBN,iShares MSCI ACWI Low Carbon Target ETF,31/07/23,Canada — 3.6%,Wheaton Precious Metals Corp.,"28,416","12,74,211",,
CRBN,iShares MSCI ACWI Low Carbon Target ETF,31/07/23,Canada — 3.6%,WSP Global Inc.,"3,219","4,43,432","3,23,72,127",
CRBN,iShares MSCI ACWI Low Carbon Target ETF,31/07/23,Chile — 0.1%,Banco de Chile,"10,19,535","1,13,505",,
CRBN,iShares MSCI ACWI Low Carbon Target ETF,31/07/23,Chile — 0.1%,Banco de Credito e Inversiones SA,"3,883","1,16,636",,
CRBN,iShares MSCI ACWI Low Carbon Target ETF,31/07/23,Chile — 0.1%,Cia. Sud Americana de Vapores SA,"44,32,785","3,35,519",,
CRBN,iShares MSCI ACWI Low Carbon Target ETF,31/07/23,Chile — 0.1%,Falabella SA,"1,29,093","3,56,991","9,22,651",
CRBN,iShares MSCI ACWI Low Carbon Target ETF,31/07/23,China — 3.6%,"Agricultural Bank of China Ltd., Class H","11,10,000","4,03,757",,
CRBN,iShares MSCI ACWI Low Carbon Target ETF,31/07/23,China — 3.6%,Alibaba Group Holding Ltd.,"2,33,168","29,79,742",,
CRBN,iShares MSCI ACWI Low Carbon Target ETF,31/07/23,China — 3.6%,Alibaba Health Information Technology Ltd. (a)(c),"42,000","30,157",,
CRBN,iShares MSCI ACWI Low Carbon Target ETF,31/07/23,China — 3.6%,ANTA Sports Products Ltd.,"22,200","2,63,090",,
CRBN,iShares MSCI ACWI Low Carbon Target ETF,31/07/23,China — 3.6%,Asia - Potash International Investment Guangzhou Co. Ltd.,"22,200","85,114",,
CRBN,iShares MSCI ACWI Low Carbon Target ETF,31/07/23,China — 3.6%,Baidu Inc.,"36,140","7,06,565",,
CRBN,iShares MSCI ACWI Low Carbon Target ETF,31/07/23,China — 3.6%,"Bank of Beijing Co. Ltd., Class A","99,900","65,293",,
CRBN,iShares MSCI ACWI Low Carbon Target ETF,31/07/23,China — 3.6%,"Bank of Chengdu Co. Ltd., Class A","33,300","65,995",,
CRBN,iShares MSCI ACWI Low Carbon Target ETF,31/07/23,China — 3.6%,"Bank of China Ltd., Class H","22,20,000","8,23,393",,
CRBN,iShares MSCI ACWI Low Carbon Target ETF,31/07/23,China — 3.6%,"Bank of Communications Co. Ltd., Class A","3,66,300","2,98,524",,
CRBN,iShares MSCI ACWI Low Carbon Target ETF,31/07/23,China — 3.6%,"Bank of Communications Co. Ltd., Class H","2,22,000","1,34,117",,
CRBN,iShares MSCI ACWI Low Carbon Target ETF,31/07/23,China — 3.6%,"Bank of Jiangsu Co. Ltd., Class A","2,10,900","2,13,320",,
CRBN,iShares MSCI ACWI Low Carbon Target ETF,31/07/23,China — 3.6%,"Bank of Shanghai Co. Ltd., Class A","2,33,100","2,01,291",,
CRBN,iShares MSCI ACWI Low Carbon Target ETF,31/07/23,China — 3.6%,Beijing Enterprises Water Group Ltd.,"4,44,000","1,08,338",,
CRBN,iShares MSCI ACWI Low Carbon Target ETF,31/07/23,China — 3.6%,BOC Aviation Ltd.,"11,100","93,042",,
CRBN,iShares MSCI ACWI Low Carbon Target ETF,31/07/23,China — 3.6%,"BYD Co. Ltd., Class H","20,500","7,30,169",,
CRBN,iShares MSCI ACWI Low Carbon Target ETF,31/07/23,China — 3.6%,"CGN Power Co. Ltd., Class H","17,76,000","4,35,903",,
CRBN,iShares MSCI ACWI Low Carbon Target ETF,31/07/23,China — 3.6%,"China Cinda Asset Management Co. Ltd., Class H","23,31,000","2,46,009",,
CRBN,iShares MSCI ACWI Low Carbon Target ETF,31/07/23,China — 3.6%,"China CITIC Bank Corp. Ltd., Class H","9,99,000","4,83,111",,
CRBN,iShares MSCI ACWI Low Carbon Target ETF,31/07/23,China — 3.6%,China Conch Venture Holdings Ltd.,"3,33,000","4,17,035",,
CRBN,iShares MSCI ACWI Low Carbon Target ETF,31/07/23,China — 3.6%,"China Construction Bank Corp., Class A","1,22,100","1,05,337",,
CRBN,iShares MSCI ACWI Low Carbon Target ETF,31/07/23,China — 3.6%,"China Construction Bank Corp., Class H","15,54,000","9,05,762",,
CRBN,iShares MSCI ACWI Low Carbon Target ETF,31/07/23,China — 3.6%,"China Everbright Bank Co. Ltd., Class A","5,32,800","2,32,773",,
CRBN,iShares MSCI ACWI Low Carbon Target ETF,31/07/23,China — 3.6%,"China Everbright Bank Co. Ltd., Class H","3,36,000","1,00,098",,
CRBN,iShares MSCI ACWI Low Carbon Target ETF,31/07/23,China — 3.6%,"China Galaxy Securities Co. Ltd., Class H","3,88,500","2,27,298",,
CRBN,iShares MSCI ACWI Low Carbon Target ETF,31/07/23,China — 3.6%,"China Life Insurance Co. Ltd., Class H","2,22,000","3,89,745",,
CRBN,iShares MSCI ACWI Low Carbon Target ETF,31/07/23,China — 3.6%,"China Merchants Bank Co. Ltd., Class A","44,400","2,21,575",,
CRBN,iShares MSCI ACWI Low Carbon Target ETF,31/07/23,China — 3.6%,"China Merchants Bank Co. Ltd., Class H","55,500","2,75,986",,
CRBN,iShares MSCI ACWI Low Carbon Target ETF,31/07/23,China — 3.6%,"China Merchants Energy Shipping Co. Ltd., Class A","1,66,500","1,48,910",,
CRBN,iShares MSCI ACWI Low Carbon Target ETF,31/07/23,China — 3.6%,China Merchants Port Holdings Co. Ltd.,"2,22,000","3,05,416",,
CRBN,iShares MSCI ACWI Low Carbon Target ETF,31/07/23,China — 3.6%,"China Minsheng Banking Corp. Ltd., Class A","2,77,560","1,56,126",,
CRBN,iShares MSCI ACWI Low Carbon Target ETF,31/07/23,China — 3.6%,"China Minsheng Banking Corp. Ltd., Class H","10,22,500","3,89,741",,
CRBN,iShares MSCI ACWI Low Carbon Target ETF,31/07/23,China — 3.6%,"China National Nuclear Power Co. Ltd., Class A","3,55,298","3,63,655",,
CRBN,iShares MSCI ACWI Low Carbon Target ETF,31/07/23,China — 3.6%,"China Oilfield Services Ltd., Class H","4,44,000","5,24,159",,
CRBN,iShares MSCI ACWI Low Carbon Target ETF,31/07/23,China — 3.6%,"China Pacific Insurance Group Co. Ltd., Class H","88,800","2,39,398",,
CRBN,iShares MSCI ACWI Low Carbon Target ETF,31/07/23,China — 3.6%,China Resources Beer Holdings Co. Ltd.,"14,000","90,200",,
CRBN,iShares MSCI ACWI Low Carbon Target ETF,31/07/23,China — 3.6%,China Resources Land Ltd.,"6,000","27,997",,
CRBN,iShares MSCI ACWI Low Carbon Target ETF,31/07/23,China — 3.6%,China Ruyi Holdings Ltd.,"4,44,000","1,35,175",,
CRBN,iShares MSCI ACWI Low Carbon Target ETF,31/07/23,China — 3.6%,China Taiping Insurance Holdings Co. Ltd.,"88,800","99,052",,
CRBN,iShares MSCI ACWI Low Carbon Target ETF,31/07/23,China — 3.6%,"China Tower Corp. Ltd., Class H","22,20,000","2,50,945",,
CRBN,iShares MSCI ACWI Low Carbon Target ETF,31/07/23,China — 3.6%,"China Vanke Co. Ltd., Class H","55,500","78,663",,
CRBN,iShares MSCI ACWI Low Carbon Target ETF,31/07/23,China — 3.6%,"China Yangtze Power Co. Ltd., Class A","77,700","2,33,543",,
CRBN,iShares MSCI ACWI Low Carbon Target ETF,31/07/23,China — 3.6%,"China Zheshang Bank Co. Ltd., Class A","3,60,750","1,40,448",,
CRBN,iShares MSCI ACWI Low Carbon Target ETF,31/07/23,China — 3.6%,"Chongqing Rural Commercial Bank Co. Ltd., Class A","1,44,300","79,399",,
CRBN,iShares MSCI ACWI Low Carbon Target ETF,31/07/23,China — 3.6%,CITIC Ltd.,"3,33,000","3,75,899",,
CRBN,iShares MSCI ACWI Low Carbon Target ETF,31/07/23,China — 3.6%,"COSCO SHIPPING Energy Transportation Co. Ltd., Class A","1,77,600","3,64,761",,
CRBN,iShares MSCI ACWI Low Carbon Target ETF,31/07/23,China — 3.6%,"COSCO SHIPPING Energy Transportation Co. Ltd., Class H","2,22,000","2,45,328",,
CRBN,iShares MSCI ACWI Low Carbon Target ETF,31/07/23,China — 3.6%,"COSCO SHIPPING Holdings Co. Ltd., Class H","55,500","58,742",,
CRBN,iShares MSCI ACWI Low Carbon Target ETF,31/07/23,China — 3.6%,COSCO SHIPPING Ports Ltd.,"2,22,000","1,40,263",,
CRBN,iShares MSCI ACWI Low Carbon Target ETF,31/07/23,China — 3.6%,"Dong-E-E-Jiao Co. Ltd., Class A","11,100","76,045",,
CRBN,iShares MSCI ACWI Low Carbon Target ETF,31/07/23,China — 3.6%,Far East Horizon Ltd.,"1,11,000","83,490",,
CRBN,iShares MSCI ACWI Low Carbon Target ETF,31/07/23,China — 3.6%,"Focus Media Information Technology Co. Ltd., Class A","66,600","69,518",,
CRBN,iShares MSCI ACWI Low Carbon Target ETF,31/07/23,China — 3.6%,"Ganfeng Lithium Co. Ltd., Class H","33,080","2,13,115",,
CRBN,iShares MSCI ACWI Low Carbon Target ETF,31/07/23,China — 3.6%,"Great Wall Motor Co. Ltd., Class H","55,500","75,941",,
CRBN,iShares MSCI ACWI Low Carbon Target ETF,31/07/23,China — 3.6%,"Guangzhou Tinci Materials Technology Co. Ltd., Class A","11,100","57,280",,
CRBN,iShares MSCI ACWI Low Carbon Target ETF,31/07/23,China — 3.6%,"H World Group Ltd., ADR","1,998","95,984",,
CRBN,iShares MSCI ACWI Low Carbon Target ETF,31/07/23,China — 3.6%,"Huaxia Bank Co. Ltd., Class A","1,22,100","99,138",,
CRBN,iShares MSCI ACWI Low Carbon Target ETF,31/07/23,China — 3.6%,"Huizhou Desay Sv Automotive Co. Ltd., Class A","11,100","2,42,007",,
CRBN,iShares MSCI ACWI Low Carbon Target ETF,31/07/23,China — 3.6%,"Industrial & Commercial Bank of China Ltd., Class H","9,99,000","4,87,839",,
CRBN,iShares MSCI ACWI Low Carbon Target ETF,31/07/23,China — 3.6%,"Industrial Bank Co. Ltd., Class A","99,998","2,33,424",,
CRBN,iShares MSCI ACWI Low Carbon Target ETF,31/07/23,China — 3.6%,JD Health International Inc. (a)(b),"27,750","2,02,861",,
CRBN,iShares MSCI ACWI Low Carbon Target ETF,31/07/23,China — 3.6%,"Jiangsu Expressway Co. Ltd., Class H","2,22,000","2,03,580",,
CRBN,iShares MSCI ACWI Low Carbon Target ETF,31/07/23,China — 3.6%,"KE Holdings Inc., ADR (a)(c)","5,772","1,00,548",,
CRBN,iShares MSCI ACWI Low Carbon Target ETF,31/07/23,China — 3.6%,Kingsoft Corp. Ltd.,"22,200","95,552",,
CRBN,iShares MSCI ACWI Low Carbon Target ETF,31/07/23,China — 3.6%,Kuaishou Technology (a)(b),"22,200","1,94,842",,
CRBN,iShares MSCI ACWI Low Carbon Target ETF,31/07/23,China — 3.6%,"Kweichow Moutai Co. Ltd., Class A",800,"2,11,139",,
CRBN,iShares MSCI ACWI Low Carbon Target ETF,31/07/23,China — 3.6%,Li Auto Inc.,"33,780","7,25,156",,
CRBN,iShares MSCI ACWI Low Carbon Target ETF,31/07/23,China — 3.6%,Li Ning Co. Ltd.,"55,500","3,38,352",,
CRBN,iShares MSCI ACWI Low Carbon Target ETF,31/07/23,China — 3.6%,"Meituan, Class B (a)(b)","67,200","12,82,856",,
CRBN,iShares MSCI ACWI Low Carbon Target ETF,31/07/23,China — 3.6%,"Muyuan Foods Co. Ltd., Class A","13,936","86,675",,
CRBN,iShares MSCI ACWI Low Carbon Target ETF,31/07/23,China — 3.6%,NetEase Inc.,"44,400","9,67,046",,
CRBN,iShares MSCI ACWI Low Carbon Target ETF,31/07/23,China — 3.6%,"New China Life Insurance Co. Ltd., Class H","1,55,400","4,50,665",,
CRBN,iShares MSCI ACWI Low Carbon Target ETF,31/07/23,China — 3.6%,"Nongfu Spring Co. Ltd., Class H","44,400","2,58,871",,
CRBN,iShares MSCI ACWI Low Carbon Target ETF,31/07/23,China — 3.6%,"People’s Insurance Co. Group of China Ltd. (The), Class H","9,99,000","3,84,604",,
CRBN,iShares MSCI ACWI Low Carbon Target ETF,31/07/23,China — 3.6%,"PICC Property & Casualty Co. Ltd., Class H","90,000","1,05,563",,
CRBN,iShares MSCI ACWI Low Carbon Target ETF,31/07/23,China — 3.6%,"Pinduoduo Inc., ADR","7,659","6,87,931",,
CRBN,iShares MSCI ACWI Low Carbon Target ETF,31/07/23,China — 3.6%,"Ping An Insurance Group Co. of China Ltd., Class H","1,34,500","9,80,066",,
CRBN,iShares MSCI ACWI Low Carbon Target ETF,31/07/23,China — 3.6%,Qifu Technology Inc.,"11,100","2,21,556",,
CRBN,iShares MSCI ACWI Low Carbon Target ETF,31/07/23,China — 3.6%,"Qinghai Salt Lake Industry Co. Ltd., Class A","88,800","2,48,738",,
CRBN,iShares MSCI ACWI Low Carbon Target ETF,31/07/23,China — 3.6%,"Shanghai Pudong Development Bank Co. Ltd., Class A","66,600","70,922",,
CRBN,iShares MSCI ACWI Low Carbon Target ETF,31/07/23,China — 3.6%,"Shanghai Putailai New Energy Technology Co. Ltd., Class A","16,410","90,528",,
CRBN,iShares MSCI ACWI Low Carbon Target ETF,31/07/23,China — 3.6%,"Shenzhen Capchem Technology Co. Ltd., Class A","11,100","75,799",,
CRBN,iShares MSCI ACWI Low Carbon Target ETF,31/07/23,China — 3.6%,Shenzhen International Holdings Ltd.,"4,44,000","4,16,591",,
CRBN,iShares MSCI ACWI Low Carbon Target ETF,31/07/23,China — 3.6%,Shenzhou International Group Holdings Ltd.,"22,200","2,35,649",,
CRBN,iShares MSCI ACWI Low Carbon Target ETF,31/07/23,China — 3.6%,"Sichuan Chuantou Energy Co. Ltd., Class A","66,600","1,34,789",,
CRBN,iShares MSCI ACWI Low Carbon Target ETF,31/07/23,China — 3.6%,Sunny Optical Technology Group Co. Ltd.,"11,100","1,08,825",,
CRBN,iShares MSCI ACWI Low Carbon Target ETF,31/07/23,China — 3.6%,Tencent Holdings Ltd.,"88,800","40,81,348",,
CRBN,iShares MSCI ACWI Low Carbon Target ETF,31/07/23,China — 3.6%,"Tianqi Lithium Corp., Class A","22,200","2,07,253",,
CRBN,iShares MSCI ACWI Low Carbon Target ETF,31/07/23,China — 3.6%,Trip.com Group Ltd.,"8,910","3,63,909",,
CRBN,iShares MSCI ACWI Low Carbon Target ETF,31/07/23,China — 3.6%,"Weihai Guangwei Composites Co. Ltd., Class A","18,180","77,260",,
CRBN,iShares MSCI ACWI Low Carbon Target ETF,31/07/23,China — 3.6%,"WuXi AppTec Co. Ltd., Class H","13,100","1,24,613",,
CRBN,iShares MSCI ACWI Low Carbon Target ETF,31/07/23,China — 3.6%,Wuxi Biologics Cayman Inc. (a)(b),"55,500","3,20,279",,
CRBN,iShares MSCI ACWI Low Carbon Target ETF,31/07/23,China — 3.6%,XPeng Inc.,"17,100","1,82,404",,
CRBN,iShares MSCI ACWI Low Carbon Target ETF,31/07/23,China — 3.6%,"Yantai Jereh Oilfield Services Group Co. Ltd., Class A","22,200","87,086",,
CRBN,iShares MSCI ACWI Low Carbon Target ETF,31/07/23,China — 3.6%,"Yintai Gold Co. Ltd., Class A","44,400","81,296",,
CRBN,iShares MSCI ACWI Low Carbon Target ETF,31/07/23,China — 3.6%,Yum China Holdings Inc.,"1,665","1,01,598",,
CRBN,iShares MSCI ACWI Low Carbon Target ETF,31/07/23,China — 3.6%,"Zhejiang Expressway Co. Ltd., Class H","4,44,000","3,56,620",,
CRBN,iShares MSCI ACWI Low Carbon Target ETF,31/07/23,China — 3.6%,Zhuzhou CRRC Times Electric Co. Ltd.,"22,200","88,502",,
CRBN,iShares MSCI ACWI Low Carbon Target ETF,31/07/23,China — 3.6%,"ZTO Express Cayman Inc., ADR","6,660","1,85,148","3,25,61,160",
CRBN,iShares MSCI ACWI Low Carbon Target ETF,31/07/23,Colombia — 0.1%,Bancolombia SA,"29,082","2,47,579",,
CRBN,iShares MSCI ACWI Low Carbon Target ETF,31/07/23,Colombia — 0.1%,Interconexion Electrica SA ESP,"92,685","4,05,866","6,53,445",
CRBN,iShares MSCI ACWI Low Carbon Target ETF,31/07/23,Czech Republic — 0.0%,Komercni Banka AS,"7,770","2,54,469","2,54,469",
CRBN,iShares MSCI ACWI Low Carbon Target ETF,31/07/23,Denmark — 0.7%,"Carlsberg AS, Class B","1,170","1,75,479",,
CRBN,iShares MSCI ACWI Low Carbon Target ETF,31/07/23,Denmark — 0.7%,Chr Hansen Holding A/S,"3,885","2,93,565",,
CRBN,iShares MSCI ACWI Low Carbon Target ETF,31/07/23,Denmark — 0.7%,DSV A/S,"3,108","6,22,035",,
CRBN,iShares MSCI ACWI Low Carbon Target ETF,31/07/23,Denmark — 0.7%,Genmab A/S,619,"2,55,151",,
CRBN,iShares MSCI ACWI Low Carbon Target ETF,31/07/23,Denmark — 0.7%,"Novo Nordisk A/S, Class B","23,199","37,40,890",,
CRBN,iShares MSCI ACWI Low Carbon Target ETF,31/07/23,Denmark — 0.7%,"Novozymes A/S, Class B","4,329","2,17,114",,
CRBN,iShares MSCI ACWI Low Carbon Target ETF,31/07/23,Denmark — 0.7%,Pandora A/S,888,"88,828",,
CRBN,iShares MSCI ACWI Low Carbon Target ETF,31/07/23,Denmark — 0.7%,Vestas Wind Systems A/S,"18,537","4,95,799","58,88,861",
CRBN,iShares MSCI ACWI Low Carbon Target ETF,31/07/23,Egypt — 0.0%,Commercial International Bank Egypt SAE,"80,520","1,03,800",,
CRBN,iShares MSCI ACWI Low Carbon Target ETF,31/07/23,Egypt — 0.0%,Eastern Co. SAE,"2,25,240","1,07,478",,
CRBN,iShares MSCI ACWI Low Carbon Target ETF,31/07/23,Egypt — 0.0%,Egyptian Financial Group-Hermes Holding Co.,"2,83,950","1,19,478","3,30,756",
CRBN,iShares MSCI ACWI Low Carbon Target ETF,31/07/23,Finland — 0.1%,"Kesko OYJ, Class B","6,660","1,33,258",,
CRBN,iShares MSCI ACWI Low Carbon Target ETF,31/07/23,Finland — 0.1%,"Kone OYJ, Class B","2,997","1,53,725",,
CRBN,iShares MSCI ACWI Low Carbon Target ETF,31/07/23,Finland — 0.1%,Nokia OYJ,"60,384","2,37,366",,
CRBN,iShares MSCI ACWI Low Carbon Target ETF,31/07/23,Finland — 0.1%,"Sampo OYJ, Class A","3,219","1,41,850","6,66,199",
CRBN,iShares MSCI ACWI Low Carbon Target ETF,31/07/23,France — 2.6%,Aeroports de Paris,"1,554","2,14,595",,
CRBN,iShares MSCI ACWI Low Carbon Target ETF,31/07/23,France — 2.6%,AXA SA,"39,405","12,11,264",,
CRBN,iShares MSCI ACWI Low Carbon Target ETF,31/07/23,France — 2.6%,BioMerieux,555,"59,579",,
CRBN,iShares MSCI ACWI Low Carbon Target ETF,31/07/23,France — 2.6%,BNP Paribas SA,"16,539","10,90,711",,
CRBN,iShares MSCI ACWI Low Carbon Target ETF,31/07/23,France — 2.6%,Bureau Veritas SA,"7,326","2,01,200",,
CRBN,iShares MSCI ACWI Low Carbon Target ETF,31/07/23,France — 2.6%,Capgemini SE,"1,776","3,21,844",,
CRBN,iShares MSCI ACWI Low Carbon Target ETF,31/07/23,France — 2.6%,Covivio,"4,107","1,98,292",,
CRBN,iShares MSCI ACWI Low Carbon Target ETF,31/07/23,France — 2.6%,Credit Agricole SA,"6,882","85,443",,
CRBN,iShares MSCI ACWI Low Carbon Target ETF,31/07/23,France — 2.6%,Dassault Systemes SE,"6,105","2,60,919",,
CRBN,iShares MSCI ACWI Low Carbon Target ETF,31/07/23,France — 2.6%,Edenred,"3,030","1,96,800",,
CRBN,iShares MSCI ACWI Low Carbon Target ETF,31/07/23,France — 2.6%,Eiffage SA,"1,998","2,07,867",,
CRBN,iShares MSCI ACWI Low Carbon Target ETF,31/07/23,France — 2.6%,EssilorLuxottica SA,"4,551","9,15,548",,
CRBN,iShares MSCI ACWI Low Carbon Target ETF,31/07/23,France — 2.6%,Eurofins Scientific SE,"2,220","1,52,684",,
CRBN,iShares MSCI ACWI Low Carbon Target ETF,31/07/23,France — 2.6%,Gecina SA,"1,286","1,39,033",,
CRBN,iShares MSCI ACWI Low Carbon Target ETF,31/07/23,France — 2.6%,Getlink SE,"11,988","2,10,717",,
CRBN,iShares MSCI ACWI Low Carbon Target ETF,31/07/23,France — 2.6%,Hermes International,555,"12,28,362",,
CRBN,iShares MSCI ACWI Low Carbon Target ETF,31/07/23,France — 2.6%,Ipsen SA,666,"83,934",,
CRBN,iShares MSCI ACWI Low Carbon Target ETF,31/07/23,France — 2.6%,Kering SA,"1,221","7,01,056",,
CRBN,iShares MSCI ACWI Low Carbon Target ETF,31/07/23,France — 2.6%,Klepierre SA,"20,646","5,48,020",,
CRBN,iShares MSCI ACWI Low Carbon Target ETF,31/07/23,France — 2.6%,Legrand SA,"7,293","7,31,157",,
CRBN,iShares MSCI ACWI Low Carbon Target ETF,31/07/23,France — 2.6%,L’Oreal SA,"3,885","18,06,950",,
CRBN,iShares MSCI ACWI Low Carbon Target ETF,31/07/23,France — 2.6%,LVMH Moet Hennessy Louis Vuitton SE,"3,996","37,11,355",,
CRBN,iShares MSCI ACWI Low Carbon Target ETF,31/07/23,France — 2.6%,Orange SA,"25,822","2,91,888",,
CRBN,iShares MSCI ACWI Low Carbon Target ETF,31/07/23,France — 2.6%,Pernod Ricard SA,"3,552","7,83,115",,
CRBN,iShares MSCI ACWI Low Carbon Target ETF,31/07/23,France — 2.6%,Publicis Groupe SA,"7,437","5,99,611",,
CRBN,iShares MSCI ACWI Low Carbon Target ETF,31/07/23,France — 2.6%,Sanofi,"17,094","18,23,665",,
CRBN,iShares MSCI ACWI Low Carbon Target ETF,31/07/23,France — 2.6%,Schneider Electric SE,"10,767","19,20,532",,
CRBN,iShares MSCI ACWI Low Carbon Target ETF,31/07/23,France — 2.6%,Societe Generale SA,"17,094","4,64,901",,
CRBN,iShares MSCI ACWI Low Carbon Target ETF,31/07/23,France — 2.6%,Teleperformance,"2,442","3,54,185",,
CRBN,iShares MSCI ACWI Low Carbon Target ETF,31/07/23,France — 2.6%,Thales SA,"1,998","2,98,880",,
CRBN,iShares MSCI ACWI Low Carbon Target ETF,31/07/23,France — 2.6%,"Unibail-Rodamco-Westfield, New","13,946","7,90,220",,
CRBN,iShares MSCI ACWI Low Carbon Target ETF,31/07/23,France — 2.6%,Vinci SA,"10,212","11,99,373",,
CRBN,iShares MSCI ACWI Low Carbon Target ETF,31/07/23,France — 2.6%,Wendel SE,666,"65,744",,
CRBN,iShares MSCI ACWI Low Carbon Target ETF,31/07/23,France — 2.6%,Worldline SA/France (a)(b),"5,550","2,19,999","2,30,89,443",
CRBN,iShares MSCI ACWI Low Carbon Target ETF,31/07/23,Germany — 1.7%,"Allianz SE, Registered","6,882","16,44,794",,
CRBN,iShares MSCI ACWI Low Carbon Target ETF,31/07/23,Germany — 1.7%,"Bayer AG, Registered","15,540","9,08,832",,
CRBN,iShares MSCI ACWI Low Carbon Target ETF,31/07/23,Germany — 1.7%,Bayerische Motoren Werke AG,"9,879","12,04,744",,
CRBN,iShares MSCI ACWI Low Carbon Target ETF,31/07/23,Germany — 1.7%,Commerzbank AG,"11,211","1,34,100",,
CRBN,iShares MSCI ACWI Low Carbon Target ETF,31/07/23,Germany — 1.7%,Delivery Hero SE (a)(b),"2,664","1,20,918",,
CRBN,iShares MSCI ACWI Low Carbon Target ETF,31/07/23,Germany — 1.7%,"Deutsche Bank AG, Registered","38,961","4,31,888",,
CRBN,iShares MSCI ACWI Low Carbon Target ETF,31/07/23,Germany — 1.7%,Deutsche Boerse AG,"2,220","4,25,355",,
CRBN,iShares MSCI ACWI Low Carbon Target ETF,31/07/23,Germany — 1.7%,"Deutsche Post AG, Registered","12,765","6,56,417",,
CRBN,iShares MSCI ACWI Low Carbon Target ETF,31/07/23,Germany — 1.7%,"Deutsche Telekom AG, Registered","44,178","9,63,135",,
CRBN,iShares MSCI ACWI Low Carbon Target ETF,31/07/23,Germany — 1.7%,Fresenius SE & Co. KGaA,"6,882","2,15,972",,
CRBN,iShares MSCI ACWI Low Carbon Target ETF,31/07/23,Germany — 1.7%,Hannover Rueck SE,"1,110","2,36,845",,
CRBN,iShares MSCI ACWI Low Carbon Target ETF,31/07/23,Germany — 1.7%,HelloFresh SE,"5,994","1,70,920",,
CRBN,iShares MSCI ACWI Low Carbon Target ETF,31/07/23,Germany — 1.7%,Infineon Technologies AG,"19,647","8,63,200",,
CRBN,iShares MSCI ACWI Low Carbon Target ETF,31/07/23,Germany — 1.7%,LEG Immobilien SE,"1,776","1,25,568",,
CRBN,iShares MSCI ACWI Low Carbon Target ETF,31/07/23,Germany — 1.7%,Mercedes-Benz Group AG,"14,208","11,34,692",,
CRBN,iShares MSCI ACWI Low Carbon Target ETF,31/07/23,Germany — 1.7%,Merck KGaA,"2,109","3,70,604",,
CRBN,iShares MSCI ACWI Low Carbon Target ETF,31/07/23,Germany — 1.7%,"Muenchener Rueckversicherungs-Gesellschaft AG in Muenchen, Registered","2,553","9,61,066",,
CRBN,iShares MSCI ACWI Low Carbon Target ETF,31/07/23,Germany — 1.7%,Rational AG,111,"83,090",,
CRBN,iShares MSCI ACWI Low Carbon Target ETF,31/07/23,Germany — 1.7%,Rheinmetall AG,333,"94,321",,
CRBN,iShares MSCI ACWI Low Carbon Target ETF,31/07/23,Germany — 1.7%,SAP SE,"14,874","20,28,986",,
CRBN,iShares MSCI ACWI Low Carbon Target ETF,31/07/23,Germany — 1.7%,"Siemens AG, Registered","8,214","14,00,012",,
CRBN,iShares MSCI ACWI Low Carbon Target ETF,31/07/23,Germany — 1.7%,"Symrise AG, Class A","2,109","2,30,370",,
CRBN,iShares MSCI ACWI Low Carbon Target ETF,31/07/23,Germany — 1.7%,Vonovia SE,"22,533","5,25,018","1,49,30,847",
CRBN,iShares MSCI ACWI Low Carbon Target ETF,31/07/23,Hong Kong — 0.6%,AIA Group Ltd.,"1,55,400","15,54,736",,
CRBN,iShares MSCI ACWI Low Carbon Target ETF,31/07/23,Hong Kong — 0.6%,Budweiser Brewing Co. APAC Ltd.,"55,500","1,35,371",,
CRBN,iShares MSCI ACWI Low Carbon Target ETF,31/07/23,Hong Kong — 0.6%,CK Asset Holdings Ltd.,"55,500","3,21,404",,
CRBN,iShares MSCI ACWI Low Carbon Target ETF,31/07/23,Hong Kong — 0.6%,"Futu Holdings Ltd., ADR (a)(c)","1,221","73,504",,
CRBN,iShares MSCI ACWI Low Carbon Target ETF,31/07/23,Hong Kong — 0.6%,Galaxy Entertainment Group Ltd.,"46,000","3,35,778",,
CRBN,iShares MSCI ACWI Low Carbon Target ETF,31/07/23,Hong Kong — 0.6%,Hong Kong Exchanges & Clearing Ltd.,"20,900","8,81,186",,
CRBN,iShares MSCI ACWI Low Carbon Target ETF,31/07/23,Hong Kong — 0.6%,Link REIT,"54,000","3,03,542",,
CRBN,iShares MSCI ACWI Low Carbon Target ETF,31/07/23,Hong Kong — 0.6%,Power Assets Holdings Ltd.,"55,500","2,90,888",,
CRBN,iShares MSCI ACWI Low Carbon Target ETF,31/07/23,Hong Kong — 0.6%,Sands China Ltd.,"44,400","1,71,052",,
CRBN,iShares MSCI ACWI Low Carbon Target ETF,31/07/23,Hong Kong — 0.6%,Sino Land Co. Ltd.,"38,000","46,646",,
CRBN,iShares MSCI ACWI Low Carbon Target ETF,31/07/23,Hong Kong — 0.6%,Sun Hung Kai Properties Ltd.,"89,000","11,17,539",,
CRBN,iShares MSCI ACWI Low Carbon Target ETF,31/07/23,Hong Kong — 0.6%,Techtronic Industries Co. Ltd.,"26,500","3,01,055","55,32,701",
CRBN,iShares MSCI ACWI Low Carbon Target ETF,31/07/23,India — 1.3%,Adani Ports & Special Economic Zone Ltd.,"25,389","2,40,217",,
CRBN,iShares MSCI ACWI Low Carbon Target ETF,31/07/23,India — 1.3%,Apollo Hospitals Enterprise Ltd.,"1,332","83,851",,
CRBN,iShares MSCI ACWI Low Carbon Target ETF,31/07/23,India — 1.3%,Asian Paints Ltd.,"11,544","4,74,204",,
CRBN,iShares MSCI ACWI Low Carbon Target ETF,31/07/23,India — 1.3%,Avenue Supermarts Ltd. (a)(b),"5,772","2,63,721",,
CRBN,iShares MSCI ACWI Low Carbon Target ETF,31/07/23,India — 1.3%,Axis Bank Ltd.,"38,588","4,47,987",,
CRBN,iShares MSCI ACWI Low Carbon Target ETF,31/07/23,India — 1.3%,Bandhan Bank Ltd. (a)(b),"21,680","58,941",,
CRBN,iShares MSCI ACWI Low Carbon Target ETF,31/07/23,India — 1.3%,Bharat Electronics Ltd.,"3,75,957","5,98,200",,
CRBN,iShares MSCI ACWI Low Carbon Target ETF,31/07/23,India — 1.3%,Bharti Airtel Ltd.,"53,058","5,74,617",,
CRBN,iShares MSCI ACWI Low Carbon Target ETF,31/07/23,India — 1.3%,DLF Ltd.,"30,747","1,94,128",,
CRBN,iShares MSCI ACWI Low Carbon Target ETF,31/07/23,India — 1.3%,Godrej Consumer Products Ltd.,"8,214","1,03,552",,
CRBN,iShares MSCI ACWI Low Carbon Target ETF,31/07/23,India — 1.3%,HCL Technologies Ltd.,"19,425","2,64,024",,
CRBN,iShares MSCI ACWI Low Carbon Target ETF,31/07/23,India — 1.3%,Hindustan Unilever Ltd.,"15,873","4,94,454",,
CRBN,iShares MSCI ACWI Low Carbon Target ETF,31/07/23,India — 1.3%,ICICI Bank Ltd.,"53,788","6,55,540",,
CRBN,iShares MSCI ACWI Low Carbon Target ETF,31/07/23,India — 1.3%,"ICICI Bank Ltd., ADR, NVS","9,248","2,27,223",,
CRBN,iShares MSCI ACWI Low Carbon Target ETF,31/07/23,India — 1.3%,"Indian Hotels Co. Ltd. (The), Class A","53,391","2,56,811",,
CRBN,iShares MSCI ACWI Low Carbon Target ETF,31/07/23,India — 1.3%,Indian Railway Catering & Tourism Corp. Ltd.,"9,435","73,568",,
CRBN,iShares MSCI ACWI Low Carbon Target ETF,31/07/23,India — 1.3%,Infosys Ltd.,"50,949","8,43,263",,
CRBN,iShares MSCI ACWI Low Carbon Target ETF,31/07/23,India — 1.3%,ITC Ltd.,"1,44,189","8,17,033",,
CRBN,iShares MSCI ACWI Low Carbon Target ETF,31/07/23,India — 1.3%,"Jio Financial Services Ltd., NVS","35,187","97,477",,
CRBN,iShares MSCI ACWI Low Carbon Target ETF,31/07/23,India — 1.3%,Kotak Mahindra Bank Ltd.,"6,993","1,58,036",,
CRBN,iShares MSCI ACWI Low Carbon Target ETF,31/07/23,India — 1.3%,Nestle India Ltd.,666,"1,82,638",,
CRBN,iShares MSCI ACWI Low Carbon Target ETF,31/07/23,India — 1.3%,PI Industries Ltd.,"5,883","2,58,807",,
CRBN,iShares MSCI ACWI Low Carbon Target ETF,31/07/23,India — 1.3%,Pidilite Industries Ltd.,"7,963","2,53,368",,
CRBN,iShares MSCI ACWI Low Carbon Target ETF,31/07/23,India — 1.3%,Power Grid Corp. of India Ltd.,"2,69,064","8,71,159",,
CRBN,iShares MSCI ACWI Low Carbon Target ETF,31/07/23,India — 1.3%,Reliance Industries Ltd.,"35,187","10,92,309",,
CRBN,iShares MSCI ACWI Low Carbon Target ETF,31/07/23,India — 1.3%,SRF Ltd.,"2,997","79,227",,
CRBN,iShares MSCI ACWI Low Carbon Target ETF,31/07/23,India — 1.3%,State Bank of India,"15,318","1,15,709",,
CRBN,iShares MSCI ACWI Low Carbon Target ETF,31/07/23,India — 1.3%,Sun Pharmaceutical Industries Ltd.,"16,317","2,26,966",,
CRBN,iShares MSCI ACWI Low Carbon Target ETF,31/07/23,India — 1.3%,Tata Consultancy Services Ltd.,"17,760","7,39,863",,
CRBN,iShares MSCI ACWI Low Carbon Target ETF,31/07/23,India — 1.3%,Tata Elxsi Ltd.,666,"58,066",,
CRBN,iShares MSCI ACWI Low Carbon Target ETF,31/07/23,India — 1.3%,Tech Mahindra Ltd.,"14,652","1,99,021",,
CRBN,iShares MSCI ACWI Low Carbon Target ETF,31/07/23,India — 1.3%,Titan Co. Ltd.,"4,773","1,74,426",,
CRBN,iShares MSCI ACWI Low Carbon Target ETF,31/07/23,India — 1.3%,United Spirits Ltd.,"13,431","1,65,993",,
CRBN,iShares MSCI ACWI Low Carbon Target ETF,31/07/23,India — 1.3%,Varun Beverages Ltd.,"22,866","2,23,759",,
CRBN,iShares MSCI ACWI Low Carbon Target ETF,31/07/23,India — 1.3%,Wipro Ltd.,"22,977","1,13,325","1,16,81,483",
CRBN,iShares MSCI ACWI Low Carbon Target ETF,31/07/23,Indonesia — 0.2%,Bank Central Asia Tbk PT,"4,44,000","2,68,900",,
CRBN,iShares MSCI ACWI Low Carbon Target ETF,31/07/23,Indonesia — 0.2%,Bank Mandiri Persero Tbk PT,"7,32,600","2,78,494",,
CRBN,iShares MSCI ACWI Low Carbon Target ETF,31/07/23,Indonesia — 0.2%,Bank Negara Indonesia Persero Tbk PT,"66,600","39,208",,
CRBN,iShares MSCI ACWI Low Carbon Target ETF,31/07/23,Indonesia — 0.2%,Bank Rakyat Indonesia Persero Tbk PT,"8,99,237","3,36,678",,
CRBN,iShares MSCI ACWI Low Carbon Target ETF,31/07/23,Indonesia — 0.2%,Merdeka Copper Gold Tbk PT,"29,74,835","6,93,169",,
CRBN,iShares MSCI ACWI Low Carbon Target ETF,31/07/23,Indonesia — 0.2%,Sumber Alfaria Trijaya Tbk PT,"5,21,700","93,415",,
CRBN,iShares MSCI ACWI Low Carbon Target ETF,31/07/23,Indonesia — 0.2%,Telkom Indonesia Persero Tbk PT,"17,64,900","4,34,829",,
CRBN,iShares MSCI ACWI Low Carbon Target ETF,31/07/23,Indonesia — 0.2%,Unilever Indonesia Tbk PT,"3,66,300","93,518","22,38,211",
CRBN,iShares MSCI ACWI Low Carbon Target ETF,31/07/23,Ireland — 0.1%,AIB Group PLC,"56,943","2,67,841",,
CRBN,iShares MSCI ACWI Low Carbon Target ETF,31/07/23,Ireland — 0.1%,Bank of Ireland Group PLC,"26,529","2,79,902",,
CRBN,iShares MSCI ACWI Low Carbon Target ETF,31/07/23,Ireland — 0.1%,"Flutter Entertainment PLC, Class DI","3,996","7,94,803","13,42,546",
CRBN,iShares MSCI ACWI Low Carbon Target ETF,31/07/23,Israel — 0.3%,Azrieli Group Ltd.,"2,997","1,70,544",,
CRBN,iShares MSCI ACWI Low Carbon Target ETF,31/07/23,Israel — 0.3%,Bank Hapoalim BM,"42,402","3,76,650",,
CRBN,iShares MSCI ACWI Low Carbon Target ETF,31/07/23,Israel — 0.3%,Bank Leumi Le-Israel BM,"46,888","3,74,289",,
CRBN,iShares MSCI ACWI Low Carbon Target ETF,31/07/23,Israel — 0.3%,Check Point Software Technologies Ltd. (a)(c),"3,330","4,40,259",,
CRBN,iShares MSCI ACWI Low Carbon Target ETF,31/07/23,Israel — 0.3%,Elbit Systems Ltd.,444,"94,410",,
CRBN,iShares MSCI ACWI Low Carbon Target ETF,31/07/23,Israel — 0.3%,Isracard Ltd.,—,1,,
CRBN,iShares MSCI ACWI Low Carbon Target ETF,31/07/23,Israel — 0.3%,"Israel Discount Bank Ltd., Class A","37,684","1,99,603",,
CRBN,iShares MSCI ACWI Low Carbon Target ETF,31/07/23,Israel — 0.3%,Mizrahi Tefahot Bank Ltd.,"6,549","2,36,451",,
CRBN,iShares MSCI ACWI Low Carbon Target ETF,31/07/23,Israel — 0.3%,Nice Ltd.,999,"2,17,453",,
CRBN,iShares MSCI ACWI Low Carbon Target ETF,31/07/23,Israel — 0.3%,"Teva Pharmaceutical Industries Ltd., ADR","42,069","3,53,379",,
CRBN,iShares MSCI ACWI Low Carbon Target ETF,31/07/23,Israel — 0.3%,Wix.com Ltd.,777,"73,287","25,36,326",
CRBN,iShares MSCI ACWI Low Carbon Target ETF,31/07/23,Italy — 0.7%,Ferrari NV,"4,662","14,94,575",,
CRBN,iShares MSCI ACWI Low Carbon Target ETF,31/07/23,Italy — 0.7%,Intesa Sanpaolo SpA,"3,09,690","8,95,520",,
CRBN,iShares MSCI ACWI Low Carbon Target ETF,31/07/23,Italy — 0.7%,Moncler SpA,"4,551","3,28,462",,
CRBN,iShares MSCI ACWI Low Carbon Target ETF,31/07/23,Italy — 0.7%,Poste Italiane SpA,"30,525","3,48,702",,
CRBN,iShares MSCI ACWI Low Carbon Target ETF,31/07/23,Italy — 0.7%,Tenaris SA,"1,17,105","19,45,995",,
CRBN,iShares MSCI ACWI Low Carbon Target ETF,31/07/23,Italy — 0.7%,Terna - Rete Elettrica Nazionale,"73,482","6,20,850",,
CRBN,iShares MSCI ACWI Low Carbon Target ETF,31/07/23,Italy — 0.7%,UniCredit SpA,"39,516","10,00,555","66,34,659",
CRBN,iShares MSCI ACWI Low Carbon Target ETF,31/07/23,Japan — 5.5%,Advantest Corp.,"6,300","8,71,352",,
CRBN,iShares MSCI ACWI Low Carbon Target ETF,31/07/23,Japan — 5.5%,Asahi Intecc Co. Ltd.,"11,100","2,27,786",,
CRBN,iShares MSCI ACWI Low Carbon Target ETF,31/07/23,Japan — 5.5%,Astellas Pharma Inc.,"33,900","4,95,698",,
CRBN,iShares MSCI ACWI Low Carbon Target ETF,31/07/23,Japan — 5.5%,Bandai Namco Holdings Inc.,"4,500","1,01,810",,
CRBN,iShares MSCI ACWI Low Carbon Target ETF,31/07/23,Japan — 5.5%,BayCurrent Consulting Inc.,"4,400","1,42,097",,
CRBN,iShares MSCI ACWI Low Carbon Target ETF,31/07/23,Japan — 5.5%,Capcom Co. Ltd.,"11,100","4,99,134",,
CRBN,iShares MSCI ACWI Low Carbon Target ETF,31/07/23,Japan — 5.5%,Central Japan Railway Co.,"7,100","9,04,776",,
CRBN,iShares MSCI ACWI Low Carbon Target ETF,31/07/23,Japan — 5.5%,Chiba Bank Ltd. (The),"11,100","78,048",,
CRBN,iShares MSCI ACWI Low Carbon Target ETF,31/07/23,Japan — 5.5%,Chugai Pharmaceutical Co. Ltd.,"22,200","6,60,700",,
CRBN,iShares MSCI ACWI Low Carbon Target ETF,31/07/23,Japan — 5.5%,Concordia Financial Group Ltd.,"66,600","3,04,630",,
CRBN,iShares MSCI ACWI Low Carbon Target ETF,31/07/23,Japan — 5.5%,Dai-ichi Life Holdings Inc.,"22,200","4,53,584",,
CRBN,iShares MSCI ACWI Low Carbon Target ETF,31/07/23,Japan — 5.5%,Daiichi Sankyo Co. Ltd.,"33,300","10,25,627",,
CRBN,iShares MSCI ACWI Low Carbon Target ETF,31/07/23,Japan — 5.5%,Daikin Industries Ltd.,"1,200","2,42,638",,
CRBN,iShares MSCI ACWI Low Carbon Target ETF,31/07/23,Japan — 5.5%,Daiwa House Industry Co. Ltd.,"11,100","3,01,686",,
CRBN,iShares MSCI ACWI Low Carbon Target ETF,31/07/23,Japan — 5.5%,Daiwa Securities Group Inc.,"22,200","1,20,344",,
CRBN,iShares MSCI ACWI Low Carbon Target ETF,31/07/23,Japan — 5.5%,Disco Corp.,"3,800","7,14,308",,
CRBN,iShares MSCI ACWI Low Carbon Target ETF,31/07/23,Japan — 5.5%,East Japan Railway Co.,"11,100","6,28,417",,
CRBN,iShares MSCI ACWI Low Carbon Target ETF,31/07/23,Japan — 5.5%,FANUC Corp.,"33,300","10,18,728",,
CRBN,iShares MSCI ACWI Low Carbon Target ETF,31/07/23,Japan — 5.5%,Fast Retailing Co. Ltd.,"3,000","7,51,538",,
CRBN,iShares MSCI ACWI Low Carbon Target ETF,31/07/23,Japan — 5.5%,Fujitsu Ltd.,"3,300","4,27,316",,
CRBN,iShares MSCI ACWI Low Carbon Target ETF,31/07/23,Japan — 5.5%,Hikari Tsushin Inc.,"1,900","2,81,935",,
CRBN,iShares MSCI ACWI Low Carbon Target ETF,31/07/23,Japan — 5.5%,Hirose Electric Co. Ltd.,"2,100","2,65,981",,
CRBN,iShares MSCI ACWI Low Carbon Target ETF,31/07/23,Japan — 5.5%,Hoya Corp.,"11,100","12,92,698",,
CRBN,iShares MSCI ACWI Low Carbon Target ETF,31/07/23,Japan — 5.5%,Hulic Co. Ltd.,"44,400","3,78,031",,
CRBN,iShares MSCI ACWI Low Carbon Target ETF,31/07/23,Japan — 5.5%,Japan Post Holdings Co. Ltd.,"1,33,200","9,72,704",,
CRBN,iShares MSCI ACWI Low Carbon Target ETF,31/07/23,Japan — 5.5%,Japan Post Insurance Co. Ltd.,"11,100","1,79,378",,
CRBN,iShares MSCI ACWI Low Carbon Target ETF,31/07/23,Japan — 5.5%,Japan Tobacco Inc.,"44,400","9,85,218",,
CRBN,iShares MSCI ACWI Low Carbon Target ETF,31/07/23,Japan — 5.5%,KDDI Corp.,"33,300","9,80,076",,
CRBN,iShares MSCI ACWI Low Carbon Target ETF,31/07/23,Japan — 5.5%,Keisei Electric Railway Co. Ltd.,"11,100","4,60,708",,
CRBN,iShares MSCI ACWI Low Carbon Target ETF,31/07/23,Japan — 5.5%,Keyence Corp.,"3,700","16,60,345",,
CRBN,iShares MSCI ACWI Low Carbon Target ETF,31/07/23,Japan — 5.5%,Konami Group Corp.,"8,000","4,48,773",,
CRBN,iShares MSCI ACWI Low Carbon Target ETF,31/07/23,Japan — 5.5%,Lasertec Corp.,"1,700","2,57,349",,
CRBN,iShares MSCI ACWI Low Carbon Target ETF,31/07/23,Japan — 5.5%,M3 Inc.,"1,600","36,998",,
CRBN,iShares MSCI ACWI Low Carbon Target ETF,31/07/23,Japan — 5.5%,Makita Corp.,"11,100","3,11,700",,
CRBN,iShares MSCI ACWI Low Carbon Target ETF,31/07/23,Japan — 5.5%,MISUMI Group Inc.,"11,100","2,03,065",,
CRBN,iShares MSCI ACWI Low Carbon Target ETF,31/07/23,Japan — 5.5%,Mitsubishi Estate Co. Ltd.,"44,400","5,44,153",,
CRBN,iShares MSCI ACWI Low Carbon Target ETF,31/07/23,Japan — 5.5%,Mitsubishi HC Capital Inc.,"1,33,200","8,81,167",,
CRBN,iShares MSCI ACWI Low Carbon Target ETF,31/07/23,Japan — 5.5%,Mitsubishi UFJ Financial Group Inc.,"1,88,700","15,19,459",,
CRBN,iShares MSCI ACWI Low Carbon Target ETF,31/07/23,Japan — 5.5%,Mitsui Fudosan Co. Ltd.,"33,300","6,84,146",,
CRBN,iShares MSCI ACWI Low Carbon Target ETF,31/07/23,Japan — 5.5%,Mizuho Financial Group Inc.,"44,400","7,53,262",,
CRBN,iShares MSCI ACWI Low Carbon Target ETF,31/07/23,Japan — 5.5%,MS&AD Insurance Group Holdings Inc.,"11,100","4,12,846",,
CRBN,iShares MSCI ACWI Low Carbon Target ETF,31/07/23,Japan — 5.5%,Murata Manufacturing Co. Ltd.,"11,100","6,59,359",,
CRBN,iShares MSCI ACWI Low Carbon Target ETF,31/07/23,Japan — 5.5%,Nexon Co. Ltd.,"11,100","2,11,781",,
CRBN,iShares MSCI ACWI Low Carbon Target ETF,31/07/23,Japan — 5.5%,Nidec Corp.,"4,100","2,44,872",,
CRBN,iShares MSCI ACWI Low Carbon Target ETF,31/07/23,Japan — 5.5%,Nintendo Co. Ltd.,"20,100","9,09,218",,
CRBN,iShares MSCI ACWI Low Carbon Target ETF,31/07/23,Japan — 5.5%,Nippon Paint Holdings Co. Ltd.,"33,300","3,05,103",,
CRBN,iShares MSCI ACWI Low Carbon Target ETF,31/07/23,Japan — 5.5%,Nippon Telegraph & Telephone Corp.,"8,32,500","9,54,643",,
CRBN,iShares MSCI ACWI Low Carbon Target ETF,31/07/23,Japan — 5.5%,Nissan Chemical Corp.,"11,100","4,98,786",,
CRBN,iShares MSCI ACWI Low Carbon Target ETF,31/07/23,Japan — 5.5%,Nomura Holdings Inc.,"1,33,200","5,51,045",,
CRBN,iShares MSCI ACWI Low Carbon Target ETF,31/07/23,Japan — 5.5%,Nomura Real Estate Holdings Inc.,"11,100","2,75,313",,
CRBN,iShares MSCI ACWI Low Carbon Target ETF,31/07/23,Japan — 5.5%,Nomura Research Institute Ltd.,"11,100","3,15,406",,
CRBN,iShares MSCI ACWI Low Carbon Target ETF,31/07/23,Japan — 5.5%,NTT Data Group Corp.,"11,100","1,54,414",,
CRBN,iShares MSCI ACWI Low Carbon Target ETF,31/07/23,Japan — 5.5%,Olympus Corp.,"22,200","3,62,236",,
CRBN,iShares MSCI ACWI Low Carbon Target ETF,31/07/23,Japan — 5.5%,Omron Corp.,"2,700","1,44,926",,
CRBN,iShares MSCI ACWI Low Carbon Target ETF,31/07/23,Japan — 5.5%,Ono Pharmaceutical Co. Ltd.,"11,100","2,03,411",,
CRBN,iShares MSCI ACWI Low Carbon Target ETF,31/07/23,Japan — 5.5%,Oriental Land Co. Ltd./Japan,"33,300","12,77,173",,
CRBN,iShares MSCI ACWI Low Carbon Target ETF,31/07/23,Japan — 5.5%,ORIX Corp.,"44,400","8,54,101",,
CRBN,iShares MSCI ACWI Low Carbon Target ETF,31/07/23,Japan — 5.5%,Pan Pacific International Holdings Corp.,"11,100","2,19,465",,
CRBN,iShares MSCI ACWI Low Carbon Target ETF,31/07/23,Japan — 5.5%,Recruit Holdings Co. Ltd.,"22,200","7,68,911",,
CRBN,iShares MSCI ACWI Low Carbon Target ETF,31/07/23,Japan — 5.5%,Renesas Electronics Corp.,"55,500","10,70,807",,
CRBN,iShares MSCI ACWI Low Carbon Target ETF,31/07/23,Japan — 5.5%,Resona Holdings Inc.,"88,800","4,83,434",,
CRBN,iShares MSCI ACWI Low Carbon Target ETF,31/07/23,Japan — 5.5%,SBI Holdings Inc.,"33,300","7,03,206",,
CRBN,iShares MSCI ACWI Low Carbon Target ETF,31/07/23,Japan — 5.5%,Secom Co. Ltd.,"11,100","7,44,864",,
CRBN,iShares MSCI ACWI Low Carbon Target ETF,31/07/23,Japan — 5.5%,Shimano Inc.,600,"90,436",,
CRBN,iShares MSCI ACWI Low Carbon Target ETF,31/07/23,Japan — 5.5%,Shin-Etsu Chemical Co. Ltd.,"44,400","14,62,751",,
CRBN,iShares MSCI ACWI Low Carbon Target ETF,31/07/23,Japan — 5.5%,Shionogi & Co. Ltd.,"2,500","1,04,770",,
CRBN,iShares MSCI ACWI Low Carbon Target ETF,31/07/23,Japan — 5.5%,Shiseido Co. Ltd.,"11,100","4,86,669",,
CRBN,iShares MSCI ACWI Low Carbon Target ETF,31/07/23,Japan — 5.5%,"Shizuoka Financial Group Inc., NVS","11,100","92,708",,
CRBN,iShares MSCI ACWI Low Carbon Target ETF,31/07/23,Japan — 5.5%,SMC Corp.,"2,300","12,01,895",,
CRBN,iShares MSCI ACWI Low Carbon Target ETF,31/07/23,Japan — 5.5%,SoftBank Corp.,"33,300","3,69,780",,
CRBN,iShares MSCI ACWI Low Carbon Target ETF,31/07/23,Japan — 5.5%,SoftBank Group Corp.,"22,200","11,29,145",,
CRBN,iShares MSCI ACWI Low Carbon Target ETF,31/07/23,Japan — 5.5%,Sompo Holdings Inc.,"6,300","2,78,528",,
CRBN,iShares MSCI ACWI Low Carbon Target ETF,31/07/23,Japan — 5.5%,Sony Group Corp.,"22,200","20,79,390",,
CRBN,iShares MSCI ACWI Low Carbon Target ETF,31/07/23,Japan — 5.5%,Sumitomo Mitsui Financial Group Inc.,"22,200","10,40,107",,
CRBN,iShares MSCI ACWI Low Carbon Target ETF,31/07/23,Japan — 5.5%,Sumitomo Realty & Development Co. Ltd.,"33,300","8,92,420",,
CRBN,iShares MSCI ACWI Low Carbon Target ETF,31/07/23,Japan — 5.5%,Sysmex Corp.,"7,700","5,21,406",,
CRBN,iShares MSCI ACWI Low Carbon Target ETF,31/07/23,Japan — 5.5%,Takeda Pharmaceutical Co. Ltd.,"33,375","10,20,435",,
CRBN,iShares MSCI ACWI Low Carbon Target ETF,31/07/23,Japan — 5.5%,Terumo Corp.,"11,100","3,63,515",,
CRBN,iShares MSCI ACWI Low Carbon Target ETF,31/07/23,Japan — 5.5%,Tokio Marine Holdings Inc.,"33,300","7,65,733",,
CRBN,iShares MSCI ACWI Low Carbon Target ETF,31/07/23,Japan — 5.5%,Tokyo Electron Ltd.,"7,800","11,70,678",,
CRBN,iShares MSCI ACWI Low Carbon Target ETF,31/07/23,Japan — 5.5%,Toyota Motor Corp.,"11,100","1,86,633",,
CRBN,iShares MSCI ACWI Low Carbon Target ETF,31/07/23,Japan — 5.5%,USS Co. Ltd.,"22,200","3,84,950",,
CRBN,iShares MSCI ACWI Low Carbon Target ETF,31/07/23,Japan — 5.5%,Yokogawa Electric Corp.,"11,100","2,08,446",,
CRBN,iShares MSCI ACWI Low Carbon Target ETF,31/07/23,Japan — 5.5%,Z Holdings Corp.,"55,500","1,54,734","4,93,97,812",
CRBN,iShares MSCI ACWI Low Carbon Target ETF,31/07/23,Kuwait — 0.1%,Agility Public Warehousing Co. KSC,"2,71,617","5,57,007",,
CRBN,iShares MSCI ACWI Low Carbon Target ETF,31/07/23,Kuwait — 0.1%,Kuwait Finance House KSCP,"80,747","2,07,438",,
CRBN,iShares MSCI ACWI Low Carbon Target ETF,31/07/23,Kuwait — 0.1%,Mobile Telecommunications Co. KSCP,"93,351","1,58,320",,
CRBN,iShares MSCI ACWI Low Carbon Target ETF,31/07/23,Kuwait — 0.1%,National Bank of Kuwait SAKP,"1,16,784","3,65,719","12,88,484",
CRBN,iShares MSCI ACWI Low Carbon Target ETF,31/07/23,Malaysia — 0.1%,Dialog Group Bhd,"9,43,500","4,81,620","4,81,620",
CRBN,iShares MSCI ACWI Low Carbon Target ETF,31/07/23,Mexico — 0.2%,America Movil SAB de CV,"2,88,601","3,02,475",,
CRBN,iShares MSCI ACWI Low Carbon Target ETF,31/07/23,Mexico — 0.2%,Fibra Uno Administracion SA de CV,"2,10,900","3,16,886",,
CRBN,iShares MSCI ACWI Low Carbon Target ETF,31/07/23,Mexico — 0.2%,"Grupo Aeroportuario del Pacifico SAB de CV, Class B","11,100","2,11,493",,
CRBN,iShares MSCI ACWI Low Carbon Target ETF,31/07/23,Mexico — 0.2%,"Grupo Carso SAB de CV, Series A1","32,100","2,55,247",,
CRBN,iShares MSCI ACWI Low Carbon Target ETF,31/07/23,Mexico — 0.2%,"Grupo Financiero Banorte SAB de CV, Class O","22,201","2,10,422",,
CRBN,iShares MSCI ACWI Low Carbon Target ETF,31/07/23,Mexico — 0.2%,"Grupo Mexico SAB de CV, Series B","1,22,100","6,34,672",,
CRBN,iShares MSCI ACWI Low Carbon Target ETF,31/07/23,Mexico — 0.2%,Wal-Mart de Mexico SAB de CV,"66,600","2,77,258","22,08,453",
CRBN,iShares MSCI ACWI Low Carbon Target ETF,31/07/23,Netherlands — 1.1%,Adyen NV (a)(b),333,"6,18,053",,
CRBN,iShares MSCI ACWI Low Carbon Target ETF,31/07/23,Netherlands — 1.1%,AerCap Holdings NV,"11,988","7,64,954",,
CRBN,iShares MSCI ACWI Low Carbon Target ETF,31/07/23,Netherlands — 1.1%,ASM International NV,444,"2,10,936",,
CRBN,iShares MSCI ACWI Low Carbon Target ETF,31/07/23,Netherlands — 1.1%,ASML Holding NV,"5,550","39,75,292",,
CRBN,iShares MSCI ACWI Low Carbon Target ETF,31/07/23,Netherlands — 1.1%,Davide Campari-Milano NV,"14,541","1,95,560",,
CRBN,iShares MSCI ACWI Low Carbon Target ETF,31/07/23,Netherlands — 1.1%,"EXOR NV, NVS","7,326","6,84,582",,
CRBN,iShares MSCI ACWI Low Carbon Target ETF,31/07/23,Netherlands — 1.1%,Ferrovial SE,"10,767","3,56,807",,
CRBN,iShares MSCI ACWI Low Carbon Target ETF,31/07/23,Netherlands — 1.1%,Heineken NV,"2,886","2,82,486",,
CRBN,iShares MSCI ACWI Low Carbon Target ETF,31/07/23,Netherlands — 1.1%,ING Groep NV,"3,279","47,862",,
CRBN,iShares MSCI ACWI Low Carbon Target ETF,31/07/23,Netherlands — 1.1%,Koninklijke Ahold Delhaize NV,"5,550","1,91,301",,
CRBN,iShares MSCI ACWI Low Carbon Target ETF,31/07/23,Netherlands — 1.1%,NN Group NV,"4,440","1,70,207",,
CRBN,iShares MSCI ACWI Low Carbon Target ETF,31/07/23,Netherlands — 1.1%,Prosus NV,"14,652","11,59,081",,
CRBN,iShares MSCI ACWI Low Carbon Target ETF,31/07/23,Netherlands — 1.1%,Wolters Kluwer NV,"6,105","7,66,642","94,23,763",
CRBN,iShares MSCI ACWI Low Carbon Target ETF,31/07/23,Norway — 0.4%,Adevinta ASA,"24,642","1,82,278",,
CRBN,iShares MSCI ACWI Low Carbon Target ETF,31/07/23,Norway — 0.4%,DNB Bank ASA,"55,389","11,41,428",,
CRBN,iShares MSCI ACWI Low Carbon Target ETF,31/07/23,Norway — 0.4%,Gjensidige Forsikring ASA,"32,745","5,16,927",,
CRBN,iShares MSCI ACWI Low Carbon Target ETF,31/07/23,Norway — 0.4%,Mowi ASA,"38,022","6,68,423",,
CRBN,iShares MSCI ACWI Low Carbon Target ETF,31/07/23,Norway — 0.4%,Orkla ASA,555,"4,379",,
CRBN,iShares MSCI ACWI Low Carbon Target ETF,31/07/23,Norway — 0.4%,Salmar ASA,"9,657","4,46,139",,
CRBN,iShares MSCI ACWI Low Carbon Target ETF,31/07/23,Norway — 0.4%,Telenor ASA,"71,151","7,61,667","37,21,241",
CRBN,iShares MSCI ACWI Low Carbon Target ETF,31/07/23,Peru — 0.1%,Southern Copper Corp.,"9,879","8,63,820","8,63,820",
CRBN,iShares MSCI ACWI Low Carbon Target ETF,31/07/23,Philippines — 0.1%,International Container Terminal Services Inc.,"61,050","2,41,270",,
CRBN,iShares MSCI ACWI Low Carbon Target ETF,31/07/23,Philippines — 0.1%,PLDT Inc.,"2,775","66,219",,
CRBN,iShares MSCI ACWI Low Carbon Target ETF,31/07/23,Philippines — 0.1%,SM Investments Corp.,"9,990","1,65,992",,
CRBN,iShares MSCI ACWI Low Carbon Target ETF,31/07/23,Philippines — 0.1%,SM Prime Holdings Inc.,"2,59,900","1,58,136","6,31,617",
CRBN,iShares MSCI ACWI Low Carbon Target ETF,31/07/23,Portugal — 0.0%,Jeronimo Martins SGPS SA,"3,774","1,02,750","1,02,750",
CRBN,iShares MSCI ACWI Low Carbon Target ETF,31/07/23,Qatar — 0.2%,Barwa Real Estate Co.,"5,85,303","4,51,480",,
CRBN,iShares MSCI ACWI Low Carbon Target ETF,31/07/23,Qatar — 0.2%,Commercial Bank PSQC (The),"20,091","34,489",,
CRBN,iShares MSCI ACWI Low Carbon Target ETF,31/07/23,Qatar — 0.2%,Mesaieed Petrochemical Holding Co.,"12,02,574","6,44,429",,
CRBN,iShares MSCI ACWI Low Carbon Target ETF,31/07/23,Qatar — 0.2%,Ooredoo QPSC,"1,61,061","5,05,423",,
CRBN,iShares MSCI ACWI Low Carbon Target ETF,31/07/23,Qatar — 0.2%,Qatar Islamic Bank SAQ,"17,871","1,03,782",,
CRBN,iShares MSCI ACWI Low Carbon Target ETF,31/07/23,Qatar — 0.2%,Qatar National Bank QPSC,"51,948","2,42,191","19,81,794",
CRBN,iShares MSCI ACWI Low Carbon Target ETF,31/07/23,Russia — 0.0%,Alrosa PJSC (a)(d),"1,84,910",20,,
CRBN,iShares MSCI ACWI Low Carbon Target ETF,31/07/23,Russia — 0.0%,Magnit PJSC(d),"4,127",— ,,
CRBN,iShares MSCI ACWI Low Carbon Target ETF,31/07/23,Russia — 0.0%,"Magnit PJSC, GDR(d)",1,— ,,
CRBN,iShares MSCI ACWI Low Carbon Target ETF,31/07/23,Russia — 0.0%,Mobile TeleSystems PJSC,"73,304",8,,
CRBN,iShares MSCI ACWI Low Carbon Target ETF,31/07/23,Russia — 0.0%,Moscow Exchange MICEX-RTS PJSC,"1,52,460",17,,
CRBN,iShares MSCI ACWI Low Carbon Target ETF,31/07/23,Russia — 0.0%,"Ozon Holdings PLC, GDR (a)(d)","5,270",1,,
CRBN,iShares MSCI ACWI Low Carbon Target ETF,31/07/23,Russia — 0.0%,Polymetal International PLC (a)(d),"12,434",1,,
,,,,Polyus PJSC(a)(d),"1,430",—,,
CRBN,iShares MSCI ACWI Low Carbon Target ETF,31/07/23,Russia — 0.0%,Sberbank of Russia PJSC,"2,92,860",32,,
,,,,"TCS Group Holding PLC, GDR(a)(d)(e)","4,185",—,,
CRBN,iShares MSCI ACWI Low Carbon Target ETF,31/07/23,Russia — 0.0%,United Co. RUSAL International PJSC (a)(d),"5,09,950",56,,
CRBN,iShares MSCI ACWI Low Carbon Target ETF,31/07/23,Russia — 0.0%,VK Co. Ltd. (a)(d),"22,940",3,,
CRBN,iShares MSCI ACWI Low Carbon Target ETF,31/07/23,Russia — 0.0%,VTB Bank PJSC (a)(d),"2,24,90,000",2,,
CRBN,iShares MSCI ACWI Low Carbon Target ETF,31/07/23,Russia — 0.0%,Yandex NV (a)(d),"9,920",1,141,
CRBN,iShares MSCI ACWI Low Carbon Target ETF,31/07/23,Saudi Arabia — 0.8%,Al Rajhi Bank,"30,553","6,07,319",,
CRBN,iShares MSCI ACWI Low Carbon Target ETF,31/07/23,Saudi Arabia — 0.8%,Alinma Bank,"19,425","1,91,522",,
CRBN,iShares MSCI ACWI Low Carbon Target ETF,31/07/23,Saudi Arabia — 0.8%,Arab National Bank,"32,301","2,29,335",,
CRBN,iShares MSCI ACWI Low Carbon Target ETF,31/07/23,Saudi Arabia — 0.8%,Arabian Internet & Communications Services Co.,"3,552","3,45,295",,
CRBN,iShares MSCI ACWI Low Carbon Target ETF,31/07/23,Saudi Arabia — 0.8%,Bank AlBilad,"6,105","71,164",,
CRBN,iShares MSCI ACWI Low Carbon Target ETF,31/07/23,Saudi Arabia — 0.8%,Bank Al-Jazira,"12,432","60,890",,
CRBN,iShares MSCI ACWI Low Carbon Target ETF,31/07/23,Saudi Arabia — 0.8%,Banque Saudi Fransi,"16,650","1,89,014",,
CRBN,iShares MSCI ACWI Low Carbon Target ETF,31/07/23,Saudi Arabia — 0.8%,Dallah Healthcare Co.,"4,107","1,93,111",,
CRBN,iShares MSCI ACWI Low Carbon Target ETF,31/07/23,Saudi Arabia — 0.8%,Dar Al Arkan Real Estate Development Co.,"1,10,223","4,97,378",,
CRBN,iShares MSCI ACWI Low Carbon Target ETF,31/07/23,Saudi Arabia — 0.8%,Dr Sulaiman Al Habib Medical Services Group Co.,"6,993","5,38,719",,
CRBN,iShares MSCI ACWI Low Carbon Target ETF,31/07/23,Saudi Arabia — 0.8%,Elm Co.,888,"1,60,962",,
CRBN,iShares MSCI ACWI Low Carbon Target ETF,31/07/23,Saudi Arabia — 0.8%,Emaar Economic City,"73,371","1,76,073",,
CRBN,iShares MSCI ACWI Low Carbon Target ETF,31/07/23,Saudi Arabia — 0.8%,Etihad Etisalat Co.,"23,310","2,91,065",,
CRBN,iShares MSCI ACWI Low Carbon Target ETF,31/07/23,Saudi Arabia — 0.8%,Jarir Marketing Co.,"19,980","82,561",,
CRBN,iShares MSCI ACWI Low Carbon Target ETF,31/07/23,Saudi Arabia — 0.8%,Mouwasat Medical Services Co.,"1,998","1,33,597",,
CRBN,iShares MSCI ACWI Low Carbon Target ETF,31/07/23,Saudi Arabia — 0.8%,Nahdi Medical Co.,"8,658","4,01,197",,
CRBN,iShares MSCI ACWI Low Carbon Target ETF,31/07/23,Saudi Arabia — 0.8%,Riyad Bank,"43,179","3,66,053",,
CRBN,iShares MSCI ACWI Low Carbon Target ETF,31/07/23,Saudi Arabia — 0.8%,Saudi Awwal Bank,"24,975","2,53,343",,
CRBN,iShares MSCI ACWI Low Carbon Target ETF,31/07/23,Saudi Arabia — 0.8%,Saudi Investment Bank (The),"14,985","71,492",,
CRBN,iShares MSCI ACWI Low Carbon Target ETF,31/07/23,Saudi Arabia — 0.8%,Saudi National Bank (The),"55,775","5,73,133",,
CRBN,iShares MSCI ACWI Low Carbon Target ETF,31/07/23,Saudi Arabia — 0.8%,Saudi Research & Media Group,"3,219","1,60,661",,
CRBN,iShares MSCI ACWI Low Carbon Target ETF,31/07/23,Saudi Arabia — 0.8%,Saudi Tadawul Group Holding Co.,"2,331","1,25,110",,
CRBN,iShares MSCI ACWI Low Carbon Target ETF,31/07/23,Saudi Arabia — 0.8%,Saudi Telecom Co.,"78,144","8,83,625",,
CRBN,iShares MSCI ACWI Low Carbon Target ETF,31/07/23,Saudi Arabia — 0.8%,Yanbu National Petrochemical Co.,"20,646","2,52,250","68,54,869",
CRBN,iShares MSCI ACWI Low Carbon Target ETF,31/07/23,Singapore — 0.4%,CapitaLand Ascendas REIT,"61,902","1,30,900",,
CRBN,iShares MSCI ACWI Low Carbon Target ETF,31/07/23,Singapore — 0.4%,CapitaLand Integrated Commercial Trust,"1,44,300","2,21,542",,
CRBN,iShares MSCI ACWI Low Carbon Target ETF,31/07/23,Singapore — 0.4%,Capitaland Investment Ltd/Singapore,"1,11,000","2,84,102",,
CRBN,iShares MSCI ACWI Low Carbon Target ETF,31/07/23,Singapore — 0.4%,City Developments Ltd.,"1,22,100","6,79,399",,
CRBN,iShares MSCI ACWI Low Carbon Target ETF,31/07/23,Singapore — 0.4%,DBS Group Holdings Ltd.,"8,500","2,19,275",,
CRBN,iShares MSCI ACWI Low Carbon Target ETF,31/07/23,Singapore — 0.4%,Genting Singapore Ltd.,"7,54,800","5,33,889",,
CRBN,iShares MSCI ACWI Low Carbon Target ETF,31/07/23,Singapore — 0.4%,Keppel Corp. Ltd.,"66,600","3,69,845",,
CRBN,iShares MSCI ACWI Low Carbon Target ETF,31/07/23,Singapore — 0.4%,Oversea-Chinese Banking Corp. Ltd.,"37,200","3,72,288",,
CRBN,iShares MSCI ACWI Low Carbon Target ETF,31/07/23,Singapore — 0.4%,"Sea Ltd., ADR","2,886","1,91,977",,
CRBN,iShares MSCI ACWI Low Carbon Target ETF,31/07/23,Singapore — 0.4%,Seatrium Ltd.,"12,71,522","1,34,763",,
CRBN,iShares MSCI ACWI Low Carbon Target ETF,31/07/23,Singapore — 0.4%,Singapore Telecommunications Ltd.,"2,44,200","4,89,881",,
CRBN,iShares MSCI ACWI Low Carbon Target ETF,31/07/23,Singapore — 0.4%,United Overseas Bank Ltd.,"5,100","1,15,686","37,43,547",
CRBN,iShares MSCI ACWI Low Carbon Target ETF,31/07/23,South Africa — 0.3%,Absa Group Ltd.,"23,199","2,45,873",,
CRBN,iShares MSCI ACWI Low Carbon Target ETF,31/07/23,South Africa — 0.3%,Capitec Bank Holdings Ltd.,"1,443","1,44,706",,
CRBN,iShares MSCI ACWI Low Carbon Target ETF,31/07/23,South Africa — 0.3%,FirstRand Ltd.,"1,15,662","4,70,498",,
CRBN,iShares MSCI ACWI Low Carbon Target ETF,31/07/23,South Africa — 0.3%,Growthpoint Properties Ltd.,"2,39,094","1,69,390",,
CRBN,iShares MSCI ACWI Low Carbon Target ETF,31/07/23,South Africa — 0.3%,MTN Group Ltd.,"31,524","2,46,869",,
CRBN,iShares MSCI ACWI Low Carbon Target ETF,31/07/23,South Africa — 0.3%,"Naspers Ltd., Class N","3,996","7,85,161",,
CRBN,iShares MSCI ACWI Low Carbon Target ETF,31/07/23,South Africa — 0.3%,Nedbank Group Ltd.,"18,266","2,40,023",,
CRBN,iShares MSCI ACWI Low Carbon Target ETF,31/07/23,South Africa — 0.3%,Old Mutual Ltd.,"1,12,221","81,638",,
CRBN,iShares MSCI ACWI Low Carbon Target ETF,31/07/23,South Africa — 0.3%,Sanlam Ltd.,"43,197","1,58,863",,
CRBN,iShares MSCI ACWI Low Carbon Target ETF,31/07/23,South Africa — 0.3%,Standard Bank Group Ltd.,"15,873","1,69,525","27,12,546",
CRBN,iShares MSCI ACWI Low Carbon Target ETF,31/07/23,South Korea — 1.5%,Amorepacific Corp.,"1,332","1,17,651",,
CRBN,iShares MSCI ACWI Low Carbon Target ETF,31/07/23,South Korea — 1.5%,Celltrion Healthcare Co. Ltd.,"2,494","1,28,844",,
CRBN,iShares MSCI ACWI Low Carbon Target ETF,31/07/23,South Korea — 1.5%,Celltrion Inc.,"1,604","1,84,536",,
CRBN,iShares MSCI ACWI Low Carbon Target ETF,31/07/23,South Korea — 1.5%,DB Insurance Co. Ltd.,"1,776","1,05,016",,
CRBN,iShares MSCI ACWI Low Carbon Target ETF,31/07/23,South Korea — 1.5%,Ecopro BM Co. Ltd.,888,"2,92,089",,
CRBN,iShares MSCI ACWI Low Carbon Target ETF,31/07/23,South Korea — 1.5%,Hana Financial Group Inc.,"13,875","4,27,565",,
CRBN,iShares MSCI ACWI Low Carbon Target ETF,31/07/23,South Korea — 1.5%,Hotel Shilla Co. Ltd.,"1,443","85,246",,
CRBN,iShares MSCI ACWI Low Carbon Target ETF,31/07/23,South Korea — 1.5%,Industrial Bank of Korea,"76,368","6,22,597",,
CRBN,iShares MSCI ACWI Low Carbon Target ETF,31/07/23,South Korea — 1.5%,Kakao Corp.,"10,878","4,37,915",,
CRBN,iShares MSCI ACWI Low Carbon Target ETF,31/07/23,South Korea — 1.5%,Kangwon Land Inc.,"13,875","1,69,824",,
CRBN,iShares MSCI ACWI Low Carbon Target ETF,31/07/23,South Korea — 1.5%,KB Financial Group Inc.,"11,655","4,66,799",,
CRBN,iShares MSCI ACWI Low Carbon Target ETF,31/07/23,South Korea — 1.5%,Korea Investment Holdings Co. Ltd.,"14,430","5,52,943",,
CRBN,iShares MSCI ACWI Low Carbon Target ETF,31/07/23,South Korea — 1.5%,Krafton Inc.,333,"44,888",,
CRBN,iShares MSCI ACWI Low Carbon Target ETF,31/07/23,South Korea — 1.5%,KT&G Corp.,"7,215","4,66,867",,
CRBN,iShares MSCI ACWI Low Carbon Target ETF,31/07/23,South Korea — 1.5%,L&F Co. Ltd.,444,"89,735",,
CRBN,iShares MSCI ACWI Low Carbon Target ETF,31/07/23,South Korea — 1.5%,LG Energy Solution,888,"3,90,126",,
CRBN,iShares MSCI ACWI Low Carbon Target ETF,31/07/23,South Korea — 1.5%,LG H&H Co. Ltd.,222,"74,486",,
CRBN,iShares MSCI ACWI Low Carbon Target ETF,31/07/23,South Korea — 1.5%,Meritz Financial Group Inc.,"6,327","2,44,288",,
CRBN,iShares MSCI ACWI Low Carbon Target ETF,31/07/23,South Korea — 1.5%,Mirae Asset Securities Co. Ltd.,"59,385","3,22,829",,
CRBN,iShares MSCI ACWI Low Carbon Target ETF,31/07/23,South Korea — 1.5%,NAVER Corp.,"3,330","5,93,297",,
CRBN,iShares MSCI ACWI Low Carbon Target ETF,31/07/23,South Korea — 1.5%,NCSoft Corp.,555,"1,20,405",,
CRBN,iShares MSCI ACWI Low Carbon Target ETF,31/07/23,South Korea — 1.5%,NH Investment & Securities Co. Ltd.,"25,641","1,99,126",,
CRBN,iShares MSCI ACWI Low Carbon Target ETF,31/07/23,South Korea — 1.5%,Samsung Biologics Co. Ltd. (a)(b),333,"1,99,956",,
CRBN,iShares MSCI ACWI Low Carbon Target ETF,31/07/23,South Korea — 1.5%,Samsung Electronics Co. Ltd.,"68,598","37,55,921",,
CRBN,iShares MSCI ACWI Low Carbon Target ETF,31/07/23,South Korea — 1.5%,Samsung Life Insurance Co. Ltd.,"2,331","1,27,525",,
CRBN,iShares MSCI ACWI Low Carbon Target ETF,31/07/23,South Korea — 1.5%,Samsung SDI Co. Ltd.,777,"4,05,597",,
CRBN,iShares MSCI ACWI Low Carbon Target ETF,31/07/23,South Korea — 1.5%,Samsung SDS Co. Ltd.,777,"78,223",,
CRBN,iShares MSCI ACWI Low Carbon Target ETF,31/07/23,South Korea — 1.5%,Shinhan Financial Group Co. Ltd.,"17,871","4,91,869",,
CRBN,iShares MSCI ACWI Low Carbon Target ETF,31/07/23,South Korea — 1.5%,SK Hynix Inc.,"6,105","5,91,239",,
CRBN,iShares MSCI ACWI Low Carbon Target ETF,31/07/23,South Korea — 1.5%,SK IE Technology Co. Ltd. (a)(b),"4,662","3,92,836",,
CRBN,iShares MSCI ACWI Low Carbon Target ETF,31/07/23,South Korea — 1.5%,SK Square Co. Ltd.,"7,215","2,51,196",,
CRBN,iShares MSCI ACWI Low Carbon Target ETF,31/07/23,South Korea — 1.5%,Woori Financial Group Inc.,"66,822","6,10,698","1,30,42,132",
CRBN,iShares MSCI ACWI Low Carbon Target ETF,31/07/23,Spain — 0.9%,Aena SME SA,"3,663","5,84,952",,
CRBN,iShares MSCI ACWI Low Carbon Target ETF,31/07/23,Spain — 0.9%,Amadeus IT Group SA,"13,875","9,95,338",,
CRBN,iShares MSCI ACWI Low Carbon Target ETF,31/07/23,Spain — 0.9%,Banco Bilbao Vizcaya Argentaria SA,"1,10,112","8,72,789",,
CRBN,iShares MSCI ACWI Low Carbon Target ETF,31/07/23,Spain — 0.9%,Banco Santander SA,"2,72,394","11,03,817",,
CRBN,iShares MSCI ACWI Low Carbon Target ETF,31/07/23,Spain — 0.9%,Cellnex Telecom SA,"3,663","1,49,594",,
CRBN,iShares MSCI ACWI Low Carbon Target ETF,31/07/23,Spain — 0.9%,Corp. ACCIONA Energias Renovables SA,"9,879","3,10,949",,
CRBN,iShares MSCI ACWI Low Carbon Target ETF,31/07/23,Spain — 0.9%,EDP Renovaveis SA,"63,707","12,16,861",,
CRBN,iShares MSCI ACWI Low Carbon Target ETF,31/07/23,Spain — 0.9%,Enagas SA,"7,009","1,24,385",,
CRBN,iShares MSCI ACWI Low Carbon Target ETF,31/07/23,Spain — 0.9%,Grifols SA,"5,661","83,162",,
CRBN,iShares MSCI ACWI Low Carbon Target ETF,31/07/23,Spain — 0.9%,Iberdrola SA,"85,127","10,62,518",,
CRBN,iShares MSCI ACWI Low Carbon Target ETF,31/07/23,Spain — 0.9%,Industria de Diseno Textil SA,"21,645","8,28,523",,
CRBN,iShares MSCI ACWI Low Carbon Target ETF,31/07/23,Spain — 0.9%,Redeia Corp. SA,"9,559","1,59,881",,
CRBN,iShares MSCI ACWI Low Carbon Target ETF,31/07/23,Spain — 0.9%,Telefonica SA,"1,24,653","5,31,117","80,23,886",
CRBN,iShares MSCI ACWI Low Carbon Target ETF,31/07/23,Sweden — 0.7%,Alfa Laval AB,"4,884","1,82,825",,
CRBN,iShares MSCI ACWI Low Carbon Target ETF,31/07/23,Sweden — 0.7%,"Assa Abloy AB, Class B","13,542","3,25,589",,
CRBN,iShares MSCI ACWI Low Carbon Target ETF,31/07/23,Sweden — 0.7%,"Atlas Copco AB, Class A","31,968","4,54,134",,
CRBN,iShares MSCI ACWI Low Carbon Target ETF,31/07/23,Sweden — 0.7%,"Atlas Copco AB, Class B","77,418","9,56,028",,
CRBN,iShares MSCI ACWI Low Carbon Target ETF,31/07/23,Sweden — 0.7%,"Epiroc AB, Class A","11,433","2,28,267",,
CRBN,iShares MSCI ACWI Low Carbon Target ETF,31/07/23,Sweden — 0.7%,Evolution AB,"3,108","3,83,256",,
CRBN,iShares MSCI ACWI Low Carbon Target ETF,31/07/23,Sweden — 0.7%,"Getinge AB, Class B","2,997","55,843",,
CRBN,iShares MSCI ACWI Low Carbon Target ETF,31/07/23,Sweden — 0.7%,"Hexagon AB, Class B","61,938","6,00,539",,
CRBN,iShares MSCI ACWI Low Carbon Target ETF,31/07/23,Sweden — 0.7%,"Industrivarden AB, Class C","15,096","4,27,681",,
CRBN,iShares MSCI ACWI Low Carbon Target ETF,31/07/23,Sweden — 0.7%,"Investor AB, Class B","38,850","7,93,472",,
CRBN,iShares MSCI ACWI Low Carbon Target ETF,31/07/23,Sweden — 0.7%,"Kinnevik AB, Class B","4,773","65,145",,
CRBN,iShares MSCI ACWI Low Carbon Target ETF,31/07/23,Sweden — 0.7%,"Nibe Industrier AB, Class B","28,638","2,57,964",,
CRBN,iShares MSCI ACWI Low Carbon Target ETF,31/07/23,Sweden — 0.7%,Nordea Bank Abp,"36,963","4,18,360",,
CRBN,iShares MSCI ACWI Low Carbon Target ETF,31/07/23,Sweden — 0.7%,Sandvik AB,"13,875","2,81,836",,
CRBN,iShares MSCI ACWI Low Carbon Target ETF,31/07/23,Sweden — 0.7%,"Svenska Cellulosa AB SCA, Class B","14,319","1,90,263",,
CRBN,iShares MSCI ACWI Low Carbon Target ETF,31/07/23,Sweden — 0.7%,"Svenska Handelsbanken AB, Class A","8,436","74,068",,
CRBN,iShares MSCI ACWI Low Carbon Target ETF,31/07/23,Sweden — 0.7%,"Swedbank AB, Class A","4,218","77,365",,
CRBN,iShares MSCI ACWI Low Carbon Target ETF,31/07/23,Sweden — 0.7%,"Tele2 AB, Class B","17,205","1,29,460",,
CRBN,iShares MSCI ACWI Low Carbon Target ETF,31/07/23,Sweden — 0.7%,"Telefonaktiebolaget LM Ericsson, Class B","48,063","2,41,780","61,43,875",
CRBN,iShares MSCI ACWI Low Carbon Target ETF,31/07/23,Switzerland — 2.3%,"ABB Ltd., Registered","28,083","11,26,901",,
CRBN,iShares MSCI ACWI Low Carbon Target ETF,31/07/23,Switzerland — 2.3%,Alcon Inc.,"5,106","4,34,478",,
CRBN,iShares MSCI ACWI Low Carbon Target ETF,31/07/23,Switzerland — 2.3%,"Chocoladefabriken Lindt & Spruengli AG, Participation Certificates, NVS",18,"2,20,144",,
CRBN,iShares MSCI ACWI Low Carbon Target ETF,31/07/23,Switzerland — 2.3%,"Cie. Financiere Richemont SA, Class A, Registered","7,770","12,51,225",,
CRBN,iShares MSCI ACWI Low Carbon Target ETF,31/07/23,Switzerland — 2.3%,DSM-Firmenich AG,"2,825","3,12,162",,
CRBN,iShares MSCI ACWI Low Carbon Target ETF,31/07/23,Switzerland — 2.3%,"EMS-Chemie Holding AG, Registered",666,"5,55,877",,
CRBN,iShares MSCI ACWI Low Carbon Target ETF,31/07/23,Switzerland — 2.3%,"Geberit AG, Registered",444,"2,51,971",,
CRBN,iShares MSCI ACWI Low Carbon Target ETF,31/07/23,Switzerland — 2.3%,"Givaudan SA, Registered",160,"5,40,075",,
CRBN,iShares MSCI ACWI Low Carbon Target ETF,31/07/23,Switzerland — 2.3%,Julius Baer Group Ltd.,"2,664","1,88,685",,
CRBN,iShares MSCI ACWI Low Carbon Target ETF,31/07/23,Switzerland — 2.3%,"Logitech International SA, Registered","1,998","1,41,256",,
CRBN,iShares MSCI ACWI Low Carbon Target ETF,31/07/23,Switzerland — 2.3%,"Lonza Group AG, Registered",666,"3,86,970",,
CRBN,iShares MSCI ACWI Low Carbon Target ETF,31/07/23,Switzerland — 2.3%,"Nestle SA, Registered","28,416","34,81,504",,
CRBN,iShares MSCI ACWI Low Carbon Target ETF,31/07/23,Switzerland — 2.3%,"Novartis AG, Registered","31,635","33,12,094",,
CRBN,iShares MSCI ACWI Low Carbon Target ETF,31/07/23,Switzerland — 2.3%,"Roche Holding AG, NVS","8,769","27,18,840",,
CRBN,iShares MSCI ACWI Low Carbon Target ETF,31/07/23,Switzerland — 2.3%,"Schindler Holding AG, Participation Certificates, NVS","1,110","2,69,527",,
CRBN,iShares MSCI ACWI Low Carbon Target ETF,31/07/23,Switzerland — 2.3%,SGS SA,"2,775","2,69,439",,
CRBN,iShares MSCI ACWI Low Carbon Target ETF,31/07/23,Switzerland — 2.3%,"Sika AG, Registered","3,219","10,01,873",,
CRBN,iShares MSCI ACWI Low Carbon Target ETF,31/07/23,Switzerland — 2.3%,"Sonova Holding AG, Registered",555,"1,54,703",,
CRBN,iShares MSCI ACWI Low Carbon Target ETF,31/07/23,Switzerland — 2.3%,STMicroelectronics NV,"12,654","6,76,816",,
CRBN,iShares MSCI ACWI Low Carbon Target ETF,31/07/23,Switzerland — 2.3%,Straumann Holding AG,"1,998","3,30,615",,
CRBN,iShares MSCI ACWI Low Carbon Target ETF,31/07/23,Switzerland — 2.3%,"Swatch Group AG (The), Bearer",333,"1,06,573",,
CRBN,iShares MSCI ACWI Low Carbon Target ETF,31/07/23,Switzerland — 2.3%,"Swiss Life Holding AG, Registered",333,"2,11,739",,
CRBN,iShares MSCI ACWI Low Carbon Target ETF,31/07/23,Switzerland — 2.3%,Swiss Re AG,"4,107","4,28,522",,
CRBN,iShares MSCI ACWI Low Carbon Target ETF,31/07/23,Switzerland — 2.3%,"Swisscom AG, Registered",111,"71,379",,
CRBN,iShares MSCI ACWI Low Carbon Target ETF,31/07/23,Switzerland — 2.3%,"Temenos AG, Registered","1,665","1,43,195",,
CRBN,iShares MSCI ACWI Low Carbon Target ETF,31/07/23,Switzerland — 2.3%,"UBS Group AG, Registered","55,794","12,38,006",,
CRBN,iShares MSCI ACWI Low Carbon Target ETF,31/07/23,Switzerland — 2.3%,VAT Group AG,888,"3,77,442",,
CRBN,iShares MSCI ACWI Low Carbon Target ETF,31/07/23,Switzerland — 2.3%,Zurich Insurance Group AG,"1,776","8,58,693","2,10,60,704",
CRBN,iShares MSCI ACWI Low Carbon Target ETF,31/07/23,Taiwan — 1.4%,Airtac International Group,"10,000","2,97,428",,
CRBN,iShares MSCI ACWI Low Carbon Target ETF,31/07/23,Taiwan — 1.4%,Catcher Technology Co. Ltd.,"1,11,000","6,13,799",,
CRBN,iShares MSCI ACWI Low Carbon Target ETF,31/07/23,Taiwan — 1.4%,Cathay Financial Holding Co. Ltd.,"5,55,103","8,09,104",,
CRBN,iShares MSCI ACWI Low Carbon Target ETF,31/07/23,Taiwan — 1.4%,Chailease Holding Co. Ltd.,"36,000","2,38,370",,
CRBN,iShares MSCI ACWI Low Carbon Target ETF,31/07/23,Taiwan — 1.4%,China Development Financial Holding Corp.,"4,44,542","1,77,739",,
CRBN,iShares MSCI ACWI Low Carbon Target ETF,31/07/23,Taiwan — 1.4%,Chunghwa Telecom Co. Ltd.,"1,11,000","4,09,474",,
CRBN,iShares MSCI ACWI Low Carbon Target ETF,31/07/23,Taiwan — 1.4%,CTBC Financial Holding Co. Ltd.,"4,44,400","3,71,771",,
CRBN,iShares MSCI ACWI Low Carbon Target ETF,31/07/23,Taiwan — 1.4%,Delta Electronics Inc.,"35,000","4,08,580",,
CRBN,iShares MSCI ACWI Low Carbon Target ETF,31/07/23,Taiwan — 1.4%,E Ink Holdings Inc.,"18,000","1,29,093",,
CRBN,iShares MSCI ACWI Low Carbon Target ETF,31/07/23,Taiwan — 1.4%,Fubon Financial Holding Co. Ltd.,"2,34,799","4,90,076",,
CRBN,iShares MSCI ACWI Low Carbon Target ETF,31/07/23,Taiwan — 1.4%,Hotai Motor Co. Ltd.,"1,000","24,145",,
CRBN,iShares MSCI ACWI Low Carbon Target ETF,31/07/23,Taiwan — 1.4%,Largan Precision Co. Ltd.,"4,000","2,77,447",,
CRBN,iShares MSCI ACWI Low Carbon Target ETF,31/07/23,Taiwan — 1.4%,MediaTek Inc.,"25,000","5,50,123",,
CRBN,iShares MSCI ACWI Low Carbon Target ETF,31/07/23,Taiwan — 1.4%,Shin Kong Financial Holding Co. Ltd.,"8,88,675","2,72,768",,
CRBN,iShares MSCI ACWI Low Carbon Target ETF,31/07/23,Taiwan — 1.4%,SinoPac Financial Holdings Co. Ltd.,"84,959","50,452",,
CRBN,iShares MSCI ACWI Low Carbon Target ETF,31/07/23,Taiwan — 1.4%,Taiwan Semiconductor Manufacturing Co. Ltd.,"3,54,000","63,92,390",,
CRBN,iShares MSCI ACWI Low Carbon Target ETF,31/07/23,Taiwan — 1.4%,United Microelectronics Corp.,"2,22,000","3,33,599",,
CRBN,iShares MSCI ACWI Low Carbon Target ETF,31/07/23,Taiwan — 1.4%,Yageo Corp.,"12,000","1,75,924",,
CRBN,iShares MSCI ACWI Low Carbon Target ETF,31/07/23,Taiwan — 1.4%,Yuanta Financial Holding Co. Ltd.,"4,59,498","3,57,318","1,23,79,600",
CRBN,iShares MSCI ACWI Low Carbon Target ETF,31/07/23,Thailand — 0.2%,"Airports of Thailand PCL, NVDR","3,55,200","7,42,132",,
CRBN,iShares MSCI ACWI Low Carbon Target ETF,31/07/23,Thailand — 0.2%,"Bangkok Expressway & Metro PCL, NVDR","4,66,200","1,24,078",,
CRBN,iShares MSCI ACWI Low Carbon Target ETF,31/07/23,Thailand — 0.2%,"Bumrungrad Hospital PCL, NVDR","35,800","2,26,138",,
CRBN,iShares MSCI ACWI Low Carbon Target ETF,31/07/23,Thailand — 0.2%,"Energy Absolute PCL, NVDR","1,54,700","2,80,648","13,72,996",
CRBN,iShares MSCI ACWI Low Carbon Target ETF,31/07/23,Turkey — 0.1%,Akbank TAS,"1,35,919","1,41,047",,
CRBN,iShares MSCI ACWI Low Carbon Target ETF,31/07/23,Turkey — 0.1%,Aselsan Elektronik Sanayi Ve Ticaret AS,"1,46,853","4,06,589",,
CRBN,iShares MSCI ACWI Low Carbon Target ETF,31/07/23,Turkey — 0.1%,Hektas Ticaret TAS,"29,859","33,828",,
CRBN,iShares MSCI ACWI Low Carbon Target ETF,31/07/23,Turkey — 0.1%,"Turkiye Is Bankasi AS, Class C","2,80,497","1,57,471",,
CRBN,iShares MSCI ACWI Low Carbon Target ETF,31/07/23,Turkey — 0.1%,Yapi ve Kredi Bankasi AS,"84,360","44,587","7,83,522",
CRBN,iShares MSCI ACWI Low Carbon Target ETF,31/07/23,United Arab Emirates — 0.2%,Emaar Properties PJSC,"4,28,127","7,87,774",,
CRBN,iShares MSCI ACWI Low Carbon Target ETF,31/07/23,United Arab Emirates — 0.2%,Emirates NBD Bank PJSC,"34,521","1,59,733",,
CRBN,iShares MSCI ACWI Low Carbon Target ETF,31/07/23,United Arab Emirates — 0.2%,Emirates Telecommunications Group Co. PJSC,"63,603","3,87,846",,
CRBN,iShares MSCI ACWI Low Carbon Target ETF,31/07/23,United Arab Emirates — 0.2%,Multiply Group,"5,27,028","4,63,420","17,98,773",
CRBN,iShares MSCI ACWI Low Carbon Target ETF,31/07/23,United Kingdom — 3.4%,3i Group PLC,"58,751","14,90,581",,
CRBN,iShares MSCI ACWI Low Carbon Target ETF,31/07/23,United Kingdom — 3.4%,Admiral Group PLC,"3,219","87,888",,
CRBN,iShares MSCI ACWI Low Carbon Target ETF,31/07/23,United Kingdom — 3.4%,Antofagasta PLC,"40,959","8,81,014",,
CRBN,iShares MSCI ACWI Low Carbon Target ETF,31/07/23,United Kingdom — 3.4%,Ashtead Group PLC,"16,983","12,56,467",,
CRBN,iShares MSCI ACWI Low Carbon Target ETF,31/07/23,United Kingdom — 3.4%,AstraZeneca PLC,"21,090","30,30,131",,
CRBN,iShares MSCI ACWI Low Carbon Target ETF,31/07/23,United Kingdom — 3.4%,BAE Systems PLC,"32,079","3,83,634",,
CRBN,iShares MSCI ACWI Low Carbon Target ETF,31/07/23,United Kingdom — 3.4%,Barclays PLC,"2,67,066","5,29,942",,
CRBN,iShares MSCI ACWI Low Carbon Target ETF,31/07/23,United Kingdom — 3.4%,Berkeley Group Holdings PLC,"3,286","1,83,220",,
CRBN,iShares MSCI ACWI Low Carbon Target ETF,31/07/23,United Kingdom — 3.4%,British American Tobacco PLC,"56,277","18,92,489",,
CRBN,iShares MSCI ACWI Low Carbon Target ETF,31/07/23,United Kingdom — 3.4%,British Land Co. PLC (The),"35,076","1,52,202",,
CRBN,iShares MSCI ACWI Low Carbon Target ETF,31/07/23,United Kingdom — 3.4%,BT Group PLC,"1,87,479","2,93,777",,
CRBN,iShares MSCI ACWI Low Carbon Target ETF,31/07/23,United Kingdom — 3.4%,Bunzl PLC,"6,549","2,42,758",,
CRBN,iShares MSCI ACWI Low Carbon Target ETF,31/07/23,United Kingdom — 3.4%,Burberry Group PLC,"7,992","2,28,133",,
CRBN,iShares MSCI ACWI Low Carbon Target ETF,31/07/23,United Kingdom — 3.4%,Coca-Cola Europacific Partners PLC,"1,554","98,508",,
CRBN,iShares MSCI ACWI Low Carbon Target ETF,31/07/23,United Kingdom — 3.4%,Compass Group PLC,"30,969","8,05,740",,
CRBN,iShares MSCI ACWI Low Carbon Target ETF,31/07/23,United Kingdom — 3.4%,Croda International PLC,"3,774","2,85,741",,
CRBN,iShares MSCI ACWI Low Carbon Target ETF,31/07/23,United Kingdom — 3.4%,Diageo PLC,"41,625","18,16,609",,
CRBN,iShares MSCI ACWI Low Carbon Target ETF,31/07/23,United Kingdom — 3.4%,Entain PLC,"5,994","1,06,762",,
CRBN,iShares MSCI ACWI Low Carbon Target ETF,31/07/23,United Kingdom — 3.4%,Experian PLC,"14,805","5,72,147",,
CRBN,iShares MSCI ACWI Low Carbon Target ETF,31/07/23,United Kingdom — 3.4%,GSK PLC,"65,268","11,61,845",,
CRBN,iShares MSCI ACWI Low Carbon Target ETF,31/07/23,United Kingdom — 3.4%,Haleon PLC,"75,813","3,27,241",,
CRBN,iShares MSCI ACWI Low Carbon Target ETF,31/07/23,United Kingdom — 3.4%,Halma PLC,"5,772","1,65,760",,
CRBN,iShares MSCI ACWI Low Carbon Target ETF,31/07/23,United Kingdom — 3.4%,HSBC Holdings PLC,"2,71,284","22,53,397",,
CRBN,iShares MSCI ACWI Low Carbon Target ETF,31/07/23,United Kingdom — 3.4%,Imperial Brands PLC,"49,728","11,74,846",,
CRBN,iShares MSCI ACWI Low Carbon Target ETF,31/07/23,United Kingdom — 3.4%,Informa PLC,"34,854","3,39,125",,
CRBN,iShares MSCI ACWI Low Carbon Target ETF,31/07/23,United Kingdom — 3.4%,Intertek Group PLC,"2,886","1,61,669",,
CRBN,iShares MSCI ACWI Low Carbon Target ETF,31/07/23,United Kingdom — 3.4%,Land Securities Group PLC,"22,644","1,88,054",,
CRBN,iShares MSCI ACWI Low Carbon Target ETF,31/07/23,United Kingdom — 3.4%,Legal & General Group PLC,"1,30,592","3,91,366",,
CRBN,iShares MSCI ACWI Low Carbon Target ETF,31/07/23,United Kingdom — 3.4%,Lloyds Banking Group PLC,"10,72,926","6,19,880",,
CRBN,iShares MSCI ACWI Low Carbon Target ETF,31/07/23,United Kingdom — 3.4%,London Stock Exchange Group PLC,"4,662","5,06,269",,
CRBN,iShares MSCI ACWI Low Carbon Target ETF,31/07/23,United Kingdom — 3.4%,National Grid PLC,"56,721","7,51,826",,
CRBN,iShares MSCI ACWI Low Carbon Target ETF,31/07/23,United Kingdom — 3.4%,"NatWest Group PLC, NVS","61,844","1,94,131",,
CRBN,iShares MSCI ACWI Low Carbon Target ETF,31/07/23,United Kingdom — 3.4%,Ocado Group PLC,"3,996","48,106",,
CRBN,iShares MSCI ACWI Low Carbon Target ETF,31/07/23,United Kingdom — 3.4%,Pearson PLC,"15,873","1,75,580",,
CRBN,iShares MSCI ACWI Low Carbon Target ETF,31/07/23,United Kingdom — 3.4%,Prudential PLC,"40,380","5,60,730",,
CRBN,iShares MSCI ACWI Low Carbon Target ETF,31/07/23,United Kingdom — 3.4%,Reckitt Benckiser Group PLC,"10,989","8,23,208",,
CRBN,iShares MSCI ACWI Low Carbon Target ETF,31/07/23,United Kingdom — 3.4%,RELX PLC,"35,409","11,91,750",,
CRBN,iShares MSCI ACWI Low Carbon Target ETF,31/07/23,United Kingdom — 3.4%,Rentokil Initial PLC,"24,975","2,03,650",,
CRBN,iShares MSCI ACWI Low Carbon Target ETF,31/07/23,United Kingdom — 3.4%,Sage Group PLC (The),111,"1,335",,
CRBN,iShares MSCI ACWI Low Carbon Target ETF,31/07/23,United Kingdom — 3.4%,Severn Trent PLC,"13,542","4,43,824",,
CRBN,iShares MSCI ACWI Low Carbon Target ETF,31/07/23,United Kingdom — 3.4%,Smith & Nephew PLC,"13,209","2,00,948",,
CRBN,iShares MSCI ACWI Low Carbon Target ETF,31/07/23,United Kingdom — 3.4%,Smiths Group PLC,"13,209","2,88,084",,
CRBN,iShares MSCI ACWI Low Carbon Target ETF,31/07/23,United Kingdom — 3.4%,SSE PLC,"20,757","4,48,831",,
CRBN,iShares MSCI ACWI Low Carbon Target ETF,31/07/23,United Kingdom — 3.4%,Standard Chartered PLC,"25,899","2,48,774",,
CRBN,iShares MSCI ACWI Low Carbon Target ETF,31/07/23,United Kingdom — 3.4%,Unilever PLC,"37,032","19,89,837",,
CRBN,iShares MSCI ACWI Low Carbon Target ETF,31/07/23,United Kingdom — 3.4%,United Utilities Group PLC,"46,065","5,90,717",,
CRBN,iShares MSCI ACWI Low Carbon Target ETF,31/07/23,United Kingdom — 3.4%,Vodafone Group PLC,"4,44,999","4,23,310",,
CRBN,iShares MSCI ACWI Low Carbon Target ETF,31/07/23,United Kingdom — 3.4%,Whitbread PLC,"4,551","2,04,436",,
CRBN,iShares MSCI ACWI Low Carbon Target ETF,31/07/23,United Kingdom — 3.4%,WPP PLC,"28,749","3,13,902","3,07,30,174",
CRBN,iShares MSCI ACWI Low Carbon Target ETF,31/07/23,United States — 61.3%,3M Co.,"5,883","6,55,955",,
CRBN,iShares MSCI ACWI Low Carbon Target ETF,31/07/23,United States — 61.3%,A O Smith Corp.,"3,885","2,82,168",,
CRBN,iShares MSCI ACWI Low Carbon Target ETF,31/07/23,United States — 61.3%,Abbott Laboratories,"24,975","27,80,467",,
CRBN,iShares MSCI ACWI Low Carbon Target ETF,31/07/23,United States — 61.3%,AbbVie Inc.,"25,419","38,02,178",,
CRBN,iShares MSCI ACWI Low Carbon Target ETF,31/07/23,United States — 61.3%,"Accenture PLC, Class A","8,769","27,74,073",,
CRBN,iShares MSCI ACWI Low Carbon Target ETF,31/07/23,United States — 61.3%,Activision Blizzard Inc.,"11,100","10,29,636",,
CRBN,iShares MSCI ACWI Low Carbon Target ETF,31/07/23,United States — 61.3%,Adobe Inc.,"6,438","35,16,242",,
CRBN,iShares MSCI ACWI Low Carbon Target ETF,31/07/23,United States — 61.3%,Advanced Micro Devices Inc.,"23,643","27,04,759",,
CRBN,iShares MSCI ACWI Low Carbon Target ETF,31/07/23,United States — 61.3%,Aflac Inc.,"9,884","7,15,009",,
CRBN,iShares MSCI ACWI Low Carbon Target ETF,31/07/23,United States — 61.3%,Agilent Technologies Inc.,"4,551","5,54,175",,
CRBN,iShares MSCI ACWI Low Carbon Target ETF,31/07/23,United States — 61.3%,Air Products and Chemicals Inc.,666,"2,03,350",,
CRBN,iShares MSCI ACWI Low Carbon Target ETF,31/07/23,United States — 61.3%,"Airbnb Inc., Class A (a)(c)","8,214","12,50,089",,
CRBN,iShares MSCI ACWI Low Carbon Target ETF,31/07/23,United States — 61.3%,Akamai Technologies Inc.,"2,775","2,62,238",,
CRBN,iShares MSCI ACWI Low Carbon Target ETF,31/07/23,United States — 61.3%,Albemarle Corp.,"3,330","7,06,892",,
CRBN,iShares MSCI ACWI Low Carbon Target ETF,31/07/23,United States — 61.3%,United States (continued) Alexandria Real Estate Equities Inc.,"1,998","2,51,109",,
CRBN,iShares MSCI ACWI Low Carbon Target ETF,31/07/23,United States — 61.3%,Align Technology Inc.,"1,221","4,61,404",,
CRBN,iShares MSCI ACWI Low Carbon Target ETF,31/07/23,United States — 61.3%,Allegion PLC,"2,906","3,39,595",,
CRBN,iShares MSCI ACWI Low Carbon Target ETF,31/07/23,United States — 61.3%,Allstate Corp. (The),"3,552","4,00,239",,
CRBN,iShares MSCI ACWI Low Carbon Target ETF,31/07/23,United States — 61.3%,Alnylam Pharmaceuticals Inc.,"1,443","2,81,962",,
CRBN,iShares MSCI ACWI Low Carbon Target ETF,31/07/23,United States — 61.3%,"Alphabet Inc., Class A","84,027","1,11,52,063",,
CRBN,iShares MSCI ACWI Low Carbon Target ETF,31/07/23,United States — 61.3%,"Alphabet Inc., Class C, NVS","72,173","96,06,948",,
CRBN,iShares MSCI ACWI Low Carbon Target ETF,31/07/23,United States — 61.3%,Altria Group Inc.,"43,512","19,76,315",,
CRBN,iShares MSCI ACWI Low Carbon Target ETF,31/07/23,United States — 61.3%,Amazon.com Inc.,"1,26,540","1,69,15,867",,
CRBN,iShares MSCI ACWI Low Carbon Target ETF,31/07/23,United States — 61.3%,AMERCO,"3,996","2,28,611",,
CRBN,iShares MSCI ACWI Low Carbon Target ETF,31/07/23,United States — 61.3%,American Express Co.,"8,103","13,68,435",,
CRBN,iShares MSCI ACWI Low Carbon Target ETF,31/07/23,United States — 61.3%,American International Group Inc.,"21,645","13,04,761",,
CRBN,iShares MSCI ACWI Low Carbon Target ETF,31/07/23,United States — 61.3%,American Tower Corp.,"6,549","12,46,340",,
CRBN,iShares MSCI ACWI Low Carbon Target ETF,31/07/23,United States — 61.3%,American Water Works Co. Inc.,"9,657","14,23,732",,
CRBN,iShares MSCI ACWI Low Carbon Target ETF,31/07/23,United States — 61.3%,Ameriprise Financial Inc.,"1,666","5,80,518",,
CRBN,iShares MSCI ACWI Low Carbon Target ETF,31/07/23,United States — 61.3%,AMETEK Inc.,"9,879","15,66,809",,
CRBN,iShares MSCI ACWI Low Carbon Target ETF,31/07/23,United States — 61.3%,Amgen Inc.,"7,881","18,45,336",,
CRBN,iShares MSCI ACWI Low Carbon Target ETF,31/07/23,United States — 61.3%,"Amphenol Corp., Class A","11,166","9,86,069",,
CRBN,iShares MSCI ACWI Low Carbon Target ETF,31/07/23,United States — 61.3%,Analog Devices Inc.,"7,770","15,50,348",,
CRBN,iShares MSCI ACWI Low Carbon Target ETF,31/07/23,United States — 61.3%,Annaly Capital Management Inc.,"24,006","4,82,281",,
CRBN,iShares MSCI ACWI Low Carbon Target ETF,31/07/23,United States — 61.3%,Ansys Inc.,333,"1,13,919",,
CRBN,iShares MSCI ACWI Low Carbon Target ETF,31/07/23,United States — 61.3%,"Aon PLC, Class A","2,886","9,19,191",,
CRBN,iShares MSCI ACWI Low Carbon Target ETF,31/07/23,United States — 61.3%,Apollo Global Management Inc.,"5,328","4,35,351",,
CRBN,iShares MSCI ACWI Low Carbon Target ETF,31/07/23,United States — 61.3%,Apple Inc.,"2,19,669","4,31,53,975",,
CRBN,iShares MSCI ACWI Low Carbon Target ETF,31/07/23,United States — 61.3%,Applied Materials Inc.,"6,771","10,26,416",,
CRBN,iShares MSCI ACWI Low Carbon Target ETF,31/07/23,United States — 61.3%,Arch Capital Group Ltd.,"4,112","3,19,461",,
CRBN,iShares MSCI ACWI Low Carbon Target ETF,31/07/23,United States — 61.3%,Arista Networks Inc.,"3,108","4,82,020",,
CRBN,iShares MSCI ACWI Low Carbon Target ETF,31/07/23,United States — 61.3%,Arthur J Gallagher & Co.,"2,109","4,53,013",,
CRBN,iShares MSCI ACWI Low Carbon Target ETF,31/07/23,United States — 61.3%,Aspen Technology Inc.,444,"79,254",,
CRBN,iShares MSCI ACWI Low Carbon Target ETF,31/07/23,United States — 61.3%,Assurant Inc.,786,"1,05,725",,
CRBN,iShares MSCI ACWI Low Carbon Target ETF,31/07/23,United States — 61.3%,AT&T Inc.,"1,14,440","16,61,669",,
CRBN,iShares MSCI ACWI Low Carbon Target ETF,31/07/23,United States — 61.3%,Autodesk Inc.,"2,775","5,88,272",,
CRBN,iShares MSCI ACWI Low Carbon Target ETF,31/07/23,United States — 61.3%,Automatic Data Processing Inc.,"9,657","23,87,790",,
CRBN,iShares MSCI ACWI Low Carbon Target ETF,31/07/23,United States — 61.3%,AutoZone Inc.,222,"5,50,942",,
CRBN,iShares MSCI ACWI Low Carbon Target ETF,31/07/23,United States — 61.3%,AvalonBay Communities Inc.,"2,220","4,18,803",,
CRBN,iShares MSCI ACWI Low Carbon Target ETF,31/07/23,United States — 61.3%,Avantor Inc.,"9,435","1,94,078",,
CRBN,iShares MSCI ACWI Low Carbon Target ETF,31/07/23,United States — 61.3%,Avery Dennison Corp.,"2,442","4,49,352",,
CRBN,iShares MSCI ACWI Low Carbon Target ETF,31/07/23,United States — 61.3%,Axon Enterprise Inc.,"3,885","7,22,338",,
CRBN,iShares MSCI ACWI Low Carbon Target ETF,31/07/23,United States — 61.3%,"Baker Hughes Co., Class A","71,007","25,41,341",,
CRBN,iShares MSCI ACWI Low Carbon Target ETF,31/07/23,United States — 61.3%,Bank of America Corp.,"94,239","30,15,648",,
CRBN,iShares MSCI ACWI Low Carbon Target ETF,31/07/23,United States — 61.3%,Bank of New York Mellon Corp. (The),"10,545","4,78,321",,
CRBN,iShares MSCI ACWI Low Carbon Target ETF,31/07/23,United States — 61.3%,Bath & Body Works Inc.,"4,440","1,64,546",,
CRBN,iShares MSCI ACWI Low Carbon Target ETF,31/07/23,United States — 61.3%,Baxter International Inc.,"6,105","2,76,129",,
CRBN,iShares MSCI ACWI Low Carbon Target ETF,31/07/23,United States — 61.3%,Becton Dickinson and Co.,"3,996","11,13,366",,
CRBN,iShares MSCI ACWI Low Carbon Target ETF,31/07/23,United States — 61.3%,"Berkshire Hathaway Inc., Class B","16,428","57,81,999",,
CRBN,iShares MSCI ACWI Low Carbon Target ETF,31/07/23,United States — 61.3%,Biogen Inc.,"2,553","6,89,795",,
CRBN,iShares MSCI ACWI Low Carbon Target ETF,31/07/23,United States — 61.3%,BioMarin Pharmaceutical Inc.,"2,553","2,24,485",,
CRBN,iShares MSCI ACWI Low Carbon Target ETF,31/07/23,United States — 61.3%,Bio-Techne Corp.,"2,331","1,94,405",,
CRBN,iShares MSCI ACWI Low Carbon Target ETF,31/07/23,United States — 61.3%,Black Knight Inc.,"2,775","1,95,139",,
CRBN,iShares MSCI ACWI Low Carbon Target ETF,31/07/23,United States — 61.3%,BlackRock Inc.,"1,690","12,48,656",,
CRBN,iShares MSCI ACWI Low Carbon Target ETF,31/07/23,United States — 61.3%,"Blackstone Inc., NVS","10,101","10,58,484",,
CRBN,iShares MSCI ACWI Low Carbon Target ETF,31/07/23,United States — 61.3%,Block Inc.,"4,444","3,57,875",,
CRBN,iShares MSCI ACWI Low Carbon Target ETF,31/07/23,United States — 61.3%,Booking Holdings Inc.,666,"19,78,553",,
CRBN,iShares MSCI ACWI Low Carbon Target ETF,31/07/23,United States — 61.3%,"Booz Allen Hamilton Holding Corp., Class A","3,219","3,89,757",,
CRBN,iShares MSCI ACWI Low Carbon Target ETF,31/07/23,United States — 61.3%,Boston Properties Inc.,"1,887","1,25,731",,
CRBN,iShares MSCI ACWI Low Carbon Target ETF,31/07/23,United States — 61.3%,Boston Scientific Corp.,"21,201","10,99,272",,
CRBN,iShares MSCI ACWI Low Carbon Target ETF,31/07/23,United States — 61.3%,Bristol-Myers Squibb Co.,"37,407","23,26,341",,
CRBN,iShares MSCI ACWI Low Carbon Target ETF,31/07/23,United States — 61.3%,Broadcom Inc.,"6,216","55,86,008",,
CRBN,iShares MSCI ACWI Low Carbon Target ETF,31/07/23,United States — 61.3%,Broadridge Financial Solutions Inc.,"3,175","5,33,146",,
CRBN,iShares MSCI ACWI Low Carbon Target ETF,31/07/23,United States — 61.3%,Brown & Brown Inc.,"1,887","1,32,939",,
CRBN,iShares MSCI ACWI Low Carbon Target ETF,31/07/23,United States — 61.3%,"United States (continued) Brown-Forman Corp., Class B","6,039","4,26,353",,
CRBN,iShares MSCI ACWI Low Carbon Target ETF,31/07/23,United States — 61.3%,Burlington Stores Inc.,777,"1,38,011",,
CRBN,iShares MSCI ACWI Low Carbon Target ETF,31/07/23,United States — 61.3%,Cadence Design Systems Inc.,"3,552","8,31,204",,
CRBN,iShares MSCI ACWI Low Carbon Target ETF,31/07/23,United States — 61.3%,Caesars Entertainment Inc.,"1,110","65,512",,
CRBN,iShares MSCI ACWI Low Carbon Target ETF,31/07/23,United States — 61.3%,Capital One Financial Corp.,"4,884","5,71,526",,
CRBN,iShares MSCI ACWI Low Carbon Target ETF,31/07/23,United States — 61.3%,Carlyle Group Inc. (The),"5,217","1,85,986",,
CRBN,iShares MSCI ACWI Low Carbon Target ETF,31/07/23,United States — 61.3%,Carrier Global Corp.,"10,767","6,41,175",,
CRBN,iShares MSCI ACWI Low Carbon Target ETF,31/07/23,United States — 61.3%,Catalent Inc.,"3,219","1,56,186",,
CRBN,iShares MSCI ACWI Low Carbon Target ETF,31/07/23,United States — 61.3%,Cboe Global Markets Inc.,"1,554","2,17,063",,
CRBN,iShares MSCI ACWI Low Carbon Target ETF,31/07/23,United States — 61.3%,CDW Corp./DE,"1,665","3,11,472",,
CRBN,iShares MSCI ACWI Low Carbon Target ETF,31/07/23,United States — 61.3%,Centene Corp.,"3,663","2,49,414",,
CRBN,iShares MSCI ACWI Low Carbon Target ETF,31/07/23,United States — 61.3%,Charles River Laboratories International Inc.,555,"1,16,295",,
CRBN,iShares MSCI ACWI Low Carbon Target ETF,31/07/23,United States — 61.3%,Charles Schwab Corp. (The),"18,981","12,54,644",,
CRBN,iShares MSCI ACWI Low Carbon Target ETF,31/07/23,United States — 61.3%,"Charter Communications Inc., Class A","1,665","6,74,641",,
CRBN,iShares MSCI ACWI Low Carbon Target ETF,31/07/23,United States — 61.3%,"Chewy Inc., Class A (a)(c)","2,775","94,073",,
CRBN,iShares MSCI ACWI Low Carbon Target ETF,31/07/23,United States — 61.3%,"Chipotle Mexican Grill Inc., Class A",444,"8,71,252",,
CRBN,iShares MSCI ACWI Low Carbon Target ETF,31/07/23,United States — 61.3%,Chubb Ltd.,"5,883","12,02,544",,
CRBN,iShares MSCI ACWI Low Carbon Target ETF,31/07/23,United States — 61.3%,Church & Dwight Co. Inc.,"4,107","3,92,917",,
CRBN,iShares MSCI ACWI Low Carbon Target ETF,31/07/23,United States — 61.3%,Cigna Group (The),"4,329","12,77,488",,
CRBN,iShares MSCI ACWI Low Carbon Target ETF,31/07/23,United States — 61.3%,Cintas Corp.,"1,665","8,35,897",,
CRBN,iShares MSCI ACWI Low Carbon Target ETF,31/07/23,United States — 61.3%,Cisco Systems Inc.,"70,152","36,50,710",,
CRBN,iShares MSCI ACWI Low Carbon Target ETF,31/07/23,United States — 61.3%,Citigroup Inc.,"28,749","13,70,177",,
CRBN,iShares MSCI ACWI Low Carbon Target ETF,31/07/23,United States — 61.3%,Citizens Financial Group Inc.,"12,765","4,11,799",,
CRBN,iShares MSCI ACWI Low Carbon Target ETF,31/07/23,United States — 61.3%,Clarivate PLC,"9,546","90,782",,
CRBN,iShares MSCI ACWI Low Carbon Target ETF,31/07/23,United States — 61.3%,"Cloudflare Inc., Class A (a)(c)","1,887","1,29,769",,
CRBN,iShares MSCI ACWI Low Carbon Target ETF,31/07/23,United States — 61.3%,CME Group Inc.,"4,773","9,49,636",,
CRBN,iShares MSCI ACWI Low Carbon Target ETF,31/07/23,United States — 61.3%,Coca-Cola Co. (The),"63,048","39,04,563",,
CRBN,iShares MSCI ACWI Low Carbon Target ETF,31/07/23,United States — 61.3%,Cognex Corp.,"2,886","1,57,633",,
CRBN,iShares MSCI ACWI Low Carbon Target ETF,31/07/23,United States — 61.3%,"Cognizant Technology Solutions Corp., Class A","8,547","5,64,358",,
CRBN,iShares MSCI ACWI Low Carbon Target ETF,31/07/23,United States — 61.3%,"Coinbase Global Inc., Class A (a)(c)","2,664","2,62,697",,
CRBN,iShares MSCI ACWI Low Carbon Target ETF,31/07/23,United States — 61.3%,Colgate-Palmolive Co.,"13,209","10,07,318",,
CRBN,iShares MSCI ACWI Low Carbon Target ETF,31/07/23,United States — 61.3%,"Comcast Corp., Class A","62,382","28,23,409",,
CRBN,iShares MSCI ACWI Low Carbon Target ETF,31/07/23,United States — 61.3%,Consolidated Edison Inc.,"2,109","2,00,060",,
CRBN,iShares MSCI ACWI Low Carbon Target ETF,31/07/23,United States — 61.3%,"Constellation Brands Inc., Class A","4,107","11,20,390",,
CRBN,iShares MSCI ACWI Low Carbon Target ETF,31/07/23,United States — 61.3%,Cooper Companies Inc. (The),555,"2,17,149",,
CRBN,iShares MSCI ACWI Low Carbon Target ETF,31/07/23,United States — 61.3%,Copart Inc.,"9,324","8,24,148",,
CRBN,iShares MSCI ACWI Low Carbon Target ETF,31/07/23,United States — 61.3%,Corning Inc.,"7,881","2,67,481",,
CRBN,iShares MSCI ACWI Low Carbon Target ETF,31/07/23,United States — 61.3%,Corteva Inc.,"26,751","15,09,559",,
CRBN,iShares MSCI ACWI Low Carbon Target ETF,31/07/23,United States — 61.3%,CoStar Group Inc.(a),"6,327","5,31,278",,
CRBN,iShares MSCI ACWI Low Carbon Target ETF,31/07/23,United States — 61.3%,Costco Wholesale Corp.,"3,996","22,40,437",,
CRBN,iShares MSCI ACWI Low Carbon Target ETF,31/07/23,United States — 61.3%,"2,240,437 Crowdstrike Holdings Inc., Class A","2,220","3,58,885",,
CRBN,iShares MSCI ACWI Low Carbon Target ETF,31/07/23,United States — 61.3%,Crown Castle Inc.,"6,660","7,21,211",,
CRBN,iShares MSCI ACWI Low Carbon Target ETF,31/07/23,United States — 61.3%,CSX Corp.,"34,632","11,53,938",,
CRBN,iShares MSCI ACWI Low Carbon Target ETF,31/07/23,United States — 61.3%,CVS Health Corp.,"17,649","13,18,204",,
CRBN,iShares MSCI ACWI Low Carbon Target ETF,31/07/23,United States — 61.3%,Danaher Corp.,"10,212","26,04,673",,
CRBN,iShares MSCI ACWI Low Carbon Target ETF,31/07/23,United States — 61.3%,Darden Restaurants Inc.,"1,443","2,43,752",,
CRBN,iShares MSCI ACWI Low Carbon Target ETF,31/07/23,United States — 61.3%,Darling Ingredients Inc.,"3,108","2,15,229",,
CRBN,iShares MSCI ACWI Low Carbon Target ETF,31/07/23,United States — 61.3%,"Datadog Inc., Class A","2,442","2,85,030",,
CRBN,iShares MSCI ACWI Low Carbon Target ETF,31/07/23,United States — 61.3%,DaVita Inc.,"3,108","3,16,985",,
CRBN,iShares MSCI ACWI Low Carbon Target ETF,31/07/23,United States — 61.3%,Deere & Co.,"3,885","16,68,996",,
CRBN,iShares MSCI ACWI Low Carbon Target ETF,31/07/23,United States — 61.3%,DENTSPLY SIRONA Inc.,"4,662","1,93,566",,
CRBN,iShares MSCI ACWI Low Carbon Target ETF,31/07/23,United States — 61.3%,Dexcom Inc.,"5,328","6,63,656",,
CRBN,iShares MSCI ACWI Low Carbon Target ETF,31/07/23,United States — 61.3%,Digital Realty Trust Inc.,"2,331","2,90,489",,
CRBN,iShares MSCI ACWI Low Carbon Target ETF,31/07/23,United States — 61.3%,Discover Financial Services,"2,220","2,34,321",,
CRBN,iShares MSCI ACWI Low Carbon Target ETF,31/07/23,United States — 61.3%,"DocuSign Inc., Class A",222,"11,948",,
CRBN,iShares MSCI ACWI Low Carbon Target ETF,31/07/23,United States — 61.3%,Dollar General Corp.,"3,552","5,99,791",,
CRBN,iShares MSCI ACWI Low Carbon Target ETF,31/07/23,United States — 61.3%,Dollar Tree Inc.,"3,219","4,96,788",,
CRBN,iShares MSCI ACWI Low Carbon Target ETF,31/07/23,United States — 61.3%,Domino’s Pizza Inc.,666,"2,64,229",,
CRBN,iShares MSCI ACWI Low Carbon Target ETF,31/07/23,United States — 61.3%,"DoorDash Inc., Class A","3,774","3,42,641",,
CRBN,iShares MSCI ACWI Low Carbon Target ETF,31/07/23,United States — 61.3%,DR Horton Inc.,967,"1,22,828",,
CRBN,iShares MSCI ACWI Low Carbon Target ETF,31/07/23,United States — 61.3%,DuPont de Nemours Inc.,"6,216","4,82,548",,
CRBN,iShares MSCI ACWI Low Carbon Target ETF,31/07/23,United States — 61.3%,Eaton Corp. PLC,"7,104","14,58,593",,
CRBN,iShares MSCI ACWI Low Carbon Target ETF,31/07/23,United States — 61.3%,eBay Inc.,"13,875","6,17,576",,
CRBN,iShares MSCI ACWI Low Carbon Target ETF,31/07/23,United States — 61.3%,Ecolab Inc.,"8,769","16,05,955",,
CRBN,iShares MSCI ACWI Low Carbon Target ETF,31/07/23,United States — 61.3%,Edison International,"17,094","12,30,084",,
CRBN,iShares MSCI ACWI Low Carbon Target ETF,31/07/23,United States — 61.3%,Edwards Lifesciences Corp.,"9,435","7,74,330",,
CRBN,iShares MSCI ACWI Low Carbon Target ETF,31/07/23,United States — 61.3%,Electronic Arts Inc.,"3,774","5,14,585",,
CRBN,iShares MSCI ACWI Low Carbon Target ETF,31/07/23,United States — 61.3%,Elevance Health Inc.,"3,330","15,70,528",,
CRBN,iShares MSCI ACWI Low Carbon Target ETF,31/07/23,United States — 61.3%,Eli Lilly & Co.,"11,322","51,46,415",,
CRBN,iShares MSCI ACWI Low Carbon Target ETF,31/07/23,United States — 61.3%,Emerson Electric Co.,"10,212","9,32,866",,
CRBN,iShares MSCI ACWI Low Carbon Target ETF,31/07/23,United States — 61.3%,Enphase Energy Inc.,"2,553","3,87,622",,
CRBN,iShares MSCI ACWI Low Carbon Target ETF,31/07/23,United States — 61.3%,Entegris Inc.,"1,887","2,07,023",,
CRBN,iShares MSCI ACWI Low Carbon Target ETF,31/07/23,United States — 61.3%,EPAM Systems Inc.,888,"2,10,287",,
CRBN,iShares MSCI ACWI Low Carbon Target ETF,31/07/23,United States — 61.3%,Equifax Inc.,"2,442","4,98,363",,
CRBN,iShares MSCI ACWI Low Carbon Target ETF,31/07/23,United States — 61.3%,Equinix Inc.,"1,221","9,88,912",,
CRBN,iShares MSCI ACWI Low Carbon Target ETF,31/07/23,United States — 61.3%,Equitable Holdings Inc.,"28,305","8,12,070",,
CRBN,iShares MSCI ACWI Low Carbon Target ETF,31/07/23,United States — 61.3%,Equity Residential,"4,995","3,29,370",,
CRBN,iShares MSCI ACWI Low Carbon Target ETF,31/07/23,United States — 61.3%,Essex Property Trust Inc.,888,"2,16,272",,
CRBN,iShares MSCI ACWI Low Carbon Target ETF,31/07/23,United States — 61.3%,"Estee Lauder Companies Inc. (The), Class A","3,996","7,19,280",,
CRBN,iShares MSCI ACWI Low Carbon Target ETF,31/07/23,United States — 61.3%,Etsy Inc.,"2,442","2,48,229",,
CRBN,iShares MSCI ACWI Low Carbon Target ETF,31/07/23,United States — 61.3%,Everest Group Ltd.,333,"1,20,050",,
CRBN,iShares MSCI ACWI Low Carbon Target ETF,31/07/23,United States — 61.3%,Eversource Energy,"16,761","12,12,323",,
CRBN,iShares MSCI ACWI Low Carbon Target ETF,31/07/23,United States — 61.3%,Exelon Corp.,"24,864","10,40,807",,
CRBN,iShares MSCI ACWI Low Carbon Target ETF,31/07/23,United States — 61.3%,Expeditors International of Washington Inc.,"3,774","4,80,430",,
CRBN,iShares MSCI ACWI Low Carbon Target ETF,31/07/23,United States — 61.3%,Extra Space Storage Inc.,"2,220","3,09,845",,
CRBN,iShares MSCI ACWI Low Carbon Target ETF,31/07/23,United States — 61.3%,F5 Inc.,888,"1,40,517",,
CRBN,iShares MSCI ACWI Low Carbon Target ETF,31/07/23,United States — 61.3%,Fair Isaac Corp.,333,"2,79,044",,
CRBN,iShares MSCI ACWI Low Carbon Target ETF,31/07/23,United States — 61.3%,Fastenal Co.,"10,434","6,11,537",,
CRBN,iShares MSCI ACWI Low Carbon Target ETF,31/07/23,United States — 61.3%,FedEx Corp.,"1,998","5,39,360",,
CRBN,iShares MSCI ACWI Low Carbon Target ETF,31/07/23,United States — 61.3%,Fidelity National Financial Inc.,"8,682","3,40,074",,
CRBN,iShares MSCI ACWI Low Carbon Target ETF,31/07/23,United States — 61.3%,Fidelity National Information Services Inc.,"9,768","5,89,792",,
CRBN,iShares MSCI ACWI Low Carbon Target ETF,31/07/23,United States — 61.3%,Fifth Third Bancorp,"8,436","2,45,488",,
CRBN,iShares MSCI ACWI Low Carbon Target ETF,31/07/23,United States — 61.3%,"First Citizens BancShares Inc./NC, Class A",111,"1,58,874",,
CRBN,iShares MSCI ACWI Low Carbon Target ETF,31/07/23,United States — 61.3%,First Solar Inc.,"2,331","4,83,449",,
CRBN,iShares MSCI ACWI Low Carbon Target ETF,31/07/23,United States — 61.3%,Fiserv Inc.,"9,324","11,76,782",,
CRBN,iShares MSCI ACWI Low Carbon Target ETF,31/07/23,United States — 61.3%,FleetCor Technologies Inc.,"1,110","2,76,290",,
CRBN,iShares MSCI ACWI Low Carbon Target ETF,31/07/23,United States — 61.3%,FMC Corp.,"5,772","5,55,440",,
CRBN,iShares MSCI ACWI Low Carbon Target ETF,31/07/23,United States — 61.3%,Ford Motor Co.,"8,325","1,09,973",,
CRBN,iShares MSCI ACWI Low Carbon Target ETF,31/07/23,United States — 61.3%,Fortinet Inc.,"8,214","6,38,392",,
CRBN,iShares MSCI ACWI Low Carbon Target ETF,31/07/23,United States — 61.3%,Fortive Corp.,"15,096","11,82,772",,
CRBN,iShares MSCI ACWI Low Carbon Target ETF,31/07/23,United States — 61.3%,"Fortune Brands Home & Security Inc., NVS","2,109","1,49,887",,
CRBN,iShares MSCI ACWI Low Carbon Target ETF,31/07/23,United States — 61.3%,"Fox Corp., Class A, NVS","6,105","2,04,212",,
CRBN,iShares MSCI ACWI Low Carbon Target ETF,31/07/23,United States — 61.3%,Franklin Resources Inc.,"8,658","2,53,160",,
CRBN,iShares MSCI ACWI Low Carbon Target ETF,31/07/23,United States — 61.3%,Freeport-McMoRan Inc.,"58,830","26,26,760",,
CRBN,iShares MSCI ACWI Low Carbon Target ETF,31/07/23,United States — 61.3%,Garmin Ltd.,"2,664","2,82,091",,
CRBN,iShares MSCI ACWI Low Carbon Target ETF,31/07/23,United States — 61.3%,Gartner Inc.,"1,443","5,10,230",,
CRBN,iShares MSCI ACWI Low Carbon Target ETF,31/07/23,United States — 61.3%,Gen Digital Inc.,"29,193","5,67,804",,
CRBN,iShares MSCI ACWI Low Carbon Target ETF,31/07/23,United States — 61.3%,General Mills Inc.,"9,990","7,46,653",,
CRBN,iShares MSCI ACWI Low Carbon Target ETF,31/07/23,United States — 61.3%,Gilead Sciences Inc.,"20,313","15,46,632",,
CRBN,iShares MSCI ACWI Low Carbon Target ETF,31/07/23,United States — 61.3%,Global Payments Inc.,"4,329","4,77,272",,
CRBN,iShares MSCI ACWI Low Carbon Target ETF,31/07/23,United States — 61.3%,"GoDaddy Inc., Class A","2,220","1,71,140",,
CRBN,iShares MSCI ACWI Low Carbon Target ETF,31/07/23,United States — 61.3%,Goldman Sachs Group Inc. (The),"4,884","17,38,069",,
CRBN,iShares MSCI ACWI Low Carbon Target ETF,31/07/23,United States — 61.3%,Graco Inc.,"7,962","6,31,625",,
CRBN,iShares MSCI ACWI Low Carbon Target ETF,31/07/23,United States — 61.3%,Halliburton Co.,"1,65,143","64,53,788",,
CRBN,iShares MSCI ACWI Low Carbon Target ETF,31/07/23,United States — 61.3%,Hartford Financial Services Group Inc. (The),"4,440","3,19,147",,
CRBN,iShares MSCI ACWI Low Carbon Target ETF,31/07/23,United States — 61.3%,HCA Healthcare Inc.,"3,663","9,99,303",,
CRBN,iShares MSCI ACWI Low Carbon Target ETF,31/07/23,United States — 61.3%,HEICO Corp.,"4,662","8,20,419",,
CRBN,iShares MSCI ACWI Low Carbon Target ETF,31/07/23,United States — 61.3%,"HEICO Corp., Class A",777,"1,09,052",,
CRBN,iShares MSCI ACWI Low Carbon Target ETF,31/07/23,United States — 61.3%,Hershey Co. (The),"2,886","6,67,561",,
CRBN,iShares MSCI ACWI Low Carbon Target ETF,31/07/23,United States — 61.3%,Hess Corp.,"2,775","4,21,051",,
CRBN,iShares MSCI ACWI Low Carbon Target ETF,31/07/23,United States — 61.3%,Hewlett Packard Enterprise Co.,"29,637","5,15,091",,
CRBN,iShares MSCI ACWI Low Carbon Target ETF,31/07/23,United States — 61.3%,Hilton Worldwide Holdings Inc.,"2,997","4,66,004",,
CRBN,iShares MSCI ACWI Low Carbon Target ETF,31/07/23,United States — 61.3%,Hologic Inc.,"3,441","2,73,284",,
CRBN,iShares MSCI ACWI Low Carbon Target ETF,31/07/23,United States — 61.3%,Home Depot Inc. (The),"14,097","47,06,143",,
CRBN,iShares MSCI ACWI Low Carbon Target ETF,31/07/23,United States — 61.3%,Honeywell International Inc.,"9,324","18,10,068",,
CRBN,iShares MSCI ACWI Low Carbon Target ETF,31/07/23,United States — 61.3%,Horizon Therapeutics PLC,"2,220","2,22,599",,
CRBN,iShares MSCI ACWI Low Carbon Target ETF,31/07/23,United States — 61.3%,Host Hotels & Resorts Inc.,"20,646","3,79,886",,
CRBN,iShares MSCI ACWI Low Carbon Target ETF,31/07/23,United States — 61.3%,"Hubbell Inc., Class B","2,109","6,58,008",,
CRBN,iShares MSCI ACWI Low Carbon Target ETF,31/07/23,United States — 61.3%,Humana Inc.,"1,776","8,11,330",,
CRBN,iShares MSCI ACWI Low Carbon Target ETF,31/07/23,United States — 61.3%,Huntington Bancshares Inc./OH,"14,541","1,77,982",,
CRBN,iShares MSCI ACWI Low Carbon Target ETF,31/07/23,United States — 61.3%,IDEX Corp.,"2,775","6,26,623",,
CRBN,iShares MSCI ACWI Low Carbon Target ETF,31/07/23,United States — 61.3%,IDEXX Laboratories Inc.,"1,110","6,15,750",,
CRBN,iShares MSCI ACWI Low Carbon Target ETF,31/07/23,United States — 61.3%,Illinois Tool Works Inc.,"5,883","15,49,112",,
CRBN,iShares MSCI ACWI Low Carbon Target ETF,31/07/23,United States — 61.3%,Illumina Inc.,"2,220","4,26,573",,
CRBN,iShares MSCI ACWI Low Carbon Target ETF,31/07/23,United States — 61.3%,Incyte Corp.,"2,331","1,48,531",,
CRBN,iShares MSCI ACWI Low Carbon Target ETF,31/07/23,United States — 61.3%,Ingersoll Rand Inc.,"16,225","10,59,006",,
CRBN,iShares MSCI ACWI Low Carbon Target ETF,31/07/23,United States — 61.3%,Insulet Corp.,777,"2,15,035",,
CRBN,iShares MSCI ACWI Low Carbon Target ETF,31/07/23,United States — 61.3%,Intel Corp.,"61,827","22,11,552",,
CRBN,iShares MSCI ACWI Low Carbon Target ETF,31/07/23,United States — 61.3%,Intercontinental Exchange Inc.,"7,215","8,28,282",,
CRBN,iShares MSCI ACWI Low Carbon Target ETF,31/07/23,United States — 61.3%,International Business Machines Corp.,"15,318","22,08,549",,
CRBN,iShares MSCI ACWI Low Carbon Target ETF,31/07/23,United States — 61.3%,International Flavors & Fragrances Inc.,"6,660","5,63,503",,
CRBN,iShares MSCI ACWI Low Carbon Target ETF,31/07/23,United States — 61.3%,Interpublic Group of Companies Inc. (The),"7,992","2,73,566",,
CRBN,iShares MSCI ACWI Low Carbon Target ETF,31/07/23,United States — 61.3%,Intuit Inc.,"3,774","19,31,156",,
CRBN,iShares MSCI ACWI Low Carbon Target ETF,31/07/23,United States — 61.3%,Intuitive Surgical Inc.,"5,217","16,92,395",,
CRBN,iShares MSCI ACWI Low Carbon Target ETF,31/07/23,United States — 61.3%,Invitation Homes Inc.,"8,463","3,00,437",,
CRBN,iShares MSCI ACWI Low Carbon Target ETF,31/07/23,United States — 61.3%,IQVIA Holdings Inc.,"2,997","6,70,609",,
CRBN,iShares MSCI ACWI Low Carbon Target ETF,31/07/23,United States — 61.3%,Iron Mountain Inc.,"5,328","3,27,139",,
CRBN,iShares MSCI ACWI Low Carbon Target ETF,31/07/23,United States — 61.3%,Jack Henry & Associates Inc.,888,"1,48,802",,
CRBN,iShares MSCI ACWI Low Carbon Target ETF,31/07/23,United States — 61.3%,"Jacobs Solutions Inc., NVS","2,109","2,64,490",,
CRBN,iShares MSCI ACWI Low Carbon Target ETF,31/07/23,United States — 61.3%,Jazz Pharmaceuticals PLC,"1,332","1,73,719",,
CRBN,iShares MSCI ACWI Low Carbon Target ETF,31/07/23,United States — 61.3%,Johnson & Johnson,"37,185","62,29,603",,
CRBN,iShares MSCI ACWI Low Carbon Target ETF,31/07/23,United States — 61.3%,JPMorgan Chase & Co.,"39,429","62,28,205",,
CRBN,iShares MSCI ACWI Low Carbon Target ETF,31/07/23,United States — 61.3%,Juniper Networks Inc.,"3,774","1,04,917",,
CRBN,iShares MSCI ACWI Low Carbon Target ETF,31/07/23,United States — 61.3%,Keurig Dr Pepper Inc.,"14,430","4,90,764",,
CRBN,iShares MSCI ACWI Low Carbon Target ETF,31/07/23,United States — 61.3%,KeyCorp,"20,868","2,56,885",,
CRBN,iShares MSCI ACWI Low Carbon Target ETF,31/07/23,United States — 61.3%,Keysight Technologies Inc.,"2,553","4,11,237",,
CRBN,iShares MSCI ACWI Low Carbon Target ETF,31/07/23,United States — 61.3%,Kimberly-Clark Corp.,"2,886","3,72,583",,
CRBN,iShares MSCI ACWI Low Carbon Target ETF,31/07/23,United States — 61.3%,Kimco Realty Corp.,"7,437","1,50,674",,
CRBN,iShares MSCI ACWI Low Carbon Target ETF,31/07/23,United States — 61.3%,Kinder Morgan Inc.,"99,900","17,69,229",,
CRBN,iShares MSCI ACWI Low Carbon Target ETF,31/07/23,United States — 61.3%,KKR & Co. Inc.,"7,437","4,41,609",,
CRBN,iShares MSCI ACWI Low Carbon Target ETF,31/07/23,United States — 61.3%,KLA Corp.,"2,553","13,12,114",,
CRBN,iShares MSCI ACWI Low Carbon Target ETF,31/07/23,United States — 61.3%,L3Harris Technologies Inc.,"13,431","25,45,040",,
CRBN,iShares MSCI ACWI Low Carbon Target ETF,31/07/23,United States — 61.3%,Laboratory Corp. of America Holdings,"1,332","2,84,955",,
CRBN,iShares MSCI ACWI Low Carbon Target ETF,31/07/23,United States — 61.3%,Lam Research Corp.,"1,776","12,76,038",,
CRBN,iShares MSCI ACWI Low Carbon Target ETF,31/07/23,United States — 61.3%,Las Vegas Sands Corp.,"9,324","5,57,668",,
CRBN,iShares MSCI ACWI Low Carbon Target ETF,31/07/23,United States — 61.3%,Leidos Holdings Inc.,"2,331","2,18,018",,
CRBN,iShares MSCI ACWI Low Carbon Target ETF,31/07/23,United States — 61.3%,"Liberty Broadband Corp., Class C","2,109","1,87,975",,
CRBN,iShares MSCI ACWI Low Carbon Target ETF,31/07/23,United States — 61.3%,"Liberty Global PLC, Class A","10,212","1,89,637",,
CRBN,iShares MSCI ACWI Low Carbon Target ETF,31/07/23,United States — 61.3%,"Liberty Global PLC, Class C, NVS","14,319","2,82,943",,
CRBN,iShares MSCI ACWI Low Carbon Target ETF,31/07/23,United States — 61.3%,"Liberty Media Corp.-Liberty Formula One, Class C, NVS","4,329","3,14,285",,
CRBN,iShares MSCI ACWI Low Carbon Target ETF,31/07/23,United States — 61.3%,"Liberty Media Corp.-Liberty SiriusXM, Class C, NVS","12,321","3,92,177",,
CRBN,iShares MSCI ACWI Low Carbon Target ETF,31/07/23,United States — 61.3%,Linde PLC,"6,216","24,28,405",,
CRBN,iShares MSCI ACWI Low Carbon Target ETF,31/07/23,United States — 61.3%,Live Nation Entertainment Inc.,"2,664","2,33,766",,
CRBN,iShares MSCI ACWI Low Carbon Target ETF,31/07/23,United States — 61.3%,Loews Corp.,"12,543","7,85,819",,
CRBN,iShares MSCI ACWI Low Carbon Target ETF,31/07/23,United States — 61.3%,Lowe’s Companies Inc.,"9,213","21,58,330",,
CRBN,iShares MSCI ACWI Low Carbon Target ETF,31/07/23,United States — 61.3%,LPL Financial Holdings Inc.,"1,110","2,54,590",,
CRBN,iShares MSCI ACWI Low Carbon Target ETF,31/07/23,United States — 61.3%,Lucid Group Inc.,"39,516","3,00,717",,
CRBN,iShares MSCI ACWI Low Carbon Target ETF,31/07/23,United States — 61.3%,Lululemon Athletica Inc.,"1,887","7,14,286",,
CRBN,iShares MSCI ACWI Low Carbon Target ETF,31/07/23,United States — 61.3%,M&T Bank Corp.,"3,219","4,50,209",,
CRBN,iShares MSCI ACWI Low Carbon Target ETF,31/07/23,United States — 61.3%,MarketAxess Holdings Inc.,555,"1,49,417",,
CRBN,iShares MSCI ACWI Low Carbon Target ETF,31/07/23,United States — 61.3%,"Marriott International Inc./MD, Class A","2,220","4,48,018",,
CRBN,iShares MSCI ACWI Low Carbon Target ETF,31/07/23,United States — 61.3%,Marsh & McLennan Companies Inc.,"8,240","15,52,581",,
CRBN,iShares MSCI ACWI Low Carbon Target ETF,31/07/23,United States — 61.3%,Marvell Technology Inc.,"12,543","8,16,926",,
CRBN,iShares MSCI ACWI Low Carbon Target ETF,31/07/23,United States — 61.3%,Masco Corp.,"8,547","5,18,632",,
CRBN,iShares MSCI ACWI Low Carbon Target ETF,31/07/23,United States — 61.3%,"Mastercard Inc., Class A","11,877","46,82,864",,
CRBN,iShares MSCI ACWI Low Carbon Target ETF,31/07/23,United States — 61.3%,Match Group Inc.,"3,330","1,54,878",,
CRBN,iShares MSCI ACWI Low Carbon Target ETF,31/07/23,United States — 61.3%,"McCormick & Co. Inc./MD, NVS","4,662","4,17,156",,
CRBN,iShares MSCI ACWI Low Carbon Target ETF,31/07/23,United States — 61.3%,McDonald’s Corp.,"11,877","34,82,336",,
CRBN,iShares MSCI ACWI Low Carbon Target ETF,31/07/23,United States — 61.3%,Medtronic PLC,"18,870","16,56,031",,
CRBN,iShares MSCI ACWI Low Carbon Target ETF,31/07/23,United States — 61.3%,MercadoLibre Inc.,777,"9,61,965",,
CRBN,iShares MSCI ACWI Low Carbon Target ETF,31/07/23,United States — 61.3%,Merck & Co. Inc.,"36,297","38,71,075",,
CRBN,iShares MSCI ACWI Low Carbon Target ETF,31/07/23,United States — 61.3%,"Meta Platforms Inc., Class A","31,302","99,72,817",,
CRBN,iShares MSCI ACWI Low Carbon Target ETF,31/07/23,United States — 61.3%,MetLife Inc.,"10,323","6,50,039",,
CRBN,iShares MSCI ACWI Low Carbon Target ETF,31/07/23,United States — 61.3%,Mettler-Toledo International Inc.,333,"4,18,738",,
CRBN,iShares MSCI ACWI Low Carbon Target ETF,31/07/23,United States — 61.3%,MGM Resorts International,"5,661","2,87,409",,
CRBN,iShares MSCI ACWI Low Carbon Target ETF,31/07/23,United States — 61.3%,Microchip Technology Inc.,"8,991","8,44,615",,
CRBN,iShares MSCI ACWI Low Carbon Target ETF,31/07/23,United States — 61.3%,Micron Technology Inc.,"15,540","11,09,401",,
CRBN,iShares MSCI ACWI Low Carbon Target ETF,31/07/23,United States — 61.3%,Microsoft Corp.,"97,347","3,27,00,804",,
CRBN,iShares MSCI ACWI Low Carbon Target ETF,31/07/23,United States — 61.3%,Mid-America Apartment Communities Inc.,"1,554","2,32,572",,
CRBN,iShares MSCI ACWI Low Carbon Target ETF,31/07/23,United States — 61.3%,Moderna Inc.,"4,662","5,48,531",,
CRBN,iShares MSCI ACWI Low Carbon Target ETF,31/07/23,United States — 61.3%,"Mondelez International Inc., Class A","22,089","16,37,458",,
CRBN,iShares MSCI ACWI Low Carbon Target ETF,31/07/23,United States — 61.3%,MongoDB Inc. (a)(c),222,"93,995",,
CRBN,iShares MSCI ACWI Low Carbon Target ETF,31/07/23,United States — 61.3%,Monolithic Power Systems Inc.,777,"4,34,724",,
CRBN,iShares MSCI ACWI Low Carbon Target ETF,31/07/23,United States — 61.3%,Monster Beverage Corp.,"13,764","7,91,292",,
CRBN,iShares MSCI ACWI Low Carbon Target ETF,31/07/23,United States — 61.3%,Moody’s Corp.,"1,998","7,04,795",,
CRBN,iShares MSCI ACWI Low Carbon Target ETF,31/07/23,United States — 61.3%,Morgan Stanley,"18,204","16,66,758",,
CRBN,iShares MSCI ACWI Low Carbon Target ETF,31/07/23,United States — 61.3%,Motorola Solutions Inc.,"3,330","9,54,478",,
CRBN,iShares MSCI ACWI Low Carbon Target ETF,31/07/23,United States — 61.3%,NetApp Inc.,"3,552","2,77,092",,
CRBN,iShares MSCI ACWI Low Carbon Target ETF,31/07/23,United States — 61.3%,Netflix Inc.,"6,771","29,72,266",,
CRBN,iShares MSCI ACWI Low Carbon Target ETF,31/07/23,United States — 61.3%,Neurocrine Biosciences Inc.,888,"90,478",,
CRBN,iShares MSCI ACWI Low Carbon Target ETF,31/07/23,United States — 61.3%,NextEra Energy Inc.,"27,306","20,01,530",,
CRBN,iShares MSCI ACWI Low Carbon Target ETF,31/07/23,United States — 61.3%,"Nike Inc., Class B","17,538","19,36,020",,
CRBN,iShares MSCI ACWI Low Carbon Target ETF,31/07/23,United States — 61.3%,Nordson Corp.,666,"1,67,572",,
CRBN,iShares MSCI ACWI Low Carbon Target ETF,31/07/23,United States — 61.3%,Norfolk Southern Corp.,"3,441","8,03,783",,
CRBN,iShares MSCI ACWI Low Carbon Target ETF,31/07/23,United States — 61.3%,Northern Trust Corp.,"2,109","1,68,973",,
CRBN,iShares MSCI ACWI Low Carbon Target ETF,31/07/23,United States — 61.3%,Novocure Ltd. (a)(c),"1,554","50,723",,
CRBN,iShares MSCI ACWI Low Carbon Target ETF,31/07/23,United States — 61.3%,Nucor Corp.,"2,553","4,39,346",,
CRBN,iShares MSCI ACWI Low Carbon Target ETF,31/07/23,United States — 61.3%,Nvidia Corp.,"34,965","1,63,38,795",,
CRBN,iShares MSCI ACWI Low Carbon Target ETF,31/07/23,United States — 61.3%,NXP Semiconductors NV,"3,996","8,91,028",,
CRBN,iShares MSCI ACWI Low Carbon Target ETF,31/07/23,United States — 61.3%,Old Dominion Freight Line Inc.,"1,665","6,98,451",,
CRBN,iShares MSCI ACWI Low Carbon Target ETF,31/07/23,United States — 61.3%,Omnicom Group Inc.,"3,108","2,62,999",,
CRBN,iShares MSCI ACWI Low Carbon Target ETF,31/07/23,United States — 61.3%,ON Semiconductor Corp.,"6,216","6,69,774",,
CRBN,iShares MSCI ACWI Low Carbon Target ETF,31/07/23,United States — 61.3%,Oracle Corp.,"26,034","30,51,966",,
CRBN,iShares MSCI ACWI Low Carbon Target ETF,31/07/23,United States — 61.3%,O’Reilly Automotive Inc.,999,"9,24,864",,
CRBN,iShares MSCI ACWI Low Carbon Target ETF,31/07/23,United States — 61.3%,Otis Worldwide Corp.,"6,771","6,15,890",,
CRBN,iShares MSCI ACWI Low Carbon Target ETF,31/07/23,United States — 61.3%,"Palantir Technologies Inc., Class A","24,642","4,88,897",,
CRBN,iShares MSCI ACWI Low Carbon Target ETF,31/07/23,United States — 61.3%,Palo Alto Networks Inc. (a)(c),"4,107","10,26,586",,
CRBN,iShares MSCI ACWI Low Carbon Target ETF,31/07/23,United States — 61.3%,Parker-Hannifin Corp.,"1,443","5,91,644",,
CRBN,iShares MSCI ACWI Low Carbon Target ETF,31/07/23,United States — 61.3%,Paychex Inc.,"9,213","11,55,955",,
CRBN,iShares MSCI ACWI Low Carbon Target ETF,31/07/23,United States — 61.3%,Paycom Software Inc.,111,"40,932",,
CRBN,iShares MSCI ACWI Low Carbon Target ETF,31/07/23,United States — 61.3%,PayPal Holdings Inc.,"15,096","11,44,579",,
CRBN,iShares MSCI ACWI Low Carbon Target ETF,31/07/23,United States — 61.3%,Pentair PLC,"4,662","3,24,009",,
CRBN,iShares MSCI ACWI Low Carbon Target ETF,31/07/23,United States — 61.3%,PepsiCo Inc.,"20,091","37,66,259",,
CRBN,iShares MSCI ACWI Low Carbon Target ETF,31/07/23,United States — 61.3%,Pfizer Inc.,"81,030","29,21,942",,
CRBN,iShares MSCI ACWI Low Carbon Target ETF,31/07/23,United States — 61.3%,PG&E Corp.,"20,757","3,65,531",,
CRBN,iShares MSCI ACWI Low Carbon Target ETF,31/07/23,United States — 61.3%,Philip Morris International Inc.,"29,970","29,88,608",,
CRBN,iShares MSCI ACWI Low Carbon Target ETF,31/07/23,United States — 61.3%,"Pinterest Inc., Class A (a)(c)","7,659","2,22,034",,
CRBN,iShares MSCI ACWI Low Carbon Target ETF,31/07/23,United States — 61.3%,PNC Financial Services Group Inc. (The),"6,438","8,81,298",,
CRBN,iShares MSCI ACWI Low Carbon Target ETF,31/07/23,United States — 61.3%,Pool Corp.,555,"2,13,531",,
CRBN,iShares MSCI ACWI Low Carbon Target ETF,31/07/23,United States — 61.3%,PPG Industries Inc.,"5,772","8,30,591",,
CRBN,iShares MSCI ACWI Low Carbon Target ETF,31/07/23,United States — 61.3%,Principal Financial Group Inc.,"5,772","4,61,010",,
CRBN,iShares MSCI ACWI Low Carbon Target ETF,31/07/23,United States — 61.3%,Procter & Gamble Co. (The),"34,521","53,95,632",,
CRBN,iShares MSCI ACWI Low Carbon Target ETF,31/07/23,United States — 61.3%,Progressive Corp. (The),"7,770","9,78,865",,
CRBN,iShares MSCI ACWI Low Carbon Target ETF,31/07/23,United States — 61.3%,Prologis Inc.,"13,908","17,35,023",,
CRBN,iShares MSCI ACWI Low Carbon Target ETF,31/07/23,United States — 61.3%,Prudential Financial Inc.,"6,993","6,74,755",,
CRBN,iShares MSCI ACWI Low Carbon Target ETF,31/07/23,United States — 61.3%,PTC Inc.,"1,110","1,61,849",,
CRBN,iShares MSCI ACWI Low Carbon Target ETF,31/07/23,United States — 61.3%,Public Storage,"2,553","7,19,308",,
CRBN,iShares MSCI ACWI Low Carbon Target ETF,31/07/23,United States — 61.3%,Qorvo Inc.,888,"97,698",,
CRBN,iShares MSCI ACWI Low Carbon Target ETF,31/07/23,United States — 61.3%,Qualcomm Inc.,"17,538","23,17,997",,
CRBN,iShares MSCI ACWI Low Carbon Target ETF,31/07/23,United States — 61.3%,Quanta Services Inc.,"2,109","4,25,217",,
CRBN,iShares MSCI ACWI Low Carbon Target ETF,31/07/23,United States — 61.3%,Quest Diagnostics Inc.,"1,887","2,55,141",,
CRBN,iShares MSCI ACWI Low Carbon Target ETF,31/07/23,United States — 61.3%,Realty Income Corp.,"3,690","2,24,979",,
CRBN,iShares MSCI ACWI Low Carbon Target ETF,31/07/23,United States — 61.3%,Regency Centers Corp.,"2,442","1,60,024",,
CRBN,iShares MSCI ACWI Low Carbon Target ETF,31/07/23,United States — 61.3%,Regeneron Pharmaceuticals Inc.,"1,554","11,52,928",,
CRBN,iShares MSCI ACWI Low Carbon Target ETF,31/07/23,United States — 61.3%,Regions Financial Corp.,"20,424","4,16,037",,
CRBN,iShares MSCI ACWI Low Carbon Target ETF,31/07/23,United States — 61.3%,Reliance Steel & Aluminum Co.,"5,106","14,95,343",,
CRBN,iShares MSCI ACWI Low Carbon Target ETF,31/07/23,United States — 61.3%,Repligen Corp.,444,"76,173",,
CRBN,iShares MSCI ACWI Low Carbon Target ETF,31/07/23,United States — 61.3%,ResMed Inc.,"1,998","4,44,255",,
CRBN,iShares MSCI ACWI Low Carbon Target ETF,31/07/23,United States — 61.3%,Revvity Inc.,"1,776","2,18,359",,
CRBN,iShares MSCI ACWI Low Carbon Target ETF,31/07/23,United States — 61.3%,"Rivian Automotive Inc., Class A (a)(c)","18,870","5,21,567",,
CRBN,iShares MSCI ACWI Low Carbon Target ETF,31/07/23,United States — 61.3%,Robert Half Inc.,"2,442","1,81,074",,
CRBN,iShares MSCI ACWI Low Carbon Target ETF,31/07/23,United States — 61.3%,"ROBLOX Corp., Class A","5,439","2,13,481",,
CRBN,iShares MSCI ACWI Low Carbon Target ETF,31/07/23,United States — 61.3%,Rockwell Automation Inc.,"1,221","4,10,610",,
CRBN,iShares MSCI ACWI Low Carbon Target ETF,31/07/23,United States — 61.3%,Roku Inc.,"1,887","1,81,662",,
CRBN,iShares MSCI ACWI Low Carbon Target ETF,31/07/23,United States — 61.3%,Rollins Inc.,"5,994","2,44,735",,
CRBN,iShares MSCI ACWI Low Carbon Target ETF,31/07/23,United States — 61.3%,Roper Technologies Inc.,"2,383","11,74,938",,
CRBN,iShares MSCI ACWI Low Carbon Target ETF,31/07/23,United States — 61.3%,Ross Stores Inc.,"4,329","4,96,277",,
CRBN,iShares MSCI ACWI Low Carbon Target ETF,31/07/23,United States — 61.3%,"Royalty Pharma PLC, Class A","8,214","2,57,755",,
CRBN,iShares MSCI ACWI Low Carbon Target ETF,31/07/23,United States — 61.3%,S&P Global Inc.,"5,114","20,17,524",,
CRBN,iShares MSCI ACWI Low Carbon Target ETF,31/07/23,United States — 61.3%,Salesforce Inc.,"12,432","27,97,324",,
CRBN,iShares MSCI ACWI Low Carbon Target ETF,31/07/23,United States — 61.3%,"SBA Communications Corp., Class A","1,998","4,37,462",,
CRBN,iShares MSCI ACWI Low Carbon Target ETF,31/07/23,United States — 61.3%,Schlumberger NV,"38,406","22,40,606",,
CRBN,iShares MSCI ACWI Low Carbon Target ETF,31/07/23,United States — 61.3%,Seagate Technology Holdings PLC,"1,665","1,05,728",,
CRBN,iShares MSCI ACWI Low Carbon Target ETF,31/07/23,United States — 61.3%,Seagen Inc.,"1,110","2,12,876",,
CRBN,iShares MSCI ACWI Low Carbon Target ETF,31/07/23,United States — 61.3%,Sensata Technologies Holding PLC,"11,988","5,06,493",,
CRBN,iShares MSCI ACWI Low Carbon Target ETF,31/07/23,United States — 61.3%,ServiceNow Inc.,"2,442","14,23,686",,
CRBN,iShares MSCI ACWI Low Carbon Target ETF,31/07/23,United States — 61.3%,Sherwin-Williams Co. (The),"4,440","12,27,660",,
CRBN,iShares MSCI ACWI Low Carbon Target ETF,31/07/23,United States — 61.3%,Simon Property Group Inc.,"7,215","8,98,989",,
CRBN,iShares MSCI ACWI Low Carbon Target ETF,31/07/23,United States — 61.3%,Skyworks Solutions Inc.,"2,442","2,79,292",,
CRBN,iShares MSCI ACWI Low Carbon Target ETF,31/07/23,United States — 61.3%,"Snap Inc., Class A, NVS","15,762","1,79,056",,
CRBN,iShares MSCI ACWI Low Carbon Target ETF,31/07/23,United States — 61.3%,Snap-on Inc.,"1,110","3,02,408",,
CRBN,iShares MSCI ACWI Low Carbon Target ETF,31/07/23,United States — 61.3%,"Snowflake Inc., Class A","2,886","5,12,871",,
CRBN,iShares MSCI ACWI Low Carbon Target ETF,31/07/23,United States — 61.3%,SolarEdge Technologies Inc. (a)(c),777,"1,87,614",,
CRBN,iShares MSCI ACWI Low Carbon Target ETF,31/07/23,United States — 61.3%,Splunk Inc.,333,"36,074",,
CRBN,iShares MSCI ACWI Low Carbon Target ETF,31/07/23,United States — 61.3%,SS&C Technologies Holdings Inc.,"12,432","7,24,164",,
CRBN,iShares MSCI ACWI Low Carbon Target ETF,31/07/23,United States — 61.3%,Starbucks Corp.,"18,426","18,71,529",,
CRBN,iShares MSCI ACWI Low Carbon Target ETF,31/07/23,United States — 61.3%,State Street Corp.,"4,662","3,37,715",,
CRBN,iShares MSCI ACWI Low Carbon Target ETF,31/07/23,United States — 61.3%,Steel Dynamics Inc.,"4,218","4,49,554",,
CRBN,iShares MSCI ACWI Low Carbon Target ETF,31/07/23,United States — 61.3%,STERIS PLC,999,"2,25,324",,
CRBN,iShares MSCI ACWI Low Carbon Target ETF,31/07/23,United States — 61.3%,Stryker Corp.,"4,551","12,89,799",,
CRBN,iShares MSCI ACWI Low Carbon Target ETF,31/07/23,United States — 61.3%,Sun Communities Inc.,412,"53,684",,
CRBN,iShares MSCI ACWI Low Carbon Target ETF,31/07/23,United States — 61.3%,Synchrony Financial,"8,658","2,99,047",,
CRBN,iShares MSCI ACWI Low Carbon Target ETF,31/07/23,United States — 61.3%,Synopsys Inc.,"1,887","8,52,547",,
CRBN,iShares MSCI ACWI Low Carbon Target ETF,31/07/23,United States — 61.3%,T Rowe Price Group Inc.,"3,108","3,83,092",,
CRBN,iShares MSCI ACWI Low Carbon Target ETF,31/07/23,United States — 61.3%,Take-Two Interactive Software Inc.,"2,220","3,39,527",,
CRBN,iShares MSCI ACWI Low Carbon Target ETF,31/07/23,United States — 61.3%,Targa Resources Corp.,"57,165","46,86,958",,
CRBN,iShares MSCI ACWI Low Carbon Target ETF,31/07/23,United States — 61.3%,Target Corp.,"6,327","8,63,446",,
CRBN,iShares MSCI ACWI Low Carbon Target ETF,31/07/23,United States — 61.3%,TE Connectivity Ltd.,"5,328","7,64,515",,
CRBN,iShares MSCI ACWI Low Carbon Target ETF,31/07/23,United States — 61.3%,Teledyne Technologies Inc.,333,"1,28,049",,
CRBN,iShares MSCI ACWI Low Carbon Target ETF,31/07/23,United States — 61.3%,Teleflex Inc.,555,"1,39,399",,
CRBN,iShares MSCI ACWI Low Carbon Target ETF,31/07/23,United States — 61.3%,Teradyne Inc.,"2,664","3,00,872",,
CRBN,iShares MSCI ACWI Low Carbon Target ETF,31/07/23,United States — 61.3%,Tesla Inc.,"41,292","1,10,42,720",,
CRBN,iShares MSCI ACWI Low Carbon Target ETF,31/07/23,United States — 61.3%,Texas Instruments Inc.,"13,209","23,77,620",,
CRBN,iShares MSCI ACWI Low Carbon Target ETF,31/07/23,United States — 61.3%,Texas Pacific Land Corp.,"1,221","18,39,192",,
CRBN,iShares MSCI ACWI Low Carbon Target ETF,31/07/23,United States — 61.3%,Thermo Fisher Scientific Inc.,"5,550","30,45,063",,
CRBN,iShares MSCI ACWI Low Carbon Target ETF,31/07/23,United States — 61.3%,TJX Companies Inc. (The),"16,872","14,59,934",,
CRBN,iShares MSCI ACWI Low Carbon Target ETF,31/07/23,United States — 61.3%,T-Mobile U.S. Inc.,"8,991","12,38,690",,
CRBN,iShares MSCI ACWI Low Carbon Target ETF,31/07/23,United States — 61.3%,Tractor Supply Co.,555,"1,24,314",,
CRBN,iShares MSCI ACWI Low Carbon Target ETF,31/07/23,United States — 61.3%,"Trade Desk Inc. (The), Class A (a)(c)","6,216","5,67,272",,
CRBN,iShares MSCI ACWI Low Carbon Target ETF,31/07/23,United States — 61.3%,"Tradeweb Markets Inc., Class A","2,109","1,72,495",,
CRBN,iShares MSCI ACWI Low Carbon Target ETF,31/07/23,United States — 61.3%,Trane Technologies PLC,687,"1,37,015",,
CRBN,iShares MSCI ACWI Low Carbon Target ETF,31/07/23,United States — 61.3%,TransDigm Group Inc.,"1,332","11,98,427",,
CRBN,iShares MSCI ACWI Low Carbon Target ETF,31/07/23,United States — 61.3%,TransUnion,"5,733","4,56,863",,
CRBN,iShares MSCI ACWI Low Carbon Target ETF,31/07/23,United States — 61.3%,Travelers Companies Inc. (The),"3,337","5,76,000",,
CRBN,iShares MSCI ACWI Low Carbon Target ETF,31/07/23,United States — 61.3%,Trimble Inc.,"4,440","2,38,872",,
CRBN,iShares MSCI ACWI Low Carbon Target ETF,31/07/23,United States — 61.3%,Truist Financial Corp.,"19,536","6,48,986",,
CRBN,iShares MSCI ACWI Low Carbon Target ETF,31/07/23,United States — 61.3%,U.S. Bancorp,"19,203","7,61,975",,
CRBN,iShares MSCI ACWI Low Carbon Target ETF,31/07/23,United States — 61.3%,Uber Technologies Inc.,"23,865","11,80,363",,
CRBN,iShares MSCI ACWI Low Carbon Target ETF,31/07/23,United States — 61.3%,UDR Inc.,"1,478","60,421",,
CRBN,iShares MSCI ACWI Low Carbon Target ETF,31/07/23,United States — 61.3%,Ulta Beauty Inc.,777,"3,45,610",,
CRBN,iShares MSCI ACWI Low Carbon Target ETF,31/07/23,United States — 61.3%,Union Pacific Corp.,"8,880","20,60,338",,
CRBN,iShares MSCI ACWI Low Carbon Target ETF,31/07/23,United States — 61.3%,"United Parcel Service Inc., Class B","9,768","18,27,886",,
CRBN,iShares MSCI ACWI Low Carbon Target ETF,31/07/23,United States — 61.3%,United Rentals Inc.,"4,107","19,08,441",,
CRBN,iShares MSCI ACWI Low Carbon Target ETF,31/07/23,United States — 61.3%,UnitedHealth Group Inc.,"12,321","62,38,985",,
CRBN,iShares MSCI ACWI Low Carbon Target ETF,31/07/23,United States — 61.3%,Vail Resorts Inc.,888,"2,09,115",,
CRBN,iShares MSCI ACWI Low Carbon Target ETF,31/07/23,United States — 61.3%,"Veeva Systems Inc., Class A (a)(c)","3,552","7,25,389",,
CRBN,iShares MSCI ACWI Low Carbon Target ETF,31/07/23,United States — 61.3%,Ventas Inc.,"1,332","64,629",,
CRBN,iShares MSCI ACWI Low Carbon Target ETF,31/07/23,United States — 61.3%,VeriSign Inc.,"1,221","2,57,570",,
CRBN,iShares MSCI ACWI Low Carbon Target ETF,31/07/23,United States — 61.3%,"Verisk Analytics Inc., Class A","3,108","7,11,546",,
CRBN,iShares MSCI ACWI Low Carbon Target ETF,31/07/23,United States — 61.3%,Verizon Communications Inc.,"62,937","21,44,893",,
CRBN,iShares MSCI ACWI Low Carbon Target ETF,31/07/23,United States — 61.3%,Vertex Pharmaceuticals Inc.,"3,663","12,90,621",,
CRBN,iShares MSCI ACWI Low Carbon Target ETF,31/07/23,United States — 61.3%,VF Corp.,"6,105","1,20,940",,
CRBN,iShares MSCI ACWI Low Carbon Target ETF,31/07/23,United States — 61.3%,Viatris Inc.,"67,044","7,05,973",,
CRBN,iShares MSCI ACWI Low Carbon Target ETF,31/07/23,United States — 61.3%,"VICI Properties Inc., Class A","14,541","4,57,751",,
CRBN,iShares MSCI ACWI Low Carbon Target ETF,31/07/23,United States — 61.3%,"Visa Inc., Class A","22,644","53,83,158",,
CRBN,iShares MSCI ACWI Low Carbon Target ETF,31/07/23,United States — 61.3%,"VMware Inc., Class A","3,552","5,59,902",,
CRBN,iShares MSCI ACWI Low Carbon Target ETF,31/07/23,United States — 61.3%,Vulcan Materials Co.,"3,996","8,81,118",,
CRBN,iShares MSCI ACWI Low Carbon Target ETF,31/07/23,United States — 61.3%,Walgreens Boots Alliance Inc.,"14,097","4,22,487",,
CRBN,iShares MSCI ACWI Low Carbon Target ETF,31/07/23,United States — 61.3%,Walmart Inc.,"19,869","31,76,258",,
CRBN,iShares MSCI ACWI Low Carbon Target ETF,31/07/23,United States — 61.3%,Walt Disney Co. (The),"24,531","21,80,561",,
CRBN,iShares MSCI ACWI Low Carbon Target ETF,31/07/23,United States — 61.3%,Warner Bros. Discovery Inc.,"28,860","3,77,200",,
CRBN,iShares MSCI ACWI Low Carbon Target ETF,31/07/23,United States — 61.3%,Waters Corp.,888,"2,45,274",,
CRBN,iShares MSCI ACWI Low Carbon Target ETF,31/07/23,United States — 61.3%,Webster Financial Corp.,"2,997","1,41,818",,
CRBN,iShares MSCI ACWI Low Carbon Target ETF,31/07/23,United States — 61.3%,Wells Fargo & Co.,"53,058","24,49,157",,
CRBN,iShares MSCI ACWI Low Carbon Target ETF,31/07/23,United States — 61.3%,Welltower Inc.,"3,441","2,82,678",,
CRBN,iShares MSCI ACWI Low Carbon Target ETF,31/07/23,United States — 61.3%,West Pharmaceutical Services Inc.,999,"3,67,672",,
CRBN,iShares MSCI ACWI Low Carbon Target ETF,31/07/23,United States — 61.3%,Westinghouse Air Brake Technologies Corp.,"2,109","2,49,790",,
CRBN,iShares MSCI ACWI Low Carbon Target ETF,31/07/23,United States — 61.3%,Williams Companies Inc. (The),"68,265","23,51,729",,
CRBN,iShares MSCI ACWI Low Carbon Target ETF,31/07/23,United States — 61.3%,Willis Towers Watson PLC,"1,796","3,79,549",,
CRBN,iShares MSCI ACWI Low Carbon Target ETF,31/07/23,United States — 61.3%,Wolfspeed Inc. (a)(c),"2,109","1,38,983",,
CRBN,iShares MSCI ACWI Low Carbon Target ETF,31/07/23,United States — 61.3%,"Workday Inc., Class A","1,665","3,94,821",,
CRBN,iShares MSCI ACWI Low Carbon Target ETF,31/07/23,United States — 61.3%,WW Grainger Inc.,777,"5,73,807",,
CRBN,iShares MSCI ACWI Low Carbon Target ETF,31/07/23,United States — 61.3%,Wynn Resorts Ltd.,"1,998","2,17,742",,
CRBN,iShares MSCI ACWI Low Carbon Target ETF,31/07/23,United States — 61.3%,Xylem Inc./NY,"5,772","6,50,793",,
CRBN,iShares MSCI ACWI Low Carbon Target ETF,31/07/23,United States — 61.3%,Yum! Brands Inc.,"4,662","6,41,818",,
CRBN,iShares MSCI ACWI Low Carbon Target ETF,31/07/23,United States — 61.3%,"Zillow Group Inc., Class C","3,552","1,92,376",,
CRBN,iShares MSCI ACWI Low Carbon Target ETF,31/07/23,United States — 61.3%,Zimmer Biomet Holdings Inc.,"2,997","4,14,036",,
CRBN,iShares MSCI ACWI Low Carbon Target ETF,31/07/23,United States — 61.3%,Zoetis Inc.,"6,771","12,73,557",,
CRBN,iShares MSCI ACWI Low Carbon Target ETF,31/07/23,United States — 61.3%,"Zoom Video Communications Inc., Class A","1,998","1,46,553",,
CRBN,iShares MSCI ACWI Low Carbon Target ETF,31/07/23,United States — 61.3%,"ZoomInfo Technologies Inc., Class A","3,774","96,501","55,00,06,623",892048641