etf_ticker,etf_name,date,sector,security,shares,value,total_value,total_overall_value
CRBN,iShares MSCI ACWI Low Carbon Target ETF,31/07/18,Australia — 2.1%,AMP Ltd.,"39,330","99,409",,
CRBN,iShares MSCI ACWI Low Carbon Target ETF,31/07/18,Australia — 2.1%,APA Group,"48,291","3,46,430",,
CRBN,iShares MSCI ACWI Low Carbon Target ETF,31/07/18,Australia — 2.1%,Aristocrat Leisure Ltd.,"9,000","2,15,437",,
CRBN,iShares MSCI ACWI Low Carbon Target ETF,31/07/18,Australia — 2.1%,Australia & New Zealand Banking Group Ltd.,"40,050","8,72,354",,
CRBN,iShares MSCI ACWI Low Carbon Target ETF,31/07/18,Australia — 2.1%,Bank of Queensland Ltd.,"14,220","1,17,445",,
CRBN,iShares MSCI ACWI Low Carbon Target ETF,31/07/18,Australia — 2.1%,Bendigo & Adelaide Bank Ltd.,"11,430","99,501",,
CRBN,iShares MSCI ACWI Low Carbon Target ETF,31/07/18,Australia — 2.1%,Brambles Ltd.,"27,810","2,04,259",,
CRBN,iShares MSCI ACWI Low Carbon Target ETF,31/07/18,Australia — 2.1%,Commonwealth Bank of Australia,"23,502","13,06,685",,
CRBN,iShares MSCI ACWI Low Carbon Target ETF,31/07/18,Australia — 2.1%,Computershare Ltd.,"12,060","1,63,081",,
CRBN,iShares MSCI ACWI Low Carbon Target ETF,31/07/18,Australia — 2.1%,Crown Resorts Ltd.,"4,950","49,678",,
CRBN,iShares MSCI ACWI Low Carbon Target ETF,31/07/18,Australia — 2.1%,CSL Ltd.,"5,400","7,89,263",,
CRBN,iShares MSCI ACWI Low Carbon Target ETF,31/07/18,Australia — 2.1%,Dexus,"18,900","1,41,627",,
CRBN,iShares MSCI ACWI Low Carbon Target ETF,31/07/18,Australia — 2.1%,Domino’s Pizza Enterprises Ltd.,"1,080","40,103",,
CRBN,iShares MSCI ACWI Low Carbon Target ETF,31/07/18,Australia — 2.1%,Fortescue Metals Group Ltd.,"41,760","1,35,664",,
CRBN,iShares MSCI ACWI Low Carbon Target ETF,31/07/18,Australia — 2.1%,Goodman Group,"31,950","2,28,728",,
CRBN,iShares MSCI ACWI Low Carbon Target ETF,31/07/18,Australia — 2.1%,GPT Group (The),"29,700","1,13,927",,
CRBN,iShares MSCI ACWI Low Carbon Target ETF,31/07/18,Australia — 2.1%,Harvey Norman Holdings Ltd.,720,"1,900",,
CRBN,iShares MSCI ACWI Low Carbon Target ETF,31/07/18,Australia — 2.1%,Insurance Australia Group Ltd.,"50,850","3,03,927",,
CRBN,iShares MSCI ACWI Low Carbon Target ETF,31/07/18,Australia — 2.1%,LendLease Group,"5,670","84,849",,
CRBN,iShares MSCI ACWI Low Carbon Target ETF,31/07/18,Australia — 2.1%,Macquarie Group Ltd.,"7,200","6,57,391",,
CRBN,iShares MSCI ACWI Low Carbon Target ETF,31/07/18,Australia — 2.1%,Medibank Pvt Ltd.,"39,780","91,970",,
CRBN,iShares MSCI ACWI Low Carbon Target ETF,31/07/18,Australia — 2.1%,Mirvac Group,"1,00,260","1,69,936",,
CRBN,iShares MSCI ACWI Low Carbon Target ETF,31/07/18,Australia — 2.1%,National Australia Bank Ltd.,"43,022","9,06,066",,
CRBN,iShares MSCI ACWI Low Carbon Target ETF,31/07/18,Australia — 2.1%,Newcrest Mining Ltd.,"7,830","1,25,904",,
CRBN,iShares MSCI ACWI Low Carbon Target ETF,31/07/18,Australia — 2.1%,QBE Insurance Group Ltd.,"18,450","1,38,529",,
CRBN,iShares MSCI ACWI Low Carbon Target ETF,31/07/18,Australia — 2.1%,Ramsay Health Care Ltd.,990,"41,391",,
CRBN,iShares MSCI ACWI Low Carbon Target ETF,31/07/18,Australia — 2.1%,Scentre Group,"62,370","1,97,055",,
CRBN,iShares MSCI ACWI Low Carbon Target ETF,31/07/18,Australia — 2.1%,SEEK Ltd.,"5,400","85,787",,
CRBN,iShares MSCI ACWI Low Carbon Target ETF,31/07/18,Australia — 2.1%,Sonic Healthcare Ltd.,"4,590","88,990",,
CRBN,iShares MSCI ACWI Low Carbon Target ETF,31/07/18,Australia — 2.1%,Stockland,"48,960","1,51,047",,
CRBN,iShares MSCI ACWI Low Carbon Target ETF,31/07/18,Australia — 2.1%,Suncorp Group Ltd.,"37,350","4,15,657",,
CRBN,iShares MSCI ACWI Low Carbon Target ETF,31/07/18,Australia — 2.1%,Sydney Airport,"45,180","2,37,459",,
CRBN,iShares MSCI ACWI Low Carbon Target ETF,31/07/18,Australia — 2.1%,Tabcorp Holdings Ltd.,"41,738","1,44,901",,
CRBN,iShares MSCI ACWI Low Carbon Target ETF,31/07/18,Australia — 2.1%,Telstra Corp. Ltd.,"86,130","1,81,842",,
CRBN,iShares MSCI ACWI Low Carbon Target ETF,31/07/18,Australia — 2.1%,Treasury Wine Estates Ltd.,"13,860","1,89,791",,
CRBN,iShares MSCI ACWI Low Carbon Target ETF,31/07/18,Australia — 2.1%,Wesfarmers Ltd.,"12,960","4,76,521",,
CRBN,iShares MSCI ACWI Low Carbon Target ETF,31/07/18,Australia — 2.1%,Westpac Banking Corp.,"44,028","9,64,238",,
CRBN,iShares MSCI ACWI Low Carbon Target ETF,31/07/18,Australia — 2.1%,Woolworths Group Ltd.,"21,780","4,87,195","1,10,65,937",
CRBN,iShares MSCI ACWI Low Carbon Target ETF,31/07/18,Austria — 0.1%,Erste Group Bank AG,"4,950","2,14,063",,
CRBN,iShares MSCI ACWI Low Carbon Target ETF,31/07/18,Austria — 0.1%,Raiffeisen Bank International AG,"3,870","1,29,187","3,43,250",
CRBN,iShares MSCI ACWI Low Carbon Target ETF,31/07/18,Belgium — 0.3%,Ageas,"2,340","1,25,534",,
CRBN,iShares MSCI ACWI Low Carbon Target ETF,31/07/18,Belgium — 0.3%,Anheuser-Busch InBev SA/NV,"9,360","9,48,305",,
CRBN,iShares MSCI ACWI Low Carbon Target ETF,31/07/18,Belgium — 0.3%,Colruyt SA,"1,800","1,07,663",,
CRBN,iShares MSCI ACWI Low Carbon Target ETF,31/07/18,Belgium — 0.3%,Proximus SADP,"1,530","37,468",,
CRBN,iShares MSCI ACWI Low Carbon Target ETF,31/07/18,Belgium — 0.3%,Umicore SA,"4,680","2,73,792","14,92,762",
CRBN,iShares MSCI ACWI Low Carbon Target ETF,31/07/18,Brazil — 0.6%,Ambev SA,"1,08,001","5,58,023",,
CRBN,iShares MSCI ACWI Low Carbon Target ETF,31/07/18,Brazil — 0.6%,"B3 SA - Brasil, Bolsa, Balcao","18,000","1,13,990",,
CRBN,iShares MSCI ACWI Low Carbon Target ETF,31/07/18,Brazil — 0.6%,Banco Bradesco SA,"10,692","79,351",,
CRBN,iShares MSCI ACWI Low Carbon Target ETF,31/07/18,Brazil — 0.6%,Banco do Brasil SA,"18,000","1,55,724",,
CRBN,iShares MSCI ACWI Low Carbon Target ETF,31/07/18,Brazil — 0.6%,BB Seguridade Participacoes SA,"18,000","1,17,344",,
CRBN,iShares MSCI ACWI Low Carbon Target ETF,31/07/18,Brazil — 0.6%,BRF SA,"9,000","54,264",,
CRBN,iShares MSCI ACWI Low Carbon Target ETF,31/07/18,Brazil — 0.6%,CCR SA,"27,000","75,682",,
CRBN,iShares MSCI ACWI Low Carbon Target ETF,31/07/18,Brazil — 0.6%,Cielo SA,"20,936","79,973",,
CRBN,iShares MSCI ACWI Low Carbon Target ETF,31/07/18,Brazil — 0.6%,Embraer SA,"9,000","46,118",,
CRBN,iShares MSCI ACWI Low Carbon Target ETF,31/07/18,Brazil — 0.6%,Fibria Celulose SA,"9,000","1,77,285",,
CRBN,iShares MSCI ACWI Low Carbon Target ETF,31/07/18,Brazil — 0.6%,Kroton Educacional SA,"18,000","54,144",,
CRBN,iShares MSCI ACWI Low Carbon Target ETF,31/07/18,Brazil — 0.6%,Localiza Rent a Car SA,"9,000","56,899",,
CRBN,iShares MSCI ACWI Low Carbon Target ETF,31/07/18,Brazil — 0.6%,Lojas Renner SA,"9,000","73,981",,
CRBN,iShares MSCI ACWI Low Carbon Target ETF,31/07/18,Brazil — 0.6%,Suzano Papel e Celulose SA,"9,000","1,06,731",,
CRBN,iShares MSCI ACWI Low Carbon Target ETF,31/07/18,Brazil — 0.6%,Ultrapar Participacoes SA,"27,001","2,92,173",,
CRBN,iShares MSCI ACWI Low Carbon Target ETF,31/07/18,Brazil — 0.6%,Vale SA,"77,501","11,31,368","31,73,050",
CRBN,iShares MSCI ACWI Low Carbon Target ETF,31/07/18,Canada — 3.4%,Agnico Eagle Mines Ltd.,"6,750","2,82,546",,
CRBN,iShares MSCI ACWI Low Carbon Target ETF,31/07/18,Canada — 3.4%,"Alimentation Couche-Tard Inc., Class B","8,190","3,75,847",,
CRBN,iShares MSCI ACWI Low Carbon Target ETF,31/07/18,Canada — 3.4%,Bank of Montreal,"7,020","5,55,939",,
CRBN,iShares MSCI ACWI Low Carbon Target ETF,31/07/18,Canada — 3.4%,Bank of Nova Scotia (The),"18,180","10,76,418",,
CRBN,iShares MSCI ACWI Low Carbon Target ETF,31/07/18,Canada — 3.4%,BCE Inc.,"4,680","1,98,702",,
CRBN,iShares MSCI ACWI Low Carbon Target ETF,31/07/18,Canada — 3.4%,BlackBerry Ltd.,"12,060","1,18,284",,
CRBN,iShares MSCI ACWI Low Carbon Target ETF,31/07/18,Canada — 3.4%,"Bombardier Inc., Class B","34,020","1,28,032",,
CRBN,iShares MSCI ACWI Low Carbon Target ETF,31/07/18,Canada — 3.4%,"Brookfield Asset Management Inc., Class A","14,670","6,18,461",,
CRBN,iShares MSCI ACWI Low Carbon Target ETF,31/07/18,Canada — 3.4%,Cameco Corp.,"12,690","1,37,036",,
CRBN,iShares MSCI ACWI Low Carbon Target ETF,31/07/18,Canada — 3.4%,Canadian Imperial Bank of Commerce,"6,030","5,49,832",,
CRBN,iShares MSCI ACWI Low Carbon Target ETF,31/07/18,Canada — 3.4%,Canadian National Railway Co.,"7,740","6,90,299",,
CRBN,iShares MSCI ACWI Low Carbon Target ETF,31/07/18,Canada — 3.4%,Canadian Pacific Railway Ltd.,810,"1,60,494",,
CRBN,iShares MSCI ACWI Low Carbon Target ETF,31/07/18,Canada — 3.4%,"Canadian Tire Corp. Ltd., Class A, NVS",900,"1,22,468",,
CRBN,iShares MSCI ACWI Low Carbon Target ETF,31/07/18,Canada — 3.4%,"CCL Industries Inc., Class B, NVS","4,140","2,09,862",,
CRBN,iShares MSCI ACWI Low Carbon Target ETF,31/07/18,Canada — 3.4%,"CGI Group Inc., Class A","2,430","1,56,737",,
CRBN,iShares MSCI ACWI Low Carbon Target ETF,31/07/18,Canada — 3.4%,Constellation Software Inc./Canada,270,"1,95,559",,
CRBN,iShares MSCI ACWI Low Carbon Target ETF,31/07/18,Canada — 3.4%,Dollarama Inc.,"6,210","2,24,171",,
CRBN,iShares MSCI ACWI Low Carbon Target ETF,31/07/18,Canada — 3.4%,Enbridge Inc.,"22,689","8,05,094",,
CRBN,iShares MSCI ACWI Low Carbon Target ETF,31/07/18,Canada — 3.4%,Fairfax Financial Holdings Ltd.,630,"3,55,645",,
CRBN,iShares MSCI ACWI Low Carbon Target ETF,31/07/18,Canada — 3.4%,First Quantum Minerals Ltd.,"32,400","5,04,912",,
CRBN,iShares MSCI ACWI Low Carbon Target ETF,31/07/18,Canada — 3.4%,Franco-Nevada Corp.,"6,390","4,68,306",,
CRBN,iShares MSCI ACWI Low Carbon Target ETF,31/07/18,Canada — 3.4%,George Weston Ltd.,"5,220","4,33,877",,
CRBN,iShares MSCI ACWI Low Carbon Target ETF,31/07/18,Canada — 3.4%,Goldcorp Inc.,"18,000","2,24,793",,
CRBN,iShares MSCI ACWI Low Carbon Target ETF,31/07/18,Canada — 3.4%,Hydro One Ltd.,"37,440","5,46,359",,
CRBN,iShares MSCI ACWI Low Carbon Target ETF,31/07/18,Canada — 3.4%,Intact Financial Corp.,900,"68,599",,
CRBN,iShares MSCI ACWI Low Carbon Target ETF,31/07/18,Canada — 3.4%,Loblaw Companies Ltd.,"2,880","1,52,140",,
CRBN,iShares MSCI ACWI Low Carbon Target ETF,31/07/18,Canada — 3.4%,Lundin Mining Corp.,"62,100","3,43,410",,
CRBN,iShares MSCI ACWI Low Carbon Target ETF,31/07/18,Canada — 3.4%,Magna International Inc.,"1,440","87,639",,
CRBN,iShares MSCI ACWI Low Carbon Target ETF,31/07/18,Canada — 3.4%,Manulife Financial Corp.,"20,070","3,72,420",,
CRBN,iShares MSCI ACWI Low Carbon Target ETF,31/07/18,Canada — 3.4%,Metro Inc.,"6,088","2,05,084",,
CRBN,iShares MSCI ACWI Low Carbon Target ETF,31/07/18,Canada — 3.4%,National Bank of Canada,"1,890","92,569",,
CRBN,iShares MSCI ACWI Low Carbon Target ETF,31/07/18,Canada — 3.4%,Nutrien Ltd.,"7,560","4,10,226",,
CRBN,iShares MSCI ACWI Low Carbon Target ETF,31/07/18,Canada — 3.4%,Pembina Pipeline Corp.,"30,368","10,91,569",,
CRBN,iShares MSCI ACWI Low Carbon Target ETF,31/07/18,Canada — 3.4%,PrairieSky Royalty Ltd.,"52,650","9,98,005",,
CRBN,iShares MSCI ACWI Low Carbon Target ETF,31/07/18,Canada — 3.4%,Restaurant Brands International Inc.,"5,400","3,44,198",,
CRBN,iShares MSCI ACWI Low Carbon Target ETF,31/07/18,Canada — 3.4%,"Rogers Communications Inc., Class B, NVS","5,040","2,56,723",,
CRBN,iShares MSCI ACWI Low Carbon Target ETF,31/07/18,Canada — 3.4%,Royal Bank of Canada,"17,280","13,47,760",,
CRBN,iShares MSCI ACWI Low Carbon Target ETF,31/07/18,Canada — 3.4%,"Shaw Communications Inc., Class B, NVS","4,410","92,163",,
CRBN,iShares MSCI ACWI Low Carbon Target ETF,31/07/18,Canada — 3.4%,"Shopify Inc., Class A (a)(b)",990,"1,37,794",,
CRBN,iShares MSCI ACWI Low Carbon Target ETF,31/07/18,Canada — 3.4%,SNC-Lavalin Group Inc.,"8,550","3,78,315",,
CRBN,iShares MSCI ACWI Low Carbon Target ETF,31/07/18,Canada — 3.4%,Sun Life Financial Inc.,"5,310","2,16,968",,
CRBN,iShares MSCI ACWI Low Carbon Target ETF,31/07/18,Canada — 3.4%,TELUS Corp.,"2,700","98,606",,
CRBN,iShares MSCI ACWI Low Carbon Target ETF,31/07/18,Canada — 3.4%,Thomson Reuters Corp.,"5,940","2,46,268",,
CRBN,iShares MSCI ACWI Low Carbon Target ETF,31/07/18,Canada — 3.4%,Toronto-Dominion Bank (The),"22,230","13,17,580",,
CRBN,iShares MSCI ACWI Low Carbon Target ETF,31/07/18,Canada — 3.4%,Turquoise Hill Resources Ltd.,"1,12,590","3,12,174",,
CRBN,iShares MSCI ACWI Low Carbon Target ETF,31/07/18,Canada — 3.4%,Wheaton Precious Metals Corp.,"21,240","4,44,702","1,81,54,585",
CRBN,iShares MSCI ACWI Low Carbon Target ETF,31/07/18,Chile — 0.1%,"Aguas Andinas SA, Class A","3,64,950","2,11,716",,
CRBN,iShares MSCI ACWI Low Carbon Target ETF,31/07/18,Chile — 0.1%,Cencosud SA,"32,040","87,492",,
CRBN,iShares MSCI ACWI Low Carbon Target ETF,31/07/18,Chile — 0.1%,SACI Falabella,"14,490","1,34,318","4,33,526",
CRBN,iShares MSCI ACWI Low Carbon Target ETF,31/07/18,China — 3.6%,"58.com Inc., ADR (a)(b)","1,350","90,801",,
CRBN,iShares MSCI ACWI Low Carbon Target ETF,31/07/18,China — 3.6%,"Agricultural Bank of China Ltd., Class H","8,10,000","3,92,244",,
CRBN,iShares MSCI ACWI Low Carbon Target ETF,31/07/18,China — 3.6%,"Alibaba Group Holding Ltd., ADR (a)(b)","14,940","27,97,216",,
CRBN,iShares MSCI ACWI Low Carbon Target ETF,31/07/18,China — 3.6%,"Baidu Inc., ADR","3,690","9,12,094",,
CRBN,iShares MSCI ACWI Low Carbon Target ETF,31/07/18,China — 3.6%,"Bank of China Ltd., Class H","15,30,000","7,17,509",,
CRBN,iShares MSCI ACWI Low Carbon Target ETF,31/07/18,China — 3.6%,"Bank of Communications Co. Ltd., Class H","2,70,000","1,94,746",,
CRBN,iShares MSCI ACWI Low Carbon Target ETF,31/07/18,China — 3.6%,"Bank of Jiangsu Co. Ltd., Class A","81,295","76,581",,
CRBN,iShares MSCI ACWI Low Carbon Target ETF,31/07/18,China — 3.6%,"Bank of Ningbo Co. Ltd., Class A","18,000","46,035",,
CRBN,iShares MSCI ACWI Low Carbon Target ETF,31/07/18,China — 3.6%,"Baoshan Iron & Steel Co. Ltd., Class A","20,200","25,757",,
CRBN,iShares MSCI ACWI Low Carbon Target ETF,31/07/18,China — 3.6%,"CGN Power Co. Ltd., Class H","16,20,000","4,29,404",,
CRBN,iShares MSCI ACWI Low Carbon Target ETF,31/07/18,China — 3.6%,"China CITIC Bank Corp. Ltd., Class H","1,80,000","1,15,379",,
CRBN,iShares MSCI ACWI Low Carbon Target ETF,31/07/18,China — 3.6%,China Conch Venture Holdings Ltd.,"45,000","1,69,456",,
CRBN,iShares MSCI ACWI Low Carbon Target ETF,31/07/18,China — 3.6%,"China Construction Bank Corp., Class A","1,80,000","1,85,145",,
CRBN,iShares MSCI ACWI Low Carbon Target ETF,31/07/18,China — 3.6%,"China Construction Bank Corp., Class H","13,35,000","12,09,592",,
CRBN,iShares MSCI ACWI Low Carbon Target ETF,31/07/18,China — 3.6%,China First Capital Group Ltd.,"84,000","54,593",,
CRBN,iShares MSCI ACWI Low Carbon Target ETF,31/07/18,China — 3.6%,"China Huarong Asset Management Co. Ltd., Class H","90,000","22,938",,
CRBN,iShares MSCI ACWI Low Carbon Target ETF,31/07/18,China — 3.6%,"China Life Insurance Co. Ltd., Class H","1,80,000","4,49,131",,
CRBN,iShares MSCI ACWI Low Carbon Target ETF,31/07/18,China — 3.6%,"China Merchants Bank Co. Ltd., Class H","1,35,000","5,27,293",,
CRBN,iShares MSCI ACWI Low Carbon Target ETF,31/07/18,China — 3.6%,"China Minsheng Banking Corp. Ltd., Class H","1,08,200","80,111",,
CRBN,iShares MSCI ACWI Low Carbon Target ETF,31/07/18,China — 3.6%,China Mobile Ltd.,"90,000","8,12,015",,
CRBN,iShares MSCI ACWI Low Carbon Target ETF,31/07/18,China — 3.6%,"China Oilfield Services Ltd., Class H","1,86,000","1,70,661",,
CRBN,iShares MSCI ACWI Low Carbon Target ETF,31/07/18,China — 3.6%,"China Pacific Insurance Group Co. Ltd., Class H","36,000","1,40,382",,
CRBN,iShares MSCI ACWI Low Carbon Target ETF,31/07/18,China — 3.6%,China Resources Gas Group Ltd.,"1,80,000","8,53,303",,
CRBN,iShares MSCI ACWI Low Carbon Target ETF,31/07/18,China — 3.6%,China Taiping Insurance Holdings Co. Ltd.,"36,000","1,23,178",,
CRBN,iShares MSCI ACWI Low Carbon Target ETF,31/07/18,China — 3.6%,"China Telecom Corp. Ltd., Class H","1,80,000","85,101",,
CRBN,iShares MSCI ACWI Low Carbon Target ETF,31/07/18,China — 3.6%,China Unicom Hong Kong Ltd.,"1,80,000","2,21,813",,
CRBN,iShares MSCI ACWI Low Carbon Target ETF,31/07/18,China — 3.6%,"China Vanke Co. Ltd., Class H","25,600","81,721",,
CRBN,iShares MSCI ACWI Low Carbon Target ETF,31/07/18,China — 3.6%,"Chongqing Rural Commercial Bank Co. Ltd., Class H","90,000","54,937",,
CRBN,iShares MSCI ACWI Low Carbon Target ETF,31/07/18,China — 3.6%,"CITIC Securities Co. Ltd., Class H","45,000","89,803",,
CRBN,iShares MSCI ACWI Low Carbon Target ETF,31/07/18,China — 3.6%,"Ctrip.com International Ltd., ADR","6,570","2,70,356",,
CRBN,iShares MSCI ACWI Low Carbon Target ETF,31/07/18,China — 3.6%,"Dr. Peng Telecom & Media Group Co. Ltd., Class A","26,570","44,951",,
CRBN,iShares MSCI ACWI Low Carbon Target ETF,31/07/18,China — 3.6%,Geely Automobile Holdings Ltd.,"90,000","2,05,297",,
CRBN,iShares MSCI ACWI Low Carbon Target ETF,31/07/18,China — 3.6%,"Great Wall Motor Co. Ltd., Class H","85,500","61,343",,
CRBN,iShares MSCI ACWI Low Carbon Target ETF,31/07/18,China — 3.6%,"Huaneng Renewables Corp. Ltd., Class H","7,20,000","2,67,919",,
CRBN,iShares MSCI ACWI Low Carbon Target ETF,31/07/18,China — 3.6%,"Industrial & Commercial Bank of China Ltd., Class H","13,50,000","9,99,535",,
CRBN,iShares MSCI ACWI Low Carbon Target ETF,31/07/18,China — 3.6%,"JD.com Inc., ADR","13,680","4,90,565",,
CRBN,iShares MSCI ACWI Low Carbon Target ETF,31/07/18,China — 3.6%,"Jiangsu Expressway Co. Ltd., Class H","1,80,000","2,18,831",,
CRBN,iShares MSCI ACWI Low Carbon Target ETF,31/07/18,China — 3.6%,Jiayuan International Group Ltd.,"10,000","19,421",,
CRBN,iShares MSCI ACWI Low Carbon Target ETF,31/07/18,China — 3.6%,"NetEase Inc., ADR",810,"2,08,980",,
CRBN,iShares MSCI ACWI Low Carbon Target ETF,31/07/18,China — 3.6%,"New Oriental Education & Technology Group Inc., ADR","2,430","2,09,077",,
CRBN,iShares MSCI ACWI Low Carbon Target ETF,31/07/18,China — 3.6%,"Offshore Oil Engineering Co. Ltd., Class A","8,000","6,257",,
CRBN,iShares MSCI ACWI Low Carbon Target ETF,31/07/18,China — 3.6%,"People’s Insurance Co. Group of China Ltd. (The), Class H","2,70,000","1,20,426",,
CRBN,iShares MSCI ACWI Low Carbon Target ETF,31/07/18,China — 3.6%,"Ping An Insurance Group Co. of China Ltd., Class H","90,000","8,34,953",,
CRBN,iShares MSCI ACWI Low Carbon Target ETF,31/07/18,China — 3.6%,"Shenzhen Overseas Chinese Town Co. Ltd., Class A","36,000","35,708",,
CRBN,iShares MSCI ACWI Low Carbon Target ETF,31/07/18,China — 3.6%,SOHO China Ltd.,"1,35,000","63,482",,
CRBN,iShares MSCI ACWI Low Carbon Target ETF,31/07/18,China — 3.6%,"TAL Education Group, Class A, ADR","5,940","1,90,021",,
CRBN,iShares MSCI ACWI Low Carbon Target ETF,31/07/18,China — 3.6%,Tencent Holdings Ltd.,"72,000","32,59,069",,
CRBN,iShares MSCI ACWI Low Carbon Target ETF,31/07/18,China — 3.6%,"Vipshop Holdings Ltd., ADR","8,280","79,902",,
CRBN,iShares MSCI ACWI Low Carbon Target ETF,31/07/18,China — 3.6%,Want Want China Holdings Ltd.,"90,000","74,435",,
CRBN,iShares MSCI ACWI Low Carbon Target ETF,31/07/18,China — 3.6%,Wuxi Biologics Cayman Inc. (b)(c),"12,000","1,22,032",,
CRBN,iShares MSCI ACWI Low Carbon Target ETF,31/07/18,China — 3.6%,"XCMG Construction Machinery Co. Ltd., Class A","1,700","1,058",,
CRBN,iShares MSCI ACWI Low Carbon Target ETF,31/07/18,China — 3.6%,Yum China Holdings Inc.,"5,157","1,86,065",,
CRBN,iShares MSCI ACWI Low Carbon Target ETF,31/07/18,China — 3.6%,"Zhejiang Expressway Co. Ltd., Class H","1,80,000","1,52,769",,
CRBN,iShares MSCI ACWI Low Carbon Target ETF,31/07/18,China — 3.6%,"ZhongAn Online P&C Insurance Co. Ltd., Class H (a)(b)(c)","20,900","95,749",,
CRBN,iShares MSCI ACWI Low Carbon Target ETF,31/07/18,China — 3.6%,"Zoomlion Heavy Industry Science and Technology Co. Ltd., Class A","1,17,000","71,760","1,94,18,900",
CRBN,iShares MSCI ACWI Low Carbon Target ETF,31/07/18,Colombia — 0.1%,Grupo de Inversiones Suramericana SA,"5,400","67,471",,
CRBN,iShares MSCI ACWI Low Carbon Target ETF,31/07/18,Colombia — 0.1%,Interconexion Electrica SA ESP,"1,08,180","5,31,677","5,99,148",
CRBN,iShares MSCI ACWI Low Carbon Target ETF,31/07/18,Denmark — 0.5%,"Carlsberg A/S, Class B",780,"94,106",,
CRBN,iShares MSCI ACWI Low Carbon Target ETF,31/07/18,Denmark — 0.5%,Chr Hansen Holding A/S,"3,122","3,23,514",,
CRBN,iShares MSCI ACWI Low Carbon Target ETF,31/07/18,Denmark — 0.5%,"Coloplast A/S, Class B",540,"58,942",,
CRBN,iShares MSCI ACWI Low Carbon Target ETF,31/07/18,Denmark — 0.5%,Danske Bank A/S,"7,153","2,08,111",,
CRBN,iShares MSCI ACWI Low Carbon Target ETF,31/07/18,Denmark — 0.5%,Genmab A/S,540,"92,612",,
CRBN,iShares MSCI ACWI Low Carbon Target ETF,31/07/18,Denmark — 0.5%,ISS A/S,"1,800","67,338",,
CRBN,iShares MSCI ACWI Low Carbon Target ETF,31/07/18,Denmark — 0.5%,"Novo Nordisk A/S, Class B","21,510","10,74,782",,
CRBN,iShares MSCI ACWI Low Carbon Target ETF,31/07/18,Denmark — 0.5%,"Novozymes A/S, Class B","7,512","3,95,819",,
CRBN,iShares MSCI ACWI Low Carbon Target ETF,31/07/18,Denmark — 0.5%,Pandora A/S,"1,026","72,995",,
CRBN,iShares MSCI ACWI Low Carbon Target ETF,31/07/18,Denmark — 0.5%,Vestas Wind Systems A/S,"2,970","1,91,757","25,79,976",
CRBN,iShares MSCI ACWI Low Carbon Target ETF,31/07/18,Finland — 0.3%,"Kone OYJ, Class B","5,580","3,05,486",,
CRBN,iShares MSCI ACWI Low Carbon Target ETF,31/07/18,Finland — 0.3%,Metso OYJ,"2,160","79,105",,
CRBN,iShares MSCI ACWI Low Carbon Target ETF,31/07/18,Finland — 0.3%,Neste OYJ,"2,700","2,23,098",,
CRBN,iShares MSCI ACWI Low Carbon Target ETF,31/07/18,Finland — 0.3%,Nokia OYJ,"65,700","3,57,149",,
CRBN,iShares MSCI ACWI Low Carbon Target ETF,31/07/18,Finland — 0.3%,"Sampo OYJ, Class A","6,120","3,11,204",,
CRBN,iShares MSCI ACWI Low Carbon Target ETF,31/07/18,Finland — 0.3%,Wartsila OYJ Abp,"6,480","1,40,190","14,16,232",
CRBN,iShares MSCI ACWI Low Carbon Target ETF,31/07/18,France — 3.6%,"Aeroports de Paris, NVS","1,260","2,82,174",,
CRBN,iShares MSCI ACWI Low Carbon Target ETF,31/07/18,France — 3.6%,Airbus SE,"8,010","9,93,443",,
CRBN,iShares MSCI ACWI Low Carbon Target ETF,31/07/18,France — 3.6%,"Alstom SA, NVS","3,870","1,73,788",,
CRBN,iShares MSCI ACWI Low Carbon Target ETF,31/07/18,France — 3.6%,Amundi SA,630,"43,520",,
CRBN,iShares MSCI ACWI Low Carbon Target ETF,31/07/18,France — 3.6%,Atos SE,810,"1,08,848",,
CRBN,iShares MSCI ACWI Low Carbon Target ETF,31/07/18,France — 3.6%,"AXA SA, NVS","30,510","7,71,082",,
CRBN,iShares MSCI ACWI Low Carbon Target ETF,31/07/18,France — 3.6%,BNP Paribas SA,"11,430","7,44,513",,
CRBN,iShares MSCI ACWI Low Carbon Target ETF,31/07/18,France — 3.6%,"Bollore SA, NVS","50,940","2,37,337",,
CRBN,iShares MSCI ACWI Low Carbon Target ETF,31/07/18,France — 3.6%,"Bureau Veritas SA, NVS","5,940","1,53,111",,
CRBN,iShares MSCI ACWI Low Carbon Target ETF,31/07/18,France — 3.6%,Capgemini SE,"2,610","3,35,311",,
CRBN,iShares MSCI ACWI Low Carbon Target ETF,31/07/18,France — 3.6%,"Carrefour SA, NVS","1,800","32,350",,
CRBN,iShares MSCI ACWI Low Carbon Target ETF,31/07/18,France — 3.6%,"CNP Assurances, NVS","8,550","2,00,079",,
CRBN,iShares MSCI ACWI Low Carbon Target ETF,31/07/18,France — 3.6%,Covivio,"1,085","1,13,176",,
CRBN,iShares MSCI ACWI Low Carbon Target ETF,31/07/18,France — 3.6%,Credit Agricole SA,"12,150","1,70,807",,
CRBN,iShares MSCI ACWI Low Carbon Target ETF,31/07/18,France — 3.6%,"Danone SA, NVS","8,460","6,65,287",,
CRBN,iShares MSCI ACWI Low Carbon Target ETF,31/07/18,France — 3.6%,"Dassault Aviation SA, NVS",90,"1,66,381",,
CRBN,iShares MSCI ACWI Low Carbon Target ETF,31/07/18,France — 3.6%,"Dassault Systemes SE, NVS",810,"1,21,121",,
CRBN,iShares MSCI ACWI Low Carbon Target ETF,31/07/18,France — 3.6%,"Edenred, NVS","5,310","2,09,191",,
CRBN,iShares MSCI ACWI Low Carbon Target ETF,31/07/18,France — 3.6%,"Eiffage SA, NVS",450,"50,399",,
CRBN,iShares MSCI ACWI Low Carbon Target ETF,31/07/18,France — 3.6%,"Essilor International Cie Generale d’Optique SA, NVS","3,060","4,51,841",,
CRBN,iShares MSCI ACWI Low Carbon Target ETF,31/07/18,France — 3.6%,"Eurazeo SA, NVS","4,299","3,32,738",,
CRBN,iShares MSCI ACWI Low Carbon Target ETF,31/07/18,France — 3.6%,Eutelsat Communications SA,"3,960","84,884",,
CRBN,iShares MSCI ACWI Low Carbon Target ETF,31/07/18,France — 3.6%,Gecina SA,785,"1,34,008",,
CRBN,iShares MSCI ACWI Low Carbon Target ETF,31/07/18,France — 3.6%,"Getlink, NVS","16,110","2,12,905",,
CRBN,iShares MSCI ACWI Low Carbon Target ETF,31/07/18,France — 3.6%,"Hermes International, NVS",480,"3,04,176",,
CRBN,iShares MSCI ACWI Low Carbon Target ETF,31/07/18,France — 3.6%,ICADE,630,"61,034",,
CRBN,iShares MSCI ACWI Low Carbon Target ETF,31/07/18,France — 3.6%,"Iliad SA, NVS",990,"1,56,956",,
CRBN,iShares MSCI ACWI Low Carbon Target ETF,31/07/18,France — 3.6%,"Ingenico Group SA, NVS",720,"59,779",,
CRBN,iShares MSCI ACWI Low Carbon Target ETF,31/07/18,France — 3.6%,"Kering SA, NVS","1,170","6,24,245",,
CRBN,iShares MSCI ACWI Low Carbon Target ETF,31/07/18,France — 3.6%,Klepierre SA,"4,770","1,80,103",,
CRBN,iShares MSCI ACWI Low Carbon Target ETF,31/07/18,France — 3.6%,Legrand SA,"4,590","3,37,484",,
CRBN,iShares MSCI ACWI Low Carbon Target ETF,31/07/18,France — 3.6%,L’Oreal SA,"4,140","10,14,820",,
CRBN,iShares MSCI ACWI Low Carbon Target ETF,31/07/18,France — 3.6%,"LVMH Moet Hennessy Louis Vuitton SE, NVS","3,780","13,21,751",,
CRBN,iShares MSCI ACWI Low Carbon Target ETF,31/07/18,France — 3.6%,Natixis SA,"20,880","1,50,248",,
CRBN,iShares MSCI ACWI Low Carbon Target ETF,31/07/18,France — 3.6%,"Orange SA, NVS","22,410","3,83,217",,
CRBN,iShares MSCI ACWI Low Carbon Target ETF,31/07/18,France — 3.6%,"Pernod Ricard SA, NVS","3,510","5,66,544",,
CRBN,iShares MSCI ACWI Low Carbon Target ETF,31/07/18,France — 3.6%,"Peugeot SA, NVS","12,240","3,52,450",,
CRBN,iShares MSCI ACWI Low Carbon Target ETF,31/07/18,France — 3.6%,"Publicis Groupe SA, NVS","2,430","1,55,410",,
CRBN,iShares MSCI ACWI Low Carbon Target ETF,31/07/18,France — 3.6%,"Remy Cointreau SA, NVS",270,"36,899",,
CRBN,iShares MSCI ACWI Low Carbon Target ETF,31/07/18,France — 3.6%,"Renault SA, NVS","3,780","3,32,992",,
CRBN,iShares MSCI ACWI Low Carbon Target ETF,31/07/18,France — 3.6%,Rexel SA,"6,210","97,256",,
CRBN,iShares MSCI ACWI Low Carbon Target ETF,31/07/18,France — 3.6%,Safran SA,"5,040","6,25,383",,
CRBN,iShares MSCI ACWI Low Carbon Target ETF,31/07/18,France — 3.6%,"Sanofi, NVS","14,940","13,00,029",,
CRBN,iShares MSCI ACWI Low Carbon Target ETF,31/07/18,France — 3.6%,"Schneider Electric SE, NVS","10,440","8,40,903",,
CRBN,iShares MSCI ACWI Low Carbon Target ETF,31/07/18,France — 3.6%,SCOR SE,"4,500","1,75,069",,
CRBN,iShares MSCI ACWI Low Carbon Target ETF,31/07/18,France — 3.6%,SES SA,"5,760","1,15,212",,
CRBN,iShares MSCI ACWI Low Carbon Target ETF,31/07/18,France — 3.6%,"Societe BIC SA, NVS",810,"77,478",,
CRBN,iShares MSCI ACWI Low Carbon Target ETF,31/07/18,France — 3.6%,"Societe Generale SA, NVS","10,080","4,49,473",,
CRBN,iShares MSCI ACWI Low Carbon Target ETF,31/07/18,France — 3.6%,"Sodexo SA, NVS","1,890","2,09,375",,
CRBN,iShares MSCI ACWI Low Carbon Target ETF,31/07/18,France — 3.6%,STMicroelectronics NV,"7,470","1,62,613",,
CRBN,iShares MSCI ACWI Low Carbon Target ETF,31/07/18,France — 3.6%,"Thales SA, NVS","1,710","2,24,988",,
CRBN,iShares MSCI ACWI Low Carbon Target ETF,31/07/18,France — 3.6%,Unibail-Rodamco-Westfield,488,"1,08,401",,
CRBN,iShares MSCI ACWI Low Carbon Target ETF,31/07/18,France — 3.6%,"Unibail-Rodamco-Westfield, New","2,256","5,01,134",,
CRBN,iShares MSCI ACWI Low Carbon Target ETF,31/07/18,France — 3.6%,"Valeo SA, NVS","1,980","97,301",,
CRBN,iShares MSCI ACWI Low Carbon Target ETF,31/07/18,France — 3.6%,Vinci SA,"8,910","8,96,563",,
CRBN,iShares MSCI ACWI Low Carbon Target ETF,31/07/18,France — 3.6%,"Vivendi SA, NVS","19,620","5,09,632","1,92,17,212",
CRBN,iShares MSCI ACWI Low Carbon Target ETF,31/07/18,Germany — 2.9%,1&1 Drillisch AG,810,"48,193",,
CRBN,iShares MSCI ACWI Low Carbon Target ETF,31/07/18,Germany — 2.9%,adidas AG,"2,520","5,57,714",,
CRBN,iShares MSCI ACWI Low Carbon Target ETF,31/07/18,Germany — 2.9%,"Allianz SE, Registered","5,040","11,15,369",,
CRBN,iShares MSCI ACWI Low Carbon Target ETF,31/07/18,Germany — 2.9%,BASF SE,"9,540","9,17,093",,
CRBN,iShares MSCI ACWI Low Carbon Target ETF,31/07/18,Germany — 2.9%,"Bayer AG, Registered","9,211","10,26,649",,
CRBN,iShares MSCI ACWI Low Carbon Target ETF,31/07/18,Germany — 2.9%,Bayerische Motoren Werke AG,"6,930","6,70,488",,
CRBN,iShares MSCI ACWI Low Carbon Target ETF,31/07/18,Germany — 2.9%,Beiersdorf AG,"1,620","1,88,790",,
CRBN,iShares MSCI ACWI Low Carbon Target ETF,31/07/18,Germany — 2.9%,Brenntag AG,"1,890","1,13,400",,
CRBN,iShares MSCI ACWI Low Carbon Target ETF,31/07/18,Germany — 2.9%,Commerzbank AG,"7,830","84,616",,
CRBN,iShares MSCI ACWI Low Carbon Target ETF,31/07/18,Germany — 2.9%,Continental AG,"1,710","3,94,155",,
CRBN,iShares MSCI ACWI Low Carbon Target ETF,31/07/18,Germany — 2.9%,"Daimler AG, Registered","14,850","10,27,746",,
CRBN,iShares MSCI ACWI Low Carbon Target ETF,31/07/18,Germany — 2.9%,"Deutsche Bank AG, Registered","32,457","4,24,879",,
CRBN,iShares MSCI ACWI Low Carbon Target ETF,31/07/18,Germany — 2.9%,Deutsche Boerse AG,"1,815","2,39,334",,
CRBN,iShares MSCI ACWI Low Carbon Target ETF,31/07/18,Germany — 2.9%,"Deutsche Post AG, Registered","4,230","1,49,420",,
CRBN,iShares MSCI ACWI Low Carbon Target ETF,31/07/18,Germany — 2.9%,"Deutsche Telekom AG, Registered","32,130","5,31,951",,
CRBN,iShares MSCI ACWI Low Carbon Target ETF,31/07/18,Germany — 2.9%,Deutsche Wohnen SE,"5,220","2,54,445",,
CRBN,iShares MSCI ACWI Low Carbon Target ETF,31/07/18,Germany — 2.9%,Fraport AG Frankfurt Airport Services Worldwide,"1,620","1,61,836",,
CRBN,iShares MSCI ACWI Low Carbon Target ETF,31/07/18,Germany — 2.9%,Fresenius Medical Care AG & Co. KGaA,"4,500","4,39,857",,
CRBN,iShares MSCI ACWI Low Carbon Target ETF,31/07/18,Germany — 2.9%,Fresenius SE & Co. KGaA,"6,210","4,79,702",,
CRBN,iShares MSCI ACWI Low Carbon Target ETF,31/07/18,Germany — 2.9%,GEA Group AG,"3,060","1,19,584",,
CRBN,iShares MSCI ACWI Low Carbon Target ETF,31/07/18,Germany — 2.9%,HUGO BOSS AG,"1,260","1,13,636",,
CRBN,iShares MSCI ACWI Low Carbon Target ETF,31/07/18,Germany — 2.9%,Infineon Technologies AG,"28,080","7,44,495",,
CRBN,iShares MSCI ACWI Low Carbon Target ETF,31/07/18,Germany — 2.9%,Innogy SE,"8,190","3,53,075",,
CRBN,iShares MSCI ACWI Low Carbon Target ETF,31/07/18,Germany — 2.9%,Merck KGaA,"1,710","1,75,829",,
CRBN,iShares MSCI ACWI Low Carbon Target ETF,31/07/18,Germany — 2.9%,MTU Aero Engines AG,810,"1,71,541",,
CRBN,iShares MSCI ACWI Low Carbon Target ETF,31/07/18,Germany — 2.9%,"Muenchener Rueckversicherungs-Gesellschaft AG in Muenchen, Registered","2,630","5,83,905",,
CRBN,iShares MSCI ACWI Low Carbon Target ETF,31/07/18,Germany — 2.9%,ProSiebenSat. 1 Media SE,"3,240","87,723",,
CRBN,iShares MSCI ACWI Low Carbon Target ETF,31/07/18,Germany — 2.9%,Puma SE,93,"46,681",,
CRBN,iShares MSCI ACWI Low Carbon Target ETF,31/07/18,Germany — 2.9%,SAP SE,"12,690","14,82,567",,
CRBN,iShares MSCI ACWI Low Carbon Target ETF,31/07/18,Germany — 2.9%,"Siemens AG, Registered","9,900","13,98,823",,
CRBN,iShares MSCI ACWI Low Carbon Target ETF,31/07/18,Germany — 2.9%,Symrise AG,"5,310","4,80,138",,
CRBN,iShares MSCI ACWI Low Carbon Target ETF,31/07/18,Germany — 2.9%,Telefonica Deutschland Holding AG,"31,320","1,37,312",,
CRBN,iShares MSCI ACWI Low Carbon Target ETF,31/07/18,Germany — 2.9%,Vonovia SE,"7,290","3,53,214",,
CRBN,iShares MSCI ACWI Low Carbon Target ETF,31/07/18,Germany — 2.9%,Wirecard AG,"2,430","4,54,205",,
CRBN,iShares MSCI ACWI Low Carbon Target ETF,31/07/18,Germany — 2.9%,Zalando SE (b)(c),"1,800","1,03,325","1,56,31,690",
CRBN,iShares MSCI ACWI Low Carbon Target ETF,31/07/18,Greece — 0.0%,Eurobank Ergasias SA,"14,194","14,698",,
CRBN,iShares MSCI ACWI Low Carbon Target ETF,31/07/18,Greece — 0.0%,National Bank of Greece SA,"85,728","27,905",,
CRBN,iShares MSCI ACWI Low Carbon Target ETF,31/07/18,Greece — 0.0%,OPAP SA,"8,964","1,00,111","1,42,714",
CRBN,iShares MSCI ACWI Low Carbon Target ETF,31/07/18,Hong Kong — 1.1%,AIA Group Ltd.,"1,80,000","15,71,271",,
CRBN,iShares MSCI ACWI Low Carbon Target ETF,31/07/18,Hong Kong — 1.1%,Bank of East Asia Ltd. (The),"18,000","71,567",,
CRBN,iShares MSCI ACWI Low Carbon Target ETF,31/07/18,Hong Kong — 1.1%,BOC Hong Kong Holdings Ltd.,"45,000","2,17,914",,
CRBN,iShares MSCI ACWI Low Carbon Target ETF,31/07/18,Hong Kong — 1.1%,CK Asset Holdings Ltd.,"45,000","3,44,361",,
CRBN,iShares MSCI ACWI Low Carbon Target ETF,31/07/18,Hong Kong — 1.1%,Hang Lung Properties Ltd.,"90,000","1,89,241",,
CRBN,iShares MSCI ACWI Low Carbon Target ETF,31/07/18,Hong Kong — 1.1%,Hong Kong & China Gas Co. Ltd.,"5,38,963","11,00,296",,
CRBN,iShares MSCI ACWI Low Carbon Target ETF,31/07/18,Hong Kong — 1.1%,Hong Kong Exchanges & Clearing Ltd.,"8,300","2,44,965",,
CRBN,iShares MSCI ACWI Low Carbon Target ETF,31/07/18,Hong Kong — 1.1%,Hongkong Land Holdings Ltd.,"18,000","1,30,860",,
CRBN,iShares MSCI ACWI Low Carbon Target ETF,31/07/18,Hong Kong — 1.1%,Li & Fung Ltd.,"1,80,000","61,016",,
CRBN,iShares MSCI ACWI Low Carbon Target ETF,31/07/18,Hong Kong — 1.1%,Link REIT,"45,000","4,46,149",,
CRBN,iShares MSCI ACWI Low Carbon Target ETF,31/07/18,Hong Kong — 1.1%,"Melco Resorts & Entertainment Ltd., ADR","6,300","1,62,918",,
CRBN,iShares MSCI ACWI Low Carbon Target ETF,31/07/18,Hong Kong — 1.1%,MTR Corp. Ltd.,"45,000","2,52,321",,
CRBN,iShares MSCI ACWI Low Carbon Target ETF,31/07/18,Hong Kong — 1.1%,Sands China Ltd.,"72,000","3,70,682",,
CRBN,iShares MSCI ACWI Low Carbon Target ETF,31/07/18,Hong Kong — 1.1%,Sino Land Co. Ltd.,"1,80,000","3,09,208",,
CRBN,iShares MSCI ACWI Low Carbon Target ETF,31/07/18,Hong Kong — 1.1%,SJM Holdings Ltd.,"90,000","1,09,301",,
CRBN,iShares MSCI ACWI Low Carbon Target ETF,31/07/18,Hong Kong — 1.1%,Swire Properties Ltd.,"36,000","1,41,758",,
CRBN,iShares MSCI ACWI Low Carbon Target ETF,31/07/18,Hong Kong — 1.1%,Wynn Macau Ltd.,"36,000","1,05,975","58,29,803",
CRBN,iShares MSCI ACWI Low Carbon Target ETF,31/07/18,Hungary — 0.0%,OTP Bank Nyrt,"3,330","1,25,380","1,25,380",
CRBN,iShares MSCI ACWI Low Carbon Target ETF,31/07/18,India — 1.0%,"ICICI Bank Ltd., ADR, NVS","79,874","7,05,288",,
CRBN,iShares MSCI ACWI Low Carbon Target ETF,31/07/18,India — 1.0%,Idea Cellular Ltd.,100,80,,
CRBN,iShares MSCI ACWI Low Carbon Target ETF,31/07/18,India — 1.0%,"Infosys Ltd., ADR, NVS","64,279","12,97,150",,
CRBN,iShares MSCI ACWI Low Carbon Target ETF,31/07/18,India — 1.0%,"Larsen & Toubro Ltd., GDR, NVS","57,510","10,83,488",,
CRBN,iShares MSCI ACWI Low Carbon Target ETF,31/07/18,India — 1.0%,"Mahindra & Mahindra Ltd., GDR, NVS","61,948","8,51,785",,
CRBN,iShares MSCI ACWI Low Carbon Target ETF,31/07/18,India — 1.0%,"State Bank of India, GDR, NVS (b)(d)","17,010","7,23,776",,
CRBN,iShares MSCI ACWI Low Carbon Target ETF,31/07/18,India — 1.0%,"Wipro Ltd., ADR, NVS","1,26,006","6,37,590","52,99,157",
CRBN,iShares MSCI ACWI Low Carbon Target ETF,31/07/18,Indonesia — 0.2%,Astra International Tbk PT,"2,79,000","1,38,339",,
CRBN,iShares MSCI ACWI Low Carbon Target ETF,31/07/18,Indonesia — 0.2%,Bank Central Asia Tbk PT,"90,000","1,45,267",,
CRBN,iShares MSCI ACWI Low Carbon Target ETF,31/07/18,Indonesia — 0.2%,Bank Mandiri Persero Tbk PT,"3,24,000","1,49,417",,
CRBN,iShares MSCI ACWI Low Carbon Target ETF,31/07/18,Indonesia — 0.2%,Bank Rakyat Indonesia Persero Tbk PT,"8,10,000","1,72,448",,
CRBN,iShares MSCI ACWI Low Carbon Target ETF,31/07/18,Indonesia — 0.2%,Gudang Garam Tbk PT,"18,000","93,807",,
CRBN,iShares MSCI ACWI Low Carbon Target ETF,31/07/18,Indonesia — 0.2%,Hanjaya Mandala Sampoerna Tbk PT,"4,77,000","1,27,024",,
CRBN,iShares MSCI ACWI Low Carbon Target ETF,31/07/18,Indonesia — 0.2%,Jasa Marga Persero Tbk PT,"2,34,042","76,120",,
CRBN,iShares MSCI ACWI Low Carbon Target ETF,31/07/18,Indonesia — 0.2%,Telekomunikasi Indonesia Persero Tbk PT,"9,72,000","2,40,641",,
CRBN,iShares MSCI ACWI Low Carbon Target ETF,31/07/18,Indonesia — 0.2%,Unilever Indonesia Tbk PT,"45,000","1,34,969","12,78,032",
CRBN,iShares MSCI ACWI Low Carbon Target ETF,31/07/18,Ireland — 0.1%,AIB Group PLC,"15,480","88,751",,
CRBN,iShares MSCI ACWI Low Carbon Target ETF,31/07/18,Ireland — 0.1%,"Kerry Group PLC, Class A","1,800","1,91,022",,
CRBN,iShares MSCI ACWI Low Carbon Target ETF,31/07/18,Ireland — 0.1%,Paddy Power Betfair PLC,990,"1,08,016","3,87,789",
CRBN,iShares MSCI ACWI Low Carbon Target ETF,31/07/18,Israel — 0.2%,Check Point Software Technologies Ltd. (a)(b),"2,070","2,33,227",,
CRBN,iShares MSCI ACWI Low Carbon Target ETF,31/07/18,Israel — 0.2%,Frutarom Industries Ltd.,"2,520","2,54,367",,
CRBN,iShares MSCI ACWI Low Carbon Target ETF,31/07/18,Israel — 0.2%,"Teva Pharmaceutical Industries Ltd., ADR, NVS(a","14,310","3,42,582","8,30,176",
CRBN,iShares MSCI ACWI Low Carbon Target ETF,31/07/18,Italy — 0.6%,Assicurazioni Generali SpA,"20,128","3,57,972",,
CRBN,iShares MSCI ACWI Low Carbon Target ETF,31/07/18,Italy — 0.6%,Atlantia SpA,"13,680","4,06,080",,
CRBN,iShares MSCI ACWI Low Carbon Target ETF,31/07/18,Italy — 0.6%,CNH Industrial NV,"18,090","2,12,403",,
CRBN,iShares MSCI ACWI Low Carbon Target ETF,31/07/18,Italy — 0.6%,Ferrari NV,"2,610","3,47,526",,
CRBN,iShares MSCI ACWI Low Carbon Target ETF,31/07/18,Italy — 0.6%,Fiat Chrysler Automobiles NV,"13,590","2,32,123",,
CRBN,iShares MSCI ACWI Low Carbon Target ETF,31/07/18,Italy — 0.6%,Intesa Sanpaolo SpA,"1,59,570","4,91,781",,
CRBN,iShares MSCI ACWI Low Carbon Target ETF,31/07/18,Italy — 0.6%,Luxottica Group SpA,"2,610","1,76,817",,
CRBN,iShares MSCI ACWI Low Carbon Target ETF,31/07/18,Italy — 0.6%,Mediobanca Banca di Credito Finanziario SpA,"13,050","1,35,651",,
CRBN,iShares MSCI ACWI Low Carbon Target ETF,31/07/18,Italy — 0.6%,Snam SpA,"57,780","2,48,450",,
CRBN,iShares MSCI ACWI Low Carbon Target ETF,31/07/18,Italy — 0.6%,Tenaris SA,"6,750","1,23,443",,
CRBN,iShares MSCI ACWI Low Carbon Target ETF,31/07/18,Italy — 0.6%,Terna Rete Elettrica Nazionale SpA,"37,440","2,09,834",,
CRBN,iShares MSCI ACWI Low Carbon Target ETF,31/07/18,Italy — 0.6%,UniCredit SpA,"23,040","4,08,790","33,50,870",
CRBN,iShares MSCI ACWI Low Carbon Target ETF,31/07/18,Japan — 7.4%,Amada Holdings Co. Ltd.,"18,000","1,79,775",,
CRBN,iShares MSCI ACWI Low Carbon Target ETF,31/07/18,Japan — 7.4%,Asahi Group Holdings Ltd.,"9,000","4,35,930",,
CRBN,iShares MSCI ACWI Low Carbon Target ETF,31/07/18,Japan — 7.4%,Astellas Pharma Inc.,"27,600","4,48,124",,
CRBN,iShares MSCI ACWI Low Carbon Target ETF,31/07/18,Japan — 7.4%,Brother Industries Ltd.,"9,000","1,82,750",,
CRBN,iShares MSCI ACWI Low Carbon Target ETF,31/07/18,Japan — 7.4%,Canon Inc.,"18,000","5,81,615",,
CRBN,iShares MSCI ACWI Low Carbon Target ETF,31/07/18,Japan — 7.4%,Concordia Financial Group Ltd.,"27,000","1,44,720",,
CRBN,iShares MSCI ACWI Low Carbon Target ETF,31/07/18,Japan — 7.4%,Dai-ichi Life Holdings Inc.,"9,000","1,69,001",,
CRBN,iShares MSCI ACWI Low Carbon Target ETF,31/07/18,Japan — 7.4%,Daiichi Sankyo Co. Ltd.,"9,000","3,71,610",,
CRBN,iShares MSCI ACWI Low Carbon Target ETF,31/07/18,Japan — 7.4%,Daikin Industries Ltd.,"9,000","10,70,931",,
CRBN,iShares MSCI ACWI Low Carbon Target ETF,31/07/18,Japan — 7.4%,Daiwa House Industry Co. Ltd.,"18,000","6,54,136",,
CRBN,iShares MSCI ACWI Low Carbon Target ETF,31/07/18,Japan — 7.4%,Denso Corp.,"9,000","4,42,523",,
CRBN,iShares MSCI ACWI Low Carbon Target ETF,31/07/18,Japan — 7.4%,East Japan Railway Co.,"1,100","1,02,591",,
CRBN,iShares MSCI ACWI Low Carbon Target ETF,31/07/18,Japan — 7.4%,FUJIFILM Holdings Corp.,"9,000","3,69,921",,
CRBN,iShares MSCI ACWI Low Carbon Target ETF,31/07/18,Japan — 7.4%,Hitachi Chemical Co. Ltd.,"9,000","1,77,524",,
CRBN,iShares MSCI ACWI Low Carbon Target ETF,31/07/18,Japan — 7.4%,Hitachi Ltd.,"90,000","6,25,996",,
CRBN,iShares MSCI ACWI Low Carbon Target ETF,31/07/18,Japan — 7.4%,Honda Motor Co. Ltd.,"18,000","5,39,485",,
CRBN,iShares MSCI ACWI Low Carbon Target ETF,31/07/18,Japan — 7.4%,Hoya Corp.,"9,000","5,38,681",,
CRBN,iShares MSCI ACWI Low Carbon Target ETF,31/07/18,Japan — 7.4%,Isuzu Motors Ltd.,"18,000","2,42,567",,
CRBN,iShares MSCI ACWI Low Carbon Target ETF,31/07/18,Japan — 7.4%,ITOCHU Corp.,"36,000","6,36,770",,
CRBN,iShares MSCI ACWI Low Carbon Target ETF,31/07/18,Japan — 7.4%,Japan Post Bank Co. Ltd.,"18,000","2,15,633",,
CRBN,iShares MSCI ACWI Low Carbon Target ETF,31/07/18,Japan — 7.4%,Japan Post Holdings Co. Ltd.,"36,000","3,96,212",,
CRBN,iShares MSCI ACWI Low Carbon Target ETF,31/07/18,Japan — 7.4%,Japan Tobacco Inc.,"18,000","5,10,702",,
CRBN,iShares MSCI ACWI Low Carbon Target ETF,31/07/18,Japan — 7.4%,Kansai Paint Co. Ltd.,"18,000","4,12,614",,
CRBN,iShares MSCI ACWI Low Carbon Target ETF,31/07/18,Japan — 7.4%,Kao Corp.,"9,000","6,54,217",,
CRBN,iShares MSCI ACWI Low Carbon Target ETF,31/07/18,Japan — 7.4%,KDDI Corp.,"18,000","5,00,572",,
CRBN,iShares MSCI ACWI Low Carbon Target ETF,31/07/18,Japan — 7.4%,Keisei Electric Railway Co. Ltd.,"9,000","2,98,687",,
CRBN,iShares MSCI ACWI Low Carbon Target ETF,31/07/18,Japan — 7.4%,Keyence Corp.,"1,700","8,94,649",,
CRBN,iShares MSCI ACWI Low Carbon Target ETF,31/07/18,Japan — 7.4%,Kirin Holdings Co. Ltd.,"9,000","2,29,703",,
CRBN,iShares MSCI ACWI Low Carbon Target ETF,31/07/18,Japan — 7.4%,Komatsu Ltd.,"9,000","2,63,471",,
CRBN,iShares MSCI ACWI Low Carbon Target ETF,31/07/18,Japan — 7.4%,Kubota Corp.,"18,000","3,00,616",,
CRBN,iShares MSCI ACWI Low Carbon Target ETF,31/07/18,Japan — 7.4%,Kyocera Corp.,"9,000","5,21,637",,
CRBN,iShares MSCI ACWI Low Carbon Target ETF,31/07/18,Japan — 7.4%,Marubeni Corp.,"2,16,000","16,41,708",,
CRBN,iShares MSCI ACWI Low Carbon Target ETF,31/07/18,Japan — 7.4%,Mebuki Financial Group Inc.,"27,000","95,998",,
CRBN,iShares MSCI ACWI Low Carbon Target ETF,31/07/18,Japan — 7.4%,Mitsubishi Corp.,"36,000","10,02,430",,
CRBN,iShares MSCI ACWI Low Carbon Target ETF,31/07/18,Japan — 7.4%,Mitsubishi Electric Corp.,"36,000","4,86,100",,
CRBN,iShares MSCI ACWI Low Carbon Target ETF,31/07/18,Japan — 7.4%,Mitsubishi Estate Co. Ltd.,"18,000","3,11,953",,
CRBN,iShares MSCI ACWI Low Carbon Target ETF,31/07/18,Japan — 7.4%,Mitsubishi Motors Corp.,"18,000","1,36,680",,
CRBN,iShares MSCI ACWI Low Carbon Target ETF,31/07/18,Japan — 7.4%,Mitsubishi UFJ Financial Group Inc.,"1,62,000","9,97,702",,
CRBN,iShares MSCI ACWI Low Carbon Target ETF,31/07/18,Japan — 7.4%,Mitsubishi UFJ Lease & Finance Co. Ltd.,"18,000","1,08,701",,
CRBN,iShares MSCI ACWI Low Carbon Target ETF,31/07/18,Japan — 7.4%,Mitsui & Co. Ltd.,"1,08,000","18,02,734",,
CRBN,iShares MSCI ACWI Low Carbon Target ETF,31/07/18,Japan — 7.4%,Mitsui Fudosan Co. Ltd.,"18,000","4,28,694",,
CRBN,iShares MSCI ACWI Low Carbon Target ETF,31/07/18,Japan — 7.4%,Mizuho Financial Group Inc.,"4,05,000","7,04,065",,
CRBN,iShares MSCI ACWI Low Carbon Target ETF,31/07/18,Japan — 7.4%,MS&AD Insurance Group Holdings Inc.,"9,000","2,74,325",,
CRBN,iShares MSCI ACWI Low Carbon Target ETF,31/07/18,Japan — 7.4%,Nippon Paint Holdings Co. Ltd.,"9,000","3,90,745",,
CRBN,iShares MSCI ACWI Low Carbon Target ETF,31/07/18,Japan — 7.4%,Nippon Telegraph & Telephone Corp.,"9,000","4,15,508",,
CRBN,iShares MSCI ACWI Low Carbon Target ETF,31/07/18,Japan — 7.4%,Nissan Motor Co. Ltd.,"18,000","1,69,725",,
CRBN,iShares MSCI ACWI Low Carbon Target ETF,31/07/18,Japan — 7.4%,Nomura Holdings Inc.,"81,000","3,82,424",,
CRBN,iShares MSCI ACWI Low Carbon Target ETF,31/07/18,Japan — 7.4%,NTT DOCOMO Inc.,"18,000","4,61,980",,
CRBN,iShares MSCI ACWI Low Carbon Target ETF,31/07/18,Japan — 7.4%,Obayashi Corp.,"27,000","2,80,999",,
CRBN,iShares MSCI ACWI Low Carbon Target ETF,31/07/18,Japan — 7.4%,Odakyu Electric Railway Co. Ltd.,"9,000","1,90,066",,
CRBN,iShares MSCI ACWI Low Carbon Target ETF,31/07/18,Japan — 7.4%,Olympus Corp.,"9,000","3,63,811",,
CRBN,iShares MSCI ACWI Low Carbon Target ETF,31/07/18,Japan — 7.4%,ORIX Corp.,"36,000","5,82,098",,
CRBN,iShares MSCI ACWI Low Carbon Target ETF,31/07/18,Japan — 7.4%,Otsuka Holdings Co. Ltd.,"9,000","4,14,061",,
CRBN,iShares MSCI ACWI Low Carbon Target ETF,31/07/18,Japan — 7.4%,Panasonic Corp.,"27,000","3,46,846",,
CRBN,iShares MSCI ACWI Low Carbon Target ETF,31/07/18,Japan — 7.4%,Rakuten Inc.,"27,000","1,89,801",,
CRBN,iShares MSCI ACWI Low Carbon Target ETF,31/07/18,Japan — 7.4%,Recruit Holdings Co. Ltd.,"18,000","4,91,245",,
CRBN,iShares MSCI ACWI Low Carbon Target ETF,31/07/18,Japan — 7.4%,Resona Holdings Inc.,"54,000","3,06,759",,
CRBN,iShares MSCI ACWI Low Carbon Target ETF,31/07/18,Japan — 7.4%,SBI Holdings Inc./Japan,"9,000","2,44,819",,
CRBN,iShares MSCI ACWI Low Carbon Target ETF,31/07/18,Japan — 7.4%,Secom Co. Ltd.,"9,000","6,85,814",,
CRBN,iShares MSCI ACWI Low Carbon Target ETF,31/07/18,Japan — 7.4%,Sekisui House Ltd.,"27,000","4,58,643",,
CRBN,iShares MSCI ACWI Low Carbon Target ETF,31/07/18,Japan — 7.4%,Seven & i Holdings Co. Ltd.,"9,000","3,66,223",,
CRBN,iShares MSCI ACWI Low Carbon Target ETF,31/07/18,Japan — 7.4%,Seven Bank Ltd.,"54,000","1,63,052",,
CRBN,iShares MSCI ACWI Low Carbon Target ETF,31/07/18,Japan — 7.4%,Shimizu Corp.,"27,000","2,81,722",,
CRBN,iShares MSCI ACWI Low Carbon Target ETF,31/07/18,Japan — 7.4%,Shin-Etsu Chemical Co. Ltd.,"9,000","9,06,110",,
CRBN,iShares MSCI ACWI Low Carbon Target ETF,31/07/18,Japan — 7.4%,Shionogi & Co. Ltd.,"9,000","4,88,512",,
CRBN,iShares MSCI ACWI Low Carbon Target ETF,31/07/18,Japan — 7.4%,Shiseido Co. Ltd.,"9,000","6,60,086",,
CRBN,iShares MSCI ACWI Low Carbon Target ETF,31/07/18,Japan — 7.4%,SoftBank Group Corp.,"9,000","7,44,506",,
CRBN,iShares MSCI ACWI Low Carbon Target ETF,31/07/18,Japan — 7.4%,Sompo Holdings Inc.,"9,000","3,64,535",,
CRBN,iShares MSCI ACWI Low Carbon Target ETF,31/07/18,Japan — 7.4%,Sony Corp.,"18,000","9,37,145",,
CRBN,iShares MSCI ACWI Low Carbon Target ETF,31/07/18,Japan — 7.4%,Subaru Corp.,"9,000","2,61,622",,
CRBN,iShares MSCI ACWI Low Carbon Target ETF,31/07/18,Japan — 7.4%,Sumitomo Corp.,"27,000","4,42,603",,
CRBN,iShares MSCI ACWI Low Carbon Target ETF,31/07/18,Japan — 7.4%,Sumitomo Metal Mining Co. Ltd.,"9,000","3,22,807",,
CRBN,iShares MSCI ACWI Low Carbon Target ETF,31/07/18,Japan — 7.4%,Sumitomo Mitsui Financial Group Inc.,"18,000","7,14,758",,
CRBN,iShares MSCI ACWI Low Carbon Target ETF,31/07/18,Japan — 7.4%,Suzuki Motor Corp.,"9,000","5,26,702",,
CRBN,iShares MSCI ACWI Low Carbon Target ETF,31/07/18,Japan — 7.4%,T&D Holdings Inc.,"9,000","1,33,866",,
CRBN,iShares MSCI ACWI Low Carbon Target ETF,31/07/18,Japan — 7.4%,Taisei Corp.,"9,000","4,99,285",,
CRBN,iShares MSCI ACWI Low Carbon Target ETF,31/07/18,Japan — 7.4%,Takeda Pharmaceutical Co. Ltd.,"9,000","3,75,871",,
CRBN,iShares MSCI ACWI Low Carbon Target ETF,31/07/18,Japan — 7.4%,Terumo Corp.,"9,000","4,92,853",,
CRBN,iShares MSCI ACWI Low Carbon Target ETF,31/07/18,Japan — 7.4%,Toho Gas Co. Ltd.,"9,000","3,05,923",,
CRBN,iShares MSCI ACWI Low Carbon Target ETF,31/07/18,Japan — 7.4%,Tokio Marine Holdings Inc.,"9,000","4,26,202",,
CRBN,iShares MSCI ACWI Low Carbon Target ETF,31/07/18,Japan — 7.4%,Toyota Motor Corp.,"27,000","17,61,971",,
CRBN,iShares MSCI ACWI Low Carbon Target ETF,31/07/18,Japan — 7.4%,Toyota Tsusho Corp.,"9,000","3,05,923",,
CRBN,iShares MSCI ACWI Low Carbon Target ETF,31/07/18,Japan — 7.4%,Unicharm Corp.,"9,000","2,73,119",,
CRBN,iShares MSCI ACWI Low Carbon Target ETF,31/07/18,Japan — 7.4%,Yahoo Japan Corp.,"27,000","1,02,510",,
CRBN,iShares MSCI ACWI Low Carbon Target ETF,31/07/18,Japan — 7.4%,Yamaha Motor Co. Ltd.,"9,000","2,36,457","3,95,74,160",
CRBN,iShares MSCI ACWI Low Carbon Target ETF,31/07/18,Malaysia — 0.4%,AMMB Holdings Bhd,"90,000","89,004",,
CRBN,iShares MSCI ACWI Low Carbon Target ETF,31/07/18,Malaysia — 0.4%,Astro Malaysia Holdings Bhd,"81,000","36,465",,
CRBN,iShares MSCI ACWI Low Carbon Target ETF,31/07/18,Malaysia — 0.4%,CIMB Group Holdings Bhd,"81,000","1,16,369",,
CRBN,iShares MSCI ACWI Low Carbon Target ETF,31/07/18,Malaysia — 0.4%,Dialog Group Bhd,"1,26,000","1,02,908",,
CRBN,iShares MSCI ACWI Low Carbon Target ETF,31/07/18,Malaysia — 0.4%,Gamuda Bhd,"63,000","59,978",,
CRBN,iShares MSCI ACWI Low Carbon Target ETF,31/07/18,Malaysia — 0.4%,Genting Bhd,"1,89,000","4,06,826",,
CRBN,iShares MSCI ACWI Low Carbon Target ETF,31/07/18,Malaysia — 0.4%,IHH Healthcare Bhd,"45,000","65,424",,
CRBN,iShares MSCI ACWI Low Carbon Target ETF,31/07/18,Malaysia — 0.4%,IOI Properties Group Bhd,"54,000","25,240",,
CRBN,iShares MSCI ACWI Low Carbon Target ETF,31/07/18,Malaysia — 0.4%,Malayan Banking Bhd,"1,26,000","3,04,074",,
CRBN,iShares MSCI ACWI Low Carbon Target ETF,31/07/18,Malaysia — 0.4%,Maxis Bhd,"36,000","51,277",,
CRBN,iShares MSCI ACWI Low Carbon Target ETF,31/07/18,Malaysia — 0.4%,Petronas Dagangan Bhd,"36,000","2,38,937",,
CRBN,iShares MSCI ACWI Low Carbon Target ETF,31/07/18,Malaysia — 0.4%,PPB Group Bhd,"64,820","2,63,107",,
CRBN,iShares MSCI ACWI Low Carbon Target ETF,31/07/18,Malaysia — 0.4%,Public Bank Bhd,"18,000","1,06,539",,
CRBN,iShares MSCI ACWI Low Carbon Target ETF,31/07/18,Malaysia — 0.4%,Telekom Malaysia Bhd,"54,000","52,738",,
CRBN,iShares MSCI ACWI Low Carbon Target ETF,31/07/18,Malaysia — 0.4%,Westports Holdings Bhd(a),"2,03,900","1,85,591","21,04,477",
CRBN,iShares MSCI ACWI Low Carbon Target ETF,31/07/18,Mexico — 0.4%,"America Movil SAB de CV, Series L, NVS","4,86,001","4,15,962",,
CRBN,iShares MSCI ACWI Low Carbon Target ETF,31/07/18,Mexico — 0.4%,"Banco Santander Mexico SA Institucion de Banca Multiple Grupo Financiero Santand, Class B","63,000","1,06,086",,
CRBN,iShares MSCI ACWI Low Carbon Target ETF,31/07/18,Mexico — 0.4%,"Coca-Cola Femsa SAB de CV, Series L, NVS","18,000","1,12,578",,
CRBN,iShares MSCI ACWI Low Carbon Target ETF,31/07/18,Mexico — 0.4%,Fibra Uno Administracion SA de CV,"72,000","1,03,568",,
CRBN,iShares MSCI ACWI Low Carbon Target ETF,31/07/18,Mexico — 0.4%,Fomento Economico Mexicano SAB de CV,"27,000","2,64,574",,
CRBN,iShares MSCI ACWI Low Carbon Target ETF,31/07/18,Mexico — 0.4%,"Grupo Aeroportuario del Pacifico SAB de CV, Series B","9,000","84,950",,
CRBN,iShares MSCI ACWI Low Carbon Target ETF,31/07/18,Mexico — 0.4%,"Grupo Aeroportuario del Sureste SAB de CV, Class B","6,300","1,11,958",,
CRBN,iShares MSCI ACWI Low Carbon Target ETF,31/07/18,Mexico — 0.4%,"Grupo Financiero Banorte SAB de CV, Class O","44,601","3,10,646",,
CRBN,iShares MSCI ACWI Low Carbon Target ETF,31/07/18,Mexico — 0.4%,"Grupo Televisa SAB, CPO","36,000","1,43,140",,
CRBN,iShares MSCI ACWI Low Carbon Target ETF,31/07/18,Mexico — 0.4%,Promotora y Operadora de Infraestructura SAB de CV,"7,225","74,751",,
CRBN,iShares MSCI ACWI Low Carbon Target ETF,31/07/18,Mexico — 0.4%,Wal-Mart de Mexico SAB de CV,"99,000","2,88,792","20,17,005",
CRBN,iShares MSCI ACWI Low Carbon Target ETF,31/07/18,Netherlands — 1.1%,"ABN AMRO Group NV, CVA","1,890","52,410",,
CRBN,iShares MSCI ACWI Low Carbon Target ETF,31/07/18,Netherlands — 1.1%,Aegon NV,"16,920","1,11,696",,
CRBN,iShares MSCI ACWI Low Carbon Target ETF,31/07/18,Netherlands — 1.1%,AerCap Holdings NV,"3,240","1,81,861",,
CRBN,iShares MSCI ACWI Low Carbon Target ETF,31/07/18,Netherlands — 1.1%,ASML Holding NV,"4,950","10,62,786",,
CRBN,iShares MSCI ACWI Low Carbon Target ETF,31/07/18,Netherlands — 1.1%,Heineken NV,"1,530","1,54,922",,
CRBN,iShares MSCI ACWI Low Carbon Target ETF,31/07/18,Netherlands — 1.1%,ING Groep NV,"38,790","5,94,651",,
CRBN,iShares MSCI ACWI Low Carbon Target ETF,31/07/18,Netherlands — 1.1%,Koninklijke Ahold Delhaize NV,"6,840","1,74,108",,
CRBN,iShares MSCI ACWI Low Carbon Target ETF,31/07/18,Netherlands — 1.1%,Koninklijke DSM NV,"2,700","2,87,924",,
CRBN,iShares MSCI ACWI Low Carbon Target ETF,31/07/18,Netherlands — 1.1%,Koninklijke KPN NV,"43,200","1,25,102",,
CRBN,iShares MSCI ACWI Low Carbon Target ETF,31/07/18,Netherlands — 1.1%,Koninklijke Philips NV,"15,390","6,75,986",,
CRBN,iShares MSCI ACWI Low Carbon Target ETF,31/07/18,Netherlands — 1.1%,NN Group NV,"5,940","2,62,853",,
CRBN,iShares MSCI ACWI Low Carbon Target ETF,31/07/18,Netherlands — 1.1%,NXP Semiconductors NV,"3,937","3,75,353",,
CRBN,iShares MSCI ACWI Low Carbon Target ETF,31/07/18,Netherlands — 1.1%,Randstad NV,"2,430","1,54,273",,
CRBN,iShares MSCI ACWI Low Carbon Target ETF,31/07/18,Netherlands — 1.1%,RELX NV,"17,298","3,76,354",,
CRBN,iShares MSCI ACWI Low Carbon Target ETF,31/07/18,Netherlands — 1.1%,"Unilever NV, CVA","15,120","8,71,113",,
CRBN,iShares MSCI ACWI Low Carbon Target ETF,31/07/18,Netherlands — 1.1%,Wolters Kluwer NV,"5,893","3,55,512","58,16,904",
CRBN,iShares MSCI ACWI Low Carbon Target ETF,31/07/18,New Zealand — 0.1%,Meridian Energy Ltd.,"1,74,240","3,72,475","3,72,475",
CRBN,iShares MSCI ACWI Low Carbon Target ETF,31/07/18,Norway — 0.3%,DNB ASA,"22,500","4,54,430",,
CRBN,iShares MSCI ACWI Low Carbon Target ETF,31/07/18,Norway — 0.3%,Gjensidige Forsikring ASA,"9,540","1,53,276",,
CRBN,iShares MSCI ACWI Low Carbon Target ETF,31/07/18,Norway — 0.3%,Marine Harvest ASA,"20,296","4,44,293",,
CRBN,iShares MSCI ACWI Low Carbon Target ETF,31/07/18,Norway — 0.3%,Orkla ASA,"29,746","2,51,921",,
CRBN,iShares MSCI ACWI Low Carbon Target ETF,31/07/18,Norway — 0.3%,"Schibsted ASA, Class B","2,970","96,603",,
CRBN,iShares MSCI ACWI Low Carbon Target ETF,31/07/18,Norway — 0.3%,Telenor ASA,"18,450","3,61,196","17,61,719",
CRBN,iShares MSCI ACWI Low Carbon Target ETF,31/07/18,Peru — 0.1%,Southern Copper Corp.,"14,850","7,32,996","7,32,996",
CRBN,iShares MSCI ACWI Low Carbon Target ETF,31/07/18,Philippines — 0.1%,International Container Terminal Services Inc.,"44,100","73,908",,
CRBN,iShares MSCI ACWI Low Carbon Target ETF,31/07/18,Philippines — 0.1%,SM Investments Corp.,"9,900","1,77,102",,
CRBN,iShares MSCI ACWI Low Carbon Target ETF,31/07/18,Philippines — 0.1%,SM Prime Holdings Inc.,"1,80,000","1,27,954","3,78,964",
CRBN,iShares MSCI ACWI Low Carbon Target ETF,31/07/18,Poland — 0.1%,Bank Polska Kasa Opieki SA,"5,400","1,65,176",,
CRBN,iShares MSCI ACWI Low Carbon Target ETF,31/07/18,Poland — 0.1%,Bank Zachodni WBK SA,"1,080","1,08,335",,
CRBN,iShares MSCI ACWI Low Carbon Target ETF,31/07/18,Poland — 0.1%,Powszechna Kasa Oszczednosci Bank Polski SA,"13,230","1,50,873",,
CRBN,iShares MSCI ACWI Low Carbon Target ETF,31/07/18,Poland — 0.1%,Powszechny Zaklad Ubezpieczen SA,"12,780","1,46,790","5,71,174",
CRBN,iShares MSCI ACWI Low Carbon Target ETF,31/07/18,Portugal — 0.2%,Galp Energia SGPS SA,"40,680","8,37,243","8,37,243",
CRBN,iShares MSCI ACWI Low Carbon Target ETF,31/07/18,Qatar — 0.1%,Barwa Real Estate Co.,"37,080","3,68,591",,
CRBN,iShares MSCI ACWI Low Carbon Target ETF,31/07/18,Qatar — 0.1%,Ezdan Holding Group QSC,"41,836","1,03,681",,
CRBN,iShares MSCI ACWI Low Carbon Target ETF,31/07/18,Qatar — 0.1%,Ooredoo QPSC,990,"19,059","4,91,331",
CRBN,iShares MSCI ACWI Low Carbon Target ETF,31/07/18,Russia — 0.2%,"Magnit PJSC, GDR, NVS","10,260","1,68,469",,
CRBN,iShares MSCI ACWI Low Carbon Target ETF,31/07/18,Russia — 0.2%,"Mobile TeleSystems PJSC, ADR, NVS","28,530","2,50,208",,
CRBN,iShares MSCI ACWI Low Carbon Target ETF,31/07/18,Russia — 0.2%,"Sberbank of Russia PJSC, ADR","64,029","9,02,169","13,20,846",
CRBN,iShares MSCI ACWI Low Carbon Target ETF,31/07/18,Singapore — 0.4%,City Developments Ltd.,"9,000","66,179",,
CRBN,iShares MSCI ACWI Low Carbon Target ETF,31/07/18,Singapore — 0.4%,DBS Group Holdings Ltd.,"18,000","3,53,706",,
CRBN,iShares MSCI ACWI Low Carbon Target ETF,31/07/18,Singapore — 0.4%,Genting Singapore Ltd.,"1,44,000","1,35,400",,
CRBN,iShares MSCI ACWI Low Carbon Target ETF,31/07/18,Singapore — 0.4%,Oversea-Chinese Banking Corp. Ltd.,"45,800","3,89,265",,
CRBN,iShares MSCI ACWI Low Carbon Target ETF,31/07/18,Singapore — 0.4%,SATS Ltd.,"15,100","57,569",,
CRBN,iShares MSCI ACWI Low Carbon Target ETF,31/07/18,Singapore — 0.4%,Singapore Technologies Engineering Ltd.,"36,000","90,443",,
CRBN,iShares MSCI ACWI Low Carbon Target ETF,31/07/18,Singapore — 0.4%,Singapore Telecommunications Ltd.,"1,71,000","4,03,225",,
CRBN,iShares MSCI ACWI Low Carbon Target ETF,31/07/18,Singapore — 0.4%,Suntec REIT,"81,000","1,09,483",,
CRBN,iShares MSCI ACWI Low Carbon Target ETF,31/07/18,Singapore — 0.4%,United Overseas Bank Ltd.,"9,300","1,84,593",,
CRBN,iShares MSCI ACWI Low Carbon Target ETF,31/07/18,Singapore — 0.4%,UOL Group Ltd.,"27,000","1,42,210",,
CRBN,iShares MSCI ACWI Low Carbon Target ETF,31/07/18,Singapore — 0.4%,Yangzijiang Shipbuilding Holdings Ltd.,"1,53,000","1,06,211","20,38,284",
CRBN,iShares MSCI ACWI Low Carbon Target ETF,31/07/18,South Africa — 0.8%,Absa Group Ltd.,"14,850","1,94,871",,
CRBN,iShares MSCI ACWI Low Carbon Target ETF,31/07/18,South Africa — 0.8%,Aspen Pharmacare Holdings Ltd.,"5,040","98,116",,
CRBN,iShares MSCI ACWI Low Carbon Target ETF,31/07/18,South Africa — 0.8%,Bid Corp. Ltd.,"4,680","94,152",,
CRBN,iShares MSCI ACWI Low Carbon Target ETF,31/07/18,South Africa — 0.8%,Coronation Fund Managers Ltd.,630,"2,862",,
CRBN,iShares MSCI ACWI Low Carbon Target ETF,31/07/18,South Africa — 0.8%,FirstRand Ltd.,"53,100","2,80,808",,
CRBN,iShares MSCI ACWI Low Carbon Target ETF,31/07/18,South Africa — 0.8%,"Fortress REIT Ltd., Series A",270,320,,
CRBN,iShares MSCI ACWI Low Carbon Target ETF,31/07/18,South Africa — 0.8%,"Fortress REIT Ltd., Series B","38,070","42,462",,
CRBN,iShares MSCI ACWI Low Carbon Target ETF,31/07/18,South Africa — 0.8%,Growthpoint Properties Ltd.,"1,05,210","2,10,038",,
CRBN,iShares MSCI ACWI Low Carbon Target ETF,31/07/18,South Africa — 0.8%,Liberty Holdings Ltd.,"8,370","73,804",,
CRBN,iShares MSCI ACWI Low Carbon Target ETF,31/07/18,South Africa — 0.8%,MMI Holdings Ltd./South Africa,"42,930","55,716",,
CRBN,iShares MSCI ACWI Low Carbon Target ETF,31/07/18,South Africa — 0.8%,Mr. Price Group Ltd.,"5,130","92,090",,
CRBN,iShares MSCI ACWI Low Carbon Target ETF,31/07/18,South Africa — 0.8%,MTN Group Ltd.,"22,050","1,92,745",,
CRBN,iShares MSCI ACWI Low Carbon Target ETF,31/07/18,South Africa — 0.8%,"Naspers Ltd., Class N","5,310","13,14,249",,
CRBN,iShares MSCI ACWI Low Carbon Target ETF,31/07/18,South Africa — 0.8%,Nedbank Group Ltd.,"4,410","91,865",,
CRBN,iShares MSCI ACWI Low Carbon Target ETF,31/07/18,South Africa — 0.8%,NEPI Rockcastle PLC,"10,350","96,399",,
CRBN,iShares MSCI ACWI Low Carbon Target ETF,31/07/18,South Africa — 0.8%,Old Mutual Ltd.,"92,456","2,11,632",,
CRBN,iShares MSCI ACWI Low Carbon Target ETF,31/07/18,South Africa — 0.8%,Redefine Properties Ltd.,"2,04,660","1,66,087",,
CRBN,iShares MSCI ACWI Low Carbon Target ETF,31/07/18,South Africa — 0.8%,RMB Holdings Ltd.,"27,090","1,70,394",,
CRBN,iShares MSCI ACWI Low Carbon Target ETF,31/07/18,South Africa — 0.8%,Sanlam Ltd.,"24,930","1,45,293",,
CRBN,iShares MSCI ACWI Low Carbon Target ETF,31/07/18,South Africa — 0.8%,SPAR Group Ltd. (The),"4,320","63,184",,
CRBN,iShares MSCI ACWI Low Carbon Target ETF,31/07/18,South Africa — 0.8%,Standard Bank Group Ltd.,"25,740","4,00,580",,
CRBN,iShares MSCI ACWI Low Carbon Target ETF,31/07/18,South Africa — 0.8%,Truworths International Ltd.,"9,720","60,745",,
CRBN,iShares MSCI ACWI Low Carbon Target ETF,31/07/18,South Africa — 0.8%,Vodacom Group Ltd.,"6,120","65,528","41,23,940",
CRBN,iShares MSCI ACWI Low Carbon Target ETF,31/07/18,South Korea — 0.1%,Amorepacific Corp.,720,"1,72,172",,
CRBN,iShares MSCI ACWI Low Carbon Target ETF,31/07/18,South Korea — 0.1%,AMOREPACIFIC Group,450,"38,538",,
CRBN,iShares MSCI ACWI Low Carbon Target ETF,31/07/18,South Korea — 0.1%,BGF retail Co. Ltd.,289,"43,661",,
CRBN,iShares MSCI ACWI Low Carbon Target ETF,31/07/18,South Korea — 0.1%,BNK Financial Group Inc.,"7,020","56,291",,
CRBN,iShares MSCI ACWI Low Carbon Target ETF,31/07/18,South Korea — 0.1%,Celltrion Inc.,"1,224","2,97,069",,
CRBN,iShares MSCI ACWI Low Carbon Target ETF,31/07/18,South Korea — 0.1%,Coway Co. Ltd.,"1,080","90,559",,
CRBN,iShares MSCI ACWI Low Carbon Target ETF,31/07/18,South Korea — 0.1%,Daelim Industrial Co. Ltd.,"1,080","75,691",,
CRBN,iShares MSCI ACWI Low Carbon Target ETF,31/07/18,South Korea — 0.1%,Daewoo Engineering & Construction Co. Ltd.,"16,920","85,912",,
CRBN,iShares MSCI ACWI Low Carbon Target ETF,31/07/18,South Korea — 0.1%,DGB Financial Group Inc.,"5,940","49,648",,
CRBN,iShares MSCI ACWI Low Carbon Target ETF,31/07/18,South Korea — 0.1%,Dongsuh Cos. Inc.,"1,800","41,032",,
CRBN,iShares MSCI ACWI Low Carbon Target ETF,31/07/18,South Korea — 0.1%,GS Holdings Corp.,"6,120","2,94,333",,
CRBN,iShares MSCI ACWI Low Carbon Target ETF,31/07/18,South Korea — 0.1%,Hana Financial Group Inc.,"4,640","1,86,239",,
CRBN,iShares MSCI ACWI Low Carbon Target ETF,31/07/18,South Korea — 0.1%,Hanwha Corp.,"1,800","51,732",,
CRBN,iShares MSCI ACWI Low Carbon Target ETF,31/07/18,South Korea — 0.1%,Hyundai Engineering & Construction Co. Ltd.,"1,620","84,718",,
CRBN,iShares MSCI ACWI Low Carbon Target ETF,31/07/18,South Korea — 0.1%,Hyundai Heavy Industries Co. Ltd. (a)(b),"2,056","1,95,740",,
CRBN,iShares MSCI ACWI Low Carbon Target ETF,31/07/18,South Korea — 0.1%,Hyundai Mobis Co. Ltd.,"1,080","2,20,122",,
CRBN,iShares MSCI ACWI Low Carbon Target ETF,31/07/18,South Korea — 0.1%,Hyundai Motor Co.,540,"62,513",,
CRBN,iShares MSCI ACWI Low Carbon Target ETF,31/07/18,South Korea — 0.1%,Industrial Bank of Korea,"10,800","1,51,093",,
CRBN,iShares MSCI ACWI Low Carbon Target ETF,31/07/18,South Korea — 0.1%,Kakao Corp.,360,"36,204",,
CRBN,iShares MSCI ACWI Low Carbon Target ETF,31/07/18,South Korea — 0.1%,Kangwon Land Inc.,"3,150","73,213",,
CRBN,iShares MSCI ACWI Low Carbon Target ETF,31/07/18,South Korea — 0.1%,KB Financial Group Inc.,"4,603","2,20,552",,
CRBN,iShares MSCI ACWI Low Carbon Target ETF,31/07/18,South Korea — 0.1%,KEPCO Plant Service & Engineering Co. Ltd.,"1,870","57,589",,
CRBN,iShares MSCI ACWI Low Carbon Target ETF,31/07/18,South Korea — 0.1%,Kia Motors Corp.,"2,160","61,209",,
CRBN,iShares MSCI ACWI Low Carbon Target ETF,31/07/18,South Korea — 0.1%,Korea Aerospace Industries Ltd.,"1,767","55,522",,
CRBN,iShares MSCI ACWI Low Carbon Target ETF,31/07/18,South Korea — 0.1%,Korea Gas Corp.,"3,330","1,73,548",,
CRBN,iShares MSCI ACWI Low Carbon Target ETF,31/07/18,South Korea — 0.1%,KT&G Corp.,"2,668","2,63,544",,
CRBN,iShares MSCI ACWI Low Carbon Target ETF,31/07/18,South Korea — 0.1%,LG Electronics Inc.,"1,085","72,550",,
CRBN,iShares MSCI ACWI Low Carbon Target ETF,31/07/18,South Korea — 0.1%,LG Household & Health Care Ltd.,180,"1,94,699",,
CRBN,iShares MSCI ACWI Low Carbon Target ETF,31/07/18,South Korea — 0.1%,NAVER Corp.,317,"2,02,898",,
CRBN,iShares MSCI ACWI Low Carbon Target ETF,31/07/18,South Korea — 0.1%,NCSoft Corp.,360,"1,24,060",,
CRBN,iShares MSCI ACWI Low Carbon Target ETF,31/07/18,South Korea — 0.1%,Samsung Biologics Co. Ltd. (a)(b)(c),360,"1,20,038",,
CRBN,iShares MSCI ACWI Low Carbon Target ETF,31/07/18,South Korea — 0.1%,Samsung C&T Corp.,810,"89,425",,
CRBN,iShares MSCI ACWI Low Carbon Target ETF,31/07/18,South Korea — 0.1%,Samsung Electronics Co. Ltd.,"57,875","23,92,812",,
CRBN,iShares MSCI ACWI Low Carbon Target ETF,31/07/18,South Korea — 0.1%,Samsung Fire & Marine Insurance Co. Ltd.,450,"1,09,820",,
CRBN,iShares MSCI ACWI Low Carbon Target ETF,31/07/18,South Korea — 0.1%,Samsung Life Insurance Co. Ltd.,"1,620","1,39,459",,
CRBN,iShares MSCI ACWI Low Carbon Target ETF,31/07/18,South Korea — 0.1%,Samsung SDS Co. Ltd.,540,"1,01,131",,
CRBN,iShares MSCI ACWI Low Carbon Target ETF,31/07/18,South Korea — 0.1%,Shinhan Financial Group Co. Ltd.,"4,412","1,71,763",,
CRBN,iShares MSCI ACWI Low Carbon Target ETF,31/07/18,South Korea — 0.1%,SillaJen Inc.,900,"41,997",,
CRBN,iShares MSCI ACWI Low Carbon Target ETF,31/07/18,South Korea — 0.1%,SK Holdings Co. Ltd.,"1,260","2,96,795",,
CRBN,iShares MSCI ACWI Low Carbon Target ETF,31/07/18,South Korea — 0.1%,SK Hynix Inc.,"7,110","5,48,512",,
CRBN,iShares MSCI ACWI Low Carbon Target ETF,31/07/18,South Korea — 0.1%,SK Telecom Co. Ltd.,270,"60,461","78,04,864",
CRBN,iShares MSCI ACWI Low Carbon Target ETF,31/07/18,Spain — 1.1%,Aena SME SA,"2,790","5,07,294",,
CRBN,iShares MSCI ACWI Low Carbon Target ETF,31/07/18,Spain — 1.1%,Amadeus IT Group SA,"8,010","6,84,164",,
CRBN,iShares MSCI ACWI Low Carbon Target ETF,31/07/18,Spain — 1.1%,Banco Bilbao Vizcaya Argentaria SA,"87,501","6,43,564",,
CRBN,iShares MSCI ACWI Low Carbon Target ETF,31/07/18,Spain — 1.1%,Banco de Sabadell SA,"37,628","62,892",,
CRBN,iShares MSCI ACWI Low Carbon Target ETF,31/07/18,Spain — 1.1%,Banco Santander SA,"1,87,205","10,55,660",,
CRBN,iShares MSCI ACWI Low Carbon Target ETF,31/07/18,Spain — 1.1%,Bankia SA,506,"1,996",,
CRBN,iShares MSCI ACWI Low Carbon Target ETF,31/07/18,Spain — 1.1%,CaixaBank SA,"28,710","1,32,924",,
CRBN,iShares MSCI ACWI Low Carbon Target ETF,31/07/18,Spain — 1.1%,Ferrovial SA,"16,346","3,38,142",,
CRBN,iShares MSCI ACWI Low Carbon Target ETF,31/07/18,Spain — 1.1%,Industria de Diseno Textil SA,"22,680","7,44,356",,
CRBN,iShares MSCI ACWI Low Carbon Target ETF,31/07/18,Spain — 1.1%,Mapfre SA,"14,670","46,156",,
CRBN,iShares MSCI ACWI Low Carbon Target ETF,31/07/18,Spain — 1.1%,Red Electrica Corp. SA,"33,030","7,01,052",,
CRBN,iShares MSCI ACWI Low Carbon Target ETF,31/07/18,Spain — 1.1%,Siemens Gamesa Renewable Energy SA,"9,540","1,34,896",,
CRBN,iShares MSCI ACWI Low Carbon Target ETF,31/07/18,Spain — 1.1%,Telefonica SA,"82,890","7,45,915","57,99,011",
CRBN,iShares MSCI ACWI Low Carbon Target ETF,31/07/18,Sweden — 0.9%,"Assa Abloy AB, Class B","17,100","3,39,312",,
CRBN,iShares MSCI ACWI Low Carbon Target ETF,31/07/18,Sweden — 0.9%,"Atlas Copco AB, Class A","1,766","50,609",,
CRBN,iShares MSCI ACWI Low Carbon Target ETF,31/07/18,Sweden — 0.9%,"Atlas Copco AB, Class B","10,578","2,77,435",,
CRBN,iShares MSCI ACWI Low Carbon Target ETF,31/07/18,Sweden — 0.9%,Boliden AB,"20,779","6,19,595",,
CRBN,iShares MSCI ACWI Low Carbon Target ETF,31/07/18,Sweden — 0.9%,"Epiroc AB, Class A","1,860","22,287",,
CRBN,iShares MSCI ACWI Low Carbon Target ETF,31/07/18,Sweden — 0.9%,"Epiroc AB, Class B","11,157","1,18,318",,
CRBN,iShares MSCI ACWI Low Carbon Target ETF,31/07/18,Sweden — 0.9%,"Hennes & Mauritz AB, Class B","14,310","2,22,796",,
CRBN,iShares MSCI ACWI Low Carbon Target ETF,31/07/18,Sweden — 0.9%,"Hexagon AB, Class B","3,240","1,97,721",,
CRBN,iShares MSCI ACWI Low Carbon Target ETF,31/07/18,Sweden — 0.9%,"Industrivarden AB, Class C","18,720","3,95,000",,
CRBN,iShares MSCI ACWI Low Carbon Target ETF,31/07/18,Sweden — 0.9%,"Investor AB, Class B","11,970","5,22,310",,
CRBN,iShares MSCI ACWI Low Carbon Target ETF,31/07/18,Sweden — 0.9%,"Kinnevik AB, Class B","10,800","3,73,293",,
CRBN,iShares MSCI ACWI Low Carbon Target ETF,31/07/18,Sweden — 0.9%,"Millicom International Cellular SA, SDR","1,170","74,968",,
CRBN,iShares MSCI ACWI Low Carbon Target ETF,31/07/18,Sweden — 0.9%,Nordea Bank AB,"31,410","3,34,314",,
CRBN,iShares MSCI ACWI Low Carbon Target ETF,31/07/18,Sweden — 0.9%,Sandvik AB,"7,740","1,41,692",,
CRBN,iShares MSCI ACWI Low Carbon Target ETF,31/07/18,Sweden — 0.9%,"Skandinaviska Enskilda Banken AB, Class A","4,320","46,255",,
CRBN,iShares MSCI ACWI Low Carbon Target ETF,31/07/18,Sweden — 0.9%,"Skanska AB, Class B","4,230","79,723",,
CRBN,iShares MSCI ACWI Low Carbon Target ETF,31/07/18,Sweden — 0.9%,"Svenska Handelsbanken AB, Class A","1,440","17,806",,
CRBN,iShares MSCI ACWI Low Carbon Target ETF,31/07/18,Sweden — 0.9%,"Swedbank AB, Class A",450,"10,663",,
CRBN,iShares MSCI ACWI Low Carbon Target ETF,31/07/18,Sweden — 0.9%,"Telefonaktiebolaget LM Ericsson, Class B","41,400","3,24,545",,
CRBN,iShares MSCI ACWI Low Carbon Target ETF,31/07/18,Sweden — 0.9%,Telia Co. AB,"33,300","1,60,312",,
CRBN,iShares MSCI ACWI Low Carbon Target ETF,31/07/18,Sweden — 0.9%,"Volvo AB, Class B","22,140","3,88,421","47,17,375",
CRBN,iShares MSCI ACWI Low Carbon Target ETF,31/07/18,Switzerland — 2.4%,"ABB Ltd., Registered","20,340","4,66,587",,
CRBN,iShares MSCI ACWI Low Carbon Target ETF,31/07/18,Switzerland — 2.4%,"Adecco Group AG, Registered","2,430","1,49,678",,
CRBN,iShares MSCI ACWI Low Carbon Target ETF,31/07/18,Switzerland — 2.4%,"Cie. Financiere Richemont SA, Registered","6,300","5,53,636",,
CRBN,iShares MSCI ACWI Low Carbon Target ETF,31/07/18,Switzerland — 2.4%,"Credit Suisse Group AG, Registered","30,125","4,85,956",,
CRBN,iShares MSCI ACWI Low Carbon Target ETF,31/07/18,Switzerland — 2.4%,"EMS-Chemie Holding AG, Registered",360,"2,30,909",,
CRBN,iShares MSCI ACWI Low Carbon Target ETF,31/07/18,Switzerland — 2.4%,"Geberit AG, Registered",720,"3,21,236",,
CRBN,iShares MSCI ACWI Low Carbon Target ETF,31/07/18,Switzerland — 2.4%,"Givaudan SA, Registered",270,"6,33,546",,
CRBN,iShares MSCI ACWI Low Carbon Target ETF,31/07/18,Switzerland — 2.4%,"Kuehne + Nagel International AG, Registered",810,"1,29,559",,
CRBN,iShares MSCI ACWI Low Carbon Target ETF,31/07/18,Switzerland — 2.4%,"Lonza Group AG, Registered",720,"2,22,036",,
CRBN,iShares MSCI ACWI Low Carbon Target ETF,31/07/18,Switzerland — 2.4%,"Nestle SA, Registered","34,740","28,31,837",,
CRBN,iShares MSCI ACWI Low Carbon Target ETF,31/07/18,Switzerland — 2.4%,"Novartis AG, Registered","23,580","19,82,626",,
CRBN,iShares MSCI ACWI Low Carbon Target ETF,31/07/18,Switzerland — 2.4%,"Roche Holding AG, NVS","8,190","20,10,686",,
CRBN,iShares MSCI ACWI Low Carbon Target ETF,31/07/18,Switzerland — 2.4%,"Sika AG, Registered","5,292","7,53,175",,
CRBN,iShares MSCI ACWI Low Carbon Target ETF,31/07/18,Switzerland — 2.4%,"Swatch Group AG (The), Bearer",810,"3,64,009",,
CRBN,iShares MSCI ACWI Low Carbon Target ETF,31/07/18,Switzerland — 2.4%,"Swatch Group AG (The), Registered",11,907,,
CRBN,iShares MSCI ACWI Low Carbon Target ETF,31/07/18,Switzerland — 2.4%,Swiss Re AG,"5,040","4,62,153",,
CRBN,iShares MSCI ACWI Low Carbon Target ETF,31/07/18,Switzerland — 2.4%,"Swisscom AG, Registered",180,"84,600",,
CRBN,iShares MSCI ACWI Low Carbon Target ETF,31/07/18,Switzerland — 2.4%,"UBS Group AG, Registered","45,534","7,50,391",,
CRBN,iShares MSCI ACWI Low Carbon Target ETF,31/07/18,Switzerland — 2.4%,Vifor Pharma AG,720,"1,36,509",,
CRBN,iShares MSCI ACWI Low Carbon Target ETF,31/07/18,Switzerland — 2.4%,Zurich Insurance Group AG,"1,620","4,98,600","1,30,68,636",
CRBN,iShares MSCI ACWI Low Carbon Target ETF,31/07/18,Taiwan — 1.3%,Acer Inc.,"1,80,000","1,46,992",,
CRBN,iShares MSCI ACWI Low Carbon Target ETF,31/07/18,Taiwan — 1.3%,Cathay Financial Holding Co. Ltd.,"2,70,000","4,64,787",,
CRBN,iShares MSCI ACWI Low Carbon Target ETF,31/07/18,Taiwan — 1.3%,China Development Financial Holding Corp.,"3,60,000","1,31,704",,
CRBN,iShares MSCI ACWI Low Carbon Target ETF,31/07/18,Taiwan — 1.3%,China Life Insurance Co. Ltd./Taiwan,"73,030","77,291",,
CRBN,iShares MSCI ACWI Low Carbon Target ETF,31/07/18,Taiwan — 1.3%,Chunghwa Telecom Co. Ltd.,"90,000","3,11,622",,
CRBN,iShares MSCI ACWI Low Carbon Target ETF,31/07/18,Taiwan — 1.3%,CTBC Financial Holding Co. Ltd.,"2,84,400","1,92,765",,
CRBN,iShares MSCI ACWI Low Carbon Target ETF,31/07/18,Taiwan — 1.3%,Fubon Financial Holding Co. Ltd.,"1,80,000","2,98,099",,
CRBN,iShares MSCI ACWI Low Carbon Target ETF,31/07/18,Taiwan — 1.3%,Hon Hai Precision Industry Co. Ltd.,"2,70,650","7,40,853",,
CRBN,iShares MSCI ACWI Low Carbon Target ETF,31/07/18,Taiwan — 1.3%,Mega Financial Holding Co. Ltd.,"8,10,000","7,20,994",,
CRBN,iShares MSCI ACWI Low Carbon Target ETF,31/07/18,Taiwan — 1.3%,Shin Kong Financial Holding Co. Ltd.,"4,50,000","1,70,510",,
CRBN,iShares MSCI ACWI Low Carbon Target ETF,31/07/18,Taiwan — 1.3%,SinoPac Financial Holdings Co. Ltd.,"3,60,000","1,35,232",,
CRBN,iShares MSCI ACWI Low Carbon Target ETF,31/07/18,Taiwan — 1.3%,Synnex Technology International Corp.,"1,80,000","2,56,647",,
CRBN,iShares MSCI ACWI Low Carbon Target ETF,31/07/18,Taiwan — 1.3%,Taishin Financial Holding Co. Ltd.,"4,50,000","2,20,487",,
CRBN,iShares MSCI ACWI Low Carbon Target ETF,31/07/18,Taiwan — 1.3%,Taiwan Mobile Co. Ltd.,"90,000","3,10,152",,
CRBN,iShares MSCI ACWI Low Carbon Target ETF,31/07/18,Taiwan — 1.3%,Taiwan Semiconductor Manufacturing Co. Ltd.,"2,70,000","21,69,596",,
CRBN,iShares MSCI ACWI Low Carbon Target ETF,31/07/18,Taiwan — 1.3%,Uni-President Enterprises Corp.,"1,80,000","4,75,077",,
CRBN,iShares MSCI ACWI Low Carbon Target ETF,31/07/18,Taiwan — 1.3%,Yuanta Financial Holding Co. Ltd.,"5,40,000","2,48,710","70,71,518",
CRBN,iShares MSCI ACWI Low Carbon Target ETF,31/07/18,Thailand — 0.2%,"Airports of Thailand PCL, NVDR","2,34,000","4,65,960",,
CRBN,iShares MSCI ACWI Low Carbon Target ETF,31/07/18,Thailand — 0.2%,"Bangkok Bank PCL, Foreign","9,000","56,267",,
CRBN,iShares MSCI ACWI Low Carbon Target ETF,31/07/18,Thailand — 0.2%,"Bangkok Expressway & Metro PCL, NVDR","3,35,200","84,127",,
CRBN,iShares MSCI ACWI Low Carbon Target ETF,31/07/18,Thailand — 0.2%,"BTS Group Holdings PCL, NVDR","2,97,000","84,360",,
CRBN,iShares MSCI ACWI Low Carbon Target ETF,31/07/18,Thailand — 0.2%,"CP ALL PCL, NVDR","81,000","1,82,597",,
CRBN,iShares MSCI ACWI Low Carbon Target ETF,31/07/18,Thailand — 0.2%,"Energy Absolute PCL, NVDR","81,000","87,038",,
CRBN,iShares MSCI ACWI Low Carbon Target ETF,31/07/18,Thailand — 0.2%,"Kasikornbank PCL, Foreign","18,600","1,25,789",,
CRBN,iShares MSCI ACWI Low Carbon Target ETF,31/07/18,Thailand — 0.2%,"Krung Thai Bank PCL, NVDR","63,000","35,978",,
CRBN,iShares MSCI ACWI Low Carbon Target ETF,31/07/18,Thailand — 0.2%,"Siam Commercial Bank PCL (The), NVDR","9,200","38,714","11,60,830",
CRBN,iShares MSCI ACWI Low Carbon Target ETF,31/07/18,Turkey — 0.0%,Akbank Turk AS,"38,610","56,865",,
CRBN,iShares MSCI ACWI Low Carbon Target ETF,31/07/18,Turkey — 0.0%,BIM Birlesik Magazalar AS,"4,680","67,497",,
CRBN,iShares MSCI ACWI Low Carbon Target ETF,31/07/18,Turkey — 0.0%,Emlak Konut Gayrimenkul Yatirim Ortakligi AS,"97,110","34,817",,
CRBN,iShares MSCI ACWI Low Carbon Target ETF,31/07/18,Turkey — 0.0%,Turkiye Garanti Bankasi AS,"43,110","62,439",,
CRBN,iShares MSCI ACWI Low Carbon Target ETF,31/07/18,Turkey — 0.0%,"Turkiye Is Bankasi AS, Class C","71,370","73,856","2,95,474",
CRBN,iShares MSCI ACWI Low Carbon Target ETF,31/07/18,United Arab Emirates — 0.1%,Aldar Properties PJSC,"1,55,340","85,850",,
CRBN,iShares MSCI ACWI Low Carbon Target ETF,31/07/18,United Arab Emirates — 0.1%,DAMAC Properties Dubai Co. PJSC,"84,240","53,436",,
CRBN,iShares MSCI ACWI Low Carbon Target ETF,31/07/18,United Arab Emirates — 0.1%,DP World Ltd.,"3,960","91,080",,
CRBN,iShares MSCI ACWI Low Carbon Target ETF,31/07/18,United Arab Emirates — 0.1%,Emaar Properties PJSC,"86,400","1,24,197",,
CRBN,iShares MSCI ACWI Low Carbon Target ETF,31/07/18,United Arab Emirates — 0.1%,Emirates Telecommunications Group Co. PJSC,"53,190","2,51,241","6,05,804",
CRBN,iShares MSCI ACWI Low Carbon Target ETF,31/07/18,United Kingdom — 5.4%,3i Group PLC,"23,580","2,93,103",,
CRBN,iShares MSCI ACWI Low Carbon Target ETF,31/07/18,United Kingdom — 5.4%,Antofagasta PLC,"37,890","4,98,513",,
CRBN,iShares MSCI ACWI Low Carbon Target ETF,31/07/18,United Kingdom — 5.4%,Aptiv PLC,"3,600","3,53,052",,
CRBN,iShares MSCI ACWI Low Carbon Target ETF,31/07/18,United Kingdom — 5.4%,Ashtead Group PLC,"8,550","2,62,554",,
CRBN,iShares MSCI ACWI Low Carbon Target ETF,31/07/18,United Kingdom — 5.4%,Associated British Foods PLC,"3,150","1,01,441",,
CRBN,iShares MSCI ACWI Low Carbon Target ETF,31/07/18,United Kingdom — 5.4%,AstraZeneca PLC,"15,246","11,72,938",,
CRBN,iShares MSCI ACWI Low Carbon Target ETF,31/07/18,United Kingdom — 5.4%,Auto Trader Group PLC,"15,030","83,851",,
CRBN,iShares MSCI ACWI Low Carbon Target ETF,31/07/18,United Kingdom — 5.4%,Aviva PLC,"50,310","3,29,971",,
CRBN,iShares MSCI ACWI Low Carbon Target ETF,31/07/18,United Kingdom — 5.4%,Babcock International Group PLC,"10,350","97,019",,
CRBN,iShares MSCI ACWI Low Carbon Target ETF,31/07/18,United Kingdom — 5.4%,BAE Systems PLC,"27,990","2,39,828",,
CRBN,iShares MSCI ACWI Low Carbon Target ETF,31/07/18,United Kingdom — 5.4%,Barclays PLC,"2,00,340","5,09,719",,
CRBN,iShares MSCI ACWI Low Carbon Target ETF,31/07/18,United Kingdom — 5.4%,Barratt Developments PLC,"17,730","1,24,194",,
CRBN,iShares MSCI ACWI Low Carbon Target ETF,31/07/18,United Kingdom — 5.4%,Berkeley Group Holdings PLC,"2,880","1,41,027",,
CRBN,iShares MSCI ACWI Low Carbon Target ETF,31/07/18,United Kingdom — 5.4%,British American Tobacco PLC,"28,174","15,52,575",,
CRBN,iShares MSCI ACWI Low Carbon Target ETF,31/07/18,United Kingdom — 5.4%,British Land Co. PLC (The),"28,710","2,48,634",,
CRBN,iShares MSCI ACWI Low Carbon Target ETF,31/07/18,United Kingdom — 5.4%,BT Group PLC,"1,34,910","4,13,221",,
CRBN,iShares MSCI ACWI Low Carbon Target ETF,31/07/18,United Kingdom — 5.4%,Bunzl PLC,"4,320","1,28,352",,
CRBN,iShares MSCI ACWI Low Carbon Target ETF,31/07/18,United Kingdom — 5.4%,Burberry Group PLC,"7,560","2,08,948",,
CRBN,iShares MSCI ACWI Low Carbon Target ETF,31/07/18,United Kingdom — 5.4%,"Coca-Cola European Partners PLC, NVS",630,"25,981",,
CRBN,iShares MSCI ACWI Low Carbon Target ETF,31/07/18,United Kingdom — 5.4%,Compass Group PLC,"25,290","5,43,891",,
CRBN,iShares MSCI ACWI Low Carbon Target ETF,31/07/18,United Kingdom — 5.4%,ConvaTec Group PLC,"31,410","90,233",,
CRBN,iShares MSCI ACWI Low Carbon Target ETF,31/07/18,United Kingdom — 5.4%,Croda International PLC,"3,730","2,51,491",,
CRBN,iShares MSCI ACWI Low Carbon Target ETF,31/07/18,United Kingdom — 5.4%,DCC PLC,"1,980","1,83,107",,
CRBN,iShares MSCI ACWI Low Carbon Target ETF,31/07/18,United Kingdom — 5.4%,Diageo PLC,"32,940","12,10,718",,
CRBN,iShares MSCI ACWI Low Carbon Target ETF,31/07/18,United Kingdom — 5.4%,Direct Line Insurance Group PLC,"12,206","55,063",,
CRBN,iShares MSCI ACWI Low Carbon Target ETF,31/07/18,United Kingdom — 5.4%,Experian PLC,"18,270","4,49,117",,
CRBN,iShares MSCI ACWI Low Carbon Target ETF,31/07/18,United Kingdom — 5.4%,Ferguson PLC,"4,434","3,49,560",,
CRBN,iShares MSCI ACWI Low Carbon Target ETF,31/07/18,United Kingdom — 5.4%,Fresnillo PLC,"7,560","1,03,036",,
CRBN,iShares MSCI ACWI Low Carbon Target ETF,31/07/18,United Kingdom — 5.4%,GlaxoSmithKline PLC,"62,460","12,95,836",,
CRBN,iShares MSCI ACWI Low Carbon Target ETF,31/07/18,United Kingdom — 5.4%,Hammerson PLC,"25,380","1,73,719",,
CRBN,iShares MSCI ACWI Low Carbon Target ETF,31/07/18,United Kingdom — 5.4%,HSBC Holdings PLC,"2,43,000","23,28,508",,
CRBN,iShares MSCI ACWI Low Carbon Target ETF,31/07/18,United Kingdom — 5.4%,Imperial Brands PLC,"15,660","6,00,238",,
CRBN,iShares MSCI ACWI Low Carbon Target ETF,31/07/18,United Kingdom — 5.4%,Intertek Group PLC,"1,890","1,45,777",,
CRBN,iShares MSCI ACWI Low Carbon Target ETF,31/07/18,United Kingdom — 5.4%,Investec PLC,"18,360","1,32,894",,
CRBN,iShares MSCI ACWI Low Carbon Target ETF,31/07/18,United Kingdom — 5.4%,ITV PLC,"49,590","1,07,234",,
CRBN,iShares MSCI ACWI Low Carbon Target ETF,31/07/18,United Kingdom — 5.4%,John Wood Group PLC,"35,190","2,99,951",,
CRBN,iShares MSCI ACWI Low Carbon Target ETF,31/07/18,United Kingdom — 5.4%,Johnson Matthey PLC,"4,770","2,35,265",,
CRBN,iShares MSCI ACWI Low Carbon Target ETF,31/07/18,United Kingdom — 5.4%,Kingfisher PLC,"27,990","1,08,936",,
CRBN,iShares MSCI ACWI Low Carbon Target ETF,31/07/18,United Kingdom — 5.4%,Land Securities Group PLC,"23,916","2,95,774",,
CRBN,iShares MSCI ACWI Low Carbon Target ETF,31/07/18,United Kingdom — 5.4%,Legal & General Group PLC,"84,330","2,90,599",,
CRBN,iShares MSCI ACWI Low Carbon Target ETF,31/07/18,United Kingdom — 5.4%,Lloyds Banking Group PLC,"8,87,580","7,26,280",,
CRBN,iShares MSCI ACWI Low Carbon Target ETF,31/07/18,United Kingdom — 5.4%,London Stock Exchange Group PLC,"4,320","2,49,168",,
CRBN,iShares MSCI ACWI Low Carbon Target ETF,31/07/18,United Kingdom — 5.4%,Marks & Spencer Group PLC,"21,960","88,723",,
CRBN,iShares MSCI ACWI Low Carbon Target ETF,31/07/18,United Kingdom — 5.4%,Mediclinic International PLC,"7,290","48,961",,
CRBN,iShares MSCI ACWI Low Carbon Target ETF,31/07/18,United Kingdom — 5.4%,Meggitt PLC,"19,890","1,48,769",,
CRBN,iShares MSCI ACWI Low Carbon Target ETF,31/07/18,United Kingdom — 5.4%,Merlin Entertainments PLC,"28,440","1,46,912",,
CRBN,iShares MSCI ACWI Low Carbon Target ETF,31/07/18,United Kingdom — 5.4%,Micro Focus International PLC,"8,730","1,43,145",,
CRBN,iShares MSCI ACWI Low Carbon Target ETF,31/07/18,United Kingdom — 5.4%,National Grid PLC,"27,858","2,97,202",,
CRBN,iShares MSCI ACWI Low Carbon Target ETF,31/07/18,United Kingdom — 5.4%,Next PLC,"1,890","1,47,166",,
CRBN,iShares MSCI ACWI Low Carbon Target ETF,31/07/18,United Kingdom — 5.4%,Pearson PLC,"14,580","1,76,833",,
CRBN,iShares MSCI ACWI Low Carbon Target ETF,31/07/18,United Kingdom — 5.4%,Persimmon PLC,"7,650","2,49,066",,
CRBN,iShares MSCI ACWI Low Carbon Target ETF,31/07/18,United Kingdom — 5.4%,Prudential PLC,"34,110","8,07,626",,
CRBN,iShares MSCI ACWI Low Carbon Target ETF,31/07/18,United Kingdom — 5.4%,Randgold Resources Ltd.,"2,013","1,49,719",,
CRBN,iShares MSCI ACWI Low Carbon Target ETF,31/07/18,United Kingdom — 5.4%,Reckitt Benckiser Group PLC,"9,090","8,10,462",,
CRBN,iShares MSCI ACWI Low Carbon Target ETF,31/07/18,United Kingdom — 5.4%,RELX PLC,"19,620","4,27,870",,
CRBN,iShares MSCI ACWI Low Carbon Target ETF,31/07/18,United Kingdom — 5.4%,Rolls-Royce Holdings PLC,"22,590","2,93,658",,
CRBN,iShares MSCI ACWI Low Carbon Target ETF,31/07/18,United Kingdom — 5.4%,Royal Bank of Scotland Group PLC,"36,090","1,20,909",,
CRBN,iShares MSCI ACWI Low Carbon Target ETF,31/07/18,United Kingdom — 5.4%,"Royal Dutch Shell PLC, Class B","44,190","15,48,569",,
CRBN,iShares MSCI ACWI Low Carbon Target ETF,31/07/18,United Kingdom — 5.4%,RSA Insurance Group PLC,"3,330","28,139",,
CRBN,iShares MSCI ACWI Low Carbon Target ETF,31/07/18,United Kingdom — 5.4%,Schroders PLC,"2,250","91,878",,
CRBN,iShares MSCI ACWI Low Carbon Target ETF,31/07/18,United Kingdom — 5.4%,Segro PLC,"21,975","1,91,691",,
CRBN,iShares MSCI ACWI Low Carbon Target ETF,31/07/18,United Kingdom — 5.4%,Sensata Technologies Holding PLC,"2,250","1,22,332",,
CRBN,iShares MSCI ACWI Low Carbon Target ETF,31/07/18,United Kingdom — 5.4%,Severn Trent PLC,"17,280","4,38,494",,
CRBN,iShares MSCI ACWI Low Carbon Target ETF,31/07/18,United Kingdom — 5.4%,Shire PLC,"11,160","6,36,949",,
CRBN,iShares MSCI ACWI Low Carbon Target ETF,31/07/18,United Kingdom — 5.4%,Sky PLC,"13,680","2,73,388",,
CRBN,iShares MSCI ACWI Low Carbon Target ETF,31/07/18,United Kingdom — 5.4%,Smith & Nephew PLC,"4,680","81,065",,
CRBN,iShares MSCI ACWI Low Carbon Target ETF,31/07/18,United Kingdom — 5.4%,Smiths Group PLC,"9,810","2,07,694",,
CRBN,iShares MSCI ACWI Low Carbon Target ETF,31/07/18,United Kingdom — 5.4%,Standard Chartered PLC,"45,540","4,10,991",,
CRBN,iShares MSCI ACWI Low Carbon Target ETF,31/07/18,United Kingdom — 5.4%,Standard Life Aberdeen PLC,"67,770","2,77,626",,
CRBN,iShares MSCI ACWI Low Carbon Target ETF,31/07/18,United Kingdom — 5.4%,Taylor Wimpey PLC,"62,820","1,44,166",,
CRBN,iShares MSCI ACWI Low Carbon Target ETF,31/07/18,United Kingdom — 5.4%,Tesco PLC,"1,30,320","4,44,976",,
CRBN,iShares MSCI ACWI Low Carbon Target ETF,31/07/18,United Kingdom — 5.4%,Travis Perkins PLC,"1,710","26,827",,
CRBN,iShares MSCI ACWI Low Carbon Target ETF,31/07/18,United Kingdom — 5.4%,Unilever PLC,"15,750","8,99,746",,
CRBN,iShares MSCI ACWI Low Carbon Target ETF,31/07/18,United Kingdom — 5.4%,United Utilities Group PLC,"62,640","5,90,953",,
CRBN,iShares MSCI ACWI Low Carbon Target ETF,31/07/18,United Kingdom — 5.4%,Vodafone Group PLC,"4,16,520","10,16,249",,
CRBN,iShares MSCI ACWI Low Carbon Target ETF,31/07/18,United Kingdom — 5.4%,Weir Group PLC (The),"4,410","1,12,717",,
CRBN,iShares MSCI ACWI Low Carbon Target ETF,31/07/18,United Kingdom — 5.4%,Whitbread PLC,"3,510","1,80,256",,
CRBN,iShares MSCI ACWI Low Carbon Target ETF,31/07/18,United Kingdom — 5.4%,WPP PLC,"21,600","3,37,739","2,91,30,782",
CRBN,iShares MSCI ACWI Low Carbon Target ETF,31/07/18,United States — 53.5%,3M Co.,"7,020","14,90,486",,
CRBN,iShares MSCI ACWI Low Carbon Target ETF,31/07/18,United States — 53.5%,Abbott Laboratories,"22,008","14,42,404",,
CRBN,iShares MSCI ACWI Low Carbon Target ETF,31/07/18,United States — 53.5%,AbbVie Inc.,"18,180","16,76,741",,
CRBN,iShares MSCI ACWI Low Carbon Target ETF,31/07/18,United States — 53.5%,"Accenture PLC, Class A","8,100","12,90,573",,
CRBN,iShares MSCI ACWI Low Carbon Target ETF,31/07/18,United States — 53.5%,Activision Blizzard Inc.,"8,550","6,27,741",,
CRBN,iShares MSCI ACWI Low Carbon Target ETF,31/07/18,United States — 53.5%,Acuity Brands Inc.,540,"75,076",,
CRBN,iShares MSCI ACWI Low Carbon Target ETF,31/07/18,United States — 53.5%,Adobe Systems Inc.,"6,300","15,41,484",,
CRBN,iShares MSCI ACWI Low Carbon Target ETF,31/07/18,United States — 53.5%,Advance Auto Parts Inc.,900,"1,27,107",,
CRBN,iShares MSCI ACWI Low Carbon Target ETF,31/07/18,United States — 53.5%,Advanced Micro Devices Inc. (a)(b),"12,330","2,26,009",,
CRBN,iShares MSCI ACWI Low Carbon Target ETF,31/07/18,United States — 53.5%,Aetna Inc.,"4,590","8,64,710",,
CRBN,iShares MSCI ACWI Low Carbon Target ETF,31/07/18,United States — 53.5%,Affiliated Managers Group Inc.,450,"72,005",,
CRBN,iShares MSCI ACWI Low Carbon Target ETF,31/07/18,United States — 53.5%,Aflac Inc.,"13,500","6,28,290",,
CRBN,iShares MSCI ACWI Low Carbon Target ETF,31/07/18,United States — 53.5%,AGCO Corp.,810,"51,046",,
CRBN,iShares MSCI ACWI Low Carbon Target ETF,31/07/18,United States — 53.5%,Agilent Technologies Inc.,"5,220","3,44,729",,
CRBN,iShares MSCI ACWI Low Carbon Target ETF,31/07/18,United States — 53.5%,AGNC Investment Corp.,"5,040","98,129",,
CRBN,iShares MSCI ACWI Low Carbon Target ETF,31/07/18,United States — 53.5%,Akamai Technologies Inc.,"2,160","1,62,562",,
CRBN,iShares MSCI ACWI Low Carbon Target ETF,31/07/18,United States — 53.5%,Albemarle Corp.,"2,610","2,45,862",,
CRBN,iShares MSCI ACWI Low Carbon Target ETF,31/07/18,United States — 53.5%,Alexandria Real Estate Equities Inc.,"1,710","2,17,922",,
CRBN,iShares MSCI ACWI Low Carbon Target ETF,31/07/18,United States — 53.5%,Alexion Pharmaceuticals Inc.(b),"2,520","3,35,059",,
CRBN,iShares MSCI ACWI Low Carbon Target ETF,31/07/18,United States — 53.5%,Align Technology Inc.,"1,170","4,17,280",,
CRBN,iShares MSCI ACWI Low Carbon Target ETF,31/07/18,United States — 53.5%,Alkermes PLC,"1,440","63,144",,
CRBN,iShares MSCI ACWI Low Carbon Target ETF,31/07/18,United States — 53.5%,Alleghany Corp.,270,"1,69,903",,
CRBN,iShares MSCI ACWI Low Carbon Target ETF,31/07/18,United States — 53.5%,Allegion PLC,990,"80,725",,
CRBN,iShares MSCI ACWI Low Carbon Target ETF,31/07/18,United States — 53.5%,Allergan PLC,"4,320","7,95,269",,
CRBN,iShares MSCI ACWI Low Carbon Target ETF,31/07/18,United States — 53.5%,Alliance Data Systems Corp.,810,"1,82,153",,
CRBN,iShares MSCI ACWI Low Carbon Target ETF,31/07/18,United States — 53.5%,Allstate Corp. (The),"4,320","4,10,918",,
CRBN,iShares MSCI ACWI Low Carbon Target ETF,31/07/18,United States — 53.5%,Ally Financial Inc.,"10,980","2,93,825",,
CRBN,iShares MSCI ACWI Low Carbon Target ETF,31/07/18,United States — 53.5%,Alnylam Pharmaceuticals Inc.,810,"76,950",,
CRBN,iShares MSCI ACWI Low Carbon Target ETF,31/07/18,United States — 53.5%,"Alphabet Inc., Class A","3,510","43,07,542",,
CRBN,iShares MSCI ACWI Low Carbon Target ETF,31/07/18,United States — 53.5%,"Alphabet Inc., Class C, NVS","3,330","40,53,476",,
CRBN,iShares MSCI ACWI Low Carbon Target ETF,31/07/18,United States — 53.5%,Altria Group Inc.,"23,670","13,88,956",,
CRBN,iShares MSCI ACWI Low Carbon Target ETF,31/07/18,United States — 53.5%,Amazon.com Inc.,"4,860","86,38,358",,
CRBN,iShares MSCI ACWI Low Carbon Target ETF,31/07/18,United States — 53.5%,AMERCO,540,"2,03,623",,
CRBN,iShares MSCI ACWI Low Carbon Target ETF,31/07/18,United States — 53.5%,American Express Co.,"9,900","9,85,248",,
CRBN,iShares MSCI ACWI Low Carbon Target ETF,31/07/18,United States — 53.5%,American International Group Inc.,"15,300","8,44,713",,
CRBN,iShares MSCI ACWI Low Carbon Target ETF,31/07/18,United States — 53.5%,American Tower Corp.,"5,130","7,60,471",,
CRBN,iShares MSCI ACWI Low Carbon Target ETF,31/07/18,United States — 53.5%,American Water Works Co. Inc.,"12,240","10,80,180",,
CRBN,iShares MSCI ACWI Low Carbon Target ETF,31/07/18,United States — 53.5%,Ameriprise Financial Inc.,"1,710","2,49,096",,
CRBN,iShares MSCI ACWI Low Carbon Target ETF,31/07/18,United States — 53.5%,AmerisourceBergen Corp.,"2,340","1,91,482",,
CRBN,iShares MSCI ACWI Low Carbon Target ETF,31/07/18,United States — 53.5%,AMETEK Inc.,"3,600","2,80,080",,
CRBN,iShares MSCI ACWI Low Carbon Target ETF,31/07/18,United States — 53.5%,Amgen Inc.,"7,920","15,56,676",,
CRBN,iShares MSCI ACWI Low Carbon Target ETF,31/07/18,United States — 53.5%,"Amphenol Corp., Class A","1,440","1,34,654",,
CRBN,iShares MSCI ACWI Low Carbon Target ETF,31/07/18,United States — 53.5%,Analog Devices Inc.,"5,670","5,45,114",,
CRBN,iShares MSCI ACWI Low Carbon Target ETF,31/07/18,United States — 53.5%,Andeavor,"3,690","5,53,721",,
CRBN,iShares MSCI ACWI Low Carbon Target ETF,31/07/18,United States — 53.5%,Annaly Capital Management Inc.,"19,620","2,10,326",,
CRBN,iShares MSCI ACWI Low Carbon Target ETF,31/07/18,United States — 53.5%,Anthem Inc.,"3,650","9,23,450",,
CRBN,iShares MSCI ACWI Low Carbon Target ETF,31/07/18,United States — 53.5%,AO Smith Corp.,"1,980","1,17,869",,
CRBN,iShares MSCI ACWI Low Carbon Target ETF,31/07/18,United States — 53.5%,Aon PLC,"3,600","5,16,780",,
CRBN,iShares MSCI ACWI Low Carbon Target ETF,31/07/18,United States — 53.5%,Apple Inc.,"58,050","1,10,46,334",,
CRBN,iShares MSCI ACWI Low Carbon Target ETF,31/07/18,United States — 53.5%,Applied Materials Inc.,"12,510","6,08,361",,
CRBN,iShares MSCI ACWI Low Carbon Target ETF,31/07/18,United States — 53.5%,Arch Capital Group Ltd.,"2,430","74,261",,
CRBN,iShares MSCI ACWI Low Carbon Target ETF,31/07/18,United States — 53.5%,Arista Networks Inc.,540,"1,38,094",,
CRBN,iShares MSCI ACWI Low Carbon Target ETF,31/07/18,United States — 53.5%,Arrow Electronics Inc.,360,"27,302",,
CRBN,iShares MSCI ACWI Low Carbon Target ETF,31/07/18,United States — 53.5%,Assurant Inc.,720,"79,416",,
CRBN,iShares MSCI ACWI Low Carbon Target ETF,31/07/18,United States — 53.5%,AT&T Inc.,"82,487","26,37,109",,
CRBN,iShares MSCI ACWI Low Carbon Target ETF,31/07/18,United States — 53.5%,Atmos Energy Corp.,"11,970","10,99,684",,
CRBN,iShares MSCI ACWI Low Carbon Target ETF,31/07/18,United States — 53.5%,Autodesk Inc.,"3,060","3,93,026",,
CRBN,iShares MSCI ACWI Low Carbon Target ETF,31/07/18,United States — 53.5%,Autoliv Inc.,900,"92,214",,
CRBN,iShares MSCI ACWI Low Carbon Target ETF,31/07/18,United States — 53.5%,Automatic Data Processing Inc.,"6,390","8,62,586",,
CRBN,iShares MSCI ACWI Low Carbon Target ETF,31/07/18,United States — 53.5%,AutoZone Inc.,270,"1,90,493",,
CRBN,iShares MSCI ACWI Low Carbon Target ETF,31/07/18,United States — 53.5%,AvalonBay Communities Inc.,"1,800","3,18,330",,
CRBN,iShares MSCI ACWI Low Carbon Target ETF,31/07/18,United States — 53.5%,Avery Dennison Corp.,"2,250","2,58,030",,
CRBN,iShares MSCI ACWI Low Carbon Target ETF,31/07/18,United States — 53.5%,Axalta Coating Systems Ltd.,"7,650","2,31,413",,
CRBN,iShares MSCI ACWI Low Carbon Target ETF,31/07/18,United States — 53.5%,Axis Capital Holdings Ltd.,990,"55,994",,
CRBN,iShares MSCI ACWI Low Carbon Target ETF,31/07/18,United States — 53.5%,Baker Hughes a GE Co.,"19,350","6,69,123",,
CRBN,iShares MSCI ACWI Low Carbon Target ETF,31/07/18,United States — 53.5%,Ball Corp.,"3,150","1,22,756",,
CRBN,iShares MSCI ACWI Low Carbon Target ETF,31/07/18,United States — 53.5%,Bank of America Corp.,"1,10,070","33,98,962",,
CRBN,iShares MSCI ACWI Low Carbon Target ETF,31/07/18,United States — 53.5%,Bank of New York Mellon Corp. (The),"10,620","5,67,851",,
CRBN,iShares MSCI ACWI Low Carbon Target ETF,31/07/18,United States — 53.5%,Baxter International Inc.,"6,136","4,44,553",,
CRBN,iShares MSCI ACWI Low Carbon Target ETF,31/07/18,United States — 53.5%,BB&T Corp.,"8,100","4,11,561",,
CRBN,iShares MSCI ACWI Low Carbon Target ETF,31/07/18,United States — 53.5%,Becton Dickinson and Co.,"3,258","8,15,705",,
CRBN,iShares MSCI ACWI Low Carbon Target ETF,31/07/18,United States — 53.5%,"Berkshire Hathaway Inc., Class B","12,330","24,39,737",,
CRBN,iShares MSCI ACWI Low Carbon Target ETF,31/07/18,United States — 53.5%,Best Buy Co. Inc.,"2,880","2,16,086",,
CRBN,iShares MSCI ACWI Low Carbon Target ETF,31/07/18,United States — 53.5%,Biogen Inc.,"2,160","7,22,239",,
CRBN,iShares MSCI ACWI Low Carbon Target ETF,31/07/18,United States — 53.5%,BioMarin Pharmaceutical Inc.,990,"99,554",,
CRBN,iShares MSCI ACWI Low Carbon Target ETF,31/07/18,United States — 53.5%,BlackRock Inc.,"1,652","8,30,560",,
CRBN,iShares MSCI ACWI Low Carbon Target ETF,31/07/18,United States — 53.5%,Boeing Co. (The),"7,020","25,01,226",,
CRBN,iShares MSCI ACWI Low Carbon Target ETF,31/07/18,United States — 53.5%,Booking Holdings Inc.,630,"12,78,094",,
CRBN,iShares MSCI ACWI Low Carbon Target ETF,31/07/18,United States — 53.5%,BorgWarner Inc.,"1,620","74,552",,
CRBN,iShares MSCI ACWI Low Carbon Target ETF,31/07/18,United States — 53.5%,Boston Properties Inc.,990,"1,24,275",,
CRBN,iShares MSCI ACWI Low Carbon Target ETF,31/07/18,United States — 53.5%,Boston Scientific Corp.,"18,090","6,08,005",,
CRBN,iShares MSCI ACWI Low Carbon Target ETF,31/07/18,United States — 53.5%,Brighthouse Financial Inc.,"1,699","73,788",,
CRBN,iShares MSCI ACWI Low Carbon Target ETF,31/07/18,United States — 53.5%,Bristol-Myers Squibb Co.,"19,170","11,26,237",,
CRBN,iShares MSCI ACWI Low Carbon Target ETF,31/07/18,United States — 53.5%,Broadcom Inc.,"5,220","11,57,639",,
CRBN,iShares MSCI ACWI Low Carbon Target ETF,31/07/18,United States — 53.5%,"Brown-Forman Corp., Class B, NVS","4,095","2,17,936",,
CRBN,iShares MSCI ACWI Low Carbon Target ETF,31/07/18,United States — 53.5%,CA Inc.,"4,950","2,18,840",,
CRBN,iShares MSCI ACWI Low Carbon Target ETF,31/07/18,United States — 53.5%,Capital One Financial Corp.,"6,840","6,45,149",,
CRBN,iShares MSCI ACWI Low Carbon Target ETF,31/07/18,United States — 53.5%,Cardinal Health Inc.,"4,230","2,11,289",,
CRBN,iShares MSCI ACWI Low Carbon Target ETF,31/07/18,United States — 53.5%,CarMax Inc.,"2,430","1,81,472",,
CRBN,iShares MSCI ACWI Low Carbon Target ETF,31/07/18,United States — 53.5%,Caterpillar Inc.,"7,920","11,38,896",,
CRBN,iShares MSCI ACWI Low Carbon Target ETF,31/07/18,United States — 53.5%,"CBRE Group Inc., Class A","7,020","3,49,596",,
CRBN,iShares MSCI ACWI Low Carbon Target ETF,31/07/18,United States — 53.5%,"CBS Corp., Class B, NVS",540,"28,442",,
CRBN,iShares MSCI ACWI Low Carbon Target ETF,31/07/18,United States — 53.5%,Celgene Corp.,"8,010","7,21,621",,
CRBN,iShares MSCI ACWI Low Carbon Target ETF,31/07/18,United States — 53.5%,Centene Corp.,"2,250","2,93,243",,
CRBN,iShares MSCI ACWI Low Carbon Target ETF,31/07/18,United States — 53.5%,CenturyLink Inc.,"10,170","1,90,891",,
CRBN,iShares MSCI ACWI Low Carbon Target ETF,31/07/18,United States — 53.5%,Cerner Corp.,"4,950","3,07,296",,
CRBN,iShares MSCI ACWI Low Carbon Target ETF,31/07/18,United States — 53.5%,CH Robinson Worldwide Inc.,"1,530","1,41,112",,
CRBN,iShares MSCI ACWI Low Carbon Target ETF,31/07/18,United States — 53.5%,Charles Schwab Corp. (The),"11,340","5,79,020",,
CRBN,iShares MSCI ACWI Low Carbon Target ETF,31/07/18,United States — 53.5%,"Charter Communications Inc., Class A","2,208","6,72,513",,
CRBN,iShares MSCI ACWI Low Carbon Target ETF,31/07/18,United States — 53.5%,Chemours Co. (The),"3,600","1,64,916",,
CRBN,iShares MSCI ACWI Low Carbon Target ETF,31/07/18,United States — 53.5%,Cheniere Energy Inc.,"14,130","8,97,255",,
CRBN,iShares MSCI ACWI Low Carbon Target ETF,31/07/18,United States — 53.5%,Chipotle Mexican Grill Inc.,540,"2,34,176",,
CRBN,iShares MSCI ACWI Low Carbon Target ETF,31/07/18,United States — 53.5%,Chubb Ltd.,"4,860","6,79,039",,
CRBN,iShares MSCI ACWI Low Carbon Target ETF,31/07/18,United States — 53.5%,Church & Dwight Co. Inc.,"2,520","1,40,868",,
CRBN,iShares MSCI ACWI Low Carbon Target ETF,31/07/18,United States — 53.5%,Cigna Corp.,"3,240","5,81,321",,
CRBN,iShares MSCI ACWI Low Carbon Target ETF,31/07/18,United States — 53.5%,Cincinnati Financial Corp.,"1,440","1,08,907",,
CRBN,iShares MSCI ACWI Low Carbon Target ETF,31/07/18,United States — 53.5%,Cintas Corp.,"1,710","3,49,661",,
CRBN,iShares MSCI ACWI Low Carbon Target ETF,31/07/18,United States — 53.5%,Cisco Systems Inc.,"60,660","25,65,311",,
CRBN,iShares MSCI ACWI Low Carbon Target ETF,31/07/18,United States — 53.5%,CIT Group Inc.,"4,230","2,23,894",,
CRBN,iShares MSCI ACWI Low Carbon Target ETF,31/07/18,United States — 53.5%,Citigroup Inc.,"30,420","21,86,894",,
CRBN,iShares MSCI ACWI Low Carbon Target ETF,31/07/18,United States — 53.5%,Citizens Financial Group Inc.,"6,660","2,64,935",,
CRBN,iShares MSCI ACWI Low Carbon Target ETF,31/07/18,United States — 53.5%,Citrix Systems Inc.,"2,070","2,27,638",,
CRBN,iShares MSCI ACWI Low Carbon Target ETF,31/07/18,United States — 53.5%,Clorox Co. (The),"1,260","1,70,314",,
CRBN,iShares MSCI ACWI Low Carbon Target ETF,31/07/18,United States — 53.5%,CME Group Inc.,"3,240","5,15,549",,
CRBN,iShares MSCI ACWI Low Carbon Target ETF,31/07/18,United States — 53.5%,Coca-Cola Co. (The),"51,120","23,83,726",,
CRBN,iShares MSCI ACWI Low Carbon Target ETF,31/07/18,United States — 53.5%,"Cognizant Technology Solutions Corp., Class A","8,550","6,96,825",,
CRBN,iShares MSCI ACWI Low Carbon Target ETF,31/07/18,United States — 53.5%,Colgate-Palmolive Co.,"10,440","6,99,584",,
CRBN,iShares MSCI ACWI Low Carbon Target ETF,31/07/18,United States — 53.5%,"Comcast Corp., Class A","53,910","19,28,900",,
CRBN,iShares MSCI ACWI Low Carbon Target ETF,31/07/18,United States — 53.5%,Comerica Inc.,"1,620","1,57,043",,
CRBN,iShares MSCI ACWI Low Carbon Target ETF,31/07/18,United States — 53.5%,Consolidated Edison Inc.,"11,160","8,80,859",,
CRBN,iShares MSCI ACWI Low Carbon Target ETF,31/07/18,United States — 53.5%,"Constellation Brands Inc., Class A","2,790","5,86,542",,
CRBN,iShares MSCI ACWI Low Carbon Target ETF,31/07/18,United States — 53.5%,Cooper Companies Inc. (The),540,"1,40,670",,
CRBN,iShares MSCI ACWI Low Carbon Target ETF,31/07/18,United States — 53.5%,Corning Inc.,"9,540","3,16,537",,
CRBN,iShares MSCI ACWI Low Carbon Target ETF,31/07/18,United States — 53.5%,CoStar Group Inc.(b),"1,080","4,49,118",,
CRBN,iShares MSCI ACWI Low Carbon Target ETF,31/07/18,United States — 53.5%,Costco Wholesale Corp.,"6,390","13,97,557",,
CRBN,iShares MSCI ACWI Low Carbon Target ETF,31/07/18,United States — 53.5%,"Coty Inc., Class A","9,360","1,25,518",,
CRBN,iShares MSCI ACWI Low Carbon Target ETF,31/07/18,United States — 53.5%,Crown Castle International Corp.,"4,950","5,48,608",,
CRBN,iShares MSCI ACWI Low Carbon Target ETF,31/07/18,United States — 53.5%,CSX Corp.,"10,530","7,44,260",,
CRBN,iShares MSCI ACWI Low Carbon Target ETF,31/07/18,United States — 53.5%,Cummins Inc.,"1,440","2,05,646",,
CRBN,iShares MSCI ACWI Low Carbon Target ETF,31/07/18,United States — 53.5%,CVS Health Corp.,"12,780","8,28,911",,
CRBN,iShares MSCI ACWI Low Carbon Target ETF,31/07/18,United States — 53.5%,Danaher Corp.,"7,830","8,03,201",,
CRBN,iShares MSCI ACWI Low Carbon Target ETF,31/07/18,United States — 53.5%,DaVita Inc.,"1,800","1,26,504",,
CRBN,iShares MSCI ACWI Low Carbon Target ETF,31/07/18,United States — 53.5%,Deere & Co.,"3,600","5,21,244",,
CRBN,iShares MSCI ACWI Low Carbon Target ETF,31/07/18,United States — 53.5%,"Dell Technologies Inc., Class V","2,790","2,58,131",,
CRBN,iShares MSCI ACWI Low Carbon Target ETF,31/07/18,United States — 53.5%,DENTSPLY SIRONA Inc.,"3,240","1,55,876",,
CRBN,iShares MSCI ACWI Low Carbon Target ETF,31/07/18,United States — 53.5%,Diamondback Energy Inc.,"4,500","5,93,775",,
CRBN,iShares MSCI ACWI Low Carbon Target ETF,31/07/18,United States — 53.5%,Digital Realty Trust Inc.,"1,365","1,65,738",,
CRBN,iShares MSCI ACWI Low Carbon Target ETF,31/07/18,United States — 53.5%,Discover Financial Services,"4,860","3,47,053",,
CRBN,iShares MSCI ACWI Low Carbon Target ETF,31/07/18,United States — 53.5%,"DISH Network Corp., Class A(a)(b)","2,160","68,170",,
CRBN,iShares MSCI ACWI Low Carbon Target ETF,31/07/18,United States — 53.5%,Dollar General Corp.,"3,690","3,62,173",,
CRBN,iShares MSCI ACWI Low Carbon Target ETF,31/07/18,United States — 53.5%,Dollar Tree Inc.,"3,420","3,12,178",,
CRBN,iShares MSCI ACWI Low Carbon Target ETF,31/07/18,United States — 53.5%,Domino’s Pizza Inc.,630,"1,65,476",,
CRBN,iShares MSCI ACWI Low Carbon Target ETF,31/07/18,United States — 53.5%,Dover Corp.,"2,340","1,94,173",,
CRBN,iShares MSCI ACWI Low Carbon Target ETF,31/07/18,United States — 53.5%,DowDuPont Inc.,"20,070","13,80,214",,
CRBN,iShares MSCI ACWI Low Carbon Target ETF,31/07/18,United States — 53.5%,DR Horton Inc.,"4,770","2,08,449",,
CRBN,iShares MSCI ACWI Low Carbon Target ETF,31/07/18,United States — 53.5%,DXC Technology Co.,"4,500","3,81,330",,
CRBN,iShares MSCI ACWI Low Carbon Target ETF,31/07/18,United States — 53.5%,E*TRADE Financial Corp.,"2,430","1,45,338",,
CRBN,iShares MSCI ACWI Low Carbon Target ETF,31/07/18,United States — 53.5%,Eaton Corp. PLC,"5,760","4,79,059",,
CRBN,iShares MSCI ACWI Low Carbon Target ETF,31/07/18,United States — 53.5%,eBay Inc.,"11,970","4,00,396",,
CRBN,iShares MSCI ACWI Low Carbon Target ETF,31/07/18,United States — 53.5%,Ecolab Inc.,"6,480","9,11,736",,
CRBN,iShares MSCI ACWI Low Carbon Target ETF,31/07/18,United States — 53.5%,Edison International,"9,540","6,35,650",,
CRBN,iShares MSCI ACWI Low Carbon Target ETF,31/07/18,United States — 53.5%,Edwards Lifesciences Corp.,"2,880","4,10,256",,
CRBN,iShares MSCI ACWI Low Carbon Target ETF,31/07/18,United States — 53.5%,Electronic Arts Inc.,"3,510","4,51,912",,
CRBN,iShares MSCI ACWI Low Carbon Target ETF,31/07/18,United States — 53.5%,Eli Lilly & Co.,"11,520","11,38,291",,
CRBN,iShares MSCI ACWI Low Carbon Target ETF,31/07/18,United States — 53.5%,Emerson Electric Co.,"8,640","6,24,499",,
CRBN,iShares MSCI ACWI Low Carbon Target ETF,31/07/18,United States — 53.5%,Equifax Inc.,"1,980","2,48,490",,
CRBN,iShares MSCI ACWI Low Carbon Target ETF,31/07/18,United States — 53.5%,Equinix Inc.,720,"3,16,282",,
CRBN,iShares MSCI ACWI Low Carbon Target ETF,31/07/18,United States — 53.5%,Equity Residential,"5,490","3,59,211",,
CRBN,iShares MSCI ACWI Low Carbon Target ETF,31/07/18,United States — 53.5%,Essex Property Trust Inc.,630,"1,51,484",,
CRBN,iShares MSCI ACWI Low Carbon Target ETF,31/07/18,United States — 53.5%,"Estee Lauder Companies Inc. (The), Class A","3,600","4,85,784",,
CRBN,iShares MSCI ACWI Low Carbon Target ETF,31/07/18,United States — 53.5%,Everest Re Group Ltd.,180,"39,303",,
CRBN,iShares MSCI ACWI Low Carbon Target ETF,31/07/18,United States — 53.5%,Eversource Energy,"27,360","16,61,299",,
CRBN,iShares MSCI ACWI Low Carbon Target ETF,31/07/18,United States — 53.5%,Expedia Group Inc.,"2,160","2,89,094",,
CRBN,iShares MSCI ACWI Low Carbon Target ETF,31/07/18,United States — 53.5%,Expeditors International of Washington Inc.,"5,940","4,52,450",,
CRBN,iShares MSCI ACWI Low Carbon Target ETF,31/07/18,United States — 53.5%,Express Scripts Holding Co.,"8,010","6,36,475",,
CRBN,iShares MSCI ACWI Low Carbon Target ETF,31/07/18,United States — 53.5%,Extra Space Storage Inc.,990,"93,030",,
CRBN,iShares MSCI ACWI Low Carbon Target ETF,31/07/18,United States — 53.5%,"Facebook Inc., Class A","27,900","48,14,982",,
CRBN,iShares MSCI ACWI Low Carbon Target ETF,31/07/18,United States — 53.5%,Fastenal Co.,"4,410","2,51,061",,
CRBN,iShares MSCI ACWI Low Carbon Target ETF,31/07/18,United States — 53.5%,Fidelity National Financial Inc.,"2,790","1,12,995",,
CRBN,iShares MSCI ACWI Low Carbon Target ETF,31/07/18,United States — 53.5%,Fidelity National Information Services Inc.,"4,950","5,10,493",,
CRBN,iShares MSCI ACWI Low Carbon Target ETF,31/07/18,United States — 53.5%,Fifth Third Bancorp,"7,380","2,18,374",,
CRBN,iShares MSCI ACWI Low Carbon Target ETF,31/07/18,United States — 53.5%,"First Data Corp., Class A","4,680","1,08,857",,
CRBN,iShares MSCI ACWI Low Carbon Target ETF,31/07/18,United States — 53.5%,First Republic Bank/CA,810,"80,077",,
CRBN,iShares MSCI ACWI Low Carbon Target ETF,31/07/18,United States — 53.5%,Fiserv Inc.,"6,030","4,55,144",,
CRBN,iShares MSCI ACWI Low Carbon Target ETF,31/07/18,United States — 53.5%,FleetCor Technologies Inc.,"1,710","3,71,070",,
CRBN,iShares MSCI ACWI Low Carbon Target ETF,31/07/18,United States — 53.5%,Flowserve Corp.,"1,350","59,846",,
CRBN,iShares MSCI ACWI Low Carbon Target ETF,31/07/18,United States — 53.5%,Fluor Corp.,"3,960","2,02,950",,
CRBN,iShares MSCI ACWI Low Carbon Target ETF,31/07/18,United States — 53.5%,FMC Corp.,"3,150","2,83,122",,
CRBN,iShares MSCI ACWI Low Carbon Target ETF,31/07/18,United States — 53.5%,Ford Motor Co.,"37,980","3,81,319",,
CRBN,iShares MSCI ACWI Low Carbon Target ETF,31/07/18,United States — 53.5%,Fortinet Inc.,"1,980","1,24,562",,
CRBN,iShares MSCI ACWI Low Carbon Target ETF,31/07/18,United States — 53.5%,Fortive Corp.,"4,860","3,98,909",,
CRBN,iShares MSCI ACWI Low Carbon Target ETF,31/07/18,United States — 53.5%,Franklin Resources Inc.,"5,670","1,94,594",,
CRBN,iShares MSCI ACWI Low Carbon Target ETF,31/07/18,United States — 53.5%,Freeport-McMoRan Inc.,"24,300","4,00,950",,
CRBN,iShares MSCI ACWI Low Carbon Target ETF,31/07/18,United States — 53.5%,Gap Inc. (The),"1,530","46,160",,
CRBN,iShares MSCI ACWI Low Carbon Target ETF,31/07/18,United States — 53.5%,Garmin Ltd.,"1,530","95,549",,
CRBN,iShares MSCI ACWI Low Carbon Target ETF,31/07/18,United States — 53.5%,General Dynamics Corp.,"3,420","6,83,179",,
CRBN,iShares MSCI ACWI Low Carbon Target ETF,31/07/18,United States — 53.5%,General Electric Co.,"1,17,990","16,08,204",,
CRBN,iShares MSCI ACWI Low Carbon Target ETF,31/07/18,United States — 53.5%,General Mills Inc.,"7,110","3,27,487",,
CRBN,iShares MSCI ACWI Low Carbon Target ETF,31/07/18,United States — 53.5%,General Motors Co.,"10,800","4,09,428",,
CRBN,iShares MSCI ACWI Low Carbon Target ETF,31/07/18,United States — 53.5%,Genuine Parts Co.,"1,530","1,48,884",,
CRBN,iShares MSCI ACWI Low Carbon Target ETF,31/07/18,United States — 53.5%,GGP Inc.,"6,570","1,40,072",,
CRBN,iShares MSCI ACWI Low Carbon Target ETF,31/07/18,United States — 53.5%,Gilead Sciences Inc.,"15,120","11,76,790",,
CRBN,iShares MSCI ACWI Low Carbon Target ETF,31/07/18,United States — 53.5%,Global Payments Inc.,"1,800","2,02,626",,
CRBN,iShares MSCI ACWI Low Carbon Target ETF,31/07/18,United States — 53.5%,Goldman Sachs Group Inc. (The),"4,410","10,47,066",,
CRBN,iShares MSCI ACWI Low Carbon Target ETF,31/07/18,United States — 53.5%,Halliburton Co.,"23,850","10,11,717",,
CRBN,iShares MSCI ACWI Low Carbon Target ETF,31/07/18,United States — 53.5%,Harley-Davidson Inc.,"2,520","1,08,083",,
CRBN,iShares MSCI ACWI Low Carbon Target ETF,31/07/18,United States — 53.5%,Harris Corp.,"1,980","3,26,601",,
CRBN,iShares MSCI ACWI Low Carbon Target ETF,31/07/18,United States — 53.5%,Hartford Financial Services Group Inc. (The),"5,760","3,03,552",,
CRBN,iShares MSCI ACWI Low Carbon Target ETF,31/07/18,United States — 53.5%,Hasbro Inc.,"1,620","1,61,368",,
CRBN,iShares MSCI ACWI Low Carbon Target ETF,31/07/18,United States — 53.5%,HCA Healthcare Inc.,"1,170","1,45,349",,
CRBN,iShares MSCI ACWI Low Carbon Target ETF,31/07/18,United States — 53.5%,HCP Inc.,"3,466","89,769",,
CRBN,iShares MSCI ACWI Low Carbon Target ETF,31/07/18,United States — 53.5%,HD Supply Holdings Inc.,"2,340","1,02,913",,
CRBN,iShares MSCI ACWI Low Carbon Target ETF,31/07/18,United States — 53.5%,Helmerich & Payne Inc.,"7,470","4,58,284",,
CRBN,iShares MSCI ACWI Low Carbon Target ETF,31/07/18,United States — 53.5%,Henry Schein Inc.,"1,080","85,763",,
CRBN,iShares MSCI ACWI Low Carbon Target ETF,31/07/18,United States — 53.5%,Hershey Co. (The),"1,530","1,50,261",,
CRBN,iShares MSCI ACWI Low Carbon Target ETF,31/07/18,United States — 53.5%,Hewlett Packard Enterprise Co.,"23,400","3,61,296",,
CRBN,iShares MSCI ACWI Low Carbon Target ETF,31/07/18,United States — 53.5%,HollyFrontier Corp.,"9,720","7,24,918",,
CRBN,iShares MSCI ACWI Low Carbon Target ETF,31/07/18,United States — 53.5%,Hologic Inc.,"2,250","96,548",,
CRBN,iShares MSCI ACWI Low Carbon Target ETF,31/07/18,United States — 53.5%,Home Depot Inc. (The),"13,950","27,55,404",,
CRBN,iShares MSCI ACWI Low Carbon Target ETF,31/07/18,United States — 53.5%,Honeywell International Inc.,"8,640","13,79,376",,
CRBN,iShares MSCI ACWI Low Carbon Target ETF,31/07/18,United States — 53.5%,Host Hotels & Resorts Inc.,"12,420","2,60,075",,
CRBN,iShares MSCI ACWI Low Carbon Target ETF,31/07/18,United States — 53.5%,HP Inc.,"23,310","5,37,995",,
CRBN,iShares MSCI ACWI Low Carbon Target ETF,31/07/18,United States — 53.5%,Humana Inc.,"1,800","5,65,524",,
CRBN,iShares MSCI ACWI Low Carbon Target ETF,31/07/18,United States — 53.5%,Huntington Bancshares Inc./OH,"10,080","1,55,635",,
CRBN,iShares MSCI ACWI Low Carbon Target ETF,31/07/18,United States — 53.5%,Huntington Ingalls Industries Inc.,450,"1,04,873",,
CRBN,iShares MSCI ACWI Low Carbon Target ETF,31/07/18,United States — 53.5%,IDEX Corp.,900,"1,38,222",,
CRBN,iShares MSCI ACWI Low Carbon Target ETF,31/07/18,United States — 53.5%,IDEXX Laboratories Inc.,900,"2,20,437",,
CRBN,iShares MSCI ACWI Low Carbon Target ETF,31/07/18,United States — 53.5%,IHS Markit Ltd.,"7,598","4,02,922",,
CRBN,iShares MSCI ACWI Low Carbon Target ETF,31/07/18,United States — 53.5%,Illinois Tool Works Inc.,"4,770","6,83,684",,
CRBN,iShares MSCI ACWI Low Carbon Target ETF,31/07/18,United States — 53.5%,Illumina Inc.,"1,890","6,13,040",,
CRBN,iShares MSCI ACWI Low Carbon Target ETF,31/07/18,United States — 53.5%,Incyte Corp.,"1,530","1,01,806",,
CRBN,iShares MSCI ACWI Low Carbon Target ETF,31/07/18,United States — 53.5%,Ingersoll-Rand PLC,"3,420","3,36,904",,
CRBN,iShares MSCI ACWI Low Carbon Target ETF,31/07/18,United States — 53.5%,Intel Corp.,"56,520","27,18,612",,
CRBN,iShares MSCI ACWI Low Carbon Target ETF,31/07/18,United States — 53.5%,Intercontinental Exchange Inc.,"5,310","3,92,462",,
CRBN,iShares MSCI ACWI Low Carbon Target ETF,31/07/18,United States — 53.5%,International Business Machines Corp.,"12,060","17,47,856",,
CRBN,iShares MSCI ACWI Low Carbon Target ETF,31/07/18,United States — 53.5%,International Flavors & Fragrances Inc.,"2,610","3,46,504",,
CRBN,iShares MSCI ACWI Low Carbon Target ETF,31/07/18,United States — 53.5%,Interpublic Group of Companies Inc. (The),"2,610","58,856",,
CRBN,iShares MSCI ACWI Low Carbon Target ETF,31/07/18,United States — 53.5%,Intuit Inc.,"3,690","7,53,646",,
CRBN,iShares MSCI ACWI Low Carbon Target ETF,31/07/18,United States — 53.5%,Intuitive Surgical Inc.,"1,620","8,23,268",,
CRBN,iShares MSCI ACWI Low Carbon Target ETF,31/07/18,United States — 53.5%,Invesco Ltd.,"2,880","77,731",,
CRBN,iShares MSCI ACWI Low Carbon Target ETF,31/07/18,United States — 53.5%,IQVIA Holdings Inc.,"1,890","2,30,467",,
CRBN,iShares MSCI ACWI Low Carbon Target ETF,31/07/18,United States — 53.5%,Iron Mountain Inc.,"2,790","97,957",,
CRBN,iShares MSCI ACWI Low Carbon Target ETF,31/07/18,United States — 53.5%,Jacobs Engineering Group Inc.,"6,390","4,32,156",,
CRBN,iShares MSCI ACWI Low Carbon Target ETF,31/07/18,United States — 53.5%,JM Smucker Co. (The),"1,350","1,50,012",,
CRBN,iShares MSCI ACWI Low Carbon Target ETF,31/07/18,United States — 53.5%,Johnson & Johnson,"32,130","42,57,868",,
CRBN,iShares MSCI ACWI Low Carbon Target ETF,31/07/18,United States — 53.5%,Johnson Controls International PLC,"11,070","4,15,236",,
CRBN,iShares MSCI ACWI Low Carbon Target ETF,31/07/18,United States — 53.5%,Jones Lang LaSalle Inc.,990,"1,69,300",,
CRBN,iShares MSCI ACWI Low Carbon Target ETF,31/07/18,United States — 53.5%,JPMorgan Chase & Co.,"37,260","42,83,037",,
CRBN,iShares MSCI ACWI Low Carbon Target ETF,31/07/18,United States — 53.5%,Juniper Networks Inc.,"3,330","87,712",,
CRBN,iShares MSCI ACWI Low Carbon Target ETF,31/07/18,United States — 53.5%,Kellogg Co.,"1,170","83,105",,
CRBN,iShares MSCI ACWI Low Carbon Target ETF,31/07/18,United States — 53.5%,KeyCorp.,"8,280","1,72,804",,
CRBN,iShares MSCI ACWI Low Carbon Target ETF,31/07/18,United States — 53.5%,Kimco Realty Corp.,"8,640","1,44,202",,
CRBN,iShares MSCI ACWI Low Carbon Target ETF,31/07/18,United States — 53.5%,Kinder Morgan Inc./DE,"23,400","4,16,052",,
CRBN,iShares MSCI ACWI Low Carbon Target ETF,31/07/18,United States — 53.5%,KLA-Tencor Corp.,"1,800","2,11,356",,
CRBN,iShares MSCI ACWI Low Carbon Target ETF,31/07/18,United States — 53.5%,Kohl’s Corp.,990,"73,131",,
CRBN,iShares MSCI ACWI Low Carbon Target ETF,31/07/18,United States — 53.5%,Kraft Heinz Co. (The),"10,620","6,39,855",,
CRBN,iShares MSCI ACWI Low Carbon Target ETF,31/07/18,United States — 53.5%,L Brands Inc.,"3,330","1,05,461",,
CRBN,iShares MSCI ACWI Low Carbon Target ETF,31/07/18,United States — 53.5%,L3 Technologies Inc.,"1,170","2,50,895",,
CRBN,iShares MSCI ACWI Low Carbon Target ETF,31/07/18,United States — 53.5%,Laboratory Corp. of America Holdings,990,"1,73,587",,
CRBN,iShares MSCI ACWI Low Carbon Target ETF,31/07/18,United States — 53.5%,Lam Research Corp.,"1,890","3,60,310",,
CRBN,iShares MSCI ACWI Low Carbon Target ETF,31/07/18,United States — 53.5%,Las Vegas Sands Corp.,"6,570","4,72,383",,
CRBN,iShares MSCI ACWI Low Carbon Target ETF,31/07/18,United States — 53.5%,Leidos Holdings Inc.,"1,431","97,909",,
CRBN,iShares MSCI ACWI Low Carbon Target ETF,31/07/18,United States — 53.5%,"Lennar Corp., Class A","3,420","1,78,763",,
CRBN,iShares MSCI ACWI Low Carbon Target ETF,31/07/18,United States — 53.5%,Lennox International Inc.,450,"97,686",,
CRBN,iShares MSCI ACWI Low Carbon Target ETF,31/07/18,United States — 53.5%,"Liberty Global PLC, Series A","4,680","1,32,116",,
CRBN,iShares MSCI ACWI Low Carbon Target ETF,31/07/18,United States — 53.5%,"Liberty Media Corp.-Liberty Formula One, Class C, NVS","3,330","1,17,383",,
CRBN,iShares MSCI ACWI Low Carbon Target ETF,31/07/18,United States — 53.5%,"Liberty Media Corp.-Liberty SiriusXM, Class C, NVS",90,"4,251",,
CRBN,iShares MSCI ACWI Low Carbon Target ETF,31/07/18,United States — 53.5%,Lincoln National Corp.,"4,140","2,81,934",,
CRBN,iShares MSCI ACWI Low Carbon Target ETF,31/07/18,United States — 53.5%,LKQ Corp.(b),"3,510","1,17,655",,
CRBN,iShares MSCI ACWI Low Carbon Target ETF,31/07/18,United States — 53.5%,Lockheed Martin Corp.,"2,700","8,80,470",,
CRBN,iShares MSCI ACWI Low Carbon Target ETF,31/07/18,United States — 53.5%,Lowe’s Companies Inc.,"9,540","9,47,704",,
CRBN,iShares MSCI ACWI Low Carbon Target ETF,31/07/18,United States — 53.5%,Lululemon Athletica Inc.,"1,440","1,72,728",,
CRBN,iShares MSCI ACWI Low Carbon Target ETF,31/07/18,United States — 53.5%,M&T Bank Corp.,"1,620","2,80,827",,
CRBN,iShares MSCI ACWI Low Carbon Target ETF,31/07/18,United States — 53.5%,Macerich Co. (The),990,"58,469",,
CRBN,iShares MSCI ACWI Low Carbon Target ETF,31/07/18,United States — 53.5%,ManpowerGroup Inc.,"2,070","1,93,048",,
CRBN,iShares MSCI ACWI Low Carbon Target ETF,31/07/18,United States — 53.5%,Marathon Petroleum Corp.,"8,370","6,76,547",,
CRBN,iShares MSCI ACWI Low Carbon Target ETF,31/07/18,United States — 53.5%,"Marriott International Inc./MD, Class A",810,"1,03,550",,
CRBN,iShares MSCI ACWI Low Carbon Target ETF,31/07/18,United States — 53.5%,Marsh & McLennan Companies Inc.,"7,650","6,37,704",,
CRBN,iShares MSCI ACWI Low Carbon Target ETF,31/07/18,United States — 53.5%,Marvell Technology Group Ltd.,"8,550","1,82,201",,
CRBN,iShares MSCI ACWI Low Carbon Target ETF,31/07/18,United States — 53.5%,Masco Corp.,"5,040","2,03,263",,
CRBN,iShares MSCI ACWI Low Carbon Target ETF,31/07/18,United States — 53.5%,"Mastercard Inc., Class A","10,946","21,67,308",,
CRBN,iShares MSCI ACWI Low Carbon Target ETF,31/07/18,United States — 53.5%,Mattel Inc.,"6,210","98,553",,
CRBN,iShares MSCI ACWI Low Carbon Target ETF,31/07/18,United States — 53.5%,Maxim Integrated Products Inc.,"3,870","2,36,612",,
CRBN,iShares MSCI ACWI Low Carbon Target ETF,31/07/18,United States — 53.5%,"McCormick & Co. Inc./MD, NVS","2,160","2,53,886",,
CRBN,iShares MSCI ACWI Low Carbon Target ETF,31/07/18,United States — 53.5%,McDonald’s Corp.,"9,450","14,88,753",,
CRBN,iShares MSCI ACWI Low Carbon Target ETF,31/07/18,United States — 53.5%,McKesson Corp.,"2,880","3,61,728",,
CRBN,iShares MSCI ACWI Low Carbon Target ETF,31/07/18,United States — 53.5%,Medtronic PLC,"15,390","13,88,640",,
CRBN,iShares MSCI ACWI Low Carbon Target ETF,31/07/18,United States — 53.5%,MercadoLibre Inc.,540,"1,85,171",,
CRBN,iShares MSCI ACWI Low Carbon Target ETF,31/07/18,United States — 53.5%,Merck & Co. Inc.,"32,490","21,40,116",,
CRBN,iShares MSCI ACWI Low Carbon Target ETF,31/07/18,United States — 53.5%,MetLife Inc.,"12,780","5,84,557",,
CRBN,iShares MSCI ACWI Low Carbon Target ETF,31/07/18,United States — 53.5%,Mettler-Toledo International Inc.,180,"1,06,652",,
CRBN,iShares MSCI ACWI Low Carbon Target ETF,31/07/18,United States — 53.5%,MGM Resorts International,"8,820","2,76,683",,
CRBN,iShares MSCI ACWI Low Carbon Target ETF,31/07/18,United States — 53.5%,Michael Kors Holdings Ltd.,"2,430","1,62,154",,
CRBN,iShares MSCI ACWI Low Carbon Target ETF,31/07/18,United States — 53.5%,Microchip Technology Inc.,"2,970","2,77,487",,
CRBN,iShares MSCI ACWI Low Carbon Target ETF,31/07/18,United States — 53.5%,Micron Technology Inc.,"14,040","7,41,172",,
CRBN,iShares MSCI ACWI Low Carbon Target ETF,31/07/18,United States — 53.5%,Microsoft Corp.,"85,770","90,98,482",,
CRBN,iShares MSCI ACWI Low Carbon Target ETF,31/07/18,United States — 53.5%,Mid-America Apartment Communities Inc.,990,"99,772",,
CRBN,iShares MSCI ACWI Low Carbon Target ETF,31/07/18,United States — 53.5%,Middleby Corp. (The),450,"46,116",,
CRBN,iShares MSCI ACWI Low Carbon Target ETF,31/07/18,United States — 53.5%,"Molson Coors Brewing Co., Class B","2,790","1,86,930",,
CRBN,iShares MSCI ACWI Low Carbon Target ETF,31/07/18,United States — 53.5%,"Mondelez International Inc., Class A","17,820","7,73,032",,
CRBN,iShares MSCI ACWI Low Carbon Target ETF,31/07/18,United States — 53.5%,Monster Beverage Corp.,"6,750","4,05,135",,
CRBN,iShares MSCI ACWI Low Carbon Target ETF,31/07/18,United States — 53.5%,Moody’s Corp.,"2,430","4,15,822",,
CRBN,iShares MSCI ACWI Low Carbon Target ETF,31/07/18,United States — 53.5%,Morgan Stanley,"14,850","7,50,816",,
CRBN,iShares MSCI ACWI Low Carbon Target ETF,31/07/18,United States — 53.5%,Motorola Solutions Inc.,990,"1,20,087",,
CRBN,iShares MSCI ACWI Low Carbon Target ETF,31/07/18,United States — 53.5%,Mylan NV,"5,040","1,88,042",,
CRBN,iShares MSCI ACWI Low Carbon Target ETF,31/07/18,United States — 53.5%,Nasdaq Inc.,"1,530","1,39,842",,
CRBN,iShares MSCI ACWI Low Carbon Target ETF,31/07/18,United States — 53.5%,National Oilwell Varco Inc.,"16,830","8,18,275",,
CRBN,iShares MSCI ACWI Low Carbon Target ETF,31/07/18,United States — 53.5%,NetApp Inc.,"4,230","3,27,910",,
CRBN,iShares MSCI ACWI Low Carbon Target ETF,31/07/18,United States — 53.5%,Netflix Inc.,"5,490","18,52,600",,
CRBN,iShares MSCI ACWI Low Carbon Target ETF,31/07/18,United States — 53.5%,Newell Brands Inc.,"5,490","1,43,783",,
CRBN,iShares MSCI ACWI Low Carbon Target ETF,31/07/18,United States — 53.5%,"News Corp., Class A, NVS","8,281","1,24,795",,
CRBN,iShares MSCI ACWI Low Carbon Target ETF,31/07/18,United States — 53.5%,Nielsen Holdings PLC,"7,020","1,65,391",,
CRBN,iShares MSCI ACWI Low Carbon Target ETF,31/07/18,United States — 53.5%,"NIKE Inc., Class B","16,200","12,45,942",,
CRBN,iShares MSCI ACWI Low Carbon Target ETF,31/07/18,United States — 53.5%,Nordstrom Inc.,"1,170","61,320",,
CRBN,iShares MSCI ACWI Low Carbon Target ETF,31/07/18,United States — 53.5%,Norfolk Southern Corp.,"2,970","5,01,930",,
CRBN,iShares MSCI ACWI Low Carbon Target ETF,31/07/18,United States — 53.5%,Northern Trust Corp.,"1,800","1,96,596",,
CRBN,iShares MSCI ACWI Low Carbon Target ETF,31/07/18,United States — 53.5%,Northrop Grumman Corp.,"2,250","6,76,102",,
CRBN,iShares MSCI ACWI Low Carbon Target ETF,31/07/18,United States — 53.5%,NVIDIA Corp.,"7,200","17,62,992",,
CRBN,iShares MSCI ACWI Low Carbon Target ETF,31/07/18,United States — 53.5%,O’Reilly Automotive Inc.,"1,260","3,85,560",,
CRBN,iShares MSCI ACWI Low Carbon Target ETF,31/07/18,United States — 53.5%,Old Dominion Freight Line Inc.,"1,530","2,24,604",,
CRBN,iShares MSCI ACWI Low Carbon Target ETF,31/07/18,United States — 53.5%,Omnicom Group Inc.,"1,890","1,30,089",,
CRBN,iShares MSCI ACWI Low Carbon Target ETF,31/07/18,United States — 53.5%,ONEOK Inc.,"34,110","24,02,708",,
CRBN,iShares MSCI ACWI Low Carbon Target ETF,31/07/18,United States — 53.5%,Oracle Corp.,"37,170","17,72,266",,
CRBN,iShares MSCI ACWI Low Carbon Target ETF,31/07/18,United States — 53.5%,PACCAR Inc.,"3,780","2,48,422",,
CRBN,iShares MSCI ACWI Low Carbon Target ETF,31/07/18,United States — 53.5%,Palo Alto Networks Inc.,900,"1,78,434",,
CRBN,iShares MSCI ACWI Low Carbon Target ETF,31/07/18,United States — 53.5%,Parker-Hannifin Corp.,"1,890","3,19,505",,
CRBN,iShares MSCI ACWI Low Carbon Target ETF,31/07/18,United States — 53.5%,Paychex Inc.,"6,570","4,53,461",,
CRBN,iShares MSCI ACWI Low Carbon Target ETF,31/07/18,United States — 53.5%,PayPal Holdings Inc.,"14,490","11,90,209",,
CRBN,iShares MSCI ACWI Low Carbon Target ETF,31/07/18,United States — 53.5%,Pentair PLC,"2,430","1,08,500",,
CRBN,iShares MSCI ACWI Low Carbon Target ETF,31/07/18,United States — 53.5%,People’s United Financial Inc.,"14,220","2,59,231",,
CRBN,iShares MSCI ACWI Low Carbon Target ETF,31/07/18,United States — 53.5%,PepsiCo Inc.,"15,210","17,49,150",,
CRBN,iShares MSCI ACWI Low Carbon Target ETF,31/07/18,United States — 53.5%,Perrigo Co. PLC,"1,530","1,23,196",,
CRBN,iShares MSCI ACWI Low Carbon Target ETF,31/07/18,United States — 53.5%,Pfizer Inc.,"70,830","28,28,242",,
CRBN,iShares MSCI ACWI Low Carbon Target ETF,31/07/18,United States — 53.5%,PG&E Corp.,"7,920","3,41,194",,
CRBN,iShares MSCI ACWI Low Carbon Target ETF,31/07/18,United States — 53.5%,Philip Morris International Inc.,"19,710","17,00,973",,
CRBN,iShares MSCI ACWI Low Carbon Target ETF,31/07/18,United States — 53.5%,Phillips 66,"21,330","26,30,842",,
CRBN,iShares MSCI ACWI Low Carbon Target ETF,31/07/18,United States — 53.5%,Pioneer Natural Resources Co.,"3,600","6,81,372",,
CRBN,iShares MSCI ACWI Low Carbon Target ETF,31/07/18,United States — 53.5%,PNC Financial Services Group Inc. (The),"6,120","8,86,360",,
CRBN,iShares MSCI ACWI Low Carbon Target ETF,31/07/18,United States — 53.5%,Polaris Industries Inc.,990,"1,04,366",,
CRBN,iShares MSCI ACWI Low Carbon Target ETF,31/07/18,United States — 53.5%,PPG Industries Inc.,"6,030","6,67,280",,
CRBN,iShares MSCI ACWI Low Carbon Target ETF,31/07/18,United States — 53.5%,Principal Financial Group Inc.,"5,490","3,18,859",,
CRBN,iShares MSCI ACWI Low Carbon Target ETF,31/07/18,United States — 53.5%,Procter & Gamble Co. (The),"30,330","24,53,090",,
CRBN,iShares MSCI ACWI Low Carbon Target ETF,31/07/18,United States — 53.5%,Progressive Corp. (The),"6,660","3,99,667",,
CRBN,iShares MSCI ACWI Low Carbon Target ETF,31/07/18,United States — 53.5%,Prologis Inc.,"8,010","5,25,616",,
CRBN,iShares MSCI ACWI Low Carbon Target ETF,31/07/18,United States — 53.5%,Prudential Financial Inc.,"6,660","6,72,061",,
CRBN,iShares MSCI ACWI Low Carbon Target ETF,31/07/18,United States — 53.5%,Public Storage,"1,620","3,52,885",,
CRBN,iShares MSCI ACWI Low Carbon Target ETF,31/07/18,United States — 53.5%,PulteGroup Inc.,"4,500","1,28,205",,
CRBN,iShares MSCI ACWI Low Carbon Target ETF,31/07/18,United States — 53.5%,PVH Corp.,"1,170","1,79,618",,
CRBN,iShares MSCI ACWI Low Carbon Target ETF,31/07/18,United States — 53.5%,Qorvo Inc.,990,"80,942",,
CRBN,iShares MSCI ACWI Low Carbon Target ETF,31/07/18,United States — 53.5%,QUALCOMM Inc.,"19,080","12,22,837",,
CRBN,iShares MSCI ACWI Low Carbon Target ETF,31/07/18,United States — 53.5%,Quest Diagnostics Inc.,"1,620","1,74,506",,
CRBN,iShares MSCI ACWI Low Carbon Target ETF,31/07/18,United States — 53.5%,Qurate Retail Inc.,"5,850","1,24,547",,
CRBN,iShares MSCI ACWI Low Carbon Target ETF,31/07/18,United States — 53.5%,Ralph Lauren Corp.,"1,170","1,57,927",,
CRBN,iShares MSCI ACWI Low Carbon Target ETF,31/07/18,United States — 53.5%,Raytheon Co.,"4,140","8,19,844",,
CRBN,iShares MSCI ACWI Low Carbon Target ETF,31/07/18,United States — 53.5%,Realty Income Corp.,"2,160","1,20,463",,
CRBN,iShares MSCI ACWI Low Carbon Target ETF,31/07/18,United States — 53.5%,Red Hat Inc.,"2,430","3,43,189",,
CRBN,iShares MSCI ACWI Low Carbon Target ETF,31/07/18,United States — 53.5%,Regeneron Pharmaceuticals Inc.,630,"2,31,846",,
CRBN,iShares MSCI ACWI Low Carbon Target ETF,31/07/18,United States — 53.5%,Regions Financial Corp.,"14,220","2,64,634",,
CRBN,iShares MSCI ACWI Low Carbon Target ETF,31/07/18,United States — 53.5%,ResMed Inc.,"1,620","1,71,364",,
CRBN,iShares MSCI ACWI Low Carbon Target ETF,31/07/18,United States — 53.5%,Robert Half International Inc.,"2,790","2,11,370",,
CRBN,iShares MSCI ACWI Low Carbon Target ETF,31/07/18,United States — 53.5%,Rockwell Automation Inc.,"2,070","3,88,249",,
CRBN,iShares MSCI ACWI Low Carbon Target ETF,31/07/18,United States — 53.5%,Rockwell Collins Inc.,"1,999","2,77,841",,
CRBN,iShares MSCI ACWI Low Carbon Target ETF,31/07/18,United States — 53.5%,Rollins Inc.,"2,070","1,13,726",,
CRBN,iShares MSCI ACWI Low Carbon Target ETF,31/07/18,United States — 53.5%,Roper Technologies Inc.,"1,710","5,16,249",,
CRBN,iShares MSCI ACWI Low Carbon Target ETF,31/07/18,United States — 53.5%,Ross Stores Inc.,"5,130","4,48,516",,
CRBN,iShares MSCI ACWI Low Carbon Target ETF,31/07/18,United States — 53.5%,S&P Global Inc.,"3,330","6,67,465",,
CRBN,iShares MSCI ACWI Low Carbon Target ETF,31/07/18,United States — 53.5%,Sabre Corp.,"3,870","95,279",,
CRBN,iShares MSCI ACWI Low Carbon Target ETF,31/07/18,United States — 53.5%,salesforce.com Inc.,"8,550","11,72,632",,
CRBN,iShares MSCI ACWI Low Carbon Target ETF,31/07/18,United States — 53.5%,SBA Communications Corp.,"1,710","2,70,608",,
CRBN,iShares MSCI ACWI Low Carbon Target ETF,31/07/18,United States — 53.5%,Schlumberger Ltd.,"28,980","19,56,730",,
CRBN,iShares MSCI ACWI Low Carbon Target ETF,31/07/18,United States — 53.5%,Seagate Technology PLC,"2,340","1,23,131",,
CRBN,iShares MSCI ACWI Low Carbon Target ETF,31/07/18,United States — 53.5%,Sealed Air Corp.,"3,690","1,62,618",,
CRBN,iShares MSCI ACWI Low Carbon Target ETF,31/07/18,United States — 53.5%,Sempra Energy,"5,580","6,44,992",,
CRBN,iShares MSCI ACWI Low Carbon Target ETF,31/07/18,United States — 53.5%,ServiceNow Inc.,"2,790","4,90,928",,
CRBN,iShares MSCI ACWI Low Carbon Target ETF,31/07/18,United States — 53.5%,Sherwin-Williams Co. (The),"1,890","8,32,980",,
CRBN,iShares MSCI ACWI Low Carbon Target ETF,31/07/18,United States — 53.5%,Simon Property Group Inc.,"4,230","7,45,368",,
CRBN,iShares MSCI ACWI Low Carbon Target ETF,31/07/18,United States — 53.5%,Skyworks Solutions Inc.,"1,710","1,61,732",,
CRBN,iShares MSCI ACWI Low Carbon Target ETF,31/07/18,United States — 53.5%,SL Green Realty Corp.,990,"1,02,079",,
CRBN,iShares MSCI ACWI Low Carbon Target ETF,31/07/18,United States — 53.5%,Snap-on Inc.,630,"1,06,842",,
CRBN,iShares MSCI ACWI Low Carbon Target ETF,31/07/18,United States — 53.5%,"Spirit AeroSystems Holdings Inc., Class A","1,710","1,59,458",,
CRBN,iShares MSCI ACWI Low Carbon Target ETF,31/07/18,United States — 53.5%,Splunk Inc.,"1,980","1,90,278",,
CRBN,iShares MSCI ACWI Low Carbon Target ETF,31/07/18,United States — 53.5%,Sprint Corp. (a)(b),"10,080","54,734",,
CRBN,iShares MSCI ACWI Low Carbon Target ETF,31/07/18,United States — 53.5%,"Square Inc., Class A","3,870","2,50,196",,
CRBN,iShares MSCI ACWI Low Carbon Target ETF,31/07/18,United States — 53.5%,Stanley Black & Decker Inc.,"2,250","3,36,308",,
CRBN,iShares MSCI ACWI Low Carbon Target ETF,31/07/18,United States — 53.5%,Starbucks Corp.,"18,090","9,47,735",,
CRBN,iShares MSCI ACWI Low Carbon Target ETF,31/07/18,United States — 53.5%,State Street Corp.,"4,555","4,02,252",,
CRBN,iShares MSCI ACWI Low Carbon Target ETF,31/07/18,United States — 53.5%,Stryker Corp.,"3,150","5,14,237",,
CRBN,iShares MSCI ACWI Low Carbon Target ETF,31/07/18,United States — 53.5%,SunTrust Banks Inc.,"7,020","5,05,931",,
CRBN,iShares MSCI ACWI Low Carbon Target ETF,31/07/18,United States — 53.5%,SVB Financial Group(b),540,"1,66,255",,
CRBN,iShares MSCI ACWI Low Carbon Target ETF,31/07/18,United States — 53.5%,Symantec Corp.,"7,380","1,49,224",,
CRBN,iShares MSCI ACWI Low Carbon Target ETF,31/07/18,United States — 53.5%,Synchrony Financial,"10,350","2,99,529",,
CRBN,iShares MSCI ACWI Low Carbon Target ETF,31/07/18,United States — 53.5%,Sysco Corp.,"8,730","5,86,743",,
CRBN,iShares MSCI ACWI Low Carbon Target ETF,31/07/18,United States — 53.5%,T-Mobile U.S. Inc.,810,"48,600",,
CRBN,iShares MSCI ACWI Low Carbon Target ETF,31/07/18,United States — 53.5%,T Rowe Price Group Inc.,"3,600","4,28,688",,
CRBN,iShares MSCI ACWI Low Carbon Target ETF,31/07/18,United States — 53.5%,Take-Two Interactive Software Inc.,"1,620","1,83,092",,
CRBN,iShares MSCI ACWI Low Carbon Target ETF,31/07/18,United States — 53.5%,Tapestry Inc.,"3,780","1,78,114",,
CRBN,iShares MSCI ACWI Low Carbon Target ETF,31/07/18,United States — 53.5%,Target Corp.,"6,030","4,86,500",,
CRBN,iShares MSCI ACWI Low Carbon Target ETF,31/07/18,United States — 53.5%,TD Ameritrade Holding Corp.,"3,240","1,85,166",,
CRBN,iShares MSCI ACWI Low Carbon Target ETF,31/07/18,United States — 53.5%,TE Connectivity Ltd.,"5,490","5,13,699",,
CRBN,iShares MSCI ACWI Low Carbon Target ETF,31/07/18,United States — 53.5%,TechnipFMC PLC,"22,320","7,26,516",,
CRBN,iShares MSCI ACWI Low Carbon Target ETF,31/07/18,United States — 53.5%,Teleflex Inc.,540,"1,47,263",,
CRBN,iShares MSCI ACWI Low Carbon Target ETF,31/07/18,United States — 53.5%,Tesla Inc. (a)(b),"2,250","6,70,815",,
CRBN,iShares MSCI ACWI Low Carbon Target ETF,31/07/18,United States — 53.5%,Texas Instruments Inc.,"14,130","15,72,952",,
CRBN,iShares MSCI ACWI Low Carbon Target ETF,31/07/18,United States — 53.5%,Textron Inc.,"3,060","2,08,906",,
CRBN,iShares MSCI ACWI Low Carbon Target ETF,31/07/18,United States — 53.5%,Thermo Fisher Scientific Inc.,"4,860","11,39,816",,
CRBN,iShares MSCI ACWI Low Carbon Target ETF,31/07/18,United States — 53.5%,Tiffany & Co.,"1,800","2,47,608",,
CRBN,iShares MSCI ACWI Low Carbon Target ETF,31/07/18,United States — 53.5%,TJX Companies Inc. (The),"8,100","7,87,806",,
CRBN,iShares MSCI ACWI Low Carbon Target ETF,31/07/18,United States — 53.5%,Toll Brothers Inc.,"3,150","1,11,069",,
CRBN,iShares MSCI ACWI Low Carbon Target ETF,31/07/18,United States — 53.5%,Total System Services Inc.,"2,430","2,22,442",,
CRBN,iShares MSCI ACWI Low Carbon Target ETF,31/07/18,United States — 53.5%,Tractor Supply Co.,"1,260","98,330",,
CRBN,iShares MSCI ACWI Low Carbon Target ETF,31/07/18,United States — 53.5%,TransDigm Group Inc.,720,"2,70,389",,
CRBN,iShares MSCI ACWI Low Carbon Target ETF,31/07/18,United States — 53.5%,Travelers Companies Inc. (The),"3,690","4,80,217",,
CRBN,iShares MSCI ACWI Low Carbon Target ETF,31/07/18,United States — 53.5%,Trimble Inc.,"3,150","1,11,195",,
CRBN,iShares MSCI ACWI Low Carbon Target ETF,31/07/18,United States — 53.5%,TripAdvisor Inc.,"2,250","1,30,478",,
CRBN,iShares MSCI ACWI Low Carbon Target ETF,31/07/18,United States — 53.5%,"Twenty-First Century Fox Inc., Class A, NVS","12,780","5,75,100",,
CRBN,iShares MSCI ACWI Low Carbon Target ETF,31/07/18,United States — 53.5%,"Twenty-First Century Fox Inc., Class B","3,510","1,55,914",,
CRBN,iShares MSCI ACWI Low Carbon Target ETF,31/07/18,United States — 53.5%,Twitter Inc.,"7,740","2,46,674",,
CRBN,iShares MSCI ACWI Low Carbon Target ETF,31/07/18,United States — 53.5%,U.S. Bancorp,"11,250","5,96,362",,
CRBN,iShares MSCI ACWI Low Carbon Target ETF,31/07/18,United States — 53.5%,UDR Inc.,"2,520","96,970",,
CRBN,iShares MSCI ACWI Low Carbon Target ETF,31/07/18,United States — 53.5%,Ulta Salon Cosmetics & Fragrance Inc.,810,"1,97,956",,
CRBN,iShares MSCI ACWI Low Carbon Target ETF,31/07/18,United States — 53.5%,Union Pacific Corp.,"9,450","14,16,460",,
CRBN,iShares MSCI ACWI Low Carbon Target ETF,31/07/18,United States — 53.5%,"United Parcel Service Inc., Class B","6,300","7,55,307",,
CRBN,iShares MSCI ACWI Low Carbon Target ETF,31/07/18,United States — 53.5%,United Rentals Inc.,"1,530","2,27,664",,
CRBN,iShares MSCI ACWI Low Carbon Target ETF,31/07/18,United States — 53.5%,United Technologies Corp.,"10,260","13,92,692",,
CRBN,iShares MSCI ACWI Low Carbon Target ETF,31/07/18,United States — 53.5%,United Therapeutics Corp.,360,"44,248",,
CRBN,iShares MSCI ACWI Low Carbon Target ETF,31/07/18,United States — 53.5%,UnitedHealth Group Inc.,"10,800","27,34,776",,
CRBN,iShares MSCI ACWI Low Carbon Target ETF,31/07/18,United States — 53.5%,Unum Group,"2,250","89,393",,
CRBN,iShares MSCI ACWI Low Carbon Target ETF,31/07/18,United States — 53.5%,Vail Resorts Inc.,630,"1,74,428",,
CRBN,iShares MSCI ACWI Low Carbon Target ETF,31/07/18,United States — 53.5%,Valero Energy Corp.,"15,660","18,53,361",,
CRBN,iShares MSCI ACWI Low Carbon Target ETF,31/07/18,United States — 53.5%,Varian Medical Systems Inc.,900,"1,03,905",,
CRBN,iShares MSCI ACWI Low Carbon Target ETF,31/07/18,United States — 53.5%,"Veeva Systems Inc., Class A","1,530","1,15,714",,
CRBN,iShares MSCI ACWI Low Carbon Target ETF,31/07/18,United States — 53.5%,Ventas Inc.,"2,430","1,37,003",,
CRBN,iShares MSCI ACWI Low Carbon Target ETF,31/07/18,United States — 53.5%,VEREIT Inc.,"13,050","99,572",,
CRBN,iShares MSCI ACWI Low Carbon Target ETF,31/07/18,United States — 53.5%,Verisk Analytics Inc.,"4,050","4,48,011",,
CRBN,iShares MSCI ACWI Low Carbon Target ETF,31/07/18,United States — 53.5%,Verizon Communications Inc.,"46,800","24,16,752",,
CRBN,iShares MSCI ACWI Low Carbon Target ETF,31/07/18,United States — 53.5%,Vertex Pharmaceuticals Inc.,"2,790","4,88,389",,
CRBN,iShares MSCI ACWI Low Carbon Target ETF,31/07/18,United States — 53.5%,VF Corp.,"4,770","4,39,174",,
CRBN,iShares MSCI ACWI Low Carbon Target ETF,31/07/18,United States — 53.5%,"Viacom Inc., Class B, NVS","1,620","47,061",,
CRBN,iShares MSCI ACWI Low Carbon Target ETF,31/07/18,United States — 53.5%,"Visa Inc., Class A","20,449","27,96,196",,
CRBN,iShares MSCI ACWI Low Carbon Target ETF,31/07/18,United States — 53.5%,"VMware Inc., Class A","1,350","1,95,197",,
CRBN,iShares MSCI ACWI Low Carbon Target ETF,31/07/18,United States — 53.5%,Voya Financial Inc.,"3,960","2,00,059",,
CRBN,iShares MSCI ACWI Low Carbon Target ETF,31/07/18,United States — 53.5%,Vulcan Materials Co.,"2,610","2,92,320",,
CRBN,iShares MSCI ACWI Low Carbon Target ETF,31/07/18,United States — 53.5%,WABCO Holdings Inc.,450,"56,556",,
CRBN,iShares MSCI ACWI Low Carbon Target ETF,31/07/18,United States — 53.5%,Wabtec Corp./DE,810,"89,359",,
CRBN,iShares MSCI ACWI Low Carbon Target ETF,31/07/18,United States — 53.5%,Walmart Inc.,"17,010","15,17,802",,
CRBN,iShares MSCI ACWI Low Carbon Target ETF,31/07/18,United States — 53.5%,Walgreens Boots Alliance Inc.,"12,150","8,21,583",,
CRBN,iShares MSCI ACWI Low Carbon Target ETF,31/07/18,United States — 53.5%,Walt Disney Co. (The),"18,270","20,74,741",,
CRBN,iShares MSCI ACWI Low Carbon Target ETF,31/07/18,United States — 53.5%,Waters Corp.,900,"1,77,543",,
CRBN,iShares MSCI ACWI Low Carbon Target ETF,31/07/18,United States — 53.5%,Wells Fargo & Co.,"53,550","30,67,879",,
CRBN,iShares MSCI ACWI Low Carbon Target ETF,31/07/18,United States — 53.5%,Welltower Inc.,"5,850","3,66,210",,
CRBN,iShares MSCI ACWI Low Carbon Target ETF,31/07/18,United States — 53.5%,Western Digital Corp.,"3,510","2,46,227",,
CRBN,iShares MSCI ACWI Low Carbon Target ETF,31/07/18,United States — 53.5%,Western Union Co. (The),"6,300","1,27,008",,
CRBN,iShares MSCI ACWI Low Carbon Target ETF,31/07/18,United States — 53.5%,Weyerhaeuser Co.,"12,510","4,27,592",,
CRBN,iShares MSCI ACWI Low Carbon Target ETF,31/07/18,United States — 53.5%,Whirlpool Corp.,450,"58,995",,
CRBN,iShares MSCI ACWI Low Carbon Target ETF,31/07/18,United States — 53.5%,Willis Towers Watson PLC,"1,350","2,15,217",,
CRBN,iShares MSCI ACWI Low Carbon Target ETF,31/07/18,United States — 53.5%,"Workday Inc., Class A","1,620","2,00,912",,
CRBN,iShares MSCI ACWI Low Carbon Target ETF,31/07/18,United States — 53.5%,"Worldpay Inc., Class A","3,376","2,77,473",,
CRBN,iShares MSCI ACWI Low Carbon Target ETF,31/07/18,United States — 53.5%,WW Grainger Inc.,720,"2,49,523",,
CRBN,iShares MSCI ACWI Low Carbon Target ETF,31/07/18,United States — 53.5%,Wynn Resorts Ltd.,"1,440","2,40,163",,
CRBN,iShares MSCI ACWI Low Carbon Target ETF,31/07/18,United States — 53.5%,Xerox Corp.,"4,050","1,05,179",,
CRBN,iShares MSCI ACWI Low Carbon Target ETF,31/07/18,United States — 53.5%,Xilinx Inc.,"4,230","3,04,856",,
CRBN,iShares MSCI ACWI Low Carbon Target ETF,31/07/18,United States — 53.5%,XL Group Ltd,"3,150","1,77,125",,
CRBN,iShares MSCI ACWI Low Carbon Target ETF,31/07/18,United States — 53.5%,Xylem Inc./NY,"6,570","5,02,999",,
CRBN,iShares MSCI ACWI Low Carbon Target ETF,31/07/18,United States — 53.5%,Zayo Group Holdings Inc.,"1,710","63,424",,
CRBN,iShares MSCI ACWI Low Carbon Target ETF,31/07/18,United States — 53.5%,"Zillow Group Inc., Class C, NVS (a)(b)","1,440","80,208",,
CRBN,iShares MSCI ACWI Low Carbon Target ETF,31/07/18,United States — 53.5%,Zimmer Biomet Holdings Inc.,"2,160","2,71,123",,
CRBN,iShares MSCI ACWI Low Carbon Target ETF,31/07/18,United States — 53.5%,Zoetis Inc.,"6,660","5,75,957","28,56,97,623",528263624
CRBN,iShares MSCI ACWI Low Carbon Target ETF,31/07/18,BRAZIL — 0.3%,"Banco Bradesco SA, Preference Shares, NVS","64,593","5,24,942",,
CRBN,iShares MSCI ACWI Low Carbon Target ETF,31/07/18,BRAZIL — 0.3%,"Itau Unibanco Holding SA, Preference Shares, NVS","54,036","6,47,284",,
CRBN,iShares MSCI ACWI Low Carbon Target ETF,31/07/18,BRAZIL — 0.3%,"Lojas Americanas SA, Preference Shares, NVS","18,000","86,918",,
CRBN,iShares MSCI ACWI Low Carbon Target ETF,31/07/18,BRAZIL — 0.3%,"Telefonica Brasil SA, Preference Shares, NVS","9,000","98,370","13,57,514",
CRBN,iShares MSCI ACWI Low Carbon Target ETF,31/07/18,CHILE — 0.0%,"Sociedad Quimica y Minera de Chile SA, Series B, Preference Shares","3,150","1,51,672","1,51,672",
CRBN,iShares MSCI ACWI Low Carbon Target ETF,31/07/18,COLOMBIA — 0.1%,"Bancolombia SA, Preference Shares, NVS","18,720","2,15,108",,
CRBN,iShares MSCI ACWI Low Carbon Target ETF,31/07/18,COLOMBIA — 0.1%,"Grupo Aval Acciones y Valores SA, Preference Shares, NVS","4,14,810","1,64,387",,
CRBN,iShares MSCI ACWI Low Carbon Target ETF,31/07/18,COLOMBIA — 0.1%,"Grupo de Inversiones Suramericana SA, Preference Shares, NVS","23,220","2,79,514",,
CRBN,iShares MSCI ACWI Low Carbon Target ETF,31/07/18,GERMANY — 0.2%,"Fuchs Petrolub SE, Preference Shares, NVS","1,440","81,346",,
CRBN,iShares MSCI ACWI Low Carbon Target ETF,31/07/18,GERMANY — 0.2%,"Henkel AG & Co. KGaA, Preference Shares, NVS","4,770","5,98,577",,
CRBN,iShares MSCI ACWI Low Carbon Target ETF,31/07/18,GERMANY — 0.2%,"Volkswagen AG, Preference Shares, NVS","2,700","4,80,884","18,19,816",
CRBN,iShares MSCI ACWI Low Carbon Target ETF,31/07/18,ITALY — 0.1%,"Telecom Italia SpA/Milano, Preference Shares, NVS","3,14,370","2,09,662","2,09,662",
CRBN,iShares MSCI ACWI Low Carbon Target ETF,31/07/18,SOUTH KOREA — 0.1%,"Hyundai Motor Co., Preference Shares, NVS","1,440","1,05,298",,
CRBN,iShares MSCI ACWI Low Carbon Target ETF,31/07/18,SOUTH KOREA — 0.1%,"Hyundai Motor Co., Series 2, Preference Shares, NVS","1,260","98,782",,
CRBN,iShares MSCI ACWI Low Carbon Target ETF,31/07/18,SOUTH KOREA — 0.1%,"LG Household & Health Care Ltd., Preference Shares, NVS",90,"53,502",,
CRBN,iShares MSCI ACWI Low Carbon Target ETF,31/07/18,SOUTH KOREA — 0.1%,"Samsung Electronics Co. Ltd., Preference Shares, NVS","9,000","3,07,737","5,65,319","41,03,983"
CRBN,iShares MSCI ACWI Low Carbon Target ETF,31/07/18,MONEY MARKET FUNDS — 1.6%,"BlackRock Cash Funds: Institutional, SL Agency Shares","81,69,873","81,72,324",,
CRBN,iShares MSCI ACWI Low Carbon Target ETF,31/07/18,MONEY MARKET FUNDS — 1.6%,"BlackRock Cash Funds: Treasury, SL Agency Shares","2,47,119","2,47,119","84,19,443","84,19,443"