etf_ticker,etf_name,date,sector,security,shares,value,total_value,total_overall_value
CRBN,iShares MSCI ACWI Low Carbon Target ETF,31/07/21,Australia — 1.9%,Afterpay Ltd.,"3,502","2,48,930",,
CRBN,iShares MSCI ACWI Low Carbon Target ETF,31/07/21,Australia — 1.9%,Ampol Ltd.,"16,068","3,34,506",,
CRBN,iShares MSCI ACWI Low Carbon Target ETF,31/07/21,Australia — 1.9%,APA Group,"8,240","57,820",,
CRBN,iShares MSCI ACWI Low Carbon Target ETF,31/07/21,Australia — 1.9%,Aristocrat Leisure Ltd.,"10,040","3,07,678",,
CRBN,iShares MSCI ACWI Low Carbon Target ETF,31/07/21,Australia — 1.9%,ASX Ltd.,"2,060","1,16,698",,
CRBN,iShares MSCI ACWI Low Carbon Target ETF,31/07/21,Australia — 1.9%,Australia & New Zealand Banking Group Ltd.,"38,110","7,75,865",,
CRBN,iShares MSCI ACWI Low Carbon Target ETF,31/07/21,Australia — 1.9%,Brambles Ltd.,"29,664","2,53,973",,
CRBN,iShares MSCI ACWI Low Carbon Target ETF,31/07/21,Australia — 1.9%,Cochlear Ltd.,"1,030","1,86,346",,
CRBN,iShares MSCI ACWI Low Carbon Target ETF,31/07/21,Australia — 1.9%,Coles Group Ltd.,"15,450","1,98,834",,
CRBN,iShares MSCI ACWI Low Carbon Target ETF,31/07/21,Australia — 1.9%,Commonwealth Bank Australia,"20,703","15,17,697",,
CRBN,iShares MSCI ACWI Low Carbon Target ETF,31/07/21,Australia — 1.9%,Computershare Ltd.,"15,370","1,76,720",,
CRBN,iShares MSCI ACWI Low Carbon Target ETF,31/07/21,Australia — 1.9%,Crown Resorts Ltd.,"15,450","98,020",,
CRBN,iShares MSCI ACWI Low Carbon Target ETF,31/07/21,Australia — 1.9%,CSL Ltd.,"6,077","12,93,736",,
CRBN,iShares MSCI ACWI Low Carbon Target ETF,31/07/21,Australia — 1.9%,Dexus/AU,"26,412","1,99,518",,
CRBN,iShares MSCI ACWI Low Carbon Target ETF,31/07/21,Australia — 1.9%,Endeavour Group Ltd./Australia,"15,759","76,674",,
CRBN,iShares MSCI ACWI Low Carbon Target ETF,31/07/21,Australia — 1.9%,Evolution Mining Ltd.,"23,793","72,361",,
CRBN,iShares MSCI ACWI Low Carbon Target ETF,31/07/21,Australia — 1.9%,Fortescue Metals Group Ltd.,"38,625","7,05,779",,
CRBN,iShares MSCI ACWI Low Carbon Target ETF,31/07/21,Australia — 1.9%,Goodman Group,"20,600","3,42,623",,
CRBN,iShares MSCI ACWI Low Carbon Target ETF,31/07/21,Australia — 1.9%,GPT Group (The),"33,063","1,13,363",,
CRBN,iShares MSCI ACWI Low Carbon Target ETF,31/07/21,Australia — 1.9%,Insurance Australia Group Ltd.,"53,869","1,92,105",,
CRBN,iShares MSCI ACWI Low Carbon Target ETF,31/07/21,Australia — 1.9%,James Hardie Industries PLC,"8,446","2,84,956",,
CRBN,iShares MSCI ACWI Low Carbon Target ETF,31/07/21,Australia — 1.9%,Lendlease Corp. Ltd.,"15,553","1,39,601",,
CRBN,iShares MSCI ACWI Low Carbon Target ETF,31/07/21,Australia — 1.9%,Macquarie Group Ltd.,"5,253","6,06,556",,
CRBN,iShares MSCI ACWI Low Carbon Target ETF,31/07/21,Australia — 1.9%,Magellan Financial Group Ltd.,"3,090","1,11,484",,
CRBN,iShares MSCI ACWI Low Carbon Target ETF,31/07/21,Australia — 1.9%,Medibank Pvt Ltd.,"30,076","73,352",,
CRBN,iShares MSCI ACWI Low Carbon Target ETF,31/07/21,Australia — 1.9%,Mirvac Group,"99,292","2,08,404",,
CRBN,iShares MSCI ACWI Low Carbon Target ETF,31/07/21,Australia — 1.9%,National Australia Bank Ltd.,"45,629","8,70,133",,
CRBN,iShares MSCI ACWI Low Carbon Target ETF,31/07/21,Australia — 1.9%,Newcrest Mining Ltd.,"8,652","1,67,222",,
CRBN,iShares MSCI ACWI Low Carbon Target ETF,31/07/21,Australia — 1.9%,Northern Star Resources Ltd.,"21,012","1,56,564",,
CRBN,iShares MSCI ACWI Low Carbon Target ETF,31/07/21,Australia — 1.9%,QBE Insurance Group Ltd.,"21,115","1,69,214",,
CRBN,iShares MSCI ACWI Low Carbon Target ETF,31/07/21,Australia — 1.9%,Ramsay Health Care Ltd.,"3,343","1,58,103",,
CRBN,iShares MSCI ACWI Low Carbon Target ETF,31/07/21,Australia — 1.9%,REA Group Ltd.,"1,854","2,20,856",,
CRBN,iShares MSCI ACWI Low Carbon Target ETF,31/07/21,Australia — 1.9%,Rio Tinto PLC,"16,377","13,91,069",,
CRBN,iShares MSCI ACWI Low Carbon Target ETF,31/07/21,Australia — 1.9%,Scentre Group,"95,996","1,83,280",,
CRBN,iShares MSCI ACWI Low Carbon Target ETF,31/07/21,Australia — 1.9%,Seek Ltd.,"11,021","2,38,406",,
CRBN,iShares MSCI ACWI Low Carbon Target ETF,31/07/21,Australia — 1.9%,Sonic Healthcare Ltd.,"6,386","1,88,683",,
CRBN,iShares MSCI ACWI Low Carbon Target ETF,31/07/21,Australia — 1.9%,Stockland,"70,040","2,26,518",,
CRBN,iShares MSCI ACWI Low Carbon Target ETF,31/07/21,Australia — 1.9%,Suncorp Group Ltd.,"27,913","2,37,061",,
CRBN,iShares MSCI ACWI Low Carbon Target ETF,31/07/21,Australia — 1.9%,Sydney Airport,"37,007","2,12,945",,
CRBN,iShares MSCI ACWI Low Carbon Target ETF,31/07/21,Australia — 1.9%,Tabcorp Holdings Ltd.,"52,130","1,90,280",,
CRBN,iShares MSCI ACWI Low Carbon Target ETF,31/07/21,Australia — 1.9%,Telstra Corp. Ltd.,"49,028","1,36,564",,
CRBN,iShares MSCI ACWI Low Carbon Target ETF,31/07/21,Australia — 1.9%,Transurban Group,"43,775","4,61,729",,
CRBN,iShares MSCI ACWI Low Carbon Target ETF,31/07/21,Australia — 1.9%,Treasury Wine Estates Ltd.,"21,733","1,90,636",,
CRBN,iShares MSCI ACWI Low Carbon Target ETF,31/07/21,Australia — 1.9%,Vicinity Centres,"61,800","70,618",,
CRBN,iShares MSCI ACWI Low Carbon Target ETF,31/07/21,Australia — 1.9%,Wesfarmers Ltd.,"19,055","8,59,126",,
CRBN,iShares MSCI ACWI Low Carbon Target ETF,31/07/21,Australia — 1.9%,Westpac Banking Corp.,"50,385","9,05,038",,
CRBN,iShares MSCI ACWI Low Carbon Target ETF,31/07/21,Australia — 1.9%,Woolworths Group Ltd.,"15,759","4,50,805","1,63,78,449",
CRBN,iShares MSCI ACWI Low Carbon Target ETF,31/07/21,Austria — 0.1%,Erste Group Bank AG,"4,635","1,79,609",,
CRBN,iShares MSCI ACWI Low Carbon Target ETF,31/07/21,Austria — 0.1%,Raiffeisen Bank International AG,"5,211","1,23,213",,
CRBN,iShares MSCI ACWI Low Carbon Target ETF,31/07/21,Austria — 0.1%,Verbund AG,"6,489","5,98,543","9,01,365",
CRBN,iShares MSCI ACWI Low Carbon Target ETF,31/07/21,Belgium — 0.2%,Anheuser-Busch InBev SA/NV,"12,154","7,67,065",,
CRBN,iShares MSCI ACWI Low Carbon Target ETF,31/07/21,Belgium — 0.2%,Groupe Bruxelles Lambert SA,"1,865","2,16,991",,
CRBN,iShares MSCI ACWI Low Carbon Target ETF,31/07/21,Belgium — 0.2%,KBC Group NV,"1,854","1,49,289",,
CRBN,iShares MSCI ACWI Low Carbon Target ETF,31/07/21,Belgium — 0.2%,UCB SA,"1,339","1,44,823",,
CRBN,iShares MSCI ACWI Low Carbon Target ETF,31/07/21,Belgium — 0.2%,Umicore SA,"5,356","3,32,429","16,10,597",
CRBN,iShares MSCI ACWI Low Carbon Target ETF,31/07/21,Brazil — 0.4%,Ambev SA,"79,105","2,52,735",,
CRBN,iShares MSCI ACWI Low Carbon Target ETF,31/07/21,Brazil — 0.4%,"B3 SA Brasil, Bolsa, Balcao","1,08,150","3,16,668",,
CRBN,iShares MSCI ACWI Low Carbon Target ETF,31/07/21,Brazil — 0.4%,Banco Bradesco SA,"27,226","1,07,947",,
CRBN,iShares MSCI ACWI Low Carbon Target ETF,31/07/21,Brazil — 0.4%,Banco do Brasil SA,"20,600","1,25,105",,
CRBN,iShares MSCI ACWI Low Carbon Target ETF,31/07/21,Brazil — 0.4%,CCR SA,"51,500","1,28,546",,
CRBN,iShares MSCI ACWI Low Carbon Target ETF,31/07/21,Brazil — 0.4%,Localiza Rent Car SA,"21,378","2,55,104",,
CRBN,iShares MSCI ACWI Low Carbon Target ETF,31/07/21,Brazil — 0.4%,Lojas Renner SA,"20,646","1,63,717",,
CRBN,iShares MSCI ACWI Low Carbon Target ETF,31/07/21,Brazil — 0.4%,Magazine Luiza SA,"49,543","1,95,956",,
CRBN,iShares MSCI ACWI Low Carbon Target ETF,31/07/21,Brazil — 0.4%,Natura & Co. Holding SA,"20,600","2,12,595",,
CRBN,iShares MSCI ACWI Low Carbon Target ETF,31/07/21,Brazil — 0.4%,Notre Dame Intermedica Participacoes SA,"13,905","2,13,584",,
CRBN,iShares MSCI ACWI Low Carbon Target ETF,31/07/21,Brazil — 0.4%,Suzano SA,"7,592","78,817",,
CRBN,iShares MSCI ACWI Low Carbon Target ETF,31/07/21,Brazil — 0.4%,Telefonica Brasil SA,"10,300","81,498",,
CRBN,iShares MSCI ACWI Low Carbon Target ETF,31/07/21,Brazil — 0.4%,Ultrapar Participacoes SA,"22,682","76,997",,
CRBN,iShares MSCI ACWI Low Carbon Target ETF,31/07/21,Brazil — 0.4%,Vale SA,"69,011","14,41,105",,
CRBN,iShares MSCI ACWI Low Carbon Target ETF,31/07/21,Brazil — 0.4%,WEG SA,"20,600","1,41,243","37,91,617",
CRBN,iShares MSCI ACWI Low Carbon Target ETF,31/07/21,Canada — 3.3%,Agnico Eagle Mines Ltd.,"4,841","3,13,175",,
CRBN,iShares MSCI ACWI Low Carbon Target ETF,31/07/21,Canada — 3.3%,"Alimentation Couche-Tard Inc., Class","12,875","5,18,983",,
CRBN,iShares MSCI ACWI Low Carbon Target ETF,31/07/21,Canada — 3.3%,AltaGas Ltd.,"41,303","8,74,329",,
CRBN,iShares MSCI ACWI Low Carbon Target ETF,31/07/21,Canada — 3.3%,Bank Montreal,"8,343","8,26,075",,
CRBN,iShares MSCI ACWI Low Carbon Target ETF,31/07/21,Canada — 3.3%,Bank Nova Scotia (The),"14,523","9,06,465",,
CRBN,iShares MSCI ACWI Low Carbon Target ETF,31/07/21,Canada — 3.3%,Barrick Gold Corp.,"15,656","3,40,828",,
CRBN,iShares MSCI ACWI Low Carbon Target ETF,31/07/21,Canada — 3.3%,Bausch Health Cos Inc.,"6,283","1,83,817",,
CRBN,iShares MSCI ACWI Low Carbon Target ETF,31/07/21,Canada — 3.3%,BCE Inc.,"3,914","1,95,355",,
CRBN,iShares MSCI ACWI Low Carbon Target ETF,31/07/21,Canada — 3.3%,"Brookfield Asset Management Inc., Class","21,424","11,56,546",,
CRBN,iShares MSCI ACWI Low Carbon Target ETF,31/07/21,Canada — 3.3%,"Brookfield Renewable Corp., Class","6,695","2,84,092",,
CRBN,iShares MSCI ACWI Low Carbon Target ETF,31/07/21,Canada — 3.3%,CAE Inc.,"23,254","7,09,586",,
CRBN,iShares MSCI ACWI Low Carbon Target ETF,31/07/21,Canada — 3.3%,Cameco Corp.,"19,982","3,55,403",,
CRBN,iShares MSCI ACWI Low Carbon Target ETF,31/07/21,Canada — 3.3%,Canadian Imperial Bank Commerce,"4,429","5,15,001",,
CRBN,iShares MSCI ACWI Low Carbon Target ETF,31/07/21,Canada — 3.3%,Canadian National Railway Co.,"7,725","8,39,372",,
CRBN,iShares MSCI ACWI Low Carbon Target ETF,31/07/21,Canada — 3.3%,Canadian Pacific Railway Ltd.,"6,695","4,97,134",,
CRBN,iShares MSCI ACWI Low Carbon Target ETF,31/07/21,Canada — 3.3%,"Canadian Tire Corp. Ltd., Class, NVS","1,648","2,53,541",,
CRBN,iShares MSCI ACWI Low Carbon Target ETF,31/07/21,Canada — 3.3%,Canopy Growth Corp.,"5,047","95,592",,
CRBN,iShares MSCI ACWI Low Carbon Target ETF,31/07/21,Canada — 3.3%,"CCL Industries Inc., Class, NVS","6,489","3,72,145",,
CRBN,iShares MSCI ACWI Low Carbon Target ETF,31/07/21,Canada — 3.3%,CGI Inc.,"1,957","1,78,022",,
CRBN,iShares MSCI ACWI Low Carbon Target ETF,31/07/21,Canada — 3.3%,Constellation Software Inc.,309,"4,94,962",,
CRBN,iShares MSCI ACWI Low Carbon Target ETF,31/07/21,Canada — 3.3%,Dollarama Inc.,"4,532","2,13,414",,
CRBN,iShares MSCI ACWI Low Carbon Target ETF,31/07/21,Canada — 3.3%,Enbridge Inc.,"43,569","17,17,476",,
CRBN,iShares MSCI ACWI Low Carbon Target ETF,31/07/21,Canada — 3.3%,Fairfax Financial Holdings Ltd.,412,"1,73,551",,
CRBN,iShares MSCI ACWI Low Carbon Target ETF,31/07/21,Canada — 3.3%,First Quantum Minerals Ltd.,"16,068","3,44,130",,
CRBN,iShares MSCI ACWI Low Carbon Target ETF,31/07/21,Canada — 3.3%,Franco-Nevada Corp.,"4,223","6,75,457",,
CRBN,iShares MSCI ACWI Low Carbon Target ETF,31/07/21,Canada — 3.3%,George Weston Ltd.,"3,914","4,05,894",,
CRBN,iShares MSCI ACWI Low Carbon Target ETF,31/07/21,Canada — 3.3%,Great-West Lifeco Inc.,"6,798","2,04,550",,
CRBN,iShares MSCI ACWI Low Carbon Target ETF,31/07/21,Canada — 3.3%,Hydro One Ltd.,"22,660","5,59,416",,
CRBN,iShares MSCI ACWI Low Carbon Target ETF,31/07/21,Canada — 3.3%,Imperial Oil Ltd.,"11,536","3,16,047",,
CRBN,iShares MSCI ACWI Low Carbon Target ETF,31/07/21,Canada — 3.3%,Intact Financial Corp.,"1,854","2,52,629",,
CRBN,iShares MSCI ACWI Low Carbon Target ETF,31/07/21,Canada — 3.3%,Inter Pipeline Ltd.,"31,328","5,01,710",,
CRBN,iShares MSCI ACWI Low Carbon Target ETF,31/07/21,Canada — 3.3%,"Ivanhoe Mines Ltd., Class","39,140","2,90,507",,
CRBN,iShares MSCI ACWI Low Carbon Target ETF,31/07/21,Canada — 3.3%,Keyera Corp.,"13,802","3,69,499",,
CRBN,iShares MSCI ACWI Low Carbon Target ETF,31/07/21,Canada — 3.3%,Kirkland Lake Gold Ltd.,"5,150","2,20,225",,
CRBN,iShares MSCI ACWI Low Carbon Target ETF,31/07/21,Canada — 3.3%,Loblaw Companies Ltd.,"3,090","2,09,038",,
CRBN,iShares MSCI ACWI Low Carbon Target ETF,31/07/21,Canada — 3.3%,Lundin Mining Corp.,"39,964","3,64,212",,
CRBN,iShares MSCI ACWI Low Carbon Target ETF,31/07/21,Canada — 3.3%,Magna International Inc.,"2,884","2,41,797",,
CRBN,iShares MSCI ACWI Low Carbon Target ETF,31/07/21,Canada — 3.3%,Manulife Financial Corp.,"18,437","3,56,445",,
CRBN,iShares MSCI ACWI Low Carbon Target ETF,31/07/21,Canada — 3.3%,Metro Inc.,"2,987","1,54,905",,
CRBN,iShares MSCI ACWI Low Carbon Target ETF,31/07/21,Canada — 3.3%,National Bank Canada,"3,193","2,44,389",,
CRBN,iShares MSCI ACWI Low Carbon Target ETF,31/07/21,Canada — 3.3%,Open Text Corp.,"7,004","3,63,786",,
CRBN,iShares MSCI ACWI Low Carbon Target ETF,31/07/21,Canada — 3.3%,Pan American Silver Corp.,"5,356","1,50,385",,
CRBN,iShares MSCI ACWI Low Carbon Target ETF,31/07/21,Canada — 3.3%,Pembina Pipeline Corp.,"30,900","10,21,414",,
CRBN,iShares MSCI ACWI Low Carbon Target ETF,31/07/21,Canada — 3.3%,Power Corp. Canada,"8,093","2,58,307",,
CRBN,iShares MSCI ACWI Low Carbon Target ETF,31/07/21,Canada — 3.3%,Restaurant Brands International Inc.,"2,777","1,89,466",,
CRBN,iShares MSCI ACWI Low Carbon Target ETF,31/07/21,Canada — 3.3%,RioCan REIT,"11,639","2,10,745",,
CRBN,iShares MSCI ACWI Low Carbon Target ETF,31/07/21,Canada — 3.3%,Ritchie Bros Auctioneers Inc.,"2,884","1,72,171",,
CRBN,iShares MSCI ACWI Low Carbon Target ETF,31/07/21,Canada — 3.3%,"Rogers Communications Inc., Class, NVS","5,047","2,57,609",,
CRBN,iShares MSCI ACWI Low Carbon Target ETF,31/07/21,Canada — 3.3%,Royal Bank Canada,"15,656","15,83,419",,
CRBN,iShares MSCI ACWI Low Carbon Target ETF,31/07/21,Canada — 3.3%,"Shaw Communications Inc., Class, NVS","12,360","3,61,012",,
CRBN,iShares MSCI ACWI Low Carbon Target ETF,31/07/21,Canada — 3.3%,"Shopify Inc., Class","1,442","21,64,849",,
CRBN,iShares MSCI ACWI Low Carbon Target ETF,31/07/21,Canada — 3.3%,Sun Life Financial Inc.,"6,077","3,16,514",,
CRBN,iShares MSCI ACWI Low Carbon Target ETF,31/07/21,Canada — 3.3%,TC Energy Corp.,"11,536","5,62,375",,
CRBN,iShares MSCI ACWI Low Carbon Target ETF,31/07/21,Canada — 3.3%,TELUS Corp.,"6,180","1,37,262",,
CRBN,iShares MSCI ACWI Low Carbon Target ETF,31/07/21,Canada — 3.3%,Thomson Reuters Corp.,"5,768","6,11,197",,
CRBN,iShares MSCI ACWI Low Carbon Target ETF,31/07/21,Canada — 3.3%,Toronto-Dominion Bank (The),"20,116","13,37,466",,
CRBN,iShares MSCI ACWI Low Carbon Target ETF,31/07/21,Canada — 3.3%,Wheaton Precious Metals Corp.,"10,403","4,80,543",,
CRBN,iShares MSCI ACWI Low Carbon Target ETF,31/07/21,Canada — 3.3%,WSP Global Inc.,"2,472","2,93,426",,
CRBN,iShares MSCI ACWI Low Carbon Target ETF,31/07/21,Canada — 3.3%,Yamana Gold Inc.,"34,917","1,56,449","2,83,54,109",
CRBN,iShares MSCI ACWI Low Carbon Target ETF,31/07/21,Chile — 0.0%,Falabella SA,"47,380","1,84,179","1,84,179",
CRBN,iShares MSCI ACWI Low Carbon Target ETF,31/07/21,China — 4.1%,"Agricultural Bank China Ltd., Class H","8,24,000","2,74,782",,
CRBN,iShares MSCI ACWI Low Carbon Target ETF,31/07/21,China — 4.1%,Alibaba Group Holding Ltd.,"2,07,568","50,69,381",,
CRBN,iShares MSCI ACWI Low Carbon Target ETF,31/07/21,China — 4.1%,Alibaba Health Information Technology Ltd.,"42,000","65,462",,
CRBN,iShares MSCI ACWI Low Carbon Target ETF,31/07/21,China — 4.1%,ANTA Sports Products Ltd.,"9,000","1,95,942",,
CRBN,iShares MSCI ACWI Low Carbon Target ETF,31/07/21,China — 4.1%,"Baidu Inc., ADR","3,605","5,91,256",,
CRBN,iShares MSCI ACWI Low Carbon Target ETF,31/07/21,China — 4.1%,"Bank China Ltd., Class H","17,51,000","6,08,455",,
CRBN,iShares MSCI ACWI Low Carbon Target ETF,31/07/21,China — 4.1%,"Bank Communications Co. Ltd., Class","3,60,500","2,38,774",,
CRBN,iShares MSCI ACWI Low Carbon Target ETF,31/07/21,China — 4.1%,"Bank Nanjing Co. Ltd., Class","72,100","97,435",,
CRBN,iShares MSCI ACWI Low Carbon Target ETF,31/07/21,China — 4.1%,"Bank Ningbo Co. Ltd., Class","10,300","51,688",,
CRBN,iShares MSCI ACWI Low Carbon Target ETF,31/07/21,China — 4.1%,"BeiGene Ltd., ADR",721,"2,28,261",,
CRBN,iShares MSCI ACWI Low Carbon Target ETF,31/07/21,China — 4.1%,"Bilibili Inc., ADR","3,090","2,64,442",,
CRBN,iShares MSCI ACWI Low Carbon Target ETF,31/07/21,China — 4.1%,"BYD Co. Ltd., Class H","7,000","2,16,359",,
CRBN,iShares MSCI ACWI Low Carbon Target ETF,31/07/21,China — 4.1%,"CGN Power Co. Ltd., Class H","15,17,000","3,27,910",,
CRBN,iShares MSCI ACWI Low Carbon Target ETF,31/07/21,China — 4.1%,"China CITIC Bank Corp. Ltd., Class H","2,06,000","92,190",,
CRBN,iShares MSCI ACWI Low Carbon Target ETF,31/07/21,China — 4.1%,China Conch Venture Holdings Ltd.,"51,500","1,87,762",,
CRBN,iShares MSCI ACWI Low Carbon Target ETF,31/07/21,China — 4.1%,"China Construction Bank Corp., Class H","14,48,000","10,08,595",,
CRBN,iShares MSCI ACWI Low Carbon Target ETF,31/07/21,China — 4.1%,"China Everbright Bank Co. Ltd., Class","2,06,000","1,05,184",,
CRBN,iShares MSCI ACWI Low Carbon Target ETF,31/07/21,China — 4.1%,"China Life Insurance Co. Ltd., Class H","2,06,000","3,43,349",,
CRBN,iShares MSCI ACWI Low Carbon Target ETF,31/07/21,China — 4.1%,China Mengniu Dairy Co. Ltd.,"18,000","97,729",,
CRBN,iShares MSCI ACWI Low Carbon Target ETF,31/07/21,China — 4.1%,"China Merchants Bank Co. Ltd., Class","30,900","2,22,752",,
CRBN,iShares MSCI ACWI Low Carbon Target ETF,31/07/21,China — 4.1%,"China Merchants Bank Co. Ltd., Class H","51,500","3,91,789",,
CRBN,iShares MSCI ACWI Low Carbon Target ETF,31/07/21,China — 4.1%,China Merchants Port Holdings Co. Ltd.,"2,06,000","2,87,036",,
CRBN,iShares MSCI ACWI Low Carbon Target ETF,31/07/21,China — 4.1%,"China Minsheng Banking Corp. Ltd., Class","1,75,100","1,07,866",,
CRBN,iShares MSCI ACWI Low Carbon Target ETF,31/07/21,China — 4.1%,"China Molybdenum Co. Ltd., Class H","3,09,000","2,26,170",,
CRBN,iShares MSCI ACWI Low Carbon Target ETF,31/07/21,China — 4.1%,"China National Nuclear Power Co. Ltd., Class","8,34,398","6,20,739",,
CRBN,iShares MSCI ACWI Low Carbon Target ETF,31/07/21,China — 4.1%,"China Northern Rare Earth Group High-Tech Co. Ltd., Class","20,600","1,53,107",,
CRBN,iShares MSCI ACWI Low Carbon Target ETF,31/07/21,China — 4.1%,"China Oilfield Services Ltd., Class H","4,12,000","2,99,481",,
CRBN,iShares MSCI ACWI Low Carbon Target ETF,31/07/21,China — 4.1%,China Overseas Land & Investment Ltd.,"1,03,000","2,15,882",,
CRBN,iShares MSCI ACWI Low Carbon Target ETF,31/07/21,China — 4.1%,"China Pacific Insurance Group Co. Ltd., Class","20,600","83,079",,
CRBN,iShares MSCI ACWI Low Carbon Target ETF,31/07/21,China — 4.1%,China Resources Beer Holdings Co. Ltd.,"14,000","1,04,975",,
CRBN,iShares MSCI ACWI Low Carbon Target ETF,31/07/21,China — 4.1%,China Resources Gas Group Ltd.,"26,000","1,60,259",,
CRBN,iShares MSCI ACWI Low Carbon Target ETF,31/07/21,China — 4.1%,China Resources Land Ltd.,"22,000","73,521",,
CRBN,iShares MSCI ACWI Low Carbon Target ETF,31/07/21,China — 4.1%,"China Tower Corp. Ltd., Class H","8,24,000","1,09,311",,
CRBN,iShares MSCI ACWI Low Carbon Target ETF,31/07/21,China — 4.1%,"China Vanke Co. Ltd., Class H","31,600","82,320",,
CRBN,iShares MSCI ACWI Low Carbon Target ETF,31/07/21,China — 4.1%,"China Yangtze Power Co. Ltd., Class","1,23,600","3,63,542",,
CRBN,iShares MSCI ACWI Low Carbon Target ETF,31/07/21,China — 4.1%,"Chongqing Rural Commercial Bank Co. Ltd., Class H","2,06,000","76,886",,
CRBN,iShares MSCI ACWI Low Carbon Target ETF,31/07/21,China — 4.1%,"Contemporary Amperex Technology Co. Ltd., Class","2,100","1,79,984",,
CRBN,iShares MSCI ACWI Low Carbon Target ETF,31/07/21,China — 4.1%,Country Garden Holdings Co. Ltd.,"1,03,000","1,00,695",,
CRBN,iShares MSCI ACWI Low Carbon Target ETF,31/07/21,China — 4.1%,Country Garden Services Holdings Co. Ltd.,"15,000","1,21,798",,
CRBN,iShares MSCI ACWI Low Carbon Target ETF,31/07/21,China — 4.1%,CSPC Pharmaceutical Group Ltd.,"2,06,000","2,78,067",,
CRBN,iShares MSCI ACWI Low Carbon Target ETF,31/07/21,China — 4.1%,ENN Energy Holdings Ltd.,"20,600","4,29,887",,
CRBN,iShares MSCI ACWI Low Carbon Target ETF,31/07/21,China — 4.1%,"Foshan Haitian Flavouring & Food Co. Ltd., Class","15,432","2,74,071",,
CRBN,iShares MSCI ACWI Low Carbon Target ETF,31/07/21,China — 4.1%,Fosun International Ltd.,"1,03,000","1,36,354",,
CRBN,iShares MSCI ACWI Low Carbon Target ETF,31/07/21,China — 4.1%,Geely Automobile Holdings Ltd.,"1,03,000","3,45,502",,
CRBN,iShares MSCI ACWI Low Carbon Target ETF,31/07/21,China — 4.1%,"Great Wall Motor Co. Ltd., Class H","51,500","2,48,825",,
CRBN,iShares MSCI ACWI Low Carbon Target ETF,31/07/21,China — 4.1%,"Huazhu Group Ltd., ADR","11,886","5,34,632",,
CRBN,iShares MSCI ACWI Low Carbon Target ETF,31/07/21,China — 4.1%,"Iflytek Co. Ltd., Class","20,600","1,87,114",,
CRBN,iShares MSCI ACWI Low Carbon Target ETF,31/07/21,China — 4.1%,"Industrial & Commercial Bank China Ltd., Class H","9,27,000","5,14,757",,
CRBN,iShares MSCI ACWI Low Carbon Target ETF,31/07/21,China — 4.1%,"Industrial Bank Co. Ltd., Class","1,03,098","2,82,233",,
CRBN,iShares MSCI ACWI Low Carbon Target ETF,31/07/21,China — 4.1%,"Inner Mongolia Yili Industrial Group Co. Ltd., Class","20,600","1,06,595",,
CRBN,iShares MSCI ACWI Low Carbon Target ETF,31/07/21,China — 4.1%,Innovent Biologics Inc.,"14,000","1,43,350",,
CRBN,iShares MSCI ACWI Low Carbon Target ETF,31/07/21,China — 4.1%,"JD.com Inc., ADR","12,154","8,61,476",,
CRBN,iShares MSCI ACWI Low Carbon Target ETF,31/07/21,China — 4.1%,"Jiangsu Expressway Co. Ltd., Class H","2,06,000","2,20,098",,
CRBN,iShares MSCI ACWI Low Carbon Target ETF,31/07/21,China — 4.1%,"Jiangsu Yanghe Brewery Joint-Stock Co. Ltd., Class","10,300","2,60,460",,
CRBN,iShares MSCI ACWI Low Carbon Target ETF,31/07/21,China — 4.1%,"KE Holdings Inc., ADR","5,356","1,17,778",,
CRBN,iShares MSCI ACWI Low Carbon Target ETF,31/07/21,China — 4.1%,Kingdee International Software Group Co. Ltd.,"1,03,000","3,21,688",,
CRBN,iShares MSCI ACWI Low Carbon Target ETF,31/07/21,China — 4.1%,"Kweichow Moutai Co. Ltd., Class",800,"2,08,092",,
CRBN,iShares MSCI ACWI Low Carbon Target ETF,31/07/21,China — 4.1%,"Li Auto Inc., ADR","8,755","2,92,329",,
CRBN,iShares MSCI ACWI Low Carbon Target ETF,31/07/21,China — 4.1%,Li Ning Co. Ltd.,"51,500","5,43,908",,
CRBN,iShares MSCI ACWI Low Carbon Target ETF,31/07/21,China — 4.1%,"Meituan, Class","45,500","12,59,049",,
CRBN,iShares MSCI ACWI Low Carbon Target ETF,31/07/21,China — 4.1%,"Midea Group Co. Ltd., Class","9,700","95,557",,
CRBN,iShares MSCI ACWI Low Carbon Target ETF,31/07/21,China — 4.1%,"Muyuan Foods Co. Ltd., Class","22,636","1,48,214",,
CRBN,iShares MSCI ACWI Low Carbon Target ETF,31/07/21,China — 4.1%,"NetEase Inc., ADR","6,180","6,31,658",,
CRBN,iShares MSCI ACWI Low Carbon Target ETF,31/07/21,China — 4.1%,"New Oriental Education & Technology Group Inc., ADR","20,301","44,053",,
CRBN,iShares MSCI ACWI Low Carbon Target ETF,31/07/21,China — 4.1%,"NIO Inc., ADR","18,540","8,28,367",,
CRBN,iShares MSCI ACWI Low Carbon Target ETF,31/07/21,China — 4.1%,"People’s Insurance Co. Group China Ltd. (The), Class H","4,12,000","1,27,855",,
CRBN,iShares MSCI ACWI Low Carbon Target ETF,31/07/21,China — 4.1%,"PICC Property & Casualty Co. Ltd., Class H","2,06,000","1,66,410",,
CRBN,iShares MSCI ACWI Low Carbon Target ETF,31/07/21,China — 4.1%,"Pinduoduo Inc., ADR","6,283","5,75,586",,
CRBN,iShares MSCI ACWI Low Carbon Target ETF,31/07/21,China — 4.1%,Ping An Healthcare and Technology Co. Ltd.,"10,300","96,372",,
CRBN,iShares MSCI ACWI Low Carbon Target ETF,31/07/21,China — 4.1%,"Ping An Insurance Group Co. China Ltd., Class","10,300","85,682",,
CRBN,iShares MSCI ACWI Low Carbon Target ETF,31/07/21,China — 4.1%,"Ping An Insurance Group Co. China Ltd., Class H","72,500","6,34,436",,
CRBN,iShares MSCI ACWI Low Carbon Target ETF,31/07/21,China — 4.1%,"Sany Heavy Industry Co. Ltd., Class","61,800","2,38,180",,
CRBN,iShares MSCI ACWI Low Carbon Target ETF,31/07/21,China — 4.1%,"SF Holding Co. Ltd., Class","20,600","1,88,870",,
CRBN,iShares MSCI ACWI Low Carbon Target ETF,31/07/21,China — 4.1%,"Shanghai International Airport Co. Ltd., Class","10,300","61,538",,
CRBN,iShares MSCI ACWI Low Carbon Target ETF,31/07/21,China — 4.1%,Shenzhen International Holdings Ltd.,"1,88,000","2,47,808",,
CRBN,iShares MSCI ACWI Low Carbon Target ETF,31/07/21,China — 4.1%,Shenzhen Investment Ltd.,"4,12,000","1,15,783",,
CRBN,iShares MSCI ACWI Low Carbon Target ETF,31/07/21,China — 4.1%,Shenzhou International Group Holdings Ltd.,"10,300","2,28,591",,
CRBN,iShares MSCI ACWI Low Carbon Target ETF,31/07/21,China — 4.1%,"Sichuan Chuantou Energy Co. Ltd., Class","1,13,300","1,91,905",,
CRBN,iShares MSCI ACWI Low Carbon Target ETF,31/07/21,China — 4.1%,Sunac China Holdings Ltd.,"1,03,000","2,67,259",,
CRBN,iShares MSCI ACWI Low Carbon Target ETF,31/07/21,China — 4.1%,Sunny Optical Technology Group Co. Ltd.,"10,300","3,12,724",,
CRBN,iShares MSCI ACWI Low Carbon Target ETF,31/07/21,China — 4.1%,"TAL Education Group, ADR","5,871","35,637",,
CRBN,iShares MSCI ACWI Low Carbon Target ETF,31/07/21,China — 4.1%,Tencent Holdings Ltd.,"72,100","43,48,217",,
CRBN,iShares MSCI ACWI Low Carbon Target ETF,31/07/21,China — 4.1%,"Trip.com Group Ltd., ADR","7,519","1,94,968",,
CRBN,iShares MSCI ACWI Low Carbon Target ETF,31/07/21,China — 4.1%,"Vipshop Holdings Ltd., ADR","7,622","1,26,754",,
CRBN,iShares MSCI ACWI Low Carbon Target ETF,31/07/21,China — 4.1%,"Wens Foodstuffs Group Co. Ltd., Class","42,840","83,446",,
CRBN,iShares MSCI ACWI Low Carbon Target ETF,31/07/21,China — 4.1%,"Wuliangye Yibin Co. Ltd., Class","10,300","3,52,993",,
CRBN,iShares MSCI ACWI Low Carbon Target ETF,31/07/21,China — 4.1%,"WuXi AppTec Co. Ltd., Class H","12,300","2,72,633",,
CRBN,iShares MSCI ACWI Low Carbon Target ETF,31/07/21,China — 4.1%,"Wuxi Biologics Cayman Inc., New","30,000","4,58,228",,
CRBN,iShares MSCI ACWI Low Carbon Target ETF,31/07/21,China — 4.1%,"Xiaomi Corp., Class","1,85,400","6,07,236",,
CRBN,iShares MSCI ACWI Low Carbon Target ETF,31/07/21,China — 4.1%,"XPeng Inc., ADR","5,768","2,33,777",,
CRBN,iShares MSCI ACWI Low Carbon Target ETF,31/07/21,China — 4.1%,"Yantai Jereh Oilfield Services Group Co. Ltd., Class","41,200","2,41,305",,
CRBN,iShares MSCI ACWI Low Carbon Target ETF,31/07/21,China — 4.1%,"Yintai Gold Co. Ltd., Class","77,700","1,09,825",,
CRBN,iShares MSCI ACWI Low Carbon Target ETF,31/07/21,China — 4.1%,Yum China Holdings Inc.,"4,662","2,89,930",,
CRBN,iShares MSCI ACWI Low Carbon Target ETF,31/07/21,China — 4.1%,"Yunnan Aluminium Co. Ltd., Class","60,500","1,33,671",,
CRBN,iShares MSCI ACWI Low Carbon Target ETF,31/07/21,China — 4.1%,"Zai Lab Ltd., ADR","1,957","2,83,002",,
CRBN,iShares MSCI ACWI Low Carbon Target ETF,31/07/21,China — 4.1%,"Zhejiang Expressway Co. Ltd., Class H","2,06,000","1,73,894",,
CRBN,iShares MSCI ACWI Low Carbon Target ETF,31/07/21,China — 4.1%,"Zhejiang Huayou Cobalt Co. Ltd., Class","8,800","1,79,229",,
CRBN,iShares MSCI ACWI Low Carbon Target ETF,31/07/21,China — 4.1%,"Zijin Mining Group Co. Ltd., Class H","2,06,000","2,92,147",,
CRBN,iShares MSCI ACWI Low Carbon Target ETF,31/07/21,China — 4.1%,"ZTO Express Cayman Inc., ADR","6,180","1,67,231","3,54,83,384",
CRBN,iShares MSCI ACWI Low Carbon Target ETF,31/07/21,Colombia — 0.1%,Grupo de Inversiones Suramericana SA,"58,813","2,62,369",,
CRBN,iShares MSCI ACWI Low Carbon Target ETF,31/07/21,Colombia — 0.1%,Interconexion Electrica SA ESP,"41,200","2,31,816","4,94,185",
CRBN,iShares MSCI ACWI Low Carbon Target ETF,31/07/21,Denmark — 0.6%,"Carlsberg A/S, Class","1,090","2,01,416",,
CRBN,iShares MSCI ACWI Low Carbon Target ETF,31/07/21,Denmark — 0.6%,Chr Hansen Holding A/S,"2,369","2,13,063",,
CRBN,iShares MSCI ACWI Low Carbon Target ETF,31/07/21,Denmark — 0.6%,"Coloplast A/S, Class","1,133","2,07,184",,
CRBN,iShares MSCI ACWI Low Carbon Target ETF,31/07/21,Denmark — 0.6%,Danske Bank A/S,"12,772","2,23,842",,
CRBN,iShares MSCI ACWI Low Carbon Target ETF,31/07/21,Denmark — 0.6%,DSV Panalpina A/S,"1,133","2,76,186",,
CRBN,iShares MSCI ACWI Low Carbon Target ETF,31/07/21,Denmark — 0.6%,Genmab A/S,824,"3,72,431",,
CRBN,iShares MSCI ACWI Low Carbon Target ETF,31/07/21,Denmark — 0.6%,"Novo Nordisk A/S, Class","22,145","20,49,991",,
CRBN,iShares MSCI ACWI Low Carbon Target ETF,31/07/21,Denmark — 0.6%,"Novozymes A/S, Class","4,223","3,31,779",,
CRBN,iShares MSCI ACWI Low Carbon Target ETF,31/07/21,Denmark — 0.6%,Orsted A/S,"4,635","6,87,464",,
CRBN,iShares MSCI ACWI Low Carbon Target ETF,31/07/21,Denmark — 0.6%,Pandora A/S,"1,648","2,13,180",,
CRBN,iShares MSCI ACWI Low Carbon Target ETF,31/07/21,Denmark — 0.6%,Vestas Wind Systems A/S,"15,965","5,88,702","53,65,238",
CRBN,iShares MSCI ACWI Low Carbon Target ETF,31/07/21,Finland — 0.3%,"Kesko OYJ, Class","8,240","3,53,183",,
CRBN,iShares MSCI ACWI Low Carbon Target ETF,31/07/21,Finland — 0.3%,"Kone OYJ, Class","4,017","3,32,714",,
CRBN,iShares MSCI ACWI Low Carbon Target ETF,31/07/21,Finland — 0.3%,Neste OYJ,"14,729","9,05,403",,
CRBN,iShares MSCI ACWI Low Carbon Target ETF,31/07/21,Finland — 0.3%,Nokia OYJ,"67,156","4,12,629",,
CRBN,iShares MSCI ACWI Low Carbon Target ETF,31/07/21,Finland — 0.3%,Nordea Bank Abp,"28,119","3,29,285",,
CRBN,iShares MSCI ACWI Low Carbon Target ETF,31/07/21,Finland — 0.3%,"Sampo OYJ, Class","5,871","2,82,563",,
CRBN,iShares MSCI ACWI Low Carbon Target ETF,31/07/21,Finland — 0.3%,Wartsila OYJ Abp,"16,892","2,54,469","28,70,246",
CRBN,iShares MSCI ACWI Low Carbon Target ETF,31/07/21,France — 2.6%,Aeroports de Paris,"1,236","1,49,824",,
CRBN,iShares MSCI ACWI Low Carbon Target ETF,31/07/21,France — 2.6%,Airbus SE,"8,240","11,30,270",,
CRBN,iShares MSCI ACWI Low Carbon Target ETF,31/07/21,France — 2.6%,Alstom SA,"3,914","1,62,338",,
CRBN,iShares MSCI ACWI Low Carbon Target ETF,31/07/21,France — 2.6%,Atos SE,"3,090","1,47,772",,
CRBN,iShares MSCI ACWI Low Carbon Target ETF,31/07/21,France — 2.6%,AXA SA,"32,754","8,48,231",,
CRBN,iShares MSCI ACWI Low Carbon Target ETF,31/07/21,France — 2.6%,BNP Paribas SA,"13,081","7,97,668",,
CRBN,iShares MSCI ACWI Low Carbon Target ETF,31/07/21,France — 2.6%,Bureau Veritas SA,"6,798","2,24,495",,
CRBN,iShares MSCI ACWI Low Carbon Target ETF,31/07/21,France — 2.6%,Capgemini SE,"2,163","4,67,538",,
CRBN,iShares MSCI ACWI Low Carbon Target ETF,31/07/21,France — 2.6%,CNP Assurances,"8,343","1,41,816",,
CRBN,iShares MSCI ACWI Low Carbon Target ETF,31/07/21,France — 2.6%,Danone SA,"7,622","5,60,625",,
CRBN,iShares MSCI ACWI Low Carbon Target ETF,31/07/21,France — 2.6%,Dassault Aviation SA,103,"1,22,637",,
CRBN,iShares MSCI ACWI Low Carbon Target ETF,31/07/21,France — 2.6%,Dassault Systemes SE,"4,588","2,53,084",,
CRBN,iShares MSCI ACWI Low Carbon Target ETF,31/07/21,France — 2.6%,Edenred,"2,814","1,63,482",,
CRBN,iShares MSCI ACWI Low Carbon Target ETF,31/07/21,France — 2.6%,Eiffage SA,"2,060","2,10,006",,
CRBN,iShares MSCI ACWI Low Carbon Target ETF,31/07/21,France — 2.6%,EssilorLuxottica SA,"4,567","8,62,172",,
CRBN,iShares MSCI ACWI Low Carbon Target ETF,31/07/21,France — 2.6%,Eurofins Scientific SE,"1,854","2,21,761",,
CRBN,iShares MSCI ACWI Low Carbon Target ETF,31/07/21,France — 2.6%,Faurecia SE,420,"18,746",,
CRBN,iShares MSCI ACWI Low Carbon Target ETF,31/07/21,France — 2.6%,Gecina SA,889,"1,40,987",,
CRBN,iShares MSCI ACWI Low Carbon Target ETF,31/07/21,France — 2.6%,Getlink SE,"5,871","94,045",,
CRBN,iShares MSCI ACWI Low Carbon Target ETF,31/07/21,France — 2.6%,Hermes International,412,"6,29,856",,
CRBN,iShares MSCI ACWI Low Carbon Target ETF,31/07/21,France — 2.6%,Kering SA,"1,133","10,16,458",,
CRBN,iShares MSCI ACWI Low Carbon Target ETF,31/07/21,France — 2.6%,Klepierre SA,"5,459","1,32,173",,
CRBN,iShares MSCI ACWI Low Carbon Target ETF,31/07/21,France — 2.6%,Legrand SA,"3,708","4,17,876",,
CRBN,iShares MSCI ACWI Low Carbon Target ETF,31/07/21,France — 2.6%,L’Oreal SA,"3,812","17,43,965",,
CRBN,iShares MSCI ACWI Low Carbon Target ETF,31/07/21,France — 2.6%,LVMH Moet Hennessy Louis Vuitton SE,"3,708","29,68,873",,
CRBN,iShares MSCI ACWI Low Carbon Target ETF,31/07/21,France — 2.6%,Orange SA,"13,184","1,46,727",,
CRBN,iShares MSCI ACWI Low Carbon Target ETF,31/07/21,France — 2.6%,Pernod Ricard SA,"3,296","7,27,449",,
CRBN,iShares MSCI ACWI Low Carbon Target ETF,31/07/21,France — 2.6%,Publicis Groupe SA,"3,708","2,34,088",,
CRBN,iShares MSCI ACWI Low Carbon Target ETF,31/07/21,France — 2.6%,Renault SA,"4,532","1,72,128",,
CRBN,iShares MSCI ACWI Low Carbon Target ETF,31/07/21,France — 2.6%,Safran SA,"4,635","6,06,603",,
CRBN,iShares MSCI ACWI Low Carbon Target ETF,31/07/21,France — 2.6%,Sanofi,"15,450","15,92,481",,
CRBN,iShares MSCI ACWI Low Carbon Target ETF,31/07/21,France — 2.6%,Sartorius Stedim Biotech,515,"2,93,985",,
CRBN,iShares MSCI ACWI Low Carbon Target ETF,31/07/21,France — 2.6%,Schneider Electric SE,"8,456","14,16,281",,
CRBN,iShares MSCI ACWI Low Carbon Target ETF,31/07/21,France — 2.6%,SCOR SE,"8,482","2,36,874",,
CRBN,iShares MSCI ACWI Low Carbon Target ETF,31/07/21,France — 2.6%,Societe Generale SA,"12,463","3,64,988",,
CRBN,iShares MSCI ACWI Low Carbon Target ETF,31/07/21,France — 2.6%,Sodexo SA,"2,369","2,01,852",,
CRBN,iShares MSCI ACWI Low Carbon Target ETF,31/07/21,France — 2.6%,Teleperformance,824,"3,47,560",,
CRBN,iShares MSCI ACWI Low Carbon Target ETF,31/07/21,France — 2.6%,Thales SA,"1,957","2,05,396",,
CRBN,iShares MSCI ACWI Low Carbon Target ETF,31/07/21,France — 2.6%,Unibail-Rodamco-Westfield,"2,928","2,43,714",,
CRBN,iShares MSCI ACWI Low Carbon Target ETF,31/07/21,France — 2.6%,Vinci SA,"10,197","10,79,601",,
CRBN,iShares MSCI ACWI Low Carbon Target ETF,31/07/21,France — 2.6%,Vivendi SE,"11,536","3,89,760",,
CRBN,iShares MSCI ACWI Low Carbon Target ETF,31/07/21,France — 2.6%,Worldline SA,"3,771","3,52,966","2,22,39,151",
CRBN,iShares MSCI ACWI Low Carbon Target ETF,31/07/21,Germany — 2.1%,adidas AG,"2,472","8,97,221",,
CRBN,iShares MSCI ACWI Low Carbon Target ETF,31/07/21,Germany — 2.1%,"Allianz SE, Registered","6,180","15,36,121",,
CRBN,iShares MSCI ACWI Low Carbon Target ETF,31/07/21,Germany — 2.1%,Aroundtown SA,"18,231","1,42,695",,
CRBN,iShares MSCI ACWI Low Carbon Target ETF,31/07/21,Germany — 2.1%,BASF SE,"10,712","8,41,732",,
CRBN,iShares MSCI ACWI Low Carbon Target ETF,31/07/21,Germany — 2.1%,"Bayer AG, Registered","14,420","8,59,129",,
CRBN,iShares MSCI ACWI Low Carbon Target ETF,31/07/21,Germany — 2.1%,Bayerische Motoren Werke AG,"6,695","6,65,692",,
CRBN,iShares MSCI ACWI Low Carbon Target ETF,31/07/21,Germany — 2.1%,Beiersdorf AG,"1,460","1,73,410",,
CRBN,iShares MSCI ACWI Low Carbon Target ETF,31/07/21,Germany — 2.1%,Brenntag SE,"2,060","2,05,751",,
CRBN,iShares MSCI ACWI Low Carbon Target ETF,31/07/21,Germany — 2.1%,Continental AG,"2,163","2,93,833",,
CRBN,iShares MSCI ACWI Low Carbon Target ETF,31/07/21,Germany — 2.1%,"Daimler AG, Registered","13,287","11,85,724",,
CRBN,iShares MSCI ACWI Low Carbon Target ETF,31/07/21,Germany — 2.1%,Delivery Hero SE,"2,575","3,84,943",,
CRBN,iShares MSCI ACWI Low Carbon Target ETF,31/07/21,Germany — 2.1%,"Deutsche Bank AG, Registered","29,664","3,73,952",,
CRBN,iShares MSCI ACWI Low Carbon Target ETF,31/07/21,Germany — 2.1%,Deutsche Boerse AG,"2,266","3,78,114",,
CRBN,iShares MSCI ACWI Low Carbon Target ETF,31/07/21,Germany — 2.1%,"Deutsche Post AG, Registered","9,991","6,77,102",,
CRBN,iShares MSCI ACWI Low Carbon Target ETF,31/07/21,Germany — 2.1%,"Deutsche Telekom AG, Registered","45,320","9,40,578",,
CRBN,iShares MSCI ACWI Low Carbon Target ETF,31/07/21,Germany — 2.1%,Deutsche Wohnen SE,"3,193","1,99,346",,
CRBN,iShares MSCI ACWI Low Carbon Target ETF,31/07/21,Germany — 2.1%,E.ON SE,"26,265","3,22,889",,
CRBN,iShares MSCI ACWI Low Carbon Target ETF,31/07/21,Germany — 2.1%,Fresenius Medical Care AG & Co. KGaA,"1,751","1,38,016",,
CRBN,iShares MSCI ACWI Low Carbon Target ETF,31/07/21,Germany — 2.1%,Fresenius SE & Co. KGaA,"5,047","2,65,270",,
CRBN,iShares MSCI ACWI Low Carbon Target ETF,31/07/21,Germany — 2.1%,GEA Group AG,"3,502","1,55,280",,
CRBN,iShares MSCI ACWI Low Carbon Target ETF,31/07/21,Germany — 2.1%,HelloFresh SE,"3,193","2,99,310",,
CRBN,iShares MSCI ACWI Low Carbon Target ETF,31/07/21,Germany — 2.1%,Infineon Technologies AG,"20,916","7,99,287",,
CRBN,iShares MSCI ACWI Low Carbon Target ETF,31/07/21,Germany — 2.1%,KION Group AG,109,"11,575",,
CRBN,iShares MSCI ACWI Low Carbon Target ETF,31/07/21,Germany — 2.1%,Merck KGaA,"1,957","4,00,606",,
CRBN,iShares MSCI ACWI Low Carbon Target ETF,31/07/21,Germany — 2.1%,MTU Aero Engines AG,927,"2,31,877",,
CRBN,iShares MSCI ACWI Low Carbon Target ETF,31/07/21,Germany — 2.1%,"Muenchener Rueckversicherungs-Gesellschaft AG in Muenchen, Registered","2,120","5,72,027",,
CRBN,iShares MSCI ACWI Low Carbon Target ETF,31/07/21,Germany — 2.1%,Puma SE,809,"99,239",,
CRBN,iShares MSCI ACWI Low Carbon Target ETF,31/07/21,Germany — 2.1%,SAP SE,"14,214","20,39,869",,
CRBN,iShares MSCI ACWI Low Carbon Target ETF,31/07/21,Germany — 2.1%,"Siemens AG, Registered","11,330","17,67,854",,
CRBN,iShares MSCI ACWI Low Carbon Target ETF,31/07/21,Germany — 2.1%,Siemens Healthineers AG,"2,575","1,70,005",,
CRBN,iShares MSCI ACWI Low Carbon Target ETF,31/07/21,Germany — 2.1%,Symrise AG,"1,442","2,12,621",,
CRBN,iShares MSCI ACWI Low Carbon Target ETF,31/07/21,Germany — 2.1%,Telefonica Deutschland Holding AG,"48,719","1,31,325",,
CRBN,iShares MSCI ACWI Low Carbon Target ETF,31/07/21,Germany — 2.1%,Vonovia SE,"7,107","4,73,176",,
CRBN,iShares MSCI ACWI Low Carbon Target ETF,31/07/21,Germany — 2.1%,Zalando SE,"3,980","4,42,227","1,82,87,796",
CRBN,iShares MSCI ACWI Low Carbon Target ETF,31/07/21,Greece — 0.0%,OPAP SA,"5,625","81,252","81,252",
CRBN,iShares MSCI ACWI Low Carbon Target ETF,31/07/21,Hong Kong — 0.8%,AIA Group Ltd.,"1,64,800","19,71,957",,
CRBN,iShares MSCI ACWI Low Carbon Target ETF,31/07/21,Hong Kong — 0.8%,BOC Hong Kong Holdings Ltd.,"51,500","1,65,381",,
CRBN,iShares MSCI ACWI Low Carbon Target ETF,31/07/21,Hong Kong — 0.8%,Budweiser Brewing Co. APAC Ltd.,"61,800","1,72,472",,
CRBN,iShares MSCI ACWI Low Carbon Target ETF,31/07/21,Hong Kong — 0.8%,CK Asset Holdings Ltd.,"51,500","3,50,390",,
CRBN,iShares MSCI ACWI Low Carbon Target ETF,31/07/21,Hong Kong — 0.8%,Galaxy Entertainment Group Ltd.,"25,000","1,69,426",,
CRBN,iShares MSCI ACWI Low Carbon Target ETF,31/07/21,Hong Kong — 0.8%,Hang Seng Bank Ltd.,"10,300","1,97,260",,
CRBN,iShares MSCI ACWI Low Carbon Target ETF,31/07/21,Hong Kong — 0.8%,Hong Kong & China Gas Co. Ltd.,"2,45,582","3,99,399",,
CRBN,iShares MSCI ACWI Low Carbon Target ETF,31/07/21,Hong Kong — 0.8%,Hong Kong Exchanges & Clearing Ltd.,"13,800","8,81,954",,
CRBN,iShares MSCI ACWI Low Carbon Target ETF,31/07/21,Hong Kong — 0.8%,Hongkong Land Holdings Ltd.,"30,900","1,40,193",,
CRBN,iShares MSCI ACWI Low Carbon Target ETF,31/07/21,Hong Kong — 0.8%,Link REIT,"30,900","2,95,291",,
CRBN,iShares MSCI ACWI Low Carbon Target ETF,31/07/21,Hong Kong — 0.8%,MTR Corp. Ltd.,"51,500","3,05,326",,
CRBN,iShares MSCI ACWI Low Carbon Target ETF,31/07/21,Hong Kong — 0.8%,Power Assets Holdings Ltd.,"77,000","4,97,820",,
CRBN,iShares MSCI ACWI Low Carbon Target ETF,31/07/21,Hong Kong — 0.8%,Sands China Ltd.,"41,200","1,40,329",,
CRBN,iShares MSCI ACWI Low Carbon Target ETF,31/07/21,Hong Kong — 0.8%,Sino Biopharmaceutical Ltd.,"2,06,000","1,74,996",,
CRBN,iShares MSCI ACWI Low Carbon Target ETF,31/07/21,Hong Kong — 0.8%,Sun Hung Kai Properties Ltd.,"27,500","3,93,398",,
CRBN,iShares MSCI ACWI Low Carbon Target ETF,31/07/21,Hong Kong — 0.8%,Swire Properties Ltd.,"41,200","1,17,179",,
CRBN,iShares MSCI ACWI Low Carbon Target ETF,31/07/21,Hong Kong — 0.8%,Techtronic Industries Co. Ltd.,"22,500","4,01,226","67,73,997",
CRBN,iShares MSCI ACWI Low Carbon Target ETF,31/07/21,India — 1.1%,Adani Green Energy Ltd.,"8,343","98,605",,
CRBN,iShares MSCI ACWI Low Carbon Target ETF,31/07/21,India — 1.1%,Adani Ports & Special Economic Zone Ltd.,"13,184","1,19,803",,
CRBN,iShares MSCI ACWI Low Carbon Target ETF,31/07/21,India — 1.1%,Adani Total Gas Ltd.,"5,938","71,222",,
CRBN,iShares MSCI ACWI Low Carbon Target ETF,31/07/21,India — 1.1%,Asian Paints Ltd.,"9,991","3,97,525",,
CRBN,iShares MSCI ACWI Low Carbon Target ETF,31/07/21,India — 1.1%,Axis Bank Ltd.,"31,209","2,98,004",,
CRBN,iShares MSCI ACWI Low Carbon Target ETF,31/07/21,India — 1.1%,Bajaj Finance Ltd.,"3,319","2,78,638",,
CRBN,iShares MSCI ACWI Low Carbon Target ETF,31/07/21,India — 1.1%,Bandhan Bank Ltd.,"10,624","41,658",,
CRBN,iShares MSCI ACWI Low Carbon Target ETF,31/07/21,India — 1.1%,Bharti Airtel Ltd.,"40,685","3,07,749",,
CRBN,iShares MSCI ACWI Low Carbon Target ETF,31/07/21,India — 1.1%,DLF Ltd.,"30,900","1,40,499",,
CRBN,iShares MSCI ACWI Low Carbon Target ETF,31/07/21,India — 1.1%,Godrej Consumer Products Ltd.,"7,725","1,02,624",,
CRBN,iShares MSCI ACWI Low Carbon Target ETF,31/07/21,India — 1.1%,HCL Technologies Ltd.,"21,424","2,95,422",,
CRBN,iShares MSCI ACWI Low Carbon Target ETF,31/07/21,India — 1.1%,HDFC Life Insurance Co. Ltd.,"7,725","69,004",,
CRBN,iShares MSCI ACWI Low Carbon Target ETF,31/07/21,India — 1.1%,Hero MotoCorp Ltd.,"2,060","76,615",,
CRBN,iShares MSCI ACWI Low Carbon Target ETF,31/07/21,India — 1.1%,Hindustan Unilever Ltd.,"14,008","4,40,145",,
CRBN,iShares MSCI ACWI Low Carbon Target ETF,31/07/21,India — 1.1%,Housing Development Finance Corp. Ltd.,"16,892","5,56,078",,
CRBN,iShares MSCI ACWI Low Carbon Target ETF,31/07/21,India — 1.1%,ICICI Bank Ltd.,"36,874","3,39,181",,
CRBN,iShares MSCI ACWI Low Carbon Target ETF,31/07/21,India — 1.1%,"ICICI Bank Ltd., ADR, NVS","17,613","3,27,426",,
CRBN,iShares MSCI ACWI Low Carbon Target ETF,31/07/21,India — 1.1%,Infosys Ltd.,"50,779","11,06,672",,
CRBN,iShares MSCI ACWI Low Carbon Target ETF,31/07/21,India — 1.1%,ITC Ltd.,"80,031","2,20,668",,
CRBN,iShares MSCI ACWI Low Carbon Target ETF,31/07/21,India — 1.1%,Kotak Mahindra Bank Ltd.,"7,430","1,65,652",,
CRBN,iShares MSCI ACWI Low Carbon Target ETF,31/07/21,India — 1.1%,Larsen & Toubro Ltd.,"17,613","3,80,058",,
CRBN,iShares MSCI ACWI Low Carbon Target ETF,31/07/21,India — 1.1%,"Mahindra & Mahindra Ltd., GDR","3,708","36,914",,
CRBN,iShares MSCI ACWI Low Carbon Target ETF,31/07/21,India — 1.1%,Maruti Suzuki India Ltd.,"1,442","1,35,486",,
CRBN,iShares MSCI ACWI Low Carbon Target ETF,31/07/21,India — 1.1%,Nestle India Ltd.,"1,751","4,16,839",,
CRBN,iShares MSCI ACWI Low Carbon Target ETF,31/07/21,India — 1.1%,Petronet LNG Ltd.,"1,89,726","5,56,815",,
CRBN,iShares MSCI ACWI Low Carbon Target ETF,31/07/21,India — 1.1%,REC Ltd.,"50,573","1,02,855",,
CRBN,iShares MSCI ACWI Low Carbon Target ETF,31/07/21,India — 1.1%,Reliance Industries Ltd.,"35,432","9,71,264",,
CRBN,iShares MSCI ACWI Low Carbon Target ETF,31/07/21,India — 1.1%,SBI Life Insurance Co. Ltd.,"7,725","1,14,294",,
CRBN,iShares MSCI ACWI Low Carbon Target ETF,31/07/21,India — 1.1%,Sun Pharmaceutical Industries Ltd.,"15,965","1,66,235",,
CRBN,iShares MSCI ACWI Low Carbon Target ETF,31/07/21,India — 1.1%,Tata Consultancy Services Ltd.,"13,205","5,62,978",,
CRBN,iShares MSCI ACWI Low Carbon Target ETF,31/07/21,India — 1.1%,Tata Motors Ltd.,"64,790","2,56,578",,
CRBN,iShares MSCI ACWI Low Carbon Target ETF,31/07/21,India — 1.1%,Tech Mahindra Ltd.,"10,815","1,76,061",,
CRBN,iShares MSCI ACWI Low Carbon Target ETF,31/07/21,India — 1.1%,Titan Co. Ltd.,"6,283","1,45,025",,
CRBN,iShares MSCI ACWI Low Carbon Target ETF,31/07/21,India — 1.1%,Wipro Ltd.,"7,725","61,056",,
CRBN,iShares MSCI ACWI Low Carbon Target ETF,31/07/21,India — 1.1%,"Wipro Ltd., ADR","21,428","1,78,495","97,14,143",
CRBN,iShares MSCI ACWI Low Carbon Target ETF,31/07/21,Indonesia — 0.2%,Astra International Tbk PT,"7,82,800","2,55,595",,
CRBN,iShares MSCI ACWI Low Carbon Target ETF,31/07/21,Indonesia — 0.2%,Bank Central Asia Tbk PT,"1,44,200","2,97,680",,
CRBN,iShares MSCI ACWI Low Carbon Target ETF,31/07/21,Indonesia — 0.2%,Bank Mandiri Persero Tbk PT,"3,39,900","1,33,929",,
CRBN,iShares MSCI ACWI Low Carbon Target ETF,31/07/21,Indonesia — 0.2%,Bank Rakyat Indonesia Persero Tbk PT,"6,79,800","1,74,400",,
CRBN,iShares MSCI ACWI Low Carbon Target ETF,31/07/21,Indonesia — 0.2%,Charoen Pokphand Indonesia Tbk PT,"2,26,600","96,012",,
CRBN,iShares MSCI ACWI Low Carbon Target ETF,31/07/21,Indonesia — 0.2%,Gudang Garam Tbk PT,"51,500","1,16,924",,
CRBN,iShares MSCI ACWI Low Carbon Target ETF,31/07/21,Indonesia — 0.2%,Merdeka Copper Gold Tbk PT,"12,05,100","2,46,599",,
CRBN,iShares MSCI ACWI Low Carbon Target ETF,31/07/21,Indonesia — 0.2%,Telkom Indonesia Persero Tbk PT,"16,58,300","3,71,723",,
CRBN,iShares MSCI ACWI Low Carbon Target ETF,31/07/21,Indonesia — 0.2%,Unilever Indonesia Tbk PT,"2,57,500","75,212","17,68,074",
CRBN,iShares MSCI ACWI Low Carbon Target ETF,31/07/21,Ireland — 0.5%,"Flutter Entertainment PLC, Class DI","2,693","4,59,086",,
CRBN,iShares MSCI ACWI Low Carbon Target ETF,31/07/21,Ireland — 0.5%,Horizon Therapeutics PLC,"2,678","2,67,854",,
CRBN,iShares MSCI ACWI Low Carbon Target ETF,31/07/21,Ireland — 0.5%,"Kerry Group PLC, Class","2,369","3,51,278",,
CRBN,iShares MSCI ACWI Low Carbon Target ETF,31/07/21,Ireland — 0.5%,Kingspan Group PLC,"2,781","3,02,417",,
CRBN,iShares MSCI ACWI Low Carbon Target ETF,31/07/21,Ireland — 0.5%,Linde PLC,"5,768","17,73,025",,
CRBN,iShares MSCI ACWI Low Carbon Target ETF,31/07/21,Ireland — 0.5%,Seagate Technology Holdings PLC,"2,781","2,44,450",,
CRBN,iShares MSCI ACWI Low Carbon Target ETF,31/07/21,Ireland — 0.5%,STERIS PLC,824,"1,79,591",,
CRBN,iShares MSCI ACWI Low Carbon Target ETF,31/07/21,Ireland — 0.5%,Trane Technologies PLC,"3,914","7,96,929","43,74,630",
CRBN,iShares MSCI ACWI Low Carbon Target ETF,31/07/21,Israel — 0.3%,Azrieli Group Ltd.,"2,781","2,21,491",,
CRBN,iShares MSCI ACWI Low Carbon Target ETF,31/07/21,Israel — 0.3%,Bank Hapoalim BM,"41,227","3,28,081",,
CRBN,iShares MSCI ACWI Low Carbon Target ETF,31/07/21,Israel — 0.3%,Bank Leumi Le-Israel BM,"41,389","3,16,261",,
CRBN,iShares MSCI ACWI Low Carbon Target ETF,31/07/21,Israel — 0.3%,Check Point Software Technologies Ltd.,"2,060","2,61,826",,
CRBN,iShares MSCI ACWI Low Carbon Target ETF,31/07/21,Israel — 0.3%,Elbit Systems Ltd.,"1,751","2,30,581",,
CRBN,iShares MSCI ACWI Low Carbon Target ETF,31/07/21,Israel — 0.3%,"Israel Discount Bank Ltd., Class","52,905","2,47,834",,
CRBN,iShares MSCI ACWI Low Carbon Target ETF,31/07/21,Israel — 0.3%,Mizrahi Tefahot Bank Ltd.,"7,416","2,24,746",,
CRBN,iShares MSCI ACWI Low Carbon Target ETF,31/07/21,Israel — 0.3%,Nice Ltd.,"1,648","4,58,611",,
CRBN,iShares MSCI ACWI Low Carbon Target ETF,31/07/21,Israel — 0.3%,"Teva Pharmaceutical Industries Ltd., ADR","18,952","1,82,887",,
CRBN,iShares MSCI ACWI Low Carbon Target ETF,31/07/21,Israel — 0.3%,Wix.com Ltd.,824,"2,46,079","27,18,397",
CRBN,iShares MSCI ACWI Low Carbon Target ETF,31/07/21,Italy — 0.7%,Assicurazioni Generali SpA,"20,600","4,10,726",,
CRBN,iShares MSCI ACWI Low Carbon Target ETF,31/07/21,Italy — 0.7%,Atlantia SpA,"12,566","2,27,928",,
CRBN,iShares MSCI ACWI Low Carbon Target ETF,31/07/21,Italy — 0.7%,CNH Industrial NV,"19,158","3,19,892",,
CRBN,iShares MSCI ACWI Low Carbon Target ETF,31/07/21,Italy — 0.7%,Ferrari NV,"1,751","3,81,609",,
CRBN,iShares MSCI ACWI Low Carbon Target ETF,31/07/21,Italy — 0.7%,Intesa Sanpaolo SpA,"2,23,098","6,16,318",,
CRBN,iShares MSCI ACWI Low Carbon Target ETF,31/07/21,Italy — 0.7%,Mediobanca Banca di Credito Finanziario SpA,"16,995","1,98,917",,
CRBN,iShares MSCI ACWI Low Carbon Target ETF,31/07/21,Italy — 0.7%,Moncler SpA,"4,429","3,04,196",,
CRBN,iShares MSCI ACWI Low Carbon Target ETF,31/07/21,Italy — 0.7%,Nexi SpA,"13,596","2,91,298",,
CRBN,iShares MSCI ACWI Low Carbon Target ETF,31/07/21,Italy — 0.7%,Poste Italiane SpA,"31,930","4,22,513",,
CRBN,iShares MSCI ACWI Low Carbon Target ETF,31/07/21,Italy — 0.7%,Recordati Industria Chimica e Farmaceutica SpA,"2,472","1,52,897",,
CRBN,iShares MSCI ACWI Low Carbon Target ETF,31/07/21,Italy — 0.7%,Snam SpA,"1,12,579","6,80,971",,
CRBN,iShares MSCI ACWI Low Carbon Target ETF,31/07/21,Italy — 0.7%,Tenaris SA,"76,735","7,81,848",,
CRBN,iShares MSCI ACWI Low Carbon Target ETF,31/07/21,Italy — 0.7%,Terna SPA,"57,783","4,58,589",,
CRBN,iShares MSCI ACWI Low Carbon Target ETF,31/07/21,Italy — 0.7%,UniCredit SpA,"25,750","3,08,005","55,55,707",
CRBN,iShares MSCI ACWI Low Carbon Target ETF,31/07/21,Japan — 5.8%,Asahi Group Holdings Ltd.,"10,300","4,63,444",,
CRBN,iShares MSCI ACWI Low Carbon Target ETF,31/07/21,Japan — 5.8%,Astellas Pharma Inc.,"31,500","5,01,712",,
CRBN,iShares MSCI ACWI Low Carbon Target ETF,31/07/21,Japan — 5.8%,Canon Inc.,"20,600","4,74,378",,
CRBN,iShares MSCI ACWI Low Carbon Target ETF,31/07/21,Japan — 5.8%,Central Japan Railway Co.,"1,900","2,76,383",,
CRBN,iShares MSCI ACWI Low Carbon Target ETF,31/07/21,Japan — 5.8%,Chiba Bank Ltd. (The),"30,900","1,75,780",,
CRBN,iShares MSCI ACWI Low Carbon Target ETF,31/07/21,Japan — 5.8%,Chugai Pharmaceutical Co. Ltd.,"10,300","3,79,560",,
CRBN,iShares MSCI ACWI Low Carbon Target ETF,31/07/21,Japan — 5.8%,Concordia Financial Group Ltd.,"82,400","2,94,974",,
CRBN,iShares MSCI ACWI Low Carbon Target ETF,31/07/21,Japan — 5.8%,Dai-ichi Life Holdings Inc.,"20,600","3,79,144",,
CRBN,iShares MSCI ACWI Low Carbon Target ETF,31/07/21,Japan — 5.8%,Daiichi Sankyo Co. Ltd.,"30,900","6,11,953",,
CRBN,iShares MSCI ACWI Low Carbon Target ETF,31/07/21,Japan — 5.8%,Daikin Industries Ltd.,"2,900","6,05,615",,
CRBN,iShares MSCI ACWI Low Carbon Target ETF,31/07/21,Japan — 5.8%,Daiwa House Industry Co. Ltd.,"20,600","6,31,600",,
CRBN,iShares MSCI ACWI Low Carbon Target ETF,31/07/21,Japan — 5.8%,Daiwa Securities Group Inc.,"61,800","3,24,966",,
CRBN,iShares MSCI ACWI Low Carbon Target ETF,31/07/21,Japan — 5.8%,Denso Corp.,"3,800","2,61,064",,
CRBN,iShares MSCI ACWI Low Carbon Target ETF,31/07/21,Japan — 5.8%,Dentsu Group Inc.,"10,300","3,57,966",,
CRBN,iShares MSCI ACWI Low Carbon Target ETF,31/07/21,Japan — 5.8%,East Japan Railway Co.,"3,200","2,13,192",,
CRBN,iShares MSCI ACWI Low Carbon Target ETF,31/07/21,Japan — 5.8%,Fanuc Corp.,"2,200","4,92,729",,
CRBN,iShares MSCI ACWI Low Carbon Target ETF,31/07/21,Japan — 5.8%,Fast Retailing Co. Ltd.,500,"3,39,101",,
CRBN,iShares MSCI ACWI Low Carbon Target ETF,31/07/21,Japan — 5.8%,Hitachi Ltd.,"10,300","5,92,448",,
CRBN,iShares MSCI ACWI Low Carbon Target ETF,31/07/21,Japan — 5.8%,Honda Motor Co. Ltd.,"20,600","6,61,628",,
CRBN,iShares MSCI ACWI Low Carbon Target ETF,31/07/21,Japan — 5.8%,Hoya Corp.,"10,300","14,54,046",,
CRBN,iShares MSCI ACWI Low Carbon Target ETF,31/07/21,Japan — 5.8%,Hulic Co. Ltd.,"30,900","3,51,541",,
CRBN,iShares MSCI ACWI Low Carbon Target ETF,31/07/21,Japan — 5.8%,Iida Group Holdings Co. Ltd.,"10,300","2,48,546",,
CRBN,iShares MSCI ACWI Low Carbon Target ETF,31/07/21,Japan — 5.8%,Isuzu Motors Ltd.,"20,600","2,74,797",,
CRBN,iShares MSCI ACWI Low Carbon Target ETF,31/07/21,Japan — 5.8%,Itochu Corp.,"19,200","5,68,305",,
CRBN,iShares MSCI ACWI Low Carbon Target ETF,31/07/21,Japan — 5.8%,Japan Post Holdings Co. Ltd.,"41,200","3,49,724",,
CRBN,iShares MSCI ACWI Low Carbon Target ETF,31/07/21,Japan — 5.8%,Japan Tobacco Inc.,"25,700","5,02,186",,
CRBN,iShares MSCI ACWI Low Carbon Target ETF,31/07/21,Japan — 5.8%,Kajima Corp.,"20,600","2,65,179",,
CRBN,iShares MSCI ACWI Low Carbon Target ETF,31/07/21,Japan — 5.8%,Kansai Paint Co. Ltd.,"4,400","1,08,061",,
CRBN,iShares MSCI ACWI Low Carbon Target ETF,31/07/21,Japan — 5.8%,Kao Corp.,"10,300","6,20,177",,
CRBN,iShares MSCI ACWI Low Carbon Target ETF,31/07/21,Japan — 5.8%,KDDI Corp.,"22,600","6,91,189",,
CRBN,iShares MSCI ACWI Low Carbon Target ETF,31/07/21,Japan — 5.8%,Keisei Electric Railway Co. Ltd.,"10,300","3,06,760",,
CRBN,iShares MSCI ACWI Low Carbon Target ETF,31/07/21,Japan — 5.8%,Keyence Corp.,"2,200","12,25,405",,
CRBN,iShares MSCI ACWI Low Carbon Target ETF,31/07/21,Japan — 5.8%,Kirin Holdings Co. Ltd.,"10,300","1,88,395",,
CRBN,iShares MSCI ACWI Low Carbon Target ETF,31/07/21,Japan — 5.8%,Komatsu Ltd.,"10,300","2,58,108",,
CRBN,iShares MSCI ACWI Low Carbon Target ETF,31/07/21,Japan — 5.8%,Kubota Corp.,"10,300","2,15,388",,
CRBN,iShares MSCI ACWI Low Carbon Target ETF,31/07/21,Japan — 5.8%,Kyocera Corp.,"3,100","1,91,555",,
CRBN,iShares MSCI ACWI Low Carbon Target ETF,31/07/21,Japan — 5.8%,M3 Inc.,"10,300","6,73,689",,
CRBN,iShares MSCI ACWI Low Carbon Target ETF,31/07/21,Japan — 5.8%,Marubeni Corp.,"61,800","5,26,005",,
CRBN,iShares MSCI ACWI Low Carbon Target ETF,31/07/21,Japan — 5.8%,Medipal Holdings Corp.,"20,600","3,87,964",,
CRBN,iShares MSCI ACWI Low Carbon Target ETF,31/07/21,Japan — 5.8%,Mitsubishi Electric Corp.,"30,900","4,19,228",,
CRBN,iShares MSCI ACWI Low Carbon Target ETF,31/07/21,Japan — 5.8%,Mitsubishi Estate Co. Ltd.,"20,600","3,23,150",,
CRBN,iShares MSCI ACWI Low Carbon Target ETF,31/07/21,Japan — 5.8%,Mitsubishi HC Capital Inc.,"30,900","1,68,539",,
CRBN,iShares MSCI ACWI Low Carbon Target ETF,31/07/21,Japan — 5.8%,Mitsubishi Heavy Industries Ltd.,"10,300","2,97,600",,
CRBN,iShares MSCI ACWI Low Carbon Target ETF,31/07/21,Japan — 5.8%,Mitsubishi UFJ Financial Group Inc.,"1,85,400","9,79,408",,
CRBN,iShares MSCI ACWI Low Carbon Target ETF,31/07/21,Japan — 5.8%,Mitsui & Co. Ltd.,"72,100","16,54,869",,
CRBN,iShares MSCI ACWI Low Carbon Target ETF,31/07/21,Japan — 5.8%,Mitsui Fudosan Co. Ltd.,"10,300","2,40,889",,
CRBN,iShares MSCI ACWI Low Carbon Target ETF,31/07/21,Japan — 5.8%,Mizuho Financial Group Inc.,"41,200","5,88,732",,
CRBN,iShares MSCI ACWI Low Carbon Target ETF,31/07/21,Japan — 5.8%,MS&AD Insurance Group Holdings Inc.,"10,300","3,18,384",,
CRBN,iShares MSCI ACWI Low Carbon Target ETF,31/07/21,Japan — 5.8%,Murata Manufacturing Co. Ltd.,"10,300","8,54,753",,
CRBN,iShares MSCI ACWI Low Carbon Target ETF,31/07/21,Japan — 5.8%,Nexon Co. Ltd.,"10,300","2,11,934",,
CRBN,iShares MSCI ACWI Low Carbon Target ETF,31/07/21,Japan — 5.8%,Nidec Corp.,"10,300","11,56,108",,
CRBN,iShares MSCI ACWI Low Carbon Target ETF,31/07/21,Japan — 5.8%,Nintendo Co. Ltd.,"1,200","6,16,924",,
CRBN,iShares MSCI ACWI Low Carbon Target ETF,31/07/21,Japan — 5.8%,Nippon Paint Holdings Co. Ltd.,"12,900","1,64,658",,
CRBN,iShares MSCI ACWI Low Carbon Target ETF,31/07/21,Japan — 5.8%,Nippon Telegraph & Telephone Corp.,"20,600","5,27,527",,
CRBN,iShares MSCI ACWI Low Carbon Target ETF,31/07/21,Japan — 5.8%,Nomura Holdings Inc.,"61,800","3,09,469",,
CRBN,iShares MSCI ACWI Low Carbon Target ETF,31/07/21,Japan — 5.8%,NTT Data Corp.,"20,600","3,19,084",,
CRBN,iShares MSCI ACWI Low Carbon Target ETF,31/07/21,Japan — 5.8%,Obayashi Corp.,"30,900","2,52,677",,
CRBN,iShares MSCI ACWI Low Carbon Target ETF,31/07/21,Japan — 5.8%,Olympus Corp.,"20,600","4,23,935",,
CRBN,iShares MSCI ACWI Low Carbon Target ETF,31/07/21,Japan — 5.8%,Omron Corp.,"2,100","1,79,708",,
CRBN,iShares MSCI ACWI Low Carbon Target ETF,31/07/21,Japan — 5.8%,Oriental Land Co. Ltd.,"2,200","3,01,401",,
CRBN,iShares MSCI ACWI Low Carbon Target ETF,31/07/21,Japan — 5.8%,ORIX Corp.,"10,300","1,80,203",,
CRBN,iShares MSCI ACWI Low Carbon Target ETF,31/07/21,Japan — 5.8%,Otsuka Holdings Co. Ltd.,"10,300","4,09,415",,
CRBN,iShares MSCI ACWI Low Carbon Target ETF,31/07/21,Japan — 5.8%,Panasonic Corp.,"30,900","3,73,119",,
CRBN,iShares MSCI ACWI Low Carbon Target ETF,31/07/21,Japan — 5.8%,Rakuten Group Inc.,"30,900","3,40,025",,
CRBN,iShares MSCI ACWI Low Carbon Target ETF,31/07/21,Japan — 5.8%,Recruit Holdings Co. Ltd.,"20,600","10,67,711",,
CRBN,iShares MSCI ACWI Low Carbon Target ETF,31/07/21,Japan — 5.8%,Renesas Electronics Corp.,"30,900","3,35,377",,
CRBN,iShares MSCI ACWI Low Carbon Target ETF,31/07/21,Japan — 5.8%,Resona Holdings Inc.,"82,400","3,09,386",,
CRBN,iShares MSCI ACWI Low Carbon Target ETF,31/07/21,Japan — 5.8%,Ricoh Co. Ltd.,"25,300","2,76,449",,
CRBN,iShares MSCI ACWI Low Carbon Target ETF,31/07/21,Japan — 5.8%,Santen Pharmaceutical Co. Ltd.,"20,600","2,79,127",,
CRBN,iShares MSCI ACWI Low Carbon Target ETF,31/07/21,Japan — 5.8%,SBI Holdings Inc.,"10,300","2,46,561",,
CRBN,iShares MSCI ACWI Low Carbon Target ETF,31/07/21,Japan — 5.8%,Secom Co. Ltd.,"2,800","2,11,934",,
CRBN,iShares MSCI ACWI Low Carbon Target ETF,31/07/21,Japan — 5.8%,Sekisui House Ltd.,"10,300","2,03,997",,
CRBN,iShares MSCI ACWI Low Carbon Target ETF,31/07/21,Japan — 5.8%,Seven & i Holdings Co. Ltd.,"10,300","4,59,590",,
CRBN,iShares MSCI ACWI Low Carbon Target ETF,31/07/21,Japan — 5.8%,Shimizu Corp.,"41,200","3,03,419",,
CRBN,iShares MSCI ACWI Low Carbon Target ETF,31/07/21,Japan — 5.8%,Shin-Etsu Chemical Co. Ltd.,"6,700","10,92,965",,
CRBN,iShares MSCI ACWI Low Carbon Target ETF,31/07/21,Japan — 5.8%,Shiseido Co. Ltd.,"10,300","6,88,407",,
CRBN,iShares MSCI ACWI Low Carbon Target ETF,31/07/21,Japan — 5.8%,Shizuoka Bank Ltd. (The),"20,600","1,48,766",,
CRBN,iShares MSCI ACWI Low Carbon Target ETF,31/07/21,Japan — 5.8%,SMC Corp.,600,"3,56,684",,
CRBN,iShares MSCI ACWI Low Carbon Target ETF,31/07/21,Japan — 5.8%,Softbank Corp.,"30,900","4,03,591",,
CRBN,iShares MSCI ACWI Low Carbon Target ETF,31/07/21,Japan — 5.8%,SoftBank Group Corp.,"20,600","12,95,444",,
CRBN,iShares MSCI ACWI Low Carbon Target ETF,31/07/21,Japan — 5.8%,Sony Group Corp.,"20,600","21,52,009",,
CRBN,iShares MSCI ACWI Low Carbon Target ETF,31/07/21,Japan — 5.8%,Subaru Corp.,"13,300","2,61,305",,
CRBN,iShares MSCI ACWI Low Carbon Target ETF,31/07/21,Japan — 5.8%,Sumitomo Corp.,"20,600","2,79,952",,
CRBN,iShares MSCI ACWI Low Carbon Target ETF,31/07/21,Japan — 5.8%,Sumitomo Mitsui Financial Group Inc.,"20,600","6,94,407",,
CRBN,iShares MSCI ACWI Low Carbon Target ETF,31/07/21,Japan — 5.8%,Sumitomo Mitsui Trust Holdings Inc.,"10,300","3,38,106",,
CRBN,iShares MSCI ACWI Low Carbon Target ETF,31/07/21,Japan — 5.8%,Sumitomo Realty & Development Co. Ltd.,"10,300","3,35,710",,
CRBN,iShares MSCI ACWI Low Carbon Target ETF,31/07/21,Japan — 5.8%,T&D Holdings Inc.,"20,600","2,63,572",,
CRBN,iShares MSCI ACWI Low Carbon Target ETF,31/07/21,Japan — 5.8%,Taisei Corp.,"10,300","3,47,124",,
CRBN,iShares MSCI ACWI Low Carbon Target ETF,31/07/21,Japan — 5.8%,Takeda Pharmaceutical Co. Ltd.,"23,375","7,78,072",,
CRBN,iShares MSCI ACWI Low Carbon Target ETF,31/07/21,Japan — 5.8%,Terumo Corp.,"10,300","3,99,751",,
CRBN,iShares MSCI ACWI Low Carbon Target ETF,31/07/21,Japan — 5.8%,Tokio Marine Holdings Inc.,"10,300","4,90,909",,
CRBN,iShares MSCI ACWI Low Carbon Target ETF,31/07/21,Japan — 5.8%,Tokyo Electron Ltd.,"1,900","7,83,608",,
CRBN,iShares MSCI ACWI Low Carbon Target ETF,31/07/21,Japan — 5.8%,Toshiba Corp.,"10,300","4,43,327",,
CRBN,iShares MSCI ACWI Low Carbon Target ETF,31/07/21,Japan — 5.8%,Toyota Industries Corp.,"10,300","8,64,016",,
CRBN,iShares MSCI ACWI Low Carbon Target ETF,31/07/21,Japan — 5.8%,Toyota Motor Corp.,"30,900","27,74,062",,
CRBN,iShares MSCI ACWI Low Carbon Target ETF,31/07/21,Japan — 5.8%,Toyota Tsusho Corp.,"10,300","4,86,313",,
CRBN,iShares MSCI ACWI Low Carbon Target ETF,31/07/21,Japan — 5.8%,Unicharm Corp.,"10,300","4,13,414",,
CRBN,iShares MSCI ACWI Low Carbon Target ETF,31/07/21,Japan — 5.8%,Yaskawa Electric Corp.,"10,300","5,10,022",,
CRBN,iShares MSCI ACWI Low Carbon Target ETF,31/07/21,Japan — 5.8%,Yokogawa Electric Corp.,"10,300","1,58,457",,
CRBN,iShares MSCI ACWI Low Carbon Target ETF,31/07/21,Japan — 5.8%,Z Holdings Corp.,"51,500","2,57,767","4,97,67,707",
CRBN,iShares MSCI ACWI Low Carbon Target ETF,31/07/21,Kuwait — 0.1%,Agility Public Warehousing Co. KSC,"41,097","1,34,870",,
CRBN,iShares MSCI ACWI Low Carbon Target ETF,31/07/21,Kuwait — 0.1%,Kuwait Finance House KSCP,"61,922","1,61,787",,
CRBN,iShares MSCI ACWI Low Carbon Target ETF,31/07/21,Kuwait — 0.1%,Mobile Telecommunications Co. KSCP,"1,98,527","3,90,512",,
CRBN,iShares MSCI ACWI Low Carbon Target ETF,31/07/21,Kuwait — 0.1%,National Bank Kuwait SAKP,"63,723","1,89,610","8,76,779",
CRBN,iShares MSCI ACWI Low Carbon Target ETF,31/07/21,Malaysia — 0.2%,Dialog Group Bhd,"7,82,800","5,10,071",,
CRBN,iShares MSCI ACWI Low Carbon Target ETF,31/07/21,Malaysia — 0.2%,Malayan Banking Bhd,"72,100","1,36,853",,
CRBN,iShares MSCI ACWI Low Carbon Target ETF,31/07/21,Malaysia — 0.2%,Petronas Dagangan Bhd,"82,400","3,59,232",,
CRBN,iShares MSCI ACWI Low Carbon Target ETF,31/07/21,Malaysia — 0.2%,PPB Group Bhd,"31,020","1,33,048",,
CRBN,iShares MSCI ACWI Low Carbon Target ETF,31/07/21,Malaysia — 0.2%,Public Bank Bhd,"1,49,900","1,41,375","12,80,579",
CRBN,iShares MSCI ACWI Low Carbon Target ETF,31/07/21,Mexico — 0.2%,"America Movil SAB de CV, Series L, NVS","2,67,801","2,24,398",,
CRBN,iShares MSCI ACWI Low Carbon Target ETF,31/07/21,Mexico — 0.2%,Coca-Cola Femsa SAB de CV,"20,600","1,16,783",,
CRBN,iShares MSCI ACWI Low Carbon Target ETF,31/07/21,Mexico — 0.2%,Fibra Uno Administracion SA de CV,"1,95,700","2,13,334",,
CRBN,iShares MSCI ACWI Low Carbon Target ETF,31/07/21,Mexico — 0.2%,Fomento Economico Mexicano SAB de CV,"20,600","1,79,733",,
CRBN,iShares MSCI ACWI Low Carbon Target ETF,31/07/21,Mexico — 0.2%,"Grupo Aeroportuario del Pacifico SAB de CV, Class","10,300","1,18,470",,
CRBN,iShares MSCI ACWI Low Carbon Target ETF,31/07/21,Mexico — 0.2%,"Grupo Financiero Banorte SAB de CV, Class O","41,401","2,68,398",,
CRBN,iShares MSCI ACWI Low Carbon Target ETF,31/07/21,Mexico — 0.2%,"Grupo Mexico SAB de CV, Series","51,500","2,35,972",,
CRBN,iShares MSCI ACWI Low Carbon Target ETF,31/07/21,Mexico — 0.2%,Promotora y Operadora de Infraestructura SAB de CV,"8,265","62,337",,
CRBN,iShares MSCI ACWI Low Carbon Target ETF,31/07/21,Mexico — 0.2%,Wal-Mart de Mexico SAB de CV,"82,400","2,71,628","16,91,053",
CRBN,iShares MSCI ACWI Low Carbon Target ETF,31/07/21,Netherlands — 1.4%,Adyen NV,309,"8,37,405",,
CRBN,iShares MSCI ACWI Low Carbon Target ETF,31/07/21,Netherlands — 1.4%,Aegon NV,"42,539","1,81,114",,
CRBN,iShares MSCI ACWI Low Carbon Target ETF,31/07/21,Netherlands — 1.4%,Akzo Nobel NV,"2,987","3,68,976",,
CRBN,iShares MSCI ACWI Low Carbon Target ETF,31/07/21,Netherlands — 1.4%,Argenx SE,824,"2,51,630",,
CRBN,iShares MSCI ACWI Low Carbon Target ETF,31/07/21,Netherlands — 1.4%,ASML Holding NV,"5,459","41,72,771",,
CRBN,iShares MSCI ACWI Low Carbon Target ETF,31/07/21,Netherlands — 1.4%,Davide Campari-Milano NV,"24,720","3,47,527",,
CRBN,iShares MSCI ACWI Low Carbon Target ETF,31/07/21,Netherlands — 1.4%,Heineken NV,"3,605","4,19,808",,
CRBN,iShares MSCI ACWI Low Carbon Target ETF,31/07/21,Netherlands — 1.4%,ING Groep NV,"51,912","6,66,067",,
CRBN,iShares MSCI ACWI Low Carbon Target ETF,31/07/21,Netherlands — 1.4%,Just Eat Takeaway.com NV,"1,442","1,28,051",,
CRBN,iShares MSCI ACWI Low Carbon Target ETF,31/07/21,Netherlands — 1.4%,Koninklijke Ahold Delhaize NV,"8,034","2,49,736",,
CRBN,iShares MSCI ACWI Low Carbon Target ETF,31/07/21,Netherlands — 1.4%,Koninklijke DSM NV,"3,090","6,22,886",,
CRBN,iShares MSCI ACWI Low Carbon Target ETF,31/07/21,Netherlands — 1.4%,Koninklijke Philips NV,"11,656","5,37,452",,
CRBN,iShares MSCI ACWI Low Carbon Target ETF,31/07/21,Netherlands — 1.4%,Koninklijke Vopak NV,"4,326","1,83,174",,
CRBN,iShares MSCI ACWI Low Carbon Target ETF,31/07/21,Netherlands — 1.4%,NN Group NV,"4,429","2,20,194",,
CRBN,iShares MSCI ACWI Low Carbon Target ETF,31/07/21,Netherlands — 1.4%,NXP Semiconductors NV,"4,496","9,27,929",,
CRBN,iShares MSCI ACWI Low Carbon Target ETF,31/07/21,Netherlands — 1.4%,Prosus NV,"6,180","5,51,370",,
CRBN,iShares MSCI ACWI Low Carbon Target ETF,31/07/21,Netherlands — 1.4%,Randstad NV,"2,781","2,01,763",,
CRBN,iShares MSCI ACWI Low Carbon Target ETF,31/07/21,Netherlands — 1.4%,Stellantis NV,"25,474","4,88,502",,
CRBN,iShares MSCI ACWI Low Carbon Target ETF,31/07/21,Netherlands — 1.4%,Wolters Kluwer NV,"3,708","4,22,724","1,17,79,079",
CRBN,iShares MSCI ACWI Low Carbon Target ETF,31/07/21,New Zealand — 0.1%,Fisher & Paykel Healthcare Corp. Ltd.,"5,356","1,17,896",,
CRBN,iShares MSCI ACWI Low Carbon Target ETF,31/07/21,New Zealand — 0.1%,Meridian Energy Ltd.,"76,220","2,77,128",,
CRBN,iShares MSCI ACWI Low Carbon Target ETF,31/07/21,New Zealand — 0.1%,Xero Ltd.,"3,296","3,41,967","7,36,991",
CRBN,iShares MSCI ACWI Low Carbon Target ETF,31/07/21,Norway — 0.3%,Adevinta ASA,"11,124","2,13,886",,
CRBN,iShares MSCI ACWI Low Carbon Target ETF,31/07/21,Norway — 0.3%,DNB Bank ASA,"32,224","6,60,364",,
CRBN,iShares MSCI ACWI Low Carbon Target ETF,31/07/21,Norway — 0.3%,Gjensidige Forsikring ASA,"19,673","4,50,179",,
CRBN,iShares MSCI ACWI Low Carbon Target ETF,31/07/21,Norway — 0.3%,Mowi ASA,"17,248","4,39,475",,
CRBN,iShares MSCI ACWI Low Carbon Target ETF,31/07/21,Norway — 0.3%,Orkla ASA,"39,874","3,62,152",,
CRBN,iShares MSCI ACWI Low Carbon Target ETF,31/07/21,Norway — 0.3%,"Schibsted ASA, Class",953,"50,512",,
CRBN,iShares MSCI ACWI Low Carbon Target ETF,31/07/21,Norway — 0.3%,"Schibsted ASA, Class","3,605","1,66,647",,
CRBN,iShares MSCI ACWI Low Carbon Target ETF,31/07/21,Norway — 0.3%,Telenor ASA,"34,711","6,02,657","29,45,872",
CRBN,iShares MSCI ACWI Low Carbon Target ETF,31/07/21,Peru — 0.1%,Southern Copper Corp.,"8,034","5,27,352","5,27,352",
CRBN,iShares MSCI ACWI Low Carbon Target ETF,31/07/21,Philippines — 0.1%,Ayala Land Inc.,"2,16,300","1,41,502",,
CRBN,iShares MSCI ACWI Low Carbon Target ETF,31/07/21,Philippines — 0.1%,BDO Unibank Inc.,"49,460","1,00,929",,
CRBN,iShares MSCI ACWI Low Carbon Target ETF,31/07/21,Philippines — 0.1%,International Container Terminal Services Inc.,"48,540","1,51,005",,
CRBN,iShares MSCI ACWI Low Carbon Target ETF,31/07/21,Philippines — 0.1%,SM Prime Holdings Inc.,"2,36,900","1,49,200","5,42,636",
CRBN,iShares MSCI ACWI Low Carbon Target ETF,31/07/21,Poland — 0.1%,Bank Polska Kasa Opieki SA,"6,180","1,50,936",,
CRBN,iShares MSCI ACWI Low Carbon Target ETF,31/07/21,Poland — 0.1%,Powszechna Kasa Oszczednosci Bank Polski SA,"33,578","3,29,821",,
CRBN,iShares MSCI ACWI Low Carbon Target ETF,31/07/21,Poland — 0.1%,Powszechny Zaklad Ubezpieczen SA,"14,626","1,42,631","6,23,388",
CRBN,iShares MSCI ACWI Low Carbon Target ETF,31/07/21,Portugal — 0.0%,Jeronimo Martins SGPS SA,"13,493","2,74,904","2,74,904",
CRBN,iShares MSCI ACWI Low Carbon Target ETF,31/07/21,Qatar — 0.1%,Barwa Real Estate Co.,"3,63,590","2,99,441",,
CRBN,iShares MSCI ACWI Low Carbon Target ETF,31/07/21,Qatar — 0.1%,Industries Qatar QSC,"50,985","1,83,389",,
CRBN,iShares MSCI ACWI Low Carbon Target ETF,31/07/21,Qatar — 0.1%,Mesaieed Petrochemical Holding Co.,"4,29,613","2,21,483",,
CRBN,iShares MSCI ACWI Low Carbon Target ETF,31/07/21,Qatar — 0.1%,Qatar National Bank QPSC,"12,669","62,125","7,66,438",
CRBN,iShares MSCI ACWI Low Carbon Target ETF,31/07/21,Russia — 0.4%,Alrosa PJSC,"1,22,910","2,17,698",,
CRBN,iShares MSCI ACWI Low Carbon Target ETF,31/07/21,Russia — 0.4%,"Magnit PJSC, GDR","9,108","1,33,113",,
CRBN,iShares MSCI ACWI Low Carbon Target ETF,31/07/21,Russia — 0.4%,"Mobile TeleSystems PJSC, ADR","44,084","3,78,682",,
CRBN,iShares MSCI ACWI Low Carbon Target ETF,31/07/21,Russia — 0.4%,Moscow Exchange MICEX-RTS PJSC,"1,17,110","2,77,220",,
CRBN,iShares MSCI ACWI Low Carbon Target ETF,31/07/21,Russia — 0.4%,"Ozon Holdings PLC, ADR","3,502","1,82,370",,
CRBN,iShares MSCI ACWI Low Carbon Target ETF,31/07/21,Russia — 0.4%,Polymetal International PLC,"8,463","1,84,443",,
CRBN,iShares MSCI ACWI Low Carbon Target ETF,31/07/21,Russia — 0.4%,Polyus PJSC,869,"1,66,555",,
CRBN,iShares MSCI ACWI Low Carbon Target ETF,31/07/21,Russia — 0.4%,Sberbank Russia PJSC,"2,11,750","8,85,279",,
CRBN,iShares MSCI ACWI Low Carbon Target ETF,31/07/21,Russia — 0.4%,"TCS Group Holding PLC, Class, GDR","2,781","2,31,877",,
CRBN,iShares MSCI ACWI Low Carbon Target ETF,31/07/21,Russia — 0.4%,VTB Bank PJSC,"2,24,90,000","14,973",,
CRBN,iShares MSCI ACWI Low Carbon Target ETF,31/07/21,Russia — 0.4%,"Yandex NV, Class","6,884","4,68,006","31,40,216",
CRBN,iShares MSCI ACWI Low Carbon Target ETF,31/07/21,Saudi Arabia — 0.5%,Abdullah Al Othaim Markets Co.,"3,399","1,06,954",,
CRBN,iShares MSCI ACWI Low Carbon Target ETF,31/07/21,Saudi Arabia — 0.5%,Al Rajhi Bank,"19,642","5,81,113",,
CRBN,iShares MSCI ACWI Low Carbon Target ETF,31/07/21,Saudi Arabia — 0.5%,Arab National Bank,"23,690","1,42,125",,
CRBN,iShares MSCI ACWI Low Carbon Target ETF,31/07/21,Saudi Arabia — 0.5%,Bank Al-Jazira,"7,725","39,852",,
CRBN,iShares MSCI ACWI Low Carbon Target ETF,31/07/21,Saudi Arabia — 0.5%,Banque Saudi Fransi,"15,450","1,52,218",,
CRBN,iShares MSCI ACWI Low Carbon Target ETF,31/07/21,Saudi Arabia — 0.5%,Dar Al Arkan Real Estate Development Co.,"38,419","1,07,855",,
CRBN,iShares MSCI ACWI Low Carbon Target ETF,31/07/21,Saudi Arabia — 0.5%,Emaar Economic City,"68,083","2,46,423",,
CRBN,iShares MSCI ACWI Low Carbon Target ETF,31/07/21,Saudi Arabia — 0.5%,Etihad Etisalat Co.,"12,772","1,09,696",,
CRBN,iShares MSCI ACWI Low Carbon Target ETF,31/07/21,Saudi Arabia — 0.5%,National Petrochemical Co.,"33,641","4,15,746",,
CRBN,iShares MSCI ACWI Low Carbon Target ETF,31/07/21,Saudi Arabia — 0.5%,Riyad Bank,"28,531","1,99,315",,
CRBN,iShares MSCI ACWI Low Carbon Target ETF,31/07/21,Saudi Arabia — 0.5%,SABIC Agri-Nutrients Co.,"10,815","3,69,655",,
CRBN,iShares MSCI ACWI Low Carbon Target ETF,31/07/21,Saudi Arabia — 0.5%,Saudi British Bank (The),"23,175","1,90,324",,
CRBN,iShares MSCI ACWI Low Carbon Target ETF,31/07/21,Saudi Arabia — 0.5%,Saudi National Bank (The),"52,032","7,63,055",,
CRBN,iShares MSCI ACWI Low Carbon Target ETF,31/07/21,Saudi Arabia — 0.5%,Saudi Telecom Co.,"12,772","4,55,935",,
CRBN,iShares MSCI ACWI Low Carbon Target ETF,31/07/21,Saudi Arabia — 0.5%,Yanbu National Petrochemical Co.,"13,493","2,45,771","41,26,037",
CRBN,iShares MSCI ACWI Low Carbon Target ETF,31/07/21,Singapore — 0.2%,Ascendas REIT,"57,902","1,33,247",,
CRBN,iShares MSCI ACWI Low Carbon Target ETF,31/07/21,Singapore — 0.2%,City Developments Ltd.,"61,800","3,11,750",,
CRBN,iShares MSCI ACWI Low Carbon Target ETF,31/07/21,Singapore — 0.2%,DBS Group Holdings Ltd.,"20,600","4,60,953",,
CRBN,iShares MSCI ACWI Low Carbon Target ETF,31/07/21,Singapore — 0.2%,Genting Singapore Ltd.,"2,16,300","1,29,066",,
CRBN,iShares MSCI ACWI Low Carbon Target ETF,31/07/21,Singapore — 0.2%,Oversea-Chinese Banking Corp. Ltd.,"34,800","3,14,844",,
CRBN,iShares MSCI ACWI Low Carbon Target ETF,31/07/21,Singapore — 0.2%,Singapore Telecommunications Ltd.,"2,54,800","4,27,067",,
CRBN,iShares MSCI ACWI Low Carbon Target ETF,31/07/21,Singapore — 0.2%,United Overseas Bank Ltd.,"5,100","98,601",,
CRBN,iShares MSCI ACWI Low Carbon Target ETF,31/07/21,Singapore — 0.2%,UOL Group Ltd.,"30,900","1,66,074","20,41,602",
CRBN,iShares MSCI ACWI Low Carbon Target ETF,31/07/21,South Africa — 0.4%,Discovery Ltd.,"15,450","1,24,011",,
CRBN,iShares MSCI ACWI Low Carbon Target ETF,31/07/21,South Africa — 0.4%,FirstRand Ltd.,"70,761","2,62,542",,
CRBN,iShares MSCI ACWI Low Carbon Target ETF,31/07/21,South Africa — 0.4%,Gold Fields Ltd.,"16,995","1,67,838",,
CRBN,iShares MSCI ACWI Low Carbon Target ETF,31/07/21,South Africa — 0.4%,Growthpoint Properties Ltd.,"2,06,000","2,07,388",,
CRBN,iShares MSCI ACWI Low Carbon Target ETF,31/07/21,South Africa — 0.4%,Impala Platinum Holdings Ltd.,"11,227","2,02,383",,
CRBN,iShares MSCI ACWI Low Carbon Target ETF,31/07/21,South Africa — 0.4%,Kumba Iron Ore Ltd.,"4,944","2,62,300",,
CRBN,iShares MSCI ACWI Low Carbon Target ETF,31/07/21,South Africa — 0.4%,MTN Group Ltd.,"25,235","1,81,256",,
CRBN,iShares MSCI ACWI Low Carbon Target ETF,31/07/21,South Africa — 0.4%,"Naspers Ltd., Class N","5,871","11,32,987",,
CRBN,iShares MSCI ACWI Low Carbon Target ETF,31/07/21,South Africa — 0.4%,Nedbank Group Ltd.,"9,600","1,10,992",,
CRBN,iShares MSCI ACWI Low Carbon Target ETF,31/07/21,South Africa — 0.4%,NEPI Rockcastle PLC,"27,090","1,83,235",,
CRBN,iShares MSCI ACWI Low Carbon Target ETF,31/07/21,South Africa — 0.4%,Northam Platinum Ltd.,"29,705","4,67,771",,
CRBN,iShares MSCI ACWI Low Carbon Target ETF,31/07/21,South Africa — 0.4%,Old Mutual Ltd.,"1,26,896","1,11,901",,
CRBN,iShares MSCI ACWI Low Carbon Target ETF,31/07/21,South Africa — 0.4%,Reinet SCA,"6,386","1,24,558",,
CRBN,iShares MSCI ACWI Low Carbon Target ETF,31/07/21,South Africa — 0.4%,Sanlam Ltd.,"20,394","80,567",,
CRBN,iShares MSCI ACWI Low Carbon Target ETF,31/07/21,South Africa — 0.4%,Standard Bank Group Ltd.,"14,111","1,18,929","37,38,658",
CRBN,iShares MSCI ACWI Low Carbon Target ETF,31/07/21,South Korea — 1.6%,Amorepacific Corp.,"1,133","2,18,413",,
CRBN,iShares MSCI ACWI Low Carbon Target ETF,31/07/21,South Korea — 1.6%,Celltrion Healthcare Co. Ltd.,"1,779","1,66,489",,
CRBN,iShares MSCI ACWI Low Carbon Target ETF,31/07/21,South Korea — 1.6%,Celltrion Inc.,"1,402","3,09,500",,
CRBN,iShares MSCI ACWI Low Carbon Target ETF,31/07/21,South Korea — 1.6%,CJ ENM Co. Ltd.,"1,236","1,75,541",,
CRBN,iShares MSCI ACWI Low Carbon Target ETF,31/07/21,South Korea — 1.6%,Coway Co. Ltd.,"1,545","1,15,074",,
CRBN,iShares MSCI ACWI Low Carbon Target ETF,31/07/21,South Korea — 1.6%,GS Engineering & Construction Corp.,"5,253","2,01,475",,
CRBN,iShares MSCI ACWI Low Carbon Target ETF,31/07/21,South Korea — 1.6%,Hana Financial Group Inc.,"4,968","1,87,436",,
CRBN,iShares MSCI ACWI Low Carbon Target ETF,31/07/21,South Korea — 1.6%,HLB Inc.,"2,554","80,184",,
CRBN,iShares MSCI ACWI Low Carbon Target ETF,31/07/21,South Korea — 1.6%,Hotel Shilla Co. Ltd.,"1,339","1,08,974",,
CRBN,iShares MSCI ACWI Low Carbon Target ETF,31/07/21,South Korea — 1.6%,Hyundai Heavy Industries Holdings Co. Ltd.,"4,223","2,51,865",,
CRBN,iShares MSCI ACWI Low Carbon Target ETF,31/07/21,South Korea — 1.6%,Hyundai Mobis Co. Ltd.,"1,236","2,87,166",,
CRBN,iShares MSCI ACWI Low Carbon Target ETF,31/07/21,South Korea — 1.6%,Hyundai Motor Co.,"2,266","4,31,254",,
CRBN,iShares MSCI ACWI Low Carbon Target ETF,31/07/21,South Korea — 1.6%,Industrial Bank Korea,"14,214","1,27,176",,
CRBN,iShares MSCI ACWI Low Carbon Target ETF,31/07/21,South Korea — 1.6%,Kakao Corp.,"4,223","5,40,607",,
CRBN,iShares MSCI ACWI Low Carbon Target ETF,31/07/21,South Korea — 1.6%,Kangwon Land Inc.,"7,725","1,73,718",,
CRBN,iShares MSCI ACWI Low Carbon Target ETF,31/07/21,South Korea — 1.6%,KB Financial Group Inc.,"5,266","2,33,894",,
CRBN,iShares MSCI ACWI Low Carbon Target ETF,31/07/21,South Korea — 1.6%,Kia Corp.,"4,017","2,93,364",,
CRBN,iShares MSCI ACWI Low Carbon Target ETF,31/07/21,South Korea — 1.6%,Korea Aerospace Industries Ltd.,"3,456","97,529",,
CRBN,iShares MSCI ACWI Low Carbon Target ETF,31/07/21,South Korea — 1.6%,KT&G Corp.,"5,150","3,68,687",,
CRBN,iShares MSCI ACWI Low Carbon Target ETF,31/07/21,South Korea — 1.6%,LG Chem Ltd.,382,"2,80,580",,
CRBN,iShares MSCI ACWI Low Carbon Target ETF,31/07/21,South Korea — 1.6%,LG Electronics Inc.,"1,957","2,68,068",,
CRBN,iShares MSCI ACWI Low Carbon Target ETF,31/07/21,South Korea — 1.6%,LG Household & Health Care Ltd.,206,"2,61,295",,
CRBN,iShares MSCI ACWI Low Carbon Target ETF,31/07/21,South Korea — 1.6%,NAVER Corp.,"1,689","6,36,586",,
CRBN,iShares MSCI ACWI Low Carbon Target ETF,31/07/21,South Korea — 1.6%,NCSoft Corp.,414,"2,96,931",,
CRBN,iShares MSCI ACWI Low Carbon Target ETF,31/07/21,South Korea — 1.6%,Samsung Biologics Co. Ltd.,412,"3,18,751",,
CRBN,iShares MSCI ACWI Low Carbon Target ETF,31/07/21,South Korea — 1.6%,Samsung C&T Corp.,"1,957","2,41,074",,
CRBN,iShares MSCI ACWI Low Carbon Target ETF,31/07/21,South Korea — 1.6%,Samsung Electronics Co. Ltd.,"65,204","44,55,806",,
CRBN,iShares MSCI ACWI Low Carbon Target ETF,31/07/21,South Korea — 1.6%,Samsung Engineering Co. Ltd.,"9,682","1,96,824",,
CRBN,iShares MSCI ACWI Low Carbon Target ETF,31/07/21,South Korea — 1.6%,Samsung Fire & Marine Insurance Co. Ltd.,824,"1,53,716",,
CRBN,iShares MSCI ACWI Low Carbon Target ETF,31/07/21,South Korea — 1.6%,Samsung Life Insurance Co. Ltd.,"3,811","2,50,063",,
CRBN,iShares MSCI ACWI Low Carbon Target ETF,31/07/21,South Korea — 1.6%,Samsung SDI Co. Ltd.,824,"5,31,924",,
CRBN,iShares MSCI ACWI Low Carbon Target ETF,31/07/21,South Korea — 1.6%,Samsung SDS Co. Ltd.,"1,133","1,80,006",,
CRBN,iShares MSCI ACWI Low Carbon Target ETF,31/07/21,South Korea — 1.6%,Shinhan Financial Group Co. Ltd.,"6,493","2,20,068",,
CRBN,iShares MSCI ACWI Low Carbon Target ETF,31/07/21,South Korea — 1.6%,SK Hynix Inc.,"7,725","7,56,249",,
CRBN,iShares MSCI ACWI Low Carbon Target ETF,31/07/21,South Korea — 1.6%,SK Inc.,"1,648","3,84,614",,
CRBN,iShares MSCI ACWI Low Carbon Target ETF,31/07/21,South Korea — 1.6%,SK Telecom Co. Ltd.,866,"2,26,835","1,40,27,736",
CRBN,iShares MSCI ACWI Low Carbon Target ETF,31/07/21,Spain — 0.6%,Aena SME SA,"1,442","2,29,634",,
CRBN,iShares MSCI ACWI Low Carbon Target ETF,31/07/21,Spain — 0.6%,Amadeus IT Group SA,"7,725","5,06,611",,
CRBN,iShares MSCI ACWI Low Carbon Target ETF,31/07/21,Spain — 0.6%,Banco Bilbao Vizcaya Argentaria SA,"97,335","6,23,088",,
CRBN,iShares MSCI ACWI Low Carbon Target ETF,31/07/21,Spain — 0.6%,Banco Santander SA,"2,44,584","8,95,948",,
CRBN,iShares MSCI ACWI Low Carbon Target ETF,31/07/21,Spain — 0.6%,CaixaBank SA,"63,757","1,89,352",,
CRBN,iShares MSCI ACWI Low Carbon Target ETF,31/07/21,Spain — 0.6%,Cellnex Telecom SA,"5,877","3,83,278",,
CRBN,iShares MSCI ACWI Low Carbon Target ETF,31/07/21,Spain — 0.6%,Enagas SA,"7,009","1,60,979",,
CRBN,iShares MSCI ACWI Low Carbon Target ETF,31/07/21,Spain — 0.6%,Ferrovial SA,"11,664","3,46,131",,
CRBN,iShares MSCI ACWI Low Carbon Target ETF,31/07/21,Spain — 0.6%,Iberdrola SA,"39,025","4,69,667",,
CRBN,iShares MSCI ACWI Low Carbon Target ETF,31/07/21,Spain — 0.6%,Industria de Diseno Textil SA,"17,510","5,93,876",,
CRBN,iShares MSCI ACWI Low Carbon Target ETF,31/07/21,Spain — 0.6%,Red Electrica Corp. SA,"9,559","1,89,352",,
CRBN,iShares MSCI ACWI Low Carbon Target ETF,31/07/21,Spain — 0.6%,Siemens Gamesa Renewable Energy SA,"6,283","1,75,226",,
CRBN,iShares MSCI ACWI Low Carbon Target ETF,31/07/21,Spain — 0.6%,Telefonica SA,"92,870","4,24,866","51,88,008",
CRBN,iShares MSCI ACWI Low Carbon Target ETF,31/07/21,Sweden — 1.0%,Alfa Laval AB,"7,064","2,94,999",,
CRBN,iShares MSCI ACWI Low Carbon Target ETF,31/07/21,Sweden — 1.0%,"Assa Abloy AB, Class","16,892","5,41,832",,
CRBN,iShares MSCI ACWI Low Carbon Target ETF,31/07/21,Sweden — 1.0%,"Atlas Copco AB, Class","5,359","3,62,938",,
CRBN,iShares MSCI ACWI Low Carbon Target ETF,31/07/21,Sweden — 1.0%,"Atlas Copco AB, Class","8,890","5,05,471",,
CRBN,iShares MSCI ACWI Low Carbon Target ETF,31/07/21,Sweden — 1.0%,Boliden AB,"14,214","5,53,947",,
CRBN,iShares MSCI ACWI Low Carbon Target ETF,31/07/21,Sweden — 1.0%,"Epiroc AB, Class","9,373","2,18,341",,
CRBN,iShares MSCI ACWI Low Carbon Target ETF,31/07/21,Sweden — 1.0%,Evolution AB,"2,472","4,30,129",,
CRBN,iShares MSCI ACWI Low Carbon Target ETF,31/07/21,Sweden — 1.0%,"H & M Hennes & Mauritz AB, Class","13,184","2,75,634",,
CRBN,iShares MSCI ACWI Low Carbon Target ETF,31/07/21,Sweden — 1.0%,"Hexagon AB, Class","29,561","4,89,341",,
CRBN,iShares MSCI ACWI Low Carbon Target ETF,31/07/21,Sweden — 1.0%,ICA Gruppen AB,"3,502","1,73,098",,
CRBN,iShares MSCI ACWI Low Carbon Target ETF,31/07/21,Sweden — 1.0%,"Industrivarden AB, Class","8,652","3,31,198",,
CRBN,iShares MSCI ACWI Low Carbon Target ETF,31/07/21,Sweden — 1.0%,"Investor AB, Class","41,097","10,17,748",,
CRBN,iShares MSCI ACWI Low Carbon Target ETF,31/07/21,Sweden — 1.0%,"Kinnevik AB, Class","5,768","2,51,461",,
CRBN,iShares MSCI ACWI Low Carbon Target ETF,31/07/21,Sweden — 1.0%,"Nibe Industrier AB, Class","22,454","2,68,325",,
CRBN,iShares MSCI ACWI Low Carbon Target ETF,31/07/21,Sweden — 1.0%,Sandvik AB,"18,477","4,81,812",,
CRBN,iShares MSCI ACWI Low Carbon Target ETF,31/07/21,Sweden — 1.0%,"Skandinaviska Enskilda Banken AB, Class","15,476","2,09,312",,
CRBN,iShares MSCI ACWI Low Carbon Target ETF,31/07/21,Sweden — 1.0%,"Skanska AB, Class","6,901","1,94,813",,
CRBN,iShares MSCI ACWI Low Carbon Target ETF,31/07/21,Sweden — 1.0%,"Svenska Cellulosa AB SCA, Class","11,639","2,16,487",,
CRBN,iShares MSCI ACWI Low Carbon Target ETF,31/07/21,Sweden — 1.0%,"Svenska Handelsbanken AB, Class","12,051","1,35,806",,
CRBN,iShares MSCI ACWI Low Carbon Target ETF,31/07/21,Sweden — 1.0%,Swedish Match AB,"25,750","2,30,590",,
CRBN,iShares MSCI ACWI Low Carbon Target ETF,31/07/21,Sweden — 1.0%,"Telefonaktiebolaget LM Ericsson, Class","31,930","3,68,286",,
CRBN,iShares MSCI ACWI Low Carbon Target ETF,31/07/21,Sweden — 1.0%,Telia Co. AB,"60,770","2,66,556",,
CRBN,iShares MSCI ACWI Low Carbon Target ETF,31/07/21,Sweden — 1.0%,"Volvo AB, Class","25,132","5,92,657","84,10,781",
CRBN,iShares MSCI ACWI Low Carbon Target ETF,31/07/21,Switzerland — 2.5%,"ABB Ltd., Registered","23,278","8,51,005",,
CRBN,iShares MSCI ACWI Low Carbon Target ETF,31/07/21,Switzerland — 2.5%,"Adecco Group AG, Registered","2,781","1,66,543",,
CRBN,iShares MSCI ACWI Low Carbon Target ETF,31/07/21,Switzerland — 2.5%,Alcon Inc.,"5,253","3,82,414",,
CRBN,iShares MSCI ACWI Low Carbon Target ETF,31/07/21,Switzerland — 2.5%,"Cie. Financiere Richemont SA, Class, Registered","7,210","9,22,658",,
CRBN,iShares MSCI ACWI Low Carbon Target ETF,31/07/21,Switzerland — 2.5%,"Coca-Cola HBC AG, Class DI","6,798","2,56,712",,
CRBN,iShares MSCI ACWI Low Carbon Target ETF,31/07/21,Switzerland — 2.5%,"Credit Suisse Group AG, Registered","39,346","3,95,006",,
CRBN,iShares MSCI ACWI Low Carbon Target ETF,31/07/21,Switzerland — 2.5%,"EMS-Chemie Holding AG, Registered",103,"1,14,182",,
CRBN,iShares MSCI ACWI Low Carbon Target ETF,31/07/21,Switzerland — 2.5%,"Geberit AG, Registered",412,"3,38,284",,
CRBN,iShares MSCI ACWI Low Carbon Target ETF,31/07/21,Switzerland — 2.5%,"Givaudan SA, Registered",152,"7,58,669",,
CRBN,iShares MSCI ACWI Low Carbon Target ETF,31/07/21,Switzerland — 2.5%,Julius Baer Group Ltd.,"3,811","2,51,534",,
CRBN,iShares MSCI ACWI Low Carbon Target ETF,31/07/21,Switzerland — 2.5%,"Kuehne Nagel International AG, Registered",824,"2,77,962",,
CRBN,iShares MSCI ACWI Low Carbon Target ETF,31/07/21,Switzerland — 2.5%,"Logitech International SA, Registered","2,987","3,28,180",,
CRBN,iShares MSCI ACWI Low Carbon Target ETF,31/07/21,Switzerland — 2.5%,"Lonza Group AG, Registered",618,"4,81,191",,
CRBN,iShares MSCI ACWI Low Carbon Target ETF,31/07/21,Switzerland — 2.5%,"Nestle SA, Registered","37,183","47,08,470",,
CRBN,iShares MSCI ACWI Low Carbon Target ETF,31/07/21,Switzerland — 2.5%,"Novartis AG, Registered","26,986","24,95,622",,
CRBN,iShares MSCI ACWI Low Carbon Target ETF,31/07/21,Switzerland — 2.5%,Partners Group Holding AG,206,"3,51,923",,
CRBN,iShares MSCI ACWI Low Carbon Target ETF,31/07/21,Switzerland — 2.5%,"Roche Holding AG, NVS","9,167","35,41,323",,
CRBN,iShares MSCI ACWI Low Carbon Target ETF,31/07/21,Switzerland — 2.5%,"Schindler Holding AG, Participation Certificates, NVS","1,236","4,00,137",,
CRBN,iShares MSCI ACWI Low Carbon Target ETF,31/07/21,Switzerland — 2.5%,"SGS SA, Registered",103,"3,33,377",,
CRBN,iShares MSCI ACWI Low Carbon Target ETF,31/07/21,Switzerland — 2.5%,Siemens Energy AG,"8,980","2,44,299",,
CRBN,iShares MSCI ACWI Low Carbon Target ETF,31/07/21,Switzerland — 2.5%,"Sika AG, Registered","2,781","9,79,664",,
CRBN,iShares MSCI ACWI Low Carbon Target ETF,31/07/21,Switzerland — 2.5%,"Sonova Holding AG, Registered",621,"2,43,826",,
CRBN,iShares MSCI ACWI Low Carbon Target ETF,31/07/21,Switzerland — 2.5%,STMicroelectronics NV,"10,609","4,36,600",,
CRBN,iShares MSCI ACWI Low Carbon Target ETF,31/07/21,Switzerland — 2.5%,"Straumann Holding AG, Registered",103,"1,90,964",,
CRBN,iShares MSCI ACWI Low Carbon Target ETF,31/07/21,Switzerland — 2.5%,"Swiss Life Holding AG, Registered",412,"2,12,511",,
CRBN,iShares MSCI ACWI Low Carbon Target ETF,31/07/21,Switzerland — 2.5%,Swiss Re AG,"3,708","3,36,169",,
CRBN,iShares MSCI ACWI Low Carbon Target ETF,31/07/21,Switzerland — 2.5%,"Temenos AG, Registered","1,751","2,78,144",,
CRBN,iShares MSCI ACWI Low Carbon Target ETF,31/07/21,Switzerland — 2.5%,"UBS Group AG, Registered","44,648","7,35,610",,
CRBN,iShares MSCI ACWI Low Carbon Target ETF,31/07/21,Switzerland — 2.5%,Vifor Pharma AG,"1,030","1,44,047",,
CRBN,iShares MSCI ACWI Low Carbon Target ETF,31/07/21,Switzerland — 2.5%,Zurich Insurance Group AG,"1,648","6,64,432","2,18,21,458",
CRBN,iShares MSCI ACWI Low Carbon Target ETF,31/07/21,Taiwan — 1.7%,Acer Inc.,"2,06,000","2,01,100",,
CRBN,iShares MSCI ACWI Low Carbon Target ETF,31/07/21,Taiwan — 1.7%,Cathay Financial Holding Co. Ltd.,"3,17,253","6,17,473",,
CRBN,iShares MSCI ACWI Low Carbon Target ETF,31/07/21,Taiwan — 1.7%,China Development Financial Holding Corp.,"8,24,000","4,16,510",,
CRBN,iShares MSCI ACWI Low Carbon Target ETF,31/07/21,Taiwan — 1.7%,China Life Insurance Co. Ltd.,"2,00,345","1,88,932",,
CRBN,iShares MSCI ACWI Low Carbon Target ETF,31/07/21,Taiwan — 1.7%,Chunghwa Telecom Co. Ltd.,"1,03,000","4,25,026",,
CRBN,iShares MSCI ACWI Low Carbon Target ETF,31/07/21,Taiwan — 1.7%,CTBC Financial Holding Co. Ltd.,"5,15,400","4,22,062",,
CRBN,iShares MSCI ACWI Low Carbon Target ETF,31/07/21,Taiwan — 1.7%,Delta Electronics Inc.,"21,000","2,16,383",,
CRBN,iShares MSCI ACWI Low Carbon Target ETF,31/07/21,Taiwan — 1.7%,E.Sun Financial Holding Co. Ltd.,"2,16,936","2,05,751",,
CRBN,iShares MSCI ACWI Low Carbon Target ETF,31/07/21,Taiwan — 1.7%,Fubon Financial Holding Co. Ltd.,"3,09,000","8,30,641",,
CRBN,iShares MSCI ACWI Low Carbon Target ETF,31/07/21,Taiwan — 1.7%,Hon Hai Precision Industry Co. Ltd.,"1,40,720","5,56,086",,
CRBN,iShares MSCI ACWI Low Carbon Target ETF,31/07/21,Taiwan — 1.7%,Hotai Motor Co. Ltd.,"5,000","1,05,843",,
CRBN,iShares MSCI ACWI Low Carbon Target ETF,31/07/21,Taiwan — 1.7%,MediaTek Inc.,"21,000","6,86,655",,
CRBN,iShares MSCI ACWI Low Carbon Target ETF,31/07/21,Taiwan — 1.7%,Mega Financial Holding Co. Ltd.,"2,06,000","2,43,979",,
CRBN,iShares MSCI ACWI Low Carbon Target ETF,31/07/21,Taiwan — 1.7%,Shin Kong Financial Holding Co. Ltd.,"6,43,439","2,11,249",,
CRBN,iShares MSCI ACWI Low Carbon Target ETF,31/07/21,Taiwan — 1.7%,SinoPac Financial Holdings Co. Ltd.,"5,15,200","2,59,366",,
CRBN,iShares MSCI ACWI Low Carbon Target ETF,31/07/21,Taiwan — 1.7%,Taishin Financial Holding Co. Ltd.,"5,52,001","3,34,963",,
CRBN,iShares MSCI ACWI Low Carbon Target ETF,31/07/21,Taiwan — 1.7%,Taiwan Cooperative Financial Holding Co. Ltd.,"2,08,740","1,63,180",,
CRBN,iShares MSCI ACWI Low Carbon Target ETF,31/07/21,Taiwan — 1.7%,Taiwan Mobile Co. Ltd.,"1,03,000","3,83,050",,
CRBN,iShares MSCI ACWI Low Carbon Target ETF,31/07/21,Taiwan — 1.7%,Taiwan Semiconductor Manufacturing Co. Ltd.,"3,30,000","68,96,834",,
CRBN,iShares MSCI ACWI Low Carbon Target ETF,31/07/21,Taiwan — 1.7%,Uni-President Enterprises Corp.,"2,06,000","5,40,262",,
CRBN,iShares MSCI ACWI Low Carbon Target ETF,31/07/21,Taiwan — 1.7%,United Microelectronics Corp.,"1,82,000","3,80,589",,
CRBN,iShares MSCI ACWI Low Carbon Target ETF,31/07/21,Taiwan — 1.7%,Yuanta Financial Holding Co. Ltd.,"3,09,600","2,81,584","1,45,67,518",
CRBN,iShares MSCI ACWI Low Carbon Target ETF,31/07/21,Thailand — 0.2%,"Airports Thailand PCL, NVDR","1,85,400","3,19,021",,
CRBN,iShares MSCI ACWI Low Carbon Target ETF,31/07/21,Thailand — 0.2%,"Bangkok Bank PCL, Foreign","82,400","2,56,883",,
CRBN,iShares MSCI ACWI Low Carbon Target ETF,31/07/21,Thailand — 0.2%,"Bangkok Expressway & Metro PCL, NVDR","19,48,900","4,53,798",,
CRBN,iShares MSCI ACWI Low Carbon Target ETF,31/07/21,Thailand — 0.2%,"CP ALL PCL, NVDR","1,13,300","2,03,528",,
CRBN,iShares MSCI ACWI Low Carbon Target ETF,31/07/21,Thailand — 0.2%,"Krung Thai Bank PCL, NVDR","6,38,600","1,96,072",,
CRBN,iShares MSCI ACWI Low Carbon Target ETF,31/07/21,Thailand — 0.2%,"Siam Commercial Bank PCL (The), NVDR","1,03,000","2,93,117","17,22,419",
CRBN,iShares MSCI ACWI Low Carbon Target ETF,31/07/21,Turkey — 0.0%,Akbank TAS,"1,47,139","91,907",,
CRBN,iShares MSCI ACWI Low Carbon Target ETF,31/07/21,Turkey — 0.0%,BIM Birlesik Magazalar AS,"15,347","1,15,476",,
CRBN,iShares MSCI ACWI Low Carbon Target ETF,31/07/21,Turkey — 0.0%,"Turkiye Is Bankasi AS, Class","38,466","24,073","2,31,456",
CRBN,iShares MSCI ACWI Low Carbon Target ETF,31/07/21,United Arab Emirates — 0.1%,Emaar Properties PJSC,"98,880","1,06,884",,
CRBN,iShares MSCI ACWI Low Carbon Target ETF,31/07/21,United Arab Emirates — 0.1%,Emirates Telecommunications Group Co. PJSC,"56,238","3,49,081",,
CRBN,iShares MSCI ACWI Low Carbon Target ETF,31/07/21,United Arab Emirates — 0.1%,First Abu Dhabi Bank PJSC,"67,638","3,05,307","7,61,272",
CRBN,iShares MSCI ACWI Low Carbon Target ETF,31/07/21,United Kingdom — 3.5%,3 i Group PLC,"26,986","4,79,627",,
CRBN,iShares MSCI ACWI Low Carbon Target ETF,31/07/21,United Kingdom — 3.5%,Abrdn PLC,"45,114","1,77,972",,
CRBN,iShares MSCI ACWI Low Carbon Target ETF,31/07/21,United Kingdom — 3.5%,Amcor PLC,"23,175","2,67,903",,
CRBN,iShares MSCI ACWI Low Carbon Target ETF,31/07/21,United Kingdom — 3.5%,Antofagasta PLC,"29,973","6,22,337",,
CRBN,iShares MSCI ACWI Low Carbon Target ETF,31/07/21,United Kingdom — 3.5%,Aptiv PLC,"3,502","5,84,309",,
CRBN,iShares MSCI ACWI Low Carbon Target ETF,31/07/21,United Kingdom — 3.5%,Ashtead Group PLC,"7,416","5,54,935",,
CRBN,iShares MSCI ACWI Low Carbon Target ETF,31/07/21,United Kingdom — 3.5%,AstraZeneca PLC,"19,940","22,91,303",,
CRBN,iShares MSCI ACWI Low Carbon Target ETF,31/07/21,United Kingdom — 3.5%,Aviva PLC,"78,589","4,22,073",,
CRBN,iShares MSCI ACWI Low Carbon Target ETF,31/07/21,United Kingdom — 3.5%,BAE Systems PLC,"25,956","2,08,103",,
CRBN,iShares MSCI ACWI Low Carbon Target ETF,31/07/21,United Kingdom — 3.5%,Barclays PLC,"2,29,278","5,54,642",,
CRBN,iShares MSCI ACWI Low Carbon Target ETF,31/07/21,United Kingdom — 3.5%,Barratt Developments PLC,"23,896","2,33,528",,
CRBN,iShares MSCI ACWI Low Carbon Target ETF,31/07/21,United Kingdom — 3.5%,Berkeley Group Holdings PLC,"3,296","2,21,913",,
CRBN,iShares MSCI ACWI Low Carbon Target ETF,31/07/21,United Kingdom — 3.5%,British American Tobacco PLC,"32,243","11,99,194",,
CRBN,iShares MSCI ACWI Low Carbon Target ETF,31/07/21,United Kingdom — 3.5%,British Land Co. PLC (The),"32,548","2,30,438",,
CRBN,iShares MSCI ACWI Low Carbon Target ETF,31/07/21,United Kingdom — 3.5%,BT Group PLC,"1,02,897","2,47,852",,
CRBN,iShares MSCI ACWI Low Carbon Target ETF,31/07/21,United Kingdom — 3.5%,Bunzl PLC,"6,077","2,25,136",,
CRBN,iShares MSCI ACWI Low Carbon Target ETF,31/07/21,United Kingdom — 3.5%,Burberry Group PLC,"7,931","2,27,489",,
CRBN,iShares MSCI ACWI Low Carbon Target ETF,31/07/21,United Kingdom — 3.5%,Coca-Cola Europacific Partners PLC,"3,090","1,91,765",,
CRBN,iShares MSCI ACWI Low Carbon Target ETF,31/07/21,United Kingdom — 3.5%,Compass Group PLC,"26,162","5,52,800",,
CRBN,iShares MSCI ACWI Low Carbon Target ETF,31/07/21,United Kingdom — 3.5%,Croda International PLC,"4,160","4,86,975",,
CRBN,iShares MSCI ACWI Low Carbon Target ETF,31/07/21,United Kingdom — 3.5%,DCC PLC,"2,266","1,89,717",,
CRBN,iShares MSCI ACWI Low Carbon Target ETF,31/07/21,United Kingdom — 3.5%,Diageo PLC,"33,269","16,49,685",,
CRBN,iShares MSCI ACWI Low Carbon Target ETF,31/07/21,United Kingdom — 3.5%,Direct Line Insurance Group PLC,"19,982","82,600",,
CRBN,iShares MSCI ACWI Low Carbon Target ETF,31/07/21,United Kingdom — 3.5%,Entain PLC,"10,403","2,62,325",,
CRBN,iShares MSCI ACWI Low Carbon Target ETF,31/07/21,United Kingdom — 3.5%,Experian PLC,"13,741","6,04,959",,
CRBN,iShares MSCI ACWI Low Carbon Target ETF,31/07/21,United Kingdom — 3.5%,Ferguson PLC,"4,326","6,06,458",,
CRBN,iShares MSCI ACWI Low Carbon Target ETF,31/07/21,United Kingdom — 3.5%,GlaxoSmithKline PLC,"63,757","12,58,807",,
CRBN,iShares MSCI ACWI Low Carbon Target ETF,31/07/21,United Kingdom — 3.5%,Halma PLC,"7,725","3,10,089",,
CRBN,iShares MSCI ACWI Low Carbon Target ETF,31/07/21,United Kingdom — 3.5%,Hargreaves Lansdown PLC,"4,532","1,02,789",,
CRBN,iShares MSCI ACWI Low Carbon Target ETF,31/07/21,United Kingdom — 3.5%,HSBC Holdings PLC,"2,55,337","14,09,510",,
CRBN,iShares MSCI ACWI Low Carbon Target ETF,31/07/21,United Kingdom — 3.5%,Imperial Brands PLC,"15,862","3,39,610",,
CRBN,iShares MSCI ACWI Low Carbon Target ETF,31/07/21,United Kingdom — 3.5%,Informa PLC,"24,926","1,71,274",,
CRBN,iShares MSCI ACWI Low Carbon Target ETF,31/07/21,United Kingdom — 3.5%,Intertek Group PLC,"2,678","1,91,868",,
CRBN,iShares MSCI ACWI Low Carbon Target ETF,31/07/21,United Kingdom — 3.5%,JD Sports Fashion PLC,"7,725","96,255",,
CRBN,iShares MSCI ACWI Low Carbon Target ETF,31/07/21,United Kingdom — 3.5%,Johnson Matthey PLC,"6,592","2,72,476",,
CRBN,iShares MSCI ACWI Low Carbon Target ETF,31/07/21,United Kingdom — 3.5%,Kingfisher PLC,"37,080","1,90,459",,
CRBN,iShares MSCI ACWI Low Carbon Target ETF,31/07/21,United Kingdom — 3.5%,Land Securities Group PLC,"21,012","2,06,808",,
CRBN,iShares MSCI ACWI Low Carbon Target ETF,31/07/21,United Kingdom — 3.5%,Legal & General Group PLC,"1,13,197","4,10,052",,
CRBN,iShares MSCI ACWI Low Carbon Target ETF,31/07/21,United Kingdom — 3.5%,Lloyds Banking Group PLC,"10,15,786","6,42,248",,
CRBN,iShares MSCI ACWI Low Carbon Target ETF,31/07/21,United Kingdom — 3.5%,London Stock Exchange Group PLC,"4,667","4,86,634",,
CRBN,iShares MSCI ACWI Low Carbon Target ETF,31/07/21,United Kingdom — 3.5%,M&G PLC,"77,971","2,44,146",,
CRBN,iShares MSCI ACWI Low Carbon Target ETF,31/07/21,United Kingdom — 3.5%,Melrose Industries PLC,"86,623","1,92,500",,
CRBN,iShares MSCI ACWI Low Carbon Target ETF,31/07/21,United Kingdom — 3.5%,National Grid PLC,"69,525","8,88,955",,
CRBN,iShares MSCI ACWI Low Carbon Target ETF,31/07/21,United Kingdom — 3.5%,Natwest Group PLC,"61,800","1,73,455",,
CRBN,iShares MSCI ACWI Low Carbon Target ETF,31/07/21,United Kingdom — 3.5%,Next PLC,"2,163","2,36,943",,
CRBN,iShares MSCI ACWI Low Carbon Target ETF,31/07/21,United Kingdom — 3.5%,Ocado Group PLC,"6,592","1,69,859",,
CRBN,iShares MSCI ACWI Low Carbon Target ETF,31/07/21,United Kingdom — 3.5%,Pearson PLC,"16,686","2,01,074",,
CRBN,iShares MSCI ACWI Low Carbon Target ETF,31/07/21,United Kingdom — 3.5%,Persimmon PLC,"5,699","2,29,884",,
CRBN,iShares MSCI ACWI Low Carbon Target ETF,31/07/21,United Kingdom — 3.5%,Prudential PLC,"41,033","7,70,552",,
CRBN,iShares MSCI ACWI Low Carbon Target ETF,31/07/21,United Kingdom — 3.5%,Reckitt Benckiser Group PLC,"9,785","7,48,549",,
CRBN,iShares MSCI ACWI Low Carbon Target ETF,31/07/21,United Kingdom — 3.5%,RELX PLC,"27,501","8,08,372",,
CRBN,iShares MSCI ACWI Low Carbon Target ETF,31/07/21,United Kingdom — 3.5%,Rentokil Initial PLC,"23,175","1,82,561",,
CRBN,iShares MSCI ACWI Low Carbon Target ETF,31/07/21,United Kingdom — 3.5%,Rolls-Royce Holdings PLC,"1,37,299","1,89,626",,
CRBN,iShares MSCI ACWI Low Carbon Target ETF,31/07/21,United Kingdom — 3.5%,Sage Group PLC (The),"7,725","75,299",,
CRBN,iShares MSCI ACWI Low Carbon Target ETF,31/07/21,United Kingdom — 3.5%,Segro PLC,"13,493","2,28,089",,
CRBN,iShares MSCI ACWI Low Carbon Target ETF,31/07/21,United Kingdom — 3.5%,Sensata Technologies Holding PLC,"3,502","2,05,287",,
CRBN,iShares MSCI ACWI Low Carbon Target ETF,31/07/21,United Kingdom — 3.5%,Severn Trent PLC,"12,566","4,88,460",,
CRBN,iShares MSCI ACWI Low Carbon Target ETF,31/07/21,United Kingdom — 3.5%,Smith & Nephew PLC,"19,673","4,01,463",,
CRBN,iShares MSCI ACWI Low Carbon Target ETF,31/07/21,United Kingdom — 3.5%,Smiths Group PLC,"10,403","2,24,771",,
CRBN,iShares MSCI ACWI Low Carbon Target ETF,31/07/21,United Kingdom — 3.5%,St. James’s Place PLC,"4,944","1,08,926",,
CRBN,iShares MSCI ACWI Low Carbon Target ETF,31/07/21,United Kingdom — 3.5%,Standard Chartered PLC,"17,242","1,03,362",,
CRBN,iShares MSCI ACWI Low Carbon Target ETF,31/07/21,United Kingdom — 3.5%,Taylor Wimpey PLC,"87,344","1,99,692",,
CRBN,iShares MSCI ACWI Low Carbon Target ETF,31/07/21,United Kingdom — 3.5%,Tesco PLC,"54,541","1,76,571",,
CRBN,iShares MSCI ACWI Low Carbon Target ETF,31/07/21,United Kingdom — 3.5%,Unilever PLC,"35,913","20,66,850",,
CRBN,iShares MSCI ACWI Low Carbon Target ETF,31/07/21,United Kingdom — 3.5%,United Utilities Group PLC,"30,385","4,52,417",,
CRBN,iShares MSCI ACWI Low Carbon Target ETF,31/07/21,United Kingdom — 3.5%,Vodafone Group PLC,"3,87,074","6,22,396",,
CRBN,iShares MSCI ACWI Low Carbon Target ETF,31/07/21,United Kingdom — 3.5%,Whitbread PLC,"6,015","2,54,229",,
CRBN,iShares MSCI ACWI Low Carbon Target ETF,31/07/21,United Kingdom — 3.5%,WPP PLC,"22,454","2,90,398","3,03,99,603",
CRBN,iShares MSCI ACWI Low Carbon Target ETF,31/07/21,United States — 58.6%,"10 X Genomics Inc., Class","1,545","2,83,090",,
CRBN,iShares MSCI ACWI Low Carbon Target ETF,31/07/21,United States — 58.6%,3 M Co.,"6,901","13,65,984",,
CRBN,iShares MSCI ACWI Low Carbon Target ETF,31/07/21,United States — 58.6%,O Smith Corp.,"4,326","3,04,248",,
CRBN,iShares MSCI ACWI Low Carbon Target ETF,31/07/21,United States — 58.6%,Abbott Laboratories,"23,690","28,66,016",,
CRBN,iShares MSCI ACWI Low Carbon Target ETF,31/07/21,United States — 58.6%,AbbVie Inc.,"24,308","28,27,020",,
CRBN,iShares MSCI ACWI Low Carbon Target ETF,31/07/21,United States — 58.6%,ABIOMED Inc.,824,"2,69,563",,
CRBN,iShares MSCI ACWI Low Carbon Target ETF,31/07/21,United States — 58.6%,"Accenture PLC, Class","8,755","27,81,288",,
CRBN,iShares MSCI ACWI Low Carbon Target ETF,31/07/21,United States — 58.6%,Activision Blizzard Inc.,"8,755","7,32,093",,
CRBN,iShares MSCI ACWI Low Carbon Target ETF,31/07/21,United States — 58.6%,Adobe Inc.,"5,871","36,49,590",,
CRBN,iShares MSCI ACWI Low Carbon Target ETF,31/07/21,United States — 58.6%,Advanced Micro Devices Inc.,"16,377","17,39,074",,
CRBN,iShares MSCI ACWI Low Carbon Target ETF,31/07/21,United States — 58.6%,Aflac Inc.,"12,463","6,85,466",,
CRBN,iShares MSCI ACWI Low Carbon Target ETF,31/07/21,United States — 58.6%,Agilent Technologies Inc.,"4,223","6,47,090",,
CRBN,iShares MSCI ACWI Low Carbon Target ETF,31/07/21,United States — 58.6%,AGNC Investment Corp.,"14,832","2,35,384",,
CRBN,iShares MSCI ACWI Low Carbon Target ETF,31/07/21,United States — 58.6%,Air Products & Chemicals Inc.,824,"2,39,809",,
CRBN,iShares MSCI ACWI Low Carbon Target ETF,31/07/21,United States — 58.6%,"Airbnb Inc., Class","1,854","2,66,995",,
CRBN,iShares MSCI ACWI Low Carbon Target ETF,31/07/21,United States — 58.6%,Akamai Technologies Inc.,"2,060","2,47,035",,
CRBN,iShares MSCI ACWI Low Carbon Target ETF,31/07/21,United States — 58.6%,Albemarle Corp.,"2,781","5,72,997",,
CRBN,iShares MSCI ACWI Low Carbon Target ETF,31/07/21,United States — 58.6%,Alexandria Real Estate Equities Inc.,"1,339","2,69,594",,
CRBN,iShares MSCI ACWI Low Carbon Target ETF,31/07/21,United States — 58.6%,Align Technology Inc.,"1,133","7,88,341",,
CRBN,iShares MSCI ACWI Low Carbon Target ETF,31/07/21,United States — 58.6%,Allegion PLC,"1,957","2,67,326",,
CRBN,iShares MSCI ACWI Low Carbon Target ETF,31/07/21,United States — 58.6%,Allstate Corp. (The),"4,635","6,02,782",,
CRBN,iShares MSCI ACWI Low Carbon Target ETF,31/07/21,United States — 58.6%,Ally Financial Inc.,"4,944","2,53,924",,
CRBN,iShares MSCI ACWI Low Carbon Target ETF,31/07/21,United States — 58.6%,Alnylam Pharmaceuticals Inc.,"1,648","2,94,893",,
CRBN,iShares MSCI ACWI Low Carbon Target ETF,31/07/21,United States — 58.6%,"Alphabet Inc., Class","3,708","99,91,317",,
CRBN,iShares MSCI ACWI Low Carbon Target ETF,31/07/21,United States — 58.6%,"Alphabet Inc., Class, NVS","4,017","1,08,63,655",,
CRBN,iShares MSCI ACWI Low Carbon Target ETF,31/07/21,United States — 58.6%,"Altice USA Inc., Class","4,944","1,51,929",,
CRBN,iShares MSCI ACWI Low Carbon Target ETF,31/07/21,United States — 58.6%,Altria Group Inc.,"28,119","13,50,837",,
CRBN,iShares MSCI ACWI Low Carbon Target ETF,31/07/21,United States — 58.6%,Amazon.com Inc.,"5,562","1,85,08,056",,
CRBN,iShares MSCI ACWI Low Carbon Target ETF,31/07/21,United States — 58.6%,AMERCO,309,"1,81,680",,
CRBN,iShares MSCI ACWI Low Carbon Target ETF,31/07/21,United States — 58.6%,American Express Co.,"8,961","15,28,119",,
CRBN,iShares MSCI ACWI Low Carbon Target ETF,31/07/21,United States — 58.6%,American International Group Inc.,"14,832","7,02,295",,
CRBN,iShares MSCI ACWI Low Carbon Target ETF,31/07/21,United States — 58.6%,American Tower Corp.,"5,768","16,31,190",,
CRBN,iShares MSCI ACWI Low Carbon Target ETF,31/07/21,United States — 58.6%,American Water Works Co. Inc.,"7,416","12,61,536",,
CRBN,iShares MSCI ACWI Low Carbon Target ETF,31/07/21,United States — 58.6%,Ameriprise Financial Inc.,"1,648","4,24,459",,
CRBN,iShares MSCI ACWI Low Carbon Target ETF,31/07/21,United States — 58.6%,"AmerisourceBergen Corp., Class","1,854","2,26,503",,
CRBN,iShares MSCI ACWI Low Carbon Target ETF,31/07/21,United States — 58.6%,AMETEK Inc.,"3,090","4,29,665",,
CRBN,iShares MSCI ACWI Low Carbon Target ETF,31/07/21,United States — 58.6%,Amgen Inc.,"7,519","18,16,139",,
CRBN,iShares MSCI ACWI Low Carbon Target ETF,31/07/21,United States — 58.6%,"Amphenol Corp., Class","8,755","6,34,650",,
CRBN,iShares MSCI ACWI Low Carbon Target ETF,31/07/21,United States — 58.6%,Analog Devices Inc.,"5,459","9,13,946",,
CRBN,iShares MSCI ACWI Low Carbon Target ETF,31/07/21,United States — 58.6%,Annaly Capital Management Inc.,"34,627","2,93,983",,
CRBN,iShares MSCI ACWI Low Carbon Target ETF,31/07/21,United States — 58.6%,ANSYS Inc.,784,"2,88,873",,
CRBN,iShares MSCI ACWI Low Carbon Target ETF,31/07/21,United States — 58.6%,Anthem Inc.,"3,193","12,26,144",,
CRBN,iShares MSCI ACWI Low Carbon Target ETF,31/07/21,United States — 58.6%,"Aon PLC, Class","2,781","7,23,143",,
CRBN,iShares MSCI ACWI Low Carbon Target ETF,31/07/21,United States — 58.6%,"Apollo Global Management Inc., Class","2,575","1,51,565",,
CRBN,iShares MSCI ACWI Low Carbon Target ETF,31/07/21,United States — 58.6%,Apple Inc.,"2,16,827","3,16,26,386",,
CRBN,iShares MSCI ACWI Low Carbon Target ETF,31/07/21,United States — 58.6%,Applied Materials Inc.,"12,978","18,16,012",,
CRBN,iShares MSCI ACWI Low Carbon Target ETF,31/07/21,United States — 58.6%,Arch Capital Group Ltd.,"4,532","1,76,748",,
CRBN,iShares MSCI ACWI Low Carbon Target ETF,31/07/21,United States — 58.6%,Arista Networks Inc.,865,"3,29,037",,
CRBN,iShares MSCI ACWI Low Carbon Target ETF,31/07/21,United States — 58.6%,Arrow Electronics Inc.,"2,575","3,05,318",,
CRBN,iShares MSCI ACWI Low Carbon Target ETF,31/07/21,United States — 58.6%,Arthur J Gallagher & Co.,"1,442","2,00,885",,
CRBN,iShares MSCI ACWI Low Carbon Target ETF,31/07/21,United States — 58.6%,Assurant Inc.,"1,465","2,31,192",,
CRBN,iShares MSCI ACWI Low Carbon Target ETF,31/07/21,United States — 58.6%,AT&T Inc.,"97,026","27,21,579",,
CRBN,iShares MSCI ACWI Low Carbon Target ETF,31/07/21,United States — 58.6%,"Athene Holding Ltd., Class","2,678","1,73,052",,
CRBN,iShares MSCI ACWI Low Carbon Target ETF,31/07/21,United States — 58.6%,Atmos Energy Corp.,"7,043","6,94,369",,
CRBN,iShares MSCI ACWI Low Carbon Target ETF,31/07/21,United States — 58.6%,Autodesk Inc.,"2,884","9,26,139",,
CRBN,iShares MSCI ACWI Low Carbon Target ETF,31/07/21,United States — 58.6%,Automatic Data Processing Inc.,"6,077","12,73,922",,
CRBN,iShares MSCI ACWI Low Carbon Target ETF,31/07/21,United States — 58.6%,AutoZone Inc.,206,"3,34,455",,
CRBN,iShares MSCI ACWI Low Carbon Target ETF,31/07/21,United States — 58.6%,Avalara Inc.,"1,648","2,75,496",,
CRBN,iShares MSCI ACWI Low Carbon Target ETF,31/07/21,United States — 58.6%,AvalonBay Communities Inc.,"2,060","4,69,330",,
CRBN,iShares MSCI ACWI Low Carbon Target ETF,31/07/21,United States — 58.6%,Avantor Inc.,"13,028","4,89,592",,
CRBN,iShares MSCI ACWI Low Carbon Target ETF,31/07/21,United States — 58.6%,Avery Dennison Corp.,"1,751","3,68,901",,
CRBN,iShares MSCI ACWI Low Carbon Target ETF,31/07/21,United States — 58.6%,"Baker Hughes Co., Class","29,458","6,25,688",,
CRBN,iShares MSCI ACWI Low Carbon Target ETF,31/07/21,United States — 58.6%,Ball Corp.,"5,768","4,66,516",,
CRBN,iShares MSCI ACWI Low Carbon Target ETF,31/07/21,United States — 58.6%,Bank America Corp.,"99,292","38,08,841",,
CRBN,iShares MSCI ACWI Low Carbon Target ETF,31/07/21,United States — 58.6%,Bank New York Mellon Corp. (The),"11,536","5,92,143",,
CRBN,iShares MSCI ACWI Low Carbon Target ETF,31/07/21,United States — 58.6%,Baxter International Inc.,"6,283","4,85,990",,
CRBN,iShares MSCI ACWI Low Carbon Target ETF,31/07/21,United States — 58.6%,Becton Dickinson and Co.,"3,811","9,74,663",,
CRBN,iShares MSCI ACWI Low Carbon Target ETF,31/07/21,United States — 58.6%,"Berkshire Hathaway Inc., Class","16,480","45,86,219",,
CRBN,iShares MSCI ACWI Low Carbon Target ETF,31/07/21,United States — 58.6%,Best Buy Co. Inc.,"3,090","3,47,162",,
CRBN,iShares MSCI ACWI Low Carbon Target ETF,31/07/21,United States — 58.6%,Biogen Inc.,"2,060","6,73,064",,
CRBN,iShares MSCI ACWI Low Carbon Target ETF,31/07/21,United States — 58.6%,BioMarin Pharmaceutical Inc.,"3,193","2,44,999",,
CRBN,iShares MSCI ACWI Low Carbon Target ETF,31/07/21,United States — 58.6%,"Bio-Rad Laboratories Inc., Class",206,"1,52,339",,
CRBN,iShares MSCI ACWI Low Carbon Target ETF,31/07/21,United States — 58.6%,Bio-Techne Corp.,618,"2,98,024",,
CRBN,iShares MSCI ACWI Low Carbon Target ETF,31/07/21,United States — 58.6%,BlackRock Inc.,"1,759","15,25,352",,
CRBN,iShares MSCI ACWI Low Carbon Target ETF,31/07/21,United States — 58.6%,"Blackstone Group Inc. (The), NVS","9,373","10,80,426",,
CRBN,iShares MSCI ACWI Low Carbon Target ETF,31/07/21,United States — 58.6%,Boeing Co. (The),"7,210","16,32,921",,
CRBN,iShares MSCI ACWI Low Carbon Target ETF,31/07/21,United States — 58.6%,Booking Holdings Inc.,618,"13,46,165",,
CRBN,iShares MSCI ACWI Low Carbon Target ETF,31/07/21,United States — 58.6%,BorgWarner Inc.,"2,781","1,36,213",,
CRBN,iShares MSCI ACWI Low Carbon Target ETF,31/07/21,United States — 58.6%,"Boston Beer Co. Inc. (The), Class, NVS",103,"73,130",,
CRBN,iShares MSCI ACWI Low Carbon Target ETF,31/07/21,United States — 58.6%,Boston Properties Inc.,"1,751","2,05,532",,
CRBN,iShares MSCI ACWI Low Carbon Target ETF,31/07/21,United States — 58.6%,Boston Scientific Corp.,"21,630","9,86,328",,
CRBN,iShares MSCI ACWI Low Carbon Target ETF,31/07/21,United States — 58.6%,Bristol-Myers Squibb Co.,"31,209","21,18,155",,
CRBN,iShares MSCI ACWI Low Carbon Target ETF,31/07/21,United States — 58.6%,Broadcom Inc.,"5,562","26,99,795",,
CRBN,iShares MSCI ACWI Low Carbon Target ETF,31/07/21,United States — 58.6%,Broadridge Financial Solutions Inc.,"1,442","2,50,173",,
CRBN,iShares MSCI ACWI Low Carbon Target ETF,31/07/21,United States — 58.6%,Brown & Brown Inc.,"4,464","2,42,842",,
CRBN,iShares MSCI ACWI Low Carbon Target ETF,31/07/21,United States — 58.6%,"Brown-Forman Corp., Class, NVS","4,680","3,31,906",,
CRBN,iShares MSCI ACWI Low Carbon Target ETF,31/07/21,United States — 58.6%,Burlington Stores Inc.,721,"2,41,391",,
CRBN,iShares MSCI ACWI Low Carbon Target ETF,31/07/21,United States — 58.6%,Cadence Design Systems Inc.,"2,884","4,25,823",,
CRBN,iShares MSCI ACWI Low Carbon Target ETF,31/07/21,United States — 58.6%,Caesars Entertainment Inc.,"2,884","2,51,946",,
CRBN,iShares MSCI ACWI Low Carbon Target ETF,31/07/21,United States — 58.6%,Capital One Financial Corp.,"5,047","8,16,100",,
CRBN,iShares MSCI ACWI Low Carbon Target ETF,31/07/21,United States — 58.6%,Cardinal Health Inc.,"3,193","1,89,600",,
CRBN,iShares MSCI ACWI Low Carbon Target ETF,31/07/21,United States — 58.6%,CarMax Inc.,"1,854","2,48,343",,
CRBN,iShares MSCI ACWI Low Carbon Target ETF,31/07/21,United States — 58.6%,Carrier Global Corp.,"12,596","6,95,929",,
CRBN,iShares MSCI ACWI Low Carbon Target ETF,31/07/21,United States — 58.6%,"Carvana Co., Class",927,"3,12,918",,
CRBN,iShares MSCI ACWI Low Carbon Target ETF,31/07/21,United States — 58.6%,Catalent Inc.,"2,266","2,71,489",,
CRBN,iShares MSCI ACWI Low Carbon Target ETF,31/07/21,United States — 58.6%,Caterpillar Inc.,"7,107","14,69,372",,
CRBN,iShares MSCI ACWI Low Carbon Target ETF,31/07/21,United States — 58.6%,Cboe Global Markets Inc.,"2,369","2,80,655",,
CRBN,iShares MSCI ACWI Low Carbon Target ETF,31/07/21,United States — 58.6%,"CBRE Group Inc., Class","3,331","3,21,308",,
CRBN,iShares MSCI ACWI Low Carbon Target ETF,31/07/21,United States — 58.6%,CDW Corp./DE,"1,957","3,58,816",,
CRBN,iShares MSCI ACWI Low Carbon Target ETF,31/07/21,United States — 58.6%,"Celanese Corp., Class","1,648","2,56,709",,
CRBN,iShares MSCI ACWI Low Carbon Target ETF,31/07/21,United States — 58.6%,Centene Corp.,"6,820","4,67,920",,
CRBN,iShares MSCI ACWI Low Carbon Target ETF,31/07/21,United States — 58.6%,Ceridian HCM Holding Inc.,"2,266","2,22,974",,
CRBN,iShares MSCI ACWI Low Carbon Target ETF,31/07/21,United States — 58.6%,Cerner Corp.,"4,635","3,72,608",,
CRBN,iShares MSCI ACWI Low Carbon Target ETF,31/07/21,United States — 58.6%,Charles Schwab Corp. (The),"18,025","12,24,799",,
CRBN,iShares MSCI ACWI Low Carbon Target ETF,31/07/21,United States — 58.6%,"Charter Communications Inc., Class","1,648","12,26,194",,
CRBN,iShares MSCI ACWI Low Carbon Target ETF,31/07/21,United States — 58.6%,Cheniere Energy Inc.,"6,798","5,77,354",,
CRBN,iShares MSCI ACWI Low Carbon Target ETF,31/07/21,United States — 58.6%,Chevron Corp.,"1,236","1,25,837",,
CRBN,iShares MSCI ACWI Low Carbon Target ETF,31/07/21,United States — 58.6%,"Chipotle Mexican Grill Inc., Class",412,"7,67,737",,
CRBN,iShares MSCI ACWI Low Carbon Target ETF,31/07/21,United States — 58.6%,Chubb Ltd.,"5,768","9,73,292",,
CRBN,iShares MSCI ACWI Low Carbon Target ETF,31/07/21,United States — 58.6%,Church & Dwight Co. Inc.,"4,120","3,56,710",,
CRBN,iShares MSCI ACWI Low Carbon Target ETF,31/07/21,United States — 58.6%,Cigna Corp.,"4,429","10,16,411",,
CRBN,iShares MSCI ACWI Low Carbon Target ETF,31/07/21,United States — 58.6%,Cincinnati Financial Corp.,"1,648","1,94,266",,
CRBN,iShares MSCI ACWI Low Carbon Target ETF,31/07/21,United States — 58.6%,Cintas Corp.,"1,236","4,87,206",,
CRBN,iShares MSCI ACWI Low Carbon Target ETF,31/07/21,United States — 58.6%,Cisco Systems Inc.,"55,105","30,51,164",,
CRBN,iShares MSCI ACWI Low Carbon Target ETF,31/07/21,United States — 58.6%,Citigroup Inc.,"29,046","19,64,091",,
CRBN,iShares MSCI ACWI Low Carbon Target ETF,31/07/21,United States — 58.6%,Citizens Financial Group Inc.,"9,064","3,82,138",,
CRBN,iShares MSCI ACWI Low Carbon Target ETF,31/07/21,United States — 58.6%,Citrix Systems Inc.,"1,442","1,45,282",,
CRBN,iShares MSCI ACWI Low Carbon Target ETF,31/07/21,United States — 58.6%,Clorox Co. (The),"1,442","2,60,843",,
CRBN,iShares MSCI ACWI Low Carbon Target ETF,31/07/21,United States — 58.6%,"Cloudflare Inc., Class","3,090","3,66,567",,
CRBN,iShares MSCI ACWI Low Carbon Target ETF,31/07/21,United States — 58.6%,CME Group Inc.,"4,532","9,61,373",,
CRBN,iShares MSCI ACWI Low Carbon Target ETF,31/07/21,United States — 58.6%,Coca-Cola Co. (The),"56,341","32,13,127",,
CRBN,iShares MSCI ACWI Low Carbon Target ETF,31/07/21,United States — 58.6%,Cognex Corp.,"3,296","2,97,991",,
CRBN,iShares MSCI ACWI Low Carbon Target ETF,31/07/21,United States — 58.6%,"Cognizant Technology Solutions Corp., Class","7,931","5,83,166",,
CRBN,iShares MSCI ACWI Low Carbon Target ETF,31/07/21,United States — 58.6%,Colgate-Palmolive Co.,"11,536","9,17,112",,
CRBN,iShares MSCI ACWI Low Carbon Target ETF,31/07/21,United States — 58.6%,"Comcast Corp., Class","57,474","33,81,195",,
CRBN,iShares MSCI ACWI Low Carbon Target ETF,31/07/21,United States — 58.6%,Conagra Brands Inc.,"7,107","2,38,013",,
CRBN,iShares MSCI ACWI Low Carbon Target ETF,31/07/21,United States — 58.6%,Consolidated Edison Inc.,"8,137","6,00,266",,
CRBN,iShares MSCI ACWI Low Carbon Target ETF,31/07/21,United States — 58.6%,"Constellation Brands Inc., Class","2,678","6,00,783",,
CRBN,iShares MSCI ACWI Low Carbon Target ETF,31/07/21,United States — 58.6%,Cooper Companies Inc. (The),515,"2,17,212",,
CRBN,iShares MSCI ACWI Low Carbon Target ETF,31/07/21,United States — 58.6%,Copart Inc.,"3,193","4,69,371",,
CRBN,iShares MSCI ACWI Low Carbon Target ETF,31/07/21,United States — 58.6%,Corning Inc.,"10,918","4,57,027",,
CRBN,iShares MSCI ACWI Low Carbon Target ETF,31/07/21,United States — 58.6%,Corteva Inc.,"11,021","4,71,478",,
CRBN,iShares MSCI ACWI Low Carbon Target ETF,31/07/21,United States — 58.6%,CoStar Group Inc.,"6,180","5,49,093",,
CRBN,iShares MSCI ACWI Low Carbon Target ETF,31/07/21,United States — 58.6%,Costco Wholesale Corp.,"6,283","26,99,931",,
CRBN,iShares MSCI ACWI Low Carbon Target ETF,31/07/21,United States — 58.6%,Coupa Software Inc.,618,"1,34,106",,
CRBN,iShares MSCI ACWI Low Carbon Target ETF,31/07/21,United States — 58.6%,"Crowdstrike Holdings Inc., Class","1,871","4,74,504",,
CRBN,iShares MSCI ACWI Low Carbon Target ETF,31/07/21,United States — 58.6%,Crown Castle International Corp.,"5,562","10,73,967",,
CRBN,iShares MSCI ACWI Low Carbon Target ETF,31/07/21,United States — 58.6%,Crown Holdings Inc.,"1,339","1,33,579",,
CRBN,iShares MSCI ACWI Low Carbon Target ETF,31/07/21,United States — 58.6%,CSX Corp.,"29,355","9,48,754",,
CRBN,iShares MSCI ACWI Low Carbon Target ETF,31/07/21,United States — 58.6%,Cummins Inc.,"1,648","3,82,501",,
CRBN,iShares MSCI ACWI Low Carbon Target ETF,31/07/21,United States — 58.6%,CVS Health Corp.,"16,995","13,99,708",,
CRBN,iShares MSCI ACWI Low Carbon Target ETF,31/07/21,United States — 58.6%,Danaher Corp.,"8,549","25,43,242",,
CRBN,iShares MSCI ACWI Low Carbon Target ETF,31/07/21,United States — 58.6%,Darden Restaurants Inc.,"1,854","2,70,462",,
CRBN,iShares MSCI ACWI Low Carbon Target ETF,31/07/21,United States — 58.6%,"Datadog Inc., Class","1,957","2,16,640",,
CRBN,iShares MSCI ACWI Low Carbon Target ETF,31/07/21,United States — 58.6%,DaVita Inc.,824,"99,086",,
CRBN,iShares MSCI ACWI Low Carbon Target ETF,31/07/21,United States — 58.6%,Deere & Co.,"3,708","13,40,776",,
CRBN,iShares MSCI ACWI Low Carbon Target ETF,31/07/21,United States — 58.6%,"Dell Technologies Inc., Class","4,429","4,27,930",,
CRBN,iShares MSCI ACWI Low Carbon Target ETF,31/07/21,United States — 58.6%,DENTSPLY SIRONA Inc.,"4,223","2,78,887",,
CRBN,iShares MSCI ACWI Low Carbon Target ETF,31/07/21,United States — 58.6%,Dexcom Inc.,"1,339","6,90,268",,
CRBN,iShares MSCI ACWI Low Carbon Target ETF,31/07/21,United States — 58.6%,Digital Realty Trust Inc.,"2,987","4,60,476",,
CRBN,iShares MSCI ACWI Low Carbon Target ETF,31/07/21,United States — 58.6%,Discover Financial Services,"2,575","3,20,124",,
CRBN,iShares MSCI ACWI Low Carbon Target ETF,31/07/21,United States — 58.6%,"DISH Network Corp., Class","4,532","1,89,845",,
CRBN,iShares MSCI ACWI Low Carbon Target ETF,31/07/21,United States — 58.6%,"DocuSign Inc., Class","2,190","6,52,708",,
CRBN,iShares MSCI ACWI Low Carbon Target ETF,31/07/21,United States — 58.6%,Dollar General Corp.,"2,987","6,94,896",,
CRBN,iShares MSCI ACWI Low Carbon Target ETF,31/07/21,United States — 58.6%,Dollar Tree Inc.,"2,369","2,36,403",,
CRBN,iShares MSCI ACWI Low Carbon Target ETF,31/07/21,United States — 58.6%,Domino’s Pizza Inc.,515,"2,70,627",,
CRBN,iShares MSCI ACWI Low Carbon Target ETF,31/07/21,United States — 58.6%,Dover Corp.,"2,266","3,78,694",,
CRBN,iShares MSCI ACWI Low Carbon Target ETF,31/07/21,United States — 58.6%,Dow Inc.,"2,613","1,62,424",,
CRBN,iShares MSCI ACWI Low Carbon Target ETF,31/07/21,United States — 58.6%,DR Horton Inc.,"1,969","1,87,902",,
CRBN,iShares MSCI ACWI Low Carbon Target ETF,31/07/21,United States — 58.6%,"DraftKings Inc., Class","3,193","1,54,861",,
CRBN,iShares MSCI ACWI Low Carbon Target ETF,31/07/21,United States — 58.6%,Duke Realty Corp.,"6,077","3,09,198",,
CRBN,iShares MSCI ACWI Low Carbon Target ETF,31/07/21,United States — 58.6%,DuPont de Nemours Inc.,"7,004","5,25,650",,
CRBN,iShares MSCI ACWI Low Carbon Target ETF,31/07/21,United States — 58.6%,Eaton Corp. PLC,"5,871","9,27,912",,
CRBN,iShares MSCI ACWI Low Carbon Target ETF,31/07/21,United States — 58.6%,eBay Inc.,"8,137","5,55,025",,
CRBN,iShares MSCI ACWI Low Carbon Target ETF,31/07/21,United States — 58.6%,Ecolab Inc.,"4,944","10,91,784",,
CRBN,iShares MSCI ACWI Low Carbon Target ETF,31/07/21,United States — 58.6%,Edison International,"8,961","4,88,375",,
CRBN,iShares MSCI ACWI Low Carbon Target ETF,31/07/21,United States — 58.6%,Edwards Lifesciences Corp.,"8,961","10,06,051",,
CRBN,iShares MSCI ACWI Low Carbon Target ETF,31/07/21,United States — 58.6%,Elanco Animal Health Inc.,"7,725","2,81,731",,
CRBN,iShares MSCI ACWI Low Carbon Target ETF,31/07/21,United States — 58.6%,Electronic Arts Inc.,"2,575","3,70,697",,
CRBN,iShares MSCI ACWI Low Carbon Target ETF,31/07/21,United States — 58.6%,Eli Lilly & Co.,"10,609","25,83,291",,
CRBN,iShares MSCI ACWI Low Carbon Target ETF,31/07/21,United States — 58.6%,Emerson Electric Co.,"9,888","9,97,600",,
CRBN,iShares MSCI ACWI Low Carbon Target ETF,31/07/21,United States — 58.6%,Enphase Energy Inc.,"2,163","4,10,105",,
CRBN,iShares MSCI ACWI Low Carbon Target ETF,31/07/21,United States — 58.6%,EPAM Systems Inc.,618,"3,45,956",,
CRBN,iShares MSCI ACWI Low Carbon Target ETF,31/07/21,United States — 58.6%,Equifax Inc.,"1,648","4,29,469",,
CRBN,iShares MSCI ACWI Low Carbon Target ETF,31/07/21,United States — 58.6%,Equinix Inc.,"1,133","9,29,525",,
CRBN,iShares MSCI ACWI Low Carbon Target ETF,31/07/21,United States — 58.6%,Equitable Holdings Inc.,"7,725","2,38,471",,
CRBN,iShares MSCI ACWI Low Carbon Target ETF,31/07/21,United States — 58.6%,Equity Residential,"6,283","5,28,589",,
CRBN,iShares MSCI ACWI Low Carbon Target ETF,31/07/21,United States — 58.6%,Essential Utilities Inc.,"20,188","9,91,635",,
CRBN,iShares MSCI ACWI Low Carbon Target ETF,31/07/21,United States — 58.6%,Essex Property Trust Inc.,721,"2,36,560",,
CRBN,iShares MSCI ACWI Low Carbon Target ETF,31/07/21,United States — 58.6%,"Estee Lauder Companies Inc. (The), Class","3,605","12,03,457",,
CRBN,iShares MSCI ACWI Low Carbon Target ETF,31/07/21,United States — 58.6%,Etsy Inc.,"1,545","2,83,523",,
CRBN,iShares MSCI ACWI Low Carbon Target ETF,31/07/21,United States — 58.6%,Everest Re Group Ltd.,515,"1,30,207",,
CRBN,iShares MSCI ACWI Low Carbon Target ETF,31/07/21,United States — 58.6%,Eversource Energy,"15,038","12,97,328",,
CRBN,iShares MSCI ACWI Low Carbon Target ETF,31/07/21,United States — 58.6%,Exact Sciences Corp.,"2,575","2,77,688",,
CRBN,iShares MSCI ACWI Low Carbon Target ETF,31/07/21,United States — 58.6%,Exelon Corp.,"3,605","1,68,714",,
CRBN,iShares MSCI ACWI Low Carbon Target ETF,31/07/21,United States — 58.6%,Expedia Group Inc.,"2,266","3,64,531",,
CRBN,iShares MSCI ACWI Low Carbon Target ETF,31/07/21,United States — 58.6%,Expeditors International Washington Inc.,"1,236","1,58,517",,
CRBN,iShares MSCI ACWI Low Carbon Target ETF,31/07/21,United States — 58.6%,Extra Space Storage Inc.,"1,545","2,69,046",,
CRBN,iShares MSCI ACWI Low Carbon Target ETF,31/07/21,United States — 58.6%,F5 Networks Inc.,"1,030","2,12,705",,
CRBN,iShares MSCI ACWI Low Carbon Target ETF,31/07/21,United States — 58.6%,"Facebook Inc., Class","30,900","1,10,09,670",,
CRBN,iShares MSCI ACWI Low Carbon Target ETF,31/07/21,United States — 58.6%,Fair Isaac Corp.,496,"2,59,859",,
CRBN,iShares MSCI ACWI Low Carbon Target ETF,31/07/21,United States — 58.6%,Fastenal Co.,"7,828","4,28,740",,
CRBN,iShares MSCI ACWI Low Carbon Target ETF,31/07/21,United States — 58.6%,FedEx Corp.,"2,575","7,20,871",,
CRBN,iShares MSCI ACWI Low Carbon Target ETF,31/07/21,United States — 58.6%,Fidelity National Financial Inc.,"4,102","1,82,990",,
CRBN,iShares MSCI ACWI Low Carbon Target ETF,31/07/21,United States — 58.6%,Fidelity National Information Services Inc.,"8,963","13,35,935",,
CRBN,iShares MSCI ACWI Low Carbon Target ETF,31/07/21,United States — 58.6%,Fifth Third Bancorp,"11,639","4,22,379",,
CRBN,iShares MSCI ACWI Low Carbon Target ETF,31/07/21,United States — 58.6%,First Republic Bank/CA,"1,236","2,41,045",,
CRBN,iShares MSCI ACWI Low Carbon Target ETF,31/07/21,United States — 58.6%,Fiserv Inc.,"8,670","9,98,004",,
CRBN,iShares MSCI ACWI Low Carbon Target ETF,31/07/21,United States — 58.6%,FleetCor Technologies Inc.,"1,133","2,92,563",,
CRBN,iShares MSCI ACWI Low Carbon Target ETF,31/07/21,United States — 58.6%,FMC Corp.,"4,223","4,51,650",,
CRBN,iShares MSCI ACWI Low Carbon Target ETF,31/07/21,United States — 58.6%,Ford Motor Co.,"44,599","6,22,156",,
CRBN,iShares MSCI ACWI Low Carbon Target ETF,31/07/21,United States — 58.6%,Fortinet Inc.,"1,442","3,92,570",,
CRBN,iShares MSCI ACWI Low Carbon Target ETF,31/07/21,United States — 58.6%,Fortive Corp.,"4,451","3,23,410",,
CRBN,iShares MSCI ACWI Low Carbon Target ETF,31/07/21,United States — 58.6%,Fortune Brands Home & Inc.,"2,163","2,10,828",,
CRBN,iShares MSCI ACWI Low Carbon Target ETF,31/07/21,United States — 58.6%,"Fox Corp., Class, NVS","5,665","2,02,014",,
CRBN,iShares MSCI ACWI Low Carbon Target ETF,31/07/21,United States — 58.6%,Freeport-McMoRan Inc.,"27,501","10,47,788",,
CRBN,iShares MSCI ACWI Low Carbon Target ETF,31/07/21,United States — 58.6%,Garmin Ltd.,"2,575","4,04,790",,
CRBN,iShares MSCI ACWI Low Carbon Target ETF,31/07/21,United States — 58.6%,Gartner Inc.,"1,545","4,09,008",,
CRBN,iShares MSCI ACWI Low Carbon Target ETF,31/07/21,United States — 58.6%,Generac Holdings Inc.,"1,030","4,31,941",,
CRBN,iShares MSCI ACWI Low Carbon Target ETF,31/07/21,United States — 58.6%,General Dynamics Corp.,"3,193","6,25,924",,
CRBN,iShares MSCI ACWI Low Carbon Target ETF,31/07/21,United States — 58.6%,General Electric Co.,"1,19,789","15,51,268",,
CRBN,iShares MSCI ACWI Low Carbon Target ETF,31/07/21,United States — 58.6%,General Mills Inc.,"7,416","4,36,506",,
CRBN,iShares MSCI ACWI Low Carbon Target ETF,31/07/21,United States — 58.6%,General Motors Co.,"15,862","9,01,596",,
CRBN,iShares MSCI ACWI Low Carbon Target ETF,31/07/21,United States — 58.6%,Genuine Parts Co.,"2,472","3,13,746",,
CRBN,iShares MSCI ACWI Low Carbon Target ETF,31/07/21,United States — 58.6%,Gilead Sciences Inc.,"17,304","11,81,690",,
CRBN,iShares MSCI ACWI Low Carbon Target ETF,31/07/21,United States — 58.6%,Global Payments Inc.,"3,708","7,17,164",,
CRBN,iShares MSCI ACWI Low Carbon Target ETF,31/07/21,United States — 58.6%,"GoDaddy Inc., Class","3,013","2,52,640",,
CRBN,iShares MSCI ACWI Low Carbon Target ETF,31/07/21,United States — 58.6%,Goldman Sachs Group Inc. (The),"4,635","17,37,569",,
CRBN,iShares MSCI ACWI Low Carbon Target ETF,31/07/21,United States — 58.6%,Halliburton Co.,"58,607","12,11,993",,
CRBN,iShares MSCI ACWI Low Carbon Target ETF,31/07/21,United States — 58.6%,Hartford Financial Services Group Inc. (The),"5,356","3,40,749",,
CRBN,iShares MSCI ACWI Low Carbon Target ETF,31/07/21,United States — 58.6%,Hasbro Inc.,"2,678","2,66,300",,
CRBN,iShares MSCI ACWI Low Carbon Target ETF,31/07/21,United States — 58.6%,HCA Healthcare Inc.,"3,296","8,18,067",,
CRBN,iShares MSCI ACWI Low Carbon Target ETF,31/07/21,United States — 58.6%,Healthpeak Properties Inc.,"4,990","1,84,480",,
CRBN,iShares MSCI ACWI Low Carbon Target ETF,31/07/21,United States — 58.6%,HEICO Corp.,"1,030","1,39,308",,
CRBN,iShares MSCI ACWI Low Carbon Target ETF,31/07/21,United States — 58.6%,Henry Schein Inc.,"2,575","2,06,386",,
CRBN,iShares MSCI ACWI Low Carbon Target ETF,31/07/21,United States — 58.6%,Hershey Co. (The),"2,266","4,05,342",,
CRBN,iShares MSCI ACWI Low Carbon Target ETF,31/07/21,United States — 58.6%,Hess Corp.,"7,313","5,59,006",,
CRBN,iShares MSCI ACWI Low Carbon Target ETF,31/07/21,United States — 58.6%,Hewlett Packard Enterprise Co.,"26,368","3,82,336",,
CRBN,iShares MSCI ACWI Low Carbon Target ETF,31/07/21,United States — 58.6%,Hilton Worldwide Holdings Inc.,"2,987","3,92,641",,
CRBN,iShares MSCI ACWI Low Carbon Target ETF,31/07/21,United States — 58.6%,Hologic Inc.,"3,399","2,55,061",,
CRBN,iShares MSCI ACWI Low Carbon Target ETF,31/07/21,United States — 58.6%,Home Depot Inc. (The),"13,802","45,29,678",,
CRBN,iShares MSCI ACWI Low Carbon Target ETF,31/07/21,United States — 58.6%,Honeywell International Inc.,"9,991","23,35,796",,
CRBN,iShares MSCI ACWI Low Carbon Target ETF,31/07/21,United States — 58.6%,Host Hotels & Resorts Inc.,"14,214","2,26,429",,
CRBN,iShares MSCI ACWI Low Carbon Target ETF,31/07/21,United States — 58.6%,Howmet Aerospace Inc.,"6,798","2,23,110",,
CRBN,iShares MSCI ACWI Low Carbon Target ETF,31/07/21,United States — 58.6%,HP Inc.,"19,467","5,62,012",,
CRBN,iShares MSCI ACWI Low Carbon Target ETF,31/07/21,United States — 58.6%,HubSpot Inc.,515,"3,06,950",,
CRBN,iShares MSCI ACWI Low Carbon Target ETF,31/07/21,United States — 58.6%,Humana Inc.,"1,545","6,57,954",,
CRBN,iShares MSCI ACWI Low Carbon Target ETF,31/07/21,United States — 58.6%,Huntington Bancshares Inc./OH,"16,171","2,27,688",,
CRBN,iShares MSCI ACWI Low Carbon Target ETF,31/07/21,United States — 58.6%,IAC/InterActiveCorp.,"1,133","1,55,550",,
CRBN,iShares MSCI ACWI Low Carbon Target ETF,31/07/21,United States — 58.6%,IDEX Corp.,"1,135","2,57,293",,
CRBN,iShares MSCI ACWI Low Carbon Target ETF,31/07/21,United States — 58.6%,IDEXX Laboratories Inc.,"1,030","6,98,886",,
CRBN,iShares MSCI ACWI Low Carbon Target ETF,31/07/21,United States — 58.6%,IHS Markit Ltd.,"5,356","6,25,795",,
CRBN,iShares MSCI ACWI Low Carbon Target ETF,31/07/21,United States — 58.6%,Illinois Tool Works Inc.,"4,223","9,57,227",,
CRBN,iShares MSCI ACWI Low Carbon Target ETF,31/07/21,United States — 58.6%,Illumina Inc.,"2,060","10,21,245",,
CRBN,iShares MSCI ACWI Low Carbon Target ETF,31/07/21,United States — 58.6%,Incyte Corp.,"3,296","2,54,946",,
CRBN,iShares MSCI ACWI Low Carbon Target ETF,31/07/21,United States — 58.6%,Ingersoll Rand Inc.,"4,781","2,33,647",,
CRBN,iShares MSCI ACWI Low Carbon Target ETF,31/07/21,United States — 58.6%,Insulet Corp.,618,"1,72,848",,
CRBN,iShares MSCI ACWI Low Carbon Target ETF,31/07/21,United States — 58.6%,Intel Corp.,"53,869","28,93,843",,
CRBN,iShares MSCI ACWI Low Carbon Target ETF,31/07/21,United States — 58.6%,Intercontinental Exchange Inc.,"6,077","7,28,207",,
CRBN,iShares MSCI ACWI Low Carbon Target ETF,31/07/21,United States — 58.6%,International Business Machines Corp.,"12,978","18,29,379",,
CRBN,iShares MSCI ACWI Low Carbon Target ETF,31/07/21,United States — 58.6%,International Flavors & Fragrances Inc.,"4,738","7,13,732",,
CRBN,iShares MSCI ACWI Low Carbon Target ETF,31/07/21,United States — 58.6%,Interpublic Group Companies Inc. (The),"7,519","2,65,872",,
CRBN,iShares MSCI ACWI Low Carbon Target ETF,31/07/21,United States — 58.6%,Intuit Inc.,"3,399","18,01,368",,
CRBN,iShares MSCI ACWI Low Carbon Target ETF,31/07/21,United States — 58.6%,Intuitive Surgical Inc.,"1,648","16,33,926",,
CRBN,iShares MSCI ACWI Low Carbon Target ETF,31/07/21,United States — 58.6%,Invesco Ltd.,"7,725","1,88,336",,
CRBN,iShares MSCI ACWI Low Carbon Target ETF,31/07/21,United States — 58.6%,Invitation Homes Inc.,"7,725","3,14,253",,
CRBN,iShares MSCI ACWI Low Carbon Target ETF,31/07/21,United States — 58.6%,IQVIA Holdings Inc.,"3,193","7,90,906",,
CRBN,iShares MSCI ACWI Low Carbon Target ETF,31/07/21,United States — 58.6%,Iron Mountain Inc.,"5,356","2,34,379",,
CRBN,iShares MSCI ACWI Low Carbon Target ETF,31/07/21,United States — 58.6%,Jack Henry & Associates Inc.,"1,648","2,86,900",,
CRBN,iShares MSCI ACWI Low Carbon Target ETF,31/07/21,United States — 58.6%,Jacobs Engineering Group Inc.,"2,163","2,92,546",,
CRBN,iShares MSCI ACWI Low Carbon Target ETF,31/07/21,United States — 58.6%,Jazz Pharmaceuticals PLC,"1,442","2,44,448",,
CRBN,iShares MSCI ACWI Low Carbon Target ETF,31/07/21,United States — 58.6%,JM Smucker Co. (The),"1,648","2,16,069",,
CRBN,iShares MSCI ACWI Low Carbon Target ETF,31/07/21,United States — 58.6%,Johnson & Johnson,"35,020","60,30,444",,
CRBN,iShares MSCI ACWI Low Carbon Target ETF,31/07/21,United States — 58.6%,Johnson Controls International PLC,"13,184","9,41,601",,
CRBN,iShares MSCI ACWI Low Carbon Target ETF,31/07/21,United States — 58.6%,JPMorgan Chase & Co.,"38,038","57,73,408",,
CRBN,iShares MSCI ACWI Low Carbon Target ETF,31/07/21,United States — 58.6%,Juniper Networks Inc.,"7,416","2,08,686",,
CRBN,iShares MSCI ACWI Low Carbon Target ETF,31/07/21,United States — 58.6%,Kansas City Southern,"1,133","3,03,417",,
CRBN,iShares MSCI ACWI Low Carbon Target ETF,31/07/21,United States — 58.6%,Kellogg Co.,"4,078","2,58,382",,
CRBN,iShares MSCI ACWI Low Carbon Target ETF,31/07/21,United States — 58.6%,Keurig Dr Pepper Inc.,"10,300","3,62,663",,
CRBN,iShares MSCI ACWI Low Carbon Target ETF,31/07/21,United States — 58.6%,KeyCorp,"18,643","3,66,521",,
CRBN,iShares MSCI ACWI Low Carbon Target ETF,31/07/21,United States — 58.6%,Keysight Technologies Inc.,"1,854","3,05,076",,
CRBN,iShares MSCI ACWI Low Carbon Target ETF,31/07/21,United States — 58.6%,Kimberly-Clark Corp.,"2,163","2,93,562",,
CRBN,iShares MSCI ACWI Low Carbon Target ETF,31/07/21,United States — 58.6%,Kinder Morgan Inc.,"1,04,030","18,08,041",,
CRBN,iShares MSCI ACWI Low Carbon Target ETF,31/07/21,United States — 58.6%,KKR & Co. Inc.,"5,974","3,80,902",,
CRBN,iShares MSCI ACWI Low Carbon Target ETF,31/07/21,United States — 58.6%,KLA Corp.,"2,266","7,88,931",,
CRBN,iShares MSCI ACWI Low Carbon Target ETF,31/07/21,United States — 58.6%,Kraft Heinz Co. (The),"11,330","4,35,865",,
CRBN,iShares MSCI ACWI Low Carbon Target ETF,31/07/21,United States — 58.6%,Kroger Co. (The),"4,429","1,80,260",,
CRBN,iShares MSCI ACWI Low Carbon Target ETF,31/07/21,United States — 58.6%,L Brands Inc.,"3,193","2,55,664",,
CRBN,iShares MSCI ACWI Low Carbon Target ETF,31/07/21,United States — 58.6%,L3Harris Technologies Inc.,"2,208","5,00,642",,
CRBN,iShares MSCI ACWI Low Carbon Target ETF,31/07/21,United States — 58.6%,Laboratory Corp. America Holdings,"1,133","3,35,538",,
CRBN,iShares MSCI ACWI Low Carbon Target ETF,31/07/21,United States — 58.6%,Lam Research Corp.,"1,957","12,47,411",,
CRBN,iShares MSCI ACWI Low Carbon Target ETF,31/07/21,United States — 58.6%,Lamb Weston Holdings Inc.,"2,369","1,58,178",,
CRBN,iShares MSCI ACWI Low Carbon Target ETF,31/07/21,United States — 58.6%,Las Vegas Sands Corp.,"5,047","2,13,740",,
CRBN,iShares MSCI ACWI Low Carbon Target ETF,31/07/21,United States — 58.6%,Leidos Holdings Inc.,"2,472","2,63,070",,
CRBN,iShares MSCI ACWI Low Carbon Target ETF,31/07/21,United States — 58.6%,"Lennar Corp., Class","3,399","3,57,405",,
CRBN,iShares MSCI ACWI Low Carbon Target ETF,31/07/21,United States — 58.6%,Lennox International Inc.,509,"1,67,680",,
CRBN,iShares MSCI ACWI Low Carbon Target ETF,31/07/21,United States — 58.6%,"Liberty Broadband Corp., Class, NVS","1,854","3,29,066",,
CRBN,iShares MSCI ACWI Low Carbon Target ETF,31/07/21,United States — 58.6%,"Liberty Global PLC, Class","7,004","1,88,057",,
CRBN,iShares MSCI ACWI Low Carbon Target ETF,31/07/21,United States — 58.6%,"Liberty Media Corp.-Liberty SiriusXM, Class","3,914","1,82,745",,
CRBN,iShares MSCI ACWI Low Carbon Target ETF,31/07/21,United States — 58.6%,Lincoln National Corp.,"4,326","2,66,568",,
CRBN,iShares MSCI ACWI Low Carbon Target ETF,31/07/21,United States — 58.6%,Live Nation Entertainment Inc.,"2,727","2,15,133",,
CRBN,iShares MSCI ACWI Low Carbon Target ETF,31/07/21,United States — 58.6%,LKQ Corp.,"3,914","1,98,636",,
CRBN,iShares MSCI ACWI Low Carbon Target ETF,31/07/21,United States — 58.6%,Lockheed Martin Corp.,"2,987","11,10,178",,
CRBN,iShares MSCI ACWI Low Carbon Target ETF,31/07/21,United States — 58.6%,Loews Corp.,"9,476","5,08,198",,
CRBN,iShares MSCI ACWI Low Carbon Target ETF,31/07/21,United States — 58.6%,Lowe’s Companies Inc.,"9,270","17,86,236",,
CRBN,iShares MSCI ACWI Low Carbon Target ETF,31/07/21,United States — 58.6%,Lululemon Athletica Inc.,"1,854","7,41,915",,
CRBN,iShares MSCI ACWI Low Carbon Target ETF,31/07/21,United States — 58.6%,"Lyft Inc., Class","5,459","3,01,992",,
CRBN,iShares MSCI ACWI Low Carbon Target ETF,31/07/21,United States — 58.6%,M&T Bank Corp.,"1,751","2,34,371",,
CRBN,iShares MSCI ACWI Low Carbon Target ETF,31/07/21,United States — 58.6%,Markel Corp.,103,"1,24,236",,
CRBN,iShares MSCI ACWI Low Carbon Target ETF,31/07/21,United States — 58.6%,MarketAxess Holdings Inc.,412,"1,95,770",,
CRBN,iShares MSCI ACWI Low Carbon Target ETF,31/07/21,United States — 58.6%,"Marriott International Inc./MD, Class","1,442","2,10,503",,
CRBN,iShares MSCI ACWI Low Carbon Target ETF,31/07/21,United States — 58.6%,Marsh & McLennan Companies Inc.,"7,210","10,61,456",,
CRBN,iShares MSCI ACWI Low Carbon Target ETF,31/07/21,United States — 58.6%,Martin Marietta Materials Inc.,"1,133","4,11,619",,
CRBN,iShares MSCI ACWI Low Carbon Target ETF,31/07/21,United States — 58.6%,Marvell Technology Inc.,"11,948","7,22,973",,
CRBN,iShares MSCI ACWI Low Carbon Target ETF,31/07/21,United States — 58.6%,Masco Corp.,"5,150","3,07,507",,
CRBN,iShares MSCI ACWI Low Carbon Target ETF,31/07/21,United States — 58.6%,"Mastercard Inc., Class","11,639","44,91,956",,
CRBN,iShares MSCI ACWI Low Carbon Target ETF,31/07/21,United States — 58.6%,Match Group Inc.,"3,296","5,24,954",,
CRBN,iShares MSCI ACWI Low Carbon Target ETF,31/07/21,United States — 58.6%,Maxim Integrated Products Inc.,"2,060","2,05,815",,
CRBN,iShares MSCI ACWI Low Carbon Target ETF,31/07/21,United States — 58.6%,"McCormick & Co. Inc./MD, NVS","4,738","3,98,797",,
CRBN,iShares MSCI ACWI Low Carbon Target ETF,31/07/21,United States — 58.6%,McDonald’s Corp.,"9,064","21,99,923",,
CRBN,iShares MSCI ACWI Low Carbon Target ETF,31/07/21,United States — 58.6%,McKesson Corp.,"2,060","4,19,890",,
CRBN,iShares MSCI ACWI Low Carbon Target ETF,31/07/21,United States — 58.6%,Medical Properties Trust Inc.,"7,725","1,62,457",,
CRBN,iShares MSCI ACWI Low Carbon Target ETF,31/07/21,United States — 58.6%,Medtronic PLC,"18,242","23,95,357",,
CRBN,iShares MSCI ACWI Low Carbon Target ETF,31/07/21,United States — 58.6%,MercadoLibre Inc.,618,"9,69,457",,
CRBN,iShares MSCI ACWI Low Carbon Target ETF,31/07/21,United States — 58.6%,Merck & Co. Inc.,"34,814","26,76,152",,
CRBN,iShares MSCI ACWI Low Carbon Target ETF,31/07/21,United States — 58.6%,MetLife Inc.,"12,669","7,31,001",,
CRBN,iShares MSCI ACWI Low Carbon Target ETF,31/07/21,United States — 58.6%,Mettler-Toledo International Inc.,309,"4,55,376",,
CRBN,iShares MSCI ACWI Low Carbon Target ETF,31/07/21,United States — 58.6%,MGM Resorts International,"6,283","2,35,801",,
CRBN,iShares MSCI ACWI Low Carbon Target ETF,31/07/21,United States — 58.6%,Microchip Technology Inc.,"3,399","4,86,465",,
CRBN,iShares MSCI ACWI Low Carbon Target ETF,31/07/21,United States — 58.6%,Micron Technology Inc.,"14,214","11,02,722",,
CRBN,iShares MSCI ACWI Low Carbon Target ETF,31/07/21,United States — 58.6%,Microsoft Corp.,"91,567","2,60,88,354",,
CRBN,iShares MSCI ACWI Low Carbon Target ETF,31/07/21,United States — 58.6%,Moderna Inc.,"4,326","15,29,674",,
CRBN,iShares MSCI ACWI Low Carbon Target ETF,31/07/21,United States — 58.6%,Molina Healthcare Inc.,628,"1,71,450",,
CRBN,iShares MSCI ACWI Low Carbon Target ETF,31/07/21,United States — 58.6%,"Molson Coors Beverage Co., Class","3,296","1,61,141",,
CRBN,iShares MSCI ACWI Low Carbon Target ETF,31/07/21,United States — 58.6%,"Mondelez International Inc., Class","20,394","12,90,124",,
CRBN,iShares MSCI ACWI Low Carbon Target ETF,31/07/21,United States — 58.6%,"MongoDB Inc., Class",721,"2,58,781",,
CRBN,iShares MSCI ACWI Low Carbon Target ETF,31/07/21,United States — 58.6%,Monster Beverage Corp.,"6,695","6,31,472",,
CRBN,iShares MSCI ACWI Low Carbon Target ETF,31/07/21,United States — 58.6%,Moody’s Corp.,"1,854","6,97,104",,
CRBN,iShares MSCI ACWI Low Carbon Target ETF,31/07/21,United States — 58.6%,Morgan Stanley,"18,437","17,69,583",,
CRBN,iShares MSCI ACWI Low Carbon Target ETF,31/07/21,United States — 58.6%,Mosaic Co. (The),"5,974","1,86,568",,
CRBN,iShares MSCI ACWI Low Carbon Target ETF,31/07/21,United States — 58.6%,Motorola Solutions Inc.,"2,266","5,07,403",,
CRBN,iShares MSCI ACWI Low Carbon Target ETF,31/07/21,United States — 58.6%,"MSCI Inc., Class",927,"5,52,455",,
CRBN,iShares MSCI ACWI Low Carbon Target ETF,31/07/21,United States — 58.6%,NetApp Inc.,"3,811","3,03,317",,
CRBN,iShares MSCI ACWI Low Carbon Target ETF,31/07/21,United States — 58.6%,Netflix Inc.,"5,768","29,85,344",,
CRBN,iShares MSCI ACWI Low Carbon Target ETF,31/07/21,United States — 58.6%,Newell Brands Inc.,"8,343","2,06,489",,
CRBN,iShares MSCI ACWI Low Carbon Target ETF,31/07/21,United States — 58.6%,Newmont Corp.,"11,433","7,18,221",,
CRBN,iShares MSCI ACWI Low Carbon Target ETF,31/07/21,United States — 58.6%,"News Corp., Class, NVS","6,489","1,59,824",,
CRBN,iShares MSCI ACWI Low Carbon Target ETF,31/07/21,United States — 58.6%,NextEra Energy Inc.,"22,763","17,73,238",,
CRBN,iShares MSCI ACWI Low Carbon Target ETF,31/07/21,United States — 58.6%,"Nike Inc., Class","16,686","27,95,072",,
CRBN,iShares MSCI ACWI Low Carbon Target ETF,31/07/21,United States — 58.6%,Norfolk Southern Corp.,"3,399","8,76,364",,
CRBN,iShares MSCI ACWI Low Carbon Target ETF,31/07/21,United States — 58.6%,Northern Trust Corp.,"2,163","2,44,095",,
CRBN,iShares MSCI ACWI Low Carbon Target ETF,31/07/21,United States — 58.6%,Northrop Grumman Corp.,"1,854","6,73,039",,
CRBN,iShares MSCI ACWI Low Carbon Target ETF,31/07/21,United States — 58.6%,NortonLifeLock Inc.,"8,446","2,09,630",,
CRBN,iShares MSCI ACWI Low Carbon Target ETF,31/07/21,United States — 58.6%,Novocure Ltd.,"1,442","2,22,082",,
CRBN,iShares MSCI ACWI Low Carbon Target ETF,31/07/21,United States — 58.6%,NVIDIA Corp.,"32,548","63,46,535",,
CRBN,iShares MSCI ACWI Low Carbon Target ETF,31/07/21,United States — 58.6%,Okta Inc.,"1,442","3,57,313",,
CRBN,iShares MSCI ACWI Low Carbon Target ETF,31/07/21,United States — 58.6%,Old Dominion Freight Line Inc.,"1,236","3,32,669",,
CRBN,iShares MSCI ACWI Low Carbon Target ETF,31/07/21,United States — 58.6%,Omega Healthcare Investors Inc.,"4,120","1,49,474",,
CRBN,iShares MSCI ACWI Low Carbon Target ETF,31/07/21,United States — 58.6%,Omnicom Group Inc.,"2,163","1,57,510",,
CRBN,iShares MSCI ACWI Low Carbon Target ETF,31/07/21,United States — 58.6%,ONEOK Inc.,"11,536","5,99,526",,
CRBN,iShares MSCI ACWI Low Carbon Target ETF,31/07/21,United States — 58.6%,Oracle Corp.,"25,132","21,90,002",,
CRBN,iShares MSCI ACWI Low Carbon Target ETF,31/07/21,United States — 58.6%,O’Reilly Automotive Inc.,824,"4,97,564",,
CRBN,iShares MSCI ACWI Low Carbon Target ETF,31/07/21,United States — 58.6%,Otis Worldwide Corp.,"6,298","5,63,986",,
CRBN,iShares MSCI ACWI Low Carbon Target ETF,31/07/21,United States — 58.6%,PACCAR Inc.,"3,193","2,64,987",,
CRBN,iShares MSCI ACWI Low Carbon Target ETF,31/07/21,United States — 58.6%,"Palantir Technologies Inc., Class","9,476","2,05,724",,
CRBN,iShares MSCI ACWI Low Carbon Target ETF,31/07/21,United States — 58.6%,Palo Alto Networks Inc.,"1,133","4,52,124",,
CRBN,iShares MSCI ACWI Low Carbon Target ETF,31/07/21,United States — 58.6%,Parker-Hannifin Corp.,"1,751","5,46,365",,
CRBN,iShares MSCI ACWI Low Carbon Target ETF,31/07/21,United States — 58.6%,Paychex Inc.,"5,150","5,86,173",,
CRBN,iShares MSCI ACWI Low Carbon Target ETF,31/07/21,United States — 58.6%,Paycom Software Inc.,721,"2,88,400",,
CRBN,iShares MSCI ACWI Low Carbon Target ETF,31/07/21,United States — 58.6%,PayPal Holdings Inc.,"14,317","39,44,763",,
CRBN,iShares MSCI ACWI Low Carbon Target ETF,31/07/21,United States — 58.6%,"Peloton Interactive Inc., Class","3,708","4,37,729",,
CRBN,iShares MSCI ACWI Low Carbon Target ETF,31/07/21,United States — 58.6%,Pentair PLC,"2,808","2,06,865",,
CRBN,iShares MSCI ACWI Low Carbon Target ETF,31/07/21,United States — 58.6%,PepsiCo Inc.,"18,437","28,93,687",,
CRBN,iShares MSCI ACWI Low Carbon Target ETF,31/07/21,United States — 58.6%,PerkinElmer Inc.,"1,648","3,00,315",,
CRBN,iShares MSCI ACWI Low Carbon Target ETF,31/07/21,United States — 58.6%,Pfizer Inc.,"72,821","31,17,467",,
CRBN,iShares MSCI ACWI Low Carbon Target ETF,31/07/21,United States — 58.6%,PG&E Corp.,"13,905","1,22,225",,
CRBN,iShares MSCI ACWI Low Carbon Target ETF,31/07/21,United States — 58.6%,Philip Morris International Inc.,"21,115","21,13,400",,
CRBN,iShares MSCI ACWI Low Carbon Target ETF,31/07/21,United States — 58.6%,"Pinterest Inc., Class","7,107","4,18,602",,
CRBN,iShares MSCI ACWI Low Carbon Target ETF,31/07/21,United States — 58.6%,Pioneer Natural Resources Co.,"12,566","18,26,719",,
CRBN,iShares MSCI ACWI Low Carbon Target ETF,31/07/21,United States — 58.6%,Plug Power Inc.,"8,446","2,30,407",,
CRBN,iShares MSCI ACWI Low Carbon Target ETF,31/07/21,United States — 58.6%,PNC Financial Services Group Inc. (The),"5,974","10,89,717",,
CRBN,iShares MSCI ACWI Low Carbon Target ETF,31/07/21,United States — 58.6%,Pool Corp.,618,"2,95,293",,
CRBN,iShares MSCI ACWI Low Carbon Target ETF,31/07/21,United States — 58.6%,PPG Industries Inc.,"5,562","9,09,498",,
CRBN,iShares MSCI ACWI Low Carbon Target ETF,31/07/21,United States — 58.6%,Principal Financial Group Inc.,"4,738","2,94,372",,
CRBN,iShares MSCI ACWI Low Carbon Target ETF,31/07/21,United States — 58.6%,Procter & Gamble Co. (The),"33,990","48,34,398",,
CRBN,iShares MSCI ACWI Low Carbon Target ETF,31/07/21,United States — 58.6%,Progressive Corp. (The),"7,725","7,35,111",,
CRBN,iShares MSCI ACWI Low Carbon Target ETF,31/07/21,United States — 58.6%,Prologis Inc.,"10,094","12,92,436",,
CRBN,iShares MSCI ACWI Low Carbon Target ETF,31/07/21,United States — 58.6%,Prudential Financial Inc.,"7,313","7,33,348",,
CRBN,iShares MSCI ACWI Low Carbon Target ETF,31/07/21,United States — 58.6%,PTC Inc.,"2,266","3,06,930",,
CRBN,iShares MSCI ACWI Low Carbon Target ETF,31/07/21,United States — 58.6%,Public Storage,"1,957","6,11,523",,
CRBN,iShares MSCI ACWI Low Carbon Target ETF,31/07/21,United States — 58.6%,PulteGroup Inc.,"3,090","1,69,548",,
CRBN,iShares MSCI ACWI Low Carbon Target ETF,31/07/21,United States — 58.6%,Qorvo Inc.,"1,339","2,53,861",,
CRBN,iShares MSCI ACWI Low Carbon Target ETF,31/07/21,United States — 58.6%,QUALCOMM Inc.,"15,038","22,52,692",,
CRBN,iShares MSCI ACWI Low Carbon Target ETF,31/07/21,United States — 58.6%,Quest Diagnostics Inc.,"1,545","2,19,081",,
CRBN,iShares MSCI ACWI Low Carbon Target ETF,31/07/21,United States — 58.6%,Raytheon Technologies Corp.,"21,740","18,90,293",,
CRBN,iShares MSCI ACWI Low Carbon Target ETF,31/07/21,United States — 58.6%,Realty Income Corp.,"2,472","1,73,757",,
CRBN,iShares MSCI ACWI Low Carbon Target ETF,31/07/21,United States — 58.6%,Regency Centers Corp.,"2,472","1,61,694",,
CRBN,iShares MSCI ACWI Low Carbon Target ETF,31/07/21,United States — 58.6%,Regeneron Pharmaceuticals Inc.,"1,133","6,51,033",,
CRBN,iShares MSCI ACWI Low Carbon Target ETF,31/07/21,United States — 58.6%,Regions Financial Corp.,"16,583","3,19,223",,
CRBN,iShares MSCI ACWI Low Carbon Target ETF,31/07/21,United States — 58.6%,Reinsurance Group America Inc.,927,"1,02,137",,
CRBN,iShares MSCI ACWI Low Carbon Target ETF,31/07/21,United States — 58.6%,ResMed Inc.,"1,854","5,03,917",,
CRBN,iShares MSCI ACWI Low Carbon Target ETF,31/07/21,United States — 58.6%,"RingCentral Inc., Class",721,"1,92,702",,
CRBN,iShares MSCI ACWI Low Carbon Target ETF,31/07/21,United States — 58.6%,Robert Half International Inc.,"2,266","2,22,544",,
CRBN,iShares MSCI ACWI Low Carbon Target ETF,31/07/21,United States — 58.6%,Rockwell Automation Inc.,"1,442","4,43,300",,
CRBN,iShares MSCI ACWI Low Carbon Target ETF,31/07/21,United States — 58.6%,Roku Inc.,"1,545","6,61,739",,
CRBN,iShares MSCI ACWI Low Carbon Target ETF,31/07/21,United States — 58.6%,Rollins Inc.,"5,705","2,18,673",,
CRBN,iShares MSCI ACWI Low Carbon Target ETF,31/07/21,United States — 58.6%,Roper Technologies Inc.,"1,545","7,59,120",,
CRBN,iShares MSCI ACWI Low Carbon Target ETF,31/07/21,United States — 58.6%,Ross Stores Inc.,"4,841","5,93,942",,
CRBN,iShares MSCI ACWI Low Carbon Target ETF,31/07/21,United States — 58.6%,Royal Caribbean Cruises Ltd.,"2,781","2,13,775",,
CRBN,iShares MSCI ACWI Low Carbon Target ETF,31/07/21,United States — 58.6%,S&P Global Inc.,"3,090","13,24,745",,
CRBN,iShares MSCI ACWI Low Carbon Target ETF,31/07/21,United States — 58.6%,salesforce.com Inc.,"12,198","29,50,962",,
CRBN,iShares MSCI ACWI Low Carbon Target ETF,31/07/21,United States — 58.6%,"SBA Communications Corp., Class","1,442","4,91,708",,
CRBN,iShares MSCI ACWI Low Carbon Target ETF,31/07/21,United States — 58.6%,Schlumberger Ltd.,"53,148","15,32,257",,
CRBN,iShares MSCI ACWI Low Carbon Target ETF,31/07/21,United States — 58.6%,Seagen Inc.,"1,236","1,89,590",,
CRBN,iShares MSCI ACWI Low Carbon Target ETF,31/07/21,United States — 58.6%,Sealed Air Corp.,"3,914","2,22,120",,
CRBN,iShares MSCI ACWI Low Carbon Target ETF,31/07/21,United States — 58.6%,Sempra Energy,"5,670","7,40,786",,
CRBN,iShares MSCI ACWI Low Carbon Target ETF,31/07/21,United States — 58.6%,ServiceNow Inc.,"2,472","14,53,264",,
CRBN,iShares MSCI ACWI Low Carbon Target ETF,31/07/21,United States — 58.6%,Sherwin-Williams Co. (The),"4,017","11,69,068",,
CRBN,iShares MSCI ACWI Low Carbon Target ETF,31/07/21,United States — 58.6%,Simon Property Group Inc.,"4,841","6,12,483",,
CRBN,iShares MSCI ACWI Low Carbon Target ETF,31/07/21,United States — 58.6%,Skyworks Solutions Inc.,"2,266","4,18,100",,
CRBN,iShares MSCI ACWI Low Carbon Target ETF,31/07/21,United States — 58.6%,"Snap Inc., Class, NVS","12,772","9,50,492",,
CRBN,iShares MSCI ACWI Low Carbon Target ETF,31/07/21,United States — 58.6%,Snap-on Inc.,"1,133","2,46,971",,
CRBN,iShares MSCI ACWI Low Carbon Target ETF,31/07/21,United States — 58.6%,"Snowflake Inc., Class",721,"1,91,584",,
CRBN,iShares MSCI ACWI Low Carbon Target ETF,31/07/21,United States — 58.6%,SolarEdge Technologies Inc.,824,"2,13,812",,
CRBN,iShares MSCI ACWI Low Carbon Target ETF,31/07/21,United States — 58.6%,Splunk Inc.,"1,751","2,48,607",,
CRBN,iShares MSCI ACWI Low Carbon Target ETF,31/07/21,United States — 58.6%,"Square Inc., Class","5,150","12,73,389",,
CRBN,iShares MSCI ACWI Low Carbon Target ETF,31/07/21,United States — 58.6%,SS&C Technologies Holdings Inc.,"2,266","1,77,632",,
CRBN,iShares MSCI ACWI Low Carbon Target ETF,31/07/21,United States — 58.6%,Stanley Black & Decker Inc.,"2,472","4,87,108",,
CRBN,iShares MSCI ACWI Low Carbon Target ETF,31/07/21,United States — 58.6%,Starbucks Corp.,"17,304","21,01,225",,
CRBN,iShares MSCI ACWI Low Carbon Target ETF,31/07/21,United States — 58.6%,State Street Corp.,"5,205","4,53,564",,
CRBN,iShares MSCI ACWI Low Carbon Target ETF,31/07/21,United States — 58.6%,Stryker Corp.,"4,635","12,55,807",,
CRBN,iShares MSCI ACWI Low Carbon Target ETF,31/07/21,United States — 58.6%,Sun Communities Inc.,"1,030","2,01,993",,
CRBN,iShares MSCI ACWI Low Carbon Target ETF,31/07/21,United States — 58.6%,Sunrun Inc.,"4,326","2,29,148",,
CRBN,iShares MSCI ACWI Low Carbon Target ETF,31/07/21,United States — 58.6%,SVB Financial Group,721,"3,96,521",,
CRBN,iShares MSCI ACWI Low Carbon Target ETF,31/07/21,United States — 58.6%,Synchrony Financial,"7,004","3,29,328",,
CRBN,iShares MSCI ACWI Low Carbon Target ETF,31/07/21,United States — 58.6%,Synopsys Inc.,"1,339","3,85,619",,
CRBN,iShares MSCI ACWI Low Carbon Target ETF,31/07/21,United States — 58.6%,Sysco Corp.,"8,343","6,19,051",,
CRBN,iShares MSCI ACWI Low Carbon Target ETF,31/07/21,United States — 58.6%,T Rowe Price Group Inc.,"2,369","4,83,655",,
CRBN,iShares MSCI ACWI Low Carbon Target ETF,31/07/21,United States — 58.6%,Take-Two Interactive Software Inc.,"1,030","1,78,623",,
CRBN,iShares MSCI ACWI Low Carbon Target ETF,31/07/21,United States — 58.6%,Target Corp.,"6,283","16,40,177",,
CRBN,iShares MSCI ACWI Low Carbon Target ETF,31/07/21,United States — 58.6%,TE Connectivity Ltd.,"5,974","8,80,986",,
CRBN,iShares MSCI ACWI Low Carbon Target ETF,31/07/21,United States — 58.6%,Teladoc Health Inc.,"2,060","3,05,807",,
CRBN,iShares MSCI ACWI Low Carbon Target ETF,31/07/21,United States — 58.6%,Teledyne Technologies Inc.,515,"2,33,177",,
CRBN,iShares MSCI ACWI Low Carbon Target ETF,31/07/21,United States — 58.6%,Teleflex Inc.,515,"2,04,676",,
CRBN,iShares MSCI ACWI Low Carbon Target ETF,31/07/21,United States — 58.6%,Teradyne Inc.,"2,472","3,13,944",,
CRBN,iShares MSCI ACWI Low Carbon Target ETF,31/07/21,United States — 58.6%,Tesla Inc.,"10,094","69,36,597",,
CRBN,iShares MSCI ACWI Low Carbon Target ETF,31/07/21,United States — 58.6%,Texas Instruments Inc.,"11,845","22,57,894",,
CRBN,iShares MSCI ACWI Low Carbon Target ETF,31/07/21,United States — 58.6%,Textron Inc.,"2,987","2,06,133",,
CRBN,iShares MSCI ACWI Low Carbon Target ETF,31/07/21,United States — 58.6%,Thermo Fisher Scientific Inc.,"5,253","28,36,673",,
CRBN,iShares MSCI ACWI Low Carbon Target ETF,31/07/21,United States — 58.6%,TJX Companies Inc. (The),"16,583","11,41,076",,
CRBN,iShares MSCI ACWI Low Carbon Target ETF,31/07/21,United States — 58.6%,T-Mobile U.S. Inc.,"8,034","11,57,057",,
CRBN,iShares MSCI ACWI Low Carbon Target ETF,31/07/21,United States — 58.6%,Tractor Supply Co.,"1,442","2,60,901",,
CRBN,iShares MSCI ACWI Low Carbon Target ETF,31/07/21,United States — 58.6%,"Trade Desk Inc. (The), Class","5,665","4,64,020",,
CRBN,iShares MSCI ACWI Low Carbon Target ETF,31/07/21,United States — 58.6%,"Tradeweb Markets Inc., Class","1,442","1,25,065",,
CRBN,iShares MSCI ACWI Low Carbon Target ETF,31/07/21,United States — 58.6%,TransDigm Group Inc.,721,"4,62,226",,
CRBN,iShares MSCI ACWI Low Carbon Target ETF,31/07/21,United States — 58.6%,TransUnion,"2,781","3,33,887",,
CRBN,iShares MSCI ACWI Low Carbon Target ETF,31/07/21,United States — 58.6%,Travelers Companies Inc. (The),"3,502","5,21,518",,
CRBN,iShares MSCI ACWI Low Carbon Target ETF,31/07/21,United States — 58.6%,Trimble Inc.,"4,532","3,87,486",,
CRBN,iShares MSCI ACWI Low Carbon Target ETF,31/07/21,United States — 58.6%,Truist Financial Corp.,"17,253","9,39,081",,
CRBN,iShares MSCI ACWI Low Carbon Target ETF,31/07/21,United States — 58.6%,"Twilio Inc., Class","2,060","7,69,595",,
CRBN,iShares MSCI ACWI Low Carbon Target ETF,31/07/21,United States — 58.6%,Twitter Inc.,"10,094","7,04,057",,
CRBN,iShares MSCI ACWI Low Carbon Target ETF,31/07/21,United States — 58.6%,"Tyson Foods Inc., Class","2,163","1,54,568",,
CRBN,iShares MSCI ACWI Low Carbon Target ETF,31/07/21,United States — 58.6%,U.S. Bancorp,"18,643","10,35,432",,
CRBN,iShares MSCI ACWI Low Carbon Target ETF,31/07/21,United States — 58.6%,Uber Technologies Inc.,"18,952","8,23,654",,
CRBN,iShares MSCI ACWI Low Carbon Target ETF,31/07/21,United States — 58.6%,UDR Inc.,"2,829","1,55,567",,
CRBN,iShares MSCI ACWI Low Carbon Target ETF,31/07/21,United States — 58.6%,Ulta Beauty Inc.,824,"2,76,699",,
CRBN,iShares MSCI ACWI Low Carbon Target ETF,31/07/21,United States — 58.6%,Union Pacific Corp.,"8,343","18,25,115",,
CRBN,iShares MSCI ACWI Low Carbon Target ETF,31/07/21,United States — 58.6%,"United Parcel Service Inc., Class","9,064","17,34,487",,
CRBN,iShares MSCI ACWI Low Carbon Target ETF,31/07/21,United States — 58.6%,United Rentals Inc.,"1,442","4,75,211",,
CRBN,iShares MSCI ACWI Low Carbon Target ETF,31/07/21,United States — 58.6%,UnitedHealth Group Inc.,"12,154","50,10,122",,
CRBN,iShares MSCI ACWI Low Carbon Target ETF,31/07/21,United States — 58.6%,"Universal Health Services Inc., Class","1,030","1,65,222",,
CRBN,iShares MSCI ACWI Low Carbon Target ETF,31/07/21,United States — 58.6%,Vail Resorts Inc.,618,"1,88,614",,
CRBN,iShares MSCI ACWI Low Carbon Target ETF,31/07/21,United States — 58.6%,Valero Energy Corp.,"3,708","2,48,325",,
CRBN,iShares MSCI ACWI Low Carbon Target ETF,31/07/21,United States — 58.6%,"Veeva Systems Inc., Class","1,957","6,51,113",,
CRBN,iShares MSCI ACWI Low Carbon Target ETF,31/07/21,United States — 58.6%,Ventas Inc.,"5,768","3,44,811",,
CRBN,iShares MSCI ACWI Low Carbon Target ETF,31/07/21,United States — 58.6%,VEREIT Inc.,"4,905","2,40,198",,
CRBN,iShares MSCI ACWI Low Carbon Target ETF,31/07/21,United States — 58.6%,VeriSign Inc.,"1,339","2,89,719",,
CRBN,iShares MSCI ACWI Low Carbon Target ETF,31/07/21,United States — 58.6%,"Verisk Analytics Inc., Class","2,060","3,91,276",,
CRBN,iShares MSCI ACWI Low Carbon Target ETF,31/07/21,United States — 58.6%,Verizon Communications Inc.,"52,633","29,35,869",,
CRBN,iShares MSCI ACWI Low Carbon Target ETF,31/07/21,United States — 58.6%,Vertex Pharmaceuticals Inc.,"3,193","6,43,645",,
CRBN,iShares MSCI ACWI Low Carbon Target ETF,31/07/21,United States — 58.6%,VF Corp.,"4,738","3,79,988",,
CRBN,iShares MSCI ACWI Low Carbon Target ETF,31/07/21,United States — 58.6%,"ViacomCBS Inc., Class, NVS","6,234","2,55,158",,
CRBN,iShares MSCI ACWI Low Carbon Target ETF,31/07/21,United States — 58.6%,Viatris Inc.,"17,424","2,45,156",,
CRBN,iShares MSCI ACWI Low Carbon Target ETF,31/07/21,United States — 58.6%,VICI Properties Inc.,"7,725","2,40,943",,
CRBN,iShares MSCI ACWI Low Carbon Target ETF,31/07/21,United States — 58.6%,"Visa Inc., Class","21,733","53,54,794",,
CRBN,iShares MSCI ACWI Low Carbon Target ETF,31/07/21,United States — 58.6%,"VMware Inc., Class","1,133","1,74,187",,
CRBN,iShares MSCI ACWI Low Carbon Target ETF,31/07/21,United States — 58.6%,Vornado Realty Trust,"3,828","1,66,518",,
CRBN,iShares MSCI ACWI Low Carbon Target ETF,31/07/21,United States — 58.6%,Voya Financial Inc.,"4,120","2,65,328",,
CRBN,iShares MSCI ACWI Low Carbon Target ETF,31/07/21,United States — 58.6%,Vulcan Materials Co.,"2,781","5,00,552",,
CRBN,iShares MSCI ACWI Low Carbon Target ETF,31/07/21,United States — 58.6%,Walgreens Boots Alliance Inc.,"12,463","5,87,630",,
CRBN,iShares MSCI ACWI Low Carbon Target ETF,31/07/21,United States — 58.6%,Walmart Inc.,"20,085","28,63,117",,
CRBN,iShares MSCI ACWI Low Carbon Target ETF,31/07/21,United States — 58.6%,Walt Disney Co. (The),"23,175","40,79,263",,
CRBN,iShares MSCI ACWI Low Carbon Target ETF,31/07/21,United States — 58.6%,Waters Corp.,927,"3,61,354",,
CRBN,iShares MSCI ACWI Low Carbon Target ETF,31/07/21,United States — 58.6%,"Wayfair Inc., Class","1,030","2,48,601",,
CRBN,iShares MSCI ACWI Low Carbon Target ETF,31/07/21,United States — 58.6%,Wells Fargo & Co.,"54,281","24,93,669",,
CRBN,iShares MSCI ACWI Low Carbon Target ETF,31/07/21,United States — 58.6%,Welltower Inc.,"6,592","5,72,581",,
CRBN,iShares MSCI ACWI Low Carbon Target ETF,31/07/21,United States — 58.6%,West Pharmaceutical Services Inc.,618,"2,54,449",,
CRBN,iShares MSCI ACWI Low Carbon Target ETF,31/07/21,United States — 58.6%,Western Digital Corp.,"4,223","2,74,199",,
CRBN,iShares MSCI ACWI Low Carbon Target ETF,31/07/21,United States — 58.6%,Western Union Co. (The),"7,210","1,67,344",,
CRBN,iShares MSCI ACWI Low Carbon Target ETF,31/07/21,United States — 58.6%,Westinghouse Air Brake Technologies Corp.,"2,987","2,53,507",,
CRBN,iShares MSCI ACWI Low Carbon Target ETF,31/07/21,United States — 58.6%,Weyerhaeuser Co.,"10,918","3,68,264",,
CRBN,iShares MSCI ACWI Low Carbon Target ETF,31/07/21,United States — 58.6%,Whirlpool Corp.,"1,236","2,73,823",,
CRBN,iShares MSCI ACWI Low Carbon Target ETF,31/07/21,United States — 58.6%,Williams Companies Inc. (The),"32,239","8,07,587",,
CRBN,iShares MSCI ACWI Low Carbon Target ETF,31/07/21,United States — 58.6%,Willis Towers Watson PLC,"1,462","3,01,289",,
CRBN,iShares MSCI ACWI Low Carbon Target ETF,31/07/21,United States — 58.6%,"Workday Inc., Class","2,369","5,55,294",,
CRBN,iShares MSCI ACWI Low Carbon Target ETF,31/07/21,United States — 58.6%,WP Carey Inc.,"2,374","1,91,558",,
CRBN,iShares MSCI ACWI Low Carbon Target ETF,31/07/21,United States — 58.6%,WW Grainger Inc.,618,"2,74,750",,
CRBN,iShares MSCI ACWI Low Carbon Target ETF,31/07/21,United States — 58.6%,Wynn Resorts Ltd.,"1,957","1,92,432",,
CRBN,iShares MSCI ACWI Low Carbon Target ETF,31/07/21,United States — 58.6%,Xilinx Inc.,"3,399","5,09,306",,
CRBN,iShares MSCI ACWI Low Carbon Target ETF,31/07/21,United States — 58.6%,XPO Logistics Inc.,"1,236","1,71,421",,
CRBN,iShares MSCI ACWI Low Carbon Target ETF,31/07/21,United States — 58.6%,Xylem Inc./NY,"3,399","4,27,764",,
CRBN,iShares MSCI ACWI Low Carbon Target ETF,31/07/21,United States — 58.6%,Yum Brands Inc.,"2,884","3,78,929",,
CRBN,iShares MSCI ACWI Low Carbon Target ETF,31/07/21,United States — 58.6%,"Zebra Technologies Corp., Class",721,"3,98,338",,
CRBN,iShares MSCI ACWI Low Carbon Target ETF,31/07/21,United States — 58.6%,"Zillow Group Inc., Class, NVS","3,399","3,61,178",,
CRBN,iShares MSCI ACWI Low Carbon Target ETF,31/07/21,United States — 58.6%,Zimmer Biomet Holdings Inc.,"3,296","5,38,632",,
CRBN,iShares MSCI ACWI Low Carbon Target ETF,31/07/21,United States — 58.6%,Zoetis Inc.,"6,489","13,15,320",,
CRBN,iShares MSCI ACWI Low Carbon Target ETF,31/07/21,United States — 58.6%,"Zoom Video Communications Inc., Class","2,678","10,12,552","50,44,28,174",853364232
CRBN,iShares MSCI ACWI Low Carbon Target ETF,31/07/21,BRAZIL — 0.1%,"Banco Bradesco SA, Preference Shares, NVS","46,884","2,18,295",,
CRBN,iShares MSCI ACWI Low Carbon Target ETF,31/07/21,BRAZIL — 0.1%,"Bradespar SA, Preference Shares, NVS","37,286","5,29,482",,
CRBN,iShares MSCI ACWI Low Carbon Target ETF,31/07/21,BRAZIL — 0.1%,"Itau Unibanco Holding SA, Preference Shares, NVS","21,169","1,23,155",,
CRBN,iShares MSCI ACWI Low Carbon Target ETF,31/07/21,BRAZIL — 0.1%,"Itausa SA, Preference Shares, NVS","1,53,058","3,28,259","11,99,191",
CRBN,iShares MSCI ACWI Low Carbon Target ETF,31/07/21,CHILE — 0.0%,"Sociedad Quimica y Minera de Chile SA, Class B, Preference Shares, NVS","7,331","3,50,184","3,50,184",
CRBN,iShares MSCI ACWI Low Carbon Target ETF,31/07/21,COLOMBIA — 0.0%,"Bancolombia SA, Preference Shares, NVS","21,527","1,54,319","1,54,319",
CRBN,iShares MSCI ACWI Low Carbon Target ETF,31/07/21,GERMANY — 0.3%,"Fuchs Petrolub SE, Preference Shares, NVS","2,266","1,12,911",,
CRBN,iShares MSCI ACWI Low Carbon Target ETF,31/07/21,GERMANY — 0.3%,"Henkel AG & Co. KGaA, Preference Shares, NVS","4,944","5,01,245",,
CRBN,iShares MSCI ACWI Low Carbon Target ETF,31/07/21,GERMANY — 0.3%,"Sartorius AG, Preference Shares, NVS","1,257","7,60,375",,
CRBN,iShares MSCI ACWI Low Carbon Target ETF,31/07/21,GERMANY — 0.3%,"Volkswagen AG, Preference Shares, NVS","3,193","7,77,721","21,52,252",
CRBN,iShares MSCI ACWI Low Carbon Target ETF,31/07/21,ITALY — 0.0%,"Telecom Italia SpA/Milano, Preference Shares, NVS","3,98,404","1,85,747","1,85,747",
CRBN,iShares MSCI ACWI Low Carbon Target ETF,31/07/21,SOUTH KOREA — 0.1%,"LG Chem Ltd., Preference Shares, NVS",384,"1,28,089",,
CRBN,iShares MSCI ACWI Low Carbon Target ETF,31/07/21,SOUTH KOREA — 0.1%,"Samsung Electronics Co. Ltd., Preference Shares, NVS","10,300","6,46,592","7,74,681","48,16,374"
CRBN,iShares MSCI ACWI Low Carbon Target ETF,31/07/21,MONEY MARKET FUNDS — 0.7%,"BlackRock Cash Funds: Institutional, SL Agency Shares, 0.06%(k)(l)","42,24,871","42,26,983",,
CRBN,iShares MSCI ACWI Low Carbon Target ETF,31/07/21,MONEY MARKET FUNDS — 0.7%,"BlackRock Cash Funds: Treasury, SL Agency Shares, 0.00%(k)(l)","13,80,000","13,80,000","56,06,983","56,06,983"