etf_ticker,etf_name,date,sector,security,shares,value,total_value,total_overall_value
ESML,iShares ESG Aware MSCI USA Small-Cap ETF,29/02/24,Aerospace & Defense — 1.7%,"AeroVironment, Inc.","9,789","12,41,147",,
ESML,iShares ESG Aware MSCI USA Small-Cap ETF,29/02/24,Aerospace & Defense — 1.7%,"BWX Technologies, Inc.","46,108","46,49,070",,
ESML,iShares ESG Aware MSCI USA Small-Cap ETF,29/02/24,Aerospace & Defense — 1.7%,Curtiss-Wright Corp.,"12,496","29,52,430",,
ESML,iShares ESG Aware MSCI USA Small-Cap ETF,29/02/24,Aerospace & Defense — 1.7%,"Ducommun, Inc.","16,219","7,73,971",,
ESML,iShares ESG Aware MSCI USA Small-Cap ETF,29/02/24,Aerospace & Defense — 1.7%,Hexcel Corp.,"43,999","32,76,165",,
ESML,iShares ESG Aware MSCI USA Small-Cap ETF,29/02/24,Aerospace & Defense — 1.7%,"Kaman Corp., Class","17,283","7,91,734",,
ESML,iShares ESG Aware MSCI USA Small-Cap ETF,29/02/24,Aerospace & Defense — 1.7%,"Kratos Defense & Solutions, Inc.","52,850","9,63,984",,
ESML,iShares ESG Aware MSCI USA Small-Cap ETF,29/02/24,Aerospace & Defense — 1.7%,"Leonardo DRS, Inc.","46,101","10,46,954",,
ESML,iShares ESG Aware MSCI USA Small-Cap ETF,29/02/24,Aerospace & Defense — 1.7%,"Mercury Systems, Inc.","45,154","13,48,750",,
ESML,iShares ESG Aware MSCI USA Small-Cap ETF,29/02/24,Aerospace & Defense — 1.7%,"Moog, Inc., Class","21,104","31,64,545",,
ESML,iShares ESG Aware MSCI USA Small-Cap ETF,29/02/24,Aerospace & Defense — 1.7%,"Rocket Lab USA, Inc.","1,60,458","7,35,700",,
ESML,iShares ESG Aware MSCI USA Small-Cap ETF,29/02/24,Aerospace & Defense — 1.7%,"Spirit AeroSystems Holdings, Inc., Class","29,376","8,40,154",,
ESML,iShares ESG Aware MSCI USA Small-Cap ETF,29/02/24,Aerospace & Defense — 1.7%,"Triumph Group, Inc.","53,527","7,44,025",,
ESML,iShares ESG Aware MSCI USA Small-Cap ETF,29/02/24,Aerospace & Defense — 1.7%,"V2X, Inc.","21,633","8,32,870",,
ESML,iShares ESG Aware MSCI USA Small-Cap ETF,29/02/24,Aerospace & Defense — 1.7%,"Woodward, Inc.","19,781","27,98,814","2,61,60,313",
ESML,iShares ESG Aware MSCI USA Small-Cap ETF,29/02/24,Air Freight & Logistics — 0.2%,"GXO Logistics, Inc.","50,865","26,32,772","26,32,772",
ESML,iShares ESG Aware MSCI USA Small-Cap ETF,29/02/24,Automobile Components — 0.9%,"American Axle & Manufacturing Holdings, Inc.","94,062","6,50,909",,
ESML,iShares ESG Aware MSCI USA Small-Cap ETF,29/02/24,Automobile Components — 0.9%,"Autoliv, Inc.","6,956","8,07,105",,
ESML,iShares ESG Aware MSCI USA Small-Cap ETF,29/02/24,Automobile Components — 0.9%,"Dana, Inc.","59,087","7,38,587",,
ESML,iShares ESG Aware MSCI USA Small-Cap ETF,29/02/24,Automobile Components — 0.9%,"Dorman Products, Inc.","9,392","8,84,914",,
ESML,iShares ESG Aware MSCI USA Small-Cap ETF,29/02/24,Automobile Components — 0.9%,Fox Factory Holding Corp.,"11,800","5,96,962",,
ESML,iShares ESG Aware MSCI USA Small-Cap ETF,29/02/24,Automobile Components — 0.9%,"Gentherm, Inc.","18,870","10,72,948",,
ESML,iShares ESG Aware MSCI USA Small-Cap ETF,29/02/24,Automobile Components — 0.9%,Goodyear Tire & Rubber Co. (The),"68,023","8,08,113",,
ESML,iShares ESG Aware MSCI USA Small-Cap ETF,29/02/24,Automobile Components — 0.9%,LCI Industries,"21,468","27,04,539",,
ESML,iShares ESG Aware MSCI USA Small-Cap ETF,29/02/24,Automobile Components — 0.9%,"Luminar Technologies, Inc., Class","3,08,750","7,37,913",,
ESML,iShares ESG Aware MSCI USA Small-Cap ETF,29/02/24,Automobile Components — 0.9%,Modine Manufacturing Co.,"25,889","23,22,502",,
ESML,iShares ESG Aware MSCI USA Small-Cap ETF,29/02/24,Automobile Components — 0.9%,"QuantumScape Corp., Class","1,12,036","7,02,466",,
ESML,iShares ESG Aware MSCI USA Small-Cap ETF,29/02/24,Automobile Components — 0.9%,Visteon Corp.,"16,345","18,48,946",,
ESML,iShares ESG Aware MSCI USA Small-Cap ETF,29/02/24,Automobile Components — 0.9%,"XPEL, Inc.","13,972","7,34,648","1,46,10,552",
ESML,iShares ESG Aware MSCI USA Small-Cap ETF,29/02/24,Automobiles — 0.7%,"Harley-Davidson, Inc.","1,11,515","40,44,649",,
ESML,iShares ESG Aware MSCI USA Small-Cap ETF,29/02/24,Automobiles — 0.7%,"Lucid Group, Inc.","3,91,348","12,91,448",,
ESML,iShares ESG Aware MSCI USA Small-Cap ETF,29/02/24,Automobiles — 0.7%,"Thor Industries, Inc.","23,367","29,95,182",,
ESML,iShares ESG Aware MSCI USA Small-Cap ETF,29/02/24,Automobiles — 0.7%,"Winnebago Industries, Inc.","31,916","22,89,335","1,06,20,614",
ESML,iShares ESG Aware MSCI USA Small-Cap ETF,29/02/24,Banks — 6.4%,Amalgamated Financial Corp.,"56,034","12,93,265",,
ESML,iShares ESG Aware MSCI USA Small-Cap ETF,29/02/24,Banks — 6.4%,Ameris Bancorp,"26,194","12,13,568",,
ESML,iShares ESG Aware MSCI USA Small-Cap ETF,29/02/24,Banks — 6.4%,Associated Banc-Corp.,"1,08,045","22,51,658",,
ESML,iShares ESG Aware MSCI USA Small-Cap ETF,29/02/24,Banks — 6.4%,Atlantic Union Bankshares Corp.,"49,416","16,43,576",,
ESML,iShares ESG Aware MSCI USA Small-Cap ETF,29/02/24,Banks — 6.4%,"Banc California, Inc.","70,321","10,28,796",,
ESML,iShares ESG Aware MSCI USA Small-Cap ETF,29/02/24,Banks — 6.4%,"Bancorp, Inc. (The)","28,360","12,65,990",,
ESML,iShares ESG Aware MSCI USA Small-Cap ETF,29/02/24,Banks — 6.4%,Bank Hawaii Corp.,"20,323","12,25,070",,
ESML,iShares ESG Aware MSCI USA Small-Cap ETF,29/02/24,Banks — 6.4%,Bank OZK,"51,024","22,34,851",,
ESML,iShares ESG Aware MSCI USA Small-Cap ETF,29/02/24,Banks — 6.4%,"BankUnited, Inc.","25,159","6,74,764",,
ESML,iShares ESG Aware MSCI USA Small-Cap ETF,29/02/24,Banks — 6.4%,Banner Corp.,"41,616","18,24,445",,
ESML,iShares ESG Aware MSCI USA Small-Cap ETF,29/02/24,Banks — 6.4%,"Berkshire Hills Bancorp, Inc.","86,779","18,64,881",,
ESML,iShares ESG Aware MSCI USA Small-Cap ETF,29/02/24,Banks — 6.4%,Cadence Bank,"69,173","19,14,709",,
ESML,iShares ESG Aware MSCI USA Small-Cap ETF,29/02/24,Banks — 6.4%,Cambridge Bancorp,"12,487","7,89,928",,
ESML,iShares ESG Aware MSCI USA Small-Cap ETF,29/02/24,Banks — 6.4%,Camden National Corp.,"28,778","9,14,565",,
ESML,iShares ESG Aware MSCI USA Small-Cap ETF,29/02/24,Banks — 6.4%,Central Pacific Financial Corp.,"39,888","7,44,310",,
ESML,iShares ESG Aware MSCI USA Small-Cap ETF,29/02/24,Banks — 6.4%,"Columbia Banking System, Inc.","82,182","14,87,494",,
ESML,iShares ESG Aware MSCI USA Small-Cap ETF,29/02/24,Banks — 6.4%,"Comerica, Inc.","58,321","28,79,891",,
ESML,iShares ESG Aware MSCI USA Small-Cap ETF,29/02/24,Banks — 6.4%,"Commerce Bancshares, Inc.","57,479","29,91,207",,
ESML,iShares ESG Aware MSCI USA Small-Cap ETF,29/02/24,Banks — 6.4%,"Community Bank System, Inc.","18,018","8,16,215",,
ESML,iShares ESG Aware MSCI USA Small-Cap ETF,29/02/24,Banks — 6.4%,"Cullen/Frost Bankers, Inc.","12,893","13,99,019",,
ESML,iShares ESG Aware MSCI USA Small-Cap ETF,29/02/24,Banks — 6.4%,"Customers Bancorp, Inc.","15,069","8,18,397",,
ESML,iShares ESG Aware MSCI USA Small-Cap ETF,29/02/24,Banks — 6.4%,CVB Financial Corp.,"89,998","15,31,766",,
ESML,iShares ESG Aware MSCI USA Small-Cap ETF,29/02/24,Banks — 6.4%,"East West Bancorp, Inc.","71,082","51,79,035",,
ESML,iShares ESG Aware MSCI USA Small-Cap ETF,29/02/24,Banks — 6.4%,Enterprise Financial Services Corp.,"32,506","12,97,640",,
ESML,iShares ESG Aware MSCI USA Small-Cap ETF,29/02/24,Banks — 6.4%,First BanCorp,"73,550","12,48,879",,
ESML,iShares ESG Aware MSCI USA Small-Cap ETF,29/02/24,Banks — 6.4%,First Financial Bancorp,"34,652","7,51,948",,
ESML,iShares ESG Aware MSCI USA Small-Cap ETF,29/02/24,Banks — 6.4%,"First Financial Bankshares, Inc.","27,922","8,63,907",,
ESML,iShares ESG Aware MSCI USA Small-Cap ETF,29/02/24,Banks — 6.4%,First Horizon Corp.,"2,12,503","29,96,292",,
ESML,iShares ESG Aware MSCI USA Small-Cap ETF,29/02/24,Banks — 6.4%,"First Interstate BancSystem, Inc., Class","81,461","21,44,054",,
ESML,iShares ESG Aware MSCI USA Small-Cap ETF,29/02/24,Banks — 6.4%,FNB Corp.,"77,673","10,36,158",,
ESML,iShares ESG Aware MSCI USA Small-Cap ETF,29/02/24,Banks — 6.4%,Fulton Financial Corp.,"96,992","14,93,677",,
ESML,iShares ESG Aware MSCI USA Small-Cap ETF,29/02/24,Banks — 6.4%,"Glacier Bancorp, Inc.","90,019","33,68,511",,
ESML,iShares ESG Aware MSCI USA Small-Cap ETF,29/02/24,Banks — 6.4%,Hancock Whitney Corp.,"29,617","12,91,301",,
ESML,iShares ESG Aware MSCI USA Small-Cap ETF,29/02/24,Banks — 6.4%,Hanmi Financial Corp.,"39,463","5,96,286",,
ESML,iShares ESG Aware MSCI USA Small-Cap ETF,29/02/24,Banks — 6.4%,Independent Bank Corp.,"92,658","28,70,560",,
ESML,iShares ESG Aware MSCI USA Small-Cap ETF,29/02/24,Banks — 6.4%,International Bancshares Corp.,"17,858","9,26,652",,
ESML,iShares ESG Aware MSCI USA Small-Cap ETF,29/02/24,Banks — 6.4%,"National Bank Holdings Corp., Class","21,142","7,15,445",,
ESML,iShares ESG Aware MSCI USA Small-Cap ETF,29/02/24,Banks — 6.4%,"NBT Bancorp, Inc.","22,201","7,63,492",,
ESML,iShares ESG Aware MSCI USA Small-Cap ETF,29/02/24,Banks — 6.4%,OFG Bancorp,"18,725","6,78,220",,
ESML,iShares ESG Aware MSCI USA Small-Cap ETF,29/02/24,Banks — 6.4%,Old National Bancorp,"1,51,991","24,97,212",,
ESML,iShares ESG Aware MSCI USA Small-Cap ETF,29/02/24,Banks — 6.4%,"Pinnacle Financial Partners, Inc.","43,040","35,60,269",,
ESML,iShares ESG Aware MSCI USA Small-Cap ETF,29/02/24,Banks — 6.4%,"Popular, Inc.","16,942","14,17,707",,
ESML,iShares ESG Aware MSCI USA Small-Cap ETF,29/02/24,Banks — 6.4%,"Provident Financial Services, Inc.","44,398","6,69,522",,
ESML,iShares ESG Aware MSCI USA Small-Cap ETF,29/02/24,Banks — 6.4%,Renasant Corp.,"38,719","12,23,908",,
ESML,iShares ESG Aware MSCI USA Small-Cap ETF,29/02/24,Banks — 6.4%,"Sandy Spring Bancorp, Inc.","42,412","9,32,216",,
ESML,iShares ESG Aware MSCI USA Small-Cap ETF,29/02/24,Banks — 6.4%,"ServisFirst Bancshares, Inc.","13,840","8,74,550",,
ESML,iShares ESG Aware MSCI USA Small-Cap ETF,29/02/24,Banks — 6.4%,SouthState Corp.,"42,730","35,91,029",,
ESML,iShares ESG Aware MSCI USA Small-Cap ETF,29/02/24,Banks — 6.4%,Synovus Financial Corp.,"1,03,518","39,27,473",,
ESML,iShares ESG Aware MSCI USA Small-Cap ETF,29/02/24,Banks — 6.4%,"Texas Capital Bancshares, Inc.","14,934","8,75,879",,
ESML,iShares ESG Aware MSCI USA Small-Cap ETF,29/02/24,Banks — 6.4%,UMB Financial Corp.,"40,511","33,06,103",,
ESML,iShares ESG Aware MSCI USA Small-Cap ETF,29/02/24,Banks — 6.4%,"United Bankshares, Inc.","64,942","22,52,838",,
ESML,iShares ESG Aware MSCI USA Small-Cap ETF,29/02/24,Banks — 6.4%,"United Community Banks, Inc.","31,596","8,21,812",,
ESML,iShares ESG Aware MSCI USA Small-Cap ETF,29/02/24,Banks — 6.4%,Valley National Bancorp,"2,93,153","24,00,923",,
ESML,iShares ESG Aware MSCI USA Small-Cap ETF,29/02/24,Banks — 6.4%,"Veritex Holdings, Inc.","38,334","7,52,496",,
ESML,iShares ESG Aware MSCI USA Small-Cap ETF,29/02/24,Banks — 6.4%,Webster Financial Corp.,"86,090","41,01,328",,
ESML,iShares ESG Aware MSCI USA Small-Cap ETF,29/02/24,Banks — 6.4%,Western Alliance Bancorp,"43,529","25,12,929",,
ESML,iShares ESG Aware MSCI USA Small-Cap ETF,29/02/24,Banks — 6.4%,Wintrust Financial Corp.,"10,629","10,24,104",,
ESML,iShares ESG Aware MSCI USA Small-Cap ETF,29/02/24,Banks — 6.4%,WSFS Financial Corp.,"19,419","8,23,171",,
ESML,iShares ESG Aware MSCI USA Small-Cap ETF,29/02/24,Banks — 6.4%,Zions Bancorp NA,"75,114","29,61,745","10,15,57,636",
ESML,iShares ESG Aware MSCI USA Small-Cap ETF,29/02/24,Beverages — 0.0%,"Coca-Cola Consolidated, Inc.",909,"7,64,287","7,64,287",
ESML,iShares ESG Aware MSCI USA Small-Cap ETF,29/02/24,Biotechnology — 5.3%,"89Bio, Inc.","79,935","9,16,855",,
ESML,iShares ESG Aware MSCI USA Small-Cap ETF,29/02/24,Biotechnology — 5.3%,"Alector, Inc.","1,22,926","8,56,794",,
ESML,iShares ESG Aware MSCI USA Small-Cap ETF,29/02/24,Biotechnology — 5.3%,Alkermes PLC,"57,267","17,00,257",,
ESML,iShares ESG Aware MSCI USA Small-Cap ETF,29/02/24,Biotechnology — 5.3%,"Alpine Immune Sciences, Inc.","24,983","8,79,901",,
ESML,iShares ESG Aware MSCI USA Small-Cap ETF,29/02/24,Biotechnology — 5.3%,Anavex Life Sciences Corp.,"1,38,137","7,10,024",,
ESML,iShares ESG Aware MSCI USA Small-Cap ETF,29/02/24,Biotechnology — 5.3%,"Apellis Pharmaceuticals, Inc.","20,384","12,63,197",,
ESML,iShares ESG Aware MSCI USA Small-Cap ETF,29/02/24,Biotechnology — 5.3%,"Arcellx, Inc.","12,654","8,32,886",,
ESML,iShares ESG Aware MSCI USA Small-Cap ETF,29/02/24,Biotechnology — 5.3%,"Arcturus Therapeutics Holdings, Inc.","21,168","8,20,472",,
ESML,iShares ESG Aware MSCI USA Small-Cap ETF,29/02/24,Biotechnology — 5.3%,"Arcus Biosciences, Inc.","46,449","8,88,569",,
ESML,iShares ESG Aware MSCI USA Small-Cap ETF,29/02/24,Biotechnology — 5.3%,"Ardelyx, Inc.","86,111","8,02,555",,
ESML,iShares ESG Aware MSCI USA Small-Cap ETF,29/02/24,Biotechnology — 5.3%,"Arrowhead Pharmaceuticals, Inc.","45,465","14,59,427",,
ESML,iShares ESG Aware MSCI USA Small-Cap ETF,29/02/24,Biotechnology — 5.3%,"Beam Therapeutics, Inc.","23,772","9,38,756",,
ESML,iShares ESG Aware MSCI USA Small-Cap ETF,29/02/24,Biotechnology — 5.3%,Biohaven Ltd.,"34,735","16,72,143",,
ESML,iShares ESG Aware MSCI USA Small-Cap ETF,29/02/24,Biotechnology — 5.3%,Blueprint Medicines Corp.,"14,266","13,34,156",,
ESML,iShares ESG Aware MSCI USA Small-Cap ETF,29/02/24,Biotechnology — 5.3%,"Bridgebio Pharma, Inc.","28,023","9,56,986",,
ESML,iShares ESG Aware MSCI USA Small-Cap ETF,29/02/24,Biotechnology — 5.3%,"Cabaletta Bio, Inc.","34,164","7,81,672",,
ESML,iShares ESG Aware MSCI USA Small-Cap ETF,29/02/24,Biotechnology — 5.3%,"Catalyst Pharmaceuticals, Inc.","55,738","8,93,480",,
ESML,iShares ESG Aware MSCI USA Small-Cap ETF,29/02/24,Biotechnology — 5.3%,"Celldex Therapeutics, Inc.","25,999","12,49,512",,
ESML,iShares ESG Aware MSCI USA Small-Cap ETF,29/02/24,Biotechnology — 5.3%,"Cerevel Therapeutics Holdings, Inc.","28,250","11,58,250",,
ESML,iShares ESG Aware MSCI USA Small-Cap ETF,29/02/24,Biotechnology — 5.3%,"Crinetics Pharmaceuticals, Inc.","22,930","9,38,754",,
ESML,iShares ESG Aware MSCI USA Small-Cap ETF,29/02/24,Biotechnology — 5.3%,CRISPR Therapeutics AG,"29,307","24,68,236",,
ESML,iShares ESG Aware MSCI USA Small-Cap ETF,29/02/24,Biotechnology — 5.3%,"Cullinan Oncology, Inc.","40,052","7,39,760",,
ESML,iShares ESG Aware MSCI USA Small-Cap ETF,29/02/24,Biotechnology — 5.3%,"Cytokinetics, Inc.","34,682","25,05,428",,
ESML,iShares ESG Aware MSCI USA Small-Cap ETF,29/02/24,Biotechnology — 5.3%,"Day One Biopharmaceuticals, Inc.","51,199","8,56,559",,
ESML,iShares ESG Aware MSCI USA Small-Cap ETF,29/02/24,Biotechnology — 5.3%,"Denali Therapeutics, Inc.","55,535","10,98,482",,
ESML,iShares ESG Aware MSCI USA Small-Cap ETF,29/02/24,Biotechnology — 5.3%,"Disc Medicine, Inc.","11,851","8,13,808",,
ESML,iShares ESG Aware MSCI USA Small-Cap ETF,29/02/24,Biotechnology — 5.3%,Dynavax Technologies Corp.,"63,891","8,09,499",,
ESML,iShares ESG Aware MSCI USA Small-Cap ETF,29/02/24,Biotechnology — 5.3%,"Dyne Therapeutics, Inc.","34,158","9,18,850",,
ESML,iShares ESG Aware MSCI USA Small-Cap ETF,29/02/24,Biotechnology — 5.3%,"Exelixis, Inc.","37,478","8,20,768",,
ESML,iShares ESG Aware MSCI USA Small-Cap ETF,29/02/24,Biotechnology — 5.3%,Geron Corp.,"3,87,922","7,75,844",,
ESML,iShares ESG Aware MSCI USA Small-Cap ETF,29/02/24,Biotechnology — 5.3%,"Halozyme Therapeutics, Inc.","38,391","15,28,346",,
ESML,iShares ESG Aware MSCI USA Small-Cap ETF,29/02/24,Biotechnology — 5.3%,"Ideaya Biosciences, Inc.","32,857","14,68,708",,
ESML,iShares ESG Aware MSCI USA Small-Cap ETF,29/02/24,Biotechnology — 5.3%,"Immunovant, Inc.","22,778","8,05,658",,
ESML,iShares ESG Aware MSCI USA Small-Cap ETF,29/02/24,Biotechnology — 5.3%,"Inhibrx, Inc.","20,652","7,56,483",,
ESML,iShares ESG Aware MSCI USA Small-Cap ETF,29/02/24,Biotechnology — 5.3%,"Insmed, Inc.","37,428","10,37,504",,
ESML,iShares ESG Aware MSCI USA Small-Cap ETF,29/02/24,Biotechnology — 5.3%,"Intellia Therapeutics, Inc.","36,724","11,79,575",,
ESML,iShares ESG Aware MSCI USA Small-Cap ETF,29/02/24,Biotechnology — 5.3%,"Ionis Pharmaceuticals, Inc.","17,957","8,11,836",,
ESML,iShares ESG Aware MSCI USA Small-Cap ETF,29/02/24,Biotechnology — 5.3%,"Karuna Therapeutics, Inc.","13,764","43,21,483",,
ESML,iShares ESG Aware MSCI USA Small-Cap ETF,29/02/24,Biotechnology — 5.3%,"Keros Therapeutics, Inc.","16,348","11,03,490",,
ESML,iShares ESG Aware MSCI USA Small-Cap ETF,29/02/24,Biotechnology — 5.3%,"Krystal Biotech, Inc.","6,835","10,89,978",,
ESML,iShares ESG Aware MSCI USA Small-Cap ETF,29/02/24,Biotechnology — 5.3%,"Kura Oncology, Inc.","37,792","7,96,655",,
ESML,iShares ESG Aware MSCI USA Small-Cap ETF,29/02/24,Biotechnology — 5.3%,"Kymera Therapeutics, Inc.","20,297","8,66,682",,
ESML,iShares ESG Aware MSCI USA Small-Cap ETF,29/02/24,Biotechnology — 5.3%,"Madrigal Pharmaceuticals, Inc.","3,337","7,88,199",,
ESML,iShares ESG Aware MSCI USA Small-Cap ETF,29/02/24,Biotechnology — 5.3%,Merus NV,"23,092","11,19,500",,
ESML,iShares ESG Aware MSCI USA Small-Cap ETF,29/02/24,Biotechnology — 5.3%,"MoonLake Immunotherapeutics, Class","13,000","6,27,120",,
ESML,iShares ESG Aware MSCI USA Small-Cap ETF,29/02/24,Biotechnology — 5.3%,"Morphic Holding, Inc.","20,775","7,67,636",,
ESML,iShares ESG Aware MSCI USA Small-Cap ETF,29/02/24,Biotechnology — 5.3%,"Myriad Genetics, Inc.","33,742","7,06,220",,
ESML,iShares ESG Aware MSCI USA Small-Cap ETF,29/02/24,Biotechnology — 5.3%,"Natera, Inc.","28,775","24,88,750",,
ESML,iShares ESG Aware MSCI USA Small-Cap ETF,29/02/24,Biotechnology — 5.3%,"Nuvalent, Inc., Class","9,014","7,58,258",,
ESML,iShares ESG Aware MSCI USA Small-Cap ETF,29/02/24,Biotechnology — 5.3%,"Protagonist Therapeutics, Inc.","27,892","8,47,359",,
ESML,iShares ESG Aware MSCI USA Small-Cap ETF,29/02/24,Biotechnology — 5.3%,Prothena Corp. PLC,"34,338","9,47,385",,
ESML,iShares ESG Aware MSCI USA Small-Cap ETF,29/02/24,Biotechnology — 5.3%,"PTC Therapeutics, Inc.","30,180","8,50,774",,
ESML,iShares ESG Aware MSCI USA Small-Cap ETF,29/02/24,Biotechnology — 5.3%,"Recursion Pharmaceuticals, Inc., Class","75,116","10,11,061",,
ESML,iShares ESG Aware MSCI USA Small-Cap ETF,29/02/24,Biotechnology — 5.3%,"Relay Therapeutics, Inc.","72,497","7,26,420",,
ESML,iShares ESG Aware MSCI USA Small-Cap ETF,29/02/24,Biotechnology — 5.3%,"Revolution Medicines, Inc.","29,159","8,59,607",,
ESML,iShares ESG Aware MSCI USA Small-Cap ETF,29/02/24,Biotechnology — 5.3%,"Rhythm Pharmaceuticals, Inc.","15,834","6,87,512",,
ESML,iShares ESG Aware MSCI USA Small-Cap ETF,29/02/24,Biotechnology — 5.3%,"Rocket Pharmaceuticals, Inc.","34,007","9,96,405",,
ESML,iShares ESG Aware MSCI USA Small-Cap ETF,29/02/24,Biotechnology — 5.3%,"Roivant Sciences, Ltd.","73,679","8,42,888",,
ESML,iShares ESG Aware MSCI USA Small-Cap ETF,29/02/24,Biotechnology — 5.3%,"Sarepta Therapeutics, Inc.","27,731","35,46,795",,
ESML,iShares ESG Aware MSCI USA Small-Cap ETF,29/02/24,Biotechnology — 5.3%,Scholar Rock Holding Corp.,"49,356","7,65,018",,
ESML,iShares ESG Aware MSCI USA Small-Cap ETF,29/02/24,Biotechnology — 5.3%,"SpringWorks Therapeutics, Inc.","19,983","9,84,363",,
ESML,iShares ESG Aware MSCI USA Small-Cap ETF,29/02/24,Biotechnology — 5.3%,"Syndax Pharmaceuticals, Inc.","45,521","10,67,012",,
ESML,iShares ESG Aware MSCI USA Small-Cap ETF,29/02/24,Biotechnology — 5.3%,Twist Bioscience Corp.,"22,396","8,79,939",,
ESML,iShares ESG Aware MSCI USA Small-Cap ETF,29/02/24,Biotechnology — 5.3%,"Ultragenyx Pharmaceutical, Inc.","31,321","16,19,922",,
ESML,iShares ESG Aware MSCI USA Small-Cap ETF,29/02/24,Biotechnology — 5.3%,"Vaxcyte, Inc.","38,716","28,58,015",,
ESML,iShares ESG Aware MSCI USA Small-Cap ETF,29/02/24,Biotechnology — 5.3%,"Vera Therapeutics, Inc.","12,742","5,99,893",,
ESML,iShares ESG Aware MSCI USA Small-Cap ETF,29/02/24,Biotechnology — 5.3%,"Verve Therapeutics, Inc.","59,649","10,17,016",,
ESML,iShares ESG Aware MSCI USA Small-Cap ETF,29/02/24,Biotechnology — 5.3%,"Viking Therapeutics, Inc.","32,456","25,00,735",,
ESML,iShares ESG Aware MSCI USA Small-Cap ETF,29/02/24,Biotechnology — 5.3%,"Viridian Therapeutics, Inc.","42,401","7,93,323",,
ESML,iShares ESG Aware MSCI USA Small-Cap ETF,29/02/24,Biotechnology — 5.3%,"Xencor, Inc.","33,041","7,58,291",,
ESML,iShares ESG Aware MSCI USA Small-Cap ETF,29/02/24,Biotechnology — 5.3%,"Xenon Pharmaceuticals, Inc.","38,673","18,25,366",,
ESML,iShares ESG Aware MSCI USA Small-Cap ETF,29/02/24,Biotechnology — 5.3%,"Zymeworks, Inc.","64,582","7,75,630","8,36,44,690",
ESML,iShares ESG Aware MSCI USA Small-Cap ETF,29/02/24,Broadline Retail — 0.4%,Kohl's Corp.,"46,471","12,95,147",,
ESML,iShares ESG Aware MSCI USA Small-Cap ETF,29/02/24,Broadline Retail — 0.4%,"Macy's, Inc.","1,44,146","25,13,906",,
ESML,iShares ESG Aware MSCI USA Small-Cap ETF,29/02/24,Broadline Retail — 0.4%,"Nordstrom, Inc.","46,762","9,80,599",,
ESML,iShares ESG Aware MSCI USA Small-Cap ETF,29/02/24,Broadline Retail — 0.4%,"Ollie's Bargain Outlet Holdings, Inc.","14,740","11,81,706","59,71,358",
ESML,iShares ESG Aware MSCI USA Small-Cap ETF,29/02/24,Building Products — 2.0%,"AAON, Inc.","31,410","26,37,812",,
ESML,iShares ESG Aware MSCI USA Small-Cap ETF,29/02/24,Building Products — 2.0%,"Advanced Drainage Systems, Inc.","29,918","48,83,814",,
ESML,iShares ESG Aware MSCI USA Small-Cap ETF,29/02/24,Building Products — 2.0%,American Woodmark Corp.,"12,916","12,94,700",,
ESML,iShares ESG Aware MSCI USA Small-Cap ETF,29/02/24,Building Products — 2.0%,"Armstrong World Industries, Inc.","29,909","36,07,325",,
ESML,iShares ESG Aware MSCI USA Small-Cap ETF,29/02/24,Building Products — 2.0%,"AZEK Co., Inc. (The), Class","50,948","24,51,108",,
ESML,iShares ESG Aware MSCI USA Small-Cap ETF,29/02/24,Building Products — 2.0%,"AZZ, Inc.","17,246","12,55,509",,
ESML,iShares ESG Aware MSCI USA Small-Cap ETF,29/02/24,Building Products — 2.0%,"Gibraltar Industries, Inc.","13,065","10,11,884",,
ESML,iShares ESG Aware MSCI USA Small-Cap ETF,29/02/24,Building Products — 2.0%,"Hayward Holdings, Inc.","59,329","8,77,476",,
ESML,iShares ESG Aware MSCI USA Small-Cap ETF,29/02/24,Building Products — 2.0%,"JELD-WEN Holding, Inc.","45,058","8,20,056",,
ESML,iShares ESG Aware MSCI USA Small-Cap ETF,29/02/24,Building Products — 2.0%,Masonite International Corp.,"7,884","10,26,812",,
ESML,iShares ESG Aware MSCI USA Small-Cap ETF,29/02/24,Building Products — 2.0%,"Resideo Technologies, Inc.","1,56,098","34,85,668",,
ESML,iShares ESG Aware MSCI USA Small-Cap ETF,29/02/24,Building Products — 2.0%,"Simpson Manufacturing Co., Inc.","10,284","21,46,065",,
ESML,iShares ESG Aware MSCI USA Small-Cap ETF,29/02/24,Building Products — 2.0%,"Trex Co., Inc.","28,215","25,89,008",,
ESML,iShares ESG Aware MSCI USA Small-Cap ETF,29/02/24,Building Products — 2.0%,Zurn Elkay Water Solutions Corp.,"89,266","28,34,196","3,09,21,433",
ESML,iShares ESG Aware MSCI USA Small-Cap ETF,29/02/24,Capital Markets — 2.1%,"Affiliated Managers Group, Inc.","23,224","36,30,143",,
ESML,iShares ESG Aware MSCI USA Small-Cap ETF,29/02/24,Capital Markets — 2.1%,"Artisan Partners Asset Management, Inc., Class","34,636","14,91,772",,
ESML,iShares ESG Aware MSCI USA Small-Cap ETF,29/02/24,Capital Markets — 2.1%,"BGC Group, Inc., Class","1,08,753","7,55,833",,
ESML,iShares ESG Aware MSCI USA Small-Cap ETF,29/02/24,Capital Markets — 2.1%,"Donnelley Financial Solutions, Inc.","33,651","21,72,509",,
ESML,iShares ESG Aware MSCI USA Small-Cap ETF,29/02/24,Capital Markets — 2.1%,"Evercore, Inc., Class","7,966","14,90,279",,
ESML,iShares ESG Aware MSCI USA Small-Cap ETF,29/02/24,Capital Markets — 2.1%,"Interactive Brokers Group, Inc., Class","31,548","34,29,899",,
ESML,iShares ESG Aware MSCI USA Small-Cap ETF,29/02/24,Capital Markets — 2.1%,Invesco Ltd.,"2,36,468","36,43,972",,
ESML,iShares ESG Aware MSCI USA Small-Cap ETF,29/02/24,Capital Markets — 2.1%,Janus Henderson Group PLC,"1,93,943","60,43,264",,
ESML,iShares ESG Aware MSCI USA Small-Cap ETF,29/02/24,Capital Markets — 2.1%,"Jefferies Financial Group, Inc.","28,003","11,71,085",,
ESML,iShares ESG Aware MSCI USA Small-Cap ETF,29/02/24,Capital Markets — 2.1%,"Morningstar, Inc.","9,173","27,38,966",,
ESML,iShares ESG Aware MSCI USA Small-Cap ETF,29/02/24,Capital Markets — 2.1%,Piper Sandler Companies,"5,294","9,96,701",,
ESML,iShares ESG Aware MSCI USA Small-Cap ETF,29/02/24,Capital Markets — 2.1%,"PJT Partners, Inc., Class","11,734","12,36,764",,
ESML,iShares ESG Aware MSCI USA Small-Cap ETF,29/02/24,Capital Markets — 2.1%,Stifel Financial Corp.,"26,879","20,39,041",,
ESML,iShares ESG Aware MSCI USA Small-Cap ETF,29/02/24,Capital Markets — 2.1%,"Virtus Investment Partners, Inc.","3,762","8,73,988",,
ESML,iShares ESG Aware MSCI USA Small-Cap ETF,29/02/24,Capital Markets — 2.1%,"WisdomTree, Inc.","1,06,743","8,60,349","3,25,74,565",
ESML,iShares ESG Aware MSCI USA Small-Cap ETF,29/02/24,Chemicals — 1.9%,Arcadium Lithium PLC,"3,26,362","17,91,727",,
ESML,iShares ESG Aware MSCI USA Small-Cap ETF,29/02/24,Chemicals — 1.9%,"Ashland, Inc.","8,451","7,91,352",,
ESML,iShares ESG Aware MSCI USA Small-Cap ETF,29/02/24,Chemicals — 1.9%,Avient Corp.,"23,660","9,57,757",,
ESML,iShares ESG Aware MSCI USA Small-Cap ETF,29/02/24,Chemicals — 1.9%,Axalta Coating Systems Ltd.,"1,32,510","43,37,052",,
ESML,iShares ESG Aware MSCI USA Small-Cap ETF,29/02/24,Chemicals — 1.9%,Balchem Corp.,"15,139","23,79,699",,
ESML,iShares ESG Aware MSCI USA Small-Cap ETF,29/02/24,Chemicals — 1.9%,Cabot Corp.,"16,880","14,33,956",,
ESML,iShares ESG Aware MSCI USA Small-Cap ETF,29/02/24,Chemicals — 1.9%,Chemours Co. (The),"46,702","9,18,628",,
ESML,iShares ESG Aware MSCI USA Small-Cap ETF,29/02/24,Chemicals — 1.9%,"Element Solutions, Inc.","83,751","19,68,149",,
ESML,iShares ESG Aware MSCI USA Small-Cap ETF,29/02/24,Chemicals — 1.9%,"Ginkgo Bioworks Holdings, Inc., Class","5,30,814","8,06,837",,
ESML,iShares ESG Aware MSCI USA Small-Cap ETF,29/02/24,Chemicals — 1.9%,"Hawkins, Inc.","13,989","9,82,727",,
ESML,iShares ESG Aware MSCI USA Small-Cap ETF,29/02/24,Chemicals — 1.9%,HB Fuller Co.,"22,806","18,13,761",,
ESML,iShares ESG Aware MSCI USA Small-Cap ETF,29/02/24,Chemicals — 1.9%,Huntsman Corp.,"33,248","8,51,149",,
ESML,iShares ESG Aware MSCI USA Small-Cap ETF,29/02/24,Chemicals — 1.9%,"Innospec, Inc.","18,364","22,82,094",,
ESML,iShares ESG Aware MSCI USA Small-Cap ETF,29/02/24,Chemicals — 1.9%,"Koppers Holdings, Inc.","36,687","20,77,218",,
ESML,iShares ESG Aware MSCI USA Small-Cap ETF,29/02/24,Chemicals — 1.9%,"Minerals Technologies, Inc.","26,200","18,95,832",,
ESML,iShares ESG Aware MSCI USA Small-Cap ETF,29/02/24,Chemicals — 1.9%,Orion SA,"33,527","7,55,699",,
ESML,iShares ESG Aware MSCI USA Small-Cap ETF,29/02/24,Chemicals — 1.9%,Sensient Technologies Corp.,"16,825","11,25,256",,
ESML,iShares ESG Aware MSCI USA Small-Cap ETF,29/02/24,Chemicals — 1.9%,Stepan Co.,"20,299","18,10,671",,
ESML,iShares ESG Aware MSCI USA Small-Cap ETF,29/02/24,Chemicals — 1.9%,Tronox Holdings PLC,"83,865","12,32,816","3,02,12,380",
ESML,iShares ESG Aware MSCI USA Small-Cap ETF,29/02/24,Commercial Services & Supplies — 1.3%,"ABM Industries, Inc.","27,897","11,52,425",,
ESML,iShares ESG Aware MSCI USA Small-Cap ETF,29/02/24,Commercial Services & Supplies — 1.3%,ACCO Brands Corp.,"1,22,082","6,81,218",,
ESML,iShares ESG Aware MSCI USA Small-Cap ETF,29/02/24,Commercial Services & Supplies — 1.3%,"ACV Auctions, Inc., Class","54,670","9,70,392",,
ESML,iShares ESG Aware MSCI USA Small-Cap ETF,29/02/24,Commercial Services & Supplies — 1.3%,"Brady Corp., Class","22,064","12,85,890",,
ESML,iShares ESG Aware MSCI USA Small-Cap ETF,29/02/24,Commercial Services & Supplies — 1.3%,CECO Environmental Corp.,"37,489","8,49,126",,
ESML,iShares ESG Aware MSCI USA Small-Cap ETF,29/02/24,Commercial Services & Supplies — 1.3%,Cimpress PLC,"8,767","8,59,254",,
ESML,iShares ESG Aware MSCI USA Small-Cap ETF,29/02/24,Commercial Services & Supplies — 1.3%,"Clean Harbors, Inc.","6,347","11,55,789",,
ESML,iShares ESG Aware MSCI USA Small-Cap ETF,29/02/24,Commercial Services & Supplies — 1.3%,Deluxe Corp.,"40,088","7,78,108",,
ESML,iShares ESG Aware MSCI USA Small-Cap ETF,29/02/24,Commercial Services & Supplies — 1.3%,HNI Corp.,"44,216","19,81,319",,
ESML,iShares ESG Aware MSCI USA Small-Cap ETF,29/02/24,Commercial Services & Supplies — 1.3%,"Interface, Inc.","65,844","10,35,068",,
ESML,iShares ESG Aware MSCI USA Small-Cap ETF,29/02/24,Commercial Services & Supplies — 1.3%,"MillerKnoll, Inc.","27,888","8,51,978",,
ESML,iShares ESG Aware MSCI USA Small-Cap ETF,29/02/24,Commercial Services & Supplies — 1.3%,"MSA Safety, Inc.","14,539","26,77,357",,
ESML,iShares ESG Aware MSCI USA Small-Cap ETF,29/02/24,Commercial Services & Supplies — 1.3%,"OPENLANE, Inc.","89,984","13,74,056",,
ESML,iShares ESG Aware MSCI USA Small-Cap ETF,29/02/24,Commercial Services & Supplies — 1.3%,"Pitney Bowes, Inc.","86,602","3,49,006",,
ESML,iShares ESG Aware MSCI USA Small-Cap ETF,29/02/24,Commercial Services & Supplies — 1.3%,"Tetra Tech, Inc.","11,564","20,50,528",,
ESML,iShares ESG Aware MSCI USA Small-Cap ETF,29/02/24,Commercial Services & Supplies — 1.3%,Vestis Corp.,"41,763","7,83,474",,
ESML,iShares ESG Aware MSCI USA Small-Cap ETF,29/02/24,Commercial Services & Supplies — 1.3%,Viad Corp.,"23,741","8,83,877",,
ESML,iShares ESG Aware MSCI USA Small-Cap ETF,29/02/24,Commercial Services & Supplies — 1.3%,VSE Corp.,"11,398","8,44,592","2,05,63,457",
ESML,iShares ESG Aware MSCI USA Small-Cap ETF,29/02/24,Communications Equipment — 0.6%,"Calix, Inc.","28,198","9,83,264",,
ESML,iShares ESG Aware MSCI USA Small-Cap ETF,29/02/24,Communications Equipment — 0.6%,Ciena Corp.,"45,685","26,03,131",,
ESML,iShares ESG Aware MSCI USA Small-Cap ETF,29/02/24,Communications Equipment — 0.6%,"CommScope Holding Co., Inc.","3,63,504","4,23,482",,
ESML,iShares ESG Aware MSCI USA Small-Cap ETF,29/02/24,Communications Equipment — 0.6%,"Digi International, Inc.","25,730","7,60,579",,
ESML,iShares ESG Aware MSCI USA Small-Cap ETF,29/02/24,Communications Equipment — 0.6%,"Harmonic, Inc.","84,451","11,08,842",,
ESML,iShares ESG Aware MSCI USA Small-Cap ETF,29/02/24,Communications Equipment — 0.6%,Infinera Corp.,"1,52,813","7,67,121",,
ESML,iShares ESG Aware MSCI USA Small-Cap ETF,29/02/24,Communications Equipment — 0.6%,"Lumentum Holdings, Inc.","21,776","10,55,483",,
ESML,iShares ESG Aware MSCI USA Small-Cap ETF,29/02/24,Communications Equipment — 0.6%,"NETGEAR, Inc.","53,612","8,03,644",,
ESML,iShares ESG Aware MSCI USA Small-Cap ETF,29/02/24,Communications Equipment — 0.6%,"Ribbon Communications, Inc.","2,24,950","6,72,601",,
ESML,iShares ESG Aware MSCI USA Small-Cap ETF,29/02/24,Communications Equipment — 0.6%,"Viasat, Inc.","37,865","7,41,018","99,19,165",
ESML,iShares ESG Aware MSCI USA Small-Cap ETF,29/02/24,Construction & Engineering — 2.4%,API Group Corp.,"22,227","7,79,056",,
ESML,iShares ESG Aware MSCI USA Small-Cap ETF,29/02/24,Construction & Engineering — 2.4%,"Arcosa, Inc.","22,735","18,87,005",,
ESML,iShares ESG Aware MSCI USA Small-Cap ETF,29/02/24,Construction & Engineering — 2.4%,"Comfort Systems USA, Inc.","18,943","57,91,443",,
ESML,iShares ESG Aware MSCI USA Small-Cap ETF,29/02/24,Construction & Engineering — 2.4%,"Dycom Industries, Inc.","8,633","10,91,988",,
ESML,iShares ESG Aware MSCI USA Small-Cap ETF,29/02/24,Construction & Engineering — 2.4%,"EMCOR Group, Inc.","24,225","75,95,022",,
ESML,iShares ESG Aware MSCI USA Small-Cap ETF,29/02/24,Construction & Engineering — 2.4%,Fluor Corp.,"35,711","13,14,165",,
ESML,iShares ESG Aware MSCI USA Small-Cap ETF,29/02/24,Construction & Engineering — 2.4%,"Granite Construction, Inc.","17,541","9,03,888",,
ESML,iShares ESG Aware MSCI USA Small-Cap ETF,29/02/24,Construction & Engineering — 2.4%,Great Lakes Dredge & Dock Corp.,"84,577","7,56,118",,
ESML,iShares ESG Aware MSCI USA Small-Cap ETF,29/02/24,Construction & Engineering — 2.4%,"MasTec, Inc.","22,265","16,80,117",,
ESML,iShares ESG Aware MSCI USA Small-Cap ETF,29/02/24,Construction & Engineering — 2.4%,"MDU Resources Group, Inc.","2,04,299","44,29,202",,
ESML,iShares ESG Aware MSCI USA Small-Cap ETF,29/02/24,Construction & Engineering — 2.4%,"MYR Group, Inc.","18,513","30,07,622",,
ESML,iShares ESG Aware MSCI USA Small-Cap ETF,29/02/24,Construction & Engineering — 2.4%,Primoris Services Corp.,"27,248","10,76,569",,
ESML,iShares ESG Aware MSCI USA Small-Cap ETF,29/02/24,Construction & Engineering — 2.4%,"Sterling Infrastructure, Inc.","14,910","15,90,003",,
ESML,iShares ESG Aware MSCI USA Small-Cap ETF,29/02/24,Construction & Engineering — 2.4%,"Valmont Industries, Inc.","7,715","16,35,040",,
ESML,iShares ESG Aware MSCI USA Small-Cap ETF,29/02/24,Construction & Engineering — 2.4%,"WillScot Mobile Mini Holdings Corp., Class","86,296","41,20,634","3,76,57,872",
ESML,iShares ESG Aware MSCI USA Small-Cap ETF,29/02/24,Construction Materials — 0.4%,Knife River Corp.,"24,395","18,07,425",,
ESML,iShares ESG Aware MSCI USA Small-Cap ETF,29/02/24,Construction Materials — 0.4%,"Summit Materials, Inc., Class","98,587","42,10,651","60,18,076",
ESML,iShares ESG Aware MSCI USA Small-Cap ETF,29/02/24,Consumer Finance — 0.7%,Credit Acceptance Corp.,"1,442","7,98,291",,
ESML,iShares ESG Aware MSCI USA Small-Cap ETF,29/02/24,Consumer Finance — 0.7%,"Encore Capital Group, Inc.","32,927","15,80,496",,
ESML,iShares ESG Aware MSCI USA Small-Cap ETF,29/02/24,Consumer Finance — 0.7%,"Green Dot Corp., Class","13,074","1,07,338",,
ESML,iShares ESG Aware MSCI USA Small-Cap ETF,29/02/24,Consumer Finance — 0.7%,"OneMain Holdings, Inc.","61,980","29,27,316",,
ESML,iShares ESG Aware MSCI USA Small-Cap ETF,29/02/24,Consumer Finance — 0.7%,"PRA Group, Inc.","28,179","7,20,255",,
ESML,iShares ESG Aware MSCI USA Small-Cap ETF,29/02/24,Consumer Finance — 0.7%,SLM Corp.,"1,14,634","23,87,826",,
ESML,iShares ESG Aware MSCI USA Small-Cap ETF,29/02/24,Consumer Finance — 0.7%,"SoFi Technologies, Inc.","2,62,635","23,58,462",,
ESML,iShares ESG Aware MSCI USA Small-Cap ETF,29/02/24,Consumer Finance — 0.7%,"Upstart Holdings, Inc.","30,163","7,76,697","1,16,56,681",
ESML,iShares ESG Aware MSCI USA Small-Cap ETF,29/02/24,Consumer Staples Distribution & Retail — 1.5%,"Andersons, Inc. (The)","21,491","11,88,022",,
ESML,iShares ESG Aware MSCI USA Small-Cap ETF,29/02/24,Consumer Staples Distribution & Retail — 1.5%,"BJ's Wholesale Club Holdings, Inc.","51,016","37,26,209",,
ESML,iShares ESG Aware MSCI USA Small-Cap ETF,29/02/24,Consumer Staples Distribution & Retail — 1.5%,"Casey's General Stores, Inc.","20,490","62,39,000",,
ESML,iShares ESG Aware MSCI USA Small-Cap ETF,29/02/24,Consumer Staples Distribution & Retail — 1.5%,"PriceSmart, Inc.","10,244","8,61,930",,
ESML,iShares ESG Aware MSCI USA Small-Cap ETF,29/02/24,Consumer Staples Distribution & Retail — 1.5%,"Sprouts Farmers Market, Inc.","81,381","50,81,430",,
ESML,iShares ESG Aware MSCI USA Small-Cap ETF,29/02/24,Consumer Staples Distribution & Retail — 1.5%,U.S. Foods Holding Corp.,"1,15,723","58,77,571",,
ESML,iShares ESG Aware MSCI USA Small-Cap ETF,29/02/24,Consumer Staples Distribution & Retail — 1.5%,"United Natural Foods, Inc.","53,023","8,27,689","2,38,01,851",
ESML,iShares ESG Aware MSCI USA Small-Cap ETF,29/02/24,Containers & Packaging — 1.1%,"AptarGroup, Inc.","27,255","38,28,237",,
ESML,iShares ESG Aware MSCI USA Small-Cap ETF,29/02/24,Containers & Packaging — 1.1%,"Berry Global Group, Inc.","48,367","28,15,443",,
ESML,iShares ESG Aware MSCI USA Small-Cap ETF,29/02/24,Containers & Packaging — 1.1%,Graphic Packaging Holding Co.,"1,81,595","47,12,390",,
ESML,iShares ESG Aware MSCI USA Small-Cap ETF,29/02/24,Containers & Packaging — 1.1%,"Greif, Inc., Class","13,096","8,44,168",,
ESML,iShares ESG Aware MSCI USA Small-Cap ETF,29/02/24,Containers & Packaging — 1.1%,"Greif, Inc., Class","13,605","8,70,992",,
ESML,iShares ESG Aware MSCI USA Small-Cap ETF,29/02/24,Containers & Packaging — 1.1%,"Myers Industries, Inc.","43,741","8,41,140",,
ESML,iShares ESG Aware MSCI USA Small-Cap ETF,29/02/24,Containers & Packaging — 1.1%,Sealed Air Corp.,"36,275","12,64,909",,
ESML,iShares ESG Aware MSCI USA Small-Cap ETF,29/02/24,Containers & Packaging — 1.1%,Sonoco Products Co.,"36,101","20,46,205","1,72,23,484",
ESML,iShares ESG Aware MSCI USA Small-Cap ETF,29/02/24,Diversified Consumer Services — 1.6%,"ADT, Inc.","2,19,942","15,96,779",,
ESML,iShares ESG Aware MSCI USA Small-Cap ETF,29/02/24,Diversified Consumer Services — 1.6%,"Adtalem Global Education, Inc.","16,588","8,21,106",,
ESML,iShares ESG Aware MSCI USA Small-Cap ETF,29/02/24,Diversified Consumer Services — 1.6%,"Bright Horizons Family Solutions, Inc.","33,628","38,62,512",,
ESML,iShares ESG Aware MSCI USA Small-Cap ETF,29/02/24,Diversified Consumer Services — 1.6%,"Carriage Services, Inc.","30,550","7,58,251",,
ESML,iShares ESG Aware MSCI USA Small-Cap ETF,29/02/24,Diversified Consumer Services — 1.6%,"Chegg, Inc.","1,43,389","12,81,898",,
ESML,iShares ESG Aware MSCI USA Small-Cap ETF,29/02/24,Diversified Consumer Services — 1.6%,"Coursera, Inc.","46,385","7,45,407",,
ESML,iShares ESG Aware MSCI USA Small-Cap ETF,29/02/24,Diversified Consumer Services — 1.6%,"Duolingo, Inc., Class","8,260","19,74,140",,
ESML,iShares ESG Aware MSCI USA Small-Cap ETF,29/02/24,Diversified Consumer Services — 1.6%,"European Wax Center, Inc., Class","49,450","7,01,201",,
ESML,iShares ESG Aware MSCI USA Small-Cap ETF,29/02/24,Diversified Consumer Services — 1.6%,"Frontdoor, Inc.","84,146","26,38,818",,
ESML,iShares ESG Aware MSCI USA Small-Cap ETF,29/02/24,Diversified Consumer Services — 1.6%,"Grand Canyon Education, Inc.","8,575","11,55,910",,
ESML,iShares ESG Aware MSCI USA Small-Cap ETF,29/02/24,Diversified Consumer Services — 1.6%,"H&R Block, Inc.","63,949","31,30,303",,
ESML,iShares ESG Aware MSCI USA Small-Cap ETF,29/02/24,Diversified Consumer Services — 1.6%,Service Corp. International,"62,235","45,54,980",,
ESML,iShares ESG Aware MSCI USA Small-Cap ETF,29/02/24,Diversified Consumer Services — 1.6%,"Stride, Inc.","24,993","14,93,332","2,47,14,637",
ESML,iShares ESG Aware MSCI USA Small-Cap ETF,29/02/24,Diversified REITs — 0.3%,"American Assets Trust, Inc.","36,108","7,78,850",,
ESML,iShares ESG Aware MSCI USA Small-Cap ETF,29/02/24,Diversified REITs — 0.3%,"Armada Hoffler Properties, Inc.","71,933","7,32,278",,
ESML,iShares ESG Aware MSCI USA Small-Cap ETF,29/02/24,Diversified REITs — 0.3%,"Empire State Realty Trust, Inc., Class","1,26,883","12,65,023",,
ESML,iShares ESG Aware MSCI USA Small-Cap ETF,29/02/24,Diversified REITs — 0.3%,"Essential Properties Realty Trust, Inc.","82,187","19,63,447","47,39,598",
ESML,iShares ESG Aware MSCI USA Small-Cap ETF,29/02/24,Diversified Telecommunication Services — 0.4%,"Cogent Communications Holdings, Inc.","12,884","10,42,444",,
ESML,iShares ESG Aware MSCI USA Small-Cap ETF,29/02/24,Diversified Telecommunication Services — 0.4%,"Frontier Communications Parent, Inc.","63,866","15,12,347",,
ESML,iShares ESG Aware MSCI USA Small-Cap ETF,29/02/24,Diversified Telecommunication Services — 0.4%,"Iridium Communications, Inc.","81,942","23,72,221",,
ESML,iShares ESG Aware MSCI USA Small-Cap ETF,29/02/24,Diversified Telecommunication Services — 0.4%,"Lumen Technologies, Inc.","5,16,175","8,36,204",,
ESML,iShares ESG Aware MSCI USA Small-Cap ETF,29/02/24,Diversified Telecommunication Services — 0.4%,Shenandoah Telecommunications Co.,"39,678","7,40,391","65,03,607",
ESML,iShares ESG Aware MSCI USA Small-Cap ETF,29/02/24,Electrical Equipment — 1.8%,"Acuity Brands, Inc.","23,587","59,25,998",,
ESML,iShares ESG Aware MSCI USA Small-Cap ETF,29/02/24,Electrical Equipment — 1.8%,"Array Technologies, Inc.","58,459","7,97,381",,
ESML,iShares ESG Aware MSCI USA Small-Cap ETF,29/02/24,Electrical Equipment — 1.8%,"Atkore, Inc.","18,564","31,44,742",,
ESML,iShares ESG Aware MSCI USA Small-Cap ETF,29/02/24,Electrical Equipment — 1.8%,"Bloom Energy Corp., Class","79,328","6,95,706",,
ESML,iShares ESG Aware MSCI USA Small-Cap ETF,29/02/24,Electrical Equipment — 1.8%,Enovix Corp.,"63,907","6,23,093",,
ESML,iShares ESG Aware MSCI USA Small-Cap ETF,29/02/24,Electrical Equipment — 1.8%,"Generac Holdings, Inc.","21,778","24,50,243",,
ESML,iShares ESG Aware MSCI USA Small-Cap ETF,29/02/24,Electrical Equipment — 1.8%,"NEXTracker, Inc., Class","46,112","25,93,339",,
ESML,iShares ESG Aware MSCI USA Small-Cap ETF,29/02/24,Electrical Equipment — 1.8%,nVent Electric PLC,"48,461","32,62,394",,
ESML,iShares ESG Aware MSCI USA Small-Cap ETF,29/02/24,Electrical Equipment — 1.8%,"Plug Power, Inc.","2,26,857","8,00,805",,
ESML,iShares ESG Aware MSCI USA Small-Cap ETF,29/02/24,Electrical Equipment — 1.8%,"Powell Industries, Inc.","6,691","12,39,441",,
ESML,iShares ESG Aware MSCI USA Small-Cap ETF,29/02/24,Electrical Equipment — 1.8%,Regal Rexnord Corp.,"21,059","36,11,408",,
ESML,iShares ESG Aware MSCI USA Small-Cap ETF,29/02/24,Electrical Equipment — 1.8%,Sensata Technologies Holding PLC,"25,611","8,81,531",,
ESML,iShares ESG Aware MSCI USA Small-Cap ETF,29/02/24,Electrical Equipment — 1.8%,"Shoals Technologies Group, Inc., Class","52,159","6,69,200",,
ESML,iShares ESG Aware MSCI USA Small-Cap ETF,29/02/24,Electrical Equipment — 1.8%,"Stem, Inc.","2,50,079","6,70,212",,
ESML,iShares ESG Aware MSCI USA Small-Cap ETF,29/02/24,Electrical Equipment — 1.8%,"Sunrun, Inc.","82,958","9,98,814","2,83,64,307",
ESML,iShares ESG Aware MSCI USA Small-Cap ETF,29/02/24,"Electronic Equipment, Instruments & Components — 3.6%","Advanced Energy Industries, Inc.","16,268","16,46,322",,
ESML,iShares ESG Aware MSCI USA Small-Cap ETF,29/02/24,"Electronic Equipment, Instruments & Components — 3.6%","Arrow Electronics, Inc.","10,307","12,11,072",,
ESML,iShares ESG Aware MSCI USA Small-Cap ETF,29/02/24,"Electronic Equipment, Instruments & Components — 3.6%","Avnet, Inc.","83,679","38,98,605",,
ESML,iShares ESG Aware MSCI USA Small-Cap ETF,29/02/24,"Electronic Equipment, Instruments & Components — 3.6%","Badger Meter, Inc.","28,709","45,55,831",,
ESML,iShares ESG Aware MSCI USA Small-Cap ETF,29/02/24,"Electronic Equipment, Instruments & Components — 3.6%","Belden, Inc.","30,922","26,33,936",,
ESML,iShares ESG Aware MSCI USA Small-Cap ETF,29/02/24,"Electronic Equipment, Instruments & Components — 3.6%","Benchmark Electronics, Inc.","78,629","24,14,697",,
ESML,iShares ESG Aware MSCI USA Small-Cap ETF,29/02/24,"Electronic Equipment, Instruments & Components — 3.6%",Cognex Corp.,"49,775","19,63,624",,
ESML,iShares ESG Aware MSCI USA Small-Cap ETF,29/02/24,"Electronic Equipment, Instruments & Components — 3.6%",Coherent Corp.,"50,895","30,27,235",,
ESML,iShares ESG Aware MSCI USA Small-Cap ETF,29/02/24,"Electronic Equipment, Instruments & Components — 3.6%",CTS Corp.,"23,836","10,62,132",,
ESML,iShares ESG Aware MSCI USA Small-Cap ETF,29/02/24,"Electronic Equipment, Instruments & Components — 3.6%","ePlus, Inc.","14,152","11,65,983",,
ESML,iShares ESG Aware MSCI USA Small-Cap ETF,29/02/24,"Electronic Equipment, Instruments & Components — 3.6%",Fabrinet,"11,654","25,12,253",,
ESML,iShares ESG Aware MSCI USA Small-Cap ETF,29/02/24,"Electronic Equipment, Instruments & Components — 3.6%",Flex Ltd.,"1,94,815","54,84,042",,
ESML,iShares ESG Aware MSCI USA Small-Cap ETF,29/02/24,"Electronic Equipment, Instruments & Components — 3.6%","Insight Enterprises, Inc.","17,731","33,33,428",,
ESML,iShares ESG Aware MSCI USA Small-Cap ETF,29/02/24,"Electronic Equipment, Instruments & Components — 3.6%",IPG Photonics Corp.,"9,072","7,83,367",,
ESML,iShares ESG Aware MSCI USA Small-Cap ETF,29/02/24,"Electronic Equipment, Instruments & Components — 3.6%","Itron, Inc.","30,531","28,29,613",,
ESML,iShares ESG Aware MSCI USA Small-Cap ETF,29/02/24,"Electronic Equipment, Instruments & Components — 3.6%","Kimball Electronics, Inc.","53,692","12,08,607",,
ESML,iShares ESG Aware MSCI USA Small-Cap ETF,29/02/24,"Electronic Equipment, Instruments & Components — 3.6%",Knowles Corp.,"48,196","7,87,523",,
ESML,iShares ESG Aware MSCI USA Small-Cap ETF,29/02/24,"Electronic Equipment, Instruments & Components — 3.6%","Littelfuse, Inc.","10,463","24,92,705",,
ESML,iShares ESG Aware MSCI USA Small-Cap ETF,29/02/24,"Electronic Equipment, Instruments & Components — 3.6%","Methode Electronics, Inc.","35,880","7,64,244",,
ESML,iShares ESG Aware MSCI USA Small-Cap ETF,29/02/24,"Electronic Equipment, Instruments & Components — 3.6%","Mirion Technologies, Inc., Class","96,903","9,47,711",,
ESML,iShares ESG Aware MSCI USA Small-Cap ETF,29/02/24,"Electronic Equipment, Instruments & Components — 3.6%","Novanta, Inc.","19,701","34,07,091",,
ESML,iShares ESG Aware MSCI USA Small-Cap ETF,29/02/24,"Electronic Equipment, Instruments & Components — 3.6%",PAR Technology Corp.,"16,231","7,11,242",,
ESML,iShares ESG Aware MSCI USA Small-Cap ETF,29/02/24,"Electronic Equipment, Instruments & Components — 3.6%",Plexus Corp.,"22,307","21,05,781",,
ESML,iShares ESG Aware MSCI USA Small-Cap ETF,29/02/24,"Electronic Equipment, Instruments & Components — 3.6%",Rogers Corp.,"10,400","11,65,528",,
ESML,iShares ESG Aware MSCI USA Small-Cap ETF,29/02/24,"Electronic Equipment, Instruments & Components — 3.6%","ScanSource, Inc.","21,367","9,23,695",,
ESML,iShares ESG Aware MSCI USA Small-Cap ETF,29/02/24,"Electronic Equipment, Instruments & Components — 3.6%",Vontier Corp.,"71,514","30,75,102","5,61,11,369",
ESML,iShares ESG Aware MSCI USA Small-Cap ETF,29/02/24,Energy Equipment & Services — 1.6%,"Archrock, Inc.","86,692","15,83,863",,
ESML,iShares ESG Aware MSCI USA Small-Cap ETF,29/02/24,Energy Equipment & Services — 1.6%,"Cactus, Inc., Class","30,927","14,19,549",,
ESML,iShares ESG Aware MSCI USA Small-Cap ETF,29/02/24,Energy Equipment & Services — 1.6%,ChampionX Corp.,"1,04,153","32,34,992",,
ESML,iShares ESG Aware MSCI USA Small-Cap ETF,29/02/24,Energy Equipment & Services — 1.6%,"Core Laboratories, Inc.","54,319","8,13,155",,
ESML,iShares ESG Aware MSCI USA Small-Cap ETF,29/02/24,Energy Equipment & Services — 1.6%,"Dril-Quip, Inc.","37,211","8,40,969",,
ESML,iShares ESG Aware MSCI USA Small-Cap ETF,29/02/24,Energy Equipment & Services — 1.6%,Expro Group Holdings NV,"66,448","11,88,755",,
ESML,iShares ESG Aware MSCI USA Small-Cap ETF,29/02/24,Energy Equipment & Services — 1.6%,"Helix Energy Solutions Group, Inc.","80,745","7,26,705",,
ESML,iShares ESG Aware MSCI USA Small-Cap ETF,29/02/24,Energy Equipment & Services — 1.6%,"Noble Corp. PLC, Class","17,655","7,38,156",,
ESML,iShares ESG Aware MSCI USA Small-Cap ETF,29/02/24,Energy Equipment & Services — 1.6%,"NOV, Inc.","1,79,754","30,37,843",,
ESML,iShares ESG Aware MSCI USA Small-Cap ETF,29/02/24,Energy Equipment & Services — 1.6%,"Oceaneering International, Inc.","55,940","11,05,374",,
ESML,iShares ESG Aware MSCI USA Small-Cap ETF,29/02/24,Energy Equipment & Services — 1.6%,"Patterson-UTI Energy, Inc.","72,940","8,43,916",,
ESML,iShares ESG Aware MSCI USA Small-Cap ETF,29/02/24,Energy Equipment & Services — 1.6%,TechnipFMC PLC,"2,32,508","50,43,098",,
ESML,iShares ESG Aware MSCI USA Small-Cap ETF,29/02/24,Energy Equipment & Services — 1.6%,"Transocean, Ltd.","1,59,278","7,47,014",,
ESML,iShares ESG Aware MSCI USA Small-Cap ETF,29/02/24,Energy Equipment & Services — 1.6%,Weatherford International PLC,"32,770","33,62,530","2,46,85,919",
ESML,iShares ESG Aware MSCI USA Small-Cap ETF,29/02/24,Entertainment — 0.3%,"Cinemark Holdings, Inc.","47,292","8,23,354",,
ESML,iShares ESG Aware MSCI USA Small-Cap ETF,29/02/24,Entertainment — 0.3%,"Endeavor Group Holdings, Inc., Class","31,932","7,67,965",,
ESML,iShares ESG Aware MSCI USA Small-Cap ETF,29/02/24,Entertainment — 0.3%,IMAX Corp.,"66,613","11,41,081",,
ESML,iShares ESG Aware MSCI USA Small-Cap ETF,29/02/24,Entertainment — 0.3%,"Lions Gate Entertainment Corp., Class","85,868","8,33,778",,
ESML,iShares ESG Aware MSCI USA Small-Cap ETF,29/02/24,Entertainment — 0.3%,"TKO Group Holdings, Inc., Class","19,892","16,65,557","52,31,735",
ESML,iShares ESG Aware MSCI USA Small-Cap ETF,29/02/24,Financial Services — 2.0%,"Affirm Holdings, Inc., Class","72,149","27,07,030",,
ESML,iShares ESG Aware MSCI USA Small-Cap ETF,29/02/24,Financial Services — 2.0%,"AvidXchange Holdings, Inc.","74,209","9,86,238",,
ESML,iShares ESG Aware MSCI USA Small-Cap ETF,29/02/24,Financial Services — 2.0%,Essent Group Ltd.,"24,787","13,27,840",,
ESML,iShares ESG Aware MSCI USA Small-Cap ETF,29/02/24,Financial Services — 2.0%,"EVERTEC, Inc.","18,873","6,81,882",,
ESML,iShares ESG Aware MSCI USA Small-Cap ETF,29/02/24,Financial Services — 2.0%,"Federal Agricultural Mortgage Corp., Class","6,217","11,12,035",,
ESML,iShares ESG Aware MSCI USA Small-Cap ETF,29/02/24,Financial Services — 2.0%,Flywire Corp.,"44,561","12,65,087",,
ESML,iShares ESG Aware MSCI USA Small-Cap ETF,29/02/24,Financial Services — 2.0%,"Jackson Financial, Inc., Class","28,055","15,44,428",,
ESML,iShares ESG Aware MSCI USA Small-Cap ETF,29/02/24,Financial Services — 2.0%,"Marqeta, Inc., Class","1,19,970","7,83,404",,
ESML,iShares ESG Aware MSCI USA Small-Cap ETF,29/02/24,Financial Services — 2.0%,MGIC Investment Corp.,"1,78,181","35,44,020",,
ESML,iShares ESG Aware MSCI USA Small-Cap ETF,29/02/24,Financial Services — 2.0%,"Mr Cooper Group, Inc.","11,276","8,03,753",,
ESML,iShares ESG Aware MSCI USA Small-Cap ETF,29/02/24,Financial Services — 2.0%,"PennyMac Financial Services, Inc.","22,810","19,37,253",,
ESML,iShares ESG Aware MSCI USA Small-Cap ETF,29/02/24,Financial Services — 2.0%,"Radian Group, Inc.","46,808","13,63,985",,
ESML,iShares ESG Aware MSCI USA Small-Cap ETF,29/02/24,Financial Services — 2.0%,"Remitly Global, Inc.","42,393","8,74,144",,
ESML,iShares ESG Aware MSCI USA Small-Cap ETF,29/02/24,Financial Services — 2.0%," Rocket Companies, Inc., Class","74,715","9,38,420",,
ESML,iShares ESG Aware MSCI USA Small-Cap ETF,29/02/24,Financial Services — 2.0%,"Shift4 Payments, Inc., Class","10,856","8,92,580",,
ESML,iShares ESG Aware MSCI USA Small-Cap ETF,29/02/24,Financial Services — 2.0%,"Voya Financial, Inc.","51,273","35,05,022",,
ESML,iShares ESG Aware MSCI USA Small-Cap ETF,29/02/24,Financial Services — 2.0%,"Walker & Dunlop, Inc.","10,520","10,03,398",,
ESML,iShares ESG Aware MSCI USA Small-Cap ETF,29/02/24,Financial Services — 2.0%,Western Union Co. (The),"1,36,110","18,25,235",,
ESML,iShares ESG Aware MSCI USA Small-Cap ETF,29/02/24,Financial Services — 2.0%,"WEX, Inc.","23,010","50,55,987","3,21,51,741",
ESML,iShares ESG Aware MSCI USA Small-Cap ETF,29/02/24,Food Products — 1.1%,"Cal-Maine Foods, Inc.","14,061","8,08,367",,
ESML,iShares ESG Aware MSCI USA Small-Cap ETF,29/02/24,Food Products — 1.1%,"Flowers Foods, Inc.","1,02,116","22,89,441",,
ESML,iShares ESG Aware MSCI USA Small-Cap ETF,29/02/24,Food Products — 1.1%,"Freshpet, Inc.","24,398","27,57,706",,
ESML,iShares ESG Aware MSCI USA Small-Cap ETF,29/02/24,Food Products — 1.1%,"Hain Celestial Group, Inc. (The)","99,091","9,90,910",,
ESML,iShares ESG Aware MSCI USA Small-Cap ETF,29/02/24,Food Products — 1.1%,"Ingredion, Inc.","47,545","55,92,718",,
ESML,iShares ESG Aware MSCI USA Small-Cap ETF,29/02/24,Food Products — 1.1%,"Post Holdings, Inc.","8,746","9,10,983",,
ESML,iShares ESG Aware MSCI USA Small-Cap ETF,29/02/24,Food Products — 1.1%,Simply Good Foods Co. (The),"23,309","8,27,003",,
ESML,iShares ESG Aware MSCI USA Small-Cap ETF,29/02/24,Food Products — 1.1%,"TreeHouse Foods, Inc.","30,303","10,84,545",,
ESML,iShares ESG Aware MSCI USA Small-Cap ETF,29/02/24,Food Products — 1.1%,"Vital Farms, Inc.","54,231","9,74,531",,
ESML,iShares ESG Aware MSCI USA Small-Cap ETF,29/02/24,Food Products — 1.1%,WK Kellogg Co,"51,915","7,60,036","1,69,96,240",
ESML,iShares ESG Aware MSCI USA Small-Cap ETF,29/02/24,Gas Utilities — 1.4%,Chesapeake Utilities Corp.,"15,489","15,80,343",,
ESML,iShares ESG Aware MSCI USA Small-Cap ETF,29/02/24,Gas Utilities — 1.4%,National Fuel Gas Co.,"58,116","28,32,574",,
ESML,iShares ESG Aware MSCI USA Small-Cap ETF,29/02/24,Gas Utilities — 1.4%,New Jersey Resources Corp.,"90,043","37,46,689",,
ESML,iShares ESG Aware MSCI USA Small-Cap ETF,29/02/24,Gas Utilities — 1.4%,Northwest Natural Holding Co.,"40,371","14,83,230",,
ESML,iShares ESG Aware MSCI USA Small-Cap ETF,29/02/24,Gas Utilities — 1.4%,"ONE Gas, Inc.","55,068","32,82,053",,
ESML,iShares ESG Aware MSCI USA Small-Cap ETF,29/02/24,Gas Utilities — 1.4%,"Southwest Gas Holdings, Inc.","30,504","20,78,847",,
ESML,iShares ESG Aware MSCI USA Small-Cap ETF,29/02/24,Gas Utilities — 1.4%,"Spire, Inc.","33,428","19,82,949",,
ESML,iShares ESG Aware MSCI USA Small-Cap ETF,29/02/24,Gas Utilities — 1.4%,UGI Corp.,"1,90,660","46,67,357","2,16,54,042",
ESML,iShares ESG Aware MSCI USA Small-Cap ETF,29/02/24,Ground Transportation — 1.8%,ArcBest Corp.,"8,179","11,68,452",,
ESML,iShares ESG Aware MSCI USA Small-Cap ETF,29/02/24,Ground Transportation — 1.8%,"Avis Budget Group, Inc.","7,726","8,34,717",,
ESML,iShares ESG Aware MSCI USA Small-Cap ETF,29/02/24,Ground Transportation — 1.8%,"Landstar System, Inc.","21,161","40,24,822",,
ESML,iShares ESG Aware MSCI USA Small-Cap ETF,29/02/24,Ground Transportation — 1.8%,"Lyft, Inc., Class","1,05,452","16,74,578",,
ESML,iShares ESG Aware MSCI USA Small-Cap ETF,29/02/24,Ground Transportation — 1.8%,"RXO, Inc.","67,792","14,58,884",,
ESML,iShares ESG Aware MSCI USA Small-Cap ETF,29/02/24,Ground Transportation — 1.8%,"Ryder System, Inc.","33,789","38,55,325",,
ESML,iShares ESG Aware MSCI USA Small-Cap ETF,29/02/24,Ground Transportation — 1.8%,"Saia, Inc.","9,536","54,87,014",,
ESML,iShares ESG Aware MSCI USA Small-Cap ETF,29/02/24,Ground Transportation — 1.8%,"Schneider National, Inc., Class","1,24,657","29,35,672",,
ESML,iShares ESG Aware MSCI USA Small-Cap ETF,29/02/24,Ground Transportation — 1.8%,"Werner Enterprises, Inc.","48,582","19,50,082",,
ESML,iShares ESG Aware MSCI USA Small-Cap ETF,29/02/24,Ground Transportation — 1.8%,"XPO, Inc.","39,770","47,85,126","2,81,74,672",
ESML,iShares ESG Aware MSCI USA Small-Cap ETF,29/02/24,Health Care Equipment & Supplies — 2.9%,"Alphatec Holdings, Inc.","50,069","6,72,427",,
ESML,iShares ESG Aware MSCI USA Small-Cap ETF,29/02/24,Health Care Equipment & Supplies — 2.9%,"Artivion, Inc.","41,323","7,97,534",,
ESML,iShares ESG Aware MSCI USA Small-Cap ETF,29/02/24,Health Care Equipment & Supplies — 2.9%,"AtriCure, Inc.","23,946","8,37,392",,
ESML,iShares ESG Aware MSCI USA Small-Cap ETF,29/02/24,Health Care Equipment & Supplies — 2.9%,"Axonics, Inc.","11,374","7,72,750",,
ESML,iShares ESG Aware MSCI USA Small-Cap ETF,29/02/24,Health Care Equipment & Supplies — 2.9%,CONMED Corp.,"9,676","7,77,176",,
ESML,iShares ESG Aware MSCI USA Small-Cap ETF,29/02/24,Health Care Equipment & Supplies — 2.9%,"Dentsply Sirona, Inc.","55,491","18,13,446",,
ESML,iShares ESG Aware MSCI USA Small-Cap ETF,29/02/24,Health Care Equipment & Supplies — 2.9%,Embecta Corp.,"54,280","7,75,118",,
ESML,iShares ESG Aware MSCI USA Small-Cap ETF,29/02/24,Health Care Equipment & Supplies — 2.9%,Enovis Corp.,"25,449","15,22,105",,
ESML,iShares ESG Aware MSCI USA Small-Cap ETF,29/02/24,Health Care Equipment & Supplies — 2.9%,Envista Holdings Corp.,"65,799","13,58,749",,
ESML,iShares ESG Aware MSCI USA Small-Cap ETF,29/02/24,Health Care Equipment & Supplies — 2.9%,Glaukos Corp.,"24,217","21,45,384",,
ESML,iShares ESG Aware MSCI USA Small-Cap ETF,29/02/24,Health Care Equipment & Supplies — 2.9%,"Globus Medical, Inc., Class","22,894","12,36,047",,
ESML,iShares ESG Aware MSCI USA Small-Cap ETF,29/02/24,Health Care Equipment & Supplies — 2.9%,Haemonetics Corp.,"20,423","14,90,471",,
ESML,iShares ESG Aware MSCI USA Small-Cap ETF,29/02/24,Health Care Equipment & Supplies — 2.9%,"Inari Medical, Inc.","24,274","11,19,517",,
ESML,iShares ESG Aware MSCI USA Small-Cap ETF,29/02/24,Health Care Equipment & Supplies — 2.9%,"Inspire Medical Systems, Inc.","7,556","13,52,826",,
ESML,iShares ESG Aware MSCI USA Small-Cap ETF,29/02/24,Health Care Equipment & Supplies — 2.9%,Integer Holdings Corp.,"19,019","20,97,605",,
ESML,iShares ESG Aware MSCI USA Small-Cap ETF,29/02/24,Health Care Equipment & Supplies — 2.9%,Integra LifeSciences Holdings Corp.,"45,726","16,87,747",,
ESML,iShares ESG Aware MSCI USA Small-Cap ETF,29/02/24,Health Care Equipment & Supplies — 2.9%,"iRhythm Technologies, Inc.","6,829","8,10,261",,
ESML,iShares ESG Aware MSCI USA Small-Cap ETF,29/02/24,Health Care Equipment & Supplies — 2.9%,"Lantheus Holdings, Inc.","21,197","13,85,860",,
ESML,iShares ESG Aware MSCI USA Small-Cap ETF,29/02/24,Health Care Equipment & Supplies — 2.9%,LivaNova PLC,"15,578","8,53,830",,
ESML,iShares ESG Aware MSCI USA Small-Cap ETF,29/02/24,Health Care Equipment & Supplies — 2.9%,Masimo Corp.,"7,374","9,47,854",,
ESML,iShares ESG Aware MSCI USA Small-Cap ETF,29/02/24,Health Care Equipment & Supplies — 2.9%,"Merit Medical Systems, Inc.","26,569","20,24,558",,
ESML,iShares ESG Aware MSCI USA Small-Cap ETF,29/02/24,Health Care Equipment & Supplies — 2.9%,Neogen Corp.,"49,538","8,51,558",,
ESML,iShares ESG Aware MSCI USA Small-Cap ETF,29/02/24,Health Care Equipment & Supplies — 2.9%,Novocure Ltd.,"48,492","7,42,412",,
ESML,iShares ESG Aware MSCI USA Small-Cap ETF,29/02/24,Health Care Equipment & Supplies — 2.9%,"Omnicell, Inc.","27,348","7,17,612",,
ESML,iShares ESG Aware MSCI USA Small-Cap ETF,29/02/24,Health Care Equipment & Supplies — 2.9%,"OraSure Technologies, Inc.","1,15,036","8,27,684",,
ESML,iShares ESG Aware MSCI USA Small-Cap ETF,29/02/24,Health Care Equipment & Supplies — 2.9%,"Orthofix Medical, Inc.","56,357","7,36,022",,
ESML,iShares ESG Aware MSCI USA Small-Cap ETF,29/02/24,Health Care Equipment & Supplies — 2.9%,"Paragon 28, Inc.","56,484","7,04,920",,
ESML,iShares ESG Aware MSCI USA Small-Cap ETF,29/02/24,Health Care Equipment & Supplies — 2.9%,"Penumbra, Inc.","12,838","30,15,903",,
ESML,iShares ESG Aware MSCI USA Small-Cap ETF,29/02/24,Health Care Equipment & Supplies — 2.9%,PROCEPT BioRobotics Corp.,"19,114","9,23,971",,
ESML,iShares ESG Aware MSCI USA Small-Cap ETF,29/02/24,Health Care Equipment & Supplies — 2.9%,QuidelOrtho Corp.,"18,506","8,43,874",,
ESML,iShares ESG Aware MSCI USA Small-Cap ETF,29/02/24,Health Care Equipment & Supplies — 2.9%,"RxSight, Inc.","19,372","10,57,130",,
ESML,iShares ESG Aware MSCI USA Small-Cap ETF,29/02/24,Health Care Equipment & Supplies — 2.9%,"Shockwave Medical, Inc.","13,950","36,39,136",,
ESML,iShares ESG Aware MSCI USA Small-Cap ETF,29/02/24,Health Care Equipment & Supplies — 2.9%,"SI-BONE, Inc.","37,352","6,48,057",,
ESML,iShares ESG Aware MSCI USA Small-Cap ETF,29/02/24,Health Care Equipment & Supplies — 2.9%,STAAR Surgical Co.,"25,493","7,96,401",,
ESML,iShares ESG Aware MSCI USA Small-Cap ETF,29/02/24,Health Care Equipment & Supplies — 2.9%,"Tandem Diabetes Care, Inc.","35,404","9,42,809",,
ESML,iShares ESG Aware MSCI USA Small-Cap ETF,29/02/24,Health Care Equipment & Supplies — 2.9%,"TransMedics Group, Inc.","10,045","8,19,672",,
ESML,iShares ESG Aware MSCI USA Small-Cap ETF,29/02/24,Health Care Equipment & Supplies — 2.9%,"Treace Medical Concepts, Inc.","50,099","6,73,331",,
ESML,iShares ESG Aware MSCI USA Small-Cap ETF,29/02/24,Health Care Equipment & Supplies — 2.9%,"UFP Technologies, Inc.","4,030","8,39,489",,
ESML,iShares ESG Aware MSCI USA Small-Cap ETF,29/02/24,Health Care Equipment & Supplies — 2.9%,Varex Imaging Corp.,"45,070","7,75,204","4,60,33,842",
ESML,iShares ESG Aware MSCI USA Small-Cap ETF,29/02/24,Health Care Providers & Services — 2.9%,"Acadia Healthcare Co., Inc.","44,525","37,15,611",,
ESML,iShares ESG Aware MSCI USA Small-Cap ETF,29/02/24,Health Care Providers & Services — 2.9%,"Accolade, Inc.","63,045","6,46,211",,
ESML,iShares ESG Aware MSCI USA Small-Cap ETF,29/02/24,Health Care Providers & Services — 2.9%,Addus HomeCare Corp.,"8,285","7,64,540",,
ESML,iShares ESG Aware MSCI USA Small-Cap ETF,29/02/24,Health Care Providers & Services — 2.9%,"agilon health, Inc.","1,13,250","6,94,223",,
ESML,iShares ESG Aware MSCI USA Small-Cap ETF,29/02/24,Health Care Providers & Services — 2.9%,"Alignment Healthcare, Inc.","88,161","5,28,966",,
ESML,iShares ESG Aware MSCI USA Small-Cap ETF,29/02/24,Health Care Providers & Services — 2.9%,"Amedisys, Inc.","14,621","13,60,045",,
ESML,iShares ESG Aware MSCI USA Small-Cap ETF,29/02/24,Health Care Providers & Services — 2.9%,"AMN Healthcare Services, Inc.","31,999","18,00,584",,
ESML,iShares ESG Aware MSCI USA Small-Cap ETF,29/02/24,Health Care Providers & Services — 2.9%,"Astrana Health, Inc.","20,367","9,17,330",,
ESML,iShares ESG Aware MSCI USA Small-Cap ETF,29/02/24,Health Care Providers & Services — 2.9%,"Brookdale Senior Living, Inc.","1,27,390","7,28,671",,
ESML,iShares ESG Aware MSCI USA Small-Cap ETF,29/02/24,Health Care Providers & Services — 2.9%,"Castle Biosciences, Inc.","30,854","5,57,223",,
ESML,iShares ESG Aware MSCI USA Small-Cap ETF,29/02/24,Health Care Providers & Services — 2.9%,Chemed Corp.,"3,781","23,67,398",,
ESML,iShares ESG Aware MSCI USA Small-Cap ETF,29/02/24,Health Care Providers & Services — 2.9%,CorVel Corp.,"6,847","16,70,668",,
ESML,iShares ESG Aware MSCI USA Small-Cap ETF,29/02/24,Health Care Providers & Services — 2.9%,"Cross Country Healthcare, Inc.","44,492","8,12,869",,
ESML,iShares ESG Aware MSCI USA Small-Cap ETF,29/02/24,Health Care Providers & Services — 2.9%,"DocGo, Inc.","28,843","1,17,391",,
ESML,iShares ESG Aware MSCI USA Small-Cap ETF,29/02/24,Health Care Providers & Services — 2.9%,Encompass Health Corp.,"49,156","36,57,206",,
ESML,iShares ESG Aware MSCI USA Small-Cap ETF,29/02/24,Health Care Providers & Services — 2.9%,"Enhabit, Inc.","80,369","7,23,321",,
ESML,iShares ESG Aware MSCI USA Small-Cap ETF,29/02/24,Health Care Providers & Services — 2.9%,"Ensign Group, Inc. (The)","25,592","31,96,953",,
ESML,iShares ESG Aware MSCI USA Small-Cap ETF,29/02/24,Health Care Providers & Services — 2.9%,"Fulgent Genetics, Inc.","30,970","6,98,683",,
ESML,iShares ESG Aware MSCI USA Small-Cap ETF,29/02/24,Health Care Providers & Services — 2.9%,"Guardant Health, Inc.","36,317","6,90,023",,
ESML,iShares ESG Aware MSCI USA Small-Cap ETF,29/02/24,Health Care Providers & Services — 2.9%,"HealthEquity, Inc.","30,151","24,90,774",,
ESML,iShares ESG Aware MSCI USA Small-Cap ETF,29/02/24,Health Care Providers & Services — 2.9%,"Hims & Hers Health, Inc., Class","77,667","10,12,778",,
ESML,iShares ESG Aware MSCI USA Small-Cap ETF,29/02/24,Health Care Providers & Services — 2.9%,"NeoGenomics, Inc.","55,262","8,62,087",,
ESML,iShares ESG Aware MSCI USA Small-Cap ETF,29/02/24,Health Care Providers & Services — 2.9%,"Option Care Health, Inc.","71,608","23,10,790",,
ESML,iShares ESG Aware MSCI USA Small-Cap ETF,29/02/24,Health Care Providers & Services — 2.9%,"Owens & Minor, Inc.","47,145","11,47,038",,
ESML,iShares ESG Aware MSCI USA Small-Cap ETF,29/02/24,Health Care Providers & Services — 2.9%,"Patterson Companies, Inc.","1,00,814","27,31,051",,
ESML,iShares ESG Aware MSCI USA Small-Cap ETF,29/02/24,Health Care Providers & Services — 2.9%,"PetIQ, Inc., Class","41,195","7,50,161",,
ESML,iShares ESG Aware MSCI USA Small-Cap ETF,29/02/24,Health Care Providers & Services — 2.9%,"Premier, Inc., Class","1,03,169","21,52,105",,
ESML,iShares ESG Aware MSCI USA Small-Cap ETF,29/02/24,Health Care Providers & Services — 2.9%,"Privia Health Group, Inc.","51,650","11,52,828",,
ESML,iShares ESG Aware MSCI USA Small-Cap ETF,29/02/24,Health Care Providers & Services — 2.9%,"Progyny, Inc.","42,537","15,53,451",,
ESML,iShares ESG Aware MSCI USA Small-Cap ETF,29/02/24,Health Care Providers & Services — 2.9%,"R1 RCM, Inc.","1,06,598","14,97,702",,
ESML,iShares ESG Aware MSCI USA Small-Cap ETF,29/02/24,Health Care Providers & Services — 2.9%,"RadNet, Inc.","20,801","7,87,526",,
ESML,iShares ESG Aware MSCI USA Small-Cap ETF,29/02/24,Health Care Providers & Services — 2.9%,Select Medical Holdings Corp.,"28,453","7,74,775",,
ESML,iShares ESG Aware MSCI USA Small-Cap ETF,29/02/24,Health Care Providers & Services — 2.9%,Tenet Healthcare Corp.,"16,829","15,65,097","4,64,36,079",
ESML,iShares ESG Aware MSCI USA Small-Cap ETF,29/02/24,Health Care REITs — 0.4%,"Healthcare Realty Trust, Inc., Class","70,195","9,67,287",,
ESML,iShares ESG Aware MSCI USA Small-Cap ETF,29/02/24,Health Care REITs — 0.4%,"Medical Properties Trust, Inc.","2,21,078","9,30,739",,
ESML,iShares ESG Aware MSCI USA Small-Cap ETF,29/02/24,Health Care REITs — 0.4%,"Omega Healthcare Investors, Inc.","1,32,344","41,18,545",,
ESML,iShares ESG Aware MSCI USA Small-Cap ETF,29/02/24,Health Care REITs — 0.4%,"Sabra Health Care REIT, Inc.","58,943","8,18,129","68,34,700",
ESML,iShares ESG Aware MSCI USA Small-Cap ETF,29/02/24,Health Care Technology — 0.2%,"Certara, Inc.","43,514","7,34,516",,
ESML,iShares ESG Aware MSCI USA Small-Cap ETF,29/02/24,Health Care Technology — 0.2%,"Doximity, Inc., Class","28,793","8,12,826",,
ESML,iShares ESG Aware MSCI USA Small-Cap ETF,29/02/24,Health Care Technology — 0.2%,"Health Catalyst, Inc.","79,684","6,62,971",,
ESML,iShares ESG Aware MSCI USA Small-Cap ETF,29/02/24,Health Care Technology — 0.2%,"Teladoc Health, Inc.","80,669","12,16,489","34,26,802",
ESML,iShares ESG Aware MSCI USA Small-Cap ETF,29/02/24,Hotel & Resort REITs — 0.4%,"Park Hotels & Resorts, Inc.","71,123","11,80,642",,
ESML,iShares ESG Aware MSCI USA Small-Cap ETF,29/02/24,Hotel & Resort REITs — 0.4%,"Ryman Hospitality Properties, Inc.","27,829","32,97,180",,
ESML,iShares ESG Aware MSCI USA Small-Cap ETF,29/02/24,Hotel & Resort REITs — 0.4%,"Xenia Hotels & Resorts, Inc.","79,710","12,22,751","57,00,573",
ESML,iShares ESG Aware MSCI USA Small-Cap ETF,29/02/24,"Hotels, Restaurants & Leisure — 2.6%","Accel Entertainment, Inc., Class","1,07,396","12,16,797",,
ESML,iShares ESG Aware MSCI USA Small-Cap ETF,29/02/24,"Hotels, Restaurants & Leisure — 2.6%",Aramark,"1,05,781","32,08,338",,
ESML,iShares ESG Aware MSCI USA Small-Cap ETF,29/02/24,"Hotels, Restaurants & Leisure — 2.6%",Boyd Gaming Corp.,"15,430","10,20,386",,
ESML,iShares ESG Aware MSCI USA Small-Cap ETF,29/02/24,"Hotels, Restaurants & Leisure — 2.6%","Brinker International, Inc.","30,939","14,33,713",,
ESML,iShares ESG Aware MSCI USA Small-Cap ETF,29/02/24,"Hotels, Restaurants & Leisure — 2.6%","Cheesecake Factory, Inc. (The)","22,982","8,13,103",,
ESML,iShares ESG Aware MSCI USA Small-Cap ETF,29/02/24,"Hotels, Restaurants & Leisure — 2.6%","Choice Hotels International, Inc.","9,376","10,49,549",,
ESML,iShares ESG Aware MSCI USA Small-Cap ETF,29/02/24,"Hotels, Restaurants & Leisure — 2.6%","Churchill Downs, Inc.","16,633","20,27,064",,
ESML,iShares ESG Aware MSCI USA Small-Cap ETF,29/02/24,"Hotels, Restaurants & Leisure — 2.6%","Dave & Buster's Entertainment, Inc.","18,047","11,14,222",,
ESML,iShares ESG Aware MSCI USA Small-Cap ETF,29/02/24,"Hotels, Restaurants & Leisure — 2.6%","Dine Brands Global, Inc.","18,126","8,79,292",,
ESML,iShares ESG Aware MSCI USA Small-Cap ETF,29/02/24,"Hotels, Restaurants & Leisure — 2.6%","Everi Holdings, Inc.","1,80,822","21,44,549",,
ESML,iShares ESG Aware MSCI USA Small-Cap ETF,29/02/24,"Hotels, Restaurants & Leisure — 2.6%","Hilton Grand Vacations, Inc.","27,340","12,27,019",,
ESML,iShares ESG Aware MSCI USA Small-Cap ETF,29/02/24,"Hotels, Restaurants & Leisure — 2.6%","Jack in the Box, Inc.","10,460","7,63,580",,
ESML,iShares ESG Aware MSCI USA Small-Cap ETF,29/02/24,"Hotels, Restaurants & Leisure — 2.6%","Light & Wonder, Inc.","35,954","36,13,736",,
ESML,iShares ESG Aware MSCI USA Small-Cap ETF,29/02/24,"Hotels, Restaurants & Leisure — 2.6%",Marriott Vacations Worldwide Corp.,"16,675","15,53,943",,
ESML,iShares ESG Aware MSCI USA Small-Cap ETF,29/02/24,"Hotels, Restaurants & Leisure — 2.6%",Norwegian Cruise Line Holdings Ltd.,"1,61,663","31,34,646",,
ESML,iShares ESG Aware MSCI USA Small-Cap ETF,29/02/24,"Hotels, Restaurants & Leisure — 2.6%","Papa John's International, Inc.","10,735","7,71,739",,
ESML,iShares ESG Aware MSCI USA Small-Cap ETF,29/02/24,"Hotels, Restaurants & Leisure — 2.6%","Planet Fitness, Inc., Class","39,483","24,49,920",,
ESML,iShares ESG Aware MSCI USA Small-Cap ETF,29/02/24,"Hotels, Restaurants & Leisure — 2.6%",Playa Hotels & Resorts NV,"87,742","8,06,349",,
ESML,iShares ESG Aware MSCI USA Small-Cap ETF,29/02/24,"Hotels, Restaurants & Leisure — 2.6%","Shake Shack, Inc., Class","11,393","12,11,304",,
ESML,iShares ESG Aware MSCI USA Small-Cap ETF,29/02/24,"Hotels, Restaurants & Leisure — 2.6%",Travel + Leisure Co.,"46,291","20,68,745",,
ESML,iShares ESG Aware MSCI USA Small-Cap ETF,29/02/24,"Hotels, Restaurants & Leisure — 2.6%","United Parks & Resorts, Inc.","20,468","10,51,032",,
ESML,iShares ESG Aware MSCI USA Small-Cap ETF,29/02/24,"Hotels, Restaurants & Leisure — 2.6%",Wendy's Co. (The),"88,189","15,97,103",,
ESML,iShares ESG Aware MSCI USA Small-Cap ETF,29/02/24,"Hotels, Restaurants & Leisure — 2.6%","Wingstop, Inc.","9,992","35,07,692",,
ESML,iShares ESG Aware MSCI USA Small-Cap ETF,29/02/24,"Hotels, Restaurants & Leisure — 2.6%","Wyndham Hotels & Resorts, Inc.","31,399","24,03,593",,
ESML,iShares ESG Aware MSCI USA Small-Cap ETF,29/02/24,"Hotels, Restaurants & Leisure — 2.6%","Xponential Fitness, Inc., Class","73,470","7,40,578","4,18,07,992",
ESML,iShares ESG Aware MSCI USA Small-Cap ETF,29/02/24,Household Durables — 2.6%,"Beazer Homes USA, Inc.","26,665","8,35,414",,
ESML,iShares ESG Aware MSCI USA Small-Cap ETF,29/02/24,Household Durables — 2.6%,"Century Communities, Inc.","16,544","14,27,582",,
ESML,iShares ESG Aware MSCI USA Small-Cap ETF,29/02/24,Household Durables — 2.6%,"Green Brick Partners, Inc.","14,298","8,36,433",,
ESML,iShares ESG Aware MSCI USA Small-Cap ETF,29/02/24,Household Durables — 2.6%,Helen Troy Ltd.,"14,089","17,61,125",,
ESML,iShares ESG Aware MSCI USA Small-Cap ETF,29/02/24,Household Durables — 2.6%,"Installed Building Products, Inc.","7,725","18,45,734",,
ESML,iShares ESG Aware MSCI USA Small-Cap ETF,29/02/24,Household Durables — 2.6%,iRobot Corp.,"63,075","7,19,686",,
ESML,iShares ESG Aware MSCI USA Small-Cap ETF,29/02/24,Household Durables — 2.6%,KB Home,"50,376","33,46,478",,
ESML,iShares ESG Aware MSCI USA Small-Cap ETF,29/02/24,Household Durables — 2.6%,"Leggett & Platt, Inc.","99,787","20,37,650",,
ESML,iShares ESG Aware MSCI USA Small-Cap ETF,29/02/24,Household Durables — 2.6%,"MDC Holdings, Inc.","15,725","9,85,957",,
ESML,iShares ESG Aware MSCI USA Small-Cap ETF,29/02/24,Household Durables — 2.6%,Meritage Homes Corp.,"18,166","28,64,052",,
ESML,iShares ESG Aware MSCI USA Small-Cap ETF,29/02/24,Household Durables — 2.6%,"Mohawk Industries, Inc.","7,898","9,36,861",,
ESML,iShares ESG Aware MSCI USA Small-Cap ETF,29/02/24,Household Durables — 2.6%,"Newell Brands, Inc.","1,48,418","11,13,135",,
ESML,iShares ESG Aware MSCI USA Small-Cap ETF,29/02/24,Household Durables — 2.6%,Skyline Champion Corp.,"13,040","10,92,622",,
ESML,iShares ESG Aware MSCI USA Small-Cap ETF,29/02/24,Household Durables — 2.6%,"Sonos, Inc.","85,297","16,17,231",,
ESML,iShares ESG Aware MSCI USA Small-Cap ETF,29/02/24,Household Durables — 2.6%,Taylor Morrison Home Corp.,"41,376","23,42,295",,
ESML,iShares ESG Aware MSCI USA Small-Cap ETF,29/02/24,Household Durables — 2.6%,"Tempur Sealy International, Inc.","54,120","29,47,916",,
ESML,iShares ESG Aware MSCI USA Small-Cap ETF,29/02/24,Household Durables — 2.6%,"Toll Brothers, Inc.","29,761","34,11,801",,
ESML,iShares ESG Aware MSCI USA Small-Cap ETF,29/02/24,Household Durables — 2.6%,TopBuild Corp.,"12,962","52,15,650",,
ESML,iShares ESG Aware MSCI USA Small-Cap ETF,29/02/24,Household Durables — 2.6%,"Tri Pointe Homes, Inc.","51,255","18,13,402",,
ESML,iShares ESG Aware MSCI USA Small-Cap ETF,29/02/24,Household Durables — 2.6%,Whirlpool Corp.,"33,045","35,48,703","4,06,99,727",
ESML,iShares ESG Aware MSCI USA Small-Cap ETF,29/02/24,Household Products — 0.2%,"Energizer Holdings, Inc.","35,689","10,18,921",,
ESML,iShares ESG Aware MSCI USA Small-Cap ETF,29/02/24,Household Products — 0.2%,"Spectrum Brands Holdings, Inc.","15,928","12,80,930",,
ESML,iShares ESG Aware MSCI USA Small-Cap ETF,29/02/24,Household Products — 0.2%,WD-40 Co.,"4,603","12,35,399","35,35,250",
ESML,iShares ESG Aware MSCI USA Small-Cap ETF,29/02/24,Independent Power and Renewable Electricity Producers — 0.4%,"Clearway Energy, Inc., Class","32,620","6,60,881",,
ESML,iShares ESG Aware MSCI USA Small-Cap ETF,29/02/24,Independent Power and Renewable Electricity Producers — 0.4%,"Clearway Energy, Inc., Class","63,449","13,83,188",,
ESML,iShares ESG Aware MSCI USA Small-Cap ETF,29/02/24,Independent Power and Renewable Electricity Producers — 0.4%,"NextEra Energy Partners, LP","43,338","11,90,495",,
ESML,iShares ESG Aware MSCI USA Small-Cap ETF,29/02/24,Independent Power and Renewable Electricity Producers — 0.4%,"Ormat Technologies, Inc.","28,984","18,88,308",,
ESML,iShares ESG Aware MSCI USA Small-Cap ETF,29/02/24,Independent Power and Renewable Electricity Producers — 0.4%,"Sunnova Energy International, Inc.","69,123","5,03,215","56,26,087",
ESML,iShares ESG Aware MSCI USA Small-Cap ETF,29/02/24,Industrial REITs — 0.7%,"Americold Realty Trust, Inc.","54,115","13,69,110",,
ESML,iShares ESG Aware MSCI USA Small-Cap ETF,29/02/24,Industrial REITs — 0.7%,"EastGroup Properties, Inc.","9,171","16,11,253",,
ESML,iShares ESG Aware MSCI USA Small-Cap ETF,29/02/24,Industrial REITs — 0.7%,"First Industrial Realty Trust, Inc.","28,963","15,35,039",,
ESML,iShares ESG Aware MSCI USA Small-Cap ETF,29/02/24,Industrial REITs — 0.7%,LXP Industrial Trust,"1,42,105","12,30,629",,
ESML,iShares ESG Aware MSCI USA Small-Cap ETF,29/02/24,Industrial REITs — 0.7%,"Rexford Industrial Realty, Inc.","88,038","44,79,373",,
ESML,iShares ESG Aware MSCI USA Small-Cap ETF,29/02/24,Industrial REITs — 0.7%,Terreno Realty Corp.,"24,920","16,02,356","1,18,27,760",
ESML,iShares ESG Aware MSCI USA Small-Cap ETF,29/02/24,Insurance — 3.1%,Assured Guaranty Ltd.,"14,904","13,65,206",,
ESML,iShares ESG Aware MSCI USA Small-Cap ETF,29/02/24,Insurance — 3.1%,Axis Capital Holdings Ltd.,"45,638","28,55,570",,
ESML,iShares ESG Aware MSCI USA Small-Cap ETF,29/02/24,Insurance — 3.1%,"BRP Group, Inc., Class","29,050","8,08,171",,
ESML,iShares ESG Aware MSCI USA Small-Cap ETF,29/02/24,Insurance — 3.1%,"CNO Financial Group, Inc.","98,691","26,34,063",,
ESML,iShares ESG Aware MSCI USA Small-Cap ETF,29/02/24,Insurance — 3.1%,First American Financial Corp.,"47,275","27,61,333",,
ESML,iShares ESG Aware MSCI USA Small-Cap ETF,29/02/24,Insurance — 3.1%,"Hanover Insurance Group, Inc. (The)","16,778","22,05,804",,
ESML,iShares ESG Aware MSCI USA Small-Cap ETF,29/02/24,Insurance — 3.1%,Kemper Corp.,"15,732","9,01,915",,
ESML,iShares ESG Aware MSCI USA Small-Cap ETF,29/02/24,Insurance — 3.1%,"Kinsale Capital Group, Inc.","7,756","40,03,492",,
ESML,iShares ESG Aware MSCI USA Small-Cap ETF,29/02/24,Insurance — 3.1%,Lincoln National Corp.,"51,526","14,19,026",,
ESML,iShares ESG Aware MSCI USA Small-Cap ETF,29/02/24,Insurance — 3.1%,Old Republic International Corp.,"61,139","17,70,585",,
ESML,iShares ESG Aware MSCI USA Small-Cap ETF,29/02/24,Insurance — 3.1%,"Palomar Holdings, Inc.","14,285","10,87,660",,
ESML,iShares ESG Aware MSCI USA Small-Cap ETF,29/02/24,Insurance — 3.1%,"Primerica, Inc.","14,435","35,40,328",,
ESML,iShares ESG Aware MSCI USA Small-Cap ETF,29/02/24,Insurance — 3.1%,"Reinsurance Group America, Inc.","24,268","42,91,796",,
ESML,iShares ESG Aware MSCI USA Small-Cap ETF,29/02/24,Insurance — 3.1%,RenaissanceRe Holdings Ltd.,"17,898","40,23,828",,
ESML,iShares ESG Aware MSCI USA Small-Cap ETF,29/02/24,Insurance — 3.1%,RLI Corp.,"8,706","12,74,994",,
ESML,iShares ESG Aware MSCI USA Small-Cap ETF,29/02/24,Insurance — 3.1%,"Ryan Specialty Holdings, Inc., Class","34,395","18,01,610",,
ESML,iShares ESG Aware MSCI USA Small-Cap ETF,29/02/24,Insurance — 3.1%,"Selective Insurance Group, Inc.","50,556","52,82,091",,
ESML,iShares ESG Aware MSCI USA Small-Cap ETF,29/02/24,Insurance — 3.1%,"SiriusPoint, Ltd.","64,715","7,94,053",,
ESML,iShares ESG Aware MSCI USA Small-Cap ETF,29/02/24,Insurance — 3.1%,Stewart Information Services Corp.,"24,897","15,68,013",,
ESML,iShares ESG Aware MSCI USA Small-Cap ETF,29/02/24,Insurance — 3.1%,Unum Group,"67,724","33,48,952",,
ESML,iShares ESG Aware MSCI USA Small-Cap ETF,29/02/24,Insurance — 3.1%,White Mountains Insurance Group Ltd.,836,"14,75,908","4,92,14,398",
ESML,iShares ESG Aware MSCI USA Small-Cap ETF,29/02/24,Interactive Media & Services — 0.4%,"Vimeo, Inc.","1,72,127","8,24,488",,
ESML,iShares ESG Aware MSCI USA Small-Cap ETF,29/02/24,Interactive Media & Services — 0.4%,"Yelp, Inc.","22,973","8,83,082",,
ESML,iShares ESG Aware MSCI USA Small-Cap ETF,29/02/24,Interactive Media & Services — 0.4%,"Ziff Davis, Inc.","25,763","17,71,464",,
ESML,iShares ESG Aware MSCI USA Small-Cap ETF,29/02/24,Interactive Media & Services — 0.4%,"ZoomInfo Technologies, Inc.","1,40,551","23,55,635","58,34,669",
ESML,iShares ESG Aware MSCI USA Small-Cap ETF,29/02/24,IT Services — 0.4%,"Couchbase, Inc.","28,290","7,94,383",,
ESML,iShares ESG Aware MSCI USA Small-Cap ETF,29/02/24,IT Services — 0.4%,"DigitalOcean Holdings, Inc.","19,453","7,37,658",,
ESML,iShares ESG Aware MSCI USA Small-Cap ETF,29/02/24,IT Services — 0.4%,DXC Technology Co.,"99,440","21,73,759",,
ESML,iShares ESG Aware MSCI USA Small-Cap ETF,29/02/24,IT Services — 0.4%,"Fastly, Inc., Class","49,524","7,04,231",,
ESML,iShares ESG Aware MSCI USA Small-Cap ETF,29/02/24,IT Services — 0.4%,"Kyndryl Holdings, Inc.","62,041","13,63,041",,
ESML,iShares ESG Aware MSCI USA Small-Cap ETF,29/02/24,IT Services — 0.4%,"Squarespace, Inc., Class","24,054","8,00,517","65,73,589",
ESML,iShares ESG Aware MSCI USA Small-Cap ETF,29/02/24,Leisure Products — 0.7%,Brunswick Corp.,"28,885","25,24,549",,
ESML,iShares ESG Aware MSCI USA Small-Cap ETF,29/02/24,Leisure Products — 0.7%,"Malibu Boats, Inc., Class","16,365","7,14,168",,
ESML,iShares ESG Aware MSCI USA Small-Cap ETF,29/02/24,Leisure Products — 0.7%,"Mattel, Inc.","1,40,723","27,72,243",,
ESML,iShares ESG Aware MSCI USA Small-Cap ETF,29/02/24,Leisure Products — 0.7%,"Polaris, Inc.","8,459","7,84,234",,
ESML,iShares ESG Aware MSCI USA Small-Cap ETF,29/02/24,Leisure Products — 0.7%,Topgolf Callaway Brands Corp.,"1,05,384","15,00,668",,
ESML,iShares ESG Aware MSCI USA Small-Cap ETF,29/02/24,Leisure Products — 0.7%,"YETI Holdings, Inc.","60,992","25,03,112","1,07,98,974",
ESML,iShares ESG Aware MSCI USA Small-Cap ETF,29/02/24,Life Sciences Tools & Services — 0.8%,"10X Genomics, Inc., Class","27,095","12,63,711",,
ESML,iShares ESG Aware MSCI USA Small-Cap ETF,29/02/24,Life Sciences Tools & Services — 0.8%,"Azenta, Inc.","24,510","15,96,826",,
ESML,iShares ESG Aware MSCI USA Small-Cap ETF,29/02/24,Life Sciences Tools & Services — 0.8%,Bruker Corp.,"36,360","31,46,594",,
ESML,iShares ESG Aware MSCI USA Small-Cap ETF,29/02/24,Life Sciences Tools & Services — 0.8%,"CryoPort, Inc.","50,127","8,85,744",,
ESML,iShares ESG Aware MSCI USA Small-Cap ETF,29/02/24,Life Sciences Tools & Services — 0.8%,"Fortrea Holdings, Inc.","41,781","15,68,459",,
ESML,iShares ESG Aware MSCI USA Small-Cap ETF,29/02/24,Life Sciences Tools & Services — 0.8%,"Medpace Holdings, Inc.","6,078","24,16,127",,
ESML,iShares ESG Aware MSCI USA Small-Cap ETF,29/02/24,Life Sciences Tools & Services — 0.8%,"Pacific Biosciences California, Inc.","1,35,824","7,51,107",,
ESML,iShares ESG Aware MSCI USA Small-Cap ETF,29/02/24,Life Sciences Tools & Services — 0.8%,Sotera Health Co.,"46,523","6,98,310","1,23,26,878",
ESML,iShares ESG Aware MSCI USA Small-Cap ETF,29/02/24,Machinery — 4.5%,AGCO Corp.,"25,098","27,53,251",,
ESML,iShares ESG Aware MSCI USA Small-Cap ETF,29/02/24,Machinery — 4.5%,"Alamo Group, Inc.","7,947","16,07,599",,
ESML,iShares ESG Aware MSCI USA Small-Cap ETF,29/02/24,Machinery — 4.5%,"Albany International Corp., Class","8,625","8,09,629",,
ESML,iShares ESG Aware MSCI USA Small-Cap ETF,29/02/24,Machinery — 4.5%,"Allison Transmission Holdings, Inc.","43,261","32,58,851",,
ESML,iShares ESG Aware MSCI USA Small-Cap ETF,29/02/24,Machinery — 4.5%,"Barnes Group, Inc.","21,588","7,54,285",,
ESML,iShares ESG Aware MSCI USA Small-Cap ETF,29/02/24,Machinery — 4.5%,"Chart Industries, Inc.","18,139","25,91,337",,
ESML,iShares ESG Aware MSCI USA Small-Cap ETF,29/02/24,Machinery — 4.5%,Columbus McKinnon Corp.,"23,368","9,76,081",,
ESML,iShares ESG Aware MSCI USA Small-Cap ETF,29/02/24,Machinery — 4.5%,Crane Co.,"19,734","23,98,865",,
ESML,iShares ESG Aware MSCI USA Small-Cap ETF,29/02/24,Machinery — 4.5%,"Donaldson Co., Inc.","70,385","50,40,974",,
ESML,iShares ESG Aware MSCI USA Small-Cap ETF,29/02/24,Machinery — 4.5%,"Douglas Dynamics, Inc.","32,279","8,10,203",,
ESML,iShares ESG Aware MSCI USA Small-Cap ETF,29/02/24,Machinery — 4.5%,"Energy Recovery, Inc.","91,582","14,31,427",,
ESML,iShares ESG Aware MSCI USA Small-Cap ETF,29/02/24,Machinery — 4.5%,"Enerpac Tool Group Corp., Class","31,099","10,48,347",,
ESML,iShares ESG Aware MSCI USA Small-Cap ETF,29/02/24,Machinery — 4.5%,"Enpro, Inc.","11,475","17,88,034",,
ESML,iShares ESG Aware MSCI USA Small-Cap ETF,29/02/24,Machinery — 4.5%,"ESCO Technologies, Inc.","10,276","10,47,022",,
ESML,iShares ESG Aware MSCI USA Small-Cap ETF,29/02/24,Machinery — 4.5%,Federal Signal Corp.,"30,925","25,33,067",,
ESML,iShares ESG Aware MSCI USA Small-Cap ETF,29/02/24,Machinery — 4.5%,Flowserve Corp.,"47,697","20,18,537",,
ESML,iShares ESG Aware MSCI USA Small-Cap ETF,29/02/24,Machinery — 4.5%,"Franklin Electric Co., Inc.","33,199","34,51,368",,
ESML,iShares ESG Aware MSCI USA Small-Cap ETF,29/02/24,Machinery — 4.5%,Gates Industrial Corp. PLC,"57,454","8,45,723",,
ESML,iShares ESG Aware MSCI USA Small-Cap ETF,29/02/24,Machinery — 4.5%,"Greenbrier Companies, Inc. (The)","16,094","8,32,864",,
ESML,iShares ESG Aware MSCI USA Small-Cap ETF,29/02/24,Machinery — 4.5%,"Hillenbrand, Inc.","34,099","16,21,407",,
ESML,iShares ESG Aware MSCI USA Small-Cap ETF,29/02/24,Machinery — 4.5%,"ITT, Inc.","32,816","41,39,410",,
ESML,iShares ESG Aware MSCI USA Small-Cap ETF,29/02/24,Machinery — 4.5%,John Bean Technologies Corp.,"14,588","14,80,390",,
ESML,iShares ESG Aware MSCI USA Small-Cap ETF,29/02/24,Machinery — 4.5%,"Lincoln Electric Holdings, Inc.","19,055","48,89,513",,
ESML,iShares ESG Aware MSCI USA Small-Cap ETF,29/02/24,Machinery — 4.5%,Lindsay Corp.,"8,367","9,98,267",,
ESML,iShares ESG Aware MSCI USA Small-Cap ETF,29/02/24,Machinery — 4.5%,"Manitowoc Co., Inc. (The)","58,982","8,22,209",,
ESML,iShares ESG Aware MSCI USA Small-Cap ETF,29/02/24,Machinery — 4.5%,"Mueller Water Products, Inc., Class","1,70,804","26,56,002",,
ESML,iShares ESG Aware MSCI USA Small-Cap ETF,29/02/24,Machinery — 4.5%,Oshkosh Corp.,"46,337","51,36,920",,
ESML,iShares ESG Aware MSCI USA Small-Cap ETF,29/02/24,Machinery — 4.5%,"Proto Labs, Inc.","21,509","7,83,573",,
ESML,iShares ESG Aware MSCI USA Small-Cap ETF,29/02/24,Machinery — 4.5%,"SPX Technologies, Inc.","20,540","24,07,083",,
ESML,iShares ESG Aware MSCI USA Small-Cap ETF,29/02/24,Machinery — 4.5%,Tennant Co.,"23,098","26,14,463",,
ESML,iShares ESG Aware MSCI USA Small-Cap ETF,29/02/24,Machinery — 4.5%,Terex Corp.,"26,466","15,17,825",,
ESML,iShares ESG Aware MSCI USA Small-Cap ETF,29/02/24,Machinery — 4.5%,Timken Co. (The),"11,895","9,99,061",,
ESML,iShares ESG Aware MSCI USA Small-Cap ETF,29/02/24,Machinery — 4.5%,"Trinity Industries, Inc.","43,539","11,05,020",,
ESML,iShares ESG Aware MSCI USA Small-Cap ETF,29/02/24,Machinery — 4.5%,Wabash National Corp.,"38,206","10,42,260",,
ESML,iShares ESG Aware MSCI USA Small-Cap ETF,29/02/24,Machinery — 4.5%,"Watts Water Technologies, Inc., Class","16,695","34,04,945","7,16,15,812",
ESML,iShares ESG Aware MSCI USA Small-Cap ETF,29/02/24,Media — 0.7%,"Cable One, Inc.","4,897","22,33,032",,
ESML,iShares ESG Aware MSCI USA Small-Cap ETF,29/02/24,Media — 0.7%,"EW Scripps Co. (The), Class","1,28,095","5,16,223",,
ESML,iShares ESG Aware MSCI USA Small-Cap ETF,29/02/24,Media — 0.7%,"John Wiley & Sons, Inc., Class","23,642","7,88,461",,
ESML,iShares ESG Aware MSCI USA Small-Cap ETF,29/02/24,Media — 0.7%,"Magnite, Inc.","75,151","9,03,315",,
ESML,iShares ESG Aware MSCI USA Small-Cap ETF,29/02/24,Media — 0.7%,"New York Times Co. (The), Class","47,683","21,11,403",,
ESML,iShares ESG Aware MSCI USA Small-Cap ETF,29/02/24,Media — 0.7%,"Nexstar Media Group, Inc.","9,475","15,74,461",,
ESML,iShares ESG Aware MSCI USA Small-Cap ETF,29/02/24,Media — 0.7%,"TEGNA, Inc.","2,03,140","28,45,991","1,09,72,886",
ESML,iShares ESG Aware MSCI USA Small-Cap ETF,29/02/24,Metals & Mining — 1.4%,Alcoa Corp.,"63,788","17,35,671",,
ESML,iShares ESG Aware MSCI USA Small-Cap ETF,29/02/24,Metals & Mining — 1.4%,"ATI, Inc.","47,111","23,16,919",,
ESML,iShares ESG Aware MSCI USA Small-Cap ETF,29/02/24,Metals & Mining — 1.4%,Carpenter Technology Corp.,"14,364","9,28,633",,
ESML,iShares ESG Aware MSCI USA Small-Cap ETF,29/02/24,Metals & Mining — 1.4%,Commercial Metals Co.,"63,548","34,31,592",,
ESML,iShares ESG Aware MSCI USA Small-Cap ETF,29/02/24,Metals & Mining — 1.4%,"Compass Minerals International, Inc.","34,299","7,82,017",,
ESML,iShares ESG Aware MSCI USA Small-Cap ETF,29/02/24,Metals & Mining — 1.4%,Materion Corp.,"10,599","14,23,658",,
ESML,iShares ESG Aware MSCI USA Small-Cap ETF,29/02/24,Metals & Mining — 1.4%,"Olympic Steel, Inc.","15,007","10,20,776",,
ESML,iShares ESG Aware MSCI USA Small-Cap ETF,29/02/24,Metals & Mining — 1.4%,"Radius Recycling, Inc., Class","80,993","16,00,422",,
ESML,iShares ESG Aware MSCI USA Small-Cap ETF,29/02/24,Metals & Mining — 1.4%,"Royal Gold, Inc.","42,109","43,21,647",,
ESML,iShares ESG Aware MSCI USA Small-Cap ETF,29/02/24,Metals & Mining — 1.4%,Ryerson Holding Corp.,"22,697","7,16,771",,
ESML,iShares ESG Aware MSCI USA Small-Cap ETF,29/02/24,Metals & Mining — 1.4%,United States Steel Corp.,"69,230","32,77,348",,
ESML,iShares ESG Aware MSCI USA Small-Cap ETF,29/02/24,Metals & Mining — 1.4%,"Warrior Met Coal, Inc.","13,485","7,68,240","2,23,23,694",
ESML,iShares ESG Aware MSCI USA Small-Cap ETF,29/02/24,Mortgage REITs — 0.6%,AGNC Investment Corp.,"1,98,169","18,94,496",,
ESML,iShares ESG Aware MSCI USA Small-Cap ETF,29/02/24,Mortgage REITs — 0.6%,"Apollo Commercial Real Estate Finance, Inc.","72,941","8,17,669",,
ESML,iShares ESG Aware MSCI USA Small-Cap ETF,29/02/24,Mortgage REITs — 0.6%,"Blackstone Mortgage Trust, Inc., Class","70,744","14,41,055",,
ESML,iShares ESG Aware MSCI USA Small-Cap ETF,29/02/24,Mortgage REITs — 0.6%,"Hannon Armstrong Sustainable Infrastructure Capital, Inc.","65,422","16,46,672",,
ESML,iShares ESG Aware MSCI USA Small-Cap ETF,29/02/24,Mortgage REITs — 0.6%,"Invesco Mortgage Capital, Inc.","91,182","8,23,373",,
ESML,iShares ESG Aware MSCI USA Small-Cap ETF,29/02/24,Mortgage REITs — 0.6%,"KKR Real Estate Finance Trust, Inc.","1,00,727","9,82,088",,
ESML,iShares ESG Aware MSCI USA Small-Cap ETF,29/02/24,Mortgage REITs — 0.6%,"Starwood Property Trust, Inc.","1,01,665","20,72,949","96,78,302",
ESML,iShares ESG Aware MSCI USA Small-Cap ETF,29/02/24,Multi-Utilities — 0.2%,Avista Corp.,"79,721","26,46,737","26,46,737",
ESML,iShares ESG Aware MSCI USA Small-Cap ETF,29/02/24,Office REITs — 1.1%,Brandywine Realty Trust,"1,82,089","7,82,983",,
ESML,iShares ESG Aware MSCI USA Small-Cap ETF,29/02/24,Office REITs — 1.1%,COPT Defense Properties,"1,29,412","31,35,653",,
ESML,iShares ESG Aware MSCI USA Small-Cap ETF,29/02/24,Office REITs — 1.1%,"Cousins Properties, Inc.","1,04,443","23,82,345",,
ESML,iShares ESG Aware MSCI USA Small-Cap ETF,29/02/24,Office REITs — 1.1%,"Easterly Government Properties, Inc.","89,067","10,50,991",,
ESML,iShares ESG Aware MSCI USA Small-Cap ETF,29/02/24,Office REITs — 1.1%,"Highwoods Properties, Inc.","90,496","22,12,627",,
ESML,iShares ESG Aware MSCI USA Small-Cap ETF,29/02/24,Office REITs — 1.1%,"Hudson Pacific Properties, Inc.","1,08,891","6,90,369",,
ESML,iShares ESG Aware MSCI USA Small-Cap ETF,29/02/24,Office REITs — 1.1%,JBG SMITH Properties,"71,579","11,86,780",,
ESML,iShares ESG Aware MSCI USA Small-Cap ETF,29/02/24,Office REITs — 1.1%,Kilroy Realty Corp.,"48,081","18,21,789",,
ESML,iShares ESG Aware MSCI USA Small-Cap ETF,29/02/24,Office REITs — 1.1%,"Paramount Group, Inc.","1,62,091","7,18,063",,
ESML,iShares ESG Aware MSCI USA Small-Cap ETF,29/02/24,Office REITs — 1.1%,"Piedmont Office Realty Trust, Inc., Class","1,52,560","9,56,551",,
ESML,iShares ESG Aware MSCI USA Small-Cap ETF,29/02/24,Office REITs — 1.1%,SL Green Realty Corp.,"23,155","11,22,554",,
ESML,iShares ESG Aware MSCI USA Small-Cap ETF,29/02/24,Office REITs — 1.1%,Vornado Realty Trust,"35,911","9,44,459","1,70,05,164",
ESML,iShares ESG Aware MSCI USA Small-Cap ETF,29/02/24,"Oil, Gas & Consumable Fuels — 3.3%",Antero Midstream Corp.,"1,91,544","25,66,690",,
ESML,iShares ESG Aware MSCI USA Small-Cap ETF,29/02/24,"Oil, Gas & Consumable Fuels — 3.3%",Antero Resources Corp.,"1,39,804","35,92,963",,
ESML,iShares ESG Aware MSCI USA Small-Cap ETF,29/02/24,"Oil, Gas & Consumable Fuels — 3.3%",Berry Corp.,"1,21,608","8,57,336",,
ESML,iShares ESG Aware MSCI USA Small-Cap ETF,29/02/24,"Oil, Gas & Consumable Fuels — 3.3%",California Resources Corp.,"22,468","11,72,155",,
ESML,iShares ESG Aware MSCI USA Small-Cap ETF,29/02/24,"Oil, Gas & Consumable Fuels — 3.3%",Callon Petroleum Co.,"23,927","7,45,565",,
ESML,iShares ESG Aware MSCI USA Small-Cap ETF,29/02/24,"Oil, Gas & Consumable Fuels — 3.3%",Chord Energy Corp.,"5,050","8,20,372",,
ESML,iShares ESG Aware MSCI USA Small-Cap ETF,29/02/24,"Oil, Gas & Consumable Fuels — 3.3%","Civitas Resources, Inc.","26,225","18,01,133",,
ESML,iShares ESG Aware MSCI USA Small-Cap ETF,29/02/24,"Oil, Gas & Consumable Fuels — 3.3%",Clean Energy Fuels Corp.,"3,42,826","10,11,337",,
ESML,iShares ESG Aware MSCI USA Small-Cap ETF,29/02/24,"Oil, Gas & Consumable Fuels — 3.3%",CNX Resources Corp.,"1,32,978","27,85,889",,
ESML,iShares ESG Aware MSCI USA Small-Cap ETF,29/02/24,"Oil, Gas & Consumable Fuels — 3.3%","Delek U.S. Holdings, Inc.","34,931","8,91,090",,
ESML,iShares ESG Aware MSCI USA Small-Cap ETF,29/02/24,"Oil, Gas & Consumable Fuels — 3.3%","DT Midstream, Inc.","69,039","39,78,718",,
ESML,iShares ESG Aware MSCI USA Small-Cap ETF,29/02/24,"Oil, Gas & Consumable Fuels — 3.3%",EnLink Midstream LLC,"2,14,202","26,41,111",,
ESML,iShares ESG Aware MSCI USA Small-Cap ETF,29/02/24,"Oil, Gas & Consumable Fuels — 3.3%",Equitrans Midstream Corp.,"1,96,420","20,99,730",,
ESML,iShares ESG Aware MSCI USA Small-Cap ETF,29/02/24,"Oil, Gas & Consumable Fuels — 3.3%","Excelerate Energy, Inc., Class","57,128","8,96,910",,
ESML,iShares ESG Aware MSCI USA Small-Cap ETF,29/02/24,"Oil, Gas & Consumable Fuels — 3.3%","Green Plains, Inc.","13,938","2,96,879",,
ESML,iShares ESG Aware MSCI USA Small-Cap ETF,29/02/24,"Oil, Gas & Consumable Fuels — 3.3%","Kinetik Holdings, Inc., Class","51,571","18,21,488",,
ESML,iShares ESG Aware MSCI USA Small-Cap ETF,29/02/24,"Oil, Gas & Consumable Fuels — 3.3%",Kosmos Energy Ltd.,"5,10,484","31,34,372",,
ESML,iShares ESG Aware MSCI USA Small-Cap ETF,29/02/24,"Oil, Gas & Consumable Fuels — 3.3%",Murphy Oil Corp.,"68,980","27,36,437",,
ESML,iShares ESG Aware MSCI USA Small-Cap ETF,29/02/24,"Oil, Gas & Consumable Fuels — 3.3%","New Fortress Energy, Inc., Class","24,631","8,65,780",,
ESML,iShares ESG Aware MSCI USA Small-Cap ETF,29/02/24,"Oil, Gas & Consumable Fuels — 3.3%","Par Pacific Holdings, Inc.","21,973","7,93,665",,
ESML,iShares ESG Aware MSCI USA Small-Cap ETF,29/02/24,"Oil, Gas & Consumable Fuels — 3.3%","PBF Energy, Inc., Class","34,590","16,15,353",,
ESML,iShares ESG Aware MSCI USA Small-Cap ETF,29/02/24,"Oil, Gas & Consumable Fuels — 3.3%","Permian Resources Corp., Class","2,19,117","34,09,460",,
ESML,iShares ESG Aware MSCI USA Small-Cap ETF,29/02/24,"Oil, Gas & Consumable Fuels — 3.3%",Range Resources Corp.,"1,25,012","39,52,879",,
ESML,iShares ESG Aware MSCI USA Small-Cap ETF,29/02/24,"Oil, Gas & Consumable Fuels — 3.3%",SM Energy Co.,"24,859","10,88,078",,
ESML,iShares ESG Aware MSCI USA Small-Cap ETF,29/02/24,"Oil, Gas & Consumable Fuels — 3.3%",Southwestern Energy Co.,"5,28,304","36,82,279",,
ESML,iShares ESG Aware MSCI USA Small-Cap ETF,29/02/24,"Oil, Gas & Consumable Fuels — 3.3%","Talos Energy, Inc.","83,004","10,94,823",,
ESML,iShares ESG Aware MSCI USA Small-Cap ETF,29/02/24,"Oil, Gas & Consumable Fuels — 3.3%",Uranium Energy Corp.,"1,24,367","8,05,898",,
ESML,iShares ESG Aware MSCI USA Small-Cap ETF,29/02/24,"Oil, Gas & Consumable Fuels — 3.3%","VAALCO Energy, Inc.","1,77,747","7,92,752",,
ESML,iShares ESG Aware MSCI USA Small-Cap ETF,29/02/24,"Oil, Gas & Consumable Fuels — 3.3%",World Kinect Corp.,"35,890","8,74,280","5,28,25,422",
ESML,iShares ESG Aware MSCI USA Small-Cap ETF,29/02/24,Paper & Forest Products — 0.2%,Louisiana-Pacific Corp.,"27,085","20,03,477",,
ESML,iShares ESG Aware MSCI USA Small-Cap ETF,29/02/24,Paper & Forest Products — 0.2%,Sylvamo Corp.,"13,999","8,45,680","28,49,157",
ESML,iShares ESG Aware MSCI USA Small-Cap ETF,29/02/24,Passenger Airlines — 0.2%,"Alaska Air Group, Inc.","95,905","35,85,888","35,85,888",
ESML,iShares ESG Aware MSCI USA Small-Cap ETF,29/02/24,Personal Care Products — 0.4%,"BellRing Brands, Inc.","28,276","16,10,318",,
ESML,iShares ESG Aware MSCI USA Small-Cap ETF,29/02/24,Personal Care Products — 0.4%,"Coty, Inc., Class","65,730","8,25,569",,
ESML,iShares ESG Aware MSCI USA Small-Cap ETF,29/02/24,Personal Care Products — 0.4%,"elf Beauty, Inc.","15,681","32,69,959","57,05,846",
ESML,iShares ESG Aware MSCI USA Small-Cap ETF,29/02/24,Pharmaceuticals — 1.2%,"Amphastar Pharmaceuticals, Inc.","14,367","6,69,071",,
ESML,iShares ESG Aware MSCI USA Small-Cap ETF,29/02/24,Pharmaceuticals — 1.2%,"Arvinas, Inc.","30,358","13,95,861",,
ESML,iShares ESG Aware MSCI USA Small-Cap ETF,29/02/24,Pharmaceuticals — 1.2%,"Axsome Therapeutics, Inc.","10,373","8,44,155",,
ESML,iShares ESG Aware MSCI USA Small-Cap ETF,29/02/24,Pharmaceuticals — 1.2%,"Cassava Sciences, Inc.","32,933","7,56,800",,
ESML,iShares ESG Aware MSCI USA Small-Cap ETF,29/02/24,Pharmaceuticals — 1.2%,"Cymabay Therapeutics, Inc.","48,476","15,60,442",,
ESML,iShares ESG Aware MSCI USA Small-Cap ETF,29/02/24,Pharmaceuticals — 1.2%,"Edgewise Therapeutics, Inc.","44,911","7,33,397",,
ESML,iShares ESG Aware MSCI USA Small-Cap ETF,29/02/24,Pharmaceuticals — 1.2%,"Elanco Animal Health, Inc.","2,06,287","32,77,900",,
ESML,iShares ESG Aware MSCI USA Small-Cap ETF,29/02/24,Pharmaceuticals — 1.2%,"Harmony Biosciences Holdings, Inc.","23,163","7,43,532",,
ESML,iShares ESG Aware MSCI USA Small-Cap ETF,29/02/24,Pharmaceuticals — 1.2%,"Intra-Cellular Therapies, Inc.","30,599","21,27,243",,
ESML,iShares ESG Aware MSCI USA Small-Cap ETF,29/02/24,Pharmaceuticals — 1.2%,Organon & Co.,"83,808","14,59,097",,
ESML,iShares ESG Aware MSCI USA Small-Cap ETF,29/02/24,Pharmaceuticals — 1.2%,Perrigo Co. PLC,"45,879","12,04,783",,
ESML,iShares ESG Aware MSCI USA Small-Cap ETF,29/02/24,Pharmaceuticals — 1.2%,"Phathom Pharmaceuticals, Inc.","83,714","8,95,740",,
ESML,iShares ESG Aware MSCI USA Small-Cap ETF,29/02/24,Pharmaceuticals — 1.2%,"Phibro Animal Health Corp., Class","65,584","8,48,001",,
ESML,iShares ESG Aware MSCI USA Small-Cap ETF,29/02/24,Pharmaceuticals — 1.2%,"Pliant Therapeutics, Inc.","47,016","7,46,144",,
ESML,iShares ESG Aware MSCI USA Small-Cap ETF,29/02/24,Pharmaceuticals — 1.2%,"Tarsus Pharmaceuticals, Inc.","29,200","11,16,024","1,83,78,190",
ESML,iShares ESG Aware MSCI USA Small-Cap ETF,29/02/24,Professional Services — 2.5%,"ASGN, Inc.","30,233","30,02,742",,
ESML,iShares ESG Aware MSCI USA Small-Cap ETF,29/02/24,Professional Services — 2.5%,"CACI International, Inc., Class","5,801","21,74,505",,
ESML,iShares ESG Aware MSCI USA Small-Cap ETF,29/02/24,Professional Services — 2.5%,"CBIZ, Inc.","11,914","8,99,864",,
ESML,iShares ESG Aware MSCI USA Small-Cap ETF,29/02/24,Professional Services — 2.5%,Clarivate PLC,"1,67,856","12,05,206",,
ESML,iShares ESG Aware MSCI USA Small-Cap ETF,29/02/24,Professional Services — 2.5%,Concentrix Corp.,"17,812","12,90,479",,
ESML,iShares ESG Aware MSCI USA Small-Cap ETF,29/02/24,Professional Services — 2.5%,"CSG Systems International, Inc.","33,199","18,11,337",,
ESML,iShares ESG Aware MSCI USA Small-Cap ETF,29/02/24,Professional Services — 2.5%,"ExlService Holdings, Inc.","86,518","26,92,440",,
ESML,iShares ESG Aware MSCI USA Small-Cap ETF,29/02/24,Professional Services — 2.5%,"Exponent, Inc.","9,975","8,06,878",,
ESML,iShares ESG Aware MSCI USA Small-Cap ETF,29/02/24,Professional Services — 2.5%,First Advantage Corp.,"64,419","10,08,802",,
ESML,iShares ESG Aware MSCI USA Small-Cap ETF,29/02/24,Professional Services — 2.5%,"FTI Consulting, Inc.","17,672","36,55,983",,
ESML,iShares ESG Aware MSCI USA Small-Cap ETF,29/02/24,Professional Services — 2.5%,"ICF International, Inc.","12,713","19,68,608",,
ESML,iShares ESG Aware MSCI USA Small-Cap ETF,29/02/24,Professional Services — 2.5%,"KBR, Inc.","1,09,038","65,45,551",,
ESML,iShares ESG Aware MSCI USA Small-Cap ETF,29/02/24,Professional Services — 2.5%,"Kelly Services, Inc., Class, NVS","57,568","14,12,143",,
ESML,iShares ESG Aware MSCI USA Small-Cap ETF,29/02/24,Professional Services — 2.5%,Korn Ferry,"17,665","11,24,554",,
ESML,iShares ESG Aware MSCI USA Small-Cap ETF,29/02/24,Professional Services — 2.5%,"ManpowerGroup, Inc.","17,230","12,43,317",,
ESML,iShares ESG Aware MSCI USA Small-Cap ETF,29/02/24,Professional Services — 2.5%,Parsons Corp.,"15,116","12,18,501",,
ESML,iShares ESG Aware MSCI USA Small-Cap ETF,29/02/24,Professional Services — 2.5%,"Paycor HCM, Inc.","47,254","9,98,004",,
ESML,iShares ESG Aware MSCI USA Small-Cap ETF,29/02/24,Professional Services — 2.5%,"TriNet Group, Inc.","23,559","30,15,788",,
ESML,iShares ESG Aware MSCI USA Small-Cap ETF,29/02/24,Professional Services — 2.5%,"TrueBlue, Inc.","1,13,541","13,34,107",,
ESML,iShares ESG Aware MSCI USA Small-Cap ETF,29/02/24,Professional Services — 2.5%,"Upwork, Inc.","57,031","7,47,106",,
ESML,iShares ESG Aware MSCI USA Small-Cap ETF,29/02/24,Professional Services — 2.5%,"Verra Mobility Corp., Class","40,158","8,68,216","3,90,24,131",
ESML,iShares ESG Aware MSCI USA Small-Cap ETF,29/02/24,Real Estate Management & Development — 0.7%,"Anywhere Real Estate, Inc.","1,10,698","6,94,077",,
ESML,iShares ESG Aware MSCI USA Small-Cap ETF,29/02/24,Real Estate Management & Development — 0.7%,"Compass, Inc., Class","2,09,434","8,27,264",,
ESML,iShares ESG Aware MSCI USA Small-Cap ETF,29/02/24,Real Estate Management & Development — 0.7%,Cushman & Wakefield PLC,"89,650","8,95,604",,
ESML,iShares ESG Aware MSCI USA Small-Cap ETF,29/02/24,Real Estate Management & Development — 0.7%,"DigitalBridge Group, Inc., Class","39,065","7,17,624",,
ESML,iShares ESG Aware MSCI USA Small-Cap ETF,29/02/24,Real Estate Management & Development — 0.7%,"Howard Hughes Holdings, Inc.","38,435","29,36,434",,
ESML,iShares ESG Aware MSCI USA Small-Cap ETF,29/02/24,Real Estate Management & Development — 0.7%,"Jones Lang LaSalle, Inc.","24,784","47,14,908",,
ESML,iShares ESG Aware MSCI USA Small-Cap ETF,29/02/24,Real Estate Management & Development — 0.7%,"Marcus & Millichap, Inc.","20,490","7,51,778","1,15,37,689",
ESML,iShares ESG Aware MSCI USA Small-Cap ETF,29/02/24,Residential REITs — 0.1%,Elme Communities,"78,993","10,17,430",,
ESML,iShares ESG Aware MSCI USA Small-Cap ETF,29/02/24,Residential REITs — 0.1%,"Veris Residential, Inc.","66,008","9,63,717","19,81,147",
ESML,iShares ESG Aware MSCI USA Small-Cap ETF,29/02/24,Retail REITs — 1.3%,Agree Realty Corp.,"24,702","13,57,375",,
ESML,iShares ESG Aware MSCI USA Small-Cap ETF,29/02/24,Retail REITs — 1.3%,"Brixmor Property Group, Inc.","87,796","19,85,068",,
ESML,iShares ESG Aware MSCI USA Small-Cap ETF,29/02/24,Retail REITs — 1.3%,Federal Realty Investment Trust,"90,386","91,15,428",,
ESML,iShares ESG Aware MSCI USA Small-Cap ETF,29/02/24,Retail REITs — 1.3%,Macerich Co. (The),"89,017","14,60,769",,
ESML,iShares ESG Aware MSCI USA Small-Cap ETF,29/02/24,Retail REITs — 1.3%,"NNN REIT, Inc.","68,047","27,68,832",,
ESML,iShares ESG Aware MSCI USA Small-Cap ETF,29/02/24,Retail REITs — 1.3%,"Phillips Edison & Co., Inc.","38,813","13,86,400",,
ESML,iShares ESG Aware MSCI USA Small-Cap ETF,29/02/24,Retail REITs — 1.3%,SITE Centers Corp.,"1,11,869","15,19,181",,
ESML,iShares ESG Aware MSCI USA Small-Cap ETF,29/02/24,Retail REITs — 1.3%,"Tanger, Inc.","32,043","9,23,159","2,05,16,212",
ESML,iShares ESG Aware MSCI USA Small-Cap ETF,29/02/24,Semiconductors & Semiconductor Equipment — 2.1%,"Cirrus Logic, Inc.","32,889","30,19,868",,
ESML,iShares ESG Aware MSCI USA Small-Cap ETF,29/02/24,Semiconductors & Semiconductor Equipment — 2.1%,"Credo Technology Group Holding, Ltd.","34,932","7,52,435",,
ESML,iShares ESG Aware MSCI USA Small-Cap ETF,29/02/24,Semiconductors & Semiconductor Equipment — 2.1%,"Ichor Holdings, Ltd.","20,622","8,82,622",,
ESML,iShares ESG Aware MSCI USA Small-Cap ETF,29/02/24,Semiconductors & Semiconductor Equipment — 2.1%,"Kulicke & Soffa Industries, Inc.","61,774","29,41,678",,
ESML,iShares ESG Aware MSCI USA Small-Cap ETF,29/02/24,Semiconductors & Semiconductor Equipment — 2.1%,"MKS Instruments, Inc.","26,898","33,01,999",,
ESML,iShares ESG Aware MSCI USA Small-Cap ETF,29/02/24,Semiconductors & Semiconductor Equipment — 2.1%,"Onto Innovation, Inc.","25,312","46,61,458",,
ESML,iShares ESG Aware MSCI USA Small-Cap ETF,29/02/24,Semiconductors & Semiconductor Equipment — 2.1%,"PDF Solutions, Inc.","28,084","9,54,575",,
ESML,iShares ESG Aware MSCI USA Small-Cap ETF,29/02/24,Semiconductors & Semiconductor Equipment — 2.1%,"Power Integrations, Inc.","34,092","24,36,214",,
ESML,iShares ESG Aware MSCI USA Small-Cap ETF,29/02/24,Semiconductors & Semiconductor Equipment — 2.1%,"Rambus, Inc.","52,159","30,89,899",,
ESML,iShares ESG Aware MSCI USA Small-Cap ETF,29/02/24,Semiconductors & Semiconductor Equipment — 2.1%,"Silicon Laboratories, Inc.","15,158","20,84,831",,
ESML,iShares ESG Aware MSCI USA Small-Cap ETF,29/02/24,Semiconductors & Semiconductor Equipment — 2.1%,"SMART Global Holdings, Inc.","38,147","8,11,387",,
ESML,iShares ESG Aware MSCI USA Small-Cap ETF,29/02/24,Semiconductors & Semiconductor Equipment — 2.1%,"SolarEdge Technologies, Inc.","19,936","13,39,101",,
ESML,iShares ESG Aware MSCI USA Small-Cap ETF,29/02/24,Semiconductors & Semiconductor Equipment — 2.1%,"Synaptics, Inc.","8,307","8,31,531",,
ESML,iShares ESG Aware MSCI USA Small-Cap ETF,29/02/24,Semiconductors & Semiconductor Equipment — 2.1%,Universal Display Corp.,"13,231","23,07,751",,
ESML,iShares ESG Aware MSCI USA Small-Cap ETF,29/02/24,Semiconductors & Semiconductor Equipment — 2.1%,"Veeco Instruments, Inc.","69,878","25,30,282",,
ESML,iShares ESG Aware MSCI USA Small-Cap ETF,29/02/24,Semiconductors & Semiconductor Equipment — 2.1%,"Wolfspeed, Inc.","60,894","15,84,462","3,35,30,093",
ESML,iShares ESG Aware MSCI USA Small-Cap ETF,29/02/24,Software — 6.5%,"A10 Networks, Inc.","61,451","8,17,913",,
ESML,iShares ESG Aware MSCI USA Small-Cap ETF,29/02/24,Software — 6.5%,"ACI Worldwide, Inc.","56,303","18,52,932",,
ESML,iShares ESG Aware MSCI USA Small-Cap ETF,29/02/24,Software — 6.5%,"Adeia, Inc.","64,477","7,31,169",,
ESML,iShares ESG Aware MSCI USA Small-Cap ETF,29/02/24,Software — 6.5%,"Agilysys, Inc.","9,951","7,74,188",,
ESML,iShares ESG Aware MSCI USA Small-Cap ETF,29/02/24,Software — 6.5%,"Altair Engineering, Inc., Class","23,788","20,23,883",,
ESML,iShares ESG Aware MSCI USA Small-Cap ETF,29/02/24,Software — 6.5%,"Alteryx, Inc., Class","19,619","9,42,497",,
ESML,iShares ESG Aware MSCI USA Small-Cap ETF,29/02/24,Software — 6.5%,"Appfolio, Inc., Class","8,834","21,38,623",,
ESML,iShares ESG Aware MSCI USA Small-Cap ETF,29/02/24,Software — 6.5%,"Asana, Inc., Class","41,333","8,14,260",,
ESML,iShares ESG Aware MSCI USA Small-Cap ETF,29/02/24,Software — 6.5%,"Aurora Innovation, Inc., Class","2,67,943","6,80,575",,
ESML,iShares ESG Aware MSCI USA Small-Cap ETF,29/02/24,Software — 6.5%,"Avepoint, Inc.","98,259","7,86,072",,
ESML,iShares ESG Aware MSCI USA Small-Cap ETF,29/02/24,Software — 6.5%,"Blackbaud, Inc.","27,367","18,93,249",,
ESML,iShares ESG Aware MSCI USA Small-Cap ETF,29/02/24,Software — 6.5%,"BlackLine, Inc.","27,024","15,33,071",,
ESML,iShares ESG Aware MSCI USA Small-Cap ETF,29/02/24,Software — 6.5%,"Box, Inc., Class","77,032","19,86,655",,
ESML,iShares ESG Aware MSCI USA Small-Cap ETF,29/02/24,Software — 6.5%,"Braze, Inc., Class","19,993","11,37,602",,
ESML,iShares ESG Aware MSCI USA Small-Cap ETF,29/02/24,Software — 6.5%,"C3.ai, Inc., Class","29,858","11,03,850",,
ESML,iShares ESG Aware MSCI USA Small-Cap ETF,29/02/24,Software — 6.5%,"CCC Intelligent Solutions Holdings, Inc.","72,640","8,50,614",,
ESML,iShares ESG Aware MSCI USA Small-Cap ETF,29/02/24,Software — 6.5%,"Cerence, Inc.","50,584","7,53,702",,
ESML,iShares ESG Aware MSCI USA Small-Cap ETF,29/02/24,Software — 6.5%,"Cleanspark, Inc.","48,991","8,19,130",,
ESML,iShares ESG Aware MSCI USA Small-Cap ETF,29/02/24,Software — 6.5%,"CommVault Systems, Inc.","22,529","21,56,251",,
ESML,iShares ESG Aware MSCI USA Small-Cap ETF,29/02/24,Software — 6.5%,Digimarc Corp.,"20,470","7,17,678",,
ESML,iShares ESG Aware MSCI USA Small-Cap ETF,29/02/24,Software — 6.5%,"Dolby Laboratories, Inc., Class","41,788","33,84,828",,
ESML,iShares ESG Aware MSCI USA Small-Cap ETF,29/02/24,Software — 6.5%,"DoubleVerify Holdings, Inc.","70,204","21,68,602",,
ESML,iShares ESG Aware MSCI USA Small-Cap ETF,29/02/24,Software — 6.5%,"E2open Parent Holdings, Inc., Class","2,00,002","8,46,008",,
ESML,iShares ESG Aware MSCI USA Small-Cap ETF,29/02/24,Software — 6.5%,Elastic NV,"33,891","45,34,955",,
ESML,iShares ESG Aware MSCI USA Small-Cap ETF,29/02/24,Software — 6.5%,"Envestnet, Inc.","18,920","9,74,948",,
ESML,iShares ESG Aware MSCI USA Small-Cap ETF,29/02/24,Software — 6.5%,"Five9, Inc.","30,032","18,31,952",,
ESML,iShares ESG Aware MSCI USA Small-Cap ETF,29/02/24,Software — 6.5%,"Freshworks, Inc., Class","51,520","10,53,069",,
ESML,iShares ESG Aware MSCI USA Small-Cap ETF,29/02/24,Software — 6.5%,"Gitlab, Inc., Class","28,376","20,46,477",,
ESML,iShares ESG Aware MSCI USA Small-Cap ETF,29/02/24,Software — 6.5%,"Guidewire Software, Inc.","41,610","49,65,737",,
ESML,iShares ESG Aware MSCI USA Small-Cap ETF,29/02/24,Software — 6.5%,"HashiCorp, Inc., Class","34,425","8,97,460",,
ESML,iShares ESG Aware MSCI USA Small-Cap ETF,29/02/24,Software — 6.5%,"Informatica, Inc., Class","28,395","9,25,109",,
ESML,iShares ESG Aware MSCI USA Small-Cap ETF,29/02/24,Software — 6.5%,"Intapp, Inc.","18,401","7,21,871",,
ESML,iShares ESG Aware MSCI USA Small-Cap ETF,29/02/24,Software — 6.5%,"InterDigital, Inc.","13,908","14,88,434",,
ESML,iShares ESG Aware MSCI USA Small-Cap ETF,29/02/24,Software — 6.5%,Jamf Holding Corp.,"38,970","7,01,070",,
ESML,iShares ESG Aware MSCI USA Small-Cap ETF,29/02/24,Software — 6.5%,JFrog Ltd.,"30,709","13,75,456",,
ESML,iShares ESG Aware MSCI USA Small-Cap ETF,29/02/24,Software — 6.5%,"LiveRamp Holdings, Inc.","30,799","10,77,349",,
ESML,iShares ESG Aware MSCI USA Small-Cap ETF,29/02/24,Software — 6.5%,"Marathon Digital Holdings, Inc.","66,274","17,16,497",,
ESML,iShares ESG Aware MSCI USA Small-Cap ETF,29/02/24,Software — 6.5%,"Matterport, Inc., Class","3,20,721","6,79,929",,
ESML,iShares ESG Aware MSCI USA Small-Cap ETF,29/02/24,Software — 6.5%,"MicroStrategy, Inc., Class","4,952","50,65,104",,
ESML,iShares ESG Aware MSCI USA Small-Cap ETF,29/02/24,Software — 6.5%,"Model N, Inc.","33,452","8,21,581",,
ESML,iShares ESG Aware MSCI USA Small-Cap ETF,29/02/24,Software — 6.5%,"N-able, Inc.","59,364","7,99,633",,
ESML,iShares ESG Aware MSCI USA Small-Cap ETF,29/02/24,Software — 6.5%,NCR Voyix Corp.,"53,455","7,80,978",,
ESML,iShares ESG Aware MSCI USA Small-Cap ETF,29/02/24,Software — 6.5%,"Nutanix, Inc., Class","92,785","58,60,301",,
ESML,iShares ESG Aware MSCI USA Small-Cap ETF,29/02/24,Software — 6.5%,"PagerDuty, Inc.","38,299","9,25,304",,
ESML,iShares ESG Aware MSCI USA Small-Cap ETF,29/02/24,Software — 6.5%,"Pegasystems, Inc.","19,863","12,91,890",,
ESML,iShares ESG Aware MSCI USA Small-Cap ETF,29/02/24,Software — 6.5%,"PowerSchool Holdings, Inc., Class","31,627","6,60,688",,
ESML,iShares ESG Aware MSCI USA Small-Cap ETF,29/02/24,Software — 6.5%,"Procore Technologies, Inc.","35,190","27,45,876",,
ESML,iShares ESG Aware MSCI USA Small-Cap ETF,29/02/24,Software — 6.5%,Progress Software Corp.,"52,369","27,94,410",,
ESML,iShares ESG Aware MSCI USA Small-Cap ETF,29/02/24,Software — 6.5%,"PROS Holdings, Inc.","24,847","8,88,280",,
ESML,iShares ESG Aware MSCI USA Small-Cap ETF,29/02/24,Software — 6.5%,"Q2 Holdings, Inc.","22,493","10,39,851",,
ESML,iShares ESG Aware MSCI USA Small-Cap ETF,29/02/24,Software — 6.5%,"Qualys, Inc.","5,813","9,99,022",,
ESML,iShares ESG Aware MSCI USA Small-Cap ETF,29/02/24,Software — 6.5%,"Rapid7, Inc.","16,529","9,68,269",,
ESML,iShares ESG Aware MSCI USA Small-Cap ETF,29/02/24,Software — 6.5%,"RingCentral, Inc., Class","33,475","11,18,734",,
ESML,iShares ESG Aware MSCI USA Small-Cap ETF,29/02/24,Software — 6.5%,"Riot Platforms, Inc.","47,420","6,69,570",,
ESML,iShares ESG Aware MSCI USA Small-Cap ETF,29/02/24,Software — 6.5%,"SentinelOne, Inc., Class","74,612","21,01,820",,
ESML,iShares ESG Aware MSCI USA Small-Cap ETF,29/02/24,Software — 6.5%,"Smartsheet, Inc., Class","39,915","16,84,812",,
ESML,iShares ESG Aware MSCI USA Small-Cap ETF,29/02/24,Software — 6.5%,"Sprinklr, Inc., Class","61,286","7,98,557",,
ESML,iShares ESG Aware MSCI USA Small-Cap ETF,29/02/24,Software — 6.5%,"Sprout Social, Inc., Class","18,075","11,17,396",,
ESML,iShares ESG Aware MSCI USA Small-Cap ETF,29/02/24,Software — 6.5%,"SPS Commerce, Inc.","16,769","31,04,948",,
ESML,iShares ESG Aware MSCI USA Small-Cap ETF,29/02/24,Software — 6.5%,"Tenable Holdings, Inc.","41,009","19,74,993",,
ESML,iShares ESG Aware MSCI USA Small-Cap ETF,29/02/24,Software — 6.5%,Teradata Corp.,"51,111","19,22,796",,
ESML,iShares ESG Aware MSCI USA Small-Cap ETF,29/02/24,Software — 6.5%,"Varonis Systems, Inc.","27,845","14,14,526",,
ESML,iShares ESG Aware MSCI USA Small-Cap ETF,29/02/24,Software — 6.5%,"Verint Systems, Inc.","41,218","13,02,901",,
ESML,iShares ESG Aware MSCI USA Small-Cap ETF,29/02/24,Software — 6.5%,"Workiva, Inc., Class","31,217","26,88,408",,
ESML,iShares ESG Aware MSCI USA Small-Cap ETF,29/02/24,Software — 6.5%,"Xperi, Inc.","70,628","7,74,083",,
ESML,iShares ESG Aware MSCI USA Small-Cap ETF,29/02/24,Software — 6.5%,"Zuora, Inc., Class","93,643","7,56,635","10,29,75,031",
ESML,iShares ESG Aware MSCI USA Small-Cap ETF,29/02/24,Specialized REITs — 0.6%,CubeSmart,"73,087","31,87,324",,
ESML,iShares ESG Aware MSCI USA Small-Cap ETF,29/02/24,Specialized REITs — 0.6%,EPR Properties,"23,697","9,73,473",,
ESML,iShares ESG Aware MSCI USA Small-Cap ETF,29/02/24,Specialized REITs — 0.6%,"Outfront Media, Inc.","77,936","11,19,940",,
ESML,iShares ESG Aware MSCI USA Small-Cap ETF,29/02/24,Specialized REITs — 0.6%,PotlatchDeltic Corp.,"65,500","29,61,255",,
ESML,iShares ESG Aware MSCI USA Small-Cap ETF,29/02/24,Specialized REITs — 0.6%,"Uniti Group, Inc.","3,35,557","19,66,364","1,02,08,356",
ESML,iShares ESG Aware MSCI USA Small-Cap ETF,29/02/24,Specialty Retail — 3.5%,"Abercrombie & Fitch Co., Class","18,146","23,18,333",,
ESML,iShares ESG Aware MSCI USA Small-Cap ETF,29/02/24,Specialty Retail — 3.5%,"Advance Auto Parts, Inc.","19,805","13,37,630",,
ESML,iShares ESG Aware MSCI USA Small-Cap ETF,29/02/24,Specialty Retail — 3.5%,"American Eagle Outfitters, Inc.","76,956","18,27,705",,
ESML,iShares ESG Aware MSCI USA Small-Cap ETF,29/02/24,Specialty Retail — 3.5%,"America's Car-Mart, Inc.","12,446","8,38,114",,
ESML,iShares ESG Aware MSCI USA Small-Cap ETF,29/02/24,Specialty Retail — 3.5%,"Asbury Automotive Group, Inc.","7,889","16,47,460",,
ESML,iShares ESG Aware MSCI USA Small-Cap ETF,29/02/24,Specialty Retail — 3.5%,"AutoNation, Inc.","10,072","15,08,786",,
ESML,iShares ESG Aware MSCI USA Small-Cap ETF,29/02/24,Specialty Retail — 3.5%,"Beyond, Inc.","30,189","10,12,237",,
ESML,iShares ESG Aware MSCI USA Small-Cap ETF,29/02/24,Specialty Retail — 3.5%,"Boot Barn Holdings, Inc.","8,659","8,00,957",,
ESML,iShares ESG Aware MSCI USA Small-Cap ETF,29/02/24,Specialty Retail — 3.5%,"Caleres, Inc.","22,855","8,82,432",,
ESML,iShares ESG Aware MSCI USA Small-Cap ETF,29/02/24,Specialty Retail — 3.5%,"Carvana Co., Class","31,347","23,80,178",,
ESML,iShares ESG Aware MSCI USA Small-Cap ETF,29/02/24,Specialty Retail — 3.5%,"Five Below, Inc.","20,580","41,29,994",,
ESML,iShares ESG Aware MSCI USA Small-Cap ETF,29/02/24,Specialty Retail — 3.5%,"Floor & Decor Holdings, Inc., Class","34,096","41,29,708",,
ESML,iShares ESG Aware MSCI USA Small-Cap ETF,29/02/24,Specialty Retail — 3.5%,"Foot Locker, Inc.","43,154","14,85,792",,
ESML,iShares ESG Aware MSCI USA Small-Cap ETF,29/02/24,Specialty Retail — 3.5%,"GameStop Corp., Class","85,108","12,14,491",,
ESML,iShares ESG Aware MSCI USA Small-Cap ETF,29/02/24,Specialty Retail — 3.5%,"Gap, Inc. (The)","1,03,805","19,66,067",,
ESML,iShares ESG Aware MSCI USA Small-Cap ETF,29/02/24,Specialty Retail — 3.5%,"Genesco, Inc.","24,289","7,75,305",,
ESML,iShares ESG Aware MSCI USA Small-Cap ETF,29/02/24,Specialty Retail — 3.5%,"Group 1 Automotive, Inc.","10,102","27,34,106",,
ESML,iShares ESG Aware MSCI USA Small-Cap ETF,29/02/24,Specialty Retail — 3.5%,"Hibbett, Inc.","12,987","10,64,285",,
ESML,iShares ESG Aware MSCI USA Small-Cap ETF,29/02/24,Specialty Retail — 3.5%,"Leslie's, Inc.","1,41,387","11,16,957",,
ESML,iShares ESG Aware MSCI USA Small-Cap ETF,29/02/24,Specialty Retail — 3.5%,"Lithia Motors, Inc.","10,693","31,97,849",,
ESML,iShares ESG Aware MSCI USA Small-Cap ETF,29/02/24,Specialty Retail — 3.5%,"MarineMax, Inc.","24,596","8,16,587",,
ESML,iShares ESG Aware MSCI USA Small-Cap ETF,29/02/24,Specialty Retail — 3.5%,"Murphy USA, Inc.","10,808","45,07,044",,
ESML,iShares ESG Aware MSCI USA Small-Cap ETF,29/02/24,Specialty Retail — 3.5%,"National Vision Holdings, Inc.","78,346","18,33,296",,
ESML,iShares ESG Aware MSCI USA Small-Cap ETF,29/02/24,Specialty Retail — 3.5%,ODP Corp. (The),"14,478","8,17,717",,
ESML,iShares ESG Aware MSCI USA Small-Cap ETF,29/02/24,Specialty Retail — 3.5%,"Petco Health & Wellness Co., Inc., Class","2,86,247","7,44,242",,
ESML,iShares ESG Aware MSCI USA Small-Cap ETF,29/02/24,Specialty Retail — 3.5%,RH,"3,714","10,19,122",,
ESML,iShares ESG Aware MSCI USA Small-Cap ETF,29/02/24,Specialty Retail — 3.5%,"Sally Beauty Holdings, Inc.","66,452","8,39,289",,
ESML,iShares ESG Aware MSCI USA Small-Cap ETF,29/02/24,Specialty Retail — 3.5%,Signet Jewelers Ltd.,"18,533","18,85,918",,
ESML,iShares ESG Aware MSCI USA Small-Cap ETF,29/02/24,Specialty Retail — 3.5%,"Upbound Group, Inc.","24,271","8,19,389",,
ESML,iShares ESG Aware MSCI USA Small-Cap ETF,29/02/24,Specialty Retail — 3.5%,"Urban Outfitters, Inc.","18,119","7,52,844",,
ESML,iShares ESG Aware MSCI USA Small-Cap ETF,29/02/24,Specialty Retail — 3.5%,"Valvoline, Inc.","62,153","26,50,204",,
ESML,iShares ESG Aware MSCI USA Small-Cap ETF,29/02/24,Specialty Retail — 3.5%,Victoria's Secret & Co.,"26,570","7,58,839",,
ESML,iShares ESG Aware MSCI USA Small-Cap ETF,29/02/24,Specialty Retail — 3.5%,"Wayfair, Inc., Class","25,177","15,00,549","5,53,13,426",
ESML,iShares ESG Aware MSCI USA Small-Cap ETF,29/02/24,"Technology Hardware, Storage & Peripherals — 0.5%","IonQ, Inc.","72,467","7,50,758",,
ESML,iShares ESG Aware MSCI USA Small-Cap ETF,29/02/24,"Technology Hardware, Storage & Peripherals — 0.5%","Pure Storage, Inc., Class","1,01,485","53,43,185",,
ESML,iShares ESG Aware MSCI USA Small-Cap ETF,29/02/24,"Technology Hardware, Storage & Peripherals — 0.5%",Xerox Holdings Corp.,"73,749","13,75,419","74,69,362",
ESML,iShares ESG Aware MSCI USA Small-Cap ETF,29/02/24,"Textiles, Apparel & Luxury Goods — 1.7%",Capri Holdings Ltd.,"36,384","16,78,394",,
ESML,iShares ESG Aware MSCI USA Small-Cap ETF,29/02/24,"Textiles, Apparel & Luxury Goods — 1.7%","Carter's, Inc.","14,826","12,00,165",,
ESML,iShares ESG Aware MSCI USA Small-Cap ETF,29/02/24,"Textiles, Apparel & Luxury Goods — 1.7%",Columbia Sportswear Co.,"16,705","13,81,336",,
ESML,iShares ESG Aware MSCI USA Small-Cap ETF,29/02/24,"Textiles, Apparel & Luxury Goods — 1.7%","Crocs, Inc.","26,563","32,47,327",,
ESML,iShares ESG Aware MSCI USA Small-Cap ETF,29/02/24,"Textiles, Apparel & Luxury Goods — 1.7%","Hanesbrands, Inc.","1,83,478","9,90,781",,
ESML,iShares ESG Aware MSCI USA Small-Cap ETF,29/02/24,"Textiles, Apparel & Luxury Goods — 1.7%","Kontoor Brands, Inc.","24,091","14,24,019",,
ESML,iShares ESG Aware MSCI USA Small-Cap ETF,29/02/24,"Textiles, Apparel & Luxury Goods — 1.7%","Levi Strauss & Co., Class","51,848","9,42,078",,
ESML,iShares ESG Aware MSCI USA Small-Cap ETF,29/02/24,"Textiles, Apparel & Luxury Goods — 1.7%","Movado Group, Inc.","39,323","11,28,963",,
ESML,iShares ESG Aware MSCI USA Small-Cap ETF,29/02/24,"Textiles, Apparel & Luxury Goods — 1.7%",PVH Corp.,"29,307","40,05,388",,
ESML,iShares ESG Aware MSCI USA Small-Cap ETF,29/02/24,"Textiles, Apparel & Luxury Goods — 1.7%","Ralph Lauren Corp., Class","6,571","12,21,680",,
ESML,iShares ESG Aware MSCI USA Small-Cap ETF,29/02/24,"Textiles, Apparel & Luxury Goods — 1.7%","Steven Madden, Ltd.","44,435","19,02,707",,
ESML,iShares ESG Aware MSCI USA Small-Cap ETF,29/02/24,"Textiles, Apparel & Luxury Goods — 1.7%","Tapestry, Inc.","83,047","39,47,224",,
ESML,iShares ESG Aware MSCI USA Small-Cap ETF,29/02/24,"Textiles, Apparel & Luxury Goods — 1.7%","Under Armour, Inc., Class","96,278","8,62,651",,
ESML,iShares ESG Aware MSCI USA Small-Cap ETF,29/02/24,"Textiles, Apparel & Luxury Goods — 1.7%",VF Corp.,"1,63,960","26,79,106","2,66,11,819",
ESML,iShares ESG Aware MSCI USA Small-Cap ETF,29/02/24,Trading Companies & Distributors — 1.8%,"Air Lease Corp., Class","36,253","14,53,745",,
ESML,iShares ESG Aware MSCI USA Small-Cap ETF,29/02/24,Trading Companies & Distributors — 1.8%,"Applied Industrial Technologies, Inc.","6,677","12,67,896",,
ESML,iShares ESG Aware MSCI USA Small-Cap ETF,29/02/24,Trading Companies & Distributors — 1.8%,"Beacon Roofing Supply, Inc.","22,707","19,50,304",,
ESML,iShares ESG Aware MSCI USA Small-Cap ETF,29/02/24,Trading Companies & Distributors — 1.8%,Boise Cascade Co.,"22,695","30,84,477",,
ESML,iShares ESG Aware MSCI USA Small-Cap ETF,29/02/24,Trading Companies & Distributors — 1.8%,"Core & Main, Inc., Class","64,483","30,77,774",,
ESML,iShares ESG Aware MSCI USA Small-Cap ETF,29/02/24,Trading Companies & Distributors — 1.8%,"DNOW, Inc.","64,654","9,14,854",,
ESML,iShares ESG Aware MSCI USA Small-Cap ETF,29/02/24,Trading Companies & Distributors — 1.8%,"FTAI Aviation, Ltd.","18,134","10,20,763",,
ESML,iShares ESG Aware MSCI USA Small-Cap ETF,29/02/24,Trading Companies & Distributors — 1.8%,GATX Corp.,"20,762","26,33,452",,
ESML,iShares ESG Aware MSCI USA Small-Cap ETF,29/02/24,Trading Companies & Distributors — 1.8%,"Herc Holdings, Inc.","11,135","17,66,902",,
ESML,iShares ESG Aware MSCI USA Small-Cap ETF,29/02/24,Trading Companies & Distributors — 1.8%,McGrath RentCorp,"10,203","12,70,069",,
ESML,iShares ESG Aware MSCI USA Small-Cap ETF,29/02/24,Trading Companies & Distributors — 1.8%,"MRC Global, Inc.","65,697","7,57,486",,
ESML,iShares ESG Aware MSCI USA Small-Cap ETF,29/02/24,Trading Companies & Distributors — 1.8%,"Rush Enterprises, Inc., Class","16,140","7,86,018",,
ESML,iShares ESG Aware MSCI USA Small-Cap ETF,29/02/24,Trading Companies & Distributors — 1.8%,"Rush Enterprises, Inc., Class","18,548","9,35,376",,
ESML,iShares ESG Aware MSCI USA Small-Cap ETF,29/02/24,Trading Companies & Distributors — 1.8%,"SiteOne Landscape Supply, Inc.","24,464","41,21,695",,
ESML,iShares ESG Aware MSCI USA Small-Cap ETF,29/02/24,Trading Companies & Distributors — 1.8%,"WESCO International, Inc.","19,978","29,86,511","2,80,27,322",
ESML,iShares ESG Aware MSCI USA Small-Cap ETF,29/02/24,Water Utilities — 0.2%,American States Water Co.,"27,304","19,49,778",,
ESML,iShares ESG Aware MSCI USA Small-Cap ETF,29/02/24,Water Utilities — 0.2%,SJW Group,"29,813","16,41,504","35,91,282",
ESML,iShares ESG Aware MSCI USA Small-Cap ETF,29/02/24,Wireless Telecommunication Services — 0.1%,"Gogo, Inc.","81,080","6,61,613",,
ESML,iShares ESG Aware MSCI USA Small-Cap ETF,29/02/24,Wireless Telecommunication Services — 0.1%,"Telephone and Data Systems, Inc.","55,588","8,50,496",,
ESML,iShares ESG Aware MSCI USA Small-Cap ETF,29/02/24,Wireless Telecommunication Services — 0.1%,United States Cellular Corp.,"22,547","7,86,665","22,98,774",1573188115
ESML,iShares ESG Aware MSCI USA Small-Cap ETF,29/02/24,BIOTECHNOLOGY — 0.0% (Rights),"Chinook Therapeutics, Inc., CVR (Expires 01/01/26)(c)","30,052","13,223","13,223","13,223"
ESML,iShares ESG Aware MSCI USA Small-Cap ETF,29/02/24,MONEY MARKET FUNDS — 6.7%,"BlackRock Cash Funds: Institutional, SL Agency Shares, 5.50%(d)(f)","10,04,80,571","10,05,30,811",,
ESML,iShares ESG Aware MSCI USA Small-Cap ETF,29/02/24,MONEY MARKET FUNDS — 6.7%,"BlackRock Cash Funds: Treasury, SL Agency Shares, 5.30%(d)(e)","43,75,857","43,75,857","10,49,06,668","10,49,06,668"