etf_ticker,etf_name,date,sector,security,shares,value,total_value,total_overall_value
ESML,iShares ESG MSCI USA Small-Cap ETF,"August 31, 2019",Aerospace & Defense — 2.0%,Aerovironment Inc. (a),551,28393,,
ESML,iShares ESG MSCI USA Small-Cap ETF,"August 31, 2019",Aerospace & Defense — 2.0%,Astronics Corp. (a),1069,29408,,
ESML,iShares ESG MSCI USA Small-Cap ETF,"August 31, 2019",Aerospace & Defense — 2.0%,Axon Enterprise Inc. (a),1160,69565,,
ESML,iShares ESG MSCI USA Small-Cap ETF,"August 31, 2019",Aerospace & Defense — 2.0%,BWX Technologies Inc.,4093,242306,,
ESML,iShares ESG MSCI USA Small-Cap ETF,"August 31, 2019",Aerospace & Defense — 2.0%,Cubic Corp.,972,67331,,
ESML,iShares ESG MSCI USA Small-Cap ETF,"August 31, 2019",Aerospace & Defense — 2.0%,Curtiss-Wright Corp.,769,94310,,
ESML,iShares ESG MSCI USA Small-Cap ETF,"August 31, 2019",Aerospace & Defense — 2.0%,Hexcel Corp.,2576,216770,,
ESML,iShares ESG MSCI USA Small-Cap ETF,"August 31, 2019",Aerospace & Defense — 2.0%,Kratos Defense & Security Solutions Inc. (a),1775,35447,,
ESML,iShares ESG MSCI USA Small-Cap ETF,"August 31, 2019",Aerospace & Defense — 2.0%,Mercury Systems Inc. (a)(b),981,84003,,
ESML,iShares ESG MSCI USA Small-Cap ETF,"August 31, 2019",Aerospace & Defense — 2.0%,"Moog Inc., Class A",1052,85475,,
ESML,iShares ESG MSCI USA Small-Cap ETF,"August 31, 2019",Aerospace & Defense — 2.0%,Teledyne Technologies Inc. (a),592,182685,,
ESML,iShares ESG MSCI USA Small-Cap ETF,"August 31, 2019",Aerospace & Defense — 2.0%,Wesco Aircraft Holdings Inc. (a),3924,43164,1178857,
ESML,iShares ESG MSCI USA Small-Cap ETF,"August 31, 2019",Air Freight & Logistics — 0.2%,Echo Global Logistics Inc. (a),2549,51082,,
ESML,iShares ESG MSCI USA Small-Cap ETF,"August 31, 2019",Air Freight & Logistics — 0.2%,"Hub Group Inc., Class A (a)",1136,48916,99998,
ESML,iShares ESG MSCI USA Small-Cap ETF,"August 31, 2019",Auto Components — 1.0%,American Axle & Manufacturing Holdings Inc. (a),4024,25512,,
ESML,iShares ESG MSCI USA Small-Cap ETF,"August 31, 2019",Auto Components — 1.0%,Cooper Tire & Rubber Co.,1205,28306,,
ESML,iShares ESG MSCI USA Small-Cap ETF,"August 31, 2019",Auto Components — 1.0%,Cooper-Standard Holdings Inc. (a),896,33546,,
ESML,iShares ESG MSCI USA Small-Cap ETF,"August 31, 2019",Auto Components — 1.0%,Dana Inc.,2280,29024,,
ESML,iShares ESG MSCI USA Small-Cap ETF,"August 31, 2019",Auto Components — 1.0%,Dorman Products Inc. (a),527,37459,,
ESML,iShares ESG MSCI USA Small-Cap ETF,"August 31, 2019",Auto Components — 1.0%,Fox Factory Holding Corp. (a),670,48267,,
ESML,iShares ESG MSCI USA Small-Cap ETF,"August 31, 2019",Auto Components — 1.0%,Gentex Corp.,3178,84535,,
ESML,iShares ESG MSCI USA Small-Cap ETF,"August 31, 2019",Auto Components — 1.0%,Gentherm Inc. (a),1470,53949,,
ESML,iShares ESG MSCI USA Small-Cap ETF,"August 31, 2019",Auto Components — 1.0%,Goodyear Tire & Rubber Co. (The),3521,40386,,
ESML,iShares ESG MSCI USA Small-Cap ETF,"August 31, 2019",Auto Components — 1.0%,LCI Industries,356,30171,,
ESML,iShares ESG MSCI USA Small-Cap ETF,"August 31, 2019",Auto Components — 1.0%,Modine Manufacturing Co. (a),3281,33499,,
ESML,iShares ESG MSCI USA Small-Cap ETF,"August 31, 2019",Auto Components — 1.0%,"Tenneco Inc., Class A",4118,35909,,
ESML,iShares ESG MSCI USA Small-Cap ETF,"August 31, 2019",Auto Components — 1.0%,Veoneer Inc. (a)(b),1894,27785,,
ESML,iShares ESG MSCI USA Small-Cap ETF,"August 31, 2019",Auto Components — 1.0%,Visteon Corp. (a),672,46348,554696,
ESML,iShares ESG MSCI USA Small-Cap ETF,"August 31, 2019",Automobiles — 0.1%,Thor Industries Inc.,723,33193,,
ESML,iShares ESG MSCI USA Small-Cap ETF,"August 31, 2019",Automobiles — 0.1%,Winnebago Industries Inc.,889,28466,61659,
ESML,iShares ESG MSCI USA Small-Cap ETF,"August 31, 2019",Banks — 7.5%,"Amalgamated Bank, Class A",1883,30222,,
ESML,iShares ESG MSCI USA Small-Cap ETF,"August 31, 2019",Banks — 7.5%,Ameris Bancorp,1246,43847,,
ESML,iShares ESG MSCI USA Small-Cap ETF,"August 31, 2019",Banks — 7.5%,Atlantic Union Bankshares Corp.,1014,36616,,
ESML,iShares ESG MSCI USA Small-Cap ETF,"August 31, 2019",Banks — 7.5%,BancFirst Corp.,928,49899,,
ESML,iShares ESG MSCI USA Small-Cap ETF,"August 31, 2019",Banks — 7.5%,BancorpSouth Bank,3282,90550,,
ESML,iShares ESG MSCI USA Small-Cap ETF,"August 31, 2019",Banks — 7.5%,Bank of Hawaii Corp.,3243,268131,,
ESML,iShares ESG MSCI USA Small-Cap ETF,"August 31, 2019",Banks — 7.5%,Bank OZK,2851,73556,,
ESML,iShares ESG MSCI USA Small-Cap ETF,"August 31, 2019",Banks — 7.5%,BankUnited Inc.,1971,62599,,
ESML,iShares ESG MSCI USA Small-Cap ETF,"August 31, 2019",Banks — 7.5%,Banner Corp.,715,38546,,
ESML,iShares ESG MSCI USA Small-Cap ETF,"August 31, 2019",Banks — 7.5%,BOK Financial Corp.,874,66546,,
ESML,iShares ESG MSCI USA Small-Cap ETF,"August 31, 2019",Banks — 7.5%,Bridge Bancorp. Inc.,1032,27771,,
ESML,iShares ESG MSCI USA Small-Cap ETF,"August 31, 2019",Banks — 7.5%,Cadence BanCorp,3065,47109,,
ESML,iShares ESG MSCI USA Small-Cap ETF,"August 31, 2019",Banks — 7.5%,CBTX Inc.,1136,30592,,
ESML,iShares ESG MSCI USA Small-Cap ETF,"August 31, 2019",Banks — 7.5%,Columbia Banking System Inc.,2251,77682,,
ESML,iShares ESG MSCI USA Small-Cap ETF,"August 31, 2019",Banks — 7.5%,Community Trust Bancorp. Inc.,732,28475,,
ESML,iShares ESG MSCI USA Small-Cap ETF,"August 31, 2019",Banks — 7.5%,Cullen/Frost Bankers Inc.,3166,262810,,
ESML,iShares ESG MSCI USA Small-Cap ETF,"August 31, 2019",Banks — 7.5%,CVB Financial Corp.,2940,60476,,
ESML,iShares ESG MSCI USA Small-Cap ETF,"August 31, 2019",Banks — 7.5%,"Equity Bancshares Inc., Class A (a)(b)",1309,33118,,
ESML,iShares ESG MSCI USA Small-Cap ETF,"August 31, 2019",Banks — 7.5%,First Financial Bancorp,3759,88036,,
ESML,iShares ESG MSCI USA Small-Cap ETF,"August 31, 2019",Banks — 7.5%,First Financial Bankshares Inc.,2425,74253,,
ESML,iShares ESG MSCI USA Small-Cap ETF,"August 31, 2019",Banks — 7.5%,First Hawaiian Inc.,1628,41840,,
ESML,iShares ESG MSCI USA Small-Cap ETF,"August 31, 2019",Banks — 7.5%,"First Interstate BancSystem Inc., Class A",1924,75036,,
ESML,iShares ESG MSCI USA Small-Cap ETF,"August 31, 2019",Banks — 7.5%,FNB Corp.,3577,38453,,
ESML,iShares ESG MSCI USA Small-Cap ETF,"August 31, 2019",Banks — 7.5%,Fulton Financial Corp.,10004,159564,,
ESML,iShares ESG MSCI USA Small-Cap ETF,"August 31, 2019",Banks — 7.5%,Glacier Bancorp. Inc.,2627,104266,,
ESML,iShares ESG MSCI USA Small-Cap ETF,"August 31, 2019",Banks — 7.5%,Great Western Bancorp. Inc.,2788,83166,,
ESML,iShares ESG MSCI USA Small-Cap ETF,"August 31, 2019",Banks — 7.5%,Hancock Whitney Corp.,1456,51120,,
ESML,iShares ESG MSCI USA Small-Cap ETF,"August 31, 2019",Banks — 7.5%,Heartland Financial USA Inc.,1278,55887,,
ESML,iShares ESG MSCI USA Small-Cap ETF,"August 31, 2019",Banks — 7.5%,Heritage Financial Corp./WA,1376,36024,,
ESML,iShares ESG MSCI USA Small-Cap ETF,"August 31, 2019",Banks — 7.5%,Home Trust Bancshares Inc.,1947,49103,,
ESML,iShares ESG MSCI USA Small-Cap ETF,"August 31, 2019",Banks — 7.5%,Hope Bancorp Inc.,2111,28308,,
ESML,iShares ESG MSCI USA Small-Cap ETF,"August 31, 2019",Banks — 7.5%,Independent Bank Corp.,413,27923,,
ESML,iShares ESG MSCI USA Small-Cap ETF,"August 31, 2019",Banks — 7.5%,International Bancshares Corp.,4603,163821,,
ESML,iShares ESG MSCI USA Small-Cap ETF,"August 31, 2019",Banks — 7.5%,Investors Bancorp. Inc.,7491,83150,,
ESML,iShares ESG MSCI USA Small-Cap ETF,"August 31, 2019",Banks — 7.5%,LegacyTexas Financial Group Inc.,1320,53328,,
ESML,iShares ESG MSCI USA Small-Cap ETF,"August 31, 2019",Banks — 7.5%,Live Oak Bancshares Inc.,1955,35073,,
ESML,iShares ESG MSCI USA Small-Cap ETF,"August 31, 2019",Banks — 7.5%,"National Bank Holdings Corp., Class A",1058,34533,,
ESML,iShares ESG MSCI USA Small-Cap ETF,"August 31, 2019",Banks — 7.5%,Old Line Bancshares Inc.,2381,62906,,
ESML,iShares ESG MSCI USA Small-Cap ETF,"August 31, 2019",Banks — 7.5%,Opus Bank,3202,66473,,
ESML,iShares ESG MSCI USA Small-Cap ETF,"August 31, 2019",Banks — 7.5%,Pinnacle Financial Partners Inc.,1792,94385,,
ESML,iShares ESG MSCI USA Small-Cap ETF,"August 31, 2019",Banks — 7.5%,Popular Inc.,1839,96676,,
ESML,iShares ESG MSCI USA Small-Cap ETF,"August 31, 2019",Banks — 7.5%,QCR Holdings Inc.,1434,50635,,
ESML,iShares ESG MSCI USA Small-Cap ETF,"August 31, 2019",Banks — 7.5%,ServisFirst Bancshares Inc.,1023,31099,,
ESML,iShares ESG MSCI USA Small-Cap ETF,"August 31, 2019",Banks — 7.5%,"Simmons First National Corp., Class A",2623,62952,,
ESML,iShares ESG MSCI USA Small-Cap ETF,"August 31, 2019",Banks — 7.5%,South State Corp.,998,73433,,
ESML,iShares ESG MSCI USA Small-Cap ETF,"August 31, 2019",Banks — 7.5%,Sterling Bancorp./DE,2347,44757,,
ESML,iShares ESG MSCI USA Small-Cap ETF,"August 31, 2019",Banks — 7.5%,Stock Yards Bancorp. Inc.,1440,52272,,
ESML,iShares ESG MSCI USA Small-Cap ETF,"August 31, 2019",Banks — 7.5%,Synovus Financial Corp.,869,30884,,
ESML,iShares ESG MSCI USA Small-Cap ETF,"August 31, 2019",Banks — 7.5%,"TCF Financial Corp., New",2768,106734,,
ESML,iShares ESG MSCI USA Small-Cap ETF,"August 31, 2019",Banks — 7.5%,Texas Capital Bancshares Inc. (a),1558,83945,,
ESML,iShares ESG MSCI USA Small-Cap ETF,"August 31, 2019",Banks — 7.5%,TriState Capital Holdings Inc. (a),1464,28914,,
ESML,iShares ESG MSCI USA Small-Cap ETF,"August 31, 2019",Banks — 7.5%,Triumph Bancorp. Inc. (a),1005,30140,,
ESML,iShares ESG MSCI USA Small-Cap ETF,"August 31, 2019",Banks — 7.5%,Trustmark Corp.,1444,47190,,
ESML,iShares ESG MSCI USA Small-Cap ETF,"August 31, 2019",Banks — 7.5%,UMB Financial Corp.,2118,131994,,
ESML,iShares ESG MSCI USA Small-Cap ETF,"August 31, 2019",Banks — 7.5%,Umpqua Holdings Corp.,6374,100135,,
ESML,iShares ESG MSCI USA Small-Cap ETF,"August 31, 2019",Banks — 7.5%,United Bankshares Inc./WV,2196,80988,,
ESML,iShares ESG MSCI USA Small-Cap ETF,"August 31, 2019",Banks — 7.5%,Webster Financial Corp.,3567,159659,,
ESML,iShares ESG MSCI USA Small-Cap ETF,"August 31, 2019",Banks — 7.5%,WesBanco Inc.,1003,34323,,
ESML,iShares ESG MSCI USA Small-Cap ETF,"August 31, 2019",Banks — 7.5%,Westamerica Bancorp,613,37767,,
ESML,iShares ESG MSCI USA Small-Cap ETF,"August 31, 2019",Banks — 7.5%,Western Alliance Bancorp,2977,129261,,
ESML,iShares ESG MSCI USA Small-Cap ETF,"August 31, 2019",Banks — 7.5%,Wintrust Financial Corp.,1405,88276,4337227,
ESML,iShares ESG MSCI USA Small-Cap ETF,"August 31, 2019",Beverages — 0.1%,"Boston Beer Co. Inc. (The), Class A, NVS (a)",102,44719,,
ESML,iShares ESG MSCI USA Small-Cap ETF,"August 31, 2019",Beverages — 0.1%,Coca-Cola Consolidated Inc.,79,26592,71311,
ESML,iShares ESG MSCI USA Small-Cap ETF,"August 31, 2019",Biotechnology — 4.6%,ACADIA Pharmaceuticals Inc. (a)(b),2587,71556,,
ESML,iShares ESG MSCI USA Small-Cap ETF,"August 31, 2019",Biotechnology — 4.6%,Acceleron Pharma Inc. (a),714,32066,,
ESML,iShares ESG MSCI USA Small-Cap ETF,"August 31, 2019",Biotechnology — 4.6%,Achillion Pharmaceuticals Inc. (a),5987,26043,,
ESML,iShares ESG MSCI USA Small-Cap ETF,"August 31, 2019",Biotechnology — 4.6%,Agios Pharmaceuticals Inc. (a)(b),1173,44515,,
ESML,iShares ESG MSCI USA Small-Cap ETF,"August 31, 2019",Biotechnology — 4.6%,Akcea Therapeutics Inc. (a)(b),1381,29084,,
ESML,iShares ESG MSCI USA Small-Cap ETF,"August 31, 2019",Biotechnology — 4.6%,Alder Biopharmaceuticals Inc. (a)(b),3054,27333,,
ESML,iShares ESG MSCI USA Small-Cap ETF,"August 31, 2019",Biotechnology — 4.6%,Allakos Inc. (a),415,36711,,
ESML,iShares ESG MSCI USA Small-Cap ETF,"August 31, 2019",Biotechnology — 4.6%,Amicus Therapeutics Inc. (a),3838,37958,,
ESML,iShares ESG MSCI USA Small-Cap ETF,"August 31, 2019",Biotechnology — 4.6%,AnaptysBio Inc. (a),566,23008,,
ESML,iShares ESG MSCI USA Small-Cap ETF,"August 31, 2019",Biotechnology — 4.6%,Arena Pharmaceuticals Inc. (a),576,30465,,
ESML,iShares ESG MSCI USA Small-Cap ETF,"August 31, 2019",Biotechnology — 4.6%,Arrowhead Pharmaceuticals Inc. (a)(b),1238,42302,,
ESML,iShares ESG MSCI USA Small-Cap ETF,"August 31, 2019",Biotechnology — 4.6%,Assembly Biosciences Inc. (a)(b),2300,26013,,
ESML,iShares ESG MSCI USA Small-Cap ETF,"August 31, 2019",Biotechnology — 4.6%,Atara Biotherapeutics Inc. (a)(b),2116,28566,,
ESML,iShares ESG MSCI USA Small-Cap ETF,"August 31, 2019",Biotechnology — 4.6%,Audentes Therapeutics Inc. (a),857,26653,,
ESML,iShares ESG MSCI USA Small-Cap ETF,"August 31, 2019",Biotechnology — 4.6%,Biohaven Pharmaceutical Holding Co. Ltd. (a),753,29510,,
ESML,iShares ESG MSCI USA Small-Cap ETF,"August 31, 2019",Biotechnology — 4.6%,Bluebird Bio Inc. (a)(b),1063,109819,,
ESML,iShares ESG MSCI USA Small-Cap ETF,"August 31, 2019",Biotechnology — 4.6%,Blueprint Medicines Corp. (a),732,56122,,
ESML,iShares ESG MSCI USA Small-Cap ETF,"August 31, 2019",Biotechnology — 4.6%,Coherus Biosciences Inc. (a)(b),1525,33840,,
ESML,iShares ESG MSCI USA Small-Cap ETF,"August 31, 2019",Biotechnology — 4.6%,Denali Therapeutics Inc. (a)(b),1602,28836,,
ESML,iShares ESG MSCI USA Small-Cap ETF,"August 31, 2019",Biotechnology — 4.6%,Dicerna Pharmaceuticals Inc. (a),1937,26924,,
ESML,iShares ESG MSCI USA Small-Cap ETF,"August 31, 2019",Biotechnology — 4.6%,Eagle Pharmaceuticals Inc./DE (a),544,30676,,
ESML,iShares ESG MSCI USA Small-Cap ETF,"August 31, 2019",Biotechnology — 4.6%,Enanta Pharmaceuticals Inc. (a),401,28291,,
ESML,iShares ESG MSCI USA Small-Cap ETF,"August 31, 2019",Biotechnology — 4.6%,Epizyme Inc. (a),2201,28547,,
ESML,iShares ESG MSCI USA Small-Cap ETF,"August 31, 2019",Biotechnology — 4.6%,Esperion Therapeutics Inc. (a)(b),758,27773,,
ESML,iShares ESG MSCI USA Small-Cap ETF,"August 31, 2019",Biotechnology — 4.6%,Exelixis Inc. (a),4567,90655,,
ESML,iShares ESG MSCI USA Small-Cap ETF,"August 31, 2019",Biotechnology — 4.6%,Fate Therapeutics Inc. (a),1605,26194,,
ESML,iShares ESG MSCI USA Small-Cap ETF,"August 31, 2019",Biotechnology — 4.6%,FibroGen Inc. (a),1647,73555,,
ESML,iShares ESG MSCI USA Small-Cap ETF,"August 31, 2019",Biotechnology — 4.6%,Flexion Therapeutics Inc. (a)(b),2632,34663,,
ESML,iShares ESG MSCI USA Small-Cap ETF,"August 31, 2019",Biotechnology — 4.6%,G1 Therapeutics Inc. (a),755,27407,,
ESML,iShares ESG MSCI USA Small-Cap ETF,"August 31, 2019",Biotechnology — 4.6%,Global Blood Therapeutics Inc. (a)(b),1103,50716,,
ESML,iShares ESG MSCI USA Small-Cap ETF,"August 31, 2019",Biotechnology — 4.6%,Halozyme Therapeutics Inc. (a),2771,45777,,
ESML,iShares ESG MSCI USA Small-Cap ETF,"August 31, 2019",Biotechnology — 4.6%,Heron Therapeutics Inc. (a),1671,30947,,
ESML,iShares ESG MSCI USA Small-Cap ETF,"August 31, 2019",Biotechnology — 4.6%,Immunomedics Inc. (a)(b),3209,41075,,
ESML,iShares ESG MSCI USA Small-Cap ETF,"August 31, 2019",Biotechnology — 4.6%,Insmed Inc. (a)(b),1857,30529,,
ESML,iShares ESG MSCI USA Small-Cap ETF,"August 31, 2019",Biotechnology — 4.6%,Intercept Pharmaceuticals Inc. (a)(b),467,29972,,
ESML,iShares ESG MSCI USA Small-Cap ETF,"August 31, 2019",Biotechnology — 4.6%,Invitae Corp. (a),1149,27875,,
ESML,iShares ESG MSCI USA Small-Cap ETF,"August 31, 2019",Biotechnology — 4.6%,Iovance Biotherapeutics Inc. (a),1948,40927,,
ESML,iShares ESG MSCI USA Small-Cap ETF,"August 31, 2019",Biotechnology — 4.6%,Ironwood Pharmaceuticals Inc. (a),3149,29317,,
ESML,iShares ESG MSCI USA Small-Cap ETF,"August 31, 2019",Biotechnology — 4.6%,Ligand Pharmaceuticals Inc. (a),426,38728,,
ESML,iShares ESG MSCI USA Small-Cap ETF,"August 31, 2019",Biotechnology — 4.6%,MacroGenics Inc. (a),1950,27963,,
ESML,iShares ESG MSCI USA Small-Cap ETF,"August 31, 2019",Biotechnology — 4.6%,Medicines Co. (The) (a),1692,70996,,
ESML,iShares ESG MSCI USA Small-Cap ETF,"August 31, 2019",Biotechnology — 4.6%,Mirati Therapeutics Inc. (a),526,43116,,
ESML,iShares ESG MSCI USA Small-Cap ETF,"August 31, 2019",Biotechnology — 4.6%,Momenta Pharmaceuticals Inc. (a)(b),2393,30224,,
ESML,iShares ESG MSCI USA Small-Cap ETF,"August 31, 2019",Biotechnology — 4.6%,Myriad Genetics Inc. (a),1217,28636,,
ESML,iShares ESG MSCI USA Small-Cap ETF,"August 31, 2019",Biotechnology — 4.6%,Natera Inc. (a),1018,33543,,
ESML,iShares ESG MSCI USA Small-Cap ETF,"August 31, 2019",Biotechnology — 4.6%,Neurocrine Biosciences Inc. (a),1543,153405,,
ESML,iShares ESG MSCI USA Small-Cap ETF,"August 31, 2019",Biotechnology — 4.6%,OPKO Health Inc. (a),15028,27652,,
ESML,iShares ESG MSCI USA Small-Cap ETF,"August 31, 2019",Biotechnology — 4.6%,Portola Pharmaceuticals Inc. (a),968,28130,,
ESML,iShares ESG MSCI USA Small-Cap ETF,"August 31, 2019",Biotechnology — 4.6%,Progenics Pharmaceuticals Inc. (a),7837,34483,,
ESML,iShares ESG MSCI USA Small-Cap ETF,"August 31, 2019",Biotechnology — 4.6%,PTC Therapeutics Inc. (a),931,41495,,
ESML,iShares ESG MSCI USA Small-Cap ETF,"August 31, 2019",Biotechnology — 4.6%,Radius Health Inc. (a),1251,35403,,
ESML,iShares ESG MSCI USA Small-Cap ETF,"August 31, 2019",Biotechnology — 4.6%,REGENXBIO Inc. (a),795,27420,,
ESML,iShares ESG MSCI USA Small-Cap ETF,"August 31, 2019",Biotechnology — 4.6%,Repligen Corp. (a),1085,100699,,
ESML,iShares ESG MSCI USA Small-Cap ETF,"August 31, 2019",Biotechnology — 4.6%,Sage Therapeutics Inc. (a),928,159310,,
ESML,iShares ESG MSCI USA Small-Cap ETF,"August 31, 2019",Biotechnology — 4.6%,Sangamo Therapeutics Inc. (a),2590,28231,,
ESML,iShares ESG MSCI USA Small-Cap ETF,"August 31, 2019",Biotechnology — 4.6%,Spark Therapeutics Inc. (a),913,88935,,
ESML,iShares ESG MSCI USA Small-Cap ETF,"August 31, 2019",Biotechnology — 4.6%,Ultragenyx Pharmaceutical Inc. (a),1371,74678,,
ESML,iShares ESG MSCI USA Small-Cap ETF,"August 31, 2019",Biotechnology — 4.6%,uniQure NV (a),613,33255,,
ESML,iShares ESG MSCI USA Small-Cap ETF,"August 31, 2019",Biotechnology — 4.6%,United Therapeutics Corp. (a),391,32281,,
ESML,iShares ESG MSCI USA Small-Cap ETF,"August 31, 2019",Biotechnology — 4.6%,Xencor Inc. (a),807,30085,,
ESML,iShares ESG MSCI USA Small-Cap ETF,"August 31, 2019",Biotechnology — 4.6%,ZIOPHARM Oncology Inc. (a)(b),5591,27899,2658787,
ESML,iShares ESG MSCI USA Small-Cap ETF,"August 31, 2019",Building Products — 0.7%,AAON Inc.,1126,54014,,
ESML,iShares ESG MSCI USA Small-Cap ETF,"August 31, 2019",Building Products — 0.7%,Advanced Drainage Systems Inc.,1874,58825,,
ESML,iShares ESG MSCI USA Small-Cap ETF,"August 31, 2019",Building Products — 0.7%,Armstrong World Industries Inc.,1396,133276,,
ESML,iShares ESG MSCI USA Small-Cap ETF,"August 31, 2019",Building Products — 0.7%,Builders FirstSource Inc. (a),3230,62824,,
ESML,iShares ESG MSCI USA Small-Cap ETF,"August 31, 2019",Building Products — 0.7%,Resideo Technologies Inc. (a),2776,38253,,
ESML,iShares ESG MSCI USA Small-Cap ETF,"August 31, 2019",Building Products — 0.7%,Trex Co. Inc. (a),980,83819,431011,
ESML,iShares ESG MSCI USA Small-Cap ETF,"August 31, 2019",Capital Markets — 1.4%,"Ares Management Corp., Class A",1042,30322,,
ESML,iShares ESG MSCI USA Small-Cap ETF,"August 31, 2019",Capital Markets — 1.4%,Donnelley Financial Solutions Inc. (a),2612,27766,,
ESML,iShares ESG MSCI USA Small-Cap ETF,"August 31, 2019",Capital Markets — 1.4%,"Evercore Inc., Class A",721,57507,,
ESML,iShares ESG MSCI USA Small-Cap ETF,"August 31, 2019",Capital Markets — 1.4%,"Federated Investors Inc., Class B",1173,37583,,
ESML,iShares ESG MSCI USA Small-Cap ETF,"August 31, 2019",Capital Markets — 1.4%,"Interactive Brokers Group Inc., Class A",620,29264,,
ESML,iShares ESG MSCI USA Small-Cap ETF,"August 31, 2019",Capital Markets — 1.4%,INTL. FCStone Inc. (a),817,32035,,
ESML,iShares ESG MSCI USA Small-Cap ETF,"August 31, 2019",Capital Markets — 1.4%,Janus Henderson Group PLC,6682,127693,,
ESML,iShares ESG MSCI USA Small-Cap ETF,"August 31, 2019",Capital Markets — 1.4%,Legg Mason Inc.,4146,152531,,
ESML,iShares ESG MSCI USA Small-Cap ETF,"August 31, 2019",Capital Markets — 1.4%,LPL Financial Holdings Inc.,1710,128165,,
ESML,iShares ESG MSCI USA Small-Cap ETF,"August 31, 2019",Capital Markets — 1.4%,Morningstar Inc.,461,74488,,
ESML,iShares ESG MSCI USA Small-Cap ETF,"August 31, 2019",Capital Markets — 1.4%,Stifel Financial Corp.,551,29434,,
ESML,iShares ESG MSCI USA Small-Cap ETF,"August 31, 2019",Capital Markets — 1.4%,"Virtu Financial Inc., Class A",1510,28388,,
ESML,iShares ESG MSCI USA Small-Cap ETF,"August 31, 2019",Capital Markets — 1.4%,Westwood Holdings Group Inc.,989,27148,782324,
ESML,iShares ESG MSCI USA Small-Cap ETF,"August 31, 2019",Chemicals — 1.2%,Chemours Co. (The),2366,33526,,
ESML,iShares ESG MSCI USA Small-Cap ETF,"August 31, 2019",Chemicals — 1.2%,HB Fuller Co.,1690,72011,,
ESML,iShares ESG MSCI USA Small-Cap ETF,"August 31, 2019",Chemicals — 1.2%,Ingevity Corp. (a),378,28792,,
ESML,iShares ESG MSCI USA Small-Cap ETF,"August 31, 2019",Chemicals — 1.2%,Innospec Inc.,796,66211,,
ESML,iShares ESG MSCI USA Small-Cap ETF,"August 31, 2019",Chemicals — 1.2%,Koppers Holdings Inc. (a),1032,27358,,
ESML,iShares ESG MSCI USA Small-Cap ETF,"August 31, 2019",Chemicals — 1.2%,Kraton Corp. (a),1086,29800,,
ESML,iShares ESG MSCI USA Small-Cap ETF,"August 31, 2019",Chemicals — 1.2%,Minerals Technologies Inc.,1947,93845,,
ESML,iShares ESG MSCI USA Small-Cap ETF,"August 31, 2019",Chemicals — 1.2%,RPM International Inc.,1722,116528,,
ESML,iShares ESG MSCI USA Small-Cap ETF,"August 31, 2019",Chemicals — 1.2%,Scotts Miracle-Gro Co. (The),427,45399,,
ESML,iShares ESG MSCI USA Small-Cap ETF,"August 31, 2019",Chemicals — 1.2%,Stepan Co.,545,51988,,
ESML,iShares ESG MSCI USA Small-Cap ETF,"August 31, 2019",Chemicals — 1.2%,Trinseo SA,1450,50881,,
ESML,iShares ESG MSCI USA Small-Cap ETF,"August 31, 2019",Chemicals — 1.2%,Valvoline Inc.,3662,82761,699100,
ESML,iShares ESG MSCI USA Small-Cap ETF,"August 31, 2019",Commercial Services & Supplies — 3.0%,ABM Industries Inc.,1496,55741,,
ESML,iShares ESG MSCI USA Small-Cap ETF,"August 31, 2019",Commercial Services & Supplies — 3.0%,ACCO Brands Corp.,5729,53108,,
ESML,iShares ESG MSCI USA Small-Cap ETF,"August 31, 2019",Commercial Services & Supplies — 3.0%,ADT Inc. (b),6445,30678,,
ESML,iShares ESG MSCI USA Small-Cap ETF,"August 31, 2019",Commercial Services & Supplies — 3.0%,"Brady Corp., Class A, NVS",1943,91729,,
ESML,iShares ESG MSCI USA Small-Cap ETF,"August 31, 2019",Commercial Services & Supplies — 3.0%,Cimpress NV (a),364,41747,,
ESML,iShares ESG MSCI USA Small-Cap ETF,"August 31, 2019",Commercial Services & Supplies — 3.0%,Clean Harbors Inc. (a),669,49205,,
ESML,iShares ESG MSCI USA Small-Cap ETF,"August 31, 2019",Commercial Services & Supplies — 3.0%,Covanta Holding Corp.,4568,78570,,
ESML,iShares ESG MSCI USA Small-Cap ETF,"August 31, 2019",Commercial Services & Supplies — 3.0%,Deluxe Corp.,929,42808,,
ESML,iShares ESG MSCI USA Small-Cap ETF,"August 31, 2019",Commercial Services & Supplies — 3.0%,Healthcare Services Group Inc.,1645,37095,,
ESML,iShares ESG MSCI USA Small-Cap ETF,"August 31, 2019",Commercial Services & Supplies — 3.0%,Herman Miller Inc.,2517,106419,,
ESML,iShares ESG MSCI USA Small-Cap ETF,"August 31, 2019",Commercial Services & Supplies — 3.0%,HNI Corp.,929,28976,,
ESML,iShares ESG MSCI USA Small-Cap ETF,"August 31, 2019",Commercial Services & Supplies — 3.0%,IAA Inc. (a),3902,190613,,
ESML,iShares ESG MSCI USA Small-Cap ETF,"August 31, 2019",Commercial Services & Supplies — 3.0%,Interface Inc.,2602,28752,,
ESML,iShares ESG MSCI USA Small-Cap ETF,"August 31, 2019",Commercial Services & Supplies — 3.0%,KAR Auction Services Inc.,5606,148895,,
ESML,iShares ESG MSCI USA Small-Cap ETF,"August 31, 2019",Commercial Services & Supplies — 3.0%,Knoll Inc.,2412,55621,,
ESML,iShares ESG MSCI USA Small-Cap ETF,"August 31, 2019",Commercial Services & Supplies — 3.0%,"Matthews International Corp., Class A",2570,75327,,
ESML,iShares ESG MSCI USA Small-Cap ETF,"August 31, 2019",Commercial Services & Supplies — 3.0%,McGrath RentCorp.,1011,64734,,
ESML,iShares ESG MSCI USA Small-Cap ETF,"August 31, 2019",Commercial Services & Supplies — 3.0%,Mobile Mini Inc.,1378,43076,,
ESML,iShares ESG MSCI USA Small-Cap ETF,"August 31, 2019",Commercial Services & Supplies — 3.0%,MSA Safety Inc.,719,75948,,
ESML,iShares ESG MSCI USA Small-Cap ETF,"August 31, 2019",Commercial Services & Supplies — 3.0%,Pitney Bowes Inc.,3883,13823,,
ESML,iShares ESG MSCI USA Small-Cap ETF,"August 31, 2019",Commercial Services & Supplies — 3.0%,Quad/Graphics Inc.,2969,26691,,
ESML,iShares ESG MSCI USA Small-Cap ETF,"August 31, 2019",Commercial Services & Supplies — 3.0%,SP Plus Corp. (a),1246,42999,,
ESML,iShares ESG MSCI USA Small-Cap ETF,"August 31, 2019",Commercial Services & Supplies — 3.0%,"Steelcase Inc., Class A",3594,55815,,
ESML,iShares ESG MSCI USA Small-Cap ETF,"August 31, 2019",Commercial Services & Supplies — 3.0%,Team Inc. (a),2097,34559,,
ESML,iShares ESG MSCI USA Small-Cap ETF,"August 31, 2019",Commercial Services & Supplies — 3.0%,Tetra Tech Inc.,1510,122491,,
ESML,iShares ESG MSCI USA Small-Cap ETF,"August 31, 2019",Commercial Services & Supplies — 3.0%,UniFirst Corp./MA,458,89727,,
ESML,iShares ESG MSCI USA Small-Cap ETF,"August 31, 2019",Commercial Services & Supplies — 3.0%,Viad Corp.,1105,71416,1756563,
ESML,iShares ESG MSCI USA Small-Cap ETF,"August 31, 2019",Communications Equipment — 1.1%,ADTRAN Inc.,2667,27390,,
ESML,iShares ESG MSCI USA Small-Cap ETF,"August 31, 2019",Communications Equipment — 1.1%,Ciena Corp. (a),3755,153692,,
ESML,iShares ESG MSCI USA Small-Cap ETF,"August 31, 2019",Communications Equipment — 1.1%,CommScope Holding Co. Inc. (a),4216,45280,,
ESML,iShares ESG MSCI USA Small-Cap ETF,"August 31, 2019",Communications Equipment — 1.1%,"EchoStar Corp., Class A (a)",735,31054,,
ESML,iShares ESG MSCI USA Small-Cap ETF,"August 31, 2019",Communications Equipment — 1.1%,Finisar Corp. (a)(b),1993,45062,,
ESML,iShares ESG MSCI USA Small-Cap ETF,"August 31, 2019",Communications Equipment — 1.1%,Infinera Corp. (a),5969,31815,,
ESML,iShares ESG MSCI USA Small-Cap ETF,"August 31, 2019",Communications Equipment — 1.1%,InterDigital Inc.,795,39090,,
ESML,iShares ESG MSCI USA Small-Cap ETF,"August 31, 2019",Communications Equipment — 1.1%,Lumentum Holdings Inc. (a),1770,98695,,
ESML,iShares ESG MSCI USA Small-Cap ETF,"August 31, 2019",Communications Equipment — 1.1%,NETGEAR Inc. (a),856,29720,,
ESML,iShares ESG MSCI USA Small-Cap ETF,"August 31, 2019",Communications Equipment — 1.1%,NetScout Systems Inc. (a),1378,30523,,
ESML,iShares ESG MSCI USA Small-Cap ETF,"August 31, 2019",Communications Equipment — 1.1%,Plantronics Inc.,1222,37968,,
ESML,iShares ESG MSCI USA Small-Cap ETF,"August 31, 2019",Communications Equipment — 1.1%,Ribbon Communications Inc. (a),5814,30058,,
ESML,iShares ESG MSCI USA Small-Cap ETF,"August 31, 2019",Communications Equipment — 1.1%,Viavi Solutions Inc. (a),2327,32322,632669,
ESML,iShares ESG MSCI USA Small-Cap ETF,"August 31, 2019",Construction & Engineering — 1.9%,AECOM (a),6123,217244,,
ESML,iShares ESG MSCI USA Small-Cap ETF,"August 31, 2019",Construction & Engineering — 1.9%,Aegion Corp. (a),2336,46113,,
ESML,iShares ESG MSCI USA Small-Cap ETF,"August 31, 2019",Construction & Engineering — 1.9%,Arcosa Inc.,924,30021,,
ESML,iShares ESG MSCI USA Small-Cap ETF,"August 31, 2019",Construction & Engineering — 1.9%,Argan Inc.,721,29784,,
ESML,iShares ESG MSCI USA Small-Cap ETF,"August 31, 2019",Construction & Engineering — 1.9%,Comfort Systems USA Inc.,2066,79872,,
ESML,iShares ESG MSCI USA Small-Cap ETF,"August 31, 2019",Construction & Engineering — 1.9%,EMCOR Group Inc.,2154,188346,,
ESML,iShares ESG MSCI USA Small-Cap ETF,"August 31, 2019",Construction & Engineering — 1.9%,Granite Construction Inc.,1394,39645,,
ESML,iShares ESG MSCI USA Small-Cap ETF,"August 31, 2019",Construction & Engineering — 1.9%,Great Lakes Dredge & Dock Corp. (a),2791,30254,,
ESML,iShares ESG MSCI USA Small-Cap ETF,"August 31, 2019",Construction & Engineering — 1.9%,MasTec Inc. (a)(b),776,48787,,
ESML,iShares ESG MSCI USA Small-Cap ETF,"August 31, 2019",Construction & Engineering — 1.9%,MYR Group Inc. (a),1280,36698,,
ESML,iShares ESG MSCI USA Small-Cap ETF,"August 31, 2019",Construction & Engineering — 1.9%,Quanta Services Inc.,5846,198179,,
ESML,iShares ESG MSCI USA Small-Cap ETF,"August 31, 2019",Construction & Engineering — 1.9%,Valmont Industries Inc.,788,106774,,
ESML,iShares ESG MSCI USA Small-Cap ETF,"August 31, 2019",Construction & Engineering — 1.9%,Willscot Corp. (a),2107,29393,1081110,
ESML,iShares ESG MSCI USA Small-Cap ETF,"August 31, 2019",Construction Materials — 0.1%,"Summit Materials Inc., Class A (a)",2242,47037,,
ESML,iShares ESG MSCI USA Small-Cap ETF,"August 31, 2019",Construction Materials — 0.1%,U.S. Concrete Inc. (a)(b),750,30390,77427,
ESML,iShares ESG MSCI USA Small-Cap ETF,"August 31, 2019",Consumer Finance — 0.4%,Credit Acceptance Corp. (a),61,27612,,
ESML,iShares ESG MSCI USA Small-Cap ETF,"August 31, 2019",Consumer Finance — 0.4%,Encore Capital Group Inc. (a),849,31328,,
ESML,iShares ESG MSCI USA Small-Cap ETF,"August 31, 2019",Consumer Finance — 0.4%,"Green Dot Corp., Class A (a)",957,29265,,
ESML,iShares ESG MSCI USA Small-Cap ETF,"August 31, 2019",Consumer Finance — 0.4%,OneMain Holdings Inc.,765,27425,,
ESML,iShares ESG MSCI USA Small-Cap ETF,"August 31, 2019",Consumer Finance — 0.4%,PRA Group Inc. (a),2154,73538,,
ESML,iShares ESG MSCI USA Small-Cap ETF,"August 31, 2019",Consumer Finance — 0.4%,SLM Corp.,3618,30536,219704,
ESML,iShares ESG MSCI USA Small-Cap ETF,"August 31, 2019",Containers & Packaging — 1.0%,AptarGroup Inc.,2195,268273,,
ESML,iShares ESG MSCI USA Small-Cap ETF,"August 31, 2019",Containers & Packaging — 1.0%,Berry Global Group Inc. (a),1652,64659,,
ESML,iShares ESG MSCI USA Small-Cap ETF,"August 31, 2019",Containers & Packaging — 1.0%,Graphic Packaging Holding Co.,2205,30451,,
ESML,iShares ESG MSCI USA Small-Cap ETF,"August 31, 2019",Containers & Packaging — 1.0%,"Greif Inc., Class A, NVS",929,32692,,
ESML,iShares ESG MSCI USA Small-Cap ETF,"August 31, 2019",Containers & Packaging — 1.0%,Myers Industries Inc.,1878,31607,,
ESML,iShares ESG MSCI USA Small-Cap ETF,"August 31, 2019",Containers & Packaging — 1.0%,Owens-Illinois Inc.,2696,27418,,
ESML,iShares ESG MSCI USA Small-Cap ETF,"August 31, 2019",Containers & Packaging — 1.0%,Sonoco Products Co.,2424,138653,593753,
ESML,iShares ESG MSCI USA Small-Cap ETF,"August 31, 2019",Distributors — 0.4%,Pool Corp.,1067,209537,209537,
ESML,iShares ESG MSCI USA Small-Cap ETF,"August 31, 2019",Diversified Consumer Services — 2.4%,American Public Education Inc. (a)(b),1068,25878,,
ESML,iShares ESG MSCI USA Small-Cap ETF,"August 31, 2019",Diversified Consumer Services — 2.4%,Bright Horizons Family Solutions Inc. (a),2642,436062,,
ESML,iShares ESG MSCI USA Small-Cap ETF,"August 31, 2019",Diversified Consumer Services — 2.4%,Carriage Services Inc.,2804,59641,,
ESML,iShares ESG MSCI USA Small-Cap ETF,"August 31, 2019",Diversified Consumer Services — 2.4%,Chegg Inc. (a),934,37024,,
ESML,iShares ESG MSCI USA Small-Cap ETF,"August 31, 2019",Diversified Consumer Services — 2.4%,frontdoor Inc. (a),1664,85430,,
ESML,iShares ESG MSCI USA Small-Cap ETF,"August 31, 2019",Diversified Consumer Services — 2.4%,"Graham Holdings Co., Class B",101,71110,,
ESML,iShares ESG MSCI USA Small-Cap ETF,"August 31, 2019",Diversified Consumer Services — 2.4%,Grand Canyon Education Inc. (a),588,73853,,
ESML,iShares ESG MSCI USA Small-Cap ETF,"August 31, 2019",Diversified Consumer Services — 2.4%,Houghton Mifflin Harcourt Co. (a),5469,32541,,
ESML,iShares ESG MSCI USA Small-Cap ETF,"August 31, 2019",Diversified Consumer Services — 2.4%,"Laureate Education Inc., Class A (a)",1805,33031,,
ESML,iShares ESG MSCI USA Small-Cap ETF,"August 31, 2019",Diversified Consumer Services — 2.4%,Service Corp. International/U.S,3964,183533,,
ESML,iShares ESG MSCI USA Small-Cap ETF,"August 31, 2019",Diversified Consumer Services — 2.4%,ServiceMaster Global Holdings Inc. (a),3459,197301,,
ESML,iShares ESG MSCI USA Small-Cap ETF,"August 31, 2019",Diversified Consumer Services — 2.4%,Sotheby’s (a),888,51282,,
ESML,iShares ESG MSCI USA Small-Cap ETF,"August 31, 2019",Diversified Consumer Services — 2.4%,Strategic Education Inc.,215,36384,,
ESML,iShares ESG MSCI USA Small-Cap ETF,"August 31, 2019",Diversified Consumer Services — 2.4%,Weight Watchers International Inc. (a),1205,36138,1359208,
ESML,iShares ESG MSCI USA Small-Cap ETF,"August 31, 2019",Diversified Telecommunication Services — 0.3%,"GCI Liberty Inc., Class A (a)",1618,100704,,
ESML,iShares ESG MSCI USA Small-Cap ETF,"August 31, 2019",Diversified Telecommunication Services — 0.3%,Iridium Communications Inc. (a),1879,45434,,
ESML,iShares ESG MSCI USA Small-Cap ETF,"August 31, 2019",Diversified Telecommunication Services — 0.3%,ORBCOMM Inc. (a),5649,26042,,
ESML,iShares ESG MSCI USA Small-Cap ETF,"August 31, 2019",Diversified Telecommunication Services — 0.3%,Vonage Holdings Corp. (a),2150,28423,200603,
ESML,iShares ESG MSCI USA Small-Cap ETF,"August 31, 2019",Electric Utilities — 1.1%,Hawaiian Electric Industries Inc.,4016,178310,,
ESML,iShares ESG MSCI USA Small-Cap ETF,"August 31, 2019",Electric Utilities — 1.1%,IDACORP Inc.,2152,236311,,
ESML,iShares ESG MSCI USA Small-Cap ETF,"August 31, 2019",Electric Utilities — 1.1%,Otter Tail Corp.,1689,85497,,
ESML,iShares ESG MSCI USA Small-Cap ETF,"August 31, 2019",Electric Utilities — 1.1%,Portland General Electric Co.,2294,130506,630624,
ESML,iShares ESG MSCI USA Small-Cap ETF,"August 31, 2019",Electrical Equipment — 0.7%,Atkore International Group Inc. (a),1204,34928,,
ESML,iShares ESG MSCI USA Small-Cap ETF,"August 31, 2019",Electrical Equipment — 0.7%,EnerSys,1231,68936,,
ESML,iShares ESG MSCI USA Small-Cap ETF,"August 31, 2019",Electrical Equipment — 0.7%,Generac Holdings Inc. (a),1526,119013,,
ESML,iShares ESG MSCI USA Small-Cap ETF,"August 31, 2019",Electrical Equipment — 0.7%,Hubbell Inc.,965,126550,,
ESML,iShares ESG MSCI USA Small-Cap ETF,"August 31, 2019",Electrical Equipment — 0.7%,Regal Beloit Corp.,495,35096,,
ESML,iShares ESG MSCI USA Small-Cap ETF,"August 31, 2019",Electrical Equipment — 0.7%,Sunrun Inc. (a),2350,36025,420548,
ESML,iShares ESG MSCI USA Small-Cap ETF,"August 31, 2019","Electronic Equipment, Instruments & Components — 3.1%",Anixter International Inc. (a),791,47436,,
ESML,iShares ESG MSCI USA Small-Cap ETF,"August 31, 2019","Electronic Equipment, Instruments & Components — 3.1%",Avnet Inc.,2965,124204,,
ESML,iShares ESG MSCI USA Small-Cap ETF,"August 31, 2019","Electronic Equipment, Instruments & Components — 3.1%",Badger Meter Inc.,1917,98879,,
ESML,iShares ESG MSCI USA Small-Cap ETF,"August 31, 2019","Electronic Equipment, Instruments & Components — 3.1%",Belden Inc.,838,38221,,
ESML,iShares ESG MSCI USA Small-Cap ETF,"August 31, 2019","Electronic Equipment, Instruments & Components — 3.1%",Benchmark Electronics Inc.,1126,29816,,
ESML,iShares ESG MSCI USA Small-Cap ETF,"August 31, 2019","Electronic Equipment, Instruments & Components — 3.1%",Coherent Inc. (a),584,84657,,
ESML,iShares ESG MSCI USA Small-Cap ETF,"August 31, 2019","Electronic Equipment, Instruments & Components — 3.1%",CTS Corp.,1884,53751,,
ESML,iShares ESG MSCI USA Small-Cap ETF,"August 31, 2019","Electronic Equipment, Instruments & Components — 3.1%","Dolby Laboratories Inc., Class A",1497,92155,,
ESML,iShares ESG MSCI USA Small-Cap ETF,"August 31, 2019","Electronic Equipment, Instruments & Components — 3.1%",ePlus Inc. (a),379,30972,,
ESML,iShares ESG MSCI USA Small-Cap ETF,"August 31, 2019","Electronic Equipment, Instruments & Components — 3.1%",Fabrinet (a),955,48218,,
ESML,iShares ESG MSCI USA Small-Cap ETF,"August 31, 2019","Electronic Equipment, Instruments & Components — 3.1%",Insight Enterprises Inc. (a),1121,53875,,
ESML,iShares ESG MSCI USA Small-Cap ETF,"August 31, 2019","Electronic Equipment, Instruments & Components — 3.1%",Itron Inc. (a),1105,76742,,
ESML,iShares ESG MSCI USA Small-Cap ETF,"August 31, 2019","Electronic Equipment, Instruments & Components — 3.1%",KEMET Corp.,1616,27068,,
ESML,iShares ESG MSCI USA Small-Cap ETF,"August 31, 2019","Electronic Equipment, Instruments & Components — 3.1%",Littelfuse Inc.,438,68359,,
ESML,iShares ESG MSCI USA Small-Cap ETF,"August 31, 2019","Electronic Equipment, Instruments & Components — 3.1%",Methode Electronics Inc.,3537,112264,,
ESML,iShares ESG MSCI USA Small-Cap ETF,"August 31, 2019","Electronic Equipment, Instruments & Components — 3.1%",MTS Systems Corp.,1169,66481,,
ESML,iShares ESG MSCI USA Small-Cap ETF,"August 31, 2019","Electronic Equipment, Instruments & Components — 3.1%",National Instruments Corp.,5069,212898,,
ESML,iShares ESG MSCI USA Small-Cap ETF,"August 31, 2019","Electronic Equipment, Instruments & Components — 3.1%",Novanta Inc. (a),917,68775,,
ESML,iShares ESG MSCI USA Small-Cap ETF,"August 31, 2019","Electronic Equipment, Instruments & Components — 3.1%",OSI Systems Inc. (a),634,66576,,
ESML,iShares ESG MSCI USA Small-Cap ETF,"August 31, 2019","Electronic Equipment, Instruments & Components — 3.1%",Plexus Corp. (a),1512,86502,,
ESML,iShares ESG MSCI USA Small-Cap ETF,"August 31, 2019","Electronic Equipment, Instruments & Components — 3.1%",Rogers Corp. (a),447,59192,,
ESML,iShares ESG MSCI USA Small-Cap ETF,"August 31, 2019","Electronic Equipment, Instruments & Components — 3.1%",SYNNEX Corp.,917,76854,,
ESML,iShares ESG MSCI USA Small-Cap ETF,"August 31, 2019","Electronic Equipment, Instruments & Components — 3.1%",Tech Data Corp. (a),999,92637,,
ESML,iShares ESG MSCI USA Small-Cap ETF,"August 31, 2019","Electronic Equipment, Instruments & Components — 3.1%",Vishay Intertechnology Inc.,3002,47522,,
ESML,iShares ESG MSCI USA Small-Cap ETF,"August 31, 2019","Electronic Equipment, Instruments & Components — 3.1%",Vishay Precision Group Inc. (a),926,28937,1792991,
ESML,iShares ESG MSCI USA Small-Cap ETF,"August 31, 2019",Energy Equipment & Services — 1.0%,Apergy Corp. (a)(b),1841,47829,,
ESML,iShares ESG MSCI USA Small-Cap ETF,"August 31, 2019",Energy Equipment & Services — 1.0%,Archrock Inc.,3425,33257,,
ESML,iShares ESG MSCI USA Small-Cap ETF,"August 31, 2019",Energy Equipment & Services — 1.0%,C&J Energy Services Inc. (a)(b),3131,29932,,
ESML,iShares ESG MSCI USA Small-Cap ETF,"August 31, 2019",Energy Equipment & Services — 1.0%,"Cactus Inc., Class A (a)",1097,27941,,
ESML,iShares ESG MSCI USA Small-Cap ETF,"August 31, 2019",Energy Equipment & Services — 1.0%,Core Laboratories NV,2518,99688,,
ESML,iShares ESG MSCI USA Small-Cap ETF,"August 31, 2019",Energy Equipment & Services — 1.0%,Dril-Quip Inc. (a),619,28381,,
ESML,iShares ESG MSCI USA Small-Cap ETF,"August 31, 2019",Energy Equipment & Services — 1.0%,Exterran Corp. (a),3788,39963,,
ESML,iShares ESG MSCI USA Small-Cap ETF,"August 31, 2019",Energy Equipment & Services — 1.0%,Helix Energy Solutions Group Inc. (a),4110,29756,,
ESML,iShares ESG MSCI USA Small-Cap ETF,"August 31, 2019",Energy Equipment & Services — 1.0%,Matrix Service Co. (a),1533,30461,,
ESML,iShares ESG MSCI USA Small-Cap ETF,"August 31, 2019",Energy Equipment & Services — 1.0%,McDermott International Inc. (a)(b),6968,32889,,
ESML,iShares ESG MSCI USA Small-Cap ETF,"August 31, 2019",Energy Equipment & Services — 1.0%,Newpark Resources Inc. (a),4720,31199,,
ESML,iShares ESG MSCI USA Small-Cap ETF,"August 31, 2019",Energy Equipment & Services — 1.0%,Oceaneering International Inc. (a),3463,44880,,
ESML,iShares ESG MSCI USA Small-Cap ETF,"August 31, 2019",Energy Equipment & Services — 1.0%,Oil States International Inc. (a),2221,30628,,
ESML,iShares ESG MSCI USA Small-Cap ETF,"August 31, 2019",Energy Equipment & Services — 1.0%,"Solaris Oilfield Infrastructure Inc., Class A",2150,29563,,
ESML,iShares ESG MSCI USA Small-Cap ETF,"August 31, 2019",Energy Equipment & Services — 1.0%,Tidewater Inc. (a)(b),1864,29377,,
ESML,iShares ESG MSCI USA Small-Cap ETF,"August 31, 2019",Energy Equipment & Services — 1.0%,U.S. Silica Holdings Inc.,2990,30408,596152,
ESML,iShares ESG MSCI USA Small-Cap ETF,"August 31, 2019",Entertainment — 0.7%,Cinemark Holdings Inc.,3491,133216,,
ESML,iShares ESG MSCI USA Small-Cap ETF,"August 31, 2019",Entertainment — 0.7%,IMAX Corp. (a),3201,66965,,
ESML,iShares ESG MSCI USA Small-Cap ETF,"August 31, 2019",Entertainment — 0.7%,"Lions Gate Entertainment Corp., Class A",2559,23108,,
ESML,iShares ESG MSCI USA Small-Cap ETF,"August 31, 2019",Entertainment — 0.7%,"Madison Square Garden Co. (The), Class A (a)",222,56017,,
ESML,iShares ESG MSCI USA Small-Cap ETF,"August 31, 2019",Entertainment — 0.7%,"World Wrestling Entertainment Inc., Class A",848,60573,,
ESML,iShares ESG MSCI USA Small-Cap ETF,"August 31, 2019",Entertainment — 0.7%,"Zynga Inc., Class A (a)",12198,69651,409530,
ESML,iShares ESG MSCI USA Small-Cap ETF,"August 31, 2019",Equity Real Estate Investment Trusts (REITs) — 9.6%,Agree Realty Corp.,1004,74989,,
ESML,iShares ESG MSCI USA Small-Cap ETF,"August 31, 2019",Equity Real Estate Investment Trusts (REITs) — 9.6%,Alexander & Baldwin Inc.,1283,29368,,
ESML,iShares ESG MSCI USA Small-Cap ETF,"August 31, 2019",Equity Real Estate Investment Trusts (REITs) — 9.6%,American Assets Trust Inc.,936,43861,,
ESML,iShares ESG MSCI USA Small-Cap ETF,"August 31, 2019",Equity Real Estate Investment Trusts (REITs) — 9.6%,American Campus Communities Inc.,5057,235049,,
ESML,iShares ESG MSCI USA Small-Cap ETF,"August 31, 2019",Equity Real Estate Investment Trusts (REITs) — 9.6%,American Finance Trust Inc.,2307,27615,,
ESML,iShares ESG MSCI USA Small-Cap ETF,"August 31, 2019",Equity Real Estate Investment Trusts (REITs) — 9.6%,Americold Realty Trust,3541,128963,,
ESML,iShares ESG MSCI USA Small-Cap ETF,"August 31, 2019",Equity Real Estate Investment Trusts (REITs) — 9.6%,"Apartment Investment & Management Co., Class A",772,39372,,
ESML,iShares ESG MSCI USA Small-Cap ETF,"August 31, 2019",Equity Real Estate Investment Trusts (REITs) — 9.6%,Armada Hoffler Properties Inc.,1822,31593,,
ESML,iShares ESG MSCI USA Small-Cap ETF,"August 31, 2019",Equity Real Estate Investment Trusts (REITs) — 9.6%,Brandywine Realty Trust,17279,247954,,
ESML,iShares ESG MSCI USA Small-Cap ETF,"August 31, 2019",Equity Real Estate Investment Trusts (REITs) — 9.6%,Brixmor Property Group Inc.,8746,161189,,
ESML,iShares ESG MSCI USA Small-Cap ETF,"August 31, 2019",Equity Real Estate Investment Trusts (REITs) — 9.6%,Care Trust REIT Inc.,1789,42560,,
ESML,iShares ESG MSCI USA Small-Cap ETF,"August 31, 2019",Equity Real Estate Investment Trusts (REITs) — 9.6%,Chatham Lodging Trust,2050,34009,,
ESML,iShares ESG MSCI USA Small-Cap ETF,"August 31, 2019",Equity Real Estate Investment Trusts (REITs) — 9.6%,Colony Capital Inc.,7352,33084,,
ESML,iShares ESG MSCI USA Small-Cap ETF,"August 31, 2019",Equity Real Estate Investment Trusts (REITs) — 9.6%,CoreSite Realty Corp.,1382,160561,,
ESML,iShares ESG MSCI USA Small-Cap ETF,"August 31, 2019",Equity Real Estate Investment Trusts (REITs) — 9.6%,Corporate Office Properties Trust,6411,185214,,
ESML,iShares ESG MSCI USA Small-Cap ETF,"August 31, 2019",Equity Real Estate Investment Trusts (REITs) — 9.6%,Cousins Properties Inc.,3714,128876,,
ESML,iShares ESG MSCI USA Small-Cap ETF,"August 31, 2019",Equity Real Estate Investment Trusts (REITs) — 9.6%,CubeSmart,2923,104906,,
ESML,iShares ESG MSCI USA Small-Cap ETF,"August 31, 2019",Equity Real Estate Investment Trusts (REITs) — 9.6%,CyrusOne Inc.,2654,194963,,
ESML,iShares ESG MSCI USA Small-Cap ETF,"August 31, 2019",Equity Real Estate Investment Trusts (REITs) — 9.6%,DiamondRock Hospitality Co.,7720,73108,,
ESML,iShares ESG MSCI USA Small-Cap ETF,"August 31, 2019",Equity Real Estate Investment Trusts (REITs) — 9.6%,Douglas Emmett Inc.,9983,421283,,
ESML,iShares ESG MSCI USA Small-Cap ETF,"August 31, 2019",Equity Real Estate Investment Trusts (REITs) — 9.6%,Easterly Government Properties Inc.,11616,238709,,
ESML,iShares ESG MSCI USA Small-Cap ETF,"August 31, 2019",Equity Real Estate Investment Trusts (REITs) — 9.6%,"Empire State Realty Trust Inc., Class A",3354,47157,,
ESML,iShares ESG MSCI USA Small-Cap ETF,"August 31, 2019",Equity Real Estate Investment Trusts (REITs) — 9.6%,EPR Properties,377,29500,,
ESML,iShares ESG MSCI USA Small-Cap ETF,"August 31, 2019",Equity Real Estate Investment Trusts (REITs) — 9.6%,Essential Properties Realty Trust Inc.,2607,59205,,
ESML,iShares ESG MSCI USA Small-Cap ETF,"August 31, 2019",Equity Real Estate Investment Trusts (REITs) — 9.6%,First Industrial Realty Trust Inc.,2353,91649,,
ESML,iShares ESG MSCI USA Small-Cap ETF,"August 31, 2019",Equity Real Estate Investment Trusts (REITs) — 9.6%,Four Corners Property Trust Inc.,4566,130085,,
ESML,iShares ESG MSCI USA Small-Cap ETF,"August 31, 2019",Equity Real Estate Investment Trusts (REITs) — 9.6%,Franklin Street Properties Corp.,6398,48433,,
ESML,iShares ESG MSCI USA Small-Cap ETF,"August 31, 2019",Equity Real Estate Investment Trusts (REITs) — 9.6%,Gaming and Leisure Properties Inc.,1278,49995,,
ESML,iShares ESG MSCI USA Small-Cap ETF,"August 31, 2019",Equity Real Estate Investment Trusts (REITs) — 9.6%,Hannon Armstrong Sustainable Infrastructure Capital Inc.,1137,31415,,
ESML,iShares ESG MSCI USA Small-Cap ETF,"August 31, 2019",Equity Real Estate Investment Trusts (REITs) — 9.6%,"Healthcare Trust of America Inc., Class A",1591,45121,,
ESML,iShares ESG MSCI USA Small-Cap ETF,"August 31, 2019",Equity Real Estate Investment Trusts (REITs) — 9.6%,Highwoods Properties Inc.,793,34266,,
ESML,iShares ESG MSCI USA Small-Cap ETF,"August 31, 2019",Equity Real Estate Investment Trusts (REITs) — 9.6%,Hospitality Properties Trust,2999,72396,,
ESML,iShares ESG MSCI USA Small-Cap ETF,"August 31, 2019",Equity Real Estate Investment Trusts (REITs) — 9.6%,Hudson Pacific Properties Inc.,2556,86904,,
ESML,iShares ESG MSCI USA Small-Cap ETF,"August 31, 2019",Equity Real Estate Investment Trusts (REITs) — 9.6%,JBG SMITH Properties,3969,151854,,
ESML,iShares ESG MSCI USA Small-Cap ETF,"August 31, 2019",Equity Real Estate Investment Trusts (REITs) — 9.6%,Kilroy Realty Corp.,4500,350370,,
ESML,iShares ESG MSCI USA Small-Cap ETF,"August 31, 2019",Equity Real Estate Investment Trusts (REITs) — 9.6%,Life Storage Inc.,1197,126834,,
ESML,iShares ESG MSCI USA Small-Cap ETF,"August 31, 2019",Equity Real Estate Investment Trusts (REITs) — 9.6%,Medical Properties Trust Inc.,3129,58168,,
ESML,iShares ESG MSCI USA Small-Cap ETF,"August 31, 2019",Equity Real Estate Investment Trusts (REITs) — 9.6%,National Storage Affiliates Trust,880,29445,,
ESML,iShares ESG MSCI USA Small-Cap ETF,"August 31, 2019",Equity Real Estate Investment Trusts (REITs) — 9.6%,Office Properties Income Trust,1219,33047,,
ESML,iShares ESG MSCI USA Small-Cap ETF,"August 31, 2019",Equity Real Estate Investment Trusts (REITs) — 9.6%,Omega Healthcare Investors Inc.,2743,111585,,
ESML,iShares ESG MSCI USA Small-Cap ETF,"August 31, 2019",Equity Real Estate Investment Trusts (REITs) — 9.6%,Outfront Media Inc.,3004,82550,,
ESML,iShares ESG MSCI USA Small-Cap ETF,"August 31, 2019",Equity Real Estate Investment Trusts (REITs) — 9.6%,Paramount Group Inc.,2914,38407,,
ESML,iShares ESG MSCI USA Small-Cap ETF,"August 31, 2019",Equity Real Estate Investment Trusts (REITs) — 9.6%,Park Hotels & Resorts Inc.,3033,71427,,
ESML,iShares ESG MSCI USA Small-Cap ETF,"August 31, 2019",Equity Real Estate Investment Trusts (REITs) — 9.6%,Pebblebrook Hotel Trust,1080,29128,,
ESML,iShares ESG MSCI USA Small-Cap ETF,"August 31, 2019",Equity Real Estate Investment Trusts (REITs) — 9.6%,"Piedmont Office Realty Trust Inc., Class A",2042,40309,,
ESML,iShares ESG MSCI USA Small-Cap ETF,"August 31, 2019",Equity Real Estate Investment Trusts (REITs) — 9.6%,PotlatchDeltic Corp.,1182,45483,,
ESML,iShares ESG MSCI USA Small-Cap ETF,"August 31, 2019",Equity Real Estate Investment Trusts (REITs) — 9.6%,"QTS Realty Trust Inc., Class A",1583,77662,,
ESML,iShares ESG MSCI USA Small-Cap ETF,"August 31, 2019",Equity Real Estate Investment Trusts (REITs) — 9.6%,Rayonier Inc.,1070,28676,,
ESML,iShares ESG MSCI USA Small-Cap ETF,"August 31, 2019",Equity Real Estate Investment Trusts (REITs) — 9.6%,Rexford Industrial Realty Inc.,3185,140745,,
ESML,iShares ESG MSCI USA Small-Cap ETF,"August 31, 2019",Equity Real Estate Investment Trusts (REITs) — 9.6%,RLJ Lodging Trust,3315,53736,,
ESML,iShares ESG MSCI USA Small-Cap ETF,"August 31, 2019",Equity Real Estate Investment Trusts (REITs) — 9.6%,Sabra Health Care REIT Inc.,5757,124466,,
ESML,iShares ESG MSCI USA Small-Cap ETF,"August 31, 2019",Equity Real Estate Investment Trusts (REITs) — 9.6%,Senior Housing Properties Trust,3232,27440,,
ESML,iShares ESG MSCI USA Small-Cap ETF,"August 31, 2019",Equity Real Estate Investment Trusts (REITs) — 9.6%,STAG Industrial Inc.,1026,29836,,
ESML,iShares ESG MSCI USA Small-Cap ETF,"August 31, 2019",Equity Real Estate Investment Trusts (REITs) — 9.6%,STORE Capital Corp.,2292,86546,,
ESML,iShares ESG MSCI USA Small-Cap ETF,"August 31, 2019",Equity Real Estate Investment Trusts (REITs) — 9.6%,Sunstone Hotel Investors Inc.,2177,28606,,
ESML,iShares ESG MSCI USA Small-Cap ETF,"August 31, 2019",Equity Real Estate Investment Trusts (REITs) — 9.6%,Tanger Factory Outlet Centers Inc.,1919,27135,,
ESML,iShares ESG MSCI USA Small-Cap ETF,"August 31, 2019",Equity Real Estate Investment Trusts (REITs) — 9.6%,Taubman Centers Inc.,706,27569,,
ESML,iShares ESG MSCI USA Small-Cap ETF,"August 31, 2019",Equity Real Estate Investment Trusts (REITs) — 9.6%,Uniti Group Inc.,5071,37475,,
ESML,iShares ESG MSCI USA Small-Cap ETF,"August 31, 2019",Equity Real Estate Investment Trusts (REITs) — 9.6%,VICI Properties Inc.,12388,274518,,
ESML,iShares ESG MSCI USA Small-Cap ETF,"August 31, 2019",Equity Real Estate Investment Trusts (REITs) — 9.6%,Washington Prime Group Inc.,8824,28502,,
ESML,iShares ESG MSCI USA Small-Cap ETF,"August 31, 2019",Equity Real Estate Investment Trusts (REITs) — 9.6%,Washington REIT,1420,37616,5562487,
ESML,iShares ESG MSCI USA Small-Cap ETF,"August 31, 2019",Food & Staples Retailing — 1.1%,BJ’s Wholesale Club Holdings Inc. (a),2942,77257,,
ESML,iShares ESG MSCI USA Small-Cap ETF,"August 31, 2019",Food & Staples Retailing — 1.1%,Casey’s General Stores Inc.,489,82078,,
ESML,iShares ESG MSCI USA Small-Cap ETF,"August 31, 2019",Food & Staples Retailing — 1.1%,Performance Food Group Co. (a),2406,112577,,
ESML,iShares ESG MSCI USA Small-Cap ETF,"August 31, 2019",Food & Staples Retailing — 1.1%,PriceSmart Inc.,1165,70401,,
ESML,iShares ESG MSCI USA Small-Cap ETF,"August 31, 2019",Food & Staples Retailing — 1.1%,SpartanNash Co,2466,26559,,
ESML,iShares ESG MSCI USA Small-Cap ETF,"August 31, 2019",Food & Staples Retailing — 1.1%,Sprouts Farmers Market Inc. (a),2227,39975,,
ESML,iShares ESG MSCI USA Small-Cap ETF,"August 31, 2019",Food & Staples Retailing — 1.1%,U.S. Foods Holding Corp. (a),4620,186879,,
ESML,iShares ESG MSCI USA Small-Cap ETF,"August 31, 2019",Food & Staples Retailing — 1.1%,United Natural Foods Inc. (a),4079,32795,628521,
ESML,iShares ESG MSCI USA Small-Cap ETF,"August 31, 2019",Food Products — 1.0%,B&G Foods Inc.,1481,25073,,
ESML,iShares ESG MSCI USA Small-Cap ETF,"August 31, 2019",Food Products — 1.0%,Darling Ingredients Inc. (a),4593,85430,,
ESML,iShares ESG MSCI USA Small-Cap ETF,"August 31, 2019",Food Products — 1.0%,Farmer Bros. Co. (a),2144,26028,,
ESML,iShares ESG MSCI USA Small-Cap ETF,"August 31, 2019",Food Products — 1.0%,Flowers Foods Inc.,2861,65231,,
ESML,iShares ESG MSCI USA Small-Cap ETF,"August 31, 2019",Food Products — 1.0%,Fresh Del Monte Produce Inc.,1111,28930,,
ESML,iShares ESG MSCI USA Small-Cap ETF,"August 31, 2019",Food Products — 1.0%,Freshpet Inc. (a),1218,59780,,
ESML,iShares ESG MSCI USA Small-Cap ETF,"August 31, 2019",Food Products — 1.0%,Hain Celestial Group Inc. (The) (a),2767,52711,,
ESML,iShares ESG MSCI USA Small-Cap ETF,"August 31, 2019",Food Products — 1.0%,Pilgrim’s Pride Corp. (a),1038,32344,,
ESML,iShares ESG MSCI USA Small-Cap ETF,"August 31, 2019",Food Products — 1.0%,Post Holdings Inc. (a),830,82743,,
ESML,iShares ESG MSCI USA Small-Cap ETF,"August 31, 2019",Food Products — 1.0%,Sanderson Farms Inc.,201,30074,,
ESML,iShares ESG MSCI USA Small-Cap ETF,"August 31, 2019",Food Products — 1.0%,Simply Good Foods Co. (The) (a),2025,60001,,
ESML,iShares ESG MSCI USA Small-Cap ETF,"August 31, 2019",Food Products — 1.0%,TreeHouse Foods Inc. (a),1054,53385,601730,
ESML,iShares ESG MSCI USA Small-Cap ETF,"August 31, 2019",Gas Utilities — 1.1%,Chesapeake Utilities Corp.,317,29982,,
ESML,iShares ESG MSCI USA Small-Cap ETF,"August 31, 2019",Gas Utilities — 1.1%,National Fuel Gas Co.,1986,92826,,
ESML,iShares ESG MSCI USA Small-Cap ETF,"August 31, 2019",Gas Utilities — 1.1%,New Jersey Resources Corp.,1463,66917,,
ESML,iShares ESG MSCI USA Small-Cap ETF,"August 31, 2019",Gas Utilities — 1.1%,Northwest Natural Holding Co.,886,63225,,
ESML,iShares ESG MSCI USA Small-Cap ETF,"August 31, 2019",Gas Utilities — 1.1%,ONE Gas Inc.,1300,119093,,
ESML,iShares ESG MSCI USA Small-Cap ETF,"August 31, 2019",Gas Utilities — 1.1%,South Jersey Industries Inc.,2638,85313,,
ESML,iShares ESG MSCI USA Small-Cap ETF,"August 31, 2019",Gas Utilities — 1.1%,Southwest Gas Holdings Inc.,1744,159105,,
ESML,iShares ESG MSCI USA Small-Cap ETF,"August 31, 2019",Gas Utilities — 1.1%,Spire Inc.,352,29885,646346,
ESML,iShares ESG MSCI USA Small-Cap ETF,"August 31, 2019",Health Care Equipment & Supplies — 3.5%,AngioDynamics Inc. (a),1506,27665,,
ESML,iShares ESG MSCI USA Small-Cap ETF,"August 31, 2019",Health Care Equipment & Supplies — 3.5%,Antares Pharma Inc. (a)(b),9049,29319,,
ESML,iShares ESG MSCI USA Small-Cap ETF,"August 31, 2019",Health Care Equipment & Supplies — 3.5%,AtriCure Inc. (a),1318,36100,,
ESML,iShares ESG MSCI USA Small-Cap ETF,"August 31, 2019",Health Care Equipment & Supplies — 3.5%,Atrion Corp.,39,30309,,
ESML,iShares ESG MSCI USA Small-Cap ETF,"August 31, 2019",Health Care Equipment & Supplies — 3.5%,Avanos Medical Inc. (a),782,25947,,
ESML,iShares ESG MSCI USA Small-Cap ETF,"August 31, 2019",Health Care Equipment & Supplies — 3.5%,Cantel Medical Corp.,705,64811,,
ESML,iShares ESG MSCI USA Small-Cap ETF,"August 31, 2019",Health Care Equipment & Supplies — 3.5%,Cardiovascular Systems Inc. (a),1023,49544,,
ESML,iShares ESG MSCI USA Small-Cap ETF,"August 31, 2019",Health Care Equipment & Supplies — 3.5%,GenMark Diagnostics Inc. (a),4400,26356,,
ESML,iShares ESG MSCI USA Small-Cap ETF,"August 31, 2019",Health Care Equipment & Supplies — 3.5%,Glaukos Corp. (a),734,47204,,
ESML,iShares ESG MSCI USA Small-Cap ETF,"August 31, 2019",Health Care Equipment & Supplies — 3.5%,"Globus Medical Inc., Class A (a)",1589,81150,,
ESML,iShares ESG MSCI USA Small-Cap ETF,"August 31, 2019",Health Care Equipment & Supplies — 3.5%,Haemonetics Corp. (a),944,126052,,
ESML,iShares ESG MSCI USA Small-Cap ETF,"August 31, 2019",Health Care Equipment & Supplies — 3.5%,Heska Corp. (a)(b),392,27514,,
ESML,iShares ESG MSCI USA Small-Cap ETF,"August 31, 2019",Health Care Equipment & Supplies — 3.5%,Hill-Rom Holdings Inc.,1358,146229,,
ESML,iShares ESG MSCI USA Small-Cap ETF,"August 31, 2019",Health Care Equipment & Supplies — 3.5%,Inogen Inc. (a),659,30558,,
ESML,iShares ESG MSCI USA Small-Cap ETF,"August 31, 2019",Health Care Equipment & Supplies — 3.5%,Insulet Corp. (a)(b),831,128115,,
ESML,iShares ESG MSCI USA Small-Cap ETF,"August 31, 2019",Health Care Equipment & Supplies — 3.5%,Integer Holdings Corp. (a),438,31711,,
ESML,iShares ESG MSCI USA Small-Cap ETF,"August 31, 2019",Health Care Equipment & Supplies — 3.5%,Integra LifeSciences Holdings Corp. (a),601,36072,,
ESML,iShares ESG MSCI USA Small-Cap ETF,"August 31, 2019",Health Care Equipment & Supplies — 3.5%,iRhythm Technologies Inc. (a)(b),433,32960,,
ESML,iShares ESG MSCI USA Small-Cap ETF,"August 31, 2019",Health Care Equipment & Supplies — 3.5%,LeMaitre Vascular Inc.,911,28842,,
ESML,iShares ESG MSCI USA Small-Cap ETF,"August 31, 2019",Health Care Equipment & Supplies — 3.5%,LivaNova PLC (a),666,51702,,
ESML,iShares ESG MSCI USA Small-Cap ETF,"August 31, 2019",Health Care Equipment & Supplies — 3.5%,Merit Medical Systems Inc. (a),1561,54292,,
ESML,iShares ESG MSCI USA Small-Cap ETF,"August 31, 2019",Health Care Equipment & Supplies — 3.5%,Neogen Corp. (a),515,36318,,
ESML,iShares ESG MSCI USA Small-Cap ETF,"August 31, 2019",Health Care Equipment & Supplies — 3.5%,Nevro Corp. (a),484,40525,,
ESML,iShares ESG MSCI USA Small-Cap ETF,"August 31, 2019",Health Care Equipment & Supplies — 3.5%,Novocure Ltd. (a)(b),1161,105488,,
ESML,iShares ESG MSCI USA Small-Cap ETF,"August 31, 2019",Health Care Equipment & Supplies — 3.5%,NuVasive Inc. (a),831,52785,,
ESML,iShares ESG MSCI USA Small-Cap ETF,"August 31, 2019",Health Care Equipment & Supplies — 3.5%,OraSure Technologies Inc. (a),4914,32432,,
ESML,iShares ESG MSCI USA Small-Cap ETF,"August 31, 2019",Health Care Equipment & Supplies — 3.5%,Orthofix Medical Inc. (a),776,39452,,
ESML,iShares ESG MSCI USA Small-Cap ETF,"August 31, 2019",Health Care Equipment & Supplies — 3.5%,Penumbra Inc. (a)(b),692,100721,,
ESML,iShares ESG MSCI USA Small-Cap ETF,"August 31, 2019",Health Care Equipment & Supplies — 3.5%,Quidel Corp. (a),734,46279,,
ESML,iShares ESG MSCI USA Small-Cap ETF,"August 31, 2019",Health Care Equipment & Supplies — 3.5%,STAAR Surgical Co. (a),1017,30622,,
ESML,iShares ESG MSCI USA Small-Cap ETF,"August 31, 2019",Health Care Equipment & Supplies — 3.5%,Tactile Systems Technology Inc. (a),602,30365,,
ESML,iShares ESG MSCI USA Small-Cap ETF,"August 31, 2019",Health Care Equipment & Supplies — 3.5%,Tandem Diabetes Care Inc. (a),1086,78659,,
ESML,iShares ESG MSCI USA Small-Cap ETF,"August 31, 2019",Health Care Equipment & Supplies — 3.5%,Varex Imaging Corp. (a),1105,29117,,
ESML,iShares ESG MSCI USA Small-Cap ETF,"August 31, 2019",Health Care Equipment & Supplies — 3.5%,West Pharmaceutical Services Inc.,1937,281756,,
ESML,iShares ESG MSCI USA Small-Cap ETF,"August 31, 2019",Health Care Equipment & Supplies — 3.5%,Wright Medical Group NV (a),1345,28043,2045014,
ESML,iShares ESG MSCI USA Small-Cap ETF,"August 31, 2019",Health Care Providers & Services — 2.8%,Acadia Healthcare Co. Inc. (a),1370,36250,,
ESML,iShares ESG MSCI USA Small-Cap ETF,"August 31, 2019",Health Care Providers & Services — 2.8%,Addus HomeCare Corp. (a),448,39415,,
ESML,iShares ESG MSCI USA Small-Cap ETF,"August 31, 2019",Health Care Providers & Services — 2.8%,Amedisys Inc. (a),642,82632,,
ESML,iShares ESG MSCI USA Small-Cap ETF,"August 31, 2019",Health Care Providers & Services — 2.8%,AMN Healthcare Services Inc. (a),1368,79891,,
ESML,iShares ESG MSCI USA Small-Cap ETF,"August 31, 2019",Health Care Providers & Services — 2.8%,BioTelemetry Inc. (a),930,36874,,
ESML,iShares ESG MSCI USA Small-Cap ETF,"August 31, 2019",Health Care Providers & Services — 2.8%,Brookdale Senior Living Inc. (a),3720,30430,,
ESML,iShares ESG MSCI USA Small-Cap ETF,"August 31, 2019",Health Care Providers & Services — 2.8%,Chemed Corp.,177,76009,,
ESML,iShares ESG MSCI USA Small-Cap ETF,"August 31, 2019",Health Care Providers & Services — 2.8%,CorVel Corp. (a),402,33860,,
ESML,iShares ESG MSCI USA Small-Cap ETF,"August 31, 2019",Health Care Providers & Services — 2.8%,Covetrus Inc. (a)(b),2542,33783,,
ESML,iShares ESG MSCI USA Small-Cap ETF,"August 31, 2019",Health Care Providers & Services — 2.8%,Diplomat Pharmacy Inc. (a),5663,32902,,
ESML,iShares ESG MSCI USA Small-Cap ETF,"August 31, 2019",Health Care Providers & Services — 2.8%,Encompass Health Corp.,2139,130030,,
ESML,iShares ESG MSCI USA Small-Cap ETF,"August 31, 2019",Health Care Providers & Services — 2.8%,Ensign Group Inc. (The),969,48353,,
ESML,iShares ESG MSCI USA Small-Cap ETF,"August 31, 2019",Health Care Providers & Services — 2.8%,Guardant Health Inc. (a),619,54181,,
ESML,iShares ESG MSCI USA Small-Cap ETF,"August 31, 2019",Health Care Providers & Services — 2.8%,Hanger Inc. (a),1479,27924,,
ESML,iShares ESG MSCI USA Small-Cap ETF,"August 31, 2019",Health Care Providers & Services — 2.8%,HealthEquity Inc. (a),686,40721,,
ESML,iShares ESG MSCI USA Small-Cap ETF,"August 31, 2019",Health Care Providers & Services — 2.8%,LHC Group Inc. (a),693,82120,,
ESML,iShares ESG MSCI USA Small-Cap ETF,"August 31, 2019",Health Care Providers & Services — 2.8%,Magellan Health Inc. (a),333,20982,,
ESML,iShares ESG MSCI USA Small-Cap ETF,"August 31, 2019",Health Care Providers & Services — 2.8%,MEDNAX Inc. (a),1849,38977,,
ESML,iShares ESG MSCI USA Small-Cap ETF,"August 31, 2019",Health Care Providers & Services — 2.8%,Molina Healthcare Inc. (a),834,108654,,
ESML,iShares ESG MSCI USA Small-Cap ETF,"August 31, 2019",Health Care Providers & Services — 2.8%,National Research Corp.,1017,65119,,
ESML,iShares ESG MSCI USA Small-Cap ETF,"August 31, 2019",Health Care Providers & Services — 2.8%,Patterson Companies Inc.,6572,109884,,
ESML,iShares ESG MSCI USA Small-Cap ETF,"August 31, 2019",Health Care Providers & Services — 2.8%,PetIQ Inc. (a),925,29285,,
ESML,iShares ESG MSCI USA Small-Cap ETF,"August 31, 2019",Health Care Providers & Services — 2.8%,"Premier Inc., Class A (a)",2272,80111,,
ESML,iShares ESG MSCI USA Small-Cap ETF,"August 31, 2019",Health Care Providers & Services — 2.8%,Providence Service Corp. (The) (a),744,41820,,
ESML,iShares ESG MSCI USA Small-Cap ETF,"August 31, 2019",Health Care Providers & Services — 2.8%,R1 RCM Inc. (a),3670,42792,,
ESML,iShares ESG MSCI USA Small-Cap ETF,"August 31, 2019",Health Care Providers & Services — 2.8%,Select Medical Holdings Corp. (a),3566,57841,,
ESML,iShares ESG MSCI USA Small-Cap ETF,"August 31, 2019",Health Care Providers & Services — 2.8%,Tenet Healthcare Corp. (a),1487,32194,,
ESML,iShares ESG MSCI USA Small-Cap ETF,"August 31, 2019",Health Care Providers & Services — 2.8%,Tivity Health Inc. (a),2294,41888,,
ESML,iShares ESG MSCI USA Small-Cap ETF,"August 31, 2019",Health Care Providers & Services — 2.8%,U.S. Physical Therapy Inc.,604,80646,1615568,
ESML,iShares ESG MSCI USA Small-Cap ETF,"August 31, 2019",Health Care Technology — 0.6%,Allscripts Healthcare Solutions Inc. (a)(b),5737,52092,,
ESML,iShares ESG MSCI USA Small-Cap ETF,"August 31, 2019",Health Care Technology — 0.6%,HMS Holdings Corp. (a),1565,57169,,
ESML,iShares ESG MSCI USA Small-Cap ETF,"August 31, 2019",Health Care Technology — 0.6%,Medidata Solutions Inc. (a),1265,115849,,
ESML,iShares ESG MSCI USA Small-Cap ETF,"August 31, 2019",Health Care Technology — 0.6%,Omnicell Inc. (a),405,29079,,
ESML,iShares ESG MSCI USA Small-Cap ETF,"August 31, 2019",Health Care Technology — 0.6%,Teladoc Health Inc. (a)(b),1247,72176,,
ESML,iShares ESG MSCI USA Small-Cap ETF,"August 31, 2019",Health Care Technology — 0.6%,Vocera Communications Inc. (a)(b),1199,27517,353882,
ESML,iShares ESG MSCI USA Small-Cap ETF,"August 31, 2019","Hotels, Restaurants & Leisure — 2.7%",Boyd Gaming Corp.,1449,34834,,
ESML,iShares ESG MSCI USA Small-Cap ETF,"August 31, 2019","Hotels, Restaurants & Leisure — 2.7%",Brinker International Inc.,1162,44156,,
ESML,iShares ESG MSCI USA Small-Cap ETF,"August 31, 2019","Hotels, Restaurants & Leisure — 2.7%",Caesars Entertainment Corp. (a),12356,142218,,
ESML,iShares ESG MSCI USA Small-Cap ETF,"August 31, 2019","Hotels, Restaurants & Leisure — 2.7%",Churchill Downs Inc.,1017,125355,,
ESML,iShares ESG MSCI USA Small-Cap ETF,"August 31, 2019","Hotels, Restaurants & Leisure — 2.7%",Dave & Buster’s Entertainment Inc.,731,31470,,
ESML,iShares ESG MSCI USA Small-Cap ETF,"August 31, 2019","Hotels, Restaurants & Leisure — 2.7%",Dine Brands Global Inc.,542,38238,,
ESML,iShares ESG MSCI USA Small-Cap ETF,"August 31, 2019","Hotels, Restaurants & Leisure — 2.7%",Dunkin’ Brands Group Inc.,2590,213520,,
ESML,iShares ESG MSCI USA Small-Cap ETF,"August 31, 2019","Hotels, Restaurants & Leisure — 2.7%",El Pollo Loco Holdings Inc. (a),4283,43729,,
ESML,iShares ESG MSCI USA Small-Cap ETF,"August 31, 2019","Hotels, Restaurants & Leisure — 2.7%",Eldorado Resorts Inc. (a),1236,47598,,
ESML,iShares ESG MSCI USA Small-Cap ETF,"August 31, 2019","Hotels, Restaurants & Leisure — 2.7%",Everi Holdings Inc. (a),3118,27875,,
ESML,iShares ESG MSCI USA Small-Cap ETF,"August 31, 2019","Hotels, Restaurants & Leisure — 2.7%",Hilton Grand Vacations Inc. (a),1094,36944,,
ESML,iShares ESG MSCI USA Small-Cap ETF,"August 31, 2019","Hotels, Restaurants & Leisure — 2.7%","International Speedway Corp., Class A",628,28273,,
ESML,iShares ESG MSCI USA Small-Cap ETF,"August 31, 2019","Hotels, Restaurants & Leisure — 2.7%",Jack in the Box Inc.,384,32763,,
ESML,iShares ESG MSCI USA Small-Cap ETF,"August 31, 2019","Hotels, Restaurants & Leisure — 2.7%",Marriott Vacations Worldwide Corp.,633,62407,,
ESML,iShares ESG MSCI USA Small-Cap ETF,"August 31, 2019","Hotels, Restaurants & Leisure — 2.7%",Penn National Gaming Inc. (a),1995,38244,,
ESML,iShares ESG MSCI USA Small-Cap ETF,"August 31, 2019","Hotels, Restaurants & Leisure — 2.7%","Planet Fitness Inc., Class A (a)",1578,111423,,
ESML,iShares ESG MSCI USA Small-Cap ETF,"August 31, 2019","Hotels, Restaurants & Leisure — 2.7%",PlayAGS Inc. (a),2784,27116,,
ESML,iShares ESG MSCI USA Small-Cap ETF,"August 31, 2019","Hotels, Restaurants & Leisure — 2.7%",Red Robin Gourmet Burgers Inc. (a),931,31179,,
ESML,iShares ESG MSCI USA Small-Cap ETF,"August 31, 2019","Hotels, Restaurants & Leisure — 2.7%","Shake Shack Inc., Class A (a)",848,84088,,
ESML,iShares ESG MSCI USA Small-Cap ETF,"August 31, 2019","Hotels, Restaurants & Leisure — 2.7%",Six Flags Entertainment Corp.,906,53608,,
ESML,iShares ESG MSCI USA Small-Cap ETF,"August 31, 2019","Hotels, Restaurants & Leisure — 2.7%",Texas Roadhouse Inc.,564,29023,,
ESML,iShares ESG MSCI USA Small-Cap ETF,"August 31, 2019","Hotels, Restaurants & Leisure — 2.7%",Wendy’s Co. (The),4370,96140,,
ESML,iShares ESG MSCI USA Small-Cap ETF,"August 31, 2019","Hotels, Restaurants & Leisure — 2.7%",Wingstop Inc.,495,49584,,
ESML,iShares ESG MSCI USA Small-Cap ETF,"August 31, 2019","Hotels, Restaurants & Leisure — 2.7%",Wyndham Destinations Inc.,1025,45449,,
ESML,iShares ESG MSCI USA Small-Cap ETF,"August 31, 2019","Hotels, Restaurants & Leisure — 2.7%",Wyndham Hotels & Resorts Inc.,1443,74141,1549375,
ESML,iShares ESG MSCI USA Small-Cap ETF,"August 31, 2019",Household Durables — 1.3%,Century Communities Inc. (a)(b),1072,30209,,
ESML,iShares ESG MSCI USA Small-Cap ETF,"August 31, 2019",Household Durables — 1.3%,Ethan Allen Interiors Inc.,1595,27434,,
ESML,iShares ESG MSCI USA Small-Cap ETF,"August 31, 2019",Household Durables — 1.3%,Helen of Troy Ltd. (a),762,116975,,
ESML,iShares ESG MSCI USA Small-Cap ETF,"August 31, 2019",Household Durables — 1.3%,iRobot Corp. (a)(b),871,53836,,
ESML,iShares ESG MSCI USA Small-Cap ETF,"August 31, 2019",Household Durables — 1.3%,KB Home,2519,70759,,
ESML,iShares ESG MSCI USA Small-Cap ETF,"August 31, 2019",Household Durables — 1.3%,La-Z-Boy Inc.,1111,35408,,
ESML,iShares ESG MSCI USA Small-Cap ETF,"August 31, 2019",Household Durables — 1.3%,LGI Homes Inc. (a),608,49558,,
ESML,iShares ESG MSCI USA Small-Cap ETF,"August 31, 2019",Household Durables — 1.3%,MDC Holdings Inc.,861,33295,,
ESML,iShares ESG MSCI USA Small-Cap ETF,"August 31, 2019",Household Durables — 1.3%,Meritage Homes Corp. (a),719,46979,,
ESML,iShares ESG MSCI USA Small-Cap ETF,"August 31, 2019",Household Durables — 1.3%,"Taylor Morrison Home Corp., Class A (a)",1622,38701,,
ESML,iShares ESG MSCI USA Small-Cap ETF,"August 31, 2019",Household Durables — 1.3%,Tempur Sealy International Inc. (a),573,44190,,
ESML,iShares ESG MSCI USA Small-Cap ETF,"August 31, 2019",Household Durables — 1.3%,Toll Brothers Inc.,1722,62319,,
ESML,iShares ESG MSCI USA Small-Cap ETF,"August 31, 2019",Household Durables — 1.3%,TopBuild Corp. (a),562,52052,,
ESML,iShares ESG MSCI USA Small-Cap ETF,"August 31, 2019",Household Durables — 1.3%,TRI Pointe Group Inc. (a),2269,31766,,
ESML,iShares ESG MSCI USA Small-Cap ETF,"August 31, 2019",Household Durables — 1.3%,Tupperware Brands Corp.,2117,27542,721023,
ESML,iShares ESG MSCI USA Small-Cap ETF,"August 31, 2019",Household Products — 0.2%,Energizer Holdings Inc.,1525,58712,,
ESML,iShares ESG MSCI USA Small-Cap ETF,"August 31, 2019",Household Products — 0.2%,Spectrum Brands Holdings Inc.,573,32014,90726,
ESML,iShares ESG MSCI USA Small-Cap ETF,"August 31, 2019",Independent Power and Renewable Electricity Producers — 0.9%,"Clearway Energy Inc., Class C",4336,76747,,
ESML,iShares ESG MSCI USA Small-Cap ETF,"August 31, 2019",Independent Power and Renewable Electricity Producers — 0.9%,NextEra Energy Partners LP,2011,103064,,
ESML,iShares ESG MSCI USA Small-Cap ETF,"August 31, 2019",Independent Power and Renewable Electricity Producers — 0.9%,Ormat Technologies Inc.,1919,142524,,
ESML,iShares ESG MSCI USA Small-Cap ETF,"August 31, 2019",Independent Power and Renewable Electricity Producers — 0.9%,"Pattern Energy Group Inc., Class A",5006,135913,,
ESML,iShares ESG MSCI USA Small-Cap ETF,"August 31, 2019",Independent Power and Renewable Electricity Producers — 0.9%,"TerraForm Power Inc., Class A",4160,70554,528802,
ESML,iShares ESG MSCI USA Small-Cap ETF,"August 31, 2019",Industrial Conglomerates — 0.5%,Carlisle Companies Inc.,1409,204249,,
ESML,iShares ESG MSCI USA Small-Cap ETF,"August 31, 2019",Industrial Conglomerates — 0.5%,Raven Industries Inc.,2679,78146,282395,
ESML,iShares ESG MSCI USA Small-Cap ETF,"August 31, 2019",Insurance — 1.7%,American Equity Investment Life Holding Co.,688,14826,,
ESML,iShares ESG MSCI USA Small-Cap ETF,"August 31, 2019",Insurance — 1.7%,Assured Guaranty Ltd.,720,30636,,
ESML,iShares ESG MSCI USA Small-Cap ETF,"August 31, 2019",Insurance — 1.7%,Axis Capital Holdings Ltd.,1209,74221,,
ESML,iShares ESG MSCI USA Small-Cap ETF,"August 31, 2019",Insurance — 1.7%,Brown & Brown Inc.,3032,111851,,
ESML,iShares ESG MSCI USA Small-Cap ETF,"August 31, 2019",Insurance — 1.7%,"Crawford & Co., Class A, NVS",2805,27068,,
ESML,iShares ESG MSCI USA Small-Cap ETF,"August 31, 2019",Insurance — 1.7%,eHealth Inc. (a)(b),449,37406,,
ESML,iShares ESG MSCI USA Small-Cap ETF,"August 31, 2019",Insurance — 1.7%,First American Financial Corp.,3470,202822,,
ESML,iShares ESG MSCI USA Small-Cap ETF,"August 31, 2019",Insurance — 1.7%,"Genworth Financial Inc., Class A (a)",10930,48420,,
ESML,iShares ESG MSCI USA Small-Cap ETF,"August 31, 2019",Insurance — 1.7%,Hanover Insurance Group Inc. (The),803,106919,,
ESML,iShares ESG MSCI USA Small-Cap ETF,"August 31, 2019",Insurance — 1.7%,Horace Mann Educators Corp.,585,25664,,
ESML,iShares ESG MSCI USA Small-Cap ETF,"August 31, 2019",Insurance — 1.7%,Kemper Corp.,703,49196,,
ESML,iShares ESG MSCI USA Small-Cap ETF,"August 31, 2019",Insurance — 1.7%,Old Republic International Corp.,1283,29971,,
ESML,iShares ESG MSCI USA Small-Cap ETF,"August 31, 2019",Insurance — 1.7%,Primerica Inc.,670,79844,,
ESML,iShares ESG MSCI USA Small-Cap ETF,"August 31, 2019",Insurance — 1.7%,ProAssurance Corp.,760,29693,,
ESML,iShares ESG MSCI USA Small-Cap ETF,"August 31, 2019",Insurance — 1.7%,RLI Corp.,313,28661,,
ESML,iShares ESG MSCI USA Small-Cap ETF,"August 31, 2019",Insurance — 1.7%,Selective Insurance Group Inc.,466,37108,,
ESML,iShares ESG MSCI USA Small-Cap ETF,"August 31, 2019",Insurance — 1.7%,Universal Insurance Holdings Inc.,1060,26500,960806,
ESML,iShares ESG MSCI USA Small-Cap ETF,"August 31, 2019",Interactive Media & Services — 0.1%,Yelp Inc. (a),1116,37397,37397,
ESML,iShares ESG MSCI USA Small-Cap ETF,"August 31, 2019",Internet & Direct Marketing Retail — 0.4%,Etsy Inc. (a)(b),2215,116930,,
ESML,iShares ESG MSCI USA Small-Cap ETF,"August 31, 2019",Internet & Direct Marketing Retail — 0.4%,Groupon Inc. (a),12170,30182,,
ESML,iShares ESG MSCI USA Small-Cap ETF,"August 31, 2019",Internet & Direct Marketing Retail — 0.4%,Quotient Technology Inc. (a)(b),3701,27165,,
ESML,iShares ESG MSCI USA Small-Cap ETF,"August 31, 2019",Internet & Direct Marketing Retail — 0.4%,Shutterfly Inc. (a),1272,64719,238996,
ESML,iShares ESG MSCI USA Small-Cap ETF,"August 31, 2019",IT Services — 2.5%,Black Knight Inc. (a)(b),2535,157804,,
ESML,iShares ESG MSCI USA Small-Cap ETF,"August 31, 2019",IT Services — 2.5%,Booz Allen Hamilton Holding Corp.,3281,247748,,
ESML,iShares ESG MSCI USA Small-Cap ETF,"August 31, 2019",IT Services — 2.5%,"CACI International Inc., Class A (a)",190,42235,,
ESML,iShares ESG MSCI USA Small-Cap ETF,"August 31, 2019",IT Services — 2.5%,Carbonite Inc. (a),1857,22377,,
ESML,iShares ESG MSCI USA Small-Cap ETF,"August 31, 2019",IT Services — 2.5%,"Cardtronics PLC, Class A (a)",1026,30390,,
ESML,iShares ESG MSCI USA Small-Cap ETF,"August 31, 2019",IT Services — 2.5%,Cass Information Systems Inc.,576,29146,,
ESML,iShares ESG MSCI USA Small-Cap ETF,"August 31, 2019",IT Services — 2.5%,Conduent Inc. (a),8288,53955,,
ESML,iShares ESG MSCI USA Small-Cap ETF,"August 31, 2019",IT Services — 2.5%,CoreLogic Inc. (a),746,36106,,
ESML,iShares ESG MSCI USA Small-Cap ETF,"August 31, 2019",IT Services — 2.5%,CSG Systems International Inc.,578,31143,,
ESML,iShares ESG MSCI USA Small-Cap ETF,"August 31, 2019",IT Services — 2.5%,Euronet Worldwide Inc. (a),685,104901,,
ESML,iShares ESG MSCI USA Small-Cap ETF,"August 31, 2019",IT Services — 2.5%,ExlService Holdings Inc. (a),830,56191,,
ESML,iShares ESG MSCI USA Small-Cap ETF,"August 31, 2019",IT Services — 2.5%,KBR Inc.,1988,50734,,
ESML,iShares ESG MSCI USA Small-Cap ETF,"August 31, 2019",IT Services — 2.5%,Limelight Networks Inc. (a),12661,30766,,
ESML,iShares ESG MSCI USA Small-Cap ETF,"August 31, 2019",IT Services — 2.5%,LiveRamp Holdings Inc. (a),1067,45198,,
ESML,iShares ESG MSCI USA Small-Cap ETF,"August 31, 2019",IT Services — 2.5%,Perficient Inc. (a),941,34666,,
ESML,iShares ESG MSCI USA Small-Cap ETF,"August 31, 2019",IT Services — 2.5%,Perspecta Inc.,2388,61969,,
ESML,iShares ESG MSCI USA Small-Cap ETF,"August 31, 2019",IT Services — 2.5%,Science Applications International Corp.,625,55006,,
ESML,iShares ESG MSCI USA Small-Cap ETF,"August 31, 2019",IT Services — 2.5%,Sykes Enterprises Inc. (a),2286,66294,,
ESML,iShares ESG MSCI USA Small-Cap ETF,"August 31, 2019",IT Services — 2.5%,TTEC Holdings Inc.,608,28521,,
ESML,iShares ESG MSCI USA Small-Cap ETF,"August 31, 2019",IT Services — 2.5%,Virtusa Corp. (a),1593,57571,,
ESML,iShares ESG MSCI USA Small-Cap ETF,"August 31, 2019",IT Services — 2.5%,WEX Inc. (a),982,200868,1443589,
ESML,iShares ESG MSCI USA Small-Cap ETF,"August 31, 2019",Leisure Products — 0.4%,Callaway Golf Co.,3031,53831,,
ESML,iShares ESG MSCI USA Small-Cap ETF,"August 31, 2019",Leisure Products — 0.4%,"Johnson Outdoors Inc., Class A",489,27384,,
ESML,iShares ESG MSCI USA Small-Cap ETF,"August 31, 2019",Leisure Products — 0.4%,"Malibu Boats Inc., Class A (a)",1149,31965,,
ESML,iShares ESG MSCI USA Small-Cap ETF,"August 31, 2019",Leisure Products — 0.4%,Mattel Inc. (a)(b),8479,83094,,
ESML,iShares ESG MSCI USA Small-Cap ETF,"August 31, 2019",Leisure Products — 0.4%,YETI Holdings Inc. (a)(b),1096,30962,227236,
ESML,iShares ESG MSCI USA Small-Cap ETF,"August 31, 2019",Life Sciences Tools & Services — 1.0%,"Bio-Rad Laboratories Inc., Class A (a)",184,62139,,
ESML,iShares ESG MSCI USA Small-Cap ETF,"August 31, 2019",Life Sciences Tools & Services — 1.0%,Bio-Techne Corp.,479,91762,,
ESML,iShares ESG MSCI USA Small-Cap ETF,"August 31, 2019",Life Sciences Tools & Services — 1.0%,Bruker Corp.,2874,124070,,
ESML,iShares ESG MSCI USA Small-Cap ETF,"August 31, 2019",Life Sciences Tools & Services — 1.0%,Charles River Laboratories International Inc. (a),346,45395,,
ESML,iShares ESG MSCI USA Small-Cap ETF,"August 31, 2019",Life Sciences Tools & Services — 1.0%,Luminex Corp.,2158,44239,,
ESML,iShares ESG MSCI USA Small-Cap ETF,"August 31, 2019",Life Sciences Tools & Services — 1.0%,Medpace Holdings Inc. (a),362,29289,,
ESML,iShares ESG MSCI USA Small-Cap ETF,"August 31, 2019",Life Sciences Tools & Services — 1.0%,NeoGenomics Inc. (a),1968,49161,,
ESML,iShares ESG MSCI USA Small-Cap ETF,"August 31, 2019",Life Sciences Tools & Services — 1.0%,PRA Health Sciences Inc. (a),790,78084,,
ESML,iShares ESG MSCI USA Small-Cap ETF,"August 31, 2019",Life Sciences Tools & Services — 1.0%,Syneos Health Inc. (a),824,43285,567424,
ESML,iShares ESG MSCI USA Small-Cap ETF,"August 31, 2019",Machinery — 4.3%,"Actuant Corp., Class A",2131,47330,,
ESML,iShares ESG MSCI USA Small-Cap ETF,"August 31, 2019",Machinery — 4.3%,AGCO Corp.,1436,99256,,
ESML,iShares ESG MSCI USA Small-Cap ETF,"August 31, 2019",Machinery — 4.3%,Alamo Group Inc.,373,42589,,
ESML,iShares ESG MSCI USA Small-Cap ETF,"August 31, 2019",Machinery — 4.3%,Allison Transmission Holdings Inc.,3401,151106,,
ESML,iShares ESG MSCI USA Small-Cap ETF,"August 31, 2019",Machinery — 4.3%,Astec Industries Inc.,1220,33672,,
ESML,iShares ESG MSCI USA Small-Cap ETF,"August 31, 2019",Machinery — 4.3%,Barnes Group Inc.,1699,76200,,
ESML,iShares ESG MSCI USA Small-Cap ETF,"August 31, 2019",Machinery — 4.3%,Briggs & Stratton Corp.,6157,26598,,
ESML,iShares ESG MSCI USA Small-Cap ETF,"August 31, 2019",Machinery — 4.3%,Chart Industries Inc. (a),753,47319,,
ESML,iShares ESG MSCI USA Small-Cap ETF,"August 31, 2019",Machinery — 4.3%,Crane Co.,873,66558,,
ESML,iShares ESG MSCI USA Small-Cap ETF,"August 31, 2019",Machinery — 4.3%,Donaldson Co. Inc.,2914,140921,,
ESML,iShares ESG MSCI USA Small-Cap ETF,"August 31, 2019",Machinery — 4.3%,Douglas Dynamics Inc.,717,29942,,
ESML,iShares ESG MSCI USA Small-Cap ETF,"August 31, 2019",Machinery — 4.3%,ESCO Technologies Inc.,1058,80546,,
ESML,iShares ESG MSCI USA Small-Cap ETF,"August 31, 2019",Machinery — 4.3%,Evoqua Water Technologies Corp. (a),2725,42129,,
ESML,iShares ESG MSCI USA Small-Cap ETF,"August 31, 2019",Machinery — 4.3%,Federal Signal Corp.,1524,45278,,
ESML,iShares ESG MSCI USA Small-Cap ETF,"August 31, 2019",Machinery — 4.3%,Franklin Electric Co. Inc.,1561,71572,,
ESML,iShares ESG MSCI USA Small-Cap ETF,"August 31, 2019",Machinery — 4.3%,Gardner Denver Holdings Inc. (a)(b),2187,62723,,
ESML,iShares ESG MSCI USA Small-Cap ETF,"August 31, 2019",Machinery — 4.3%,Gates Industrial Corp. PLC (a)(b),3560,30972,,
ESML,iShares ESG MSCI USA Small-Cap ETF,"August 31, 2019",Machinery — 4.3%,Graco Inc.,1086,49489,,
ESML,iShares ESG MSCI USA Small-Cap ETF,"August 31, 2019",Machinery — 4.3%,Hillenbrand Inc.,1046,28702,,
ESML,iShares ESG MSCI USA Small-Cap ETF,"August 31, 2019",Machinery — 4.3%,Hyster-Yale Materials Handling Inc.,507,27657,,
ESML,iShares ESG MSCI USA Small-Cap ETF,"August 31, 2019",Machinery — 4.3%,ITT Inc.,1557,88624,,
ESML,iShares ESG MSCI USA Small-Cap ETF,"August 31, 2019",Machinery — 4.3%,John Bean Technologies Corp.,410,41951,,
ESML,iShares ESG MSCI USA Small-Cap ETF,"August 31, 2019",Machinery — 4.3%,Kennametal Inc.,1046,31265,,
ESML,iShares ESG MSCI USA Small-Cap ETF,"August 31, 2019",Machinery — 4.3%,Lincoln Electric Holdings Inc.,911,75212,,
ESML,iShares ESG MSCI USA Small-Cap ETF,"August 31, 2019",Machinery — 4.3%,Lindsay Corp.,473,41747,,
ESML,iShares ESG MSCI USA Small-Cap ETF,"August 31, 2019",Machinery — 4.3%,Meritor Inc. (a),1892,31823,,
ESML,iShares ESG MSCI USA Small-Cap ETF,"August 31, 2019",Machinery — 4.3%,Navistar International Corp. (a),1855,42665,,
ESML,iShares ESG MSCI USA Small-Cap ETF,"August 31, 2019",Machinery — 4.3%,Nordson Corp.,588,79944,,
ESML,iShares ESG MSCI USA Small-Cap ETF,"August 31, 2019",Machinery — 4.3%,Oshkosh Corp.,2520,177080,,
ESML,iShares ESG MSCI USA Small-Cap ETF,"August 31, 2019",Machinery — 4.3%,Proto Labs Inc. (a),598,56655,,
ESML,iShares ESG MSCI USA Small-Cap ETF,"August 31, 2019",Machinery — 4.3%,Rexnord Corp. (a),1242,32516,,
ESML,iShares ESG MSCI USA Small-Cap ETF,"August 31, 2019",Machinery — 4.3%,Tennant Co.,420,28724,,
ESML,iShares ESG MSCI USA Small-Cap ETF,"August 31, 2019",Machinery — 4.3%,Terex Corp.,1294,32130,,
ESML,iShares ESG MSCI USA Small-Cap ETF,"August 31, 2019",Machinery — 4.3%,Toro Co. (The),2316,166775,,
ESML,iShares ESG MSCI USA Small-Cap ETF,"August 31, 2019",Machinery — 4.3%,TriMas Corp. (a),1439,42278,,
ESML,iShares ESG MSCI USA Small-Cap ETF,"August 31, 2019",Machinery — 4.3%,Wabash National Corp.,2247,30649,,
ESML,iShares ESG MSCI USA Small-Cap ETF,"August 31, 2019",Machinery — 4.3%,"Watts Water Technologies Inc., Class A",646,59193,,
ESML,iShares ESG MSCI USA Small-Cap ETF,"August 31, 2019",Machinery — 4.3%,Welbilt Inc. (a)(b),3900,61386,,
ESML,iShares ESG MSCI USA Small-Cap ETF,"August 31, 2019",Machinery — 4.3%,Woodward Inc.,1501,161883,2483059,
ESML,iShares ESG MSCI USA Small-Cap ETF,"August 31, 2019",Media — 1.2%,Cable One Inc.,76,98619,,
ESML,iShares ESG MSCI USA Small-Cap ETF,"August 31, 2019",Media — 1.2%,Gannett Co. Inc.,4498,47319,,
ESML,iShares ESG MSCI USA Small-Cap ETF,"August 31, 2019",Media — 1.2%,Gray Television Inc. (a)(b),1930,29529,,
ESML,iShares ESG MSCI USA Small-Cap ETF,"August 31, 2019",Media — 1.2%,Hemisphere Media Group Inc. (a),3592,42637,,
ESML,iShares ESG MSCI USA Small-Cap ETF,"August 31, 2019",Media — 1.2%,"John Wiley & Sons Inc., Class A",2216,98612,,
ESML,iShares ESG MSCI USA Small-Cap ETF,"August 31, 2019",Media — 1.2%,"Liberty Latin America Ltd., Class C, NVS (a)",1892,31199,,
ESML,iShares ESG MSCI USA Small-Cap ETF,"August 31, 2019",Media — 1.2%,Loral Space & Communications Inc. (a),919,33994,,
ESML,iShares ESG MSCI USA Small-Cap ETF,"August 31, 2019",Media — 1.2%,"New York Times Co. (The), Class A",3661,106901,,
ESML,iShares ESG MSCI USA Small-Cap ETF,"August 31, 2019",Media — 1.2%,"Nexstar Media Group Inc., Class A",587,58048,,
ESML,iShares ESG MSCI USA Small-Cap ETF,"August 31, 2019",Media — 1.2%,"Sinclair Broadcast Group Inc., Class A",1024,45640,,
ESML,iShares ESG MSCI USA Small-Cap ETF,"August 31, 2019",Media — 1.2%,TEGNA Inc.,3563,50987,,
ESML,iShares ESG MSCI USA Small-Cap ETF,"August 31, 2019",Media — 1.2%,"Tribune Media Co., Class A",1350,62883,706368,
ESML,iShares ESG MSCI USA Small-Cap ETF,"August 31, 2019",Metals & Mining — 1.3%,Alcoa Corp. (a)(b),3799,68116,,
ESML,iShares ESG MSCI USA Small-Cap ETF,"August 31, 2019",Metals & Mining — 1.3%,Century Aluminum Co. (a),4981,27445,,
ESML,iShares ESG MSCI USA Small-Cap ETF,"August 31, 2019",Metals & Mining — 1.3%,Cleveland-Cliffs Inc.,3804,30204,,
ESML,iShares ESG MSCI USA Small-Cap ETF,"August 31, 2019",Metals & Mining — 1.3%,Commercial Metals Co.,2138,33503,,
ESML,iShares ESG MSCI USA Small-Cap ETF,"August 31, 2019",Metals & Mining — 1.3%,Compass Minerals International Inc.,1060,52714,,
ESML,iShares ESG MSCI USA Small-Cap ETF,"August 31, 2019",Metals & Mining — 1.3%,Reliance Steel & Aluminum Co.,2292,222851,,
ESML,iShares ESG MSCI USA Small-Cap ETF,"August 31, 2019",Metals & Mining — 1.3%,Royal Gold Inc.,1809,241284,,
ESML,iShares ESG MSCI USA Small-Cap ETF,"August 31, 2019",Metals & Mining — 1.3%,"Schnitzer Steel Industries Inc., Class A",3030,67084,743201,
ESML,iShares ESG MSCI USA Small-Cap ETF,"August 31, 2019",Mortgage Real Estate Investment — 0.7%,Apollo Commercial Real Estate Finance Inc.,4123,76482,,
ESML,iShares ESG MSCI USA Small-Cap ETF,"August 31, 2019",Mortgage Real Estate Investment — 0.7%,Arbor Realty Trust Inc.,2341,29379,,
ESML,iShares ESG MSCI USA Small-Cap ETF,"August 31, 2019",Mortgage Real Estate Investment — 0.7%,Capstead Mortgage Corp.,3579,26019,,
ESML,iShares ESG MSCI USA Small-Cap ETF,"August 31, 2019",Mortgage Real Estate Investment — 0.7%,Chimera Investment Corp.,2698,51451,,
ESML,iShares ESG MSCI USA Small-Cap ETF,"August 31, 2019",Mortgage Real Estate Investment — 0.7%,Granite Point Mortgage Trust Inc.,1994,36470,,
ESML,iShares ESG MSCI USA Small-Cap ETF,"August 31, 2019",Mortgage Real Estate Investment — 0.7%,New Residential Investment Corp.,2024,28478,,
ESML,iShares ESG MSCI USA Small-Cap ETF,"August 31, 2019",Mortgage Real Estate Investment — 0.7%,Redwood Trust Inc.,3089,51277,,
ESML,iShares ESG MSCI USA Small-Cap ETF,"August 31, 2019",Mortgage Real Estate Investment — 0.7%,Starwood Property Trust Inc.,3297,77249,376805,
ESML,iShares ESG MSCI USA Small-Cap ETF,"August 31, 2019",Multi-Utilities — 0.5%,Avista Corp.,3799,178173,,
ESML,iShares ESG MSCI USA Small-Cap ETF,"August 31, 2019",Multi-Utilities — 0.5%,Black Hills Corp.,390,29917,,
ESML,iShares ESG MSCI USA Small-Cap ETF,"August 31, 2019",Multi-Utilities — 0.5%,MDU Resources Group Inc.,2329,62627,270717,
ESML,iShares ESG MSCI USA Small-Cap ETF,"August 31, 2019",Multiline Retail — 0.1%,Big Lots Inc.,1403,31918,,
ESML,iShares ESG MSCI USA Small-Cap ETF,"August 31, 2019",Multiline Retail — 0.1%,Ollie’s Bargain Outlet Holdings Inc. (a),380,21071,52989,
ESML,iShares ESG MSCI USA Small-Cap ETF,"August 31, 2019","Oil, Gas & Consumable Fuels — 1.8%",Antero Midstream Corp.,4842,34427,,
ESML,iShares ESG MSCI USA Small-Cap ETF,"August 31, 2019","Oil, Gas & Consumable Fuels — 1.8%",Antero Resources Corp. (a),8212,26032,,
ESML,iShares ESG MSCI USA Small-Cap ETF,"August 31, 2019","Oil, Gas & Consumable Fuels — 1.8%",Callon Petroleum Co. (a)(b),6584,27060,,
ESML,iShares ESG MSCI USA Small-Cap ETF,"August 31, 2019","Oil, Gas & Consumable Fuels — 1.8%",Chesapeake Energy Corp. (a),21760,31334,,
ESML,iShares ESG MSCI USA Small-Cap ETF,"August 31, 2019","Oil, Gas & Consumable Fuels — 1.8%",Clean Energy Fuels Corp. (a),14264,28385,,
ESML,iShares ESG MSCI USA Small-Cap ETF,"August 31, 2019","Oil, Gas & Consumable Fuels — 1.8%",CNX Resources Corp. (a)(b),4108,32741,,
ESML,iShares ESG MSCI USA Small-Cap ETF,"August 31, 2019","Oil, Gas & Consumable Fuels — 1.8%",Delek U.S. Holdings Inc.,1746,57182,,
ESML,iShares ESG MSCI USA Small-Cap ETF,"August 31, 2019","Oil, Gas & Consumable Fuels — 1.8%",Denbury Resources Inc. (a),28377,30647,,
ESML,iShares ESG MSCI USA Small-Cap ETF,"August 31, 2019","Oil, Gas & Consumable Fuels — 1.8%",EnLink Midstream LLC,5941,47172,,
ESML,iShares ESG MSCI USA Small-Cap ETF,"August 31, 2019","Oil, Gas & Consumable Fuels — 1.8%",EQT Corp.,4473,45490,,
ESML,iShares ESG MSCI USA Small-Cap ETF,"August 31, 2019","Oil, Gas & Consumable Fuels — 1.8%",Equitrans Midstream Corp.,3777,50952,,
ESML,iShares ESG MSCI USA Small-Cap ETF,"August 31, 2019","Oil, Gas & Consumable Fuels — 1.8%",Kosmos Energy Ltd.,10529,66543,,
ESML,iShares ESG MSCI USA Small-Cap ETF,"August 31, 2019","Oil, Gas & Consumable Fuels — 1.8%",Matador Resources Co. (a),2056,32176,,
ESML,iShares ESG MSCI USA Small-Cap ETF,"August 31, 2019","Oil, Gas & Consumable Fuels — 1.8%",Murphy Oil Corp.,1794,32705,,
ESML,iShares ESG MSCI USA Small-Cap ETF,"August 31, 2019","Oil, Gas & Consumable Fuels — 1.8%",Oasis Petroleum Inc. (a),9735,30373,,
ESML,iShares ESG MSCI USA Small-Cap ETF,"August 31, 2019","Oil, Gas & Consumable Fuels — 1.8%","PBF Energy Inc., Class A",1890,44793,,
ESML,iShares ESG MSCI USA Small-Cap ETF,"August 31, 2019","Oil, Gas & Consumable Fuels — 1.8%",PDC Energy Inc. (a),1109,35322,,
ESML,iShares ESG MSCI USA Small-Cap ETF,"August 31, 2019","Oil, Gas & Consumable Fuels — 1.8%",Peabody Energy Corp.,1772,32658,,
ESML,iShares ESG MSCI USA Small-Cap ETF,"August 31, 2019","Oil, Gas & Consumable Fuels — 1.8%",QEP Resources Inc.,7514,26750,,
ESML,iShares ESG MSCI USA Small-Cap ETF,"August 31, 2019","Oil, Gas & Consumable Fuels — 1.8%",Range Resources Corp.,7010,24956,,
ESML,iShares ESG MSCI USA Small-Cap ETF,"August 31, 2019","Oil, Gas & Consumable Fuels — 1.8%",SM Energy Co.,3089,29284,,
ESML,iShares ESG MSCI USA Small-Cap ETF,"August 31, 2019","Oil, Gas & Consumable Fuels — 1.8%",Southwestern Energy Co. (a),16421,25945,,
ESML,iShares ESG MSCI USA Small-Cap ETF,"August 31, 2019","Oil, Gas & Consumable Fuels — 1.8%",Tallgrass Energy LP,1997,39101,,
ESML,iShares ESG MSCI USA Small-Cap ETF,"August 31, 2019","Oil, Gas & Consumable Fuels — 1.8%",Texas Pacific Land Trust,64,41933,,
ESML,iShares ESG MSCI USA Small-Cap ETF,"August 31, 2019","Oil, Gas & Consumable Fuels — 1.8%",Whiting Petroleum Corp. (a)(b),3423,22694,,
ESML,iShares ESG MSCI USA Small-Cap ETF,"August 31, 2019","Oil, Gas & Consumable Fuels — 1.8%",World Fuel Services Corp.,1813,69619,,
ESML,iShares ESG MSCI USA Small-Cap ETF,"August 31, 2019","Oil, Gas & Consumable Fuels — 1.8%",WPX Energy Inc. (a),5805,62462,1028736,
ESML,iShares ESG MSCI USA Small-Cap ETF,"August 31, 2019",Paper & Forest Products — 0.5%,Boise Cascade Co.,4556,143058,,
ESML,iShares ESG MSCI USA Small-Cap ETF,"August 31, 2019",Paper & Forest Products — 0.5%,Domtar Corp.,2279,75093,,
ESML,iShares ESG MSCI USA Small-Cap ETF,"August 31, 2019",Paper & Forest Products — 0.5%,Louisiana-Pacific Corp.,3012,72409,290560,
ESML,iShares ESG MSCI USA Small-Cap ETF,"August 31, 2019",Personal Products — 0.4%,Avon Products Inc. (a),7821,34021,,
ESML,iShares ESG MSCI USA Small-Cap ETF,"August 31, 2019",Personal Products — 0.4%,Edgewell Personal Care Co. (a),1036,28842,,
ESML,iShares ESG MSCI USA Small-Cap ETF,"August 31, 2019",Personal Products — 0.4%,Herbalife Nutrition Ltd. (a),2273,78259,,
ESML,iShares ESG MSCI USA Small-Cap ETF,"August 31, 2019",Personal Products — 0.4%,Medifast Inc.,440,43983,,
ESML,iShares ESG MSCI USA Small-Cap ETF,"August 31, 2019",Personal Products — 0.4%,"Nu Skin Enterprises Inc., Class A",825,33512,,
ESML,iShares ESG MSCI USA Small-Cap ETF,"August 31, 2019",Personal Products — 0.4%,USANA Health Sciences Inc. (a),434,29499,248116,
ESML,iShares ESG MSCI USA Small-Cap ETF,"August 31, 2019",Pharmaceuticals — 1.3%,Aerie Pharmaceuticals Inc. (a),1149,24887,,
ESML,iShares ESG MSCI USA Small-Cap ETF,"August 31, 2019",Pharmaceuticals — 1.3%,Axsome Therapeutics Inc. (a),1236,31456,,
ESML,iShares ESG MSCI USA Small-Cap ETF,"August 31, 2019",Pharmaceuticals — 1.3%,Catalent Inc. (a),2893,152577,,
ESML,iShares ESG MSCI USA Small-Cap ETF,"August 31, 2019",Pharmaceuticals — 1.3%,Corcept Therapeutics Inc. (a),2231,28133,,
ESML,iShares ESG MSCI USA Small-Cap ETF,"August 31, 2019",Pharmaceuticals — 1.3%,Cymabay Therapeutics Inc. (a),4812,28487,,
ESML,iShares ESG MSCI USA Small-Cap ETF,"August 31, 2019",Pharmaceuticals — 1.3%,Horizon Therapeutics PLC (a),3201,88444,,
ESML,iShares ESG MSCI USA Small-Cap ETF,"August 31, 2019",Pharmaceuticals — 1.3%,Intersect ENT Inc. (a)(b),1909,31269,,
ESML,iShares ESG MSCI USA Small-Cap ETF,"August 31, 2019",Pharmaceuticals — 1.3%,Intra-Cellular Therapies Inc. (a),3129,26784,,
ESML,iShares ESG MSCI USA Small-Cap ETF,"August 31, 2019",Pharmaceuticals — 1.3%,MyoKardia Inc. (a)(b),876,47103,,
ESML,iShares ESG MSCI USA Small-Cap ETF,"August 31, 2019",Pharmaceuticals — 1.3%,Omeros Corp. (a)(b),1579,29196,,
ESML,iShares ESG MSCI USA Small-Cap ETF,"August 31, 2019",Pharmaceuticals — 1.3%,Pacira BioScience Inc. (a),725,26999,,
ESML,iShares ESG MSCI USA Small-Cap ETF,"August 31, 2019",Pharmaceuticals — 1.3%,"Phibro Animal Health Corp., Class A",1037,21414,,
ESML,iShares ESG MSCI USA Small-Cap ETF,"August 31, 2019",Pharmaceuticals — 1.3%,"Reata Pharmaceuticals Inc., Class A (a)",472,36391,,
ESML,iShares ESG MSCI USA Small-Cap ETF,"August 31, 2019",Pharmaceuticals — 1.3%,Revance Therapeutics Inc. (a)(b),2591,27465,,
ESML,iShares ESG MSCI USA Small-Cap ETF,"August 31, 2019",Pharmaceuticals — 1.3%,Supernus Pharmaceuticals Inc. (a),1046,28273,,
ESML,iShares ESG MSCI USA Small-Cap ETF,"August 31, 2019",Pharmaceuticals — 1.3%,Theravance Biopharma Inc. (a),1682,37055,,
ESML,iShares ESG MSCI USA Small-Cap ETF,"August 31, 2019",Pharmaceuticals — 1.3%,"Tilray Inc., Class 2 (a)",805,20664,,
ESML,iShares ESG MSCI USA Small-Cap ETF,"August 31, 2019",Pharmaceuticals — 1.3%,Tricida Inc. (a),865,30180,,
ESML,iShares ESG MSCI USA Small-Cap ETF,"August 31, 2019",Pharmaceuticals — 1.3%,Zogenix Inc. (a)(b),949,40513,757290,
ESML,iShares ESG MSCI USA Small-Cap ETF,"August 31, 2019",Professional Services — 1.5%,ASGN Inc. (a),1141,71278,,
ESML,iShares ESG MSCI USA Small-Cap ETF,"August 31, 2019",Professional Services — 1.5%,Exponent Inc.,645,45724,,
ESML,iShares ESG MSCI USA Small-Cap ETF,"August 31, 2019",Professional Services — 1.5%,FTI Consulting Inc. (a),1054,113980,,
ESML,iShares ESG MSCI USA Small-Cap ETF,"August 31, 2019",Professional Services — 1.5%,Heidrick & Struggles International Inc.,1058,28090,,
ESML,iShares ESG MSCI USA Small-Cap ETF,"August 31, 2019",Professional Services — 1.5%,Huron Consulting Group Inc. (a),472,28891,,
ESML,iShares ESG MSCI USA Small-Cap ETF,"August 31, 2019",Professional Services — 1.5%,ICF International Inc.,923,78141,,
ESML,iShares ESG MSCI USA Small-Cap ETF,"August 31, 2019",Professional Services — 1.5%,Insperity Inc.,895,88659,,
ESML,iShares ESG MSCI USA Small-Cap ETF,"August 31, 2019",Professional Services — 1.5%,"Kelly Services Inc., Class A, NVS",2908,70403,,
ESML,iShares ESG MSCI USA Small-Cap ETF,"August 31, 2019",Professional Services — 1.5%,Kforce Inc.,865,28147,,
ESML,iShares ESG MSCI USA Small-Cap ETF,"August 31, 2019",Professional Services — 1.5%,Korn Ferry,1676,65498,,
ESML,iShares ESG MSCI USA Small-Cap ETF,"August 31, 2019",Professional Services — 1.5%,Navigant Consulting Inc.,2251,62735,,
ESML,iShares ESG MSCI USA Small-Cap ETF,"August 31, 2019",Professional Services — 1.5%,Resources Connection Inc.,1695,28052,,
ESML,iShares ESG MSCI USA Small-Cap ETF,"August 31, 2019",Professional Services — 1.5%,TriNet Group Inc. (a),1440,96667,,
ESML,iShares ESG MSCI USA Small-Cap ETF,"August 31, 2019",Professional Services — 1.5%,TrueBlue Inc. (a),2462,47788,854053,
ESML,iShares ESG MSCI USA Small-Cap ETF,"August 31, 2019",Real Estate Management & Development — 0.8%,Cushman & Wakefield PLC (a),4701,79165,,
ESML,iShares ESG MSCI USA Small-Cap ETF,"August 31, 2019",Real Estate Management & Development — 0.8%,Howard Hughes Corp. (The) (a),1055,133215,,
ESML,iShares ESG MSCI USA Small-Cap ETF,"August 31, 2019",Real Estate Management & Development — 0.8%,Kennedy-Wilson Holdings Inc.,1730,36295,,
ESML,iShares ESG MSCI USA Small-Cap ETF,"August 31, 2019",Real Estate Management & Development — 0.8%,Marcus & Millichap Inc. (a),2187,78907,,
ESML,iShares ESG MSCI USA Small-Cap ETF,"August 31, 2019",Real Estate Management & Development — 0.8%,Realogy Holdings Corp.,4697,22452,,
ESML,iShares ESG MSCI USA Small-Cap ETF,"August 31, 2019",Real Estate Management & Development — 0.8%,Redfin Corp. (a)(b),1766,29828,,
ESML,iShares ESG MSCI USA Small-Cap ETF,"August 31, 2019",Real Estate Management & Development — 0.8%,St. Joe Co. (The) (a),1788,32148,,
ESML,iShares ESG MSCI USA Small-Cap ETF,"August 31, 2019",Real Estate Management & Development — 0.8%,Tejon Ranch Co. (a),1641,27470,439480,
ESML,iShares ESG MSCI USA Small-Cap ETF,"August 31, 2019",Road & Rail — 0.8%,ArcBest Corp.,1180,34940,,
ESML,iShares ESG MSCI USA Small-Cap ETF,"August 31, 2019",Road & Rail — 0.8%,Avis Budget Group Inc. (a)(b),1525,37774,,
ESML,iShares ESG MSCI USA Small-Cap ETF,"August 31, 2019",Road & Rail — 0.8%,"Genesee & Wyoming Inc., Class A (a)",1205,133610,,
ESML,iShares ESG MSCI USA Small-Cap ETF,"August 31, 2019",Road & Rail — 0.8%,Hertz Global Holdings Inc. (a),2735,33121,,
ESML,iShares ESG MSCI USA Small-Cap ETF,"August 31, 2019",Road & Rail — 0.8%,Landstar System Inc.,282,31449,,
ESML,iShares ESG MSCI USA Small-Cap ETF,"August 31, 2019",Road & Rail — 0.8%,Ryder System Inc.,2430,117053,,
ESML,iShares ESG MSCI USA Small-Cap ETF,"August 31, 2019",Road & Rail — 0.8%,"Schneider National Inc., Class B",3168,61586,449533,
ESML,iShares ESG MSCI USA Small-Cap ETF,"August 31, 2019",Semiconductors & Semiconductor Equipment — 3.1%,Brooks Automation Inc.,1496,49862,,
ESML,iShares ESG MSCI USA Small-Cap ETF,"August 31, 2019",Semiconductors & Semiconductor Equipment — 3.1%,Cabot Microelectronics Corp.,888,110689,,
ESML,iShares ESG MSCI USA Small-Cap ETF,"August 31, 2019",Semiconductors & Semiconductor Equipment — 3.1%,Cirrus Logic Inc. (a),2132,114361,,
ESML,iShares ESG MSCI USA Small-Cap ETF,"August 31, 2019",Semiconductors & Semiconductor Equipment — 3.1%,Cree Inc. (a),2393,102732,,
ESML,iShares ESG MSCI USA Small-Cap ETF,"August 31, 2019",Semiconductors & Semiconductor Equipment — 3.1%,Cypress Semiconductor Corp.,6040,138980,,
ESML,iShares ESG MSCI USA Small-Cap ETF,"August 31, 2019",Semiconductors & Semiconductor Equipment — 3.1%,Enphase Energy Inc. (a),1279,37948,,
ESML,iShares ESG MSCI USA Small-Cap ETF,"August 31, 2019",Semiconductors & Semiconductor Equipment — 3.1%,Entegris Inc.,2812,120438,,
ESML,iShares ESG MSCI USA Small-Cap ETF,"August 31, 2019",Semiconductors & Semiconductor Equipment — 3.1%,First Solar Inc. (a),1833,113774,,
ESML,iShares ESG MSCI USA Small-Cap ETF,"August 31, 2019",Semiconductors & Semiconductor Equipment — 3.1%,Ichor Holdings Ltd. (a),1372,29169,,
ESML,iShares ESG MSCI USA Small-Cap ETF,"August 31, 2019",Semiconductors & Semiconductor Equipment — 3.1%,Inphi Corp. (a),616,37693,,
ESML,iShares ESG MSCI USA Small-Cap ETF,"August 31, 2019",Semiconductors & Semiconductor Equipment — 3.1%,Kulicke & Soffa Industries Inc.,3168,65989,,
ESML,iShares ESG MSCI USA Small-Cap ETF,"August 31, 2019",Semiconductors & Semiconductor Equipment — 3.1%,Lattice Semiconductor Corp. (a),2250,44303,,
ESML,iShares ESG MSCI USA Small-Cap ETF,"August 31, 2019",Semiconductors & Semiconductor Equipment — 3.1%,Mellanox Technologies Ltd. (a)(b),869,93026,,
ESML,iShares ESG MSCI USA Small-Cap ETF,"August 31, 2019",Semiconductors & Semiconductor Equipment — 3.1%,MKS Instruments Inc.,626,49010,,
ESML,iShares ESG MSCI USA Small-Cap ETF,"August 31, 2019",Semiconductors & Semiconductor Equipment — 3.1%,Nanometrics Inc. (a),1239,33812,,
ESML,iShares ESG MSCI USA Small-Cap ETF,"August 31, 2019",Semiconductors & Semiconductor Equipment — 3.1%,NVE Corp.,426,27349,,
ESML,iShares ESG MSCI USA Small-Cap ETF,"August 31, 2019",Semiconductors & Semiconductor Equipment — 3.1%,Power Integrations Inc.,599,53323,,
ESML,iShares ESG MSCI USA Small-Cap ETF,"August 31, 2019",Semiconductors & Semiconductor Equipment — 3.1%,Rambus Inc. (a),2586,32428,,
ESML,iShares ESG MSCI USA Small-Cap ETF,"August 31, 2019",Semiconductors & Semiconductor Equipment — 3.1%,Semtech Corp. (a),1043,43775,,
ESML,iShares ESG MSCI USA Small-Cap ETF,"August 31, 2019",Semiconductors & Semiconductor Equipment — 3.1%,Silicon Laboratories Inc. (a),1020,111180,,
ESML,iShares ESG MSCI USA Small-Cap ETF,"August 31, 2019",Semiconductors & Semiconductor Equipment — 3.1%,SolarEdge Technologies Inc. (a),712,58327,,
ESML,iShares ESG MSCI USA Small-Cap ETF,"August 31, 2019",Semiconductors & Semiconductor Equipment — 3.1%,Teradyne Inc.,2769,146674,,
ESML,iShares ESG MSCI USA Small-Cap ETF,"August 31, 2019",Semiconductors & Semiconductor Equipment — 3.1%,Universal Display Corp.,690,141774,,
ESML,iShares ESG MSCI USA Small-Cap ETF,"August 31, 2019",Semiconductors & Semiconductor Equipment — 3.1%,Versum Materials Inc.,924,48048,1804664,
ESML,iShares ESG MSCI USA Small-Cap ETF,"August 31, 2019",Software — 7.0%,2U Inc. (a)(b),1701,30414,,
ESML,iShares ESG MSCI USA Small-Cap ETF,"August 31, 2019",Software — 7.0%,8x8 Inc. (a),1293,31433,,
ESML,iShares ESG MSCI USA Small-Cap ETF,"August 31, 2019",Software — 7.0%,ACI Worldwide Inc. (a),3678,109531,,
ESML,iShares ESG MSCI USA Small-Cap ETF,"August 31, 2019",Software — 7.0%,"Alteryx Inc., Class A (a)",605,86182,,
ESML,iShares ESG MSCI USA Small-Cap ETF,"August 31, 2019",Software — 7.0%,Appian Corp. (a),503,29913,,
ESML,iShares ESG MSCI USA Small-Cap ETF,"August 31, 2019",Software — 7.0%,Aspen Technology Inc. (a),1370,182484,,
ESML,iShares ESG MSCI USA Small-Cap ETF,"August 31, 2019",Software — 7.0%,Avaya Holdings Corp. (a),3070,43348,,
ESML,iShares ESG MSCI USA Small-Cap ETF,"August 31, 2019",Software — 7.0%,Benefitfocus Inc. (a),1083,28288,,
ESML,iShares ESG MSCI USA Small-Cap ETF,"August 31, 2019",Software — 7.0%,Blackbaud Inc.,1217,110710,,
ESML,iShares ESG MSCI USA Small-Cap ETF,"August 31, 2019",Software — 7.0%,Blackline Inc. (a)(b),1293,65852,,
ESML,iShares ESG MSCI USA Small-Cap ETF,"August 31, 2019",Software — 7.0%,Bottomline Technologies DE Inc. (a),886,36539,,
ESML,iShares ESG MSCI USA Small-Cap ETF,"August 31, 2019",Software — 7.0%,Ceridian HCM Holding Inc. (a)(b),971,56095,,
ESML,iShares ESG MSCI USA Small-Cap ETF,"August 31, 2019",Software — 7.0%,Cision Ltd. (a),4517,31258,,
ESML,iShares ESG MSCI USA Small-Cap ETF,"August 31, 2019",Software — 7.0%,Cloudera Inc. (a)(b),4370,31202,,
ESML,iShares ESG MSCI USA Small-Cap ETF,"August 31, 2019",Software — 7.0%,Cornerstone OnDemand Inc. (a),690,35997,,
ESML,iShares ESG MSCI USA Small-Cap ETF,"August 31, 2019",Software — 7.0%,Coupa Software Inc. (a)(b),1108,153934,,
ESML,iShares ESG MSCI USA Small-Cap ETF,"August 31, 2019",Software — 7.0%,Elastic NV (a),482,42363,,
ESML,iShares ESG MSCI USA Small-Cap ETF,"August 31, 2019",Software — 7.0%,Envestnet Inc. (a)(b),1153,65963,,
ESML,iShares ESG MSCI USA Small-Cap ETF,"August 31, 2019",Software — 7.0%,Everbridge Inc. (a),515,44393,,
ESML,iShares ESG MSCI USA Small-Cap ETF,"August 31, 2019",Software — 7.0%,Fair Isaac Corp. (a),776,273711,,
ESML,iShares ESG MSCI USA Small-Cap ETF,"August 31, 2019",Software — 7.0%,FireEye Inc. (a),2127,28566,,
ESML,iShares ESG MSCI USA Small-Cap ETF,"August 31, 2019",Software — 7.0%,Five9 Inc. (a),1278,80782,,
ESML,iShares ESG MSCI USA Small-Cap ETF,"August 31, 2019",Software — 7.0%,Guidewire Software Inc. (a)(b),1406,135229,,
ESML,iShares ESG MSCI USA Small-Cap ETF,"August 31, 2019",Software — 7.0%,HubSpot Inc. (a),739,147564,,
ESML,iShares ESG MSCI USA Small-Cap ETF,"August 31, 2019",Software — 7.0%,LivePerson Inc. (a),1289,51225,,
ESML,iShares ESG MSCI USA Small-Cap ETF,"August 31, 2019",Software — 7.0%,LogMeIn Inc.,1068,71385,,
ESML,iShares ESG MSCI USA Small-Cap ETF,"August 31, 2019",Software — 7.0%,Manhattan Associates Inc. (a),1144,94529,,
ESML,iShares ESG MSCI USA Small-Cap ETF,"August 31, 2019",Software — 7.0%,Mimecast Ltd. (a),1787,73142,,
ESML,iShares ESG MSCI USA Small-Cap ETF,"August 31, 2019",Software — 7.0%,Model N Inc. (a),1102,31550,,
ESML,iShares ESG MSCI USA Small-Cap ETF,"August 31, 2019",Software — 7.0%,New Relic Inc. (a),1242,71216,,
ESML,iShares ESG MSCI USA Small-Cap ETF,"August 31, 2019",Software — 7.0%,Nuance Communications Inc. (a),3693,62079,,
ESML,iShares ESG MSCI USA Small-Cap ETF,"August 31, 2019",Software — 7.0%,"Nutanix Inc., Class A (a)",3364,81510,,
ESML,iShares ESG MSCI USA Small-Cap ETF,"August 31, 2019",Software — 7.0%,Paylocity Holding Corp. (a),942,102885,,
ESML,iShares ESG MSCI USA Small-Cap ETF,"August 31, 2019",Software — 7.0%,Progress Software Corp.,1394,52665,,
ESML,iShares ESG MSCI USA Small-Cap ETF,"August 31, 2019",Software — 7.0%,Proofpoint Inc. (a),767,87139,,
ESML,iShares ESG MSCI USA Small-Cap ETF,"August 31, 2019",Software — 7.0%,PROS Holdings Inc. (a)(b),415,29473,,
ESML,iShares ESG MSCI USA Small-Cap ETF,"August 31, 2019",Software — 7.0%,Qualys Inc. (a),505,40208,,
ESML,iShares ESG MSCI USA Small-Cap ETF,"August 31, 2019",Software — 7.0%,Rapid7 Inc. (a),1350,72482,,
ESML,iShares ESG MSCI USA Small-Cap ETF,"August 31, 2019",Software — 7.0%,"RingCentral Inc., Class A (a)",1424,200969,,
ESML,iShares ESG MSCI USA Small-Cap ETF,"August 31, 2019",Software — 7.0%,SailPoint Technologies Holding Inc. (a),1328,29920,,
ESML,iShares ESG MSCI USA Small-Cap ETF,"August 31, 2019",Software — 7.0%,"Smartsheet Inc., Class A (a)",1715,83349,,
ESML,iShares ESG MSCI USA Small-Cap ETF,"August 31, 2019",Software — 7.0%,SPS Commerce Inc. (a),892,45082,,
ESML,iShares ESG MSCI USA Small-Cap ETF,"August 31, 2019",Software — 7.0%,SVMK Inc. (a),1596,26717,,
ESML,iShares ESG MSCI USA Small-Cap ETF,"August 31, 2019",Software — 7.0%,Teradata Corp. (a)(b),5282,163055,,
ESML,iShares ESG MSCI USA Small-Cap ETF,"August 31, 2019",Software — 7.0%,TiVo Corp.,4108,30933,,
ESML,iShares ESG MSCI USA Small-Cap ETF,"August 31, 2019",Software — 7.0%,"Trade Desk Inc. (The), Class A (a)(b)",563,138369,,
ESML,iShares ESG MSCI USA Small-Cap ETF,"August 31, 2019",Software — 7.0%,Tyler Technologies Inc. (a),454,116469,,
ESML,iShares ESG MSCI USA Small-Cap ETF,"August 31, 2019",Software — 7.0%,Varonis Systems Inc. (a),414,28284,,
ESML,iShares ESG MSCI USA Small-Cap ETF,"August 31, 2019",Software — 7.0%,Verint Systems Inc. (a),995,53024,,
ESML,iShares ESG MSCI USA Small-Cap ETF,"August 31, 2019",Software — 7.0%,Workiva Inc. (a),1037,49890,,
ESML,iShares ESG MSCI USA Small-Cap ETF,"August 31, 2019",Software — 7.0%,Yext Inc. (a),1471,23198,,
ESML,iShares ESG MSCI USA Small-Cap ETF,"August 31, 2019",Software — 7.0%,Zendesk Inc. (a)(b),1894,151899,,
ESML,iShares ESG MSCI USA Small-Cap ETF,"August 31, 2019",Software — 7.0%,Zscaler Inc. (a),1020,70115,,
ESML,iShares ESG MSCI USA Small-Cap ETF,"August 31, 2019",Software — 7.0%,"Zuora Inc., Class A (a)",2119,31891,4046403,
ESML,iShares ESG MSCI USA Small-Cap ETF,"August 31, 2019",Specialty Retail — 2.4%,Aaron’s Inc.,1658,106294,,
ESML,iShares ESG MSCI USA Small-Cap ETF,"August 31, 2019",Specialty Retail — 2.4%,American Eagle Outfitters Inc.,4604,77439,,
ESML,iShares ESG MSCI USA Small-Cap ETF,"August 31, 2019",Specialty Retail — 2.4%,America’s Car-Mart Inc./TX (a),311,26678,,
ESML,iShares ESG MSCI USA Small-Cap ETF,"August 31, 2019",Specialty Retail — 2.4%,Asbury Automotive Group Inc. (a),344,32439,,
ESML,iShares ESG MSCI USA Small-Cap ETF,"August 31, 2019",Specialty Retail — 2.4%,AutoNation Inc. (a),1230,58376,,
ESML,iShares ESG MSCI USA Small-Cap ETF,"August 31, 2019",Specialty Retail — 2.4%,Buckle Inc. (The),1637,32085,,
ESML,iShares ESG MSCI USA Small-Cap ETF,"August 31, 2019",Specialty Retail — 2.4%,Caleres Inc.,1922,38728,,
ESML,iShares ESG MSCI USA Small-Cap ETF,"August 31, 2019",Specialty Retail — 2.4%,Carvana Co. (a),621,50400,,
ESML,iShares ESG MSCI USA Small-Cap ETF,"August 31, 2019",Specialty Retail — 2.4%,"Designer Brands Inc., Class A",1969,32469,,
ESML,iShares ESG MSCI USA Small-Cap ETF,"August 31, 2019",Specialty Retail — 2.4%,Five Below Inc. (a),983,120781,,
ESML,iShares ESG MSCI USA Small-Cap ETF,"August 31, 2019",Specialty Retail — 2.4%,"Floor & Decor Holdings Inc., Class A (a)",881,43363,,
ESML,iShares ESG MSCI USA Small-Cap ETF,"August 31, 2019",Specialty Retail — 2.4%,Foot Locker Inc.,2179,78858,,
ESML,iShares ESG MSCI USA Small-Cap ETF,"August 31, 2019",Specialty Retail — 2.4%,Group 1 Automotive Inc.,383,28618,,
ESML,iShares ESG MSCI USA Small-Cap ETF,"August 31, 2019",Specialty Retail — 2.4%,Hibbett Sports Inc. (a),1905,31509,,
ESML,iShares ESG MSCI USA Small-Cap ETF,"August 31, 2019",Specialty Retail — 2.4%,"Lithia Motors Inc., Class A",497,65142,,
ESML,iShares ESG MSCI USA Small-Cap ETF,"August 31, 2019",Specialty Retail — 2.4%,MarineMax Inc. (a),2009,29050,,
ESML,iShares ESG MSCI USA Small-Cap ETF,"August 31, 2019",Specialty Retail — 2.4%,Monro Inc. (b),841,65363,,
ESML,iShares ESG MSCI USA Small-Cap ETF,"August 31, 2019",Specialty Retail — 2.4%,Murphy USA Inc. (a),761,68033,,
ESML,iShares ESG MSCI USA Small-Cap ETF,"August 31, 2019",Specialty Retail — 2.4%,National Vision Holdings Inc. (a),1505,42682,,
ESML,iShares ESG MSCI USA Small-Cap ETF,"August 31, 2019",Specialty Retail — 2.4%,Office Depot Inc.,20920,27196,,
ESML,iShares ESG MSCI USA Small-Cap ETF,"August 31, 2019",Specialty Retail — 2.4%,Rent-A-Center Inc./TX (a),1305,33317,,
ESML,iShares ESG MSCI USA Small-Cap ETF,"August 31, 2019",Specialty Retail — 2.4%,RH (a),268,38391,,
ESML,iShares ESG MSCI USA Small-Cap ETF,"August 31, 2019",Specialty Retail — 2.4%,Sally Beauty Holdings Inc. (a),2349,28728,,
ESML,iShares ESG MSCI USA Small-Cap ETF,"August 31, 2019",Specialty Retail — 2.4%,Signet Jewelers Ltd.,2417,29584,,
ESML,iShares ESG MSCI USA Small-Cap ETF,"August 31, 2019",Specialty Retail — 2.4%,Sleep Number Corp. (a),760,31798,,
ESML,iShares ESG MSCI USA Small-Cap ETF,"August 31, 2019",Specialty Retail — 2.4%,Williams-Sonoma Inc.,1905,125349,,
ESML,iShares ESG MSCI USA Small-Cap ETF,"August 31, 2019",Specialty Retail — 2.4%,Winmark Corp.,174,28275,,
ESML,iShares ESG MSCI USA Small-Cap ETF,"August 31, 2019",Specialty Retail — 2.4%,Zumiez Inc. (a),1313,34112,1405057,
ESML,iShares ESG MSCI USA Small-Cap ETF,"August 31, 2019","Technology Hardware, Storage & Peripherals — 0.3%",Cray Inc. (a),1005,35105,,
ESML,iShares ESG MSCI USA Small-Cap ETF,"August 31, 2019","Technology Hardware, Storage & Peripherals — 0.3%",NCR Corp. (a),2289,72126,,
ESML,iShares ESG MSCI USA Small-Cap ETF,"August 31, 2019","Technology Hardware, Storage & Peripherals — 0.3%","Pure Storage Inc., Class A (a)(b)",2669,43451,150682,
ESML,iShares ESG MSCI USA Small-Cap ETF,"August 31, 2019","Textiles, Apparel & Luxury Goods — 1.0%",Carter’s Inc.,522,47753,,
ESML,iShares ESG MSCI USA Small-Cap ETF,"August 31, 2019","Textiles, Apparel & Luxury Goods — 1.0%",Columbia Sportswear Co.,1238,116112,,
ESML,iShares ESG MSCI USA Small-Cap ETF,"August 31, 2019","Textiles, Apparel & Luxury Goods — 1.0%",Crocs Inc. (a),1636,36483,,
ESML,iShares ESG MSCI USA Small-Cap ETF,"August 31, 2019","Textiles, Apparel & Luxury Goods — 1.0%",Deckers Outdoor Corp. (a),875,129019,,
ESML,iShares ESG MSCI USA Small-Cap ETF,"August 31, 2019","Textiles, Apparel & Luxury Goods — 1.0%",Fossil Group Inc. (a)(b),3097,39642,,
ESML,iShares ESG MSCI USA Small-Cap ETF,"August 31, 2019","Textiles, Apparel & Luxury Goods — 1.0%",Kontoor Brands Inc. (a),1227,42012,,
ESML,iShares ESG MSCI USA Small-Cap ETF,"August 31, 2019","Textiles, Apparel & Luxury Goods — 1.0%",Movado Group Inc.,1758,37832,,
ESML,iShares ESG MSCI USA Small-Cap ETF,"August 31, 2019","Textiles, Apparel & Luxury Goods — 1.0%","Skechers U.S.A. Inc., Class A (a)",1149,36377,,
ESML,iShares ESG MSCI USA Small-Cap ETF,"August 31, 2019","Textiles, Apparel & Luxury Goods — 1.0%",Unifi Inc. (a),1451,27917,,
ESML,iShares ESG MSCI USA Small-Cap ETF,"August 31, 2019","Textiles, Apparel & Luxury Goods — 1.0%",Wolverine World Wide Inc.,3427,88931,602078,
ESML,iShares ESG MSCI USA Small-Cap ETF,"August 31, 2019",Thrifts & Mortgage Finance — 1.6%,Columbia Financial Inc. (a)(b),2898,43934,,
ESML,iShares ESG MSCI USA Small-Cap ETF,"August 31, 2019",Thrifts & Mortgage Finance — 1.6%,"Federal Agricultural Mortgage Corp., Class C, NVS",657,54104,,
ESML,iShares ESG MSCI USA Small-Cap ETF,"August 31, 2019",Thrifts & Mortgage Finance — 1.6%,First Defiance Financial Corp.,1063,27797,,
ESML,iShares ESG MSCI USA Small-Cap ETF,"August 31, 2019",Thrifts & Mortgage Finance — 1.6%,HomeStreet Inc. (a),2370,62497,,
ESML,iShares ESG MSCI USA Small-Cap ETF,"August 31, 2019",Thrifts & Mortgage Finance — 1.6%,LendingTree Inc. (a),96,29769,,
ESML,iShares ESG MSCI USA Small-Cap ETF,"August 31, 2019",Thrifts & Mortgage Finance — 1.6%,MGIC Investment Corp.,8221,103996,,
ESML,iShares ESG MSCI USA Small-Cap ETF,"August 31, 2019",Thrifts & Mortgage Finance — 1.6%,Mr Cooper Group Inc. (a),3301,29082,,
ESML,iShares ESG MSCI USA Small-Cap ETF,"August 31, 2019",Thrifts & Mortgage Finance — 1.6%,New York Community Bancorp. Inc.,12314,142103,,
ESML,iShares ESG MSCI USA Small-Cap ETF,"August 31, 2019",Thrifts & Mortgage Finance — 1.6%,"NMI Holdings Inc., Class A (a)",1086,30777,,
ESML,iShares ESG MSCI USA Small-Cap ETF,"August 31, 2019",Thrifts & Mortgage Finance — 1.6%,Northfield Bancorp. Inc.,1937,30062,,
ESML,iShares ESG MSCI USA Small-Cap ETF,"August 31, 2019",Thrifts & Mortgage Finance — 1.6%,OceanFirst Financial Corp.,3897,81915,,
ESML,iShares ESG MSCI USA Small-Cap ETF,"August 31, 2019",Thrifts & Mortgage Finance — 1.6%,Radian Group Inc.,1833,41334,,
ESML,iShares ESG MSCI USA Small-Cap ETF,"August 31, 2019",Thrifts & Mortgage Finance — 1.6%,TFS Financial Corp.,2949,51637,,
ESML,iShares ESG MSCI USA Small-Cap ETF,"August 31, 2019",Thrifts & Mortgage Finance — 1.6%,United Community Financial Corp./OH,3213,31005,,
ESML,iShares ESG MSCI USA Small-Cap ETF,"August 31, 2019",Thrifts & Mortgage Finance — 1.6%,Walker & Dunlop Inc.,560,31282,,
ESML,iShares ESG MSCI USA Small-Cap ETF,"August 31, 2019",Thrifts & Mortgage Finance — 1.6%,Washington Federal Inc.,1963,69883,,
ESML,iShares ESG MSCI USA Small-Cap ETF,"August 31, 2019",Thrifts & Mortgage Finance — 1.6%,WSFS Financial Corp.,1148,47321,908498,
ESML,iShares ESG MSCI USA Small-Cap ETF,"August 31, 2019",Trading Companies & Distributors — 1.1%,Air Lease Corp.,1200,49848,,
ESML,iShares ESG MSCI USA Small-Cap ETF,"August 31, 2019",Trading Companies & Distributors — 1.1%,Aircastle Ltd.,1535,33540,,
ESML,iShares ESG MSCI USA Small-Cap ETF,"August 31, 2019",Trading Companies & Distributors — 1.1%,Beacon Roofing Supply Inc. (a),1357,43261,,
ESML,iShares ESG MSCI USA Small-Cap ETF,"August 31, 2019",Trading Companies & Distributors — 1.1%,Foundation Building Materials Inc. (a),1572,26928,,
ESML,iShares ESG MSCI USA Small-Cap ETF,"August 31, 2019",Trading Companies & Distributors — 1.1%,GATX Corp.,963,71474,,
ESML,iShares ESG MSCI USA Small-Cap ETF,"August 31, 2019",Trading Companies & Distributors — 1.1%,Herc Holdings Inc. (a),738,30465,,
ESML,iShares ESG MSCI USA Small-Cap ETF,"August 31, 2019",Trading Companies & Distributors — 1.1%,NOW Inc. (a),2389,28405,,
ESML,iShares ESG MSCI USA Small-Cap ETF,"August 31, 2019",Trading Companies & Distributors — 1.1%,"Rush Enterprises Inc., Class A",783,28274,,
ESML,iShares ESG MSCI USA Small-Cap ETF,"August 31, 2019",Trading Companies & Distributors — 1.1%,SiteOne Landscape Supply Inc. (a),928,72569,,
ESML,iShares ESG MSCI USA Small-Cap ETF,"August 31, 2019",Trading Companies & Distributors — 1.1%,Triton International Ltd.,1382,44431,,
ESML,iShares ESG MSCI USA Small-Cap ETF,"August 31, 2019",Trading Companies & Distributors — 1.1%,Veritiv Corp. (a),1750,28980,,
ESML,iShares ESG MSCI USA Small-Cap ETF,"August 31, 2019",Trading Companies & Distributors — 1.1%,Watsco Inc.,465,76051,,
ESML,iShares ESG MSCI USA Small-Cap ETF,"August 31, 2019",Trading Companies & Distributors — 1.1%,WESCO International Inc. (a)(b),1658,74743,608969,
ESML,iShares ESG MSCI USA Small-Cap ETF,"August 31, 2019",Transportation Infrastructure — 0.2%,Macquarie Infrastructure Corp.,2660,100601,100601,
ESML,iShares ESG MSCI USA Small-Cap ETF,"August 31, 2019",Water Utilities — 0.3%,Aqua America Inc.,3682,163076,163076,
ESML,iShares ESG MSCI USA Small-Cap ETF,"August 31, 2019",Wireless Telecommunication Services — 0.2%,Boingo Wireless Inc. (a),2585,33269,,
ESML,iShares ESG MSCI USA Small-Cap ETF,"August 31, 2019",Wireless Telecommunication Services — 0.2%,Gogo Inc. (a)(b),6727,27043,,
ESML,iShares ESG MSCI USA Small-Cap ETF,"August 31, 2019",Wireless Telecommunication Services — 0.2%,Shenandoah Telecommunications Co.,1323,41727,102039,57549680