etf_ticker,etf_name,date,sector,security,shares,value,total_value,total_overall_value
ESML,iShares ESG Aware MSCI USA Small-Cap ETF,31/08/20,Aerospace & Defense — 1.5%,AAR Corp.,"9,366","1,89,006",,
ESML,iShares ESG Aware MSCI USA Small-Cap ETF,31/08/20,Aerospace & Defense — 1.5%,Aerovironment Inc.,"3,236","2,47,198",,
ESML,iShares ESG Aware MSCI USA Small-Cap ETF,31/08/20,Aerospace & Defense — 1.5%,Axon Enterprise Inc.,"7,111","6,09,270",,
ESML,iShares ESG Aware MSCI USA Small-Cap ETF,31/08/20,Aerospace & Defense — 1.5%,BWX Technologies Inc.,"15,527","8,63,456",,
ESML,iShares ESG Aware MSCI USA Small-Cap ETF,31/08/20,Aerospace & Defense — 1.5%,Cubic Corp.,"7,451","3,50,793",,
ESML,iShares ESG Aware MSCI USA Small-Cap ETF,31/08/20,Aerospace & Defense — 1.5%,Curtiss-Wright Corp.,"6,834","6,99,255",,
ESML,iShares ESG Aware MSCI USA Small-Cap ETF,31/08/20,Aerospace & Defense — 1.5%,Hexcel Corp.,"11,187","4,40,656",,
ESML,iShares ESG Aware MSCI USA Small-Cap ETF,31/08/20,Aerospace & Defense — 1.5%,(a),"13,885","2,71,452",,
ESML,iShares ESG Aware MSCI USA Small-Cap ETF,31/08/20,Aerospace & Defense — 1.5%,Maxar Technologies Inc.,"7,745","1,79,297",,
ESML,iShares ESG Aware MSCI USA Small-Cap ETF,31/08/20,Aerospace & Defense — 1.5%,Mercury Systems Inc.,"7,225","5,47,221",,
ESML,iShares ESG Aware MSCI USA Small-Cap ETF,31/08/20,Aerospace & Defense — 1.5%,"Moog Inc., Class A","5,483","3,30,570",,
ESML,iShares ESG Aware MSCI USA Small-Cap ETF,31/08/20,Aerospace & Defense — 1.5%,Park Aerospace Corp.,"16,939","1,87,854",,
ESML,iShares ESG Aware MSCI USA Small-Cap ETF,31/08/20,Aerospace & Defense — 1.5%,"Spirit AeroSystems Holdings Inc., Class A","8,834","1,81,627",,
ESML,iShares ESG Aware MSCI USA Small-Cap ETF,31/08/20,Aerospace & Defense — 1.5%,Vectrus Inc.,"5,295","2,29,856","53,27,511",
ESML,iShares ESG Aware MSCI USA Small-Cap ETF,31/08/20,Air Freight & Logistics — 0.2%,Echo Global Logistics Inc.,"10,190","2,78,391",,
ESML,iShares ESG Aware MSCI USA Small-Cap ETF,31/08/20,Air Freight & Logistics — 0.2%,"Hub Group Inc., Class A","6,765","3,64,227","6,42,618",
ESML,iShares ESG Aware MSCI USA Small-Cap ETF,31/08/20,Airlines — 0.1%,Alaska Air Group Inc.,"5,726","2,23,028",,
ESML,iShares ESG Aware MSCI USA Small-Cap ETF,31/08/20,Airlines — 0.1%,JetBlue Airways Corp.,"16,467","1,89,700","4,12,728",
ESML,iShares ESG Aware MSCI USA Small-Cap ETF,31/08/20,Auto Components — 1.0%,Adient PLC,"10,469","1,81,532",,
ESML,iShares ESG Aware MSCI USA Small-Cap ETF,31/08/20,Auto Components — 1.0%,American Axle & Manufacturing Holdings Inc.,"25,171","1,95,830",,
ESML,iShares ESG Aware MSCI USA Small-Cap ETF,31/08/20,Auto Components — 1.0%,Cooper Tire & Rubber Co.,"7,451","2,57,581",,
ESML,iShares ESG Aware MSCI USA Small-Cap ETF,31/08/20,Auto Components — 1.0%,Dana Inc.,"16,148","2,25,265",,
ESML,iShares ESG Aware MSCI USA Small-Cap ETF,31/08/20,Auto Components — 1.0%,Delphi Technologies PLC,"13,723","2,38,369",,
ESML,iShares ESG Aware MSCI USA Small-Cap ETF,31/08/20,Auto Components — 1.0%,Dorman Products Inc.,"3,230","2,73,549",,
ESML,iShares ESG Aware MSCI USA Small-Cap ETF,31/08/20,Auto Components — 1.0%,Fox Factory Holding Corp.,"3,884","3,91,546",,
ESML,iShares ESG Aware MSCI USA Small-Cap ETF,31/08/20,Auto Components — 1.0%,Gentex Corp.,"21,966","5,94,180",,
ESML,iShares ESG Aware MSCI USA Small-Cap ETF,31/08/20,Auto Components — 1.0%,Gentherm Inc.,"11,039","4,99,294",,
ESML,iShares ESG Aware MSCI USA Small-Cap ETF,31/08/20,Auto Components — 1.0%,Goodyear Tire & Rubber Co. (The),"23,663","2,27,046",,
ESML,iShares ESG Aware MSCI USA Small-Cap ETF,31/08/20,Auto Components — 1.0%,LCI Industries,"2,358","2,67,940",,
ESML,iShares ESG Aware MSCI USA Small-Cap ETF,31/08/20,Auto Components — 1.0%,Visteon Corp.,"3,372","2,54,350","36,06,482",
ESML,iShares ESG Aware MSCI USA Small-Cap ETF,31/08/20,Automobiles — 0.3%,Harley-Davidson Inc.,"16,659","4,61,621",,
ESML,iShares ESG Aware MSCI USA Small-Cap ETF,31/08/20,Automobiles — 0.3%,Thor Industries Inc.,"6,183","5,83,860",,
ESML,iShares ESG Aware MSCI USA Small-Cap ETF,31/08/20,Automobiles — 0.3%,Winnebago Industries Inc.,"3,357","1,81,211","12,26,692",
ESML,iShares ESG Aware MSCI USA Small-Cap ETF,31/08/20,Banks — 5.6%,"Amalgamated Bank, Class A","15,575","1,83,318",,
ESML,iShares ESG Aware MSCI USA Small-Cap ETF,31/08/20,Banks — 5.6%,Ameris Bancorp,"9,514","2,33,283",,
ESML,iShares ESG Aware MSCI USA Small-Cap ETF,31/08/20,Banks — 5.6%,BancFirst Corp.,"5,952","2,61,888",,
ESML,iShares ESG Aware MSCI USA Small-Cap ETF,31/08/20,Banks — 5.6%,BancorpSouth Bank,"20,571","4,43,922",,
ESML,iShares ESG Aware MSCI USA Small-Cap ETF,31/08/20,Banks — 5.6%,Bank of Hawaii Corp.,"9,574","5,26,953",,
ESML,iShares ESG Aware MSCI USA Small-Cap ETF,31/08/20,Banks — 5.6%,Bank OZK,"19,515","4,49,626",,
ESML,iShares ESG Aware MSCI USA Small-Cap ETF,31/08/20,Banks — 5.6%,BankUnited Inc.,"12,536","2,93,092",,
ESML,iShares ESG Aware MSCI USA Small-Cap ETF,31/08/20,Banks — 5.6%,Banner Corp.,"2,111","76,249",,
ESML,iShares ESG Aware MSCI USA Small-Cap ETF,31/08/20,Banks — 5.6%,BOK Financial Corp.,"5,596","3,14,159",,
ESML,iShares ESG Aware MSCI USA Small-Cap ETF,31/08/20,Banks — 5.6%,Bridge Bancorp. Inc.,"9,130","1,82,691",,
ESML,iShares ESG Aware MSCI USA Small-Cap ETF,31/08/20,Banks — 5.6%,Bryn Mawr Bank Corp.,"6,703","1,81,919",,
ESML,iShares ESG Aware MSCI USA Small-Cap ETF,31/08/20,Banks — 5.6%,Cadence BanCorp.,"23,953","2,27,554",,
ESML,iShares ESG Aware MSCI USA Small-Cap ETF,31/08/20,Banks — 5.6%,Camden National Corp.,"6,417","2,09,547",,
ESML,iShares ESG Aware MSCI USA Small-Cap ETF,31/08/20,Banks — 5.6%,CIT Group Inc.,"9,891","1,94,556",,
ESML,iShares ESG Aware MSCI USA Small-Cap ETF,31/08/20,Banks — 5.6%,Columbia Banking System Inc.,"15,552","4,34,056",,
ESML,iShares ESG Aware MSCI USA Small-Cap ETF,31/08/20,Banks — 5.6%,Commerce Bancshares Inc.,"12,545","7,47,306",,
ESML,iShares ESG Aware MSCI USA Small-Cap ETF,31/08/20,Banks — 5.6%,Community Bank System Inc.,"4,767","2,86,830",,
ESML,iShares ESG Aware MSCI USA Small-Cap ETF,31/08/20,Banks — 5.6%,Community Trust Bancorp. Inc.,"5,600","1,80,712",,
ESML,iShares ESG Aware MSCI USA Small-Cap ETF,31/08/20,Banks — 5.6%,Cullen/Frost Bankers Inc.,"9,855","6,84,528",,
ESML,iShares ESG Aware MSCI USA Small-Cap ETF,31/08/20,Banks — 5.6%,CVB Financial Corp.,"12,518","2,27,953",,
ESML,iShares ESG Aware MSCI USA Small-Cap ETF,31/08/20,Banks — 5.6%,"Equity Bancshares Inc., Class A(a)","11,737","1,86,618",,
ESML,iShares ESG Aware MSCI USA Small-Cap ETF,31/08/20,Banks — 5.6%,First Busey Corp.,"20,170","3,59,329",,
ESML,iShares ESG Aware MSCI USA Small-Cap ETF,31/08/20,Banks — 5.6%,First Financial Bancorp.,"38,891","5,33,585",,
ESML,iShares ESG Aware MSCI USA Small-Cap ETF,31/08/20,Banks — 5.6%,First Financial Bankshares Inc.,"15,631","4,73,229",,
ESML,iShares ESG Aware MSCI USA Small-Cap ETF,31/08/20,Banks — 5.6%,First Hawaiian Inc.,"11,559","1,91,070",,
ESML,iShares ESG Aware MSCI USA Small-Cap ETF,31/08/20,Banks — 5.6%,First Horizon National Corp.,"56,206","5,36,767",,
ESML,iShares ESG Aware MSCI USA Small-Cap ETF,31/08/20,Banks — 5.6%,"First Interstate BancSystem Inc., Class A","11,380","3,73,264",,
ESML,iShares ESG Aware MSCI USA Small-Cap ETF,31/08/20,Banks — 5.6%,Fulton Financial Corp.,"64,005","6,25,969",,
ESML,iShares ESG Aware MSCI USA Small-Cap ETF,31/08/20,Banks — 5.6%,Glacier Bancorp. Inc.,"13,685","4,80,138",,
ESML,iShares ESG Aware MSCI USA Small-Cap ETF,31/08/20,Banks — 5.6%,Great Western Bancorp. Inc.,"22,866","3,18,523",,
ESML,iShares ESG Aware MSCI USA Small-Cap ETF,31/08/20,Banks — 5.6%,Hancock Whitney Corp.,"9,353","1,87,154",,
ESML,iShares ESG Aware MSCI USA Small-Cap ETF,31/08/20,Banks — 5.6%,Heartland Financial USA Inc.,"9,141","3,14,725",,
ESML,iShares ESG Aware MSCI USA Small-Cap ETF,31/08/20,Banks — 5.6%,Heritage Financial Corp./WA,"8,408","1,67,656",,
ESML,iShares ESG Aware MSCI USA Small-Cap ETF,31/08/20,Banks — 5.6%,HomeTrust Bancshares Inc.,"15,014","2,10,646",,
ESML,iShares ESG Aware MSCI USA Small-Cap ETF,31/08/20,Banks — 5.6%,Independent Bank Corp.,"2,498","1,56,999",,
ESML,iShares ESG Aware MSCI USA Small-Cap ETF,31/08/20,Banks — 5.6%,International Bancshares Corp.,"12,370","3,90,645",,
ESML,iShares ESG Aware MSCI USA Small-Cap ETF,31/08/20,Banks — 5.6%,Investors Bancorp. Inc.,"46,792","3,62,638",,
ESML,iShares ESG Aware MSCI USA Small-Cap ETF,31/08/20,Banks — 5.6%,Live Oak Bancshares Inc.(b),"9,626","2,13,505",,
ESML,iShares ESG Aware MSCI USA Small-Cap ETF,31/08/20,Banks — 5.6%,"National Bank Holdings Corp., Class A","6,648","1,89,069",,
ESML,iShares ESG Aware MSCI USA Small-Cap ETF,31/08/20,Banks — 5.6%,OceanFirst Financial Corp.,"20,887","3,26,046",,
ESML,iShares ESG Aware MSCI USA Small-Cap ETF,31/08/20,Banks — 5.6%,PacWest Bancorp.,"9,489","1,81,050",,
ESML,iShares ESG Aware MSCI USA Small-Cap ETF,31/08/20,Banks — 5.6%,Pinnacle Financial Partners Inc.,"11,543","4,61,143",,
ESML,iShares ESG Aware MSCI USA Small-Cap ETF,31/08/20,Banks — 5.6%,Popular Inc.,"6,533","2,41,982",,
ESML,iShares ESG Aware MSCI USA Small-Cap ETF,31/08/20,Banks — 5.6%,Prosperity Bancshares Inc.,"7,329","3,99,577",,
ESML,iShares ESG Aware MSCI USA Small-Cap ETF,31/08/20,Banks — 5.6%,QCR Holdings Inc.,"8,284","2,48,271",,
ESML,iShares ESG Aware MSCI USA Small-Cap ETF,31/08/20,Banks — 5.6%,ServisFirst Bancshares Inc.,"11,422","4,18,616",,
ESML,iShares ESG Aware MSCI USA Small-Cap ETF,31/08/20,Banks — 5.6%,"Simmons First National Corp., Class A","14,915","2,54,599",,
ESML,iShares ESG Aware MSCI USA Small-Cap ETF,31/08/20,Banks — 5.6%,South State Corp.,"6,933","3,86,029",,
ESML,iShares ESG Aware MSCI USA Small-Cap ETF,31/08/20,Banks — 5.6%,Sterling Bancorp./DE,"15,276","1,78,271",,
ESML,iShares ESG Aware MSCI USA Small-Cap ETF,31/08/20,Banks — 5.6%,Stock Yards Bancorp. Inc.,"7,245","3,11,028",,
ESML,iShares ESG Aware MSCI USA Small-Cap ETF,31/08/20,Banks — 5.6%,Synovus Financial Corp.,"13,651","2,98,547",,
ESML,iShares ESG Aware MSCI USA Small-Cap ETF,31/08/20,Banks — 5.6%,TCF Financial Corp.,"21,309","5,72,786",,
ESML,iShares ESG Aware MSCI USA Small-Cap ETF,31/08/20,Banks — 5.6%,Texas Capital Bancshares Inc.(a),"6,982","2,26,147",,
ESML,iShares ESG Aware MSCI USA Small-Cap ETF,31/08/20,Banks — 5.6%,TriState Capital Holdings Inc.,"12,445","1,72,986",,
ESML,iShares ESG Aware MSCI USA Small-Cap ETF,31/08/20,Banks — 5.6%,Triumph Bancorp. Inc.,"6,442","1,83,984",,
ESML,iShares ESG Aware MSCI USA Small-Cap ETF,31/08/20,Banks — 5.6%,Trustmark Corp.,"9,359","2,19,749",,
ESML,iShares ESG Aware MSCI USA Small-Cap ETF,31/08/20,Banks — 5.6%,UMB Financial Corp.,"8,332","4,47,595",,
ESML,iShares ESG Aware MSCI USA Small-Cap ETF,31/08/20,Banks — 5.6%,Umpqua Holdings Corp.,"40,734","4,59,480",,
ESML,iShares ESG Aware MSCI USA Small-Cap ETF,31/08/20,Banks — 5.6%,United Bankshares Inc./WV,"8,967","2,34,397",,
ESML,iShares ESG Aware MSCI USA Small-Cap ETF,31/08/20,Banks — 5.6%,Univest Financial Corp.,"11,062","1,77,988",,
ESML,iShares ESG Aware MSCI USA Small-Cap ETF,31/08/20,Banks — 5.6%,Valley National Bancorp.,"37,761","2,83,585",,
ESML,iShares ESG Aware MSCI USA Small-Cap ETF,31/08/20,Banks — 5.6%,Webster Financial Corp.,"13,818","3,79,995",,
ESML,iShares ESG Aware MSCI USA Small-Cap ETF,31/08/20,Banks — 5.6%,Western Alliance Bancorp.,"14,442","5,09,803",,
ESML,iShares ESG Aware MSCI USA Small-Cap ETF,31/08/20,Banks — 5.6%,Wintrust Financial Corp.,"9,053","3,93,987","2,05,79,312",
ESML,iShares ESG Aware MSCI USA Small-Cap ETF,31/08/20,Beverages — 0.2%,"Boston Beer Co. Inc. (The), Class A, NVS",813,"7,17,050","7,17,050",
ESML,iShares ESG Aware MSCI USA Small-Cap ETF,31/08/20,Biotechnology — 6.5%,ACADIA Pharmaceuticals Inc. (a)(b),"14,540","5,75,639",,
ESML,iShares ESG Aware MSCI USA Small-Cap ETF,31/08/20,Biotechnology — 6.5%,Acceleron Pharma Inc.,"5,186","5,05,479",,
ESML,iShares ESG Aware MSCI USA Small-Cap ETF,31/08/20,Biotechnology — 6.5%,Adverum Biotechnologies Inc.,"13,990","1,70,678",,
ESML,iShares ESG Aware MSCI USA Small-Cap ETF,31/08/20,Biotechnology — 6.5%,Agios Pharmaceuticals Inc.,"8,554","3,50,800",,
ESML,iShares ESG Aware MSCI USA Small-Cap ETF,31/08/20,Biotechnology — 6.5%,Akebia Therapeutics Inc.,"17,766","1,84,944",,
ESML,iShares ESG Aware MSCI USA Small-Cap ETF,31/08/20,Biotechnology — 6.5%,Alder Biopharmaceuticals Inc. (a)(b)(c),"3,497","3,077",,
ESML,iShares ESG Aware MSCI USA Small-Cap ETF,31/08/20,Biotechnology — 6.5%,Alkermes PLC,"11,406","1,88,655",,
ESML,iShares ESG Aware MSCI USA Small-Cap ETF,31/08/20,Biotechnology — 6.5%,Allakos Inc.,"2,816","2,52,257",,
ESML,iShares ESG Aware MSCI USA Small-Cap ETF,31/08/20,Biotechnology — 6.5%,Allogene Therapeutics Inc. (a)(b),"5,933","2,11,511",,
ESML,iShares ESG Aware MSCI USA Small-Cap ETF,31/08/20,Biotechnology — 6.5%,Amicus Therapeutics Inc.,"25,574","3,73,380",,
ESML,iShares ESG Aware MSCI USA Small-Cap ETF,31/08/20,Biotechnology — 6.5%,AnaptysBio Inc.,"10,308","1,78,638",,
ESML,iShares ESG Aware MSCI USA Small-Cap ETF,31/08/20,Biotechnology — 6.5%,Apellis Pharmaceuticals Inc.,"6,298","1,94,167",,
ESML,iShares ESG Aware MSCI USA Small-Cap ETF,31/08/20,Biotechnology — 6.5%,Arcturus Therapeutics Holding Inc.,"3,116","1,50,316",,
ESML,iShares ESG Aware MSCI USA Small-Cap ETF,31/08/20,Biotechnology — 6.5%,Arcus Biosciences Inc.,"7,237","1,72,241",,
ESML,iShares ESG Aware MSCI USA Small-Cap ETF,31/08/20,Biotechnology — 6.5%,Arena Pharmaceuticals Inc.,"5,473","3,82,125",,
ESML,iShares ESG Aware MSCI USA Small-Cap ETF,31/08/20,Biotechnology — 6.5%,Arrowhead Pharmaceuticals Inc.,"9,810","4,14,374",,
ESML,iShares ESG Aware MSCI USA Small-Cap ETF,31/08/20,Biotechnology — 6.5%,Assembly Biosciences Inc.,"8,478","1,85,414",,
ESML,iShares ESG Aware MSCI USA Small-Cap ETF,31/08/20,Biotechnology — 6.5%,Atara Biotherapeutics Inc.,"14,259","1,92,211",,
ESML,iShares ESG Aware MSCI USA Small-Cap ETF,31/08/20,Biotechnology — 6.5%,BioCryst Pharmaceuticals Inc.,"41,540","1,72,391",,
ESML,iShares ESG Aware MSCI USA Small-Cap ETF,31/08/20,Biotechnology — 6.5%,Biohaven Pharmaceutical Holding Co. Ltd.,"5,698","3,61,196",,
ESML,iShares ESG Aware MSCI USA Small-Cap ETF,31/08/20,Biotechnology — 6.5%,Bluebird Bio Inc.,"7,396","4,38,583",,
ESML,iShares ESG Aware MSCI USA Small-Cap ETF,31/08/20,Biotechnology — 6.5%,Blueprint Medicines Corp.,"4,979","3,85,524",,
ESML,iShares ESG Aware MSCI USA Small-Cap ETF,31/08/20,Biotechnology — 6.5%,CareDx Inc.,"5,286","1,80,517",,
ESML,iShares ESG Aware MSCI USA Small-Cap ETF,31/08/20,Biotechnology — 6.5%,ChemoCentryx Inc.,"4,698","2,51,343",,
ESML,iShares ESG Aware MSCI USA Small-Cap ETF,31/08/20,Biotechnology — 6.5%,Coherus Biosciences Inc.,"9,211","1,74,733",,
ESML,iShares ESG Aware MSCI USA Small-Cap ETF,31/08/20,Biotechnology — 6.5%,CRISPR Therapeutics AG,"4,783","4,47,019",,
ESML,iShares ESG Aware MSCI USA Small-Cap ETF,31/08/20,Biotechnology — 6.5%,Cytokinetics Inc.,"7,837","1,87,775",,
ESML,iShares ESG Aware MSCI USA Small-Cap ETF,31/08/20,Biotechnology — 6.5%,Deciphera Pharmaceuticals Inc.,"4,151","1,86,837",,
ESML,iShares ESG Aware MSCI USA Small-Cap ETF,31/08/20,Biotechnology — 6.5%,Denali Therapeutics Inc.,"9,678","3,08,728",,
ESML,iShares ESG Aware MSCI USA Small-Cap ETF,31/08/20,Biotechnology — 6.5%,Dicerna Pharmaceuticals Inc.,"9,891","1,83,181",,
ESML,iShares ESG Aware MSCI USA Small-Cap ETF,31/08/20,Biotechnology — 6.5%,Eagle Pharmaceuticals Inc./DE,"4,308","1,70,941",,
ESML,iShares ESG Aware MSCI USA Small-Cap ETF,31/08/20,Biotechnology — 6.5%,Editas Medicine Inc.,"4,957","1,74,635",,
ESML,iShares ESG Aware MSCI USA Small-Cap ETF,31/08/20,Biotechnology — 6.5%,Emergent BioSolutions Inc.,"4,454","5,07,979",,
ESML,iShares ESG Aware MSCI USA Small-Cap ETF,31/08/20,Biotechnology — 6.5%,Enanta Pharmaceuticals Inc.,"3,749","1,95,660",,
ESML,iShares ESG Aware MSCI USA Small-Cap ETF,31/08/20,Biotechnology — 6.5%,Epizyme Inc.,"14,400","1,87,200",,
ESML,iShares ESG Aware MSCI USA Small-Cap ETF,31/08/20,Biotechnology — 6.5%,Esperion Therapeutics Inc. (a)(b),"5,401","1,94,976",,
ESML,iShares ESG Aware MSCI USA Small-Cap ETF,31/08/20,Biotechnology — 6.5%,Exelixis Inc.,"28,560","6,34,603",,
ESML,iShares ESG Aware MSCI USA Small-Cap ETF,31/08/20,Biotechnology — 6.5%,Fate Therapeutics Inc.,"6,406","2,33,178",,
ESML,iShares ESG Aware MSCI USA Small-Cap ETF,31/08/20,Biotechnology — 6.5%,FibroGen Inc.,"10,466","4,69,191",,
ESML,iShares ESG Aware MSCI USA Small-Cap ETF,31/08/20,Biotechnology — 6.5%,Global Blood Therapeutics Inc. (a)(b),"6,884","4,32,178",,
ESML,iShares ESG Aware MSCI USA Small-Cap ETF,31/08/20,Biotechnology — 6.5%,Gossamer Bio Inc.,"13,361","1,85,718",,
ESML,iShares ESG Aware MSCI USA Small-Cap ETF,31/08/20,Biotechnology — 6.5%,Halozyme Therapeutics Inc. (a)(b),"16,923","4,90,682",,
ESML,iShares ESG Aware MSCI USA Small-Cap ETF,31/08/20,Biotechnology — 6.5%,Heron Therapeutics Inc. (a)(b),"11,758","1,68,139",,
ESML,iShares ESG Aware MSCI USA Small-Cap ETF,31/08/20,Biotechnology — 6.5%,Immunomedics Inc.,"21,460","9,56,258",,
ESML,iShares ESG Aware MSCI USA Small-Cap ETF,31/08/20,Biotechnology — 6.5%,Immunovant Inc.,"5,821","1,97,681",,
ESML,iShares ESG Aware MSCI USA Small-Cap ETF,31/08/20,Biotechnology — 6.5%,Inovio Pharmaceuticals Inc.,"17,349","2,08,014",,
ESML,iShares ESG Aware MSCI USA Small-Cap ETF,31/08/20,Biotechnology — 6.5%,Insmed Inc.,"11,740","3,30,951",,
ESML,iShares ESG Aware MSCI USA Small-Cap ETF,31/08/20,Biotechnology — 6.5%,Intellia Therapeutics Inc. (a)(b),"8,615","1,85,912",,
ESML,iShares ESG Aware MSCI USA Small-Cap ETF,31/08/20,Biotechnology — 6.5%,Intercept Pharmaceuticals Inc.,"3,761","1,87,599",,
ESML,iShares ESG Aware MSCI USA Small-Cap ETF,31/08/20,Biotechnology — 6.5%,Invitae Corp. (a)(b),"11,977","4,18,716",,
ESML,iShares ESG Aware MSCI USA Small-Cap ETF,31/08/20,Biotechnology — 6.5%,Iovance Biotherapeutics Inc.,"11,351","3,78,329",,
ESML,iShares ESG Aware MSCI USA Small-Cap ETF,31/08/20,Biotechnology — 6.5%,Ironwood Pharmaceuticals Inc.,"17,431","1,76,053",,
ESML,iShares ESG Aware MSCI USA Small-Cap ETF,31/08/20,Biotechnology — 6.5%,Karyopharm Therapeutics Inc.,"12,234","1,86,079",,
ESML,iShares ESG Aware MSCI USA Small-Cap ETF,31/08/20,Biotechnology — 6.5%,Kodiak Sciences Inc.,"3,888","2,04,470",,
ESML,iShares ESG Aware MSCI USA Small-Cap ETF,31/08/20,Biotechnology — 6.5%,Krystal Biotech Inc.,"3,821","1,82,682",,
ESML,iShares ESG Aware MSCI USA Small-Cap ETF,31/08/20,Biotechnology — 6.5%,Kura Oncology Inc.,"8,425","2,09,698",,
ESML,iShares ESG Aware MSCI USA Small-Cap ETF,31/08/20,Biotechnology — 6.5%,Ligand Pharmaceuticals Inc.,"2,102","2,14,404",,
ESML,iShares ESG Aware MSCI USA Small-Cap ETF,31/08/20,Biotechnology — 6.5%,MacroGenics Inc.,"6,734","1,94,882",,
ESML,iShares ESG Aware MSCI USA Small-Cap ETF,31/08/20,Biotechnology — 6.5%,Madrigal Pharmaceuticals Inc.,"1,704","1,83,521",,
ESML,iShares ESG Aware MSCI USA Small-Cap ETF,31/08/20,Biotechnology — 6.5%,Mersana Therapeutics Inc.,"9,816","1,88,075",,
ESML,iShares ESG Aware MSCI USA Small-Cap ETF,31/08/20,Biotechnology — 6.5%,Mirati Therapeutics Inc. (a)(b),"3,315","4,95,162",,
ESML,iShares ESG Aware MSCI USA Small-Cap ETF,31/08/20,Biotechnology — 6.5%,Momenta Pharmaceuticals Inc.,"11,233","5,86,026",,
ESML,iShares ESG Aware MSCI USA Small-Cap ETF,31/08/20,Biotechnology — 6.5%,Myriad Genetics Inc.,"12,790","1,71,002",,
ESML,iShares ESG Aware MSCI USA Small-Cap ETF,31/08/20,Biotechnology — 6.5%,Natera Inc.,"7,072","4,50,557",,
ESML,iShares ESG Aware MSCI USA Small-Cap ETF,31/08/20,Biotechnology — 6.5%,Novavax Inc.,"6,221","6,86,425",,
ESML,iShares ESG Aware MSCI USA Small-Cap ETF,31/08/20,Biotechnology — 6.5%,OPKO Health Inc.,"59,228","1,91,899",,
ESML,iShares ESG Aware MSCI USA Small-Cap ETF,31/08/20,Biotechnology — 6.5%,Principia Biopharma Inc.,"2,488","2,48,825",,
ESML,iShares ESG Aware MSCI USA Small-Cap ETF,31/08/20,Biotechnology — 6.5%,Prothena Corp. PLC,"14,787","1,91,640",,
ESML,iShares ESG Aware MSCI USA Small-Cap ETF,31/08/20,Biotechnology — 6.5%,PTC Therapeutics Inc.,"6,224","3,07,621",,
ESML,iShares ESG Aware MSCI USA Small-Cap ETF,31/08/20,Biotechnology — 6.5%,REGENXBIO Inc.,"6,032","1,84,097",,
ESML,iShares ESG Aware MSCI USA Small-Cap ETF,31/08/20,Biotechnology — 6.5%,Rocket Pharmaceuticals Inc.,"6,648","1,69,989",,
ESML,iShares ESG Aware MSCI USA Small-Cap ETF,31/08/20,Biotechnology — 6.5%,Sage Therapeutics Inc.,"6,315","3,31,159",,
ESML,iShares ESG Aware MSCI USA Small-Cap ETF,31/08/20,Biotechnology — 6.5%,Sangamo Therapeutics Inc.,"14,997","1,65,492",,
ESML,iShares ESG Aware MSCI USA Small-Cap ETF,31/08/20,Biotechnology — 6.5%,TG Therapeutics Inc. (a)(b),"8,849","2,19,499",,
ESML,iShares ESG Aware MSCI USA Small-Cap ETF,31/08/20,Biotechnology — 6.5%,Turning Point Therapeutics Inc.,"4,147","3,24,212",,
ESML,iShares ESG Aware MSCI USA Small-Cap ETF,31/08/20,Biotechnology — 6.5%,Twist Bioscience Corp.,"2,875","2,01,049",,
ESML,iShares ESG Aware MSCI USA Small-Cap ETF,31/08/20,Biotechnology — 6.5%,Ultragenyx Pharmaceutical Inc.,"7,227","6,14,729",,
ESML,iShares ESG Aware MSCI USA Small-Cap ETF,31/08/20,Biotechnology — 6.5%,uniQure NV,"4,711","1,92,067",,
ESML,iShares ESG Aware MSCI USA Small-Cap ETF,31/08/20,Biotechnology — 6.5%,United Therapeutics Corp.,"3,554","3,80,136",,
ESML,iShares ESG Aware MSCI USA Small-Cap ETF,31/08/20,Biotechnology — 6.5%,Veracyte Inc.,"6,701","2,23,210",,
ESML,iShares ESG Aware MSCI USA Small-Cap ETF,31/08/20,Biotechnology — 6.5%,Xencor Inc.,"5,217","1,86,508",,
ESML,iShares ESG Aware MSCI USA Small-Cap ETF,31/08/20,Biotechnology — 6.5%,Therapeutics Inc.,"4,393","1,89,031",,
ESML,iShares ESG Aware MSCI USA Small-Cap ETF,31/08/20,Biotechnology — 6.5%,ZIOPHARM Oncology Inc. (a)(b),"62,547","1,75,757",,
ESML,iShares ESG Aware MSCI USA Small-Cap ETF,31/08/20,Biotechnology — 6.5%,Zymeworks Inc.,"6,067","1,96,692","2,36,94,921",
ESML,iShares ESG Aware MSCI USA Small-Cap ETF,31/08/20,Building Products — 1.0%,AAON Inc.,"6,053","3,44,597",,
ESML,iShares ESG Aware MSCI USA Small-Cap ETF,31/08/20,Building Products — 1.0%,Advanced Drainage Systems Inc.,"8,537","4,73,633",,
ESML,iShares ESG Aware MSCI USA Small-Cap ETF,31/08/20,Building Products — 1.0%,Armstrong World Industries Inc.,"7,326","5,40,219",,
ESML,iShares ESG Aware MSCI USA Small-Cap ETF,31/08/20,Building Products — 1.0%,Builders FirstSource Inc.,"15,665","4,79,662",,
ESML,iShares ESG Aware MSCI USA Small-Cap ETF,31/08/20,Building Products — 1.0%,Holding Inc.,"8,242","1,73,494",,
ESML,iShares ESG Aware MSCI USA Small-Cap ETF,31/08/20,Building Products — 1.0%,Masonite International Corp.,"2,434","2,22,200",,
ESML,iShares ESG Aware MSCI USA Small-Cap ETF,31/08/20,Building Products — 1.0%,Resideo Technologies Inc.,"17,443","2,33,039",,
ESML,iShares ESG Aware MSCI USA Small-Cap ETF,31/08/20,Building Products — 1.0%,Trex Co. Inc.,"6,827","10,20,568",,
ESML,iShares ESG Aware MSCI USA Small-Cap ETF,31/08/20,Building Products — 1.0%,UFP Industries Inc.,"4,527","2,68,678","37,56,090",
ESML,iShares ESG Aware MSCI USA Small-Cap ETF,31/08/20,Capital Markets — 1.5%,Affiliated Managers Group Inc.,"7,956","5,46,180",,
ESML,iShares ESG Aware MSCI USA Small-Cap ETF,31/08/20,Capital Markets — 1.5%,"Ares Management Corp., Class A","7,614","3,07,986",,
ESML,iShares ESG Aware MSCI USA Small-Cap ETF,31/08/20,Capital Markets — 1.5%,"Artisan Partners Asset Management Inc., Class A","5,675","2,19,679",,
ESML,iShares ESG Aware MSCI USA Small-Cap ETF,31/08/20,Capital Markets — 1.5%,Cohen & Steers Inc.,"2,977","1,80,109",,
ESML,iShares ESG Aware MSCI USA Small-Cap ETF,31/08/20,Capital Markets — 1.5%,Diamond Hill Investment Group Inc.,"1,466","1,81,652",,
ESML,iShares ESG Aware MSCI USA Small-Cap ETF,31/08/20,Capital Markets — 1.5%,"Evercore Inc., Class A","3,014","1,86,506",,
ESML,iShares ESG Aware MSCI USA Small-Cap ETF,31/08/20,Capital Markets — 1.5%,Federated Hermes Inc.,"9,797","2,34,246",,
ESML,iShares ESG Aware MSCI USA Small-Cap ETF,31/08/20,Capital Markets — 1.5%,Houlihan Lokey Inc.,"3,143","1,84,180",,
ESML,iShares ESG Aware MSCI USA Small-Cap ETF,31/08/20,Capital Markets — 1.5%,"Interactive Brokers Group Inc., Class A","6,596","3,49,720",,
ESML,iShares ESG Aware MSCI USA Small-Cap ETF,31/08/20,Capital Markets — 1.5%,Janus Henderson Group PLC,"44,633","9,24,796",,
ESML,iShares ESG Aware MSCI USA Small-Cap ETF,31/08/20,Capital Markets — 1.5%,LPL Financial Holdings Inc.,"10,195","8,37,621",,
ESML,iShares ESG Aware MSCI USA Small-Cap ETF,31/08/20,Capital Markets — 1.5%,Morningstar Inc.,"3,215","5,14,882",,
ESML,iShares ESG Aware MSCI USA Small-Cap ETF,31/08/20,Capital Markets — 1.5%,Stifel Financial Corp.,"4,444","2,25,355",,
ESML,iShares ESG Aware MSCI USA Small-Cap ETF,31/08/20,Capital Markets — 1.5%,StoneX Group Inc.,"3,533","2,00,321",,
ESML,iShares ESG Aware MSCI USA Small-Cap ETF,31/08/20,Capital Markets — 1.5%,"Virtu Financial Inc., Class A","7,506","1,93,880",,
ESML,iShares ESG Aware MSCI USA Small-Cap ETF,31/08/20,Capital Markets — 1.5%,Virtus Investment Partners Inc.,"1,874","2,65,921","55,53,034",
ESML,iShares ESG Aware MSCI USA Small-Cap ETF,31/08/20,Chemicals — 1.5%,Ashland Global Holdings Inc.,"2,422","1,78,477",,
ESML,iShares ESG Aware MSCI USA Small-Cap ETF,31/08/20,Chemicals — 1.5%,Avient Corp.,"9,672","2,46,829",,
ESML,iShares ESG Aware MSCI USA Small-Cap ETF,31/08/20,Chemicals — 1.5%,Balchem Corp.,"3,443","3,36,381",,
ESML,iShares ESG Aware MSCI USA Small-Cap ETF,31/08/20,Chemicals — 1.5%,Chemours Co. (The),"18,572","3,83,698",,
ESML,iShares ESG Aware MSCI USA Small-Cap ETF,31/08/20,Chemicals — 1.5%,HB Fuller Co.,"10,812","5,20,814",,
ESML,iShares ESG Aware MSCI USA Small-Cap ETF,31/08/20,Chemicals — 1.5%,Huntsman Corp.,"17,397","3,76,123",,
ESML,iShares ESG Aware MSCI USA Small-Cap ETF,31/08/20,Chemicals — 1.5%,Ingevity Corp.,"3,825","2,14,850",,
ESML,iShares ESG Aware MSCI USA Small-Cap ETF,31/08/20,Chemicals — 1.5%,Innospec Inc.,"4,799","3,58,437",,
ESML,iShares ESG Aware MSCI USA Small-Cap ETF,31/08/20,Chemicals — 1.5%,Minerals Technologies Inc.,"8,758","4,44,469",,
ESML,iShares ESG Aware MSCI USA Small-Cap ETF,31/08/20,Chemicals — 1.5%,Chemicals (continued) Orion Engineered Carbons SA,"14,943","1,81,557",,
ESML,iShares ESG Aware MSCI USA Small-Cap ETF,31/08/20,Chemicals — 1.5%,Quaker Chemical Corp.,"1,013","1,92,470",,
ESML,iShares ESG Aware MSCI USA Small-Cap ETF,31/08/20,Chemicals — 1.5%,Scotts Miracle-Gro Co. (The),"4,255","7,17,095",,
ESML,iShares ESG Aware MSCI USA Small-Cap ETF,31/08/20,Chemicals — 1.5%,Sensient Technologies Corp.,"3,757","2,07,462",,
ESML,iShares ESG Aware MSCI USA Small-Cap ETF,31/08/20,Chemicals — 1.5%,Stepan Co.,"3,077","3,54,747",,
ESML,iShares ESG Aware MSCI USA Small-Cap ETF,31/08/20,Chemicals — 1.5%,Trinseo SA,"8,403","2,09,319",,
ESML,iShares ESG Aware MSCI USA Small-Cap ETF,31/08/20,Chemicals — 1.5%,Valvoline Inc.,"16,919","3,45,148",,
ESML,iShares ESG Aware MSCI USA Small-Cap ETF,31/08/20,Chemicals — 1.5%,WR Grace & Co.,"4,293","1,74,768","54,42,644",
ESML,iShares ESG Aware MSCI USA Small-Cap ETF,31/08/20,Commercial Services & Supplies — 2.2%,ABM Industries Inc.,"9,911","3,78,005",,
ESML,iShares ESG Aware MSCI USA Small-Cap ETF,31/08/20,Commercial Services & Supplies — 2.2%,ACCO Brands Corp.,"26,891","1,74,254",,
ESML,iShares ESG Aware MSCI USA Small-Cap ETF,31/08/20,Commercial Services & Supplies — 2.2%,ADT Inc.,"24,506","2,60,989",,
ESML,iShares ESG Aware MSCI USA Small-Cap ETF,31/08/20,Commercial Services & Supplies — 2.2%,"Brady Corp., Class A, NVS","8,281","3,88,296",,
ESML,iShares ESG Aware MSCI USA Small-Cap ETF,31/08/20,Commercial Services & Supplies — 2.2%,Brink’s Co. (The),"4,000","1,93,440",,
ESML,iShares ESG Aware MSCI USA Small-Cap ETF,31/08/20,Commercial Services & Supplies — 2.2%,Cimpress PLC,"2,161","2,00,325",,
ESML,iShares ESG Aware MSCI USA Small-Cap ETF,31/08/20,Commercial Services & Supplies — 2.2%,Clean Harbors Inc.,"4,997","3,05,317",,
ESML,iShares ESG Aware MSCI USA Small-Cap ETF,31/08/20,Commercial Services & Supplies — 2.2%,Covanta Holding Corp.,"29,641","2,79,811",,
ESML,iShares ESG Aware MSCI USA Small-Cap ETF,31/08/20,Commercial Services & Supplies — 2.2%,Deluxe Corp.,"6,073","1,72,473",,
ESML,iShares ESG Aware MSCI USA Small-Cap ETF,31/08/20,Commercial Services & Supplies — 2.2%,Healthcare Services Group Inc.,"11,093","2,30,734",,
ESML,iShares ESG Aware MSCI USA Small-Cap ETF,31/08/20,Commercial Services & Supplies — 2.2%,Herman Miller Inc.,"13,024","3,10,362",,
ESML,iShares ESG Aware MSCI USA Small-Cap ETF,31/08/20,Commercial Services & Supplies — 2.2%,HNI Corp.,"6,694","2,13,204",,
ESML,iShares ESG Aware MSCI USA Small-Cap ETF,31/08/20,Commercial Services & Supplies — 2.2%,IAA Inc.,"16,240","8,49,677",,
ESML,iShares ESG Aware MSCI USA Small-Cap ETF,31/08/20,Commercial Services & Supplies — 2.2%,KAR Auction Services Inc.,"21,231","3,68,145",,
ESML,iShares ESG Aware MSCI USA Small-Cap ETF,31/08/20,Commercial Services & Supplies — 2.2%,Knoll Inc.,"14,793","1,90,386",,
ESML,iShares ESG Aware MSCI USA Small-Cap ETF,31/08/20,Commercial Services & Supplies — 2.2%,"Matthews International Corp., Class A","11,475","2,51,302",,
ESML,iShares ESG Aware MSCI USA Small-Cap ETF,31/08/20,Commercial Services & Supplies — 2.2%,McGrath RentCorp.,"4,988","3,31,004",,
ESML,iShares ESG Aware MSCI USA Small-Cap ETF,31/08/20,Commercial Services & Supplies — 2.2%,MSA Safety Inc.,"4,625","5,82,519",,
ESML,iShares ESG Aware MSCI USA Small-Cap ETF,31/08/20,Commercial Services & Supplies — 2.2%,Pitney Bowes Inc.,"34,024","1,86,792",,
ESML,iShares ESG Aware MSCI USA Small-Cap ETF,31/08/20,Commercial Services & Supplies — 2.2%,SP Plus Corp.,"9,437","1,93,553",,
ESML,iShares ESG Aware MSCI USA Small-Cap ETF,31/08/20,Commercial Services & Supplies — 2.2%,"Steelcase Inc., Class A","16,783","1,75,382",,
ESML,iShares ESG Aware MSCI USA Small-Cap ETF,31/08/20,Commercial Services & Supplies — 2.2%,Stericycle Inc.,"4,572","2,93,111",,
ESML,iShares ESG Aware MSCI USA Small-Cap ETF,31/08/20,Commercial Services & Supplies — 2.2%,Tetra Tech Inc.,"7,767","7,16,972",,
ESML,iShares ESG Aware MSCI USA Small-Cap ETF,31/08/20,Commercial Services & Supplies — 2.2%,UniFirst Corp./MA,"2,382","4,58,821",,
ESML,iShares ESG Aware MSCI USA Small-Cap ETF,31/08/20,Commercial Services & Supplies — 2.2%,Viad Corp.,"9,697","2,07,807","79,12,681",
ESML,iShares ESG Aware MSCI USA Small-Cap ETF,31/08/20,Communications Equipment — 1.1%,ADTRAN Inc.,"15,236","1,68,967",,
ESML,iShares ESG Aware MSCI USA Small-Cap ETF,31/08/20,Communications Equipment — 1.1%,Ciena Corp.,"18,505","10,50,529",,
ESML,iShares ESG Aware MSCI USA Small-Cap ETF,31/08/20,Communications Equipment — 1.1%,CommScope Holding Co. Inc.,"26,909","2,77,163",,
ESML,iShares ESG Aware MSCI USA Small-Cap ETF,31/08/20,Communications Equipment — 1.1%,"EchoStar Corp., Class A","6,077","1,78,542",,
ESML,iShares ESG Aware MSCI USA Small-Cap ETF,31/08/20,Communications Equipment — 1.1%,Harmonic Inc.,"29,885","1,76,322",,
ESML,iShares ESG Aware MSCI USA Small-Cap ETF,31/08/20,Communications Equipment — 1.1%,Infinera Corp. (a)(b),"23,184","1,69,011",,
ESML,iShares ESG Aware MSCI USA Small-Cap ETF,31/08/20,Communications Equipment — 1.1%,InterDigital Inc.,"4,925","3,01,164",,
ESML,iShares ESG Aware MSCI USA Small-Cap ETF,31/08/20,Communications Equipment — 1.1%,Lumentum Holdings Inc.,"9,034","7,76,924",,
ESML,iShares ESG Aware MSCI USA Small-Cap ETF,31/08/20,Communications Equipment — 1.1%,NETGEAR Inc.,"5,370","1,79,089",,
ESML,iShares ESG Aware MSCI USA Small-Cap ETF,31/08/20,Communications Equipment — 1.1%,NetScout Systems Inc.,"7,614","1,76,188",,
ESML,iShares ESG Aware MSCI USA Small-Cap ETF,31/08/20,Communications Equipment — 1.1%,Plantronics Inc.,"10,499","1,29,768",,
ESML,iShares ESG Aware MSCI USA Small-Cap ETF,31/08/20,Communications Equipment — 1.1%,Ribbon Communications Inc.,"40,004","1,71,217",,
ESML,iShares ESG Aware MSCI USA Small-Cap ETF,31/08/20,Communications Equipment — 1.1%,ViaSat Inc.,"4,461","1,77,369",,
ESML,iShares ESG Aware MSCI USA Small-Cap ETF,31/08/20,Communications Equipment — 1.1%,Viavi Solutions Inc.,"13,496","1,79,969","41,12,222",
ESML,iShares ESG Aware MSCI USA Small-Cap ETF,31/08/20,Construction & Engineering — 1.8%,AECOM,"22,434","8,86,367",,
ESML,iShares ESG Aware MSCI USA Small-Cap ETF,31/08/20,Construction & Engineering — 1.8%,Aegion Corp.,"12,447","2,01,455",,
ESML,iShares ESG Aware MSCI USA Small-Cap ETF,31/08/20,Construction & Engineering — 1.8%,Arcosa Inc.,"5,887","2,72,509",,
ESML,iShares ESG Aware MSCI USA Small-Cap ETF,31/08/20,Construction & Engineering — 1.8%,Argan Inc.,"4,224","1,78,802",,
ESML,iShares ESG Aware MSCI USA Small-Cap ETF,31/08/20,Construction & Engineering — 1.8%,Comfort Systems USA Inc.,"8,841","4,47,973",,
ESML,iShares ESG Aware MSCI USA Small-Cap ETF,31/08/20,Construction & Engineering — 1.8%,Dycom Industries Inc.,"3,897","2,39,704",,
ESML,iShares ESG Aware MSCI USA Small-Cap ETF,31/08/20,Construction & Engineering — 1.8%,Construction & Engineering (continued) EMCOR Group Inc.,"10,793","8,09,583",,
ESML,iShares ESG Aware MSCI USA Small-Cap ETF,31/08/20,Construction & Engineering — 1.8%,Fluor Corp.,"17,420","1,65,838",,
ESML,iShares ESG Aware MSCI USA Small-Cap ETF,31/08/20,Construction & Engineering — 1.8%,Granite Construction Inc.,"11,847","2,20,236",,
ESML,iShares ESG Aware MSCI USA Small-Cap ETF,31/08/20,Construction & Engineering — 1.8%,Great Lakes Dredge & Dock Corp.,"19,089","1,78,864",,
ESML,iShares ESG Aware MSCI USA Small-Cap ETF,31/08/20,Construction & Engineering — 1.8%,IES Holdings Inc.,"7,113","2,05,068",,
ESML,iShares ESG Aware MSCI USA Small-Cap ETF,31/08/20,Construction & Engineering — 1.8%,MasTec Inc.,"6,075","2,80,726",,
ESML,iShares ESG Aware MSCI USA Small-Cap ETF,31/08/20,Construction & Engineering — 1.8%,MYR Group Inc.,"6,475","2,51,295",,
ESML,iShares ESG Aware MSCI USA Small-Cap ETF,31/08/20,Construction & Engineering — 1.8%,Primoris Services Corp.,"10,243","1,95,232",,
ESML,iShares ESG Aware MSCI USA Small-Cap ETF,31/08/20,Construction & Engineering — 1.8%,Quanta Services Inc.,"22,635","11,60,044",,
ESML,iShares ESG Aware MSCI USA Small-Cap ETF,31/08/20,Construction & Engineering — 1.8%,Valmont Industries Inc.,"3,607","4,58,269",,
ESML,iShares ESG Aware MSCI USA Small-Cap ETF,31/08/20,Construction & Engineering — 1.8%,WillScot Mobile Mini Holdings Corp.,"21,935","3,92,637","65,44,602",
ESML,iShares ESG Aware MSCI USA Small-Cap ETF,31/08/20,Construction Materials — 0.2%,Eagle Materials Inc.,"2,218","1,81,366",,
ESML,iShares ESG Aware MSCI USA Small-Cap ETF,31/08/20,Construction Materials — 0.2%,"Summit Materials Inc., Class A","15,118","2,25,107",,
ESML,iShares ESG Aware MSCI USA Small-Cap ETF,31/08/20,Construction Materials — 0.2%,U.S. Concrete Inc.,"6,512","1,73,805","5,80,278",
ESML,iShares ESG Aware MSCI USA Small-Cap ETF,31/08/20,Consumer Finance — 0.5%,Credit Acceptance Corp.,813,"3,14,468",,
ESML,iShares ESG Aware MSCI USA Small-Cap ETF,31/08/20,Consumer Finance — 0.5%,Encore Capital Group Inc.,"4,862","2,23,360",,
ESML,iShares ESG Aware MSCI USA Small-Cap ETF,31/08/20,Consumer Finance — 0.5%,"Green Dot Corp., Class A","6,143","3,19,805",,
ESML,iShares ESG Aware MSCI USA Small-Cap ETF,31/08/20,Consumer Finance — 0.5%,LendingTree Inc. (a)(b),593,"1,83,201",,
ESML,iShares ESG Aware MSCI USA Small-Cap ETF,31/08/20,Consumer Finance — 0.5%,OneMain Holdings Inc.,"6,633","1,92,888",,
ESML,iShares ESG Aware MSCI USA Small-Cap ETF,31/08/20,Consumer Finance — 0.5%,PRA Group Inc.,"8,939","4,17,228",,
ESML,iShares ESG Aware MSCI USA Small-Cap ETF,31/08/20,Consumer Finance — 0.5%,SLM Corp.,"34,247","2,61,647","19,12,597",
ESML,iShares ESG Aware MSCI USA Small-Cap ETF,31/08/20,Containers & Packaging — 0.9%,AptarGroup Inc.,"9,312","11,02,448",,
ESML,iShares ESG Aware MSCI USA Small-Cap ETF,31/08/20,Containers & Packaging — 0.9%,Berry Global Group Inc.,"11,001","5,66,991",,
ESML,iShares ESG Aware MSCI USA Small-Cap ETF,31/08/20,Containers & Packaging — 0.9%,Graphic Packaging Holding Co.,"21,721","3,03,659",,
ESML,iShares ESG Aware MSCI USA Small-Cap ETF,31/08/20,Containers & Packaging — 0.9%,"Greif Inc., Class A, NVS","5,527","2,03,670",,
ESML,iShares ESG Aware MSCI USA Small-Cap ETF,31/08/20,Containers & Packaging — 0.9%,Myers Industries Inc.,"12,722","1,94,647",,
ESML,iShares ESG Aware MSCI USA Small-Cap ETF,31/08/20,Containers & Packaging — 0.9%,O-I Glass Inc.,"17,277","1,87,974",,
ESML,iShares ESG Aware MSCI USA Small-Cap ETF,31/08/20,Containers & Packaging — 0.9%,Sonoco Products Co.,"12,005","6,36,625","31,96,014",
ESML,iShares ESG Aware MSCI USA Small-Cap ETF,31/08/20,Distributors — 0.5%,Pool Corp.,"5,575","18,27,708","18,27,708",
ESML,iShares ESG Aware MSCI USA Small-Cap ETF,31/08/20,Diversified Consumer Services — 1.7%,American Public Education Inc.,"5,281","1,66,035",,
ESML,iShares ESG Aware MSCI USA Small-Cap ETF,31/08/20,Diversified Consumer Services — 1.7%,Bright Horizons Family Solutions Inc.,"8,123","10,80,440",,
ESML,iShares ESG Aware MSCI USA Small-Cap ETF,31/08/20,Diversified Consumer Services — 1.7%,Carriage Services Inc.,"8,337","1,84,581",,
ESML,iShares ESG Aware MSCI USA Small-Cap ETF,31/08/20,Diversified Consumer Services — 1.7%,Chegg Inc.,"12,267","9,04,568",,
ESML,iShares ESG Aware MSCI USA Small-Cap ETF,31/08/20,Diversified Consumer Services — 1.7%,frontdoor Inc.,"9,847","4,29,034",,
ESML,iShares ESG Aware MSCI USA Small-Cap ETF,31/08/20,Diversified Consumer Services — 1.7%,"Graham Holdings Co., Class B",593,"2,53,774",,
ESML,iShares ESG Aware MSCI USA Small-Cap ETF,31/08/20,Diversified Consumer Services — 1.7%,Grand Canyon Education Inc.,"4,740","4,45,750",,
ESML,iShares ESG Aware MSCI USA Small-Cap ETF,31/08/20,Diversified Consumer Services — 1.7%,H&R Block Inc.,"20,651","2,99,439",,
ESML,iShares ESG Aware MSCI USA Small-Cap ETF,31/08/20,Diversified Consumer Services — 1.7%,K12 Inc.,"4,290","1,59,631",,
ESML,iShares ESG Aware MSCI USA Small-Cap ETF,31/08/20,Diversified Consumer Services — 1.7%,"Laureate Education Inc., Class A","14,225","1,78,097",,
ESML,iShares ESG Aware MSCI USA Small-Cap ETF,31/08/20,Diversified Consumer Services — 1.7%,Service Corp. International,"21,932","10,01,196",,
ESML,iShares ESG Aware MSCI USA Small-Cap ETF,31/08/20,Diversified Consumer Services — 1.7%,ServiceMaster Global Holdings Inc.,"17,620","7,03,038",,
ESML,iShares ESG Aware MSCI USA Small-Cap ETF,31/08/20,Diversified Consumer Services — 1.7%,Strategic Education Inc.,"2,163","2,21,859",,
ESML,iShares ESG Aware MSCI USA Small-Cap ETF,31/08/20,Diversified Consumer Services — 1.7%,WW International Inc. (a)(b),"7,466","1,75,302","62,02,744",
ESML,iShares ESG Aware MSCI USA Small-Cap ETF,31/08/20,Diversified Financial Services — 0.1%,Cannae Holdings Inc.,"5,914","2,23,135",,
ESML,iShares ESG Aware MSCI USA Small-Cap ETF,31/08/20,Diversified Financial Services — 0.1%,Jefferies Financial Group Inc.,"14,070","2,46,788","4,69,923",
ESML,iShares ESG Aware MSCI USA Small-Cap ETF,31/08/20,Diversified Telecommunication Services — 0.5%,"Bandwidth Inc., Class A","2,126","3,34,802",,
ESML,iShares ESG Aware MSCI USA Small-Cap ETF,31/08/20,Diversified Telecommunication Services — 0.5%,Cincinnati Bell Inc.,"7,128","1,07,348",,
ESML,iShares ESG Aware MSCI USA Small-Cap ETF,31/08/20,Diversified Telecommunication Services — 0.5%,Cogent Communications Holdings Inc.,"4,048","2,72,268",,
ESML,iShares ESG Aware MSCI USA Small-Cap ETF,31/08/20,Diversified Telecommunication Services — 0.5%,"GCI Liberty Inc., Class A","6,768","5,46,719",,
ESML,iShares ESG Aware MSCI USA Small-Cap ETF,31/08/20,Diversified Telecommunication Services — 0.5%,Iridium Communications Inc.,"12,070","3,38,081",,
ESML,iShares ESG Aware MSCI USA Small-Cap ETF,31/08/20,Diversified Telecommunication Services — 0.5%,"Liberty Latin America Ltd., Class C, NVS","19,766","1,88,568",,
ESML,iShares ESG Aware MSCI USA Small-Cap ETF,31/08/20,Diversified Telecommunication Services — 0.5%,Vonage Holdings Corp.,"20,581","2,35,652","20,23,438",
ESML,iShares ESG Aware MSCI USA Small-Cap ETF,31/08/20,Electric Utilities — 0.2%,Hawaiian Electric Industries Inc.,"19,994","6,91,992","6,91,992",
ESML,iShares ESG Aware MSCI USA Small-Cap ETF,31/08/20,Electrical Equipment — 1.6%,Acuity Brands Inc.,"6,007","6,56,505",,
ESML,iShares ESG Aware MSCI USA Small-Cap ETF,31/08/20,Electrical Equipment — 1.6%,Atkore International Group Inc.,"6,247","1,66,982",,
ESML,iShares ESG Aware MSCI USA Small-Cap ETF,31/08/20,Electrical Equipment — 1.6%,"Bloom Energy Corp., Class A (a)(b)","11,957","1,87,247",,
ESML,iShares ESG Aware MSCI USA Small-Cap ETF,31/08/20,Electrical Equipment — 1.6%,EnerSys,"3,458","2,48,907",,
ESML,iShares ESG Aware MSCI USA Small-Cap ETF,31/08/20,Electrical Equipment — 1.6%,Generac Holdings Inc.,"7,826","14,86,784",,
ESML,iShares ESG Aware MSCI USA Small-Cap ETF,31/08/20,Electrical Equipment — 1.6%,Hubbell Inc.,"6,143","8,90,244",,
ESML,iShares ESG Aware MSCI USA Small-Cap ETF,31/08/20,Electrical Equipment — 1.6%,Plug Power Inc.,"38,431","4,98,834",,
ESML,iShares ESG Aware MSCI USA Small-Cap ETF,31/08/20,Electrical Equipment — 1.6%,Regal Beloit Corp.,"3,408","3,36,915",,
ESML,iShares ESG Aware MSCI USA Small-Cap ETF,31/08/20,Electrical Equipment — 1.6%,Sunrun Inc.,"10,318","5,83,535",,
ESML,iShares ESG Aware MSCI USA Small-Cap ETF,31/08/20,Electrical Equipment — 1.6%,TPI Composites Inc.,"5,633","1,72,989",,
ESML,iShares ESG Aware MSCI USA Small-Cap ETF,31/08/20,Electrical Equipment — 1.6%,Vertiv Holdings Co.,"20,658","3,35,279",,
ESML,iShares ESG Aware MSCI USA Small-Cap ETF,31/08/20,Electrical Equipment — 1.6%,Vicor Corp.,"2,274","1,97,906",,
ESML,iShares ESG Aware MSCI USA Small-Cap ETF,31/08/20,Electrical Equipment — 1.6%,Vivint Solar Inc.,"6,875","2,12,300","59,74,427",
ESML,iShares ESG Aware MSCI USA Small-Cap ETF,31/08/20,"Electronic Equipment, Instruments & Components — 2.9%",Avnet Inc.,"14,023","3,85,773",,
ESML,iShares ESG Aware MSCI USA Small-Cap ETF,31/08/20,"Electronic Equipment, Instruments & Components — 2.9%",Badger Meter Inc.,"8,472","5,22,638",,
ESML,iShares ESG Aware MSCI USA Small-Cap ETF,31/08/20,"Electronic Equipment, Instruments & Components — 2.9%",Benchmark Electronics Inc.,"11,809","2,31,574",,
ESML,iShares ESG Aware MSCI USA Small-Cap ETF,31/08/20,"Electronic Equipment, Instruments & Components — 2.9%",Coherent Inc.,"4,196","4,72,721",,
ESML,iShares ESG Aware MSCI USA Small-Cap ETF,31/08/20,"Electronic Equipment, Instruments & Components — 2.9%",CTS Corp.,"8,534","1,78,361",,
ESML,iShares ESG Aware MSCI USA Small-Cap ETF,31/08/20,"Electronic Equipment, Instruments & Components — 2.9%","Dolby Laboratories Inc., Class A","11,020","7,69,747",,
ESML,iShares ESG Aware MSCI USA Small-Cap ETF,31/08/20,"Electronic Equipment, Instruments & Components — 2.9%",ePlus Inc.,"3,414","2,61,922",,
ESML,iShares ESG Aware MSCI USA Small-Cap ETF,31/08/20,"Electronic Equipment, Instruments & Components — 2.9%",Fabrinet,"5,192","3,62,298",,
ESML,iShares ESG Aware MSCI USA Small-Cap ETF,31/08/20,"Electronic Equipment, Instruments & Components — 2.9%",FARO Technologies Inc.,"3,060","1,72,890",,
ESML,iShares ESG Aware MSCI USA Small-Cap ETF,31/08/20,"Electronic Equipment, Instruments & Components — 2.9%","Fitbit Inc., Class A (a)(b)","30,920","1,96,651",,
ESML,iShares ESG Aware MSCI USA Small-Cap ETF,31/08/20,"Electronic Equipment, Instruments & Components — 2.9%",Flex Ltd. (a)(b),"60,417","6,56,129",,
ESML,iShares ESG Aware MSCI USA Small-Cap ETF,31/08/20,"Electronic Equipment, Instruments & Components — 2.9%",II-VI Inc.,"8,589","3,82,211",,
ESML,iShares ESG Aware MSCI USA Small-Cap ETF,31/08/20,"Electronic Equipment, Instruments & Components — 2.9%",Insight Enterprises Inc.,"6,298","3,76,652",,
ESML,iShares ESG Aware MSCI USA Small-Cap ETF,31/08/20,"Electronic Equipment, Instruments & Components — 2.9%",Itron Inc.,"7,171","4,27,176",,
ESML,iShares ESG Aware MSCI USA Small-Cap ETF,31/08/20,"Electronic Equipment, Instruments & Components — 2.9%",Jabil Inc.,"9,425","3,21,864",,
ESML,iShares ESG Aware MSCI USA Small-Cap ETF,31/08/20,"Electronic Equipment, Instruments & Components — 2.9%",Kimball Electronics Inc.,"13,558","1,82,830",,
ESML,iShares ESG Aware MSCI USA Small-Cap ETF,31/08/20,"Electronic Equipment, Instruments & Components — 2.9%",Knowles Corp.,"12,156","1,83,069",,
ESML,iShares ESG Aware MSCI USA Small-Cap ETF,31/08/20,"Electronic Equipment, Instruments & Components — 2.9%",Littelfuse Inc.,"2,824","5,10,692",,
ESML,iShares ESG Aware MSCI USA Small-Cap ETF,31/08/20,"Electronic Equipment, Instruments & Components — 2.9%",Methode Electronics Inc.,"11,837","3,35,105",,
ESML,iShares ESG Aware MSCI USA Small-Cap ETF,31/08/20,"Electronic Equipment, Instruments & Components — 2.9%",MTS Systems Corp.,"7,576","1,84,854",,
ESML,iShares ESG Aware MSCI USA Small-Cap ETF,31/08/20,"Electronic Equipment, Instruments & Components — 2.9%",National Instruments Corp.,"24,587","8,82,427",,
ESML,iShares ESG Aware MSCI USA Small-Cap ETF,31/08/20,"Electronic Equipment, Instruments & Components — 2.9%",Novanta Inc.,"4,506","4,82,908",,
ESML,iShares ESG Aware MSCI USA Small-Cap ETF,31/08/20,"Electronic Equipment, Instruments & Components — 2.9%",OSI Systems Inc.,"4,379","3,44,846",,
ESML,iShares ESG Aware MSCI USA Small-Cap ETF,31/08/20,"Electronic Equipment, Instruments & Components — 2.9%",Plexus Corp.,"5,460","4,15,342",,
ESML,iShares ESG Aware MSCI USA Small-Cap ETF,31/08/20,"Electronic Equipment, Instruments & Components — 2.9%",Rogers Corp.,"2,513","2,84,748",,
ESML,iShares ESG Aware MSCI USA Small-Cap ETF,31/08/20,"Electronic Equipment, Instruments & Components — 2.9%",SYNNEX Corp.,"4,837","6,15,025",,
ESML,iShares ESG Aware MSCI USA Small-Cap ETF,31/08/20,"Electronic Equipment, Instruments & Components — 2.9%",Vishay Intertechnology Inc.,"15,321","2,44,983",,
ESML,iShares ESG Aware MSCI USA Small-Cap ETF,31/08/20,"Electronic Equipment, Instruments & Components — 2.9%",Vishay Precision Group Inc.,"8,089","2,01,497","1,05,86,933",
ESML,iShares ESG Aware MSCI USA Small-Cap ETF,31/08/20,Energy Equipment & Services — 0.5%,Archrock Inc.,"30,733","2,01,609",,
ESML,iShares ESG Aware MSCI USA Small-Cap ETF,31/08/20,Energy Equipment & Services — 0.5%,"Cactus Inc., Class A","8,082","1,78,531",,
ESML,iShares ESG Aware MSCI USA Small-Cap ETF,31/08/20,Energy Equipment & Services — 0.5%,ChampionX Corp.,"23,509","2,40,732",,
ESML,iShares ESG Aware MSCI USA Small-Cap ETF,31/08/20,Energy Equipment & Services — 0.5%,Core Laboratories NV,"8,876","1,85,775",,
ESML,iShares ESG Aware MSCI USA Small-Cap ETF,31/08/20,Energy Equipment & Services — 0.5%,Dril-Quip Inc.,"5,289","1,75,225",,
ESML,iShares ESG Aware MSCI USA Small-Cap ETF,31/08/20,Energy Equipment & Services — 0.5%,Helmerich & Payne Inc.,"10,006","1,64,899",,
ESML,iShares ESG Aware MSCI USA Small-Cap ETF,31/08/20,Energy Equipment & Services — 0.5%,Oceaneering International Inc.,"31,732","1,71,035",,
ESML,iShares ESG Aware MSCI USA Small-Cap ETF,31/08/20,Energy Equipment & Services — 0.5%,TechnipFMC PLC,"71,600","5,51,320","18,69,126",
ESML,iShares ESG Aware MSCI USA Small-Cap ETF,31/08/20,Entertainment — 0.5%,Cinemark Holdings Inc.,"17,127","2,50,911",,
ESML,iShares ESG Aware MSCI USA Small-Cap ETF,31/08/20,Entertainment — 0.5%,IMAX Corp.,"18,208","2,79,857",,
ESML,iShares ESG Aware MSCI USA Small-Cap ETF,31/08/20,Entertainment — 0.5%,"Lions Gate Entertainment Corp., Class A","21,537","2,09,770",,
ESML,iShares ESG Aware MSCI USA Small-Cap ETF,31/08/20,Entertainment — 0.5%,Madison Square Garden Sports Corp.,"1,277","2,09,428",,
ESML,iShares ESG Aware MSCI USA Small-Cap ETF,31/08/20,Entertainment — 0.5%,"World Wrestling Entertainment Inc., Class A","5,075","2,23,655",,
ESML,iShares ESG Aware MSCI USA Small-Cap ETF,31/08/20,Entertainment — 0.5%,"Zynga Inc., Class A","92,149","8,34,870","20,08,491",
ESML,iShares ESG Aware MSCI USA Small-Cap ETF,31/08/20,Equity Real Estate Investment Trusts (REITs) — 7.5%,Agree Realty Corp.,"6,470","4,32,972",,
ESML,iShares ESG Aware MSCI USA Small-Cap ETF,31/08/20,Equity Real Estate Investment Trusts (REITs) — 7.5%,Alexander & Baldwin Inc.,"28,045","3,39,625",,
ESML,iShares ESG Aware MSCI USA Small-Cap ETF,31/08/20,Equity Real Estate Investment Trusts (REITs) — 7.5%,American Assets Trust Inc.,"7,218","1,84,420",,
ESML,iShares ESG Aware MSCI USA Small-Cap ETF,31/08/20,Equity Real Estate Investment Trusts (REITs) — 7.5%,American Campus Communities Inc.,"26,509","8,98,655",,
ESML,iShares ESG Aware MSCI USA Small-Cap ETF,31/08/20,Equity Real Estate Investment Trusts (REITs) — 7.5%,"American Homes 4 Rent, Class A","22,001","6,30,109",,
ESML,iShares ESG Aware MSCI USA Small-Cap ETF,31/08/20,Equity Real Estate Investment Trusts (REITs) — 7.5%,Americold Realty Trust,"20,598","7,89,933",,
ESML,iShares ESG Aware MSCI USA Small-Cap ETF,31/08/20,Equity Real Estate Investment Trusts (REITs) — 7.5%,"Apartment Investment & Management Co., Class A","11,351","4,08,977",,
ESML,iShares ESG Aware MSCI USA Small-Cap ETF,31/08/20,Equity Real Estate Investment Trusts (REITs) — 7.5%,Apple Hospitality REIT Inc.,"19,363","1,96,922",,
ESML,iShares ESG Aware MSCI USA Small-Cap ETF,31/08/20,Equity Real Estate Investment Trusts (REITs) — 7.5%,Armada Hoffler Properties Inc.,"20,436","2,06,404",,
ESML,iShares ESG Aware MSCI USA Small-Cap ETF,31/08/20,Equity Real Estate Investment Trusts (REITs) — 7.5%,Brandywine Realty Trust,"52,212","5,81,120",,
ESML,iShares ESG Aware MSCI USA Small-Cap ETF,31/08/20,Equity Real Estate Investment Trusts (REITs) — 7.5%,Brixmor Property Group Inc.,"41,901","4,94,432",,
ESML,iShares ESG Aware MSCI USA Small-Cap ETF,31/08/20,Equity Real Estate Investment Trusts (REITs) — 7.5%,CareTrust REIT Inc.,"10,067","1,94,998",,
ESML,iShares ESG Aware MSCI USA Small-Cap ETF,31/08/20,Equity Real Estate Investment Trusts (REITs) — 7.5%,City Office REIT Inc.,"21,745","1,74,830",,
ESML,iShares ESG Aware MSCI USA Small-Cap ETF,31/08/20,Equity Real Estate Investment Trusts (REITs) — 7.5%,Colony Capital Inc.,"87,169","2,36,228",,
ESML,iShares ESG Aware MSCI USA Small-Cap ETF,31/08/20,Equity Real Estate Investment Trusts (REITs) — 7.5%,Columbia Property Trust Inc.,"22,641","2,67,164",,
ESML,iShares ESG Aware MSCI USA Small-Cap ETF,31/08/20,Equity Real Estate Investment Trusts (REITs) — 7.5%,Community Healthcare Trust Inc.,"3,911","1,82,644",,
ESML,iShares ESG Aware MSCI USA Small-Cap ETF,31/08/20,Equity Real Estate Investment Trusts (REITs) — 7.5%,CoreSite Realty Corp.,"5,189","6,35,393",,
ESML,iShares ESG Aware MSCI USA Small-Cap ETF,31/08/20,Equity Real Estate Investment Trusts (REITs) — 7.5%,Corporate Office Properties Trust,"23,425","5,77,192",,
ESML,iShares ESG Aware MSCI USA Small-Cap ETF,31/08/20,Equity Real Estate Investment Trusts (REITs) — 7.5%,Cousins Properties Inc.,"16,498","4,92,465",,
ESML,iShares ESG Aware MSCI USA Small-Cap ETF,31/08/20,Equity Real Estate Investment Trusts (REITs) — 7.5%,CubeSmart,"18,771","5,93,539",,
ESML,iShares ESG Aware MSCI USA Small-Cap ETF,31/08/20,Equity Real Estate Investment Trusts (REITs) — 7.5%,CyrusOne Inc.,"13,207","11,03,181",,
ESML,iShares ESG Aware MSCI USA Small-Cap ETF,31/08/20,Equity Real Estate Investment Trusts (REITs) — 7.5%,DiamondRock Hospitality Co.,"43,097","2,28,414",,
ESML,iShares ESG Aware MSCI USA Small-Cap ETF,31/08/20,Equity Real Estate Investment Trusts (REITs) — 7.5%,Douglas Emmett Inc.,"32,036","8,94,445",,
ESML,iShares ESG Aware MSCI USA Small-Cap ETF,31/08/20,Equity Real Estate Investment Trusts (REITs) — 7.5%,Easterly Government Properties Inc.,"18,817","4,55,183",,
ESML,iShares ESG Aware MSCI USA Small-Cap ETF,31/08/20,Equity Real Estate Investment Trusts (REITs) — 7.5%,"Empire State Realty Trust Inc., Class A","29,505","1,85,882",,
ESML,iShares ESG Aware MSCI USA Small-Cap ETF,31/08/20,Equity Real Estate Investment Trusts (REITs) — 7.5%,EPR Properties,"7,625","2,46,364",,
ESML,iShares ESG Aware MSCI USA Small-Cap ETF,31/08/20,Equity Real Estate Investment Trusts (REITs) — 7.5%,Essential Properties Realty Trust Inc.,"15,895","2,69,738",,
ESML,iShares ESG Aware MSCI USA Small-Cap ETF,31/08/20,Equity Real Estate Investment Trusts (REITs) — 7.5%,First Industrial Realty Trust Inc.,"10,293","4,38,996",,
ESML,iShares ESG Aware MSCI USA Small-Cap ETF,31/08/20,Equity Real Estate Investment Trusts (REITs) — 7.5%,Four Corners Property Trust Inc.,"14,206","3,58,701",,
ESML,iShares ESG Aware MSCI USA Small-Cap ETF,31/08/20,Equity Real Estate Investment Trusts (REITs) — 7.5%,Franklin Street Properties Corp.,"39,900","1,76,757",,
ESML,iShares ESG Aware MSCI USA Small-Cap ETF,31/08/20,Equity Real Estate Investment Trusts (REITs) — 7.5%,Gaming and Leisure Properties Inc.,"20,019","7,27,691",,
ESML,iShares ESG Aware MSCI USA Small-Cap ETF,31/08/20,Equity Real Estate Investment Trusts (REITs) — 7.5%,"Healthcare Trust of America Inc., Class A","18,412","4,85,893",,
ESML,iShares ESG Aware MSCI USA Small-Cap ETF,31/08/20,Equity Real Estate Investment Trusts (REITs) — 7.5%,Hudson Pacific Properties Inc.,"16,472","3,86,763",,
ESML,iShares ESG Aware MSCI USA Small-Cap ETF,31/08/20,Equity Real Estate Investment Trusts (REITs) — 7.5%,Independence Realty Trust Inc.,"16,629","1,94,726",,
ESML,iShares ESG Aware MSCI USA Small-Cap ETF,31/08/20,Equity Real Estate Investment Trusts (REITs) — 7.5%,Innovative Industrial Properties Inc.,"2,126","2,61,689",,
ESML,iShares ESG Aware MSCI USA Small-Cap ETF,31/08/20,Equity Real Estate Investment Trusts (REITs) — 7.5%,iStar Inc.,"14,746","1,82,555",,
ESML,iShares ESG Aware MSCI USA Small-Cap ETF,31/08/20,Equity Real Estate Investment Trusts (REITs) — 7.5%,JBG SMITH Properties,"19,129","5,29,299",,
ESML,iShares ESG Aware MSCI USA Small-Cap ETF,31/08/20,Equity Real Estate Investment Trusts (REITs) — 7.5%,Kilroy Realty Corp.,"15,173","8,87,924",,
ESML,iShares ESG Aware MSCI USA Small-Cap ETF,31/08/20,Equity Real Estate Investment Trusts (REITs) — 7.5%,Kimco Realty Corp.,"50,997","6,11,454",,
ESML,iShares ESG Aware MSCI USA Small-Cap ETF,31/08/20,Equity Real Estate Investment Trusts (REITs) — 7.5%,"Lamar Advertising Co., Class A","7,807","5,40,479",,
ESML,iShares ESG Aware MSCI USA Small-Cap ETF,31/08/20,Equity Real Estate Investment Trusts (REITs) — 7.5%,Lexington Realty Trust,"15,983","1,81,727",,
ESML,iShares ESG Aware MSCI USA Small-Cap ETF,31/08/20,Equity Real Estate Investment Trusts (REITs) — 7.5%,Life Storage Inc.,"4,905","5,17,134",,
ESML,iShares ESG Aware MSCI USA Small-Cap ETF,31/08/20,Equity Real Estate Investment Trusts (REITs) — 7.5%,Macerich Co. (The),"24,309","1,92,770",,
ESML,iShares ESG Aware MSCI USA Small-Cap ETF,31/08/20,Equity Real Estate Investment Trusts (REITs) — 7.5%,National Health Investors Inc.,"3,519","2,19,058",,
ESML,iShares ESG Aware MSCI USA Small-Cap ETF,31/08/20,Equity Real Estate Investment Trusts (REITs) — 7.5%,National Storage Affiliates Trust,"5,713","1,96,013",,
ESML,iShares ESG Aware MSCI USA Small-Cap ETF,31/08/20,Equity Real Estate Investment Trusts (REITs) — 7.5%,Office Properties Income Trust,"7,574","1,80,564",,
ESML,iShares ESG Aware MSCI USA Small-Cap ETF,31/08/20,Equity Real Estate Investment Trusts (REITs) — 7.5%,Outfront Media Inc.,"22,813","3,86,224",,
ESML,iShares ESG Aware MSCI USA Small-Cap ETF,31/08/20,Equity Real Estate Investment Trusts (REITs) — 7.5%,Paramount Group Inc.,"26,237","1,94,154",,
ESML,iShares ESG Aware MSCI USA Small-Cap ETF,31/08/20,Equity Real Estate Investment Trusts (REITs) — 7.5%,Park Hotels & Resorts Inc.,"30,935","2,93,573",,
ESML,iShares ESG Aware MSCI USA Small-Cap ETF,31/08/20,Equity Real Estate Investment Trusts (REITs) — 7.5%,Pebblebrook Hotel Trust,"15,875","2,00,342",,
ESML,iShares ESG Aware MSCI USA Small-Cap ETF,31/08/20,Equity Real Estate Investment Trusts (REITs) — 7.5%,Physicians Realty Trust,"17,000","3,08,550",,
ESML,iShares ESG Aware MSCI USA Small-Cap ETF,31/08/20,Equity Real Estate Investment Trusts (REITs) — 7.5%,"Piedmont Office Realty Trust Inc., Class A","23,362","3,57,672",,
ESML,iShares ESG Aware MSCI USA Small-Cap ETF,31/08/20,Equity Real Estate Investment Trusts (REITs) — 7.5%,PotlatchDeltic Corp.,"6,449","2,96,912",,
ESML,iShares ESG Aware MSCI USA Small-Cap ETF,31/08/20,Equity Real Estate Investment Trusts (REITs) — 7.5%,"QTS Realty Trust Inc., Class A","7,264","4,92,644",,
ESML,iShares ESG Aware MSCI USA Small-Cap ETF,31/08/20,Equity Real Estate Investment Trusts (REITs) — 7.5%,Rayonier Inc.,"11,569","3,38,740",,
ESML,iShares ESG Aware MSCI USA Small-Cap ETF,31/08/20,Equity Real Estate Investment Trusts (REITs) — 7.5%,"Retail Properties of America Inc., Class A","29,382","1,85,400",,
ESML,iShares ESG Aware MSCI USA Small-Cap ETF,31/08/20,Equity Real Estate Investment Trusts (REITs) — 7.5%,Rexford Industrial Realty Inc.,"16,589","7,95,940",,
ESML,iShares ESG Aware MSCI USA Small-Cap ETF,31/08/20,Equity Real Estate Investment Trusts (REITs) — 7.5%,RLJ Lodging Trust,"21,307","2,01,138",,
ESML,iShares ESG Aware MSCI USA Small-Cap ETF,31/08/20,Equity Real Estate Investment Trusts (REITs) — 7.5%,Ryman Hospitality Properties Inc.,"5,510","2,10,262",,
ESML,iShares ESG Aware MSCI USA Small-Cap ETF,31/08/20,Equity Real Estate Investment Trusts (REITs) — 7.5%,Sabra Health Care REIT Inc.,"27,350","4,05,600",,
ESML,iShares ESG Aware MSCI USA Small-Cap ETF,31/08/20,Equity Real Estate Investment Trusts (REITs) — 7.5%,Service Properties Trust,"23,648","1,94,150",,
ESML,iShares ESG Aware MSCI USA Small-Cap ETF,31/08/20,Equity Real Estate Investment Trusts (REITs) — 7.5%,SITE Centers Corp.,"28,153","2,11,429",,
ESML,iShares ESG Aware MSCI USA Small-Cap ETF,31/08/20,Equity Real Estate Investment Trusts (REITs) — 7.5%,SL Green Realty Corp.,"10,568","4,94,160",,
ESML,iShares ESG Aware MSCI USA Small-Cap ETF,31/08/20,Equity Real Estate Investment Trusts (REITs) — 7.5%,Spirit Realty Capital Inc.,"8,258","2,93,242",,
ESML,iShares ESG Aware MSCI USA Small-Cap ETF,31/08/20,Equity Real Estate Investment Trusts (REITs) — 7.5%,STAG Industrial Inc.,"10,912","3,52,458",,
ESML,iShares ESG Aware MSCI USA Small-Cap ETF,31/08/20,Equity Real Estate Investment Trusts (REITs) — 7.5%,STORE Capital Corp.,"23,143","6,25,787",,
ESML,iShares ESG Aware MSCI USA Small-Cap ETF,31/08/20,Equity Real Estate Investment Trusts (REITs) — 7.5%,Sunstone Hotel Investors Inc.,"28,171","2,34,664",,
ESML,iShares ESG Aware MSCI USA Small-Cap ETF,31/08/20,Equity Real Estate Investment Trusts (REITs) — 7.5%,Taubman Centers Inc.,"5,435","2,08,160",,
ESML,iShares ESG Aware MSCI USA Small-Cap ETF,31/08/20,Equity Real Estate Investment Trusts (REITs) — 7.5%,Terreno Realty Corp.,"4,055","2,41,840",,
ESML,iShares ESG Aware MSCI USA Small-Cap ETF,31/08/20,Equity Real Estate Investment Trusts (REITs) — 7.5%,Uniti Group Inc.,"24,292","2,38,547",,
ESML,iShares ESG Aware MSCI USA Small-Cap ETF,31/08/20,Equity Real Estate Investment Trusts (REITs) — 7.5%,Washington REIT,"11,457","2,51,367",,
ESML,iShares ESG Aware MSCI USA Small-Cap ETF,31/08/20,Equity Real Estate Investment Trusts (REITs) — 7.5%,Weingarten Realty Investors,"10,387","1,81,461",,
ESML,iShares ESG Aware MSCI USA Small-Cap ETF,31/08/20,Equity Real Estate Investment Trusts (REITs) — 7.5%,Xenia Hotels & Resorts Inc.,"21,037","1,88,912","2,75,54,750",
ESML,iShares ESG Aware MSCI USA Small-Cap ETF,31/08/20,Food & Staples Retailing — 1.1%,BJ’s Wholesale Club Holdings Inc.,"15,245","6,77,031",,
ESML,iShares ESG Aware MSCI USA Small-Cap ETF,31/08/20,Food & Staples Retailing — 1.1%,Casey’s General Stores Inc.,"3,637","6,46,841",,
ESML,iShares ESG Aware MSCI USA Small-Cap ETF,31/08/20,Food & Staples Retailing — 1.1%,Grocery Outlet Holding Corp. (a)(b),"7,009","2,88,280",,
ESML,iShares ESG Aware MSCI USA Small-Cap ETF,31/08/20,Food & Staples Retailing — 1.1%,Performance Food Group Co.,"15,506","5,66,124",,
ESML,iShares ESG Aware MSCI USA Small-Cap ETF,31/08/20,Food & Staples Retailing — 1.1%,PriceSmart Inc.,"3,939","2,58,989",,
ESML,iShares ESG Aware MSCI USA Small-Cap ETF,31/08/20,Food & Staples Retailing — 1.1%,SpartanNash Co.,"8,841","1,76,643",,
ESML,iShares ESG Aware MSCI USA Small-Cap ETF,31/08/20,Food & Staples Retailing — 1.1%,Sprouts Farmers Market Inc. (a)(b),"15,955","3,72,549",,
ESML,iShares ESG Aware MSCI USA Small-Cap ETF,31/08/20,Food & Staples Retailing — 1.1%,U.S. Foods Holding Corp.,"26,243","6,39,017",,
ESML,iShares ESG Aware MSCI USA Small-Cap ETF,31/08/20,Food & Staples Retailing — 1.1%,United Natural Foods Inc.,"9,056","1,63,461",,
ESML,iShares ESG Aware MSCI USA Small-Cap ETF,31/08/20,Food & Staples Retailing — 1.1%,Weis Markets Inc.,"3,605","1,77,474","39,66,409",
ESML,iShares ESG Aware MSCI USA Small-Cap ETF,31/08/20,Food Products — 1.4%,B&G Foods Inc.,"8,434","2,62,635",,
ESML,iShares ESG Aware MSCI USA Small-Cap ETF,31/08/20,Food Products — 1.4%,Beyond Meat Inc. (a)(b),"2,765","3,75,625",,
ESML,iShares ESG Aware MSCI USA Small-Cap ETF,31/08/20,Food Products — 1.4%,Calavo Growers Inc.,"2,855","1,81,207",,
ESML,iShares ESG Aware MSCI USA Small-Cap ETF,31/08/20,Food Products — 1.4%,Darling Ingredients Inc.,"21,204","6,77,892",,
ESML,iShares ESG Aware MSCI USA Small-Cap ETF,31/08/20,Food Products — 1.4%,Flowers Foods Inc.,"20,439","4,99,938",,
ESML,iShares ESG Aware MSCI USA Small-Cap ETF,31/08/20,Food Products — 1.4%,Fresh Del Monte Produce Inc.,"7,720","1,79,027",,
ESML,iShares ESG Aware MSCI USA Small-Cap ETF,31/08/20,Food Products — 1.4%,Freshpet Inc.,"5,671","6,44,225",,
ESML,iShares ESG Aware MSCI USA Small-Cap ETF,31/08/20,Food Products — 1.4%,Hain Celestial Group Inc. (The),"11,746","3,85,151",,
ESML,iShares ESG Aware MSCI USA Small-Cap ETF,31/08/20,Food Products — 1.4%,Hostess Brands Inc.,"16,330","2,09,677",,
ESML,iShares ESG Aware MSCI USA Small-Cap ETF,31/08/20,Food Products — 1.4%,Lancaster Colony Corp.,"1,165","2,07,044",,
ESML,iShares ESG Aware MSCI USA Small-Cap ETF,31/08/20,Food Products — 1.4%,Pilgrim’s Pride Corp.,"11,401","1,82,416",,
ESML,iShares ESG Aware MSCI USA Small-Cap ETF,31/08/20,Food Products — 1.4%,Post Holdings Inc.,"6,253","5,50,389",,
ESML,iShares ESG Aware MSCI USA Small-Cap ETF,31/08/20,Food Products — 1.4%,Sanderson Farms Inc.,"1,769","2,06,902",,
ESML,iShares ESG Aware MSCI USA Small-Cap ETF,31/08/20,Food Products — 1.4%,Simply Good Foods Co. (The),"11,020","2,73,847",,
ESML,iShares ESG Aware MSCI USA Small-Cap ETF,31/08/20,Food Products — 1.4%,TreeHouse Foods Inc.,"7,433","3,18,207","51,54,182",
ESML,iShares ESG Aware MSCI USA Small-Cap ETF,31/08/20,Gas Utilities — 1.0%,Chesapeake Utilities Corp.,"2,899","2,37,138",,
ESML,iShares ESG Aware MSCI USA Small-Cap ETF,31/08/20,Gas Utilities — 1.0%,National Fuel Gas Co.,"11,821","5,39,510",,
ESML,iShares ESG Aware MSCI USA Small-Cap ETF,31/08/20,Gas Utilities — 1.0%,New Jersey Resources Corp.,"15,678","4,72,535",,
ESML,iShares ESG Aware MSCI USA Small-Cap ETF,31/08/20,Gas Utilities — 1.0%,Northwest Natural Holding Co.,"5,703","2,91,480",,
ESML,iShares ESG Aware MSCI USA Small-Cap ETF,31/08/20,Gas Utilities — 1.0%,ONE Gas Inc.,"10,458","7,75,147",,
ESML,iShares ESG Aware MSCI USA Small-Cap ETF,31/08/20,Gas Utilities — 1.0%,South Jersey Industries Inc.,"19,725","4,36,909",,
ESML,iShares ESG Aware MSCI USA Small-Cap ETF,31/08/20,Gas Utilities — 1.0%,Southwest Gas Holdings Inc.,"8,150","5,12,391",,
ESML,iShares ESG Aware MSCI USA Small-Cap ETF,31/08/20,Gas Utilities — 1.0%,Spire Inc.,"5,596","3,25,743","35,90,853",
ESML,iShares ESG Aware MSCI USA Small-Cap ETF,31/08/20,Health Care Equipment & Supplies — 3.5%,AngioDynamics Inc.,"19,660","1,84,116",,
ESML,iShares ESG Aware MSCI USA Small-Cap ETF,31/08/20,Health Care Equipment & Supplies — 3.5%,Antares Pharma Inc.,"64,781","1,83,330",,
ESML,iShares ESG Aware MSCI USA Small-Cap ETF,31/08/20,Health Care Equipment & Supplies — 3.5%,AtriCure Inc.,"5,904","2,64,086",,
ESML,iShares ESG Aware MSCI USA Small-Cap ETF,31/08/20,Health Care Equipment & Supplies — 3.5%,Atrion Corp.,274,"1,73,091",,
ESML,iShares ESG Aware MSCI USA Small-Cap ETF,31/08/20,Health Care Equipment & Supplies — 3.5%,Avanos Medical Inc.,"5,717","1,85,231",,
ESML,iShares ESG Aware MSCI USA Small-Cap ETF,31/08/20,Health Care Equipment & Supplies — 3.5%,Axonics Modulation Technologies Inc. (a)(b),"4,149","1,75,337",,
ESML,iShares ESG Aware MSCI USA Small-Cap ETF,31/08/20,Health Care Equipment & Supplies — 3.5%,Cantel Medical Corp.,"3,720","1,95,226",,
ESML,iShares ESG Aware MSCI USA Small-Cap ETF,31/08/20,Health Care Equipment & Supplies — 3.5%,Cardiovascular Systems Inc.,"5,769","1,88,473",,
ESML,iShares ESG Aware MSCI USA Small-Cap ETF,31/08/20,Health Care Equipment & Supplies — 3.5%,Cerus Corp. (a)(b),"25,898","1,64,970",,
ESML,iShares ESG Aware MSCI USA Small-Cap ETF,31/08/20,Health Care Equipment & Supplies — 3.5%,CONMED Corp.,"2,467","2,12,927",,
ESML,iShares ESG Aware MSCI USA Small-Cap ETF,31/08/20,Health Care Equipment & Supplies — 3.5%,CryoPort Inc.,"5,396","2,99,370",,
ESML,iShares ESG Aware MSCI USA Small-Cap ETF,31/08/20,Health Care Equipment & Supplies — 3.5%,Envista Holdings Corp.,"17,049","4,09,005",,
ESML,iShares ESG Aware MSCI USA Small-Cap ETF,31/08/20,Health Care Equipment & Supplies — 3.5%,GenMark Diagnostics Inc.,"11,896","1,54,291",,
ESML,iShares ESG Aware MSCI USA Small-Cap ETF,31/08/20,Health Care Equipment & Supplies — 3.5%,Glaukos Corp.,"4,593","2,19,683",,
ESML,iShares ESG Aware MSCI USA Small-Cap ETF,31/08/20,Health Care Equipment & Supplies — 3.5%,"Globus Medical Inc., Class A","8,573","4,84,546",,
ESML,iShares ESG Aware MSCI USA Small-Cap ETF,31/08/20,Health Care Equipment & Supplies — 3.5%,Haemonetics Corp.,"5,910","5,29,891",,
ESML,iShares ESG Aware MSCI USA Small-Cap ETF,31/08/20,Health Care Equipment & Supplies — 3.5%,Heska Corp.,"1,920","1,98,912",,
ESML,iShares ESG Aware MSCI USA Small-Cap ETF,31/08/20,Health Care Equipment & Supplies — 3.5%,Hill-Rom Holdings Inc.,"8,264","7,75,081",,
ESML,iShares ESG Aware MSCI USA Small-Cap ETF,31/08/20,Health Care Equipment & Supplies — 3.5%,ICU Medical Inc.,"1,041","2,08,450",,
ESML,iShares ESG Aware MSCI USA Small-Cap ETF,31/08/20,Health Care Equipment & Supplies — 3.5%,Inogen Inc. (a)(b),"5,750","1,73,822",,
ESML,iShares ESG Aware MSCI USA Small-Cap ETF,31/08/20,Health Care Equipment & Supplies — 3.5%,Integer Holdings Corp.,"2,763","1,91,365",,
ESML,iShares ESG Aware MSCI USA Small-Cap ETF,31/08/20,Health Care Equipment & Supplies — 3.5%,iRhythm Technologies Inc. (a)(b),"2,604","5,73,349",,
ESML,iShares ESG Aware MSCI USA Small-Cap ETF,31/08/20,Health Care Equipment & Supplies — 3.5%,LeMaitre Vascular Inc.,"6,074","1,96,069",,
ESML,iShares ESG Aware MSCI USA Small-Cap ETF,31/08/20,Health Care Equipment & Supplies — 3.5%,LivaNova PLC,"4,493","2,10,722",,
ESML,iShares ESG Aware MSCI USA Small-Cap ETF,31/08/20,Health Care Equipment & Supplies — 3.5%,Merit Medical Systems Inc.,"7,397","3,63,193",,
ESML,iShares ESG Aware MSCI USA Small-Cap ETF,31/08/20,Health Care Equipment & Supplies — 3.5%,Neogen Corp.,"4,297","3,27,431",,
ESML,iShares ESG Aware MSCI USA Small-Cap ETF,31/08/20,Health Care Equipment & Supplies — 3.5%,Nevro Corp.,"3,316","4,56,083",,
ESML,iShares ESG Aware MSCI USA Small-Cap ETF,31/08/20,Health Care Equipment & Supplies — 3.5%,Novocure Ltd.,"8,481","7,01,803",,
ESML,iShares ESG Aware MSCI USA Small-Cap ETF,31/08/20,Health Care Equipment & Supplies — 3.5%,NuVasive Inc.,"5,189","2,70,503",,
ESML,iShares ESG Aware MSCI USA Small-Cap ETF,31/08/20,Health Care Equipment & Supplies — 3.5%,OraSure Technologies Inc.,"13,866","1,62,509",,
ESML,iShares ESG Aware MSCI USA Small-Cap ETF,31/08/20,Health Care Equipment & Supplies — 3.5%,Orthofix Medical Inc.,"5,846","1,77,368",,
ESML,iShares ESG Aware MSCI USA Small-Cap ETF,31/08/20,Health Care Equipment & Supplies — 3.5%,OrthoPediatrics Corp.,"3,253","1,63,951",,
ESML,iShares ESG Aware MSCI USA Small-Cap ETF,31/08/20,Health Care Equipment & Supplies — 3.5%,Penumbra Inc. (a)(b),"3,891","8,13,803",,
ESML,iShares ESG Aware MSCI USA Small-Cap ETF,31/08/20,Health Care Equipment & Supplies — 3.5%,Quidel Corp.,"4,254","7,48,534",,
ESML,iShares ESG Aware MSCI USA Small-Cap ETF,31/08/20,Health Care Equipment & Supplies — 3.5%,Shockwave Medical Inc.,"4,273","2,71,506",,
ESML,iShares ESG Aware MSCI USA Small-Cap ETF,31/08/20,Health Care Equipment & Supplies — 3.5%,Silk Road Medical Inc.,"3,747","2,28,492",,
ESML,iShares ESG Aware MSCI USA Small-Cap ETF,31/08/20,Health Care Equipment & Supplies — 3.5%,STAAR Surgical Co.,"4,422","2,12,035",,
ESML,iShares ESG Aware MSCI USA Small-Cap ETF,31/08/20,Health Care Equipment & Supplies — 3.5%,Tactile Systems Technology Inc.,"4,970","1,90,997",,
ESML,iShares ESG Aware MSCI USA Small-Cap ETF,31/08/20,Health Care Equipment & Supplies — 3.5%,Tandem Diabetes Care Inc. (a)(b),"6,768","7,62,889",,
ESML,iShares ESG Aware MSCI USA Small-Cap ETF,31/08/20,Health Care Equipment & Supplies — 3.5%,Vapotherm Inc.,"6,077","1,89,055",,
ESML,iShares ESG Aware MSCI USA Small-Cap ETF,31/08/20,Health Care Equipment & Supplies — 3.5%,Varex Imaging Corp. (a)(b),"15,101","1,67,470",,
ESML,iShares ESG Aware MSCI USA Small-Cap ETF,31/08/20,Health Care Equipment & Supplies — 3.5%,Wright Medical Group NV,"8,002","2,41,900","1,30,00,865",
ESML,iShares ESG Aware MSCI USA Small-Cap ETF,31/08/20,Health Care Providers & Services — 2.9%,1Life Healthcare Inc.,"6,094","1,77,762",,
ESML,iShares ESG Aware MSCI USA Small-Cap ETF,31/08/20,Health Care Providers & Services — 2.9%,Acadia Healthcare Co. Inc. (a)(b),"7,781","2,40,511",,
ESML,iShares ESG Aware MSCI USA Small-Cap ETF,31/08/20,Health Care Providers & Services — 2.9%,Addus HomeCare Corp.,"2,622","2,45,577",,
ESML,iShares ESG Aware MSCI USA Small-Cap ETF,31/08/20,Health Care Providers & Services — 2.9%,Amedisys Inc.,"3,969","9,60,101",,
ESML,iShares ESG Aware MSCI USA Small-Cap ETF,31/08/20,Health Care Providers & Services — 2.9%,AMN Healthcare Services Inc. (a)(b),"7,137","3,84,256",,
ESML,iShares ESG Aware MSCI USA Small-Cap ETF,31/08/20,Health Care Providers & Services — 2.9%,BioTelemetry Inc.,"6,990","2,76,664",,
ESML,iShares ESG Aware MSCI USA Small-Cap ETF,31/08/20,Health Care Providers & Services — 2.9%,Brookdale Senior Living Inc.,"67,252","1,84,943",,
ESML,iShares ESG Aware MSCI USA Small-Cap ETF,31/08/20,Health Care Providers & Services — 2.9%,Chemed Corp.,"1,430","7,39,467",,
ESML,iShares ESG Aware MSCI USA Small-Cap ETF,31/08/20,Health Care Providers & Services — 2.9%,CorVel Corp.,"2,454","2,03,731",,
ESML,iShares ESG Aware MSCI USA Small-Cap ETF,31/08/20,Health Care Providers & Services — 2.9%,Covetrus Inc.,"13,189","3,02,160",,
ESML,iShares ESG Aware MSCI USA Small-Cap ETF,31/08/20,Health Care Providers & Services — 2.9%,Encompass Health Corp.,"12,392","8,08,454",,
ESML,iShares ESG Aware MSCI USA Small-Cap ETF,31/08/20,Health Care Providers & Services — 2.9%,Ensign Group Inc. (The),"6,217","3,63,943",,
ESML,iShares ESG Aware MSCI USA Small-Cap ETF,31/08/20,Health Care Providers & Services — 2.9%,Guardant Health Inc. (a)(b),"6,099","5,82,455",,
ESML,iShares ESG Aware MSCI USA Small-Cap ETF,31/08/20,Health Care Providers & Services — 2.9%,Hanger Inc.,"9,328","1,84,321",,
ESML,iShares ESG Aware MSCI USA Small-Cap ETF,31/08/20,Health Care Providers & Services — 2.9%,HealthEquity Inc.,"6,402","3,67,987",,
ESML,iShares ESG Aware MSCI USA Small-Cap ETF,31/08/20,Health Care Providers & Services — 2.9%,LHC Group Inc.,"3,876","8,07,914",,
ESML,iShares ESG Aware MSCI USA Small-Cap ETF,31/08/20,Health Care Providers & Services — 2.9%,Magellan Health Inc.,"2,423","1,82,840",,
ESML,iShares ESG Aware MSCI USA Small-Cap ETF,31/08/20,Health Care Providers & Services — 2.9%,MEDNAX Inc.,"11,716","2,17,683",,
ESML,iShares ESG Aware MSCI USA Small-Cap ETF,31/08/20,Health Care Providers & Services — 2.9%,National Research Corp.,"5,052","2,82,912",,
ESML,iShares ESG Aware MSCI USA Small-Cap ETF,31/08/20,Health Care Providers & Services — 2.9%,Owens & Minor Inc.,"10,592","1,75,615",,
ESML,iShares ESG Aware MSCI USA Small-Cap ETF,31/08/20,Health Care Providers & Services — 2.9%,Patterson Companies Inc.,"17,300","5,01,873",,
ESML,iShares ESG Aware MSCI USA Small-Cap ETF,31/08/20,Health Care Providers & Services — 2.9%,Pennant Group Inc. (The),"4,448","1,64,754",,
ESML,iShares ESG Aware MSCI USA Small-Cap ETF,31/08/20,Health Care Providers & Services — 2.9%,PetIQ Inc.,"5,937","2,08,864",,
ESML,iShares ESG Aware MSCI USA Small-Cap ETF,31/08/20,Health Care Providers & Services — 2.9%,"Premier Inc., Class A","10,309","3,37,620",,
ESML,iShares ESG Aware MSCI USA Small-Cap ETF,31/08/20,Health Care Providers & Services — 2.9%,Providence Service Corp. (The),"2,870","2,65,733",,
ESML,iShares ESG Aware MSCI USA Small-Cap ETF,31/08/20,Health Care Providers & Services — 2.9%,R1 RCM Inc.,"23,328","3,38,256",,
ESML,iShares ESG Aware MSCI USA Small-Cap ETF,31/08/20,Health Care Providers & Services — 2.9%,RadNet Inc. (a)(b),"11,050","1,59,341",,
ESML,iShares ESG Aware MSCI USA Small-Cap ETF,31/08/20,Health Care Providers & Services — 2.9%,Select Medical Holdings Corp.,"18,847","3,78,259",,
ESML,iShares ESG Aware MSCI USA Small-Cap ETF,31/08/20,Health Care Providers & Services — 2.9%,Tenet Healthcare Corp.,"8,474","2,38,797",,
ESML,iShares ESG Aware MSCI USA Small-Cap ETF,31/08/20,Health Care Providers & Services — 2.9%,Tivity Health Inc.,"10,169","1,66,365",,
ESML,iShares ESG Aware MSCI USA Small-Cap ETF,31/08/20,Health Care Providers & Services — 2.9%,U.S. Physical Therapy Inc.,"2,676","2,37,896","1,06,87,054",
ESML,iShares ESG Aware MSCI USA Small-Cap ETF,31/08/20,Health Care Technology — 0.6%,Allscripts Healthcare Solutions Inc.,"36,247","3,23,686",,
ESML,iShares ESG Aware MSCI USA Small-Cap ETF,31/08/20,Health Care Technology — 0.6%,Change Healthcare Inc.,"21,598","3,05,612",,
ESML,iShares ESG Aware MSCI USA Small-Cap ETF,31/08/20,Health Care Technology — 0.6%,HMS Holdings Corp.,"9,312","2,59,712",,
ESML,iShares ESG Aware MSCI USA Small-Cap ETF,31/08/20,Health Care Technology — 0.6%,Inspire Medical Systems Inc.,"2,020","2,41,289",,
ESML,iShares ESG Aware MSCI USA Small-Cap ETF,31/08/20,Health Care Technology — 0.6%,Livongo Health Inc.,"4,131","5,67,186",,
ESML,iShares ESG Aware MSCI USA Small-Cap ETF,31/08/20,Health Care Technology — 0.6%,Omnicell Inc.,"3,135","2,09,042",,
ESML,iShares ESG Aware MSCI USA Small-Cap ETF,31/08/20,Health Care Technology — 0.6%,Vocera Communications Inc. (a)(b),"7,471","2,09,113","21,15,640",
ESML,iShares ESG Aware MSCI USA Small-Cap ETF,31/08/20,"Hotels, Restaurants & Leisure — 2.8%",Accel Entertainment Inc.,"17,425","2,06,660",,
ESML,iShares ESG Aware MSCI USA Small-Cap ETF,31/08/20,"Hotels, Restaurants & Leisure — 2.8%",Boyd Gaming Corp.,"9,316","2,49,482",,
ESML,iShares ESG Aware MSCI USA Small-Cap ETF,31/08/20,"Hotels, Restaurants & Leisure — 2.8%",Brinker International Inc.,"5,483","2,46,954",,
ESML,iShares ESG Aware MSCI USA Small-Cap ETF,31/08/20,"Hotels, Restaurants & Leisure — 2.8%",Caesars Entertainment Inc.,"15,048","6,89,198",,
ESML,iShares ESG Aware MSCI USA Small-Cap ETF,31/08/20,"Hotels, Restaurants & Leisure — 2.8%",Choice Hotels International Inc.,"2,019","2,00,467",,
ESML,iShares ESG Aware MSCI USA Small-Cap ETF,31/08/20,"Hotels, Restaurants & Leisure — 2.8%",Churchill Downs Inc.,"4,400","7,68,944",,
ESML,iShares ESG Aware MSCI USA Small-Cap ETF,31/08/20,"Hotels, Restaurants & Leisure — 2.8%",Cracker Barrel Old Country Store Inc.,"1,576","2,10,727",,
ESML,iShares ESG Aware MSCI USA Small-Cap ETF,31/08/20,"Hotels, Restaurants & Leisure — 2.8%",Dine Brands Global Inc.,"3,784","2,25,375",,
ESML,iShares ESG Aware MSCI USA Small-Cap ETF,31/08/20,"Hotels, Restaurants & Leisure — 2.8%",Dunkin’ Brands Group Inc.,"11,729","8,92,342",,
ESML,iShares ESG Aware MSCI USA Small-Cap ETF,31/08/20,"Hotels, Restaurants & Leisure — 2.8%",El Pollo Loco Holdings Inc.,"11,761","2,10,169",,
ESML,iShares ESG Aware MSCI USA Small-Cap ETF,31/08/20,"Hotels, Restaurants & Leisure — 2.8%",Everi Holdings Inc.,"24,757","1,92,114",,
ESML,iShares ESG Aware MSCI USA Small-Cap ETF,31/08/20,"Hotels, Restaurants & Leisure — 2.8%",Extended Stay America Inc.,"16,320","2,03,837",,
ESML,iShares ESG Aware MSCI USA Small-Cap ETF,31/08/20,"Hotels, Restaurants & Leisure — 2.8%",Hilton Grand Vacations Inc.,"8,832","1,93,509",,
ESML,iShares ESG Aware MSCI USA Small-Cap ETF,31/08/20,"Hotels, Restaurants & Leisure — 2.8%",Jack in the Box Inc.,"3,126","2,57,551",,
ESML,iShares ESG Aware MSCI USA Small-Cap ETF,31/08/20,"Hotels, Restaurants & Leisure — 2.8%",Marriott Vacations Worldwide Corp.,"5,077","4,80,640",,
ESML,iShares ESG Aware MSCI USA Small-Cap ETF,31/08/20,"Hotels, Restaurants & Leisure — 2.8%",Norwegian Cruise Line Holdings Ltd. (a)(b),"26,923","4,60,653",,
ESML,iShares ESG Aware MSCI USA Small-Cap ETF,31/08/20,"Hotels, Restaurants & Leisure — 2.8%",Papa John’s International Inc.,"2,631","2,58,601",,
ESML,iShares ESG Aware MSCI USA Small-Cap ETF,31/08/20,"Hotels, Restaurants & Leisure — 2.8%",Penn National Gaming Inc.,"14,257","7,28,533",,
ESML,iShares ESG Aware MSCI USA Small-Cap ETF,31/08/20,"Hotels, Restaurants & Leisure — 2.8%","Planet Fitness Inc., Class A","9,509","5,78,052",,
ESML,iShares ESG Aware MSCI USA Small-Cap ETF,31/08/20,"Hotels, Restaurants & Leisure — 2.8%","Scientific Games Corp./DE, Class A","9,201","1,90,323",,
ESML,iShares ESG Aware MSCI USA Small-Cap ETF,31/08/20,"Hotels, Restaurants & Leisure — 2.8%",SeaWorld Entertainment Inc.,"9,703","1,97,941",,
ESML,iShares ESG Aware MSCI USA Small-Cap ETF,31/08/20,"Hotels, Restaurants & Leisure — 2.8%","Shake Shack Inc., Class A","4,205","2,86,991",,
ESML,iShares ESG Aware MSCI USA Small-Cap ETF,31/08/20,"Hotels, Restaurants & Leisure — 2.8%",Six Flags Entertainment Corp.,"9,230","2,00,568",,
ESML,iShares ESG Aware MSCI USA Small-Cap ETF,31/08/20,"Hotels, Restaurants & Leisure — 2.8%",Texas Roadhouse Inc.,"5,366","3,38,004",,
ESML,iShares ESG Aware MSCI USA Small-Cap ETF,31/08/20,"Hotels, Restaurants & Leisure — 2.8%",Wendy’s Co. (The),"23,856","4,99,545",,
ESML,iShares ESG Aware MSCI USA Small-Cap ETF,31/08/20,"Hotels, Restaurants & Leisure — 2.8%",Wingstop Inc.,"3,174","5,18,632",,
ESML,iShares ESG Aware MSCI USA Small-Cap ETF,31/08/20,"Hotels, Restaurants & Leisure — 2.8%",Wyndham Destinations Inc.,"6,543","1,89,682",,
ESML,iShares ESG Aware MSCI USA Small-Cap ETF,31/08/20,"Hotels, Restaurants & Leisure — 2.8%",Wyndham Hotels & Resorts Inc.,"8,477","4,43,856","1,01,19,350",
ESML,iShares ESG Aware MSCI USA Small-Cap ETF,31/08/20,Household Durables — 1.6%,Cavco Industries Inc.,975,"1,86,137",,
ESML,iShares ESG Aware MSCI USA Small-Cap ETF,31/08/20,Household Durables — 1.6%,Century Communities Inc.,"4,793","1,71,014",,
ESML,iShares ESG Aware MSCI USA Small-Cap ETF,31/08/20,Household Durables — 1.6%,Ethan Allen Interiors Inc.,"13,083","1,86,302",,
ESML,iShares ESG Aware MSCI USA Small-Cap ETF,31/08/20,Household Durables — 1.6%,Helen of Troy Ltd.,"3,265","6,75,267",,
ESML,iShares ESG Aware MSCI USA Small-Cap ETF,31/08/20,Household Durables — 1.6%,Installed Building Products Inc.,"2,092","1,81,628",,
ESML,iShares ESG Aware MSCI USA Small-Cap ETF,31/08/20,Household Durables — 1.6%,iRobot Corp. (a)(b),"4,786","3,54,308",,
ESML,iShares ESG Aware MSCI USA Small-Cap ETF,31/08/20,Household Durables — 1.6%,KB Home,"10,214","3,65,253",,
ESML,iShares ESG Aware MSCI USA Small-Cap ETF,31/08/20,Household Durables — 1.6%,La-Z-Boy Inc.,"7,067","2,29,678",,
ESML,iShares ESG Aware MSCI USA Small-Cap ETF,31/08/20,Household Durables — 1.6%,Leggett & Platt Inc.,"12,157","4,98,437",,
ESML,iShares ESG Aware MSCI USA Small-Cap ETF,31/08/20,Household Durables — 1.6%,LGI Homes Inc.,"2,805","3,13,767",,
ESML,iShares ESG Aware MSCI USA Small-Cap ETF,31/08/20,Household Durables — 1.6%,MDC Holdings Inc.,"5,116","2,21,932",,
ESML,iShares ESG Aware MSCI USA Small-Cap ETF,31/08/20,Household Durables — 1.6%,Meritage Homes Corp.,"4,281","4,11,104",,
ESML,iShares ESG Aware MSCI USA Small-Cap ETF,31/08/20,Household Durables — 1.6%,Skyline Champion Corp.,"6,008","1,71,468",,
ESML,iShares ESG Aware MSCI USA Small-Cap ETF,31/08/20,Household Durables — 1.6%,Sonos Inc.,"12,853","1,80,842",,
ESML,iShares ESG Aware MSCI USA Small-Cap ETF,31/08/20,Household Durables — 1.6%,Taylor Morrison Home Corp.,"14,440","3,39,773",,
ESML,iShares ESG Aware MSCI USA Small-Cap ETF,31/08/20,Household Durables — 1.6%,Tempur Sealy International Inc.,"3,795","3,24,624",,
ESML,iShares ESG Aware MSCI USA Small-Cap ETF,31/08/20,Household Durables — 1.6%,Toll Brothers Inc.,"9,697","4,09,407",,
ESML,iShares ESG Aware MSCI USA Small-Cap ETF,31/08/20,Household Durables — 1.6%,TopBuild Corp.,"3,447","5,30,149",,
ESML,iShares ESG Aware MSCI USA Small-Cap ETF,31/08/20,Household Durables — 1.6%,TRI Pointe Group Inc.,"11,819","1,99,505","59,50,595",
ESML,iShares ESG Aware MSCI USA Small-Cap ETF,31/08/20,Household Products — 0.2%,Energizer Holdings Inc.,"8,028","3,71,616",,
ESML,iShares ESG Aware MSCI USA Small-Cap ETF,31/08/20,Household Products — 0.2%,Spectrum Brands Holdings Inc.,"4,988","2,97,285",,
ESML,iShares ESG Aware MSCI USA Small-Cap ETF,31/08/20,Household Products — 0.2%,WD-40 Co.,908,"1,85,577","8,54,478",
ESML,iShares ESG Aware MSCI USA Small-Cap ETF,31/08/20,Independent Power and Renewable Electricity Producers — 0.5%,"Clearway Energy Inc., Class C","20,823","5,31,195",,
ESML,iShares ESG Aware MSCI USA Small-Cap ETF,31/08/20,Independent Power and Renewable Electricity Producers — 0.5%,NextEra Energy Partners LP,"11,956","7,21,186",,
ESML,iShares ESG Aware MSCI USA Small-Cap ETF,31/08/20,Independent Power and Renewable Electricity Producers — 0.5%,Ormat Technologies Inc.,"6,055","3,68,568",,
ESML,iShares ESG Aware MSCI USA Small-Cap ETF,31/08/20,Independent Power and Renewable Electricity Producers — 0.5%,Sunnova Energy International Inc.,"8,260","1,95,927","18,16,876",
ESML,iShares ESG Aware MSCI USA Small-Cap ETF,31/08/20,Industrial Conglomerates — 0.4%,Carlisle Companies Inc.,"7,503","9,82,518",,
ESML,iShares ESG Aware MSCI USA Small-Cap ETF,31/08/20,Industrial Conglomerates — 0.4%,Raven Industries Inc.,"16,017","3,98,022","13,80,540",
ESML,iShares ESG Aware MSCI USA Small-Cap ETF,31/08/20,Insurance — 2.1%,American Equity Investment Life Holding Co.,"8,320","1,98,931",,
ESML,iShares ESG Aware MSCI USA Small-Cap ETF,31/08/20,Insurance — 2.1%,Argo Group International Holdings Ltd.,"5,082","1,88,746",,
ESML,iShares ESG Aware MSCI USA Small-Cap ETF,31/08/20,Insurance — 2.1%,Assured Guaranty Ltd.,"8,593","1,84,320",,
ESML,iShares ESG Aware MSCI USA Small-Cap ETF,31/08/20,Insurance — 2.1%,Axis Capital Holdings Ltd.,"8,822","4,21,339",,
ESML,iShares ESG Aware MSCI USA Small-Cap ETF,31/08/20,Insurance — 2.1%,Brighthouse Financial Inc.,"8,606","2,61,278",,
ESML,iShares ESG Aware MSCI USA Small-Cap ETF,31/08/20,Insurance — 2.1%,CNO Financial Group Inc.,"15,770","2,57,051",,
ESML,iShares ESG Aware MSCI USA Small-Cap ETF,31/08/20,Insurance — 2.1%,"Crawford & Co., Class A, NVS","6,619","45,406",,
ESML,iShares ESG Aware MSCI USA Small-Cap ETF,31/08/20,Insurance — 2.1%,eHealth Inc.,"2,638","1,66,511",,
ESML,iShares ESG Aware MSCI USA Small-Cap ETF,31/08/20,Insurance — 2.1%,Enstar Group Ltd. (a)(b),"1,179","2,11,029",,
ESML,iShares ESG Aware MSCI USA Small-Cap ETF,31/08/20,Insurance — 2.1%,First American Financial Corp.,"16,007","8,41,488",,
ESML,iShares ESG Aware MSCI USA Small-Cap ETF,31/08/20,Insurance — 2.1%,"Genworth Financial Inc., Class A","69,748","2,10,639",,
ESML,iShares ESG Aware MSCI USA Small-Cap ETF,31/08/20,Insurance — 2.1%,"Goosehead Insurance Inc., Class A","1,837","1,88,770",,
ESML,iShares ESG Aware MSCI USA Small-Cap ETF,31/08/20,Insurance — 2.1%,Hanover Insurance Group Inc. (The),"7,207","7,38,645",,
ESML,iShares ESG Aware MSCI USA Small-Cap ETF,31/08/20,Insurance — 2.1%,Horace Mann Educators Corp.,"4,687","1,83,074",,
ESML,iShares ESG Aware MSCI USA Small-Cap ETF,31/08/20,Insurance — 2.1%,Kemper Corp.,"6,298","4,89,103",,
ESML,iShares ESG Aware MSCI USA Small-Cap ETF,31/08/20,Insurance — 2.1%,Kinsale Capital Group Inc.,"1,971","4,08,450",,
ESML,iShares ESG Aware MSCI USA Small-Cap ETF,31/08/20,Insurance — 2.1%,Old Republic International Corp.,"11,327","1,82,478",,
ESML,iShares ESG Aware MSCI USA Small-Cap ETF,31/08/20,Insurance — 2.1%,Palomar Holdings Inc.,"1,751","1,96,725",,
ESML,iShares ESG Aware MSCI USA Small-Cap ETF,31/08/20,Insurance — 2.1%,Primerica Inc.,"4,351","5,43,222",,
ESML,iShares ESG Aware MSCI USA Small-Cap ETF,31/08/20,Insurance — 2.1%,ProAssurance Corp.,"9,156","1,40,270",,
ESML,iShares ESG Aware MSCI USA Small-Cap ETF,31/08/20,Insurance — 2.1%,RLI Corp.,"3,459","3,24,420",,
ESML,iShares ESG Aware MSCI USA Small-Cap ETF,31/08/20,Insurance — 2.1%,Selective Insurance Group Inc.,"5,667","3,38,943",,
ESML,iShares ESG Aware MSCI USA Small-Cap ETF,31/08/20,Insurance — 2.1%,Trupanion Inc.,"4,025","2,52,488",,
ESML,iShares ESG Aware MSCI USA Small-Cap ETF,31/08/20,Insurance — 2.1%,Unum Group,"18,518","3,42,213",,
ESML,iShares ESG Aware MSCI USA Small-Cap ETF,31/08/20,Insurance — 2.1%,White Mountains Insurance Group Ltd.,288,"2,56,723","75,72,262",
ESML,iShares ESG Aware MSCI USA Small-Cap ETF,31/08/20,Interactive Media & Services — 0.2%,Cargurus Inc.,"6,781","1,65,321",,
ESML,iShares ESG Aware MSCI USA Small-Cap ETF,31/08/20,Interactive Media & Services — 0.2%,TripAdvisor Inc.,"11,075","2,58,823",,
ESML,iShares ESG Aware MSCI USA Small-Cap ETF,31/08/20,Interactive Media & Services — 0.2%,Yelp Inc.,"8,035","1,85,769","6,09,913",
ESML,iShares ESG Aware MSCI USA Small-Cap ETF,31/08/20,Internet & Direct Marketing Retail — 1.1%,"Inc., Class A","6,031","1,80,508",,
ESML,iShares ESG Aware MSCI USA Small-Cap ETF,31/08/20,Internet & Direct Marketing Retail — 1.1%,Etsy Inc.,"13,143","15,73,217",,
ESML,iShares ESG Aware MSCI USA Small-Cap ETF,31/08/20,Internet & Direct Marketing Retail — 1.1%,Grubhub Inc.,"9,559","6,91,594",,
ESML,iShares ESG Aware MSCI USA Small-Cap ETF,31/08/20,Internet & Direct Marketing Retail — 1.1%,Overstock.com Inc.,"4,246","3,71,525",,
ESML,iShares ESG Aware MSCI USA Small-Cap ETF,31/08/20,Internet & Direct Marketing Retail — 1.1%,Quotient Technology Inc.,"20,532","1,78,834",,
ESML,iShares ESG Aware MSCI USA Small-Cap ETF,31/08/20,Internet & Direct Marketing Retail — 1.1%,"Qurate Retail Inc., Series A","25,996","2,87,256",,
ESML,iShares ESG Aware MSCI USA Small-Cap ETF,31/08/20,Internet & Direct Marketing Retail — 1.1%,Stamps.com Inc.,"1,734","4,32,355",,
ESML,iShares ESG Aware MSCI USA Small-Cap ETF,31/08/20,Internet & Direct Marketing Retail — 1.1%,"Stitch Fix Inc., Class A (a)(b)","7,319","1,76,754","38,92,043",
ESML,iShares ESG Aware MSCI USA Small-Cap ETF,31/08/20,IT Services — 1.9%,Alliance Data Systems Corp.,"4,470","2,01,642",,
ESML,iShares ESG Aware MSCI USA Small-Cap ETF,31/08/20,IT Services — 1.9%,"CACI International Inc., Class A","1,659","3,88,521",,
ESML,iShares ESG Aware MSCI USA Small-Cap ETF,31/08/20,IT Services — 1.9%,Conduent Inc.,"49,658","1,67,844",,
ESML,iShares ESG Aware MSCI USA Small-Cap ETF,31/08/20,IT Services — 1.9%,CSG Systems International Inc.,"4,145","1,76,453",,
ESML,iShares ESG Aware MSCI USA Small-Cap ETF,31/08/20,IT Services — 1.9%,DXC Technology Co.,"29,277","5,84,954",,
ESML,iShares ESG Aware MSCI USA Small-Cap ETF,31/08/20,IT Services — 1.9%,Euronet Worldwide Inc.,"4,225","4,36,781",,
ESML,iShares ESG Aware MSCI USA Small-Cap ETF,31/08/20,IT Services — 1.9%,ExlService Holdings Inc.,"4,666","2,97,178",,
ESML,iShares ESG Aware MSCI USA Small-Cap ETF,31/08/20,IT Services — 1.9%,"Fastly Inc., Class A (a)(b)","7,189","6,67,427",,
ESML,iShares ESG Aware MSCI USA Small-Cap ETF,31/08/20,IT Services — 1.9%,KBR Inc.,"12,675","3,16,748",,
ESML,iShares ESG Aware MSCI USA Small-Cap ETF,31/08/20,IT Services — 1.9%,Limelight Networks Inc.,"30,117","1,70,763",,
ESML,iShares ESG Aware MSCI USA Small-Cap ETF,31/08/20,IT Services — 1.9%,LiveRamp Holdings Inc.,"4,931","2,75,347",,
ESML,iShares ESG Aware MSCI USA Small-Cap ETF,31/08/20,IT Services — 1.9%,MAXIMUS Inc.,"4,453","3,45,330",,
ESML,iShares ESG Aware MSCI USA Small-Cap ETF,31/08/20,IT Services — 1.9%,Perficient Inc.,"4,561","1,95,713",,
ESML,iShares ESG Aware MSCI USA Small-Cap ETF,31/08/20,IT Services — 1.9%,Perspecta Inc.,"12,500","2,59,625",,
ESML,iShares ESG Aware MSCI USA Small-Cap ETF,31/08/20,IT Services — 1.9%,Sabre Corp.,"33,173","2,31,879",,
ESML,iShares ESG Aware MSCI USA Small-Cap ETF,31/08/20,IT Services — 1.9%,Science Applications International Corp.,"4,612","3,84,918",,
ESML,iShares ESG Aware MSCI USA Small-Cap ETF,31/08/20,IT Services — 1.9%,Sykes Enterprises Inc.,"11,282","3,73,491",,
ESML,iShares ESG Aware MSCI USA Small-Cap ETF,31/08/20,IT Services — 1.9%,TTEC Holdings Inc.,"4,189","2,37,474",,
ESML,iShares ESG Aware MSCI USA Small-Cap ETF,31/08/20,IT Services — 1.9%,Verra Mobility Corp.,"17,167","1,81,369",,
ESML,iShares ESG Aware MSCI USA Small-Cap ETF,31/08/20,IT Services — 1.9%,Virtusa Corp.,"6,743","2,66,618",,
ESML,iShares ESG Aware MSCI USA Small-Cap ETF,31/08/20,IT Services — 1.9%,WEX Inc.,"5,389","8,60,677","70,20,752",
ESML,iShares ESG Aware MSCI USA Small-Cap ETF,31/08/20,Leisure Products — 0.7%,Brunswick Corp./DE,"7,187","4,44,803",,
ESML,iShares ESG Aware MSCI USA Small-Cap ETF,31/08/20,Leisure Products — 0.7%,Callaway Golf Co.,"12,736","2,65,673",,
ESML,iShares ESG Aware MSCI USA Small-Cap ETF,31/08/20,Leisure Products — 0.7%,"Johnson Outdoors Inc., Class A","2,577","2,20,875",,
ESML,iShares ESG Aware MSCI USA Small-Cap ETF,31/08/20,Leisure Products — 0.7%,"Malibu Boats Inc., Class A","3,639","1,88,682",,
ESML,iShares ESG Aware MSCI USA Small-Cap ETF,31/08/20,Leisure Products — 0.7%,Mattel Inc.,"40,443","4,34,560",,
ESML,iShares ESG Aware MSCI USA Small-Cap ETF,31/08/20,Leisure Products — 0.7%,Polaris Inc.,"4,870","4,92,065",,
ESML,iShares ESG Aware MSCI USA Small-Cap ETF,31/08/20,Leisure Products — 0.7%,YETI Holdings Inc.,"10,011","5,14,365","25,61,023",
ESML,iShares ESG Aware MSCI USA Small-Cap ETF,31/08/20,Life Sciences Tools & Services — 1.6%,Adaptive Biotechnologies Corp.,"8,810","3,66,584",,
ESML,iShares ESG Aware MSCI USA Small-Cap ETF,31/08/20,Life Sciences Tools & Services — 1.6%,Bio-Techne Corp.,"3,831","9,78,667",,
ESML,iShares ESG Aware MSCI USA Small-Cap ETF,31/08/20,Life Sciences Tools & Services — 1.6%,Bruker Corp.,"11,908","5,00,374",,
ESML,iShares ESG Aware MSCI USA Small-Cap ETF,31/08/20,Life Sciences Tools & Services — 1.6%,Charles River Laboratories International Inc.,"3,772","8,25,880",,
ESML,iShares ESG Aware MSCI USA Small-Cap ETF,31/08/20,Life Sciences Tools & Services — 1.6%,Luminex Corp.,"6,216","1,65,905",,
ESML,iShares ESG Aware MSCI USA Small-Cap ETF,31/08/20,Life Sciences Tools & Services — 1.6%,Medpace Holdings Inc.,"2,590","3,36,156",,
ESML,iShares ESG Aware MSCI USA Small-Cap ETF,31/08/20,Life Sciences Tools & Services — 1.6%,NanoString Technologies Inc. (a)(b),"4,561","1,84,629",,
ESML,iShares ESG Aware MSCI USA Small-Cap ETF,31/08/20,Life Sciences Tools & Services — 1.6%,NeoGenomics Inc.,"12,681","4,93,925",,
ESML,iShares ESG Aware MSCI USA Small-Cap ETF,31/08/20,Life Sciences Tools & Services — 1.6%,PRA Health Sciences Inc.,"5,907","6,31,518",,
ESML,iShares ESG Aware MSCI USA Small-Cap ETF,31/08/20,Life Sciences Tools & Services — 1.6%,Repligen Corp.,"6,011","9,31,164",,
ESML,iShares ESG Aware MSCI USA Small-Cap ETF,31/08/20,Life Sciences Tools & Services — 1.6%,Syneos Health Inc.,"5,063","3,19,475","57,34,277",
ESML,iShares ESG Aware MSCI USA Small-Cap ETF,31/08/20,Machinery — 4.6%,AGCO Corp.,"6,585","4,68,194",,
ESML,iShares ESG Aware MSCI USA Small-Cap ETF,31/08/20,Machinery — 4.6%,Alamo Group Inc.,"2,389","2,64,940",,
ESML,iShares ESG Aware MSCI USA Small-Cap ETF,31/08/20,Machinery — 4.6%,"Albany International Corp., Class A","3,534","1,83,415",,
ESML,iShares ESG Aware MSCI USA Small-Cap ETF,31/08/20,Machinery — 4.6%,Allison Transmission Holdings Inc.,"17,811","6,38,881",,
ESML,iShares ESG Aware MSCI USA Small-Cap ETF,31/08/20,Machinery — 4.6%,Altra Industrial Motion Corp.,"6,068","2,36,955",,
ESML,iShares ESG Aware MSCI USA Small-Cap ETF,31/08/20,Machinery — 4.6%,Astec Industries Inc.,"5,359","2,82,526",,
ESML,iShares ESG Aware MSCI USA Small-Cap ETF,31/08/20,Machinery — 4.6%,Barnes Group Inc.,"8,319","3,29,432",,
ESML,iShares ESG Aware MSCI USA Small-Cap ETF,31/08/20,Machinery — 4.6%,Chart Industries Inc.,"4,439","2,91,731",,
ESML,iShares ESG Aware MSCI USA Small-Cap ETF,31/08/20,Machinery — 4.6%,Colfax Corp.,"5,399","1,79,679",,
ESML,iShares ESG Aware MSCI USA Small-Cap ETF,31/08/20,Machinery — 4.6%,Crane Co.,"4,374","2,47,306",,
ESML,iShares ESG Aware MSCI USA Small-Cap ETF,31/08/20,Machinery — 4.6%,Donaldson Co. Inc.,"17,965","9,04,717",,
ESML,iShares ESG Aware MSCI USA Small-Cap ETF,31/08/20,Machinery — 4.6%,Douglas Dynamics Inc.,"4,881","1,87,382",,
ESML,iShares ESG Aware MSCI USA Small-Cap ETF,31/08/20,Machinery — 4.6%,Enerpac Tool Group Corp.,"8,960","1,86,368",,
ESML,iShares ESG Aware MSCI USA Small-Cap ETF,31/08/20,Machinery — 4.6%,ESCO Technologies Inc.,"5,205","4,68,034",,
ESML,iShares ESG Aware MSCI USA Small-Cap ETF,31/08/20,Machinery — 4.6%,Evoqua Water Technologies Corp.,"10,574","2,16,344",,
ESML,iShares ESG Aware MSCI USA Small-Cap ETF,31/08/20,Machinery — 4.6%,Federal Signal Corp.,"9,799","3,14,744",,
ESML,iShares ESG Aware MSCI USA Small-Cap ETF,31/08/20,Machinery — 4.6%,Flowserve Corp.,"16,131","4,78,768",,
ESML,iShares ESG Aware MSCI USA Small-Cap ETF,31/08/20,Machinery — 4.6%,Franklin Electric Co. Inc.,"7,807","4,63,424",,
ESML,iShares ESG Aware MSCI USA Small-Cap ETF,31/08/20,Machinery — 4.6%,Gates Industrial Corp. PLC,"15,789","1,78,258",,
ESML,iShares ESG Aware MSCI USA Small-Cap ETF,31/08/20,Machinery — 4.6%,Graco Inc.,"15,270","8,85,965",,
ESML,iShares ESG Aware MSCI USA Small-Cap ETF,31/08/20,Machinery — 4.6%,Helios Technologies Inc.,"4,399","1,80,843",,
ESML,iShares ESG Aware MSCI USA Small-Cap ETF,31/08/20,Machinery — 4.6%,Hillenbrand Inc.,"7,979","2,53,014",,
ESML,iShares ESG Aware MSCI USA Small-Cap ETF,31/08/20,Machinery — 4.6%,ITT Inc.,"13,025","8,18,100",,
ESML,iShares ESG Aware MSCI USA Small-Cap ETF,31/08/20,Machinery — 4.6%,John Bean Technologies Corp.,"3,001","3,07,633",,
ESML,iShares ESG Aware MSCI USA Small-Cap ETF,31/08/20,Machinery — 4.6%,Kennametal Inc.,"6,557","1,90,284",,
ESML,iShares ESG Aware MSCI USA Small-Cap ETF,31/08/20,Machinery — 4.6%,Lincoln Electric Holdings Inc.,"5,954","5,75,811",,
ESML,iShares ESG Aware MSCI USA Small-Cap ETF,31/08/20,Machinery — 4.6%,Lindsay Corp.,"2,361","2,35,935",,
ESML,iShares ESG Aware MSCI USA Small-Cap ETF,31/08/20,Machinery — 4.6%,Luxfer Holdings PLC,"12,805","1,82,087",,
ESML,iShares ESG Aware MSCI USA Small-Cap ETF,31/08/20,Machinery — 4.6%,Meritor Inc. (a)(b),"9,008","2,05,022",,
ESML,iShares ESG Aware MSCI USA Small-Cap ETF,31/08/20,Machinery — 4.6%,Middleby Corp. (The),"5,887","5,76,337",,
ESML,iShares ESG Aware MSCI USA Small-Cap ETF,31/08/20,Machinery — 4.6%,Navistar International Corp.,"6,721","2,14,938",,
ESML,iShares ESG Aware MSCI USA Small-Cap ETF,31/08/20,Machinery — 4.6%,Oshkosh Corp.,"10,946","8,42,951",,
ESML,iShares ESG Aware MSCI USA Small-Cap ETF,31/08/20,Machinery — 4.6%,Proto Labs Inc. (a)(b),"3,184","4,68,048",,
ESML,iShares ESG Aware MSCI USA Small-Cap ETF,31/08/20,Machinery — 4.6%,Rexnord Corp.,"10,517","3,04,572",,
ESML,iShares ESG Aware MSCI USA Small-Cap ETF,31/08/20,Machinery — 4.6%,Shyft Group Inc. (The),"9,286","1,85,441",,
ESML,iShares ESG Aware MSCI USA Small-Cap ETF,31/08/20,Machinery — 4.6%,SPX Corp.,"4,214","1,76,272",,
ESML,iShares ESG Aware MSCI USA Small-Cap ETF,31/08/20,Machinery — 4.6%,SPX FLOW Inc.,"4,094","1,78,007",,
ESML,iShares ESG Aware MSCI USA Small-Cap ETF,31/08/20,Machinery — 4.6%,Tennant Co.,"3,831","2,54,647",,
ESML,iShares ESG Aware MSCI USA Small-Cap ETF,31/08/20,Machinery — 4.6%,Terex Corp.,"10,156","1,98,753",,
ESML,iShares ESG Aware MSCI USA Small-Cap ETF,31/08/20,Machinery — 4.6%,Timken Co. (The),"5,675","3,07,528",,
ESML,iShares ESG Aware MSCI USA Small-Cap ETF,31/08/20,Machinery — 4.6%,Toro Co. (The),"14,241","10,72,062",,
ESML,iShares ESG Aware MSCI USA Small-Cap ETF,31/08/20,Machinery — 4.6%,Trinity Industries Inc.,"9,166","1,87,628",,
ESML,iShares ESG Aware MSCI USA Small-Cap ETF,31/08/20,Machinery — 4.6%,Wabash National Corp.,"14,457","1,76,520",,
ESML,iShares ESG Aware MSCI USA Small-Cap ETF,31/08/20,Machinery — 4.6%,"Watts Water Technologies Inc., Class A","6,350","6,08,012",,
ESML,iShares ESG Aware MSCI USA Small-Cap ETF,31/08/20,Machinery — 4.6%,Welbilt Inc.,"24,620","1,81,696",,
ESML,iShares ESG Aware MSCI USA Small-Cap ETF,31/08/20,Machinery — 4.6%,Woodward Inc.,"7,637","6,54,415","1,69,43,619",
ESML,iShares ESG Aware MSCI USA Small-Cap ETF,31/08/20,Media — 0.8%,Cardlytics Inc.,"2,727","2,06,843",,
ESML,iShares ESG Aware MSCI USA Small-Cap ETF,31/08/20,Media — 0.8%,Gray Television Inc.,"11,903","1,84,734",,
ESML,iShares ESG Aware MSCI USA Small-Cap ETF,31/08/20,Media — 0.8%,Hemisphere Media Group Inc.,"20,391","1,81,480",,
ESML,iShares ESG Aware MSCI USA Small-Cap ETF,31/08/20,Media — 0.8%,"Iheartmedia Inc., Class A","19,899","1,83,469",,
ESML,iShares ESG Aware MSCI USA Small-Cap ETF,31/08/20,Media — 0.8%,"John Wiley & Sons Inc., Class A","11,107","3,51,536",,
ESML,iShares ESG Aware MSCI USA Small-Cap ETF,31/08/20,Media — 0.8%,"New York Times Co. (The), Class A","17,484","7,57,582",,
ESML,iShares ESG Aware MSCI USA Small-Cap ETF,31/08/20,Media — 0.8%,"Nexstar Media Group Inc., Class A","4,604","4,42,030",,
ESML,iShares ESG Aware MSCI USA Small-Cap ETF,31/08/20,Media — 0.8%,"Scholastic Corp., NVS","7,692","1,73,070",,
ESML,iShares ESG Aware MSCI USA Small-Cap ETF,31/08/20,Media — 0.8%,"Sinclair Broadcast Group Inc., Class A","8,627","1,79,528",,
ESML,iShares ESG Aware MSCI USA Small-Cap ETF,31/08/20,Media — 0.8%,TEGNA Inc.,"23,698","2,96,699","29,56,971",
ESML,iShares ESG Aware MSCI USA Small-Cap ETF,31/08/20,Metals & Mining — 1.2%,Alcoa Corp.,"23,991","3,50,748",,
ESML,iShares ESG Aware MSCI USA Small-Cap ETF,31/08/20,Metals & Mining — 1.2%,Arconic Corp.,"12,810","2,85,023",,
ESML,iShares ESG Aware MSCI USA Small-Cap ETF,31/08/20,Metals & Mining — 1.2%,Cleveland-Cliffs Inc.,"41,785","2,74,945",,
ESML,iShares ESG Aware MSCI USA Small-Cap ETF,31/08/20,Metals & Mining — 1.2%,Coeur Mining Inc.,"26,339","2,22,828",,
ESML,iShares ESG Aware MSCI USA Small-Cap ETF,31/08/20,Metals & Mining — 1.2%,Commercial Metals Co.,"12,837","2,67,908",,
ESML,iShares ESG Aware MSCI USA Small-Cap ETF,31/08/20,Metals & Mining — 1.2%,Compass Minerals International Inc.,"4,844","2,75,769",,
ESML,iShares ESG Aware MSCI USA Small-Cap ETF,31/08/20,Metals & Mining — 1.2%,Hecla Mining Co.,"46,355","2,79,057",,
ESML,iShares ESG Aware MSCI USA Small-Cap ETF,31/08/20,Metals & Mining — 1.2%,Reliance Steel & Aluminum Co.,"9,624","10,09,269",,
ESML,iShares ESG Aware MSCI USA Small-Cap ETF,31/08/20,Metals & Mining — 1.2%,Royal Gold Inc.,"8,359","11,39,499",,
ESML,iShares ESG Aware MSCI USA Small-Cap ETF,31/08/20,Metals & Mining — 1.2%,"Schnitzer Steel Industries Inc., Class A","18,591","3,66,986","44,72,032",
ESML,iShares ESG Aware MSCI USA Small-Cap ETF,31/08/20,Mortgage Real Estate Investment — 0.8%,Apollo Commercial Real Estate Finance Inc.,"19,875","1,77,682",,
ESML,iShares ESG Aware MSCI USA Small-Cap ETF,31/08/20,Mortgage Real Estate Investment — 0.8%,Arbor Realty Trust Inc.,"16,438","1,86,078",,
ESML,iShares ESG Aware MSCI USA Small-Cap ETF,31/08/20,Mortgage Real Estate Investment — 0.8%,"Blackstone Mortgage Trust Inc., Class A","13,726","3,26,267",,
ESML,iShares ESG Aware MSCI USA Small-Cap ETF,31/08/20,Mortgage Real Estate Investment — 0.8%,Chimera Investment Corp.,"22,020","1,95,758",,
ESML,iShares ESG Aware MSCI USA Small-Cap ETF,31/08/20,Mortgage Real Estate Investment — 0.8%,Ellington Financial Inc.,"14,552","1,81,318",,
ESML,iShares ESG Aware MSCI USA Small-Cap ETF,31/08/20,Mortgage Real Estate Investment — 0.8%,Hannon Armstrong Sustainable Infrastructure Capital Inc.,"7,648","3,24,734",,
ESML,iShares ESG Aware MSCI USA Small-Cap ETF,31/08/20,Mortgage Real Estate Investment — 0.8%,KKR Real Estate Finance Trust Inc.,"14,974","2,72,527",,
ESML,iShares ESG Aware MSCI USA Small-Cap ETF,31/08/20,Mortgage Real Estate Investment — 0.8%,New Residential Investment Corp.,"39,272","3,03,965",,
ESML,iShares ESG Aware MSCI USA Small-Cap ETF,31/08/20,Mortgage Real Estate Investment — 0.8%,PennyMac Mortgage Investment Trust,"10,518","1,80,279",,
ESML,iShares ESG Aware MSCI USA Small-Cap ETF,31/08/20,Mortgage Real Estate Investment — 0.8%,Starwood Property Trust Inc.,"37,740","5,88,744",,
ESML,iShares ESG Aware MSCI USA Small-Cap ETF,31/08/20,Mortgage Real Estate Investment — 0.8%,Two Harbors Investment Corp.,"32,900","1,79,305","29,16,657",
ESML,iShares ESG Aware MSCI USA Small-Cap ETF,31/08/20,Multi-Utilities — 0.4%,Avista Corp.,"19,022","7,01,151",,
ESML,iShares ESG Aware MSCI USA Small-Cap ETF,31/08/20,Multi-Utilities — 0.4%,MDU Resources Group Inc.,"25,557","6,03,656",,
ESML,iShares ESG Aware MSCI USA Small-Cap ETF,31/08/20,Multi-Utilities — 0.4%,Unitil Corp.,"4,534","1,91,335","14,96,142",
ESML,iShares ESG Aware MSCI USA Small-Cap ETF,31/08/20,Multiline Retail — 0.4%,Big Lots Inc.,"5,256","2,47,820",,
ESML,iShares ESG Aware MSCI USA Small-Cap ETF,31/08/20,Multiline Retail — 0.4%,Kohl’s Corp.,"15,415","3,29,265",,
ESML,iShares ESG Aware MSCI USA Small-Cap ETF,31/08/20,Multiline Retail — 0.4%,Macy’s Inc.,"34,758","2,42,263",,
ESML,iShares ESG Aware MSCI USA Small-Cap ETF,31/08/20,Multiline Retail — 0.4%,Nordstrom Inc.,"16,646","2,66,336",,
ESML,iShares ESG Aware MSCI USA Small-Cap ETF,31/08/20,Multiline Retail — 0.4%,Ollie’s Bargain Outlet Holdings Inc.,"5,039","4,81,426","15,67,110",
ESML,iShares ESG Aware MSCI USA Small-Cap ETF,31/08/20,"Oil, Gas & Consumable Fuels — 2.2%",Antero Midstream Corp.,"36,945","2,50,118",,
ESML,iShares ESG Aware MSCI USA Small-Cap ETF,31/08/20,"Oil, Gas & Consumable Fuels — 2.2%",Antero Resources Corp. (a)(b),"50,109","1,61,351",,
ESML,iShares ESG Aware MSCI USA Small-Cap ETF,31/08/20,"Oil, Gas & Consumable Fuels — 2.2%",Apache Corp.,"44,190","6,54,012",,
ESML,iShares ESG Aware MSCI USA Small-Cap ETF,31/08/20,"Oil, Gas & Consumable Fuels — 2.2%",Cimarex Energy Co.,"12,912","3,58,695",,
ESML,iShares ESG Aware MSCI USA Small-Cap ETF,31/08/20,"Oil, Gas & Consumable Fuels — 2.2%",Clean Energy Fuels Corp.,"75,882","2,00,329",,
ESML,iShares ESG Aware MSCI USA Small-Cap ETF,31/08/20,"Oil, Gas & Consumable Fuels — 2.2%",CNX Resources Corp.,"23,798","2,60,826",,
ESML,iShares ESG Aware MSCI USA Small-Cap ETF,31/08/20,"Oil, Gas & Consumable Fuels — 2.2%",Continental Resources Inc./OK,"10,113","1,73,741",,
ESML,iShares ESG Aware MSCI USA Small-Cap ETF,31/08/20,"Oil, Gas & Consumable Fuels — 2.2%",Delek U.S. Holdings Inc.,"11,056","1,73,911",,
ESML,iShares ESG Aware MSCI USA Small-Cap ETF,31/08/20,"Oil, Gas & Consumable Fuels — 2.2%",EnLink Midstream LLC,"59,603","1,78,213",,
ESML,iShares ESG Aware MSCI USA Small-Cap ETF,31/08/20,"Oil, Gas & Consumable Fuels — 2.2%",EQT Corp.,"30,757","4,88,114",,
ESML,iShares ESG Aware MSCI USA Small-Cap ETF,31/08/20,"Oil, Gas & Consumable Fuels — 2.2%",Equitrans Midstream Corp.,"37,711","3,87,669",,
ESML,iShares ESG Aware MSCI USA Small-Cap ETF,31/08/20,"Oil, Gas & Consumable Fuels — 2.2%",HollyFrontier Corp.,"10,884","2,59,801",,
ESML,iShares ESG Aware MSCI USA Small-Cap ETF,31/08/20,"Oil, Gas & Consumable Fuels — 2.2%",Kosmos Energy Ltd.,"1,10,635","1,62,633",,
ESML,iShares ESG Aware MSCI USA Small-Cap ETF,31/08/20,"Oil, Gas & Consumable Fuels — 2.2%",Marathon Oil Corp.,"1,04,871","5,53,719",,
ESML,iShares ESG Aware MSCI USA Small-Cap ETF,31/08/20,"Oil, Gas & Consumable Fuels — 2.2%",Matador Resources Co.,"18,263","1,77,699",,
ESML,iShares ESG Aware MSCI USA Small-Cap ETF,31/08/20,"Oil, Gas & Consumable Fuels — 2.2%",Murphy Oil Corp.,"15,319","2,10,483",,
ESML,iShares ESG Aware MSCI USA Small-Cap ETF,31/08/20,"Oil, Gas & Consumable Fuels — 2.2%",Noble Energy Inc.,"57,023","5,67,379",,
ESML,iShares ESG Aware MSCI USA Small-Cap ETF,31/08/20,"Oil, Gas & Consumable Fuels — 2.2%",Ovintiv Inc.,"35,396","3,92,188",,
ESML,iShares ESG Aware MSCI USA Small-Cap ETF,31/08/20,"Oil, Gas & Consumable Fuels — 2.2%","Parsley Energy Inc., Class A","40,403","4,34,332",,
ESML,iShares ESG Aware MSCI USA Small-Cap ETF,31/08/20,"Oil, Gas & Consumable Fuels — 2.2%",PDC Energy Inc.,"11,634","1,76,139",,
ESML,iShares ESG Aware MSCI USA Small-Cap ETF,31/08/20,"Oil, Gas & Consumable Fuels — 2.2%","Plains GP Holdings LP, Class A","24,162","1,76,624",,
ESML,iShares ESG Aware MSCI USA Small-Cap ETF,31/08/20,"Oil, Gas & Consumable Fuels — 2.2%",Range Resources Corp.,"26,441","1,97,250",,
ESML,iShares ESG Aware MSCI USA Small-Cap ETF,31/08/20,"Oil, Gas & Consumable Fuels — 2.2%",Renewable Energy Group Inc.,"5,389","1,80,154",,
ESML,iShares ESG Aware MSCI USA Small-Cap ETF,31/08/20,"Oil, Gas & Consumable Fuels — 2.2%",Southwestern Energy Co.,"72,990","2,02,912",,
ESML,iShares ESG Aware MSCI USA Small-Cap ETF,31/08/20,"Oil, Gas & Consumable Fuels — 2.2%",Targa Resources Corp.,"23,881","4,06,216",,
ESML,iShares ESG Aware MSCI USA Small-Cap ETF,31/08/20,"Oil, Gas & Consumable Fuels — 2.2%",Texas Pacific Land Trust,524,"2,76,001",,
ESML,iShares ESG Aware MSCI USA Small-Cap ETF,31/08/20,"Oil, Gas & Consumable Fuels — 2.2%",World Fuel Services Corp.,"9,403","2,48,239",,
ESML,iShares ESG Aware MSCI USA Small-Cap ETF,31/08/20,"Oil, Gas & Consumable Fuels — 2.2%",WPX Energy Inc.,"40,414","2,24,702","81,33,450",
ESML,iShares ESG Aware MSCI USA Small-Cap ETF,31/08/20,Paper & Forest Products — 0.4%,Boise Cascade Co.,"12,973","5,94,164",,
ESML,iShares ESG Aware MSCI USA Small-Cap ETF,31/08/20,Paper & Forest Products — 0.4%,Domtar Corp.,"11,154","3,18,112",,
ESML,iShares ESG Aware MSCI USA Small-Cap ETF,31/08/20,Paper & Forest Products — 0.4%,Louisiana-Pacific Corp.,"12,880","4,24,267","13,36,543",
ESML,iShares ESG Aware MSCI USA Small-Cap ETF,31/08/20,Personal Products — 0.4%,Edgewell Personal Care Co.,"6,989","2,00,654",,
ESML,iShares ESG Aware MSCI USA Small-Cap ETF,31/08/20,Personal Products — 0.4%,Herbalife Nutrition Ltd.,"10,672","5,24,529",,
ESML,iShares ESG Aware MSCI USA Small-Cap ETF,31/08/20,Personal Products — 0.4%,Medifast Inc.,"1,910","3,10,795",,
ESML,iShares ESG Aware MSCI USA Small-Cap ETF,31/08/20,Personal Products — 0.4%,"Nu Skin Enterprises Inc., Class A","5,779","2,73,173",,
ESML,iShares ESG Aware MSCI USA Small-Cap ETF,31/08/20,Personal Products — 0.4%,USANA Health Sciences Inc.,"2,212","1,73,443","14,82,594",
ESML,iShares ESG Aware MSCI USA Small-Cap ETF,31/08/20,Pharmaceuticals — 1.6%,Axsome Therapeutics Inc.,"3,472","2,54,532",,
ESML,iShares ESG Aware MSCI USA Small-Cap ETF,31/08/20,Pharmaceuticals — 1.6%,Cara Therapeutics Inc.,"11,240","1,74,220",,
ESML,iShares ESG Aware MSCI USA Small-Cap ETF,31/08/20,Pharmaceuticals — 1.6%,Collegium Pharmaceutical Inc.,"9,412","1,79,393",,
ESML,iShares ESG Aware MSCI USA Small-Cap ETF,31/08/20,Pharmaceuticals — 1.6%,Corcept Therapeutics Inc.,"13,350","1,69,545",,
ESML,iShares ESG Aware MSCI USA Small-Cap ETF,31/08/20,Pharmaceuticals — 1.6%,Horizon Therapeutics PLC,"20,164","15,14,720",,
ESML,iShares ESG Aware MSCI USA Small-Cap ETF,31/08/20,Pharmaceuticals — 1.6%,Intersect ENT Inc.,"9,256","1,85,860",,
ESML,iShares ESG Aware MSCI USA Small-Cap ETF,31/08/20,Pharmaceuticals — 1.6%,Intra-Cellular Therapies Inc.,"9,454","1,72,252",,
ESML,iShares ESG Aware MSCI USA Small-Cap ETF,31/08/20,Pharmaceuticals — 1.6%,MyoKardia Inc.,"5,757","6,30,046",,
ESML,iShares ESG Aware MSCI USA Small-Cap ETF,31/08/20,Pharmaceuticals — 1.6%,Nektar Therapeutics,"18,668","3,61,039",,
ESML,iShares ESG Aware MSCI USA Small-Cap ETF,31/08/20,Pharmaceuticals — 1.6%,Pacira BioSciences Inc.,"4,052","2,53,331",,
ESML,iShares ESG Aware MSCI USA Small-Cap ETF,31/08/20,Pharmaceuticals — 1.6%,"Phibro Animal Health Corp., Class A","9,266","1,98,848",,
ESML,iShares ESG Aware MSCI USA Small-Cap ETF,31/08/20,Pharmaceuticals — 1.6%,Prestige Consumer Healthcare Inc.,"4,841","1,76,358",,
ESML,iShares ESG Aware MSCI USA Small-Cap ETF,31/08/20,Pharmaceuticals — 1.6%,Provention Bio Inc.,"12,878","1,67,929",,
ESML,iShares ESG Aware MSCI USA Small-Cap ETF,31/08/20,Pharmaceuticals — 1.6%,"Reata Pharmaceuticals Inc., Class A","2,951","3,09,707",,
ESML,iShares ESG Aware MSCI USA Small-Cap ETF,31/08/20,Pharmaceuticals — 1.6%,Relmada Therapeutics Inc.,"4,542","1,62,059",,
ESML,iShares ESG Aware MSCI USA Small-Cap ETF,31/08/20,Pharmaceuticals — 1.6%,Revance Therapeutics Inc.,"8,180","2,39,101",,
ESML,iShares ESG Aware MSCI USA Small-Cap ETF,31/08/20,Pharmaceuticals — 1.6%,Supernus Pharmaceuticals Inc. (a)(b),"7,817","1,71,896",,
ESML,iShares ESG Aware MSCI USA Small-Cap ETF,31/08/20,Pharmaceuticals — 1.6%,Theravance Biopharma Inc.,"10,624","1,94,738",,
ESML,iShares ESG Aware MSCI USA Small-Cap ETF,31/08/20,Pharmaceuticals — 1.6%,Zogenix Inc.,"7,640","1,80,839","56,96,413",
ESML,iShares ESG Aware MSCI USA Small-Cap ETF,31/08/20,Professional Services — 1.3% ,ASGN Inc.,"5,164","3,70,620",,
ESML,iShares ESG Aware MSCI USA Small-Cap ETF,31/08/20,Professional Services — 1.3% ,CoreLogic Inc.,"7,063","4,68,983",,
ESML,iShares ESG Aware MSCI USA Small-Cap ETF,31/08/20,Professional Services — 1.3% ,Exponent Inc.,"4,436","3,56,898",,
ESML,iShares ESG Aware MSCI USA Small-Cap ETF,31/08/20,Professional Services — 1.3% ,FTI Consulting Inc.,"4,927","5,65,423",,
ESML,iShares ESG Aware MSCI USA Small-Cap ETF,31/08/20,Professional Services — 1.3% ,Heidrick & Struggles International Inc.,"8,718","1,88,570",,
ESML,iShares ESG Aware MSCI USA Small-Cap ETF,31/08/20,Professional Services — 1.3% ,Huron Consulting Group Inc.,"3,839","1,66,536",,
ESML,iShares ESG Aware MSCI USA Small-Cap ETF,31/08/20,Professional Services — 1.3% ,ICF International Inc.,"4,131","2,82,189",,
ESML,iShares ESG Aware MSCI USA Small-Cap ETF,31/08/20,Professional Services — 1.3% ,Insperity Inc.,"4,458","3,00,335",,
ESML,iShares ESG Aware MSCI USA Small-Cap ETF,31/08/20,Professional Services — 1.3% ,"Kelly Services Inc., Class A, NVS","14,007","2,65,993",,
ESML,iShares ESG Aware MSCI USA Small-Cap ETF,31/08/20,Professional Services — 1.3% ,Korn Ferry,"9,537","2,90,878",,
ESML,iShares ESG Aware MSCI USA Small-Cap ETF,31/08/20,Professional Services — 1.3% ,ManpowerGroup Inc.,"6,492","4,75,929",,
ESML,iShares ESG Aware MSCI USA Small-Cap ETF,31/08/20,Professional Services — 1.3% ,TriNet Group Inc.,"6,256","4,24,407",,
ESML,iShares ESG Aware MSCI USA Small-Cap ETF,31/08/20,Professional Services — 1.3% ,TrueBlue Inc.,"22,093","3,73,814",,
ESML,iShares ESG Aware MSCI USA Small-Cap ETF,31/08/20,Professional Services — 1.3% ,Upwork Inc.,"12,313","1,87,527","47,18,102",
ESML,iShares ESG Aware MSCI USA Small-Cap ETF,31/08/20,Real Estate Management & Development — 0.6%,Cushman & Wakefield PLC (a)(b),"22,203","2,57,777",,
ESML,iShares ESG Aware MSCI USA Small-Cap ETF,31/08/20,Real Estate Management & Development — 0.6%,Howard Hughes Corp. (The),"6,180","3,65,300",,
ESML,iShares ESG Aware MSCI USA Small-Cap ETF,31/08/20,Real Estate Management & Development — 0.6%,Kennedy-Wilson Holdings Inc.,"21,164","3,02,433",,
ESML,iShares ESG Aware MSCI USA Small-Cap ETF,31/08/20,Real Estate Management & Development — 0.6%,Marcus & Millichap Inc.,"10,809","3,04,922",,
ESML,iShares ESG Aware MSCI USA Small-Cap ETF,31/08/20,Real Estate Management & Development — 0.6%,Realogy Holdings Corp.,"17,374","1,92,504",,
ESML,iShares ESG Aware MSCI USA Small-Cap ETF,31/08/20,Real Estate Management & Development — 0.6%,Redfin Corp.,"8,795","4,18,378",,
ESML,iShares ESG Aware MSCI USA Small-Cap ETF,31/08/20,Real Estate Management & Development — 0.6%,St. Joe Co. (The),"10,641","2,46,978",,
ESML,iShares ESG Aware MSCI USA Small-Cap ETF,31/08/20,Real Estate Management & Development — 0.6%,Tejon Ranch Co.,"12,271","1,75,598","22,63,890",
ESML,iShares ESG Aware MSCI USA Small-Cap ETF,31/08/20,Road & Rail — 0.7%,ArcBest Corp.,"5,706","1,92,977",,
ESML,iShares ESG Aware MSCI USA Small-Cap ETF,31/08/20,Road & Rail — 0.7%,Avis Budget Group Inc.,"8,148","2,77,928",,
ESML,iShares ESG Aware MSCI USA Small-Cap ETF,31/08/20,Road & Rail — 0.7%,Landstar System Inc.,"6,015","8,00,536",,
ESML,iShares ESG Aware MSCI USA Small-Cap ETF,31/08/20,Road & Rail — 0.7%,Ryder System Inc.,"9,873","4,03,806",,
ESML,iShares ESG Aware MSCI USA Small-Cap ETF,31/08/20,Road & Rail — 0.7%,Saia Inc.,"2,309","3,09,868",,
ESML,iShares ESG Aware MSCI USA Small-Cap ETF,31/08/20,Road & Rail — 0.7%,"Schneider National Inc., Class B","10,503","2,84,211",,
ESML,iShares ESG Aware MSCI USA Small-Cap ETF,31/08/20,Road & Rail — 0.7%,Werner Enterprises Inc.,"7,485","3,44,385","26,13,711",
ESML,iShares ESG Aware MSCI USA Small-Cap ETF,31/08/20,Semiconductors & Semiconductor Equipment — 3.5%,Advanced Energy Industries Inc.,"3,661","2,71,353",,
ESML,iShares ESG Aware MSCI USA Small-Cap ETF,31/08/20,Semiconductors & Semiconductor Equipment — 3.5%,Amkor Technology Inc.,"14,089","1,71,815",,
ESML,iShares ESG Aware MSCI USA Small-Cap ETF,31/08/20,Semiconductors & Semiconductor Equipment — 3.5%,Brooks Automation Inc.,"6,723","3,47,109",,
ESML,iShares ESG Aware MSCI USA Small-Cap ETF,31/08/20,Semiconductors & Semiconductor Equipment — 3.5%,Cabot Microelectronics Corp.,"3,805","5,79,464",,
ESML,iShares ESG Aware MSCI USA Small-Cap ETF,31/08/20,Semiconductors & Semiconductor Equipment — 3.5%,Cirrus Logic Inc.,"8,389","5,08,290",,
ESML,iShares ESG Aware MSCI USA Small-Cap ETF,31/08/20,Semiconductors & Semiconductor Equipment — 3.5%,Cree Inc.,"13,401","8,45,603",,
ESML,iShares ESG Aware MSCI USA Small-Cap ETF,31/08/20,Semiconductors & Semiconductor Equipment — 3.5%,Enphase Energy Inc.,"10,002","7,72,455",,
ESML,iShares ESG Aware MSCI USA Small-Cap ETF,31/08/20,Semiconductors & Semiconductor Equipment — 3.5%,Entegris Inc.,"15,006","10,03,751",,
ESML,iShares ESG Aware MSCI USA Small-Cap ETF,31/08/20,Semiconductors & Semiconductor Equipment — 3.5%,First Solar Inc.,"10,860","8,31,767",,
ESML,iShares ESG Aware MSCI USA Small-Cap ETF,31/08/20,Semiconductors & Semiconductor Equipment — 3.5%,FormFactor Inc.,"6,341","1,65,690",,
ESML,iShares ESG Aware MSCI USA Small-Cap ETF,31/08/20,Semiconductors & Semiconductor Equipment — 3.5%,Ichor Holdings Ltd.,"6,985","1,75,743",,
ESML,iShares ESG Aware MSCI USA Small-Cap ETF,31/08/20,Semiconductors & Semiconductor Equipment — 3.5%,Inphi Corp.,"4,591","5,23,282",,
ESML,iShares ESG Aware MSCI USA Small-Cap ETF,31/08/20,Semiconductors & Semiconductor Equipment — 3.5%,Kulicke & Soffa Industries Inc.,"13,280","3,18,454",,
ESML,iShares ESG Aware MSCI USA Small-Cap ETF,31/08/20,Semiconductors & Semiconductor Equipment — 3.5%,Lattice Semiconductor Corp.,"13,838","3,95,767",,
ESML,iShares ESG Aware MSCI USA Small-Cap ETF,31/08/20,Semiconductors & Semiconductor Equipment — 3.5%,MaxLinear Inc.,"7,054","1,71,765",,
ESML,iShares ESG Aware MSCI USA Small-Cap ETF,31/08/20,Semiconductors & Semiconductor Equipment — 3.5%,MKS Instruments Inc.,"4,274","5,10,871",,
ESML,iShares ESG Aware MSCI USA Small-Cap ETF,31/08/20,Semiconductors & Semiconductor Equipment — 3.5%,Monolithic Power Systems Inc.,"4,095","10,93,897",,
ESML,iShares ESG Aware MSCI USA Small-Cap ETF,31/08/20,Semiconductors & Semiconductor Equipment — 3.5%,Onto Innovation Inc.,"8,518","2,66,102",,
ESML,iShares ESG Aware MSCI USA Small-Cap ETF,31/08/20,Semiconductors & Semiconductor Equipment — 3.5%,Power Integrations Inc.,"7,625","4,26,771",,
ESML,iShares ESG Aware MSCI USA Small-Cap ETF,31/08/20,Semiconductors & Semiconductor Equipment — 3.5%,Rambus Inc.,"16,461","2,21,071",,
ESML,iShares ESG Aware MSCI USA Small-Cap ETF,31/08/20,Semiconductors & Semiconductor Equipment — 3.5%,Semtech Corp.,"6,840","4,01,166",,
ESML,iShares ESG Aware MSCI USA Small-Cap ETF,31/08/20,Semiconductors & Semiconductor Equipment — 3.5%,Silicon Laboratories Inc.,"5,814","5,95,412",,
ESML,iShares ESG Aware MSCI USA Small-Cap ETF,31/08/20,Semiconductors & Semiconductor Equipment — 3.5%,SolarEdge Technologies Inc.,"5,080","11,23,442",,
ESML,iShares ESG Aware MSCI USA Small-Cap ETF,31/08/20,Semiconductors & Semiconductor Equipment — 3.5%,Synaptics Inc.,"3,585","3,05,908",,
ESML,iShares ESG Aware MSCI USA Small-Cap ETF,31/08/20,Semiconductors & Semiconductor Equipment — 3.5%,Ultra Clean Holdings Inc.,"6,774","1,66,099",,
ESML,iShares ESG Aware MSCI USA Small-Cap ETF,31/08/20,Semiconductors & Semiconductor Equipment — 3.5%,Universal Display Corp.,"4,603","8,07,827","1,30,00,874",
ESML,iShares ESG Aware MSCI USA Small-Cap ETF,31/08/20,Software — 7.5%,2U Inc. (a)(b),"7,371","3,05,086",,
ESML,iShares ESG Aware MSCI USA Small-Cap ETF,31/08/20,Software — 7.5%,8x8 Inc.,"11,226","1,89,495",,
ESML,iShares ESG Aware MSCI USA Small-Cap ETF,31/08/20,Software — 7.5%,ACI Worldwide Inc.,"21,144","6,21,211",,
ESML,iShares ESG Aware MSCI USA Small-Cap ETF,31/08/20,Software — 7.5%,Alarm.com Holdings Inc.,"3,152","1,88,710",,
ESML,iShares ESG Aware MSCI USA Small-Cap ETF,31/08/20,Software — 7.5%,"Altair Engineering Inc., Class A","4,467","1,87,703",,
ESML,iShares ESG Aware MSCI USA Small-Cap ETF,31/08/20,Software — 7.5%,"Alteryx Inc., Class A (a)(b)","5,462","6,59,974",,
ESML,iShares ESG Aware MSCI USA Small-Cap ETF,31/08/20,Software — 7.5%,Anaplan Inc.,"11,795","7,22,444",,
ESML,iShares ESG Aware MSCI USA Small-Cap ETF,31/08/20,Software — 7.5%,"Appfolio Inc., Class A","1,111","1,86,681",,
ESML,iShares ESG Aware MSCI USA Small-Cap ETF,31/08/20,Software — 7.5%,Appian Corp. (a)(b),"3,511","2,15,014",,
ESML,iShares ESG Aware MSCI USA Small-Cap ETF,31/08/20,Software — 7.5%,Aspen Technology Inc.,"7,885","10,01,632",,
ESML,iShares ESG Aware MSCI USA Small-Cap ETF,31/08/20,Software — 7.5%,Avaya Holdings Corp.,"13,245","2,05,562",,
ESML,iShares ESG Aware MSCI USA Small-Cap ETF,31/08/20,Software — 7.5%,Benefitfocus Inc.,"16,349","1,69,049",,
ESML,iShares ESG Aware MSCI USA Small-Cap ETF,31/08/20,Software — 7.5%,Bill.Com Holdings Inc.,"5,508","5,45,182",,
ESML,iShares ESG Aware MSCI USA Small-Cap ETF,31/08/20,Software — 7.5%,Blackbaud Inc.,"7,203","4,59,912",,
ESML,iShares ESG Aware MSCI USA Small-Cap ETF,31/08/20,Software — 7.5%,Blackline Inc.,"7,327","6,40,160",,
ESML,iShares ESG Aware MSCI USA Small-Cap ETF,31/08/20,Software — 7.5%,Bottomline Technologies DE Inc.,"5,456","2,59,869",,
ESML,iShares ESG Aware MSCI USA Small-Cap ETF,31/08/20,Software — 7.5%,"Box Inc., Class A","14,376","2,82,201",,
ESML,iShares ESG Aware MSCI USA Small-Cap ETF,31/08/20,Software — 7.5%,Cerence Inc.,"4,337","2,30,728",,
ESML,iShares ESG Aware MSCI USA Small-Cap ETF,31/08/20,Software — 7.5%,Ceridian HCM Holding Inc.,"12,002","9,54,399",,
ESML,iShares ESG Aware MSCI USA Small-Cap ETF,31/08/20,Software — 7.5%,Cloudera Inc.,"20,085","2,65,323",,
ESML,iShares ESG Aware MSCI USA Small-Cap ETF,31/08/20,Software — 7.5%,CommVault Systems Inc.,"4,338","1,87,532",,
ESML,iShares ESG Aware MSCI USA Small-Cap ETF,31/08/20,Software — 7.5%,Cornerstone OnDemand Inc.,"4,966","1,75,151",,
ESML,iShares ESG Aware MSCI USA Small-Cap ETF,31/08/20,Software — 7.5%,Digital Turbine Inc.,"6,518","1,57,670",,
ESML,iShares ESG Aware MSCI USA Small-Cap ETF,31/08/20,Software — 7.5%,Elastic NV,"5,723","6,21,403",,
ESML,iShares ESG Aware MSCI USA Small-Cap ETF,31/08/20,Software — 7.5%,Envestnet Inc.,"6,722","5,57,859",,
ESML,iShares ESG Aware MSCI USA Small-Cap ETF,31/08/20,Software — 7.5%,Everbridge Inc.,"3,662","5,44,210",,
ESML,iShares ESG Aware MSCI USA Small-Cap ETF,31/08/20,Software — 7.5%,FireEye Inc. (a)(b),"20,471","3,00,514",,
ESML,iShares ESG Aware MSCI USA Small-Cap ETF,31/08/20,Software — 7.5%,Five9 Inc.,"7,207","9,18,460",,
ESML,iShares ESG Aware MSCI USA Small-Cap ETF,31/08/20,Software — 7.5%,HubSpot Inc.,"5,077","15,21,475",,
ESML,iShares ESG Aware MSCI USA Small-Cap ETF,31/08/20,Software — 7.5%,LivePerson Inc.,"6,631","3,95,605",,
ESML,iShares ESG Aware MSCI USA Small-Cap ETF,31/08/20,Software — 7.5%,LogMeIn Inc.,"6,427","5,52,979",,
ESML,iShares ESG Aware MSCI USA Small-Cap ETF,31/08/20,Software — 7.5%,Manhattan Associates Inc.,"7,062","6,86,780",,
ESML,iShares ESG Aware MSCI USA Small-Cap ETF,31/08/20,Software — 7.5%,Medallia Inc. (a)(b),"7,877","2,85,069",,
ESML,iShares ESG Aware MSCI USA Small-Cap ETF,31/08/20,Software — 7.5%,Mimecast Ltd.,"8,324","4,09,874",,
ESML,iShares ESG Aware MSCI USA Small-Cap ETF,31/08/20,Software — 7.5%,MobileIron Inc.,"30,286","1,97,768",,
ESML,iShares ESG Aware MSCI USA Small-Cap ETF,31/08/20,Software — 7.5%,Model N Inc.,"5,394","2,12,092",,
ESML,iShares ESG Aware MSCI USA Small-Cap ETF,31/08/20,Software — 7.5%,New Relic Inc.,"7,082","4,35,047",,
ESML,iShares ESG Aware MSCI USA Small-Cap ETF,31/08/20,Software — 7.5%,Nuance Communications Inc. (a)(b),"30,956","9,27,442",,
ESML,iShares ESG Aware MSCI USA Small-Cap ETF,31/08/20,Software — 7.5%,"Nutanix Inc., Class A","21,645","6,21,428",,
ESML,iShares ESG Aware MSCI USA Small-Cap ETF,31/08/20,Software — 7.5%,Paylocity Holding Corp.,"4,889","7,19,905",,
ESML,iShares ESG Aware MSCI USA Small-Cap ETF,31/08/20,Software — 7.5%,Pegasystems Inc.,"2,265","2,90,985",,
ESML,iShares ESG Aware MSCI USA Small-Cap ETF,31/08/20,Software — 7.5%,"Pluralsight Inc., Class A","8,571","1,64,049",,
ESML,iShares ESG Aware MSCI USA Small-Cap ETF,31/08/20,Software — 7.5%,Progress Software Corp.,"8,402","3,18,352",,
ESML,iShares ESG Aware MSCI USA Small-Cap ETF,31/08/20,Software — 7.5%,Proofpoint Inc.,"5,366","5,88,489",,
ESML,iShares ESG Aware MSCI USA Small-Cap ETF,31/08/20,Software — 7.5%,PROS Holdings Inc.,"5,920","2,30,880",,
ESML,iShares ESG Aware MSCI USA Small-Cap ETF,31/08/20,Software — 7.5%,Q2 Holdings Inc. (a)(b),"3,382","3,29,035",,
ESML,iShares ESG Aware MSCI USA Small-Cap ETF,31/08/20,Software — 7.5%,Qualys Inc.,"4,157","4,41,224",,
ESML,iShares ESG Aware MSCI USA Small-Cap ETF,31/08/20,Software — 7.5%,Rapid7 Inc.,"6,953","4,48,955",,
ESML,iShares ESG Aware MSCI USA Small-Cap ETF,31/08/20,Software — 7.5%,RealPage Inc.,"6,412","4,01,519",,
ESML,iShares ESG Aware MSCI USA Small-Cap ETF,31/08/20,Software — 7.5%,SailPoint Technologies Holding Inc.,"8,880","3,48,362",,
ESML,iShares ESG Aware MSCI USA Small-Cap ETF,31/08/20,Software — 7.5%,"Smartsheet Inc., Class A","12,830","6,99,620",,
ESML,iShares ESG Aware MSCI USA Small-Cap ETF,31/08/20,Software — 7.5%,"Sprout Social Inc., Class A","5,647","2,18,821",,
ESML,iShares ESG Aware MSCI USA Small-Cap ETF,31/08/20,Software — 7.5%,SPS Commerce Inc.,"5,014","4,00,518",,
ESML,iShares ESG Aware MSCI USA Small-Cap ETF,31/08/20,Software — 7.5%,SVMK Inc.,"13,435","3,34,397",,
ESML,iShares ESG Aware MSCI USA Small-Cap ETF,31/08/20,Software — 7.5%,Tenable Holdings Inc.,"5,313","1,99,981",,
ESML,iShares ESG Aware MSCI USA Small-Cap ETF,31/08/20,Software — 7.5%,Teradata Corp. (a)(b),"26,600","6,47,710",,
ESML,iShares ESG Aware MSCI USA Small-Cap ETF,31/08/20,Software — 7.5%,Varonis Systems Inc.,"2,744","3,38,966",,
ESML,iShares ESG Aware MSCI USA Small-Cap ETF,31/08/20,Software — 7.5%,Verint Systems Inc.,"4,021","1,91,239",,
ESML,iShares ESG Aware MSCI USA Small-Cap ETF,31/08/20,Software — 7.5%,Workiva Inc.,"5,825","3,43,675",,
ESML,iShares ESG Aware MSCI USA Small-Cap ETF,31/08/20,Software — 7.5%,Yext Inc.,"11,579","2,29,959",,
ESML,iShares ESG Aware MSCI USA Small-Cap ETF,31/08/20,Software — 7.5%,Zendesk Inc.,"13,666","13,17,129",,
ESML,iShares ESG Aware MSCI USA Small-Cap ETF,31/08/20,Software — 7.5%,"Zuora Inc., Class A","15,521","2,10,930","2,74,13,393",
ESML,iShares ESG Aware MSCI USA Small-Cap ETF,31/08/20,Specialty Retail — 3.1%,Aaron’s Inc.,"8,469","4,73,332",,
ESML,iShares ESG Aware MSCI USA Small-Cap ETF,31/08/20,Specialty Retail — 3.1%,American Eagle Outfitters Inc.,"27,436","3,45,968",,
ESML,iShares ESG Aware MSCI USA Small-Cap ETF,31/08/20,Specialty Retail — 3.1%,Asbury Automotive Group Inc.,"2,245","2,37,498",,
ESML,iShares ESG Aware MSCI USA Small-Cap ETF,31/08/20,Specialty Retail — 3.1%,AutoNation Inc.,"6,232","3,54,351",,
ESML,iShares ESG Aware MSCI USA Small-Cap ETF,31/08/20,Specialty Retail — 3.1%,Bed Bath & Beyond Inc.,"14,820","1,80,508",,
ESML,iShares ESG Aware MSCI USA Small-Cap ETF,31/08/20,Specialty Retail — 3.1%,Carvana Co. (a)(b),"6,553","14,15,186",,
ESML,iShares ESG Aware MSCI USA Small-Cap ETF,31/08/20,Specialty Retail — 3.1%,Five Below Inc.,"6,213","6,80,013",,
ESML,iShares ESG Aware MSCI USA Small-Cap ETF,31/08/20,Specialty Retail — 3.1%,"Floor & Decor Holdings Inc., Class A","7,889","5,77,790",,
ESML,iShares ESG Aware MSCI USA Small-Cap ETF,31/08/20,Specialty Retail — 3.1%,Foot Locker Inc.,"13,684","4,15,036",,
ESML,iShares ESG Aware MSCI USA Small-Cap ETF,31/08/20,Specialty Retail — 3.1%,Gap Inc. (The),"35,124","6,10,806",,
ESML,iShares ESG Aware MSCI USA Small-Cap ETF,31/08/20,Specialty Retail — 3.1%,Group 1 Automotive Inc.,"2,199","1,90,082",,
ESML,iShares ESG Aware MSCI USA Small-Cap ETF,31/08/20,Specialty Retail — 3.1%,Haverty Furniture Companies Inc.,"8,606","1,81,759",,
ESML,iShares ESG Aware MSCI USA Small-Cap ETF,31/08/20,Specialty Retail — 3.1%,Hibbett Sports Inc.,"7,049","2,35,225",,
ESML,iShares ESG Aware MSCI USA Small-Cap ETF,31/08/20,Specialty Retail — 3.1%,L Brands Inc.,"24,195","7,11,333",,
ESML,iShares ESG Aware MSCI USA Small-Cap ETF,31/08/20,Specialty Retail — 3.1%,"Lithia Motors Inc., Class A","2,561","6,37,587",,
ESML,iShares ESG Aware MSCI USA Small-Cap ETF,31/08/20,Specialty Retail — 3.1%,MarineMax Inc.,"6,761","1,98,841",,
ESML,iShares ESG Aware MSCI USA Small-Cap ETF,31/08/20,Specialty Retail — 3.1%,Monro Inc.,"4,700","2,16,623",,
ESML,iShares ESG Aware MSCI USA Small-Cap ETF,31/08/20,Specialty Retail — 3.1%,Murphy USA Inc.,"4,016","5,41,598",,
ESML,iShares ESG Aware MSCI USA Small-Cap ETF,31/08/20,Specialty Retail — 3.1%,National Vision Holdings Inc.,"9,418","3,53,834",,
ESML,iShares ESG Aware MSCI USA Small-Cap ETF,31/08/20,Specialty Retail — 3.1%,ODP Corp. (The),"8,728","2,04,061",,
ESML,iShares ESG Aware MSCI USA Small-Cap ETF,31/08/20,Specialty Retail — 3.1%,Rent-A-Center Inc./TX,"8,315","2,55,270",,
ESML,iShares ESG Aware MSCI USA Small-Cap ETF,31/08/20,Specialty Retail — 3.1%,RH,"1,618","5,34,830",,
ESML,iShares ESG Aware MSCI USA Small-Cap ETF,31/08/20,Specialty Retail — 3.1%,Sally Beauty Holdings Inc.,"14,667","1,63,684",,
ESML,iShares ESG Aware MSCI USA Small-Cap ETF,31/08/20,Specialty Retail — 3.1%,Sleep Number Corp.,"4,353","2,08,944",,
ESML,iShares ESG Aware MSCI USA Small-Cap ETF,31/08/20,Specialty Retail — 3.1%,Urban Outfitters Inc.,"9,274","2,18,310",,
ESML,iShares ESG Aware MSCI USA Small-Cap ETF,31/08/20,Specialty Retail — 3.1%,Williams-Sonoma Inc.,"9,717","8,52,764",,
ESML,iShares ESG Aware MSCI USA Small-Cap ETF,31/08/20,Specialty Retail — 3.1%,Zumiez Inc.,"7,827","2,00,997","1,11,96,230",
ESML,iShares ESG Aware MSCI USA Small-Cap ETF,31/08/20,"Technology Hardware, Storage & Peripherals — 0.3%",NCR Corp.,"14,735","3,01,183",,
ESML,iShares ESG Aware MSCI USA Small-Cap ETF,31/08/20,"Technology Hardware, Storage & Peripherals — 0.3%","Pure Storage Inc., Class A","21,872","3,33,767",,
ESML,iShares ESG Aware MSCI USA Small-Cap ETF,31/08/20,"Technology Hardware, Storage & Peripherals — 0.3%",Xerox Holdings Corp.,"23,945","4,51,603","10,86,553",
ESML,iShares ESG Aware MSCI USA Small-Cap ETF,31/08/20,"Textiles, Apparel & Luxury Goods — 1.5%",Capri Holdings Ltd.,"11,549","1,82,936",,
ESML,iShares ESG Aware MSCI USA Small-Cap ETF,31/08/20,"Textiles, Apparel & Luxury Goods — 1.5%",Carter’s Inc.,"6,207","4,94,201",,
ESML,iShares ESG Aware MSCI USA Small-Cap ETF,31/08/20,"Textiles, Apparel & Luxury Goods — 1.5%",Columbia Sportswear Co.,"5,861","5,01,526",,
ESML,iShares ESG Aware MSCI USA Small-Cap ETF,31/08/20,"Textiles, Apparel & Luxury Goods — 1.5%",Crocs Inc.,"8,781","3,50,450",,
ESML,iShares ESG Aware MSCI USA Small-Cap ETF,31/08/20,"Textiles, Apparel & Luxury Goods — 1.5%",Deckers Outdoor Corp.,"3,894","7,93,870",,
ESML,iShares ESG Aware MSCI USA Small-Cap ETF,31/08/20,"Textiles, Apparel & Luxury Goods — 1.5%",Hanesbrands Inc.,"43,556","6,65,971",,
ESML,iShares ESG Aware MSCI USA Small-Cap ETF,31/08/20,"Textiles, Apparel & Luxury Goods — 1.5%",Kontoor Brands Inc.,"8,383","1,85,264",,
ESML,iShares ESG Aware MSCI USA Small-Cap ETF,31/08/20,"Textiles, Apparel & Luxury Goods — 1.5%","Levi Strauss & Co., Class A","19,511","2,40,376",,
ESML,iShares ESG Aware MSCI USA Small-Cap ETF,31/08/20,"Textiles, Apparel & Luxury Goods — 1.5%",Oxford Industries Inc.,"4,029","1,99,556",,
ESML,iShares ESG Aware MSCI USA Small-Cap ETF,31/08/20,"Textiles, Apparel & Luxury Goods — 1.5%",PVH Corp.,"10,046","5,60,165",,
ESML,iShares ESG Aware MSCI USA Small-Cap ETF,31/08/20,"Textiles, Apparel & Luxury Goods — 1.5%","Skechers U.S.A. Inc., Class A","6,290","1,87,756",,
ESML,iShares ESG Aware MSCI USA Small-Cap ETF,31/08/20,"Textiles, Apparel & Luxury Goods — 1.5%",Steven Madden Ltd.,"8,943","1,89,234",,
ESML,iShares ESG Aware MSCI USA Small-Cap ETF,31/08/20,"Textiles, Apparel & Luxury Goods — 1.5%",Tapestry Inc.,"27,646","4,07,226",,
ESML,iShares ESG Aware MSCI USA Small-Cap ETF,31/08/20,"Textiles, Apparel & Luxury Goods — 1.5%","Under Armour Inc., Class A","19,754","1,93,787",,
ESML,iShares ESG Aware MSCI USA Small-Cap ETF,31/08/20,"Textiles, Apparel & Luxury Goods — 1.5%","Under Armour Inc., Class C, NVS","21,792","1,92,859",,
ESML,iShares ESG Aware MSCI USA Small-Cap ETF,31/08/20,"Textiles, Apparel & Luxury Goods — 1.5%",Wolverine World Wide Inc.,"13,863","3,46,298","56,91,475",
ESML,iShares ESG Aware MSCI USA Small-Cap ETF,31/08/20,Thrifts & Mortgage Finance — 1.1% ,Columbia Financial Inc.,"19,257","2,05,472",,
ESML,iShares ESG Aware MSCI USA Small-Cap ETF,31/08/20,Thrifts & Mortgage Finance — 1.1%,Essent Group Ltd.,"7,144","2,55,041",,
ESML,iShares ESG Aware MSCI USA Small-Cap ETF,31/08/20,Thrifts & Mortgage Finance — 1.1%,"Federal Agricultural Mortgage Corp., Class C, NVS","3,627","2,47,180",,
ESML,iShares ESG Aware MSCI USA Small-Cap ETF,31/08/20,Thrifts & Mortgage Finance — 1.1%,HomeStreet Inc.,"7,907","2,16,414",,
ESML,iShares ESG Aware MSCI USA Small-Cap ETF,31/08/20,Thrifts & Mortgage Finance — 1.1%,Meta Financial Group Inc.,"9,468","1,82,543",,
ESML,iShares ESG Aware MSCI USA Small-Cap ETF,31/08/20,Thrifts & Mortgage Finance — 1.1%,MGIC Investment Corp.,"49,404","4,53,035",,
ESML,iShares ESG Aware MSCI USA Small-Cap ETF,31/08/20,Thrifts & Mortgage Finance — 1.1%,Mr Cooper Group Inc.,"13,560","2,48,487",,
ESML,iShares ESG Aware MSCI USA Small-Cap ETF,31/08/20,Thrifts & Mortgage Finance — 1.1%,New York Community Bancorp. Inc.,"60,334","5,46,023",,
ESML,iShares ESG Aware MSCI USA Small-Cap ETF,31/08/20,Thrifts & Mortgage Finance — 1.1%,PennyMac Financial Services Inc.,"8,675","4,57,346",,
ESML,iShares ESG Aware MSCI USA Small-Cap ETF,31/08/20,Thrifts & Mortgage Finance — 1.1%,Premier Financial Corp.,"10,145","1,85,400",,
ESML,iShares ESG Aware MSCI USA Small-Cap ETF,31/08/20,Thrifts & Mortgage Finance — 1.1%,Provident Financial Services Inc.,"13,435","1,77,073",,
ESML,iShares ESG Aware MSCI USA Small-Cap ETF,31/08/20,Thrifts & Mortgage Finance — 1.1%,Radian Group Inc.,"13,897","2,14,570",,
ESML,iShares ESG Aware MSCI USA Small-Cap ETF,31/08/20,Thrifts & Mortgage Finance — 1.1%,TFS Financial Corp.,"19,317","2,98,447",,
ESML,iShares ESG Aware MSCI USA Small-Cap ETF,31/08/20,Thrifts & Mortgage Finance — 1.1%,Washington Federal Inc.,"10,011","2,34,758",,
ESML,iShares ESG Aware MSCI USA Small-Cap ETF,31/08/20,Thrifts & Mortgage Finance — 1.1%,WSFS Financial Corp.,"6,279","1,83,975","41,05,764",
ESML,iShares ESG Aware MSCI USA Small-Cap ETF,31/08/20,Trading Companies & Distributors — 1.1%,Air Lease Corp.,"10,246","3,18,446",,
ESML,iShares ESG Aware MSCI USA Small-Cap ETF,31/08/20,Trading Companies & Distributors — 1.1%,Applied Industrial Technologies Inc.,"2,987","1,79,847",,
ESML,iShares ESG Aware MSCI USA Small-Cap ETF,31/08/20,Trading Companies & Distributors — 1.1%,Beacon Roofing Supply Inc.,"7,975","2,70,273",,
ESML,iShares ESG Aware MSCI USA Small-Cap ETF,31/08/20,Trading Companies & Distributors — 1.1%,GATX Corp.,"4,978","3,32,929",,
ESML,iShares ESG Aware MSCI USA Small-Cap ETF,31/08/20,Trading Companies & Distributors — 1.1%,GMS Inc.,"7,193","1,90,542",,
ESML,iShares ESG Aware MSCI USA Small-Cap ETF,31/08/20,Trading Companies & Distributors — 1.1%,Herc Holdings Inc.,"4,484","1,83,620",,
ESML,iShares ESG Aware MSCI USA Small-Cap ETF,31/08/20,Trading Companies & Distributors — 1.1%,"MSC Industrial Direct Co. Inc., Class A","2,802","1,84,652",,
ESML,iShares ESG Aware MSCI USA Small-Cap ETF,31/08/20,Trading Companies & Distributors — 1.1%,"Rush Enterprises Inc., Class A","3,674","1,77,528",,
ESML,iShares ESG Aware MSCI USA Small-Cap ETF,31/08/20,Trading Companies & Distributors — 1.1%,SiteOne Landscape Supply Inc. (a)(b),"5,438","6,80,022",,
ESML,iShares ESG Aware MSCI USA Small-Cap ETF,31/08/20,Trading Companies & Distributors — 1.1%,Triton International Ltd.,"10,166","3,66,586",,
ESML,iShares ESG Aware MSCI USA Small-Cap ETF,31/08/20,Trading Companies & Distributors — 1.1%,Univar Solutions Inc.,"10,165","1,84,901",,
ESML,iShares ESG Aware MSCI USA Small-Cap ETF,31/08/20,Trading Companies & Distributors — 1.1%,Watsco Inc.,"2,568","6,29,134",,
ESML,iShares ESG Aware MSCI USA Small-Cap ETF,31/08/20,Trading Companies & Distributors — 1.1%,WESCO International Inc.,"7,667","3,59,199","40,57,679",
ESML,iShares ESG Aware MSCI USA Small-Cap ETF,31/08/20,Transportation Infrastructure — 0.1%,Macquarie Infrastructure Corp.,"10,725","3,00,515","3,00,515",
ESML,iShares ESG Aware MSCI USA Small-Cap ETF,31/08/20,Water Utilities — 0.2%,American States Water Co.,"5,709","4,34,341",,
ESML,iShares ESG Aware MSCI USA Small-Cap ETF,31/08/20,Water Utilities — 0.2%,California Water Service Group,"5,109","2,31,642",,
ESML,iShares ESG Aware MSCI USA Small-Cap ETF,31/08/20,Water Utilities — 0.2%,SJW Group,"3,294","2,05,974","8,71,957",
ESML,iShares ESG Aware MSCI USA Small-Cap ETF,31/08/20,Wireless Telecommunication Services — 0.2%,Boingo Wireless Inc.,"13,467","1,74,936",,
ESML,iShares ESG Aware MSCI USA Small-Cap ETF,31/08/20,Wireless Telecommunication Services — 0.2%,Shenandoah Telecommunications Co.,"6,183","3,41,920",,
ESML,iShares ESG Aware MSCI USA Small-Cap ETF,31/08/20,Wireless Telecommunication Services — 0.2%,Telephone and Data Systems Inc.,"7,592","1,75,603","6,92,459",365468253
ESML,iShares ESG Aware MSCI USA Small-Cap ETF,31/08/20,MONEY MARKET FUNDS — 3.9%,"BlackRock Cash Funds: Institutional, SL Agency Shares, 0.37%(d)(e)(f)","1,38,35,851","1,38,49,687",,
ESML,iShares ESG Aware MSCI USA Small-Cap ETF,31/08/20,MONEY MARKET FUNDS — 3.9%,"BlackRock Cash Funds: Treasury, SL Agency Shares","3,60,000","3,60,000","1,42,09,687","1,42,09,687"