etf_ticker,etf_name,date,sector,security,shares,value,total_value,total_overall_value
ESML,iShares MSCI USA Small-Cap ESG Optimized ETF,31/08/18,Aerospace & Defense — 2.2%,Aerovironment Inc.,66,"5,805",,
ESML,iShares MSCI USA Small-Cap ESG Optimized ETF,31/08/18,Aerospace & Defense — 2.2%,Astronics Corp.,153,"6,657",,
ESML,iShares MSCI USA Small-Cap ESG Optimized ETF,31/08/18,Aerospace & Defense — 2.2%,Axon Enterprise Inc.,213,"14,539",,
ESML,iShares MSCI USA Small-Cap ESG Optimized ETF,31/08/18,Aerospace & Defense — 2.2%,BWX Technologies Inc.,629,"38,570",,
ESML,iShares MSCI USA Small-Cap ESG Optimized ETF,31/08/18,Aerospace & Defense — 2.2%,Cubic Corp.,196,"14,837",,
ESML,iShares MSCI USA Small-Cap ESG Optimized ETF,31/08/18,Aerospace & Defense — 2.2%,Curtiss-Wright Corp.,167,"22,370",,
ESML,iShares MSCI USA Small-Cap ESG Optimized ETF,31/08/18,Aerospace & Defense — 2.2%,Esterline Technologies Corp.,137,"11,775",,
ESML,iShares MSCI USA Small-Cap ESG Optimized ETF,31/08/18,Aerospace & Defense — 2.2%,HEICO Corp.,98,"8,887",,
ESML,iShares MSCI USA Small-Cap ESG Optimized ETF,31/08/18,Aerospace & Defense — 2.2%,"HEICO Corp., Class A",165,"12,292",,
ESML,iShares MSCI USA Small-Cap ESG Optimized ETF,31/08/18,Aerospace & Defense — 2.2%,Hexcel Corp.,505,"33,391",,
ESML,iShares MSCI USA Small-Cap ESG Optimized ETF,31/08/18,Aerospace & Defense — 2.2%,KeyW Holding Corp. (The),801,"6,817",,
ESML,iShares MSCI USA Small-Cap ESG Optimized ETF,31/08/18,Aerospace & Defense — 2.2%,KLX Inc.,214,"15,802",,
ESML,iShares MSCI USA Small-Cap ESG Optimized ETF,31/08/18,Aerospace & Defense — 2.2%,Mercury Systems Inc.,180,"9,812",,
ESML,iShares MSCI USA Small-Cap ESG Optimized ETF,31/08/18,Aerospace & Defense — 2.2%,"Moog Inc., Class A",219,"17,281",,
ESML,iShares MSCI USA Small-Cap ESG Optimized ETF,31/08/18,Aerospace & Defense — 2.2%,Teledyne Technologies Inc.,108,"25,624",,
ESML,iShares MSCI USA Small-Cap ESG Optimized ETF,31/08/18,Aerospace & Defense — 2.2%,Wesco Aircraft Holdings Inc.,607,"7,375","2,51,834",
ESML,iShares MSCI USA Small-Cap ESG Optimized ETF,31/08/18,Air Freight & Logistics — 0.2%,Echo Global Logistics Inc.,256,"8,499",,
ESML,iShares MSCI USA Small-Cap ESG Optimized ETF,31/08/18,Air Freight & Logistics — 0.2%,"Hub Group Inc., Class A",232,"12,261","20,760",
ESML,iShares MSCI USA Small-Cap ESG Optimized ETF,31/08/18,Auto Components — 1.1%,Adient PLC,137,"5,931",,
ESML,iShares MSCI USA Small-Cap ESG Optimized ETF,31/08/18,Auto Components — 1.1%,American Axle & Manufacturing Holdings Inc.,447,"7,916",,
ESML,iShares MSCI USA Small-Cap ESG Optimized ETF,31/08/18,Auto Components — 1.1%,Cooper-Standard Holdings Inc.,82,"11,351",,
ESML,iShares MSCI USA Small-Cap ESG Optimized ETF,31/08/18,Auto Components — 1.1%,Dana Inc.,283,"5,538",,
ESML,iShares MSCI USA Small-Cap ESG Optimized ETF,31/08/18,Auto Components — 1.1%,Delphi Technologies PLC,141,"4,968",,
ESML,iShares MSCI USA Small-Cap ESG Optimized ETF,31/08/18,Auto Components — 1.1%,Dorman Products Inc.,96,"7,774",,
ESML,iShares MSCI USA Small-Cap ESG Optimized ETF,31/08/18,Auto Components — 1.1%,Fox Factory Holding Corp.,109,"7,200",,
ESML,iShares MSCI USA Small-Cap ESG Optimized ETF,31/08/18,Auto Components — 1.1%,Gentex Corp.,490,"11,456",,
ESML,iShares MSCI USA Small-Cap ESG Optimized ETF,31/08/18,Auto Components — 1.1%,Gentherm Inc.,186,"9,151",,
ESML,iShares MSCI USA Small-Cap ESG Optimized ETF,31/08/18,Auto Components — 1.1%,LCI Industries,60,"5,577",,
ESML,iShares MSCI USA Small-Cap ESG Optimized ETF,31/08/18,Auto Components — 1.1%,Modine Manufacturing Co.,459,"7,734",,
ESML,iShares MSCI USA Small-Cap ESG Optimized ETF,31/08/18,Auto Components — 1.1%,Tenneco Inc.,389,"16,645",,
ESML,iShares MSCI USA Small-Cap ESG Optimized ETF,31/08/18,Auto Components — 1.1%,Veoneer Inc.,232,"11,586",,
ESML,iShares MSCI USA Small-Cap ESG Optimized ETF,31/08/18,Auto Components — 1.1%,Visteon Corp.,112,"12,364","1,25,191",
ESML,iShares MSCI USA Small-Cap ESG Optimized ETF,31/08/18,Automobiles — 0.1%,Thor Industries Inc.,103,"9,830","9,830",
ESML,iShares MSCI USA Small-Cap ESG Optimized ETF,31/08/18,Banks — 8.1%,Ameris Bancorp.,163,"8,093",,
ESML,iShares MSCI USA Small-Cap ESG Optimized ETF,31/08/18,Banks — 8.1%,BancFirst Corp.,163,"10,399",,
ESML,iShares MSCI USA Small-Cap ESG Optimized ETF,31/08/18,Banks — 8.1%,BancorpSouth Bank,720,"25,056",,
ESML,iShares MSCI USA Small-Cap ESG Optimized ETF,31/08/18,Banks — 8.1%,Bank of Hawaii Corp.,567,"47,135",,
ESML,iShares MSCI USA Small-Cap ESG Optimized ETF,31/08/18,Banks — 8.1%,Bank OZK,400,"16,184",,
ESML,iShares MSCI USA Small-Cap ESG Optimized ETF,31/08/18,Banks — 8.1%,BankUnited Inc.,360,"13,964",,
ESML,iShares MSCI USA Small-Cap ESG Optimized ETF,31/08/18,Banks — 8.1%,Banner Corp.,164,"10,550",,
ESML,iShares MSCI USA Small-Cap ESG Optimized ETF,31/08/18,Banks — 8.1%,BOK Financial Corp.,77,"7,896",,
ESML,iShares MSCI USA Small-Cap ESG Optimized ETF,31/08/18,Banks — 8.1%,Bryn Mawr Bank Corp.,115,"5,612",,
ESML,iShares MSCI USA Small-Cap ESG Optimized ETF,31/08/18,Banks — 8.1%,Cadence BanCorp,202,"5,707",,
ESML,iShares MSCI USA Small-Cap ESG Optimized ETF,31/08/18,Banks — 8.1%,Chemical Financial Corp.,280,"15,994",,
ESML,iShares MSCI USA Small-Cap ESG Optimized ETF,31/08/18,Banks — 8.1%,Columbia Banking System Inc.,350,"14,788",,
ESML,iShares MSCI USA Small-Cap ESG Optimized ETF,31/08/19,Banks — 8.1%,Commerce Bancshares Inc./MO,79,"5,614",,
ESML,iShares MSCI USA Small-Cap ESG Optimized ETF,31/08/18,Banks — 8.1%,Community Trust Bancorp. Inc.,112,"5,533",,
ESML,iShares MSCI USA Small-Cap ESG Optimized ETF,31/08/18,Banks — 8.1%,Cullen/Frost Bankers Inc.,382,"42,360",,
ESML,iShares MSCI USA Small-Cap ESG Optimized ETF,31/08/18,Banks — 8.1%,CVB Financial Corp.,860,"20,683",,
ESML,iShares MSCI USA Small-Cap ESG Optimized ETF,31/08/18,Banks — 8.1%,"FCB Financial Holdings Inc., Class A",168,"8,702",,
ESML,iShares MSCI USA Small-Cap ESG Optimized ETF,31/08/18,Banks — 8.1%,First Financial Bancorp.,760,"23,864",,
ESML,iShares MSCI USA Small-Cap ESG Optimized ETF,31/08/19,Banks — 8.1%,First Financial Bankshares Inc.,549,"33,160",,
ESML,iShares MSCI USA Small-Cap ESG Optimized ETF,31/08/20,Banks — 8.1%,First Hawaiian Inc.,186,"5,392",,
ESML,iShares MSCI USA Small-Cap ESG Optimized ETF,31/08/18,Banks — 8.1%,"First Interstate BancSystem Inc., Class A",392,"18,208",,
ESML,iShares MSCI USA Small-Cap ESG Optimized ETF,31/08/18,Banks — 8.1%,Fulton Financial Corp.,"1,815","33,033",,
ESML,iShares MSCI USA Small-Cap ESG Optimized ETF,31/08/18,Banks — 8.1%,Glacier Bancorp. Inc.,294,"13,430",,
ESML,iShares MSCI USA Small-Cap ESG Optimized ETF,31/08/18,Banks — 8.1%,Great Western Bancorp. Inc.,612,"26,647",,
ESML,iShares MSCI USA Small-Cap ESG Optimized ETF,31/08/18,Banks — 8.1%,Guaranty Bancorp.,181,"5,656",,
ESML,iShares MSCI USA Small-Cap ESG Optimized ETF,31/08/18,Banks — 8.1%,Hancock Whitney Corp.,193,"9,949",,
ESML,iShares MSCI USA Small-Cap ESG Optimized ETF,31/08/18,Banks — 8.1%,Heartland Financial USA Inc.,153,"9,302",,
ESML,iShares MSCI USA Small-Cap ESG Optimized ETF,31/08/18,Banks — 8.1%,Heritage Financial Corp./WA,198,"7,187",,
ESML,iShares MSCI USA Small-Cap ESG Optimized ETF,31/08/18,Banks — 8.1%,HomeTrust Bancshares Inc.(a),291,"8,381",,
ESML,iShares MSCI USA Small-Cap ESG Optimized ETF,31/08/18,Banks — 8.1%,Independent Bank Corp./Rockland MA,73,"6,650",,
ESML,iShares MSCI USA Small-Cap ESG Optimized ETF,31/08/19,Banks — 8.1%,International Bancshares Corp.,"1,027","48,115",,
ESML,iShares MSCI USA Small-Cap ESG Optimized ETF,31/08/20,Banks — 8.1%,Investors Bancorp. Inc.,"1,959","25,075",,
ESML,iShares MSCI USA Small-Cap ESG Optimized ETF,31/08/21,Banks — 8.1%,LegacyTexas Financial Group Inc.,235,"10,873",,
ESML,iShares MSCI USA Small-Cap ESG Optimized ETF,31/08/22,Banks — 8.1%,Live Oak Bancshares Inc.,188,"5,687",,
ESML,iShares MSCI USA Small-Cap ESG Optimized ETF,31/08/18,Banks — 8.1%,MB Financial Inc.,426,"20,644",,
ESML,iShares MSCI USA Small-Cap ESG Optimized ETF,31/08/18,Banks — 8.1%,"National Bank Holdings Corp., Class A",344,"13,812",,
ESML,iShares MSCI USA Small-Cap ESG Optimized ETF,31/08/18,Banks — 8.1%,NBT Bancorp. Inc.,140,"5,667",,
ESML,iShares MSCI USA Small-Cap ESG Optimized ETF,31/08/19,Banks — 8.1%,Old Line Bancshares Inc.,212,"7,250",,
ESML,iShares MSCI USA Small-Cap ESG Optimized ETF,31/08/20,Banks — 8.1%,Opus Bank,312,"8,845",,
ESML,iShares MSCI USA Small-Cap ESG Optimized ETF,31/08/21,Banks — 8.1%,PacWest Bancorp.,227,"11,461",,
ESML,iShares MSCI USA Small-Cap ESG Optimized ETF,31/08/22,Banks — 8.1%,Pinnacle Financial Partners Inc.,401,"25,885",,
ESML,iShares MSCI USA Small-Cap ESG Optimized ETF,31/08/23,Banks — 8.1%,Popular Inc.,288,"14,498",,
ESML,iShares MSCI USA Small-Cap ESG Optimized ETF,31/08/24,Banks — 8.1%,QCR Holdings Inc.,180,"7,830",,
ESML,iShares MSCI USA Small-Cap ESG Optimized ETF,31/08/25,Banks — 8.1%,ServisFirst Bancshares Inc.,174,"7,499",,
ESML,iShares MSCI USA Small-Cap ESG Optimized ETF,31/08/26,Banks — 8.1%,"Simmons First National Corp., Class A",543,"17,159",,
ESML,iShares MSCI USA Small-Cap ESG Optimized ETF,31/08/27,Banks — 8.1%,South State Corp.,155,"12,780",,
ESML,iShares MSCI USA Small-Cap ESG Optimized ETF,31/08/28,Banks — 8.1%,State Bank Financial Corp.,620,"20,200",,
ESML,iShares MSCI USA Small-Cap ESG Optimized ETF,31/08/29,Banks — 8.1%,Sterling Bancorp./DE,472,"10,785",,
ESML,iShares MSCI USA Small-Cap ESG Optimized ETF,31/08/30,Banks — 8.1%,Texas Capital Bancshares Inc.(a),233,"20,714",,
ESML,iShares MSCI USA Small-Cap ESG Optimized ETF,31/08/31,Banks — 8.1%,TriState Capital Holdings Inc.,265,"7,884",,
ESML,iShares MSCI USA Small-Cap ESG Optimized ETF,31/08/32,Banks — 8.1%,Triumph Bancorp. Inc.,140,"5,943",,
ESML,iShares MSCI USA Small-Cap ESG Optimized ETF,31/08/33,Banks — 8.1%,Trustmark Corp.,276,"9,792",,
ESML,iShares MSCI USA Small-Cap ESG Optimized ETF,31/08/34,Banks — 8.1%,UMB Financial Corp.,167,"12,565",,
ESML,iShares MSCI USA Small-Cap ESG Optimized ETF,31/08/35,Banks — 8.1%,Umpqua Holdings Corp.,959,"20,523",,
ESML,iShares MSCI USA Small-Cap ESG Optimized ETF,31/08/36,Banks — 8.1%,Union Bankshares Corp.,264,"10,982",,
ESML,iShares MSCI USA Small-Cap ESG Optimized ETF,31/08/37,Banks — 8.1%,Univest Corp. of Pennsylvania,194,"5,529",,
ESML,iShares MSCI USA Small-Cap ESG Optimized ETF,31/08/38,Banks — 8.1%,Webster Financial Corp.,354,"23,145",,
ESML,iShares MSCI USA Small-Cap ESG Optimized ETF,31/08/39,Banks — 8.1%,Westamerica Bancorp.,170,"10,885",,
ESML,iShares MSCI USA Small-Cap ESG Optimized ETF,31/08/18,Banks — 8.1%,Western Alliance Bancorp.,578,"33,322",,
ESML,iShares MSCI USA Small-Cap ESG Optimized ETF,31/08/18,Banks — 8.1%,Wintrust Financial Corp.,291,"25,768","9,26,246",
ESML,iShares MSCI USA Small-Cap ESG Optimized ETF,31/08/18,Biotechnology — 5.0%,ACADIA Pharmaceuticals Inc.,526,"7,480",,
ESML,iShares MSCI USA Small-Cap ESG Optimized ETF,31/08/18,Biotechnology — 5.0%,Acceleron Pharma Inc.,162,"8,751",,
ESML,iShares MSCI USA Small-Cap ESG Optimized ETF,31/08/18,Biotechnology — 5.0%,Agios Pharmaceuticals Inc.,159,"12,834",,
ESML,iShares MSCI USA Small-Cap ESG Optimized ETF,31/08/18,Biotechnology — 5.0%,Aimmune Therapeutics Inc.,209,"5,833",,
ESML,iShares MSCI USA Small-Cap ESG Optimized ETF,31/08/18,Biotechnology — 5.0%,Alder Biopharmaceuticals Inc. (a)(b),299,"5,412",,
ESML,iShares MSCI USA Small-Cap ESG Optimized ETF,31/08/18,Biotechnology — 5.0%,AMAG Pharmaceuticals Inc. (a)(b),226,"5,514",,
ESML,iShares MSCI USA Small-Cap ESG Optimized ETF,31/08/18,Biotechnology — 5.0%,Amicus Therapeutics Inc.,607,"8,182",,
ESML,iShares MSCI USA Small-Cap ESG Optimized ETF,31/08/18,Biotechnology — 5.0%,AnaptysBio Inc.,69,"6,116",,
ESML,iShares MSCI USA Small-Cap ESG Optimized ETF,31/08/18,Biotechnology — 5.0%,Arena Pharmaceuticals Inc.,156,"6,059",,
ESML,iShares MSCI USA Small-Cap ESG Optimized ETF,31/08/18,Biotechnology — 5.0%,Array BioPharma Inc.,593,"9,233",,
ESML,iShares MSCI USA Small-Cap ESG Optimized ETF,31/08/18,Biotechnology — 5.0%,Atara Biotherapeutics Inc. (a)(b),154,"6,306",,
ESML,iShares MSCI USA Small-Cap ESG Optimized ETF,31/08/18,Biotechnology — 5.0%,Audentes Therapeutics Inc.,163,"5,933",,
ESML,iShares MSCI USA Small-Cap ESG Optimized ETF,31/08/18,Biotechnology — 5.0%,BioCryst Pharmaceuticals Inc.,797,"5,707",,
ESML,iShares MSCI USA Small-Cap ESG Optimized ETF,31/08/18,Biotechnology — 5.0%,Bluebird Bio Inc.,167,"28,106",,
ESML,iShares MSCI USA Small-Cap ESG Optimized ETF,31/08/18,Biotechnology — 5.0%,Blueprint Medicines Corp.,119,"9,124",,
ESML,iShares MSCI USA Small-Cap ESG Optimized ETF,31/08/18,Biotechnology — 5.0%,Clovis Oncology Inc. (a)(b),157,"5,613",,
ESML,iShares MSCI USA Small-Cap ESG Optimized ETF,31/08/18,Biotechnology — 5.0%,Coherus Biosciences Inc.,292,"5,884",,
ESML,iShares MSCI USA Small-Cap ESG Optimized ETF,31/08/18,Biotechnology — 5.0%,Denali Therapeutics Inc.,352,"6,910",,
ESML,iShares MSCI USA Small-Cap ESG Optimized ETF,31/08/18,Biotechnology — 5.0%,Eagle Pharmaceuticals Inc./DE,72,"4,977",,
ESML,iShares MSCI USA Small-Cap ESG Optimized ETF,31/08/18,Biotechnology — 5.0%,Editas Medicine Inc. (a)(b),181,"5,942",,
ESML,iShares MSCI USA Small-Cap ESG Optimized ETF,31/08/18,Biotechnology — 5.0%,Emergent BioSolutions Inc.,99,"6,138",,
ESML,iShares MSCI USA Small-Cap ESG Optimized ETF,31/08/18,Biotechnology — 5.0%,Enanta Pharmaceuticals Inc.,61,"5,547",,
ESML,iShares MSCI USA Small-Cap ESG Optimized ETF,31/08/18,Biotechnology — 5.0%,Esperion Therapeutics Inc.,115,"5,691",,
ESML,iShares MSCI USA Small-Cap ESG Optimized ETF,31/08/18,Biotechnology — 5.0%,Exact Sciences Corp.,295,"22,093",,
ESML,iShares MSCI USA Small-Cap ESG Optimized ETF,31/08/18,Biotechnology — 5.0%,Exelixis Inc.,690,"12,965",,
ESML,iShares MSCI USA Small-Cap ESG Optimized ETF,31/08/18,Biotechnology — 5.0%,FibroGen Inc.,257,"15,716",,
ESML,iShares MSCI USA Small-Cap ESG Optimized ETF,31/08/18,Biotechnology — 5.0%,Flexion Therapeutics Inc.,265,"6,068",,
ESML,iShares MSCI USA Small-Cap ESG Optimized ETF,31/08/18,Biotechnology — 5.0%,G1 Therapeutics Inc.,98,"5,947",,
ESML,iShares MSCI USA Small-Cap ESG Optimized ETF,31/08/18,Biotechnology — 5.0%,Global Blood Therapeutics Inc.,158,"7,734",,
ESML,iShares MSCI USA Small-Cap ESG Optimized ETF,31/08/18,Biotechnology — 5.0%,Halozyme Therapeutics Inc.,411,"7,567",,
ESML,iShares MSCI USA Small-Cap ESG Optimized ETF,31/08/18,Biotechnology — 5.0%,Heron Therapeutics Inc.,150,"5,783",,
ESML,iShares MSCI USA Small-Cap ESG Optimized ETF,31/08/18,Biotechnology — 5.0%,ImmunoGen Inc.,611,"6,226",,
ESML,iShares MSCI USA Small-Cap ESG Optimized ETF,31/08/18,Biotechnology — 5.0%,Immunomedics Inc.,353,"9,446",,
ESML,iShares MSCI USA Small-Cap ESG Optimized ETF,31/08/18,Biotechnology — 5.0%,Insmed Inc. (a)(b),310,"6,178",,
ESML,iShares MSCI USA Small-Cap ESG Optimized ETF,31/08/18,Biotechnology — 5.0%,Intercept Pharmaceuticals Inc.,56,"6,261",,
ESML,iShares MSCI USA Small-Cap ESG Optimized ETF,31/08/18,Biotechnology — 5.0%,Ionis Pharmaceuticals Inc.,329,"15,032",,
ESML,iShares MSCI USA Small-Cap ESG Optimized ETF,31/08/18,Biotechnology — 5.0%,Iovance Biotherapeutics Inc.,410,"7,257",,
ESML,iShares MSCI USA Small-Cap ESG Optimized ETF,31/08/18,Biotechnology — 5.0%,Ironwood Pharmaceuticals Inc.,414,"7,965",,
ESML,iShares MSCI USA Small-Cap ESG Optimized ETF,31/08/18,Biotechnology — 5.0%,Karyopharm Therapeutics Inc.,315,"6,631",,
ESML,iShares MSCI USA Small-Cap ESG Optimized ETF,31/08/18,Biotechnology — 5.0%,Ligand Pharmaceuticals Inc.,68,"17,659",,
ESML,iShares MSCI USA Small-Cap ESG Optimized ETF,31/08/18,Biotechnology — 5.0%,Loxo Oncology Inc.,69,"11,660",,
ESML,iShares MSCI USA Small-Cap ESG Optimized ETF,31/08/18,Biotechnology — 5.0%,Madrigal Pharmaceuticals Inc.,23,"5,502",,
ESML,iShares MSCI USA Small-Cap ESG Optimized ETF,31/08/18,Biotechnology — 5.0%,MiMedx Group Inc. (a)(b),"1,457","7,722",,
ESML,iShares MSCI USA Small-Cap ESG Optimized ETF,31/08/18,Biotechnology — 5.0%,Mirati Therapeutics Inc.,100,"5,655",,
ESML,iShares MSCI USA Small-Cap ESG Optimized ETF,31/08/18,Biotechnology — 5.0%,Momenta Pharmaceuticals Inc.,202,"5,353",,
ESML,iShares MSCI USA Small-Cap ESG Optimized ETF,31/08/18,Biotechnology — 5.0%,Neurocrine Biosciences Inc.,244,"30,000",,
ESML,iShares MSCI USA Small-Cap ESG Optimized ETF,31/08/18,Biotechnology — 5.0%,OPKO Health Inc. (a)(b),"1,543","9,135",,
ESML,iShares MSCI USA Small-Cap ESG Optimized ETF,31/08/18,Biotechnology — 5.0%,Progenics Pharmaceuticals Inc.,717,"5,614",,
ESML,iShares MSCI USA Small-Cap ESG Optimized ETF,31/08/18,Biotechnology — 5.0%,PTC Therapeutics Inc.,130,"5,426",,
ESML,iShares MSCI USA Small-Cap ESG Optimized ETF,31/08/18,Biotechnology — 5.0%,Puma Biotechnology Inc. (a)(b),132,"5,801",,
ESML,iShares MSCI USA Small-Cap ESG Optimized ETF,31/08/18,Biotechnology — 5.0%,REGENXBIO Inc.,85,"5,988",,
ESML,iShares MSCI USA Small-Cap ESG Optimized ETF,31/08/18,Biotechnology — 5.0%,Repligen Corp.,238,"13,061",,
ESML,iShares MSCI USA Small-Cap ESG Optimized ETF,31/08/18,Biotechnology — 5.0%,Sage Therapeutics Inc.,140,"22,996",,
ESML,iShares MSCI USA Small-Cap ESG Optimized ETF,31/08/18,Biotechnology — 5.0%,Sangamo Therapeutics Inc.,358,"6,533",,
ESML,iShares MSCI USA Small-Cap ESG Optimized ETF,31/08/18,Biotechnology — 5.0%,Sarepta Therapeutics Inc.,217,"29,955",,
ESML,iShares MSCI USA Small-Cap ESG Optimized ETF,31/08/18,Biotechnology — 5.0%,Spark Therapeutics Inc. (a)(b),147,"9,057",,
ESML,iShares MSCI USA Small-Cap ESG Optimized ETF,31/08/18,Biotechnology — 5.0%,Spectrum Pharmaceuticals Inc.,243,"5,232",,
ESML,iShares MSCI USA Small-Cap ESG Optimized ETF,31/08/18,Biotechnology — 5.0%,TESARO Inc.,236,"7,658",,
ESML,iShares MSCI USA Small-Cap ESG Optimized ETF,31/08/18,Biotechnology — 5.0%,Ultragenyx Pharmaceutical Inc.,196,"16,607",,
ESML,iShares MSCI USA Small-Cap ESG Optimized ETF,31/08/18,Biotechnology — 5.0%,uniQure NV,148,"6,280",,
ESML,iShares MSCI USA Small-Cap ESG Optimized ETF,31/08/18,Biotechnology — 5.0%,Vanda Pharmaceuticals Inc.,265,"5,121",,
ESML,iShares MSCI USA Small-Cap ESG Optimized ETF,31/08/18,Biotechnology — 5.0%,ZIOPHARM Oncology Inc. (a)(b),"1,880","5,490","5,69,666",
ESML,iShares MSCI USA Small-Cap ESG Optimized ETF,31/08/18,Building Products — 0.6%,AAON Inc.,248,"10,019",,
ESML,iShares MSCI USA Small-Cap ESG Optimized ETF,31/08/18,Building Products — 0.6%,Advanced Drainage Systems Inc.,317,"9,938",,
ESML,iShares MSCI USA Small-Cap ESG Optimized ETF,31/08/18,Building Products — 0.6%,Armstrong Flooring Inc.,314,"5,498",,
ESML,iShares MSCI USA Small-Cap ESG Optimized ETF,31/08/18,Building Products — 0.6%,Armstrong World Industries Inc.,289,"20,172",,
ESML,iShares MSCI USA Small-Cap ESG Optimized ETF,31/08/18,Building Products — 0.6%,Builders FirstSource Inc.,537,"8,388",,
ESML,iShares MSCI USA Small-Cap ESG Optimized ETF,31/08/18,Building Products — 0.6%,Trex Co. Inc.,91,"7,708",,
ESML,iShares MSCI USA Small-Cap ESG Optimized ETF,31/08/18,Building Products — 0.6%,USG Corp.,216,"9,310","71,033",
ESML,iShares MSCI USA Small-Cap ESG Optimized ETF,31/08/18,Capital Markets — 1.9%,Donnelley Financial Solutions Inc.,313,"6,539",,
ESML,iShares MSCI USA Small-Cap ESG Optimized ETF,31/08/18,Capital Markets — 1.9%,"Evercore Inc., Class A",136,"14,436",,
ESML,iShares MSCI USA Small-Cap ESG Optimized ETF,31/08/18,Capital Markets — 1.9%,FactSet Research Systems Inc.,262,"60,100",,
ESML,iShares MSCI USA Small-Cap ESG Optimized ETF,31/08/18,Capital Markets — 1.9%,INTL. FCStone Inc.,140,"7,806",,
ESML,iShares MSCI USA Small-Cap ESG Optimized ETF,31/08/18,Capital Markets — 1.9%,Janus Henderson Group PLC,"1,587","44,833",,
ESML,iShares MSCI USA Small-Cap ESG Optimized ETF,31/08/18,Capital Markets — 1.9%,Legg Mason Inc.,852,"26,582",,
ESML,iShares MSCI USA Small-Cap ESG Optimized ETF,31/08/18,Capital Markets — 1.9%,LPL Financial Holdings Inc.,330,"21,859",,
ESML,iShares MSCI USA Small-Cap ESG Optimized ETF,31/08/18,Capital Markets — 1.9%,MarketAxess Holdings Inc.,89,"16,894",,
ESML,iShares MSCI USA Small-Cap ESG Optimized ETF,31/08/18,Capital Markets — 1.9%,"Moelis & Co., Class A",109,"6,328",,
ESML,iShares MSCI USA Small-Cap ESG Optimized ETF,31/08/18,Capital Markets — 1.9%,Morningstar Inc.,83,"11,813",,
ESML,iShares MSCI USA Small-Cap ESG Optimized ETF,31/08/18,Capital Markets — 1.9%,"Virtu Financial Inc., Class A",261,"5,690","2,22,880",
ESML,iShares MSCI USA Small-Cap ESG Optimized ETF,31/08/18,Chemicals — 1.4%,Ferro Corp.,265,"5,817",,
ESML,iShares MSCI USA Small-Cap ESG Optimized ETF,31/08/18,Chemicals — 1.4%,HB Fuller Co.,358,"20,402",,
ESML,iShares MSCI USA Small-Cap ESG Optimized ETF,31/08/18,Chemicals — 1.4%,Huntsman Corp.,242,"7,379",,
ESML,iShares MSCI USA Small-Cap ESG Optimized ETF,31/08/18,Chemicals — 1.4%,Ingevity Corp. (a)(b),65,"6,566",,
ESML,iShares MSCI USA Small-Cap ESG Optimized ETF,31/08/18,Chemicals — 1.4%,Innospec Inc.,160,"12,416",,
ESML,iShares MSCI USA Small-Cap ESG Optimized ETF,31/08/18,Chemicals — 1.4%,Kraton Corp.,125,"5,879",,
ESML,iShares MSCI USA Small-Cap ESG Optimized ETF,31/08/18,Chemicals — 1.4%,Minerals Technologies Inc.,470,"31,560",,
ESML,iShares MSCI USA Small-Cap ESG Optimized ETF,31/08/18,Chemicals — 1.4%,Platform Specialty Products Corp.,441,"5,848",,
ESML,iShares MSCI USA Small-Cap ESG Optimized ETF,31/08/18,Chemicals — 1.4%,PolyOne Corp.,126,"5,325",,
ESML,iShares MSCI USA Small-Cap ESG Optimized ETF,31/08/18,Chemicals — 1.4%,RPM International Inc.,173,"11,677",,
ESML,iShares MSCI USA Small-Cap ESG Optimized ETF,31/08/18,Chemicals — 1.4%,Scotts Miracle-Gro Co. (The),72,"5,380",,
ESML,iShares MSCI USA Small-Cap ESG Optimized ETF,31/08/18,Chemicals — 1.4%,Stepan Co.,95,"8,475",,
ESML,iShares MSCI USA Small-Cap ESG Optimized ETF,31/08/18,Chemicals — 1.4%,Trinseo SA,241,"18,593",,
ESML,iShares MSCI USA Small-Cap ESG Optimized ETF,31/08/18,Chemicals — 1.4%,"Tronox Ltd., Class A",375,"6,071",,
ESML,iShares MSCI USA Small-Cap ESG Optimized ETF,31/08/18,Chemicals — 1.4%,Valvoline Inc.,462,"9,942","1,61,330",
ESML,iShares MSCI USA Small-Cap ESG Optimized ETF,31/08/18,Commercial Services & Supplies — 3.1%,ABM Industries Inc.,391,"12,403",,
ESML,iShares MSCI USA Small-Cap ESG Optimized ETF,31/08/18,Commercial Services & Supplies — 3.1%,ACCO Brands Corp.,451,"5,592",,
ESML,iShares MSCI USA Small-Cap ESG Optimized ETF,31/08/18,Commercial Services & Supplies — 3.1%,"Brady Corp., Class A, NVS",538,"21,762",,
ESML,iShares MSCI USA Small-Cap ESG Optimized ETF,31/08/18,Commercial Services & Supplies — 3.1%,Brink’s Co. (The),91,"6,834",,
ESML,iShares MSCI USA Small-Cap ESG Optimized ETF,31/08/18,Commercial Services & Supplies — 3.1%,Cimpress NV,91,"12,740",,
ESML,iShares MSCI USA Small-Cap ESG Optimized ETF,31/08/18,Commercial Services & Supplies — 3.1%,Clean Harbors Inc.,116,"7,956",,
ESML,iShares MSCI USA Small-Cap ESG Optimized ETF,31/08/18,Commercial Services & Supplies — 3.1%,Covanta Holding Corp.,708,"12,496",,
ESML,iShares MSCI USA Small-Cap ESG Optimized ETF,31/08/18,Commercial Services & Supplies — 3.1%,Deluxe Corp.,90,"5,330",,
ESML,iShares MSCI USA Small-Cap ESG Optimized ETF,31/08/18,Commercial Services & Supplies — 3.1%,Essendant Inc.,362,"5,224",,
ESML,iShares MSCI USA Small-Cap ESG Optimized ETF,31/08/18,Commercial Services & Supplies — 3.1%,Healthcare Services Group Inc.,324,"13,352",,
ESML,iShares MSCI USA Small-Cap ESG Optimized ETF,31/08/18,Commercial Services & Supplies — 3.1%,Herman Miller Inc.,393,"15,052",,
ESML,iShares MSCI USA Small-Cap ESG Optimized ETF,31/08/18,Commercial Services & Supplies — 3.1%,HNI Corp.,130,"5,733",,
ESML,iShares MSCI USA Small-Cap ESG Optimized ETF,31/08/18,Commercial Services & Supplies — 3.1%,Interface Inc.,439,"10,338",,
ESML,iShares MSCI USA Small-Cap ESG Optimized ETF,31/08/18,Commercial Services & Supplies — 3.1%,KAR Auction Services Inc.,894,"56,045",,
ESML,iShares MSCI USA Small-Cap ESG Optimized ETF,31/08/18,Commercial Services & Supplies — 3.1%,Knoll Inc.,276,"6,497",,
ESML,iShares MSCI USA Small-Cap ESG Optimized ETF,31/08/18,Commercial Services & Supplies — 3.1%,"Matthews International Corp., Class A",399,"20,708",,
ESML,iShares MSCI USA Small-Cap ESG Optimized ETF,31/08/18,Commercial Services & Supplies — 3.1%,McGrath RentCorp.,172,"9,976",,
ESML,iShares MSCI USA Small-Cap ESG Optimized ETF,31/08/18,Commercial Services & Supplies — 3.1%,Mobile Mini Inc.,213,"9,138",,
ESML,iShares MSCI USA Small-Cap ESG Optimized ETF,31/08/18,Commercial Services & Supplies — 3.1%,MSA Safety Inc.,94,"9,503",,
ESML,iShares MSCI USA Small-Cap ESG Optimized ETF,31/08/18,Commercial Services & Supplies — 3.1%,Pitney Bowes Inc.,"1,872","13,591",,
ESML,iShares MSCI USA Small-Cap ESG Optimized ETF,31/08/18,Commercial Services & Supplies — 3.1%,Quad/Graphics Inc.,242,"5,510",,
ESML,iShares MSCI USA Small-Cap ESG Optimized ETF,31/08/18,Commercial Services & Supplies — 3.1%,RR Donnelley & Sons Co.,"1,089","5,510",,
ESML,iShares MSCI USA Small-Cap ESG Optimized ETF,31/08/18,Commercial Services & Supplies — 3.1%,SP Plus Corp.,240,"9,336",,
ESML,iShares MSCI USA Small-Cap ESG Optimized ETF,31/08/18,Commercial Services & Supplies — 3.1%,"Steelcase Inc., Class A",521,"7,607",,
ESML,iShares MSCI USA Small-Cap ESG Optimized ETF,31/08/18,Commercial Services & Supplies — 3.1%,Team Inc.,280,"6,524",,
ESML,iShares MSCI USA Small-Cap ESG Optimized ETF,31/08/18,Commercial Services & Supplies — 3.1%,Tetra Tech Inc.,364,"25,407",,
ESML,iShares MSCI USA Small-Cap ESG Optimized ETF,31/08/18,Commercial Services & Supplies — 3.1%,UniFirst Corp./MA,117,"21,668",,
ESML,iShares MSCI USA Small-Cap ESG Optimized ETF,31/08/18,Commercial Services & Supplies — 3.1%,Viad Corp.,221,"13,614","3,55,446",
ESML,iShares MSCI USA Small-Cap ESG Optimized ETF,31/08/18,Communications Equipment — 1.2%,ADTRAN Inc.,408,"7,017",,
ESML,iShares MSCI USA Small-Cap ESG Optimized ETF,31/08/18,Communications Equipment — 1.2%,ARRIS International PLC,446,"11,556",,
ESML,iShares MSCI USA Small-Cap ESG Optimized ETF,31/08/18,Communications Equipment — 1.2%,Ciena Corp.,739,"23,338",,
ESML,iShares MSCI USA Small-Cap ESG Optimized ETF,31/08/18,Communications Equipment — 1.2%,"EchoStar Corp., Class A",120,"5,760",,
ESML,iShares MSCI USA Small-Cap ESG Optimized ETF,31/08/18,Communications Equipment — 1.2%,Finisar Corp.,335,"6,834",,
ESML,iShares MSCI USA Small-Cap ESG Optimized ETF,31/08/18,Communications Equipment — 1.2%,Infinera Corp.,652,"5,835",,
ESML,iShares MSCI USA Small-Cap ESG Optimized ETF,31/08/18,Communications Equipment — 1.2%,InterDigital Inc./PA,156,"12,885",,
ESML,iShares MSCI USA Small-Cap ESG Optimized ETF,31/08/18,Communications Equipment — 1.2%,Lumentum Holdings Inc.,222,"15,074",,
ESML,iShares MSCI USA Small-Cap ESG Optimized ETF,31/08/18,Communications Equipment — 1.2%,NETGEAR Inc.,88,"6,235",,
ESML,iShares MSCI USA Small-Cap ESG Optimized ETF,31/08/18,Communications Equipment — 1.2%,NetScout Systems Inc.,229,"5,725",,
ESML,iShares MSCI USA Small-Cap ESG Optimized ETF,31/08/18,Communications Equipment — 1.2%,Oclaro Inc.,609,"5,810",,
ESML,iShares MSCI USA Small-Cap ESG Optimized ETF,31/08/18,Communications Equipment — 1.2%,Plantronics Inc.,254,"17,074",,
ESML,iShares MSCI USA Small-Cap ESG Optimized ETF,31/08/18,Communications Equipment — 1.2%,Ribbon Communications Inc.,714,"4,941",,
ESML,iShares MSCI USA Small-Cap ESG Optimized ETF,31/08/18,Communications Equipment — 1.2%,Viavi Solutions Inc.,495,"5,544","1,33,628",
ESML,iShares MSCI USA Small-Cap ESG Optimized ETF,31/08/18,Construction & Engineering — 1.6%,AECOM,"1,206","40,570",,
ESML,iShares MSCI USA Small-Cap ESG Optimized ETF,31/08/18,Construction & Engineering — 1.6%,Aegion Corp.,223,"5,566",,
ESML,iShares MSCI USA Small-Cap ESG Optimized ETF,31/08/18,Construction & Engineering — 1.6%,Argan Inc.,145,"5,771",,
ESML,iShares MSCI USA Small-Cap ESG Optimized ETF,31/08/18,Construction & Engineering — 1.6%,Comfort Systems USA Inc.,309,"17,737",,
ESML,iShares MSCI USA Small-Cap ESG Optimized ETF,31/08/18,Construction & Engineering — 1.6%,Dycom Industries Inc.,77,"6,461",,
ESML,iShares MSCI USA Small-Cap ESG Optimized ETF,31/08/18,Construction & Engineering — 1.6%,EMCOR Group Inc.,354,"28,355",,
ESML,iShares MSCI USA Small-Cap ESG Optimized ETF,31/08/18,Construction & Engineering — 1.6%,Granite Construction Inc.,252,"11,511",,
ESML,iShares MSCI USA Small-Cap ESG Optimized ETF,31/08/18,Construction & Engineering — 1.6%,KBR Inc.,311,"6,525",,
ESML,iShares MSCI USA Small-Cap ESG Optimized ETF,31/08/18,Construction & Engineering — 1.6%,MasTec Inc. (a)(b),135,"5,913",,
ESML,iShares MSCI USA Small-Cap ESG Optimized ETF,31/08/18,Construction & Engineering — 1.6%,MYR Group Inc.,197,"6,850",,
ESML,iShares MSCI USA Small-Cap ESG Optimized ETF,31/08/18,Construction & Engineering — 1.6%,Quanta Services Inc.,"1,070","37,011",,
ESML,iShares MSCI USA Small-Cap ESG Optimized ETF,31/08/18,Construction & Engineering — 1.6%,Valmont Industries Inc.,89,"12,496","1,84,766",
ESML,iShares MSCI USA Small-Cap ESG Optimized ETF,31/08/18,Construction Materials — 0.1%,"Summit Materials Inc., Class A",435,"9,253",,
ESML,iShares MSCI USA Small-Cap ESG Optimized ETF,31/08/18,Construction Materials — 0.1%,U.S. Concrete Inc.,137,"6,603","15,856",
ESML,iShares MSCI USA Small-Cap ESG Optimized ETF,31/08/18,Consumer Finance — 0.4%,Credit Acceptance Corp.,16,"7,307",,
ESML,iShares MSCI USA Small-Cap ESG Optimized ETF,31/08/18,Consumer Finance — 0.4%,Encore Capital Group Inc.,179,"6,936",,
ESML,iShares MSCI USA Small-Cap ESG Optimized ETF,31/08/18,Consumer Finance — 0.4%,"Green Dot Corp., Class A",124,"10,623",,
ESML,iShares MSCI USA Small-Cap ESG Optimized ETF,31/08/18,Consumer Finance — 0.4%,OneMain Holdings Inc.,156,"5,725",,
ESML,iShares MSCI USA Small-Cap ESG Optimized ETF,31/08/18,Consumer Finance — 0.4%,PRA Group Inc. (a)(b),299,"10,929",,
ESML,iShares MSCI USA Small-Cap ESG Optimized ETF,31/08/18,Consumer Finance — 0.4%,SLM Corp.,637,"7,466","48,986",
ESML,iShares MSCI USA Small-Cap ESG Optimized ETF,31/08/18,Containers & Packaging — 1.0%,AptarGroup Inc.,310,"32,460",,
ESML,iShares MSCI USA Small-Cap ESG Optimized ETF,31/08/18,Containers & Packaging — 1.0%,Bemis Co. Inc.,164,"8,082",,
ESML,iShares MSCI USA Small-Cap ESG Optimized ETF,31/08/18,Containers & Packaging — 1.0%,Berry Global Group Inc.,263,"12,553",,
ESML,iShares MSCI USA Small-Cap ESG Optimized ETF,31/08/18,Containers & Packaging — 1.0%,"Greif Inc., Class A, NVS",155,"8,553",,
ESML,iShares MSCI USA Small-Cap ESG Optimized ETF,31/08/18,Containers & Packaging — 1.0%,Owens-Illinois Inc.,"1,174","20,745",,
ESML,iShares MSCI USA Small-Cap ESG Optimized ETF,31/08/18,Containers & Packaging — 1.0%,Sonoco Products Co.,501,"28,076","1,10,469",
ESML,iShares MSCI USA Small-Cap ESG Optimized ETF,31/08/18,Distributors — 0.3%,Pool Corp.,240,"39,422","39,422",
ESML,iShares MSCI USA Small-Cap ESG Optimized ETF,31/08/18,Diversified Consumer Services — 1.7%,American Public Education Inc.,154,"5,352",,
ESML,iShares MSCI USA Small-Cap ESG Optimized ETF,31/08/18,Diversified Consumer Services — 1.7%,Bright Horizons Family Solutions Inc.,494,"58,999",,
ESML,iShares MSCI USA Small-Cap ESG Optimized ETF,31/08/18,Diversified Consumer Services — 1.7%,Carriage Services Inc.,809,"18,421",,
ESML,iShares MSCI USA Small-Cap ESG Optimized ETF,31/08/18,Diversified Consumer Services — 1.7%,"Graham Holdings Co., Class B",15,"8,440",,
ESML,iShares MSCI USA Small-Cap ESG Optimized ETF,31/08/18,Diversified Consumer Services — 1.7%,Grand Canyon Education Inc.,102,"12,152",,
ESML,iShares MSCI USA Small-Cap ESG Optimized ETF,31/08/18,Diversified Consumer Services — 1.7%,Houghton Mifflin Harcourt Co.,924,"5,960",,
ESML,iShares MSCI USA Small-Cap ESG Optimized ETF,31/08/18,Diversified Consumer Services — 1.7%,Service Corp. International/U.S.,798,"33,484",,
ESML,iShares MSCI USA Small-Cap ESG Optimized ETF,31/08/18,Diversified Consumer Services — 1.7%,ServiceMaster Global Holdings Inc.,657,"39,597",,
ESML,iShares MSCI USA Small-Cap ESG Optimized ETF,31/08/18,Diversified Consumer Services — 1.7%,Sotheby’s,165,"7,923",,
ESML,iShares MSCI USA Small-Cap ESG Optimized ETF,31/08/18,Diversified Consumer Services — 1.7%,Weight Watchers International Inc.,128,"9,587","1,99,915",
ESML,iShares MSCI USA Small-Cap ESG Optimized ETF,31/08/18,Diversified Financial Services — 0.1%,On Deck Capital Inc.,652,"5,359",,
ESML,iShares MSCI USA Small-Cap ESG Optimized ETF,31/08/18,Diversified Financial Services — 0.1%,Texas Pacific Land Trust,11,"9,181","14,540",
ESML,iShares MSCI USA Small-Cap ESG Optimized ETF,31/08/18,Diversified Telecommunication Services — 0.2%,Cogent Communications Holdings Inc.,105,"5,743",,
ESML,iShares MSCI USA Small-Cap ESG Optimized ETF,31/08/18,Diversified Telecommunication Services — 0.2%,Consolidated Communications Holdings Inc.,462,"5,456",,
ESML,iShares MSCI USA Small-Cap ESG Optimized ETF,31/08/18,Diversified Telecommunication Services — 0.2%,Iridium Communications Inc.,327,"6,622",,
ESML,iShares MSCI USA Small-Cap ESG Optimized ETF,31/08/18,Diversified Telecommunication Services — 0.2%,Vonage Holdings Corp.,504,"7,147","24,968",
ESML,iShares MSCI USA Small-Cap ESG Optimized ETF,31/08/18,Electric Utilities — 0.8%,Hawaiian Electric Industries Inc.,700,"24,689",,
ESML,iShares MSCI USA Small-Cap ESG Optimized ETF,31/08/18,Electric Utilities — 0.8%,IDACORP Inc.,441,"43,152",,
ESML,iShares MSCI USA Small-Cap ESG Optimized ETF,31/08/18,Electric Utilities — 0.8%,Portland General Electric Co.,545,"25,288","93,129",
ESML,iShares MSCI USA Small-Cap ESG Optimized ETF,31/08/18,Electrical Equipment — 0.9%,Atkore International Group Inc.,326,"8,926",,
ESML,iShares MSCI USA Small-Cap ESG Optimized ETF,31/08/18,Electrical Equipment — 0.9%,EnerSys,264,"21,909",,
ESML,iShares MSCI USA Small-Cap ESG Optimized ETF,31/08/18,Electrical Equipment — 0.9%,Generac Holdings Inc.,176,"9,766",,
ESML,iShares MSCI USA Small-Cap ESG Optimized ETF,31/08/18,Electrical Equipment — 0.9%,Hubbell Inc.,192,"24,261",,
ESML,iShares MSCI USA Small-Cap ESG Optimized ETF,31/08/18,Electrical Equipment — 0.9%,nVent Electric PLC,290,"8,146",,
ESML,iShares MSCI USA Small-Cap ESG Optimized ETF,31/08/18,Electrical Equipment — 0.9%,Regal Beloit Corp.,221,"18,498",,
ESML,iShares MSCI USA Small-Cap ESG Optimized ETF,31/08/18,Electrical Equipment — 0.9%,Sunrun Inc.,403,"5,287",,
ESML,iShares MSCI USA Small-Cap ESG Optimized ETF,31/08/18,Electrical Equipment — 0.9%,Vicor Corp.,97,"6,058","1,02,851",
ESML,iShares MSCI USA Small-Cap ESG Optimized ETF,31/08/18,"Electronic Equipment, Instruments &Components — 3.1%",Anixter International Inc.,120,"8,652",,
ESML,iShares MSCI USA Small-Cap ESG Optimized ETF,31/08/18,"Electronic Equipment, Instruments &Components — 3.1%",Badger Meter Inc.,269,"14,782",,
ESML,iShares MSCI USA Small-Cap ESG Optimized ETF,31/08/18,"Electronic Equipment, Instruments &Components — 3.1%",Belden Inc.,154,"11,199",,
ESML,iShares MSCI USA Small-Cap ESG Optimized ETF,31/08/18,"Electronic Equipment, Instruments &Components — 3.1%",Benchmark Electronics Inc.,209,"5,403",,
ESML,iShares MSCI USA Small-Cap ESG Optimized ETF,31/08/18,"Electronic Equipment, Instruments &Components — 3.1%",Coherent Inc.,96,"18,298",,
ESML,iShares MSCI USA Small-Cap ESG Optimized ETF,31/08/18,"Electronic Equipment, Instruments &Components — 3.1%",CTS Corp.,338,"12,489",,
ESML,iShares MSCI USA Small-Cap ESG Optimized ETF,31/08/18,"Electronic Equipment, Instruments &Components — 3.1%","Dolby Laboratories Inc., Class A",270,"18,951",,
ESML,iShares MSCI USA Small-Cap ESG Optimized ETF,31/08/18,"Electronic Equipment, Instruments &Components — 3.1%",Fabrinet,154,"7,372",,
ESML,iShares MSCI USA Small-Cap ESG Optimized ETF,31/08/18,"Electronic Equipment, Instruments &Components — 3.1%",Insight Enterprises Inc.,195,"10,752",,
ESML,iShares MSCI USA Small-Cap ESG Optimized ETF,31/08/18,"Electronic Equipment, Instruments &Components — 3.1%",Itron Inc.,134,"8,898",,
ESML,iShares MSCI USA Small-Cap ESG Optimized ETF,31/08/18,"Electronic Equipment, Instruments &Components — 3.1%",Jabil Inc.,203,"6,001",,
ESML,iShares MSCI USA Small-Cap ESG Optimized ETF,31/08/18,"Electronic Equipment, Instruments &Components — 3.1%",KEMET Corp.,272,"7,028",,
ESML,iShares MSCI USA Small-Cap ESG Optimized ETF,31/08/18,"Electronic Equipment, Instruments &Components — 3.1%",Littelfuse Inc.,85,"19,003",,
ESML,iShares MSCI USA Small-Cap ESG Optimized ETF,31/08/18,"Electronic Equipment, Instruments &Components — 3.1%",Methode Electronics Inc.,430,"17,050",,
ESML,iShares MSCI USA Small-Cap ESG Optimized ETF,31/08/18,"Electronic Equipment, Instruments &Components — 3.1%",MTS Systems Corp.,189,"10,225",,
ESML,iShares MSCI USA Small-Cap ESG Optimized ETF,31/08/18,"Electronic Equipment, Instruments &Components — 3.1%",National Instruments Corp.,982,"46,890",,
ESML,iShares MSCI USA Small-Cap ESG Optimized ETF,31/08/18,"Electronic Equipment, Instruments &Components — 3.1%",Novanta Inc.,126,"9,652",,
ESML,iShares MSCI USA Small-Cap ESG Optimized ETF,31/08/18,"Electronic Equipment, Instruments &Components — 3.1%",OSI Systems Inc.,205,"15,967",,
ESML,iShares MSCI USA Small-Cap ESG Optimized ETF,31/08/18,"Electronic Equipment, Instruments &Components — 3.1%",Plexus Corp.,263,"16,645",,
ESML,iShares MSCI USA Small-Cap ESG Optimized ETF,31/08/18,"Electronic Equipment, Instruments &Components — 3.1%",Rogers Corp.,89,"12,288",,
ESML,iShares MSCI USA Small-Cap ESG Optimized ETF,31/08/18,"Electronic Equipment, Instruments &Components — 3.1%",Sanmina Corp.,183,"5,636",,
ESML,iShares MSCI USA Small-Cap ESG Optimized ETF,31/08/18,"Electronic Equipment, Instruments &Components — 3.1%",SYNNEX Corp.,137,"13,285",,
ESML,iShares MSCI USA Small-Cap ESG Optimized ETF,31/08/18,"Electronic Equipment, Instruments &Components — 3.1%",Tech Data Corp.,184,"13,386",,
ESML,iShares MSCI USA Small-Cap ESG Optimized ETF,31/08/18,"Electronic Equipment, Instruments &Components — 3.1%",TTM Technologies Inc.,313,"5,853",,
ESML,iShares MSCI USA Small-Cap ESG Optimized ETF,31/08/18,"Electronic Equipment, Instruments &Components — 3.1%",Vishay Intertechnology Inc.,564,"13,423",,
ESML,iShares MSCI USA Small-Cap ESG Optimized ETF,31/08/18,"Electronic Equipment, Instruments &Components — 3.1%","Zebra Technologies Corp., Class A",188,"32,287","3,61,415",
ESML,iShares MSCI USA Small-Cap ESG Optimized ETF,31/08/18,Energy Equipment & Services — 1.8%,Apergy Corp.,267,"12,074",,
ESML,iShares MSCI USA Small-Cap ESG Optimized ETF,31/08/18,Energy Equipment & Services — 1.8%,Archrock Inc.,631,"7,982",,
ESML,iShares MSCI USA Small-Cap ESG Optimized ETF,31/08/18,Energy Equipment & Services — 1.8%,C&J Energy Services Inc.,358,"7,500",,
ESML,iShares MSCI USA Small-Cap ESG Optimized ETF,31/08/18,Energy Equipment & Services — 1.8%,"Cactus Inc., Class A",173,"5,913",,
ESML,iShares MSCI USA Small-Cap ESG Optimized ETF,31/08/18,Energy Equipment & Services — 1.8%,Core Laboratories NV,350,"40,092",,
ESML,iShares MSCI USA Small-Cap ESG Optimized ETF,31/08/18,Energy Equipment & Services — 1.8%,Dril-Quip Inc. (a)(b),109,"5,739",,
ESML,iShares MSCI USA Small-Cap ESG Optimized ETF,31/08/18,Energy Equipment & Services — 1.8%,"Ensco PLC, Class A","1,059","7,244",,
ESML,iShares MSCI USA Small-Cap ESG Optimized ETF,31/08/18,Energy Equipment & Services — 1.8%,Forum Energy Technologies Inc.,475,"5,676",,
ESML,iShares MSCI USA Small-Cap ESG Optimized ETF,31/08/18,Energy Equipment & Services — 1.8%,Helix Energy Solutions Group Inc.,620,"5,803",,
ESML,iShares MSCI USA Small-Cap ESG Optimized ETF,31/08/18,Energy Equipment & Services — 1.8%,Keane Group Inc.,411,"5,047",,
ESML,iShares MSCI USA Small-Cap ESG Optimized ETF,31/08/18,Energy Equipment & Services — 1.8%,McDermott International Inc. (a)(b),760,"14,698",,
ESML,iShares MSCI USA Small-Cap ESG Optimized ETF,31/08/18,Energy Equipment & Services — 1.8%,Natural Gas Services Group Inc.,248,"5,481",,
ESML,iShares MSCI USA Small-Cap ESG Optimized ETF,31/08/18,Energy Equipment & Services — 1.8%,NCS Multistage Holdings Inc. (a)(b),350,"5,695",,
ESML,iShares MSCI USA Small-Cap ESG Optimized ETF,31/08/18,Energy Equipment & Services — 1.8%,Newpark Resources Inc.,729,"7,655",,
ESML,iShares MSCI USA Small-Cap ESG Optimized ETF,31/08/18,Energy Equipment & Services — 1.8%,Oceaneering International Inc.,515,"14,559",,
ESML,iShares MSCI USA Small-Cap ESG Optimized ETF,31/08/18,Energy Equipment & Services — 1.8%,Oil States International Inc.,264,"8,936",,
ESML,iShares MSCI USA Small-Cap ESG Optimized ETF,31/08/18,Energy Equipment & Services — 1.8%,Patterson-UTI Energy Inc.,523,"8,959",,
ESML,iShares MSCI USA Small-Cap ESG Optimized ETF,31/08/18,Energy Equipment & Services — 1.8%,Superior Energy Services Inc.,590,"5,310",,
ESML,iShares MSCI USA Small-Cap ESG Optimized ETF,31/08/18,Energy Equipment & Services — 1.8%,Tidewater Inc.,180,"5,760",,
ESML,iShares MSCI USA Small-Cap ESG Optimized ETF,31/08/18,Energy Equipment & Services — 1.8%,U.S. Silica Holdings Inc.,425,"9,006",,
ESML,iShares MSCI USA Small-Cap ESG Optimized ETF,31/08/18,Energy Equipment & Services — 1.8%,Unit Corp. (a)(b),209,"5,495",,
ESML,iShares MSCI USA Small-Cap ESG Optimized ETF,31/08/18,Energy Equipment & Services — 1.8%,Weatherford International PLC (a)(b),"4,134","10,004","2,04,628",
ESML,iShares MSCI USA Small-Cap ESG Optimized ETF,31/08/18,Equity Real Estate Investment Trusts (REITs) — 8.8%,Acadia Realty Trust,195,"5,561",,
ESML,iShares MSCI USA Small-Cap ESG Optimized ETF,31/08/18,Equity Real Estate Investment Trusts (REITs) — 8.8%,American Campus Communities Inc.,874,"36,647",,
ESML,iShares MSCI USA Small-Cap ESG Optimized ETF,31/08/18,Equity Real Estate Investment Trusts (REITs) — 8.8%,"Apartment Investment & Management Co., Class A",195,"8,541",,
ESML,iShares MSCI USA Small-Cap ESG Optimized ETF,31/08/18,Equity Real Estate Investment Trusts (REITs) — 8.8%,Brandywine Realty Trust,"3,107","52,073",,
ESML,iShares MSCI USA Small-Cap ESG Optimized ETF,31/08/18,Equity Real Estate Investment Trusts (REITs) — 8.8%,Brixmor Property Group Inc.,"1,952","35,566",,
ESML,iShares MSCI USA Small-Cap ESG Optimized ETF,31/08/18,Equity Real Estate Investment Trusts (REITs) — 8.8%,"CatchMark Timber Trust Inc., Class A",437,"5,480",,
ESML,iShares MSCI USA Small-Cap ESG Optimized ETF,31/08/18,Equity Real Estate Investment Trusts (REITs) — 8.8%,CBL & Associates Properties Inc.,"1,206","5,379",,
ESML,iShares MSCI USA Small-Cap ESG Optimized ETF,31/08/18,Equity Real Estate Investment Trusts (REITs) — 8.8%,Chatham Lodging Trust,264,"5,663",,
ESML,iShares MSCI USA Small-Cap ESG Optimized ETF,31/08/18,Equity Real Estate Investment Trusts (REITs) — 8.8%,Colony Capital Inc.,"1,378","8,447",,
ESML,iShares MSCI USA Small-Cap ESG Optimized ETF,31/08/18,Equity Real Estate Investment Trusts (REITs) — 8.8%,CorePoint Lodging Inc.,249,"5,192",,
ESML,iShares MSCI USA Small-Cap ESG Optimized ETF,31/08/18,Equity Real Estate Investment Trusts (REITs) — 8.8%,CoreSite Realty Corp.,281,"32,728",,
ESML,iShares MSCI USA Small-Cap ESG Optimized ETF,31/08/18,Equity Real Estate Investment Trusts (REITs) — 8.8%,Corporate Office Properties Trust,"1,353","41,645",,
ESML,iShares MSCI USA Small-Cap ESG Optimized ETF,31/08/18,Equity Real Estate Investment Trusts (REITs) — 8.8%,Cousins Properties Inc.,"2,293","21,440",,
ESML,iShares MSCI USA Small-Cap ESG Optimized ETF,31/08/18,Equity Real Estate Investment Trusts (REITs) — 8.8%,CubeSmart,422,"12,892",,
ESML,iShares MSCI USA Small-Cap ESG Optimized ETF,31/08/18,Equity Real Estate Investment Trusts (REITs) — 8.8%,CyrusOne Inc.,582,"38,971",,
ESML,iShares MSCI USA Small-Cap ESG Optimized ETF,31/08/18,Equity Real Estate Investment Trusts (REITs) — 8.8%,DDR Corp.,380,"5,316",,
ESML,iShares MSCI USA Small-Cap ESG Optimized ETF,31/08/18,Equity Real Estate Investment Trusts (REITs) — 8.8%,DiamondRock Hospitality Co.,"1,033","12,355",,
ESML,iShares MSCI USA Small-Cap ESG Optimized ETF,31/08/18,Equity Real Estate Investment Trusts (REITs) — 8.8%,Douglas Emmett Inc.,"1,450","56,637",,
ESML,iShares MSCI USA Small-Cap ESG Optimized ETF,31/08/18,Equity Real Estate Investment Trusts (REITs) — 8.8%,Easterly Government Properties Inc.,"1,852","37,503",,
ESML,iShares MSCI USA Small-Cap ESG Optimized ETF,31/08/18,Equity Real Estate Investment Trusts (REITs) — 8.8%,Education Realty Trust Inc.,259,"10,718",,
ESML,iShares MSCI USA Small-Cap ESG Optimized ETF,31/08/18,Equity Real Estate Investment Trusts (REITs) — 8.8%,EPR Properties,117,"8,211",,
ESML,iShares MSCI USA Small-Cap ESG Optimized ETF,31/08/18,Equity Real Estate Investment Trusts (REITs) — 8.8%,First Industrial Realty Trust Inc.,226,"7,336",,
ESML,iShares MSCI USA Small-Cap ESG Optimized ETF,31/08/18,Equity Real Estate Investment Trusts (REITs) — 8.8%,"Forest City Realty Trust Inc., Class A","1,654","41,598",,
ESML,iShares MSCI USA Small-Cap ESG Optimized ETF,31/08/18,Equity Real Estate Investment Trusts (REITs) — 8.8%,Four Corners Property Trust Inc.,378,"10,183",,
ESML,iShares MSCI USA Small-Cap ESG Optimized ETF,31/08/18,Equity Real Estate Investment Trusts (REITs) — 8.8%,Franklin Street Properties Corp.,"1,864","15,975",,
ESML,iShares MSCI USA Small-Cap ESG Optimized ETF,31/08/18,Equity Real Estate Investment Trusts (REITs) — 8.8%,Gaming and Leisure Properties Inc.,236,"8,447",,
ESML,iShares MSCI USA Small-Cap ESG Optimized ETF,31/08/18,Equity Real Estate Investment Trusts (REITs) — 8.8%,Government Properties Income Trust,496,"8,387",,
ESML,iShares MSCI USA Small-Cap ESG Optimized ETF,31/08/18,Equity Real Estate Investment Trusts (REITs) — 8.8%,Gramercy Property Trust,784,"21,442",,
ESML,iShares MSCI USA Small-Cap ESG Optimized ETF,31/08/18,Equity Real Estate Investment Trusts (REITs) — 8.8%,Hospitality Properties Trust,358,"10,378",,
ESML,iShares MSCI USA Small-Cap ESG Optimized ETF,31/08/18,Equity Real Estate Investment Trusts (REITs) — 8.8%,Hudson Pacific Properties Inc.,487,"16,480",,
ESML,iShares MSCI USA Small-Cap ESG Optimized ETF,31/08/18,Equity Real Estate Investment Trusts (REITs) — 8.8%,InfraREIT Inc. (a)(b),326,"6,810",,
ESML,iShares MSCI USA Small-Cap ESG Optimized ETF,31/08/18,Equity Real Estate Investment Trusts (REITs) — 8.8%,JBG SMITH Properties,648,"24,274",,
ESML,iShares MSCI USA Small-Cap ESG Optimized ETF,31/08/18,Equity Real Estate Investment Trusts (REITs) — 8.8%,Kilroy Realty Corp.,829,"60,633",,
ESML,iShares MSCI USA Small-Cap ESG Optimized ETF,31/08/18,Equity Real Estate Investment Trusts (REITs) — 8.8%,Kite Realty Group Trust,350,"6,118",,
ESML,iShares MSCI USA Small-Cap ESG Optimized ETF,31/08/18,Equity Real Estate Investment Trusts (REITs) — 8.8%,"Lamar Advertising Co., Class A",75,"5,779",,
ESML,iShares MSCI USA Small-Cap ESG Optimized ETF,31/08/18,Equity Real Estate Investment Trusts (REITs) — 8.8%,LaSalle Hotel Properties,220,"7,724",,
ESML,iShares MSCI USA Small-Cap ESG Optimized ETF,31/08/18,Equity Real Estate Investment Trusts (REITs) — 8.8%,Equity Real Estate Investment Trusts (REITs) (continued) Life Storage Inc.,161,"15,714",,
ESML,iShares MSCI USA Small-Cap ESG Optimized ETF,31/08/18,Equity Real Estate Investment Trusts (REITs) — 8.8%,"MGM Growth Properties LLC, Class A",214,"6,576",,
ESML,iShares MSCI USA Small-Cap ESG Optimized ETF,31/08/18,Equity Real Estate Investment Trusts (REITs) — 8.8%,National Health Investors Inc.,134,"10,620",,
ESML,iShares MSCI USA Small-Cap ESG Optimized ETF,31/08/18,Equity Real Estate Investment Trusts (REITs) — 8.8%,NorthStar Realty Europe Corp.,407,"5,584",,
ESML,iShares MSCI USA Small-Cap ESG Optimized ETF,31/08/18,Equity Real Estate Investment Trusts (REITs) — 8.8%,Outfront Media Inc.,454,"9,021",,
ESML,iShares MSCI USA Small-Cap ESG Optimized ETF,31/08/18,Equity Real Estate Investment Trusts (REITs) — 8.8%,Paramount Group Inc.,757,"12,021",,
ESML,iShares MSCI USA Small-Cap ESG Optimized ETF,31/08/18,Equity Real Estate Investment Trusts (REITs) — 8.8%,Park Hotels & Resorts Inc.,445,"14,885",,
ESML,iShares MSCI USA Small-Cap ESG Optimized ETF,31/08/18,Equity Real Estate Investment Trusts (REITs) — 8.8%,"Piedmont Office Realty Trust Inc., Class A",294,"5,833",,
ESML,iShares MSCI USA Small-Cap ESG Optimized ETF,31/08/18,Equity Real Estate Investment Trusts (REITs) — 8.8%,PotlatchDeltic Corp.,231,"11,157",,
ESML,iShares MSCI USA Small-Cap ESG Optimized ETF,31/08/18,Equity Real Estate Investment Trusts (REITs) — 8.8%,"QTS Realty Trust Inc., Class A",288,"13,170",,
ESML,iShares MSCI USA Small-Cap ESG Optimized ETF,31/08/18,Equity Real Estate Investment Trusts (REITs) — 8.8%,Rayonier Inc.,471,"16,405",,
ESML,iShares MSCI USA Small-Cap ESG Optimized ETF,31/08/18,Equity Real Estate Investment Trusts (REITs) — 8.8%,Rexford Industrial Realty Inc.,374,"12,155",,
ESML,iShares MSCI USA Small-Cap ESG Optimized ETF,31/08/18,Equity Real Estate Investment Trusts (REITs) — 8.8%,RLJ Lodging Trust,574,"12,576",,
ESML,iShares MSCI USA Small-Cap ESG Optimized ETF,31/08/18,Equity Real Estate Investment Trusts (REITs) — 8.8%,Sabra Health Care REIT Inc.,876,"20,656",,
ESML,iShares MSCI USA Small-Cap ESG Optimized ETF,31/08/18,Equity Real Estate Investment Trusts (REITs) — 8.8%,Select Income REIT,926,"19,029",,
ESML,iShares MSCI USA Small-Cap ESG Optimized ETF,31/08/18,Equity Real Estate Investment Trusts (REITs) — 8.8%,Senior Housing Properties Trust,345,"6,593",,
ESML,iShares MSCI USA Small-Cap ESG Optimized ETF,31/08/18,Equity Real Estate Investment Trusts (REITs) — 8.8%,STORE Capital Corp.,211,"6,079",,
ESML,iShares MSCI USA Small-Cap ESG Optimized ETF,31/08/18,Equity Real Estate Investment Trusts (REITs) — 8.8%,Sunstone Hotel Investors Inc.,477,"8,004",,
ESML,iShares MSCI USA Small-Cap ESG Optimized ETF,31/08/18,Equity Real Estate Investment Trusts (REITs) — 8.8%,Tier REIT Inc.,556,"13,255",,
ESML,iShares MSCI USA Small-Cap ESG Optimized ETF,31/08/18,Equity Real Estate Investment Trusts (REITs) — 8.8%,Uniti Group Inc.,816,"16,989",,
ESML,iShares MSCI USA Small-Cap ESG Optimized ETF,31/08/18,Equity Real Estate Investment Trusts (REITs) — 8.8%,VICI Properties Inc.,"1,655","34,606",,
ESML,iShares MSCI USA Small-Cap ESG Optimized ETF,31/08/18,Equity Real Estate Investment Trusts (REITs) — 8.8%,Washington Prime Group Inc.,890,"6,889",,
ESML,iShares MSCI USA Small-Cap ESG Optimized ETF,31/08/18,Equity Real Estate Investment Trusts (REITs) — 8.8%,Washington REIT,380,"11,993",,
ESML,iShares MSCI USA Small-Cap ESG Optimized ETF,31/08/18,Equity Real Estate Investment Trusts (REITs) — 8.8%,WP Carey Inc.,416,"27,697","10,16,036",
ESML,iShares MSCI USA Small-Cap ESG Optimized ETF,31/08/18,Food & Staples Retailing — 0.9%,Casey’s General Stores Inc.,60,"6,850",,
ESML,iShares MSCI USA Small-Cap ESG Optimized ETF,31/08/18,Food & Staples Retailing — 0.9%,Performance Food Group Co.,501,"16,583",,
ESML,iShares MSCI USA Small-Cap ESG Optimized ETF,31/08/18,Food & Staples Retailing — 0.9%,PriceSmart Inc.,172,"14,938",,
ESML,iShares MSCI USA Small-Cap ESG Optimized ETF,31/08/18,Food & Staples Retailing — 0.9%,Rite Aid Corp. (a)(b),"3,919","5,369",,
ESML,iShares MSCI USA Small-Cap ESG Optimized ETF,31/08/18,Food & Staples Retailing — 0.9%,SpartanNash Co.,271,"5,786",,
ESML,iShares MSCI USA Small-Cap ESG Optimized ETF,31/08/18,Food & Staples Retailing — 0.9%,Sprouts Farmers Market Inc.,263,"6,962",,
ESML,iShares MSCI USA Small-Cap ESG Optimized ETF,31/08/18,Food & Staples Retailing — 0.9%,U.S. Foods Holding Corp.,867,"28,255",,
ESML,iShares MSCI USA Small-Cap ESG Optimized ETF,31/08/18,Food & Staples Retailing — 0.9%,United Natural Foods Inc.,405,"14,382","99,125",
ESML,iShares MSCI USA Small-Cap ESG Optimized ETF,31/08/18,Food Products — 1.3%,Darling Ingredients Inc.,815,"16,121",,
ESML,iShares MSCI USA Small-Cap ESG Optimized ETF,31/08/18,Food Products — 1.3%,Dean Foods Co.,687,"5,235",,
ESML,iShares MSCI USA Small-Cap ESG Optimized ETF,31/08/18,Food Products — 1.3%,Flowers Foods Inc.,312,"6,287",,
ESML,iShares MSCI USA Small-Cap ESG Optimized ETF,31/08/18,Food Products — 1.3%,Fresh Del Monte Produce Inc.,142,"5,316",,
ESML,iShares MSCI USA Small-Cap ESG Optimized ETF,31/08/18,Food Products — 1.3%,Freshpet Inc.,222,"8,247",,
ESML,iShares MSCI USA Small-Cap ESG Optimized ETF,31/08/18,Food Products — 1.3%,Hain Celestial Group Inc. (The),424,"12,109",,
ESML,iShares MSCI USA Small-Cap ESG Optimized ETF,31/08/18,Food Products — 1.3%,Lamb Weston Holdings Inc.,731,"49,416",,
ESML,iShares MSCI USA Small-Cap ESG Optimized ETF,31/08/18,Food Products — 1.3%,Pinnacle Foods Inc.,328,"21,786",,
ESML,iShares MSCI USA Small-Cap ESG Optimized ETF,31/08/18,Food Products — 1.3%,Post Holdings Inc.,144,"14,005",,
ESML,iShares MSCI USA Small-Cap ESG Optimized ETF,31/08/18,Food Products — 1.3%,Simply Good Foods Co. (The),388,"6,984",,
ESML,iShares MSCI USA Small-Cap ESG Optimized ETF,31/08/18,Food Products — 1.3%,TreeHouse Foods Inc.,169,"8,805","1,54,311",
ESML,iShares MSCI USA Small-Cap ESG Optimized ETF,31/08/18,Gas Utilities — 0.7%,Chesapeake Utilities Corp.,131,"11,266",,
ESML,iShares MSCI USA Small-Cap ESG Optimized ETF,31/08/18,Gas Utilities — 0.7%,National Fuel Gas Co.,105,"5,830",,
ESML,iShares MSCI USA Small-Cap ESG Optimized ETF,31/08/18,Gas Utilities — 0.7%,New Jersey Resources Corp.,220,"10,032",,
ESML,iShares MSCI USA Small-Cap ESG Optimized ETF,31/08/18,Gas Utilities — 0.7%,ONE Gas Inc.,157,"12,329",,
ESML,iShares MSCI USA Small-Cap ESG Optimized ETF,31/08/18,Gas Utilities — 0.7%,South Jersey Industries Inc.,600,"19,908",,
ESML,iShares MSCI USA Small-Cap ESG Optimized ETF,31/08/18,Gas Utilities — 0.7%,Southwest Gas Holdings Inc.,224,"17,320",,
ESML,iShares MSCI USA Small-Cap ESG Optimized ETF,31/08/18,Gas Utilities — 0.7%,Spire Inc.,78,"5,815","82,500",
ESML,iShares MSCI USA Small-Cap ESG Optimized ETF,31/08/18,Health Care Equipment & Supplies — 3.5%,AngioDynamics Inc. (a)(b),325,"7,286",,
ESML,iShares MSCI USA Small-Cap ESG Optimized ETF,31/08/18,Health Care Equipment & Supplies — 3.5%,AtriCure Inc. (a)(b),236,"8,154",,
ESML,iShares MSCI USA Small-Cap ESG Optimized ETF,31/08/18,Health Care Equipment & Supplies — 3.5%,Avanos Medical Inc.,101,"7,282",,
ESML,iShares MSCI USA Small-Cap ESG Optimized ETF,31/08/18,Health Care Equipment & Supplies — 3.5%,Cantel Medical Corp.,92,"8,924",,
ESML,iShares MSCI USA Small-Cap ESG Optimized ETF,31/08/18,Health Care Equipment & Supplies — 3.5%,Cardiovascular Systems Inc.,185,"7,128",,
ESML,iShares MSCI USA Small-Cap ESG Optimized ETF,31/08/18,Health Care Equipment & Supplies — 3.5%,Cerus Corp.,816,"6,348",,
ESML,iShares MSCI USA Small-Cap ESG Optimized ETF,31/08/18,Health Care Equipment & Supplies — 3.5%,CryoLife Inc.,204,"7,079",,
ESML,iShares MSCI USA Small-Cap ESG Optimized ETF,31/08/18,Health Care Equipment & Supplies — 3.5%,DexCom Inc. (a)(b),250,"36,095",,
ESML,iShares MSCI USA Small-Cap ESG Optimized ETF,31/08/18,Health Care Equipment & Supplies — 3.5%,GenMark Diagnostics Inc.,761,"6,514",,
ESML,iShares MSCI USA Small-Cap ESG Optimized ETF,31/08/18,Health Care Equipment & Supplies — 3.5%,Glaukos Corp.,157,"10,734",,
ESML,iShares MSCI USA Small-Cap ESG Optimized ETF,31/08/18,Health Care Equipment & Supplies — 3.5%,"Globus Medical Inc., Class A",220,"11,719",,
ESML,iShares MSCI USA Small-Cap ESG Optimized ETF,31/08/18,Health Care Equipment & Supplies — 3.5%,Haemonetics Corp.,207,"23,109",,
ESML,iShares MSCI USA Small-Cap ESG Optimized ETF,31/08/18,Health Care Equipment & Supplies — 3.5%,Heska Corp.,55,"5,885",,
ESML,iShares MSCI USA Small-Cap ESG Optimized ETF,31/08/18,Health Care Equipment & Supplies — 3.5%,Hill-Rom Holdings Inc.,91,"8,852",,
ESML,iShares MSCI USA Small-Cap ESG Optimized ETF,31/08/18,Health Care Equipment & Supplies — 3.5%,Inogen Inc.,48,"12,716",,
ESML,iShares MSCI USA Small-Cap ESG Optimized ETF,31/08/18,Health Care Equipment & Supplies — 3.5%,Insulet Corp. (a)(b),139,"14,494",,
ESML,iShares MSCI USA Small-Cap ESG Optimized ETF,31/08/18,Health Care Equipment & Supplies — 3.5%,Integer Holdings Corp.,77,"6,152",,
ESML,iShares MSCI USA Small-Cap ESG Optimized ETF,31/08/18,Health Care Equipment & Supplies — 3.5%,Integra LifeSciences Holdings Corp.,97,"5,769",,
ESML,iShares MSCI USA Small-Cap ESG Optimized ETF,31/08/18,Health Care Equipment & Supplies — 3.5%,iRhythm Technologies Inc.,69,"6,423",,
ESML,iShares MSCI USA Small-Cap ESG Optimized ETF,31/08/18,Health Care Equipment & Supplies — 3.5%,LeMaitre Vascular Inc.,150,"5,627",,
ESML,iShares MSCI USA Small-Cap ESG Optimized ETF,31/08/18,Health Care Equipment & Supplies — 3.5%,LivaNova PLC,163,"20,465",,
ESML,iShares MSCI USA Small-Cap ESG Optimized ETF,31/08/18,Health Care Equipment & Supplies — 3.5%,Merit Medical Systems Inc.,256,"15,066",,
ESML,iShares MSCI USA Small-Cap ESG Optimized ETF,31/08/18,Health Care Equipment & Supplies — 3.5%,Neogen Corp.,66,"6,167",,
ESML,iShares MSCI USA Small-Cap ESG Optimized ETF,31/08/18,Health Care Equipment & Supplies — 3.5%,Nevro Corp.,93,"6,270",,
ESML,iShares MSCI USA Small-Cap ESG Optimized ETF,31/08/18,Health Care Equipment & Supplies — 3.5%,Novocure Ltd.,161,"7,253",,
ESML,iShares MSCI USA Small-Cap ESG Optimized ETF,31/08/18,Health Care Equipment & Supplies — 3.5%,NuVasive Inc.,116,"8,142",,
ESML,iShares MSCI USA Small-Cap ESG Optimized ETF,31/08/18,Health Care Equipment & Supplies — 3.5%,OraSure Technologies Inc.,342,"5,475",,
ESML,iShares MSCI USA Small-Cap ESG Optimized ETF,31/08/18,Health Care Equipment & Supplies — 3.5%,Orthofix Medical Inc.,119,"6,374",,
ESML,iShares MSCI USA Small-Cap ESG Optimized ETF,31/08/18,Health Care Equipment & Supplies — 3.5%,Penumbra Inc.,119,"16,523",,
ESML,iShares MSCI USA Small-Cap ESG Optimized ETF,31/08/18,Health Care Equipment & Supplies — 3.5%,Quidel Corp.,126,"9,687",,
ESML,iShares MSCI USA Small-Cap ESG Optimized ETF,31/08/18,Health Care Equipment & Supplies — 3.5%,STAAR Surgical Co.,161,"7,680",,
ESML,iShares MSCI USA Small-Cap ESG Optimized ETF,31/08/18,Health Care Equipment & Supplies — 3.5%,STERIS PLC,321,"36,729",,
ESML,iShares MSCI USA Small-Cap ESG Optimized ETF,31/08/18,Health Care Equipment & Supplies — 3.5%,Tactile Systems Technology Inc.,93,"6,293",,
ESML,iShares MSCI USA Small-Cap ESG Optimized ETF,31/08/18,Health Care Equipment & Supplies — 3.5%,Varex Imaging Corp.,186,"5,840",,
ESML,iShares MSCI USA Small-Cap ESG Optimized ETF,31/08/18,Health Care Equipment & Supplies — 3.5%,West Pharmaceutical Services Inc.,371,"43,426","4,07,680",
ESML,iShares MSCI USA Small-Cap ESG Optimized ETF,31/08/18,Health Care Providers &Services — 3.3%,Acadia Healthcare Co. Inc. (a)(b),189,"7,849",,
ESML,iShares MSCI USA Small-Cap ESG Optimized ETF,31/08/18,Health Care Providers &Services — 3.3%,Addus HomeCare Corp.,95,"6,166",,
ESML,iShares MSCI USA Small-Cap ESG Optimized ETF,31/08/18,Health Care Providers &Services — 3.3%,Amedisys Inc.,126,"15,751",,
ESML,iShares MSCI USA Small-Cap ESG Optimized ETF,31/08/18,Health Care Providers &Services — 3.3%,AMN Healthcare Services Inc.,269,"15,683",,
ESML,iShares MSCI USA Small-Cap ESG Optimized ETF,31/08/18,Health Care Providers &Services — 3.3%,BioTelemetry Inc.,169,"10,444",,
ESML,iShares MSCI USA Small-Cap ESG Optimized ETF,31/08/18,Health Care Providers &Services — 3.3%,Brookdale Senior Living Inc.,953,"9,454",,
ESML,iShares MSCI USA Small-Cap ESG Optimized ETF,31/08/18,Health Care Providers &Services — 3.3%,Chemed Corp.,41,"13,265",,
ESML,iShares MSCI USA Small-Cap ESG Optimized ETF,31/08/18,Health Care Providers &Services — 3.3%,Civitas Solutions Inc.,356,"5,696",,
ESML,iShares MSCI USA Small-Cap ESG Optimized ETF,31/08/18,Health Care Providers &Services — 3.3%,CorVel Corp.,136,"8,085",,
ESML,iShares MSCI USA Small-Cap ESG Optimized ETF,31/08/18,Health Care Providers &Services — 3.3%,Cross Country Healthcare Inc.,572,"5,726",,
ESML,iShares MSCI USA Small-Cap ESG Optimized ETF,31/08/18,Health Care Providers &Services — 3.3%,Diplomat Pharmacy Inc.,296,"6,115",,
ESML,iShares MSCI USA Small-Cap ESG Optimized ETF,31/08/18,Health Care Providers &Services — 3.3%,Encompass Health Corp.,420,"34,268",,
ESML,iShares MSCI USA Small-Cap ESG Optimized ETF,31/08/18,Health Care Providers &Services — 3.3%,Ensign Group Inc. (The),154,"6,017",,
ESML,iShares MSCI USA Small-Cap ESG Optimized ETF,31/08/18,Health Care Providers &Services — 3.3%,Envision Healthcare Corp.,411,"18,643",,
ESML,iShares MSCI USA Small-Cap ESG Optimized ETF,31/08/18,Health Care Providers &Services — 3.3%,HealthEquity Inc.,126,"11,870",,
ESML,iShares MSCI USA Small-Cap ESG Optimized ETF,31/08/18,Health Care Providers &Services — 3.3%,LHC Group Inc.,94,"9,299",,
ESML,iShares MSCI USA Small-Cap ESG Optimized ETF,31/08/18,Health Care Providers &Services — 3.3%,LifePoint Health Inc.,98,"6,311",,
ESML,iShares MSCI USA Small-Cap ESG Optimized ETF,31/08/18,Health Care Providers &Services — 3.3%,Magellan Health Inc.,73,"5,366",,
ESML,iShares MSCI USA Small-Cap ESG Optimized ETF,31/08/18,Health Care Providers &Services — 3.3%,MEDNAX Inc.,376,"17,804",,
ESML,iShares MSCI USA Small-Cap ESG Optimized ETF,31/08/18,Health Care Providers &Services — 3.3%,Molina Healthcare Inc.,118,"16,284",,
ESML,iShares MSCI USA Small-Cap ESG Optimized ETF,31/08/18,Health Care Providers &Services — 3.3%,National Research Corp.,236,"9,239",,
ESML,iShares MSCI USA Small-Cap ESG Optimized ETF,31/08/18,Health Care Providers &Services — 3.3%,Owens & Minor Inc.,521,"8,847",,
ESML,iShares MSCI USA Small-Cap ESG Optimized ETF,31/08/18,Health Care Providers &Services — 3.3%,Patterson Companies Inc.,"1,071","24,151",,
ESML,iShares MSCI USA Small-Cap ESG Optimized ETF,31/08/18,Health Care Providers &Services — 3.3%,"Premier Inc., Class A",534,"23,619",,
ESML,iShares MSCI USA Small-Cap ESG Optimized ETF,31/08/18,Health Care Providers &Services — 3.3%,Providence Service Corp. (The),174,"11,682",,
ESML,iShares MSCI USA Small-Cap ESG Optimized ETF,31/08/18,Health Care Providers &Services — 3.3%,R1 RCM Inc.,698,"6,959",,
ESML,iShares MSCI USA Small-Cap ESG Optimized ETF,31/08/18,Health Care Providers &Services — 3.3%,Select Medical Holdings Corp.,563,"11,147",,
ESML,iShares MSCI USA Small-Cap ESG Optimized ETF,31/08/18,Health Care Providers &Services — 3.3%,Tenet Healthcare Corp.,211,"7,115",,
ESML,iShares MSCI USA Small-Cap ESG Optimized ETF,31/08/18,Health Care Providers &Services — 3.3%,Tivity Health Inc.,329,"11,318",,
ESML,iShares MSCI USA Small-Cap ESG Optimized ETF,31/08/18,Health Care Providers &Services — 3.3%,U.S. Physical Therapy Inc.,122,"15,281",,
ESML,iShares MSCI USA Small-Cap ESG Optimized ETF,31/08/18,Health Care Providers &Services — 3.3%,WellCare Health Plans Inc.,48,"14,523","3,73,977",
ESML,iShares MSCI USA Small-Cap ESG Optimized ETF,31/08/18,Health Care Technology — 0.6%,Allscripts Healthcare Solutions Inc.,"1,267","18,511",,
ESML,iShares MSCI USA Small-Cap ESG Optimized ETF,31/08/18,Health Care Technology — 0.6%,athenahealth Inc. (a)(b),139,"21,392",,
ESML,iShares MSCI USA Small-Cap ESG Optimized ETF,31/08/18,Health Care Technology — 0.6%,Medidata Solutions Inc.,202,"17,166",,
ESML,iShares MSCI USA Small-Cap ESG Optimized ETF,31/08/18,Health Care Technology — 0.6%,Teladoc Health Inc. (a)(b),189,"14,657","71,726",
ESML,iShares MSCI USA Small-Cap ESG Optimized ETF,31/08/18,"Hotels, Restaurants & Leisure — 2.5%",BBX Capital Corp.,607,"4,510",,
ESML,iShares MSCI USA Small-Cap ESG Optimized ETF,31/08/18,"Hotels, Restaurants & Leisure — 2.5%",BJ’s Restaurants Inc.,87,"6,586",,
ESML,iShares MSCI USA Small-Cap ESG Optimized ETF,31/08/18,"Hotels, Restaurants & Leisure — 2.5%",Boyd Gaming Corp.,451,"16,425",,
ESML,iShares MSCI USA Small-Cap ESG Optimized ETF,31/08/18,"Hotels, Restaurants & Leisure — 2.5%",Brinker International Inc.,289,"12,797",,
ESML,iShares MSCI USA Small-Cap ESG Optimized ETF,31/08/18,"Hotels, Restaurants & Leisure — 2.5%",Caesars Entertainment Corp. (a)(b),"2,141","21,838",,
ESML,iShares MSCI USA Small-Cap ESG Optimized ETF,31/08/18,"Hotels, Restaurants & Leisure — 2.5%",Cheesecake Factory Inc. (The),111,"5,902",,
ESML,iShares MSCI USA Small-Cap ESG Optimized ETF,31/08/18,"Hotels, Restaurants & Leisure — 2.5%",Churchill Downs Inc.,73,"20,630",,
ESML,iShares MSCI USA Small-Cap ESG Optimized ETF,31/08/18,"Hotels, Restaurants & Leisure — 2.5%",Cracker Barrel Old Country Store Inc.,41,"6,113",,
ESML,iShares MSCI USA Small-Cap ESG Optimized ETF,31/08/18,"Hotels, Restaurants & Leisure — 2.5%",Dave & Buster’s Entertainment Inc.,180,"10,471",,
ESML,iShares MSCI USA Small-Cap ESG Optimized ETF,31/08/18,"Hotels, Restaurants & Leisure — 2.5%",Dine Brands Global Inc.,88,"7,341",,
ESML,iShares MSCI USA Small-Cap ESG Optimized ETF,31/08/18,"Hotels, Restaurants & Leisure — 2.5%",Dunkin’ Brands Group Inc.,490,"35,716",,
ESML,iShares MSCI USA Small-Cap ESG Optimized ETF,31/08/18,"Hotels, Restaurants & Leisure — 2.5%",El Pollo Loco Holdings Inc.,"1,107","13,173",,
ESML,iShares MSCI USA Small-Cap ESG Optimized ETF,31/08/18,"Hotels, Restaurants & Leisure — 2.5%",Eldorado Resorts Inc.,202,"9,706",,
ESML,iShares MSCI USA Small-Cap ESG Optimized ETF,31/08/18,"Hotels, Restaurants & Leisure — 2.5%","International Speedway Corp., Class A",194,"8,565",,
ESML,iShares MSCI USA Small-Cap ESG Optimized ETF,31/08/18,"Hotels, Restaurants & Leisure — 2.5%",Jack in the Box Inc.,90,"8,158",,
ESML,iShares MSCI USA Small-Cap ESG Optimized ETF,31/08/18,"Hotels, Restaurants & Leisure — 2.5%",Marriott Vacations Worldwide Corp.,136,"16,184",,
ESML,iShares MSCI USA Small-Cap ESG Optimized ETF,31/08/18,"Hotels, Restaurants & Leisure — 2.5%","Planet Fitness Inc., Class A",180,"9,247",,
ESML,iShares MSCI USA Small-Cap ESG Optimized ETF,31/08/18,"Hotels, Restaurants & Leisure — 2.5%",PlayAGS Inc.,186,"5,959",,
ESML,iShares MSCI USA Small-Cap ESG Optimized ETF,31/08/18,"Hotels, Restaurants & Leisure — 2.5%",Red Robin Gourmet Burgers Inc.,141,"5,823",,
ESML,iShares MSCI USA Small-Cap ESG Optimized ETF,31/08/18,"Hotels, Restaurants & Leisure — 2.5%","Scientific Games Corp./DE, Class A",187,"5,666",,
ESML,iShares MSCI USA Small-Cap ESG Optimized ETF,31/08/18,"Hotels, Restaurants & Leisure — 2.5%","Shake Shack Inc., Class A",182,"11,002",,
ESML,iShares MSCI USA Small-Cap ESG Optimized ETF,31/08/18,"Hotels, Restaurants & Leisure — 2.5%",Six Flags Entertainment Corp.,261,"17,631",,
ESML,iShares MSCI USA Small-Cap ESG Optimized ETF,31/08/18,"Hotels, Restaurants & Leisure — 2.5%",Wendy’s Co. (The),860,"15,179",,
ESML,iShares MSCI USA Small-Cap ESG Optimized ETF,31/08/18,"Hotels, Restaurants & Leisure — 2.5%",Wyndham Hotels & Resorts Inc.,244,"13,847","2,88,469",
ESML,iShares MSCI USA Small-Cap ESG Optimized ETF,31/08/18,Household Durables — 1.0%,Century Communities Inc.,195,"5,704",,
ESML,iShares MSCI USA Small-Cap ESG Optimized ETF,31/08/18,Household Durables — 1.0%,Ethan Allen Interiors Inc.,245,"5,451",,
ESML,iShares MSCI USA Small-Cap ESG Optimized ETF,31/08/18,Household Durables — 1.0%,Green Brick Partners Inc.,527,"5,507",,
ESML,iShares MSCI USA Small-Cap ESG Optimized ETF,31/08/18,Household Durables — 1.0%,Helen of Troy Ltd. (a)(b),162,"19,270",,
ESML,iShares MSCI USA Small-Cap ESG Optimized ETF,31/08/18,Household Durables — 1.0%,Hooker Furniture Corp.,119,"5,004",,
ESML,iShares MSCI USA Small-Cap ESG Optimized ETF,31/08/18,Household Durables — 1.0%,iRobot Corp. (a)(b),149,"16,911",,
ESML,iShares MSCI USA Small-Cap ESG Optimized ETF,31/08/18,Household Durables — 1.0%,KB Home,400,"9,940",,
ESML,iShares MSCI USA Small-Cap ESG Optimized ETF,31/08/18,Household Durables — 1.0%,La-Z-Boy Inc.,227,"7,548",,
ESML,iShares MSCI USA Small-Cap ESG Optimized ETF,31/08/18,Household Durables — 1.0%,LGI Homes Inc. (a)(b),126,"7,258",,
ESML,iShares MSCI USA Small-Cap ESG Optimized ETF,31/08/18,Household Durables — 1.0%,MDC Holdings Inc.,182,"5,769",,
ESML,iShares MSCI USA Small-Cap ESG Optimized ETF,31/08/18,Household Durables — 1.0%,Meritage Homes Corp.,122,"5,264",,
ESML,iShares MSCI USA Small-Cap ESG Optimized ETF,31/08/18,Household Durables — 1.0%,Tempur Sealy International Inc.,112,"6,204",,
ESML,iShares MSCI USA Small-Cap ESG Optimized ETF,31/08/18,Household Durables — 1.0%,TopBuild Corp.,77,"4,796",,
ESML,iShares MSCI USA Small-Cap ESG Optimized ETF,31/08/18,Household Durables — 1.0%,TRI Pointe Group Inc.,366,"5,303",,
ESML,iShares MSCI USA Small-Cap ESG Optimized ETF,31/08/18,Household Durables — 1.0%,Tupperware Brands Corp.,205,"6,667","1,16,596",
ESML,iShares MSCI USA Small-Cap ESG Optimized ETF,31/08/18,Household Products — 0.1%,Energizer Holdings Inc.,128,"8,140",,
ESML,iShares MSCI USA Small-Cap ESG Optimized ETF,31/08/18,Household Products — 0.1%,Spectrum Brands Holdings Inc.,100,"8,685","16,825",
ESML,iShares MSCI USA Small-Cap ESG Optimized ETF,31/08/18,Independent Power and Renewable Electricity Producers — 0.9%,NextEra Energy Partners LP,208,"10,088",,
ESML,iShares MSCI USA Small-Cap ESG Optimized ETF,31/08/18,Independent Power and Renewable Electricity Producers — 0.9%,NRG Energy Inc.,778,"27,534",,
ESML,iShares MSCI USA Small-Cap ESG Optimized ETF,31/08/18,Independent Power and Renewable Electricity Producers — 0.9%,"NRG Yield Inc., Class C",771,"15,304",,
ESML,iShares MSCI USA Small-Cap ESG Optimized ETF,31/08/18,Independent Power and Renewable Electricity Producers — 0.9%,Ormat Technologies Inc.,399,"21,007",,
ESML,iShares MSCI USA Small-Cap ESG Optimized ETF,31/08/18,Independent Power and Renewable Electricity Producers — 0.9%,"Pattern Energy Group Inc., Class A","1,134","23,111",,
ESML,iShares MSCI USA Small-Cap ESG Optimized ETF,31/08/18,Independent Power and Renewable Electricity Producers — 0.9%,"TerraForm Power Inc., Class A",928,"10,375","1,07,419",
ESML,iShares MSCI USA Small-Cap ESG Optimized ETF,31/08/18,Industrial Conglomerates — 0.4%,Carlisle Companies Inc.,296,"37,536",,
ESML,iShares MSCI USA Small-Cap ESG Optimized ETF,31/08/18,Industrial Conglomerates — 0.4%,Raven Industries Inc.,244,"11,809","49,345",
ESML,iShares MSCI USA Small-Cap ESG Optimized ETF,31/08/18,Insurance — 1.6%,American Equity Investment Life Holding Co.,150,"5,564",,
ESML,iShares MSCI USA Small-Cap ESG Optimized ETF,31/08/18,Insurance — 1.6%,AmTrust Financial Services Inc.,386,"5,612",,
ESML,iShares MSCI USA Small-Cap ESG Optimized ETF,31/08/18,Insurance — 1.6%,Aspen Insurance Holdings Ltd.,349,"14,361",,
ESML,iShares MSCI USA Small-Cap ESG Optimized ETF,31/08/18,Insurance — 1.6%,Assured Guaranty Ltd.,235,"9,574",,
ESML,iShares MSCI USA Small-Cap ESG Optimized ETF,31/08/18,Insurance — 1.6%,Brown & Brown Inc.,543,"16,551",,
ESML,iShares MSCI USA Small-Cap ESG Optimized ETF,31/08/18,Insurance — 1.6%,CNO Financial Group Inc.,330,"7,131",,
ESML,iShares MSCI USA Small-Cap ESG Optimized ETF,31/08/18,Insurance — 1.6%,"Crawford & Co., Class A, NVS",722,"6,159",,
ESML,iShares MSCI USA Small-Cap ESG Optimized ETF,31/08/18,Insurance — 1.6%,"Erie Indemnity Co., Class A, NVS",82,"10,129",,
ESML,iShares MSCI USA Small-Cap ESG Optimized ETF,31/08/18,Insurance — 1.6%,First American Financial Corp.,630,"35,822",,
ESML,iShares MSCI USA Small-Cap ESG Optimized ETF,31/08/18,Insurance — 1.6%,"Genworth Financial Inc., Class A","1,930","8,975",,
ESML,iShares MSCI USA Small-Cap ESG Optimized ETF,31/08/18,Insurance — 1.6%,Hanover Insurance Group Inc. (The),141,"17,271",,
ESML,iShares MSCI USA Small-Cap ESG Optimized ETF,31/08/18,Insurance — 1.6%,Horace Mann Educators Corp.,134,"6,204",,
ESML,iShares MSCI USA Small-Cap ESG Optimized ETF,31/08/18,Insurance — 1.6%,Kemper Corp.,70,"5,695",,
ESML,iShares MSCI USA Small-Cap ESG Optimized ETF,31/08/18,Insurance — 1.6%,Old Republic International Corp.,286,"6,343",,
ESML,iShares MSCI USA Small-Cap ESG Optimized ETF,31/08/18,Insurance — 1.6%,ProAssurance Corp.,179,"8,655",,
ESML,iShares MSCI USA Small-Cap ESG Optimized ETF,31/08/18,Insurance — 1.6%,Universal Insurance Holdings Inc.,135,"6,021",,
ESML,iShares MSCI USA Small-Cap ESG Optimized ETF,31/08/18,Insurance — 1.6%,White Mountains Insurance Group Ltd.,11,"10,207","1,80,274",
ESML,iShares MSCI USA Small-Cap ESG Optimized ETF,31/08/18,Internet & Direct Marketing Retail — 0.5%,Groupon Inc.,"1,202","5,133",,
ESML,iShares MSCI USA Small-Cap ESG Optimized ETF,31/08/18,Internet & Direct Marketing Retail — 0.5%,Nutrisystem Inc.,172,"6,364",,
ESML,iShares MSCI USA Small-Cap ESG Optimized ETF,31/08/18,Internet & Direct Marketing Retail — 0.5%,Shutterfly Inc.,208,"16,157",,
ESML,iShares MSCI USA Small-Cap ESG Optimized ETF,31/08/18,Internet & Direct Marketing Retail — 0.5%,"Wayfair Inc., Class A (a)(b)",181,"24,466","52,120",
ESML,iShares MSCI USA Small-Cap ESG Optimized ETF,31/08/18,Internet Software & Services — 2.6%,2U Inc. (a)(b),173,"15,459",,
ESML,iShares MSCI USA Small-Cap ESG Optimized ETF,31/08/18,Internet Software & Services — 2.6%,"ANGI Homeservices Inc., Class A",277,"6,000",,
ESML,iShares MSCI USA Small-Cap ESG Optimized ETF,31/08/18,Internet Software & Services — 2.6%,Benefitfocus Inc.,142,"6,262",,
ESML,iShares MSCI USA Small-Cap ESG Optimized ETF,31/08/18,Internet Software & Services — 2.6%,"Box Inc., Class A",228,"5,600",,
ESML,iShares MSCI USA Small-Cap ESG Optimized ETF,31/08/18,Internet Software & Services — 2.6%,Carbonite Inc. (a)(b),139,"5,776",,
ESML,iShares MSCI USA Small-Cap ESG Optimized ETF,31/08/18,Internet Software & Services — 2.6%,Cloudera Inc.,411,"6,169",,
ESML,iShares MSCI USA Small-Cap ESG Optimized ETF,31/08/18,Internet Software & Services — 2.6%,Coupa Software Inc. (a)(b),161,"11,545",,
ESML,iShares MSCI USA Small-Cap ESG Optimized ETF,31/08/18,Internet Software & Services — 2.6%,Envestnet Inc.,121,"7,647",,
ESML,iShares MSCI USA Small-Cap ESG Optimized ETF,31/08/18,Internet Software & Services — 2.6%,Etsy Inc.,375,"18,259",,
ESML,iShares MSCI USA Small-Cap ESG Optimized ETF,31/08/18,Internet Software & Services — 2.6%,Five9 Inc.,229,"11,004",,
ESML,iShares MSCI USA Small-Cap ESG Optimized ETF,31/08/18,Internet Software & Services — 2.6%,Gogo Inc. (a)(b),"1,217","5,464",,
ESML,iShares MSCI USA Small-Cap ESG Optimized ETF,31/08/18,Internet Software & Services — 2.6%,GrubHub Inc. (a)(b),218,"31,416",,
ESML,iShares MSCI USA Small-Cap ESG Optimized ETF,31/08/18,Internet Software & Services — 2.6%,Limelight Networks Inc.,"1,375","6,971",,
ESML,iShares MSCI USA Small-Cap ESG Optimized ETF,31/08/18,Internet Software & Services — 2.6%,LivePerson Inc.,286,"7,694",,
ESML,iShares MSCI USA Small-Cap ESG Optimized ETF,31/08/18,Internet Software & Services — 2.6%,LogMeIn Inc.,224,"19,253",,
ESML,iShares MSCI USA Small-Cap ESG Optimized ETF,31/08/18,Internet Software & Services — 2.6%,"MINDBODY Inc., Class A",336,"12,466",,
ESML,iShares MSCI USA Small-Cap ESG Optimized ETF,31/08/18,Internet Software & Services — 2.6%,New Relic Inc.,170,"17,469",,
ESML,iShares MSCI USA Small-Cap ESG Optimized ETF,31/08/18,Internet Software & Services — 2.6%,"Nutanix Inc., Class A (a)(b)",426,"23,992",,
ESML,iShares MSCI USA Small-Cap ESG Optimized ETF,31/08/18,Internet Software & Services — 2.6%,Pandora Media Inc.,755,"6,976",,
ESML,iShares MSCI USA Small-Cap ESG Optimized ETF,31/08/18,Internet Software & Services — 2.6%,Quotient Technology Inc.,514,"7,684",,
ESML,iShares MSCI USA Small-Cap ESG Optimized ETF,31/08/18,Internet Software & Services — 2.6%,SendGrid Inc.,179,"6,492",,
ESML,iShares MSCI USA Small-Cap ESG Optimized ETF,31/08/18,Internet Software & Services — 2.6%,SPS Commerce Inc.,79,"7,764",,
ESML,iShares MSCI USA Small-Cap ESG Optimized ETF,31/08/18,Internet Software & Services — 2.6%,Stamps.com Inc.,34,"8,447",,
ESML,iShares MSCI USA Small-Cap ESG Optimized ETF,31/08/18,Internet Software & Services — 2.6%,"Trade Desk Inc. (The), Class A",83,"11,776",,
ESML,iShares MSCI USA Small-Cap ESG Optimized ETF,31/08/18,Internet Software & Services — 2.6%,"Twilio Inc., Class A",245,"19,762",,
ESML,iShares MSCI USA Small-Cap ESG Optimized ETF,31/08/18,Internet Software & Services — 2.6%,Yelp Inc.,135,"6,361","2,93,708",
ESML,iShares MSCI USA Small-Cap ESG Optimized ETF,31/08/18,IT Services — 2.6%,Acxiom Corp.,189,"8,635",,
ESML,iShares MSCI USA Small-Cap ESG Optimized ETF,31/08/18,IT Services — 2.6%,Black Knight Inc. (a)(b),453,"24,190",,
ESML,iShares MSCI USA Small-Cap ESG Optimized ETF,31/08/18,IT Services — 2.6%,Booz Allen Hamilton Holding Corp.,592,"30,287",,
ESML,iShares MSCI USA Small-Cap ESG Optimized ETF,31/08/18,IT Services — 2.6%,"CACI International Inc., Class A",78,"15,210",,
ESML,iShares MSCI USA Small-Cap ESG Optimized ETF,31/08/18,IT Services — 2.6%,"Cardtronics PLC, Class A",152,"5,334",,
ESML,iShares MSCI USA Small-Cap ESG Optimized ETF,31/08/18,IT Services — 2.6%,Conduent Inc.,873,"20,236",,
ESML,iShares MSCI USA Small-Cap ESG Optimized ETF,31/08/18,IT Services — 2.6%,CSG Systems International Inc.,141,"5,266",,
ESML,iShares MSCI USA Small-Cap ESG Optimized ETF,31/08/18,IT Services — 2.6%,EPAM Systems Inc.,102,"14,579",,
ESML,iShares MSCI USA Small-Cap ESG Optimized ETF,31/08/18,IT Services — 2.6%,Euronet Worldwide Inc.,75,"7,335",,
ESML,iShares MSCI USA Small-Cap ESG Optimized ETF,31/08/18,IT Services — 2.6%,Everi Holdings Inc.,716,"6,208",,
ESML,iShares MSCI USA Small-Cap ESG Optimized ETF,31/08/18,IT Services — 2.6%,ExlService Holdings Inc.,100,"6,408",,
ESML,iShares MSCI USA Small-Cap ESG Optimized ETF,31/08/18,IT Services — 2.6%,MoneyGram International Inc.,837,"5,449",,
ESML,iShares MSCI USA Small-Cap ESG Optimized ETF,31/08/18,IT Services — 2.6%,Perspecta Inc.,406,"9,444",,
ESML,iShares MSCI USA Small-Cap ESG Optimized ETF,31/08/18,IT Services — 2.6%,Science Applications International Corp.,192,"17,322",,
ESML,iShares MSCI USA Small-Cap ESG Optimized ETF,31/08/18,IT Services — 2.6%,ServiceSource International Inc.,"1,695","5,407",,
ESML,iShares MSCI USA Small-Cap ESG Optimized ETF,31/08/18,IT Services — 2.6%,Sykes Enterprises Inc.,456,"13,790",,
ESML,iShares MSCI USA Small-Cap ESG Optimized ETF,31/08/18,IT Services — 2.6%,Teradata Corp.,909,"37,696",,
ESML,iShares MSCI USA Small-Cap ESG Optimized ETF,31/08/18,IT Services — 2.6%,Travelport Worldwide Ltd.,"1,041","19,331",,
ESML,iShares MSCI USA Small-Cap ESG Optimized ETF,31/08/18,IT Services — 2.6%,TTEC Holdings Inc.,216,"5,659",,
ESML,iShares MSCI USA Small-Cap ESG Optimized ETF,31/08/18,IT Services — 2.6%,Virtusa Corp.,158,"9,205",,
ESML,iShares MSCI USA Small-Cap ESG Optimized ETF,31/08/18,IT Services — 2.6%,WEX Inc.,160,"30,435","2,97,426",
ESML,iShares MSCI USA Small-Cap ESG Optimized ETF,31/08/18,Leisure Products — 0.1%,Brunswick Corp./DE,85,"5,646",,
ESML,iShares MSCI USA Small-Cap ESG Optimized ETF,31/08/18,Leisure Products — 0.1%,Callaway Golf Co.,497,"11,336","16,982",
ESML,iShares MSCI USA Small-Cap ESG Optimized ETF,31/08/18,Life Sciences Tools & Services — 1.1%,Accelerate Diagnostics Inc. (a)(b),252,"6,199",,
ESML,iShares MSCI USA Small-Cap ESG Optimized ETF,31/08/18,Life Sciences Tools & Services — 1.1%,"Bio-Rad Laboratories Inc., Class A",35,"11,385",,
ESML,iShares MSCI USA Small-Cap ESG Optimized ETF,31/08/18,Life Sciences Tools & Services — 1.1%,Bio-Techne Corp.,45,"8,648",,
ESML,iShares MSCI USA Small-Cap ESG Optimized ETF,31/08/18,Life Sciences Tools & Services — 1.1%,Bruker Corp.,544,"19,356",,
ESML,iShares MSCI USA Small-Cap ESG Optimized ETF,31/08/18,Life Sciences Tools & Services — 1.1%,Charles River Laboratories International Inc.,50,"6,176",,
ESML,iShares MSCI USA Small-Cap ESG Optimized ETF,31/08/18,Life Sciences Tools & Services — 1.1%,Luminex Corp.,398,"11,228",,
ESML,iShares MSCI USA Small-Cap ESG Optimized ETF,31/08/18,Life Sciences Tools & Services — 1.1%,NeoGenomics Inc.,477,"6,606",,
ESML,iShares MSCI USA Small-Cap ESG Optimized ETF,31/08/18,Life Sciences Tools & Services — 1.1%,PerkinElmer Inc.,447,"41,316",,
ESML,iShares MSCI USA Small-Cap ESG Optimized ETF,31/08/18,Life Sciences Tools & Services — 1.1%,PRA Health Sciences Inc.,125,"13,200",,
ESML,iShares MSCI USA Small-Cap ESG Optimized ETF,31/08/18,Life Sciences Tools & Services — 1.1%,Syneos Health Inc.,150,"7,477","1,31,591",
ESML,iShares MSCI USA Small-Cap ESG Optimized ETF,31/08/18,Machinery — 4.1%,"Actuant Corp., Class A",332,"9,777",,
ESML,iShares MSCI USA Small-Cap ESG Optimized ETF,31/08/18,Machinery — 4.1%,Alamo Group Inc.,80,"7,624",,
ESML,iShares MSCI USA Small-Cap ESG Optimized ETF,31/08/18,Machinery — 4.1%,Allison Transmission Holdings Inc.,386,"19,169",,
ESML,iShares MSCI USA Small-Cap ESG Optimized ETF,31/08/18,Machinery — 4.1%,Barnes Group Inc.,265,"18,036",,
ESML,iShares MSCI USA Small-Cap ESG Optimized ETF,31/08/18,Machinery — 4.1%,Briggs & Stratton Corp.,644,"12,983",,
ESML,iShares MSCI USA Small-Cap ESG Optimized ETF,31/08/18,Machinery — 4.1%,Chart Industries Inc.,140,"10,577",,
ESML,iShares MSCI USA Small-Cap ESG Optimized ETF,31/08/18,Machinery — 4.1%,Crane Co.,72,"6,572",,
ESML,iShares MSCI USA Small-Cap ESG Optimized ETF,31/08/18,Machinery — 4.1%,Donaldson Co. Inc.,799,"40,429",,
ESML,iShares MSCI USA Small-Cap ESG Optimized ETF,31/08/18,Machinery — 4.1%,ESCO Technologies Inc.,203,"13,733",,
ESML,iShares MSCI USA Small-Cap ESG Optimized ETF,31/08/18,Machinery — 4.1%,Evoqua Water Technologies Corp.,416,"8,062",,
ESML,iShares MSCI USA Small-Cap ESG Optimized ETF,31/08/18,Machinery — 4.1%,Federal Signal Corp.,222,"5,779",,
ESML,iShares MSCI USA Small-Cap ESG Optimized ETF,31/08/18,Machinery — 4.1%,Franklin Electric Co. Inc.,404,"19,756",,
ESML,iShares MSCI USA Small-Cap ESG Optimized ETF,31/08/18,Machinery — 4.1%,Gardner Denver Holdings Inc.,262,"7,325",,
ESML,iShares MSCI USA Small-Cap ESG Optimized ETF,31/08/18,Machinery — 4.1%,Gates Industrial Corp. PLC,313,"5,706",,
ESML,iShares MSCI USA Small-Cap ESG Optimized ETF,31/08/18,Machinery — 4.1%,Graco Inc.,143,"6,722",,
ESML,iShares MSCI USA Small-Cap ESG Optimized ETF,31/08/18,Machinery — 4.1%,Harsco Corp.,214,"6,045",,
ESML,iShares MSCI USA Small-Cap ESG Optimized ETF,31/08/18,Machinery — 4.1%,Hillenbrand Inc.,395,"20,204",,
ESML,iShares MSCI USA Small-Cap ESG Optimized ETF,31/08/18,Machinery — 4.1%,Hyster-Yale Materials Handling Inc.,93,"5,738",,
ESML,iShares MSCI USA Small-Cap ESG Optimized ETF,31/08/18,Machinery — 4.1%,ITT Inc.,273,"16,137",,
ESML,iShares MSCI USA Small-Cap ESG Optimized ETF,31/08/18,Machinery — 4.1%,John Bean Technologies Corp.,90,"10,647",,
ESML,iShares MSCI USA Small-Cap ESG Optimized ETF,31/08/18,Machinery — 4.1%,Kennametal Inc.,237,"9,679",,
ESML,iShares MSCI USA Small-Cap ESG Optimized ETF,31/08/18,Machinery — 4.1%,Lindsay Corp.,76,"7,279",,
ESML,iShares MSCI USA Small-Cap ESG Optimized ETF,31/08/18,Machinery — 4.1%,Lydall Inc.,133,"5,692",,
ESML,iShares MSCI USA Small-Cap ESG Optimized ETF,31/08/18,Machinery — 4.1%,Meritor Inc.,436,"9,444",,
ESML,iShares MSCI USA Small-Cap ESG Optimized ETF,31/08/18,Machinery — 4.1%,Navistar International Corp.,289,"12,592",,
ESML,iShares MSCI USA Small-Cap ESG Optimized ETF,31/08/18,Machinery — 4.1%,Nordson Corp.,83,"11,539",,
ESML,iShares MSCI USA Small-Cap ESG Optimized ETF,31/08/18,Machinery — 4.1%,Oshkosh Corp.,359,"25,223",,
ESML,iShares MSCI USA Small-Cap ESG Optimized ETF,31/08/18,Machinery — 4.1%,Proto Labs Inc.,88,"13,680",,
ESML,iShares MSCI USA Small-Cap ESG Optimized ETF,31/08/18,Machinery — 4.1%,Spartan Motors Inc.,362,"5,231",,
ESML,iShares MSCI USA Small-Cap ESG Optimized ETF,31/08/18,Machinery — 4.1%,Tennant Co.,103,"7,885",,
ESML,iShares MSCI USA Small-Cap ESG Optimized ETF,31/08/18,Machinery — 4.1%,Terex Corp.,261,"10,114",,
ESML,iShares MSCI USA Small-Cap ESG Optimized ETF,31/08/18,Machinery — 4.1%,Timken Co. (The),116,"5,643",,
ESML,iShares MSCI USA Small-Cap ESG Optimized ETF,31/08/18,Machinery — 4.1%,Toro Co. (The),427,"25,957",,
ESML,iShares MSCI USA Small-Cap ESG Optimized ETF,31/08/18,Machinery — 4.1%,TriMas Corp.,198,"6,079",,
ESML,iShares MSCI USA Small-Cap ESG Optimized ETF,31/08/18,Machinery — 4.1%,Trinity Industries Inc.,153,"5,484",,
ESML,iShares MSCI USA Small-Cap ESG Optimized ETF,31/08/18,Machinery — 4.1%,Wabash National Corp.,287,"5,235",,
ESML,iShares MSCI USA Small-Cap ESG Optimized ETF,31/08/18,Machinery — 4.1%,"Watts Water Technologies Inc., Class A",144,"11,873",,
ESML,iShares MSCI USA Small-Cap ESG Optimized ETF,31/08/18,Machinery — 4.1%,Welbilt Inc.,656,"14,517",,
ESML,iShares MSCI USA Small-Cap ESG Optimized ETF,31/08/18,Machinery — 4.1%,Woodward Inc.,287,"23,121","4,67,288",
ESML,iShares MSCI USA Small-Cap ESG Optimized ETF,31/08/18,Media — 1.8%,Cable One Inc.,22,"18,430",,
ESML,iShares MSCI USA Small-Cap ESG Optimized ETF,31/08/18,Media — 1.8%,Cinemark Holdings Inc.,900,"33,588",,
ESML,iShares MSCI USA Small-Cap ESG Optimized ETF,31/08/18,Media — 1.8%,Gannett Co. Inc.,915,"9,406",,
ESML,iShares MSCI USA Small-Cap ESG Optimized ETF,31/08/18,Media — 1.8%,"GCI Liberty Inc., Class A",233,"11,436",,
ESML,iShares MSCI USA Small-Cap ESG Optimized ETF,31/08/18,Media — 1.8%,Hemisphere Media Group Inc.,927,"12,700",,
ESML,iShares MSCI USA Small-Cap ESG Optimized ETF,31/08/18,Media — 1.8%,IMAX Corp.,411,"9,658",,
ESML,iShares MSCI USA Small-Cap ESG Optimized ETF,31/08/18,Media — 1.8%,"John Wiley & Sons Inc., Class A",276,"17,816",,
ESML,iShares MSCI USA Small-Cap ESG Optimized ETF,31/08/18,Media — 1.8%,"Liberty Latin America Ltd., Class C, NVS (a)(b)",389,"7,636",,
ESML,iShares MSCI USA Small-Cap ESG Optimized ETF,31/08/18,Media — 1.8%,"Lions Gate Entertainment Corp., Class A",412,"9,690",,
ESML,iShares MSCI USA Small-Cap ESG Optimized ETF,31/08/18,Media — 1.8%,Loral Space & Communications Inc.,141,"6,253",,
ESML,iShares MSCI USA Small-Cap ESG Optimized ETF,31/08/18,Media — 1.8%,Meredith Corp.,108,"5,578",,
ESML,iShares MSCI USA Small-Cap ESG Optimized ETF,31/08/18,Media — 1.8%,National CineMedia Inc.,620,"5,642",,
ESML,iShares MSCI USA Small-Cap ESG Optimized ETF,31/08/18,Media — 1.8%,"New York Times Co. (The), Class A",780,"18,174",,
ESML,iShares MSCI USA Small-Cap ESG Optimized ETF,31/08/18,Media — 1.8%,"Nexstar Media Group Inc., Class A",88,"7,216",,
ESML,iShares MSCI USA Small-Cap ESG Optimized ETF,31/08/18,Media — 1.8%,"Scholastic Corp., NVS",151,"6,348",,
ESML,iShares MSCI USA Small-Cap ESG Optimized ETF,31/08/18,Media — 1.8%,"Sinclair Broadcast Group Inc., Class A",199,"5,761",,
ESML,iShares MSCI USA Small-Cap ESG Optimized ETF,31/08/18,Media — 1.8%,TEGNA Inc.,495,"5,762",,
ESML,iShares MSCI USA Small-Cap ESG Optimized ETF,31/08/18,Media — 1.8%,"Tribune Media Co., Class A",165,"6,087",,
ESML,iShares MSCI USA Small-Cap ESG Optimized ETF,31/08/18,Media — 1.8%,"World Wrestling Entertainment Inc., Class A",94,"8,217","2,05,398",
ESML,iShares MSCI USA Small-Cap ESG Optimized ETF,31/08/18,Metals & Mining — 1.2%,Alcoa Corp.,672,"30,018",,
ESML,iShares MSCI USA Small-Cap ESG Optimized ETF,31/08/18,Metals & Mining — 1.2%,Century Aluminum Co.,459,"5,793",,
ESML,iShares MSCI USA Small-Cap ESG Optimized ETF,31/08/18,Metals & Mining — 1.2%,Cleveland-Cliffs Inc.,928,"9,326",,
ESML,iShares MSCI USA Small-Cap ESG Optimized ETF,31/08/18,Metals & Mining — 1.2%,Commercial Metals Co.,528,"11,405",,
ESML,iShares MSCI USA Small-Cap ESG Optimized ETF,31/08/18,Metals & Mining — 1.2%,Compass Minerals International Inc.,142,"8,882",,
ESML,iShares MSCI USA Small-Cap ESG Optimized ETF,31/08/18,Metals & Mining — 1.2%,Reliance Steel & Aluminum Co.,337,"29,619",,
ESML,iShares MSCI USA Small-Cap ESG Optimized ETF,31/08/18,Metals & Mining — 1.2%,Royal Gold Inc.,352,"26,843",,
ESML,iShares MSCI USA Small-Cap ESG Optimized ETF,31/08/18,Metals & Mining — 1.2%,"Schnitzer Steel Industries Inc., Class A",436,"11,489",,
ESML,iShares MSCI USA Small-Cap ESG Optimized ETF,31/08/18,Metals & Mining — 1.2%,Metals & Mining (continued) U.S. Steel Corp.,317,"9,409","1,42,784",
ESML,iShares MSCI USA Small-Cap ESG Optimized ETF,31/08/18,Mortgage Real Estate Investment — 0.8%,Apollo Commercial Real Estate Finance Inc.,770,"14,961",,
ESML,iShares MSCI USA Small-Cap ESG Optimized ETF,31/08/18,Mortgage Real Estate Investment — 0.8%,Chimera Investment Corp.,426,"7,936",,
ESML,iShares MSCI USA Small-Cap ESG Optimized ETF,31/08/18,Mortgage Real Estate Investment — 0.8%,Dynex Capital Inc.,851,"5,455",,
ESML,iShares MSCI USA Small-Cap ESG Optimized ETF,31/08/18,Mortgage Real Estate Investment — 0.8%,Granite Point Mortgage Trust Inc.,378,"7,235",,
ESML,iShares MSCI USA Small-Cap ESG Optimized ETF,31/08/18,Mortgage Real Estate Investment — 0.8%,Hannon Armstrong Sustainable Infrastructure Capital Inc.,341,"7,352",,
ESML,iShares MSCI USA Small-Cap ESG Optimized ETF,31/08/18,Mortgage Real Estate Investment — 0.8%,Invesco Mortgage Capital Inc.,357,"5,794",,
ESML,iShares MSCI USA Small-Cap ESG Optimized ETF,31/08/18,Mortgage Real Estate Investment — 0.8%,MTGE Investment Corp.,292,"5,723",,
ESML,iShares MSCI USA Small-Cap ESG Optimized ETF,31/08/18,Mortgage Real Estate Investment — 0.8%,New Residential Investment Corp.,449,"8,338",,
ESML,iShares MSCI USA Small-Cap ESG Optimized ETF,31/08/18,Mortgage Real Estate Investment — 0.8%,Starwood Property Trust Inc.,"1,262","27,802","90,596",
ESML,iShares MSCI USA Small-Cap ESG Optimized ETF,31/08/18,Multi-Utilities — 0.5%,Avista Corp.,743,"38,123",,
ESML,iShares MSCI USA Small-Cap ESG Optimized ETF,31/08/18,Multi-Utilities — 0.5%,MDU Resources Group Inc.,484,"13,499","51,622",
ESML,iShares MSCI USA Small-Cap ESG Optimized ETF,31/08/18,Multiline Retail — 0.1%,Big Lots Inc.,190,"8,180","8,180",
ESML,iShares MSCI USA Small-Cap ESG Optimized ETF,31/08/18,"Oil, Gas & Consumable Fuels — 2.9%",California Resources Corp.,178,"7,394",,
ESML,iShares MSCI USA Small-Cap ESG Optimized ETF,31/08/18,"Oil, Gas & Consumable Fuels — 2.9%",Callon Petroleum Co. (a)(b),829,"9,368",,
ESML,iShares MSCI USA Small-Cap ESG Optimized ETF,31/08/18,"Oil, Gas & Consumable Fuels — 2.9%",Carrizo Oil &Gas Inc.,233,"5,643",,
ESML,iShares MSCI USA Small-Cap ESG Optimized ETF,31/08/18,"Oil, Gas & Consumable Fuels — 2.9%","Centennial Resource Development Inc./DE, Class A",306,"5,897",,
ESML,iShares MSCI USA Small-Cap ESG Optimized ETF,31/08/18,"Oil, Gas & Consumable Fuels — 2.9%",Chesapeake Energy Corp.,"2,734","12,112",,
ESML,iShares MSCI USA Small-Cap ESG Optimized ETF,31/08/18,"Oil, Gas & Consumable Fuels — 2.9%",CNX Resources Corp.,558,"8,895",,
ESML,iShares MSCI USA Small-Cap ESG Optimized ETF,31/08/18,"Oil, Gas & Consumable Fuels — 2.9%",CONSOL Energy Inc.,135,"5,792",,
ESML,iShares MSCI USA Small-Cap ESG Optimized ETF,31/08/18,"Oil, Gas & Consumable Fuels — 2.9%",Delek U.S. Holdings Inc.,278,"15,151",,
ESML,iShares MSCI USA Small-Cap ESG Optimized ETF,31/08/18,"Oil, Gas & Consumable Fuels — 2.9%",Denbury Resources Inc.,"2,136","11,898",,
ESML,iShares MSCI USA Small-Cap ESG Optimized ETF,31/08/18,"Oil, Gas & Consumable Fuels — 2.9%",Energen Corp.,348,"26,987",,
ESML,iShares MSCI USA Small-Cap ESG Optimized ETF,31/08/18,"Oil, Gas & Consumable Fuels — 2.9%",EnLink Midstream LLC,321,"5,232",,
ESML,iShares MSCI USA Small-Cap ESG Optimized ETF,31/08/18,"Oil, Gas & Consumable Fuels — 2.9%",Green Plains Inc.,320,"5,680",,
ESML,iShares MSCI USA Small-Cap ESG Optimized ETF,31/08/18,"Oil, Gas & Consumable Fuels — 2.9%",Gulfport Energy Corp.,541,"6,362",,
ESML,iShares MSCI USA Small-Cap ESG Optimized ETF,31/08/18,"Oil, Gas & Consumable Fuels — 2.9%",Kosmos Energy Ltd.,"1,815","16,408",,
ESML,iShares MSCI USA Small-Cap ESG Optimized ETF,31/08/18,"Oil, Gas & Consumable Fuels — 2.9%",Laredo Petroleum Inc. (a)(b),697,"5,778",,
ESML,iShares MSCI USA Small-Cap ESG Optimized ETF,31/08/18,"Oil, Gas & Consumable Fuels — 2.9%",Matador Resources Co.,179,"5,860",,
ESML,iShares MSCI USA Small-Cap ESG Optimized ETF,31/08/18,"Oil, Gas & Consumable Fuels — 2.9%",Murphy Oil Corp.,222,"6,844",,
ESML,iShares MSCI USA Small-Cap ESG Optimized ETF,31/08/18,"Oil, Gas & Consumable Fuels — 2.9%",Oasis Petroleum Inc.,985,"13,258",,
ESML,iShares MSCI USA Small-Cap ESG Optimized ETF,31/08/18,"Oil, Gas & Consumable Fuels — 2.9%","PBF Energy Inc., Class A",349,"18,120",,
ESML,iShares MSCI USA Small-Cap ESG Optimized ETF,31/08/18,"Oil, Gas & Consumable Fuels — 2.9%",PDC Energy Inc.,215,"11,328",,
ESML,iShares MSCI USA Small-Cap ESG Optimized ETF,31/08/18,"Oil, Gas & Consumable Fuels — 2.9%",Peabody Energy Corp.,421,"17,392",,
ESML,iShares MSCI USA Small-Cap ESG Optimized ETF,31/08/18,"Oil, Gas & Consumable Fuels — 2.9%",QEP Resources Inc.,820,"8,175",,
ESML,iShares MSCI USA Small-Cap ESG Optimized ETF,31/08/18,"Oil, Gas & Consumable Fuels — 2.9%",Range Resources Corp.,725,"11,904",,
ESML,iShares MSCI USA Small-Cap ESG Optimized ETF,31/08/18,"Oil, Gas & Consumable Fuels — 2.9%",Renewable Energy Group Inc.,226,"6,091",,
ESML,iShares MSCI USA Small-Cap ESG Optimized ETF,31/08/18,"Oil, Gas & Consumable Fuels — 2.9%","SemGroup Corp., Class A",212,"5,130",,
ESML,iShares MSCI USA Small-Cap ESG Optimized ETF,31/08/18,"Oil, Gas & Consumable Fuels — 2.9%",SM Energy Co.,397,"11,946",,
ESML,iShares MSCI USA Small-Cap ESG Optimized ETF,31/08/18,"Oil, Gas & Consumable Fuels — 2.9%",Southwestern Energy Co.,"2,099","11,796",,
ESML,iShares MSCI USA Small-Cap ESG Optimized ETF,31/08/18,"Oil, Gas & Consumable Fuels — 2.9%",SRC Energy Inc. (a)(b),628,"5,847",,
ESML,iShares MSCI USA Small-Cap ESG Optimized ETF,31/08/18,"Oil, Gas & Consumable Fuels — 2.9%",Talos Energy Inc.,187,"6,455",,
ESML,iShares MSCI USA Small-Cap ESG Optimized ETF,31/08/18,"Oil, Gas & Consumable Fuels — 2.9%",Whiting Petroleum Corp.,256,"13,033",,
ESML,iShares MSCI USA Small-Cap ESG Optimized ETF,31/08/18,"Oil, Gas & Consumable Fuels — 2.9%",World Fuel Services Corp.,395,"11,072",,
ESML,iShares MSCI USA Small-Cap ESG Optimized ETF,31/08/18,"Oil, Gas & Consumable Fuels — 2.9%",WPX Energy Inc.,"1,052","20,062","3,32,910",
ESML,iShares MSCI USA Small-Cap ESG Optimized ETF,31/08/18,Paper & Forest Products — 0.5%,Boise Cascade Co.,519,"22,680",,
ESML,iShares MSCI USA Small-Cap ESG Optimized ETF,31/08/18,Paper & Forest Products — 0.5%,Clearwater Paper Corp.,192,"5,578",,
ESML,iShares MSCI USA Small-Cap ESG Optimized ETF,31/08/18,Paper & Forest Products — 0.5%,Domtar Corp.,253,"12,878",,
ESML,iShares MSCI USA Small-Cap ESG Optimized ETF,31/08/18,Paper & Forest Products — 0.5%,KapStone Paper and Packaging Corp.,270,"9,274",,
ESML,iShares MSCI USA Small-Cap ESG Optimized ETF,31/08/18,Paper & Forest Products — 0.5%,Louisiana-Pacific Corp.,351,"10,235","60,645",
ESML,iShares MSCI USA Small-Cap ESG Optimized ETF,31/08/18,Personal Products — 0.5%,Edgewell Personal Care Co.,144,"8,132",,
ESML,iShares MSCI USA Small-Cap ESG Optimized ETF,31/08/18,Personal Products — 0.5%,Herbalife Nutrition Ltd.,332,"18,788",,
ESML,iShares MSCI USA Small-Cap ESG Optimized ETF,31/08/18,Personal Products — 0.5%,Medifast Inc.,76,"17,385",,
ESML,iShares MSCI USA Small-Cap ESG Optimized ETF,31/08/18,Personal Products — 0.5%,"Nu Skin Enterprises Inc., Class A",94,"7,482",,
ESML,iShares MSCI USA Small-Cap ESG Optimized ETF,31/08/18,Personal Products — 0.5%,USANA Health Sciences Inc.,43,"5,674","57,461",
ESML,iShares MSCI USA Small-Cap ESG Optimized ETF,31/08/18,Pharmaceuticals — 1.5%,Aclaris Therapeutics Inc.,349,"5,556",,
ESML,iShares MSCI USA Small-Cap ESG Optimized ETF,31/08/18,Pharmaceuticals — 1.5%,Aerie Pharmaceuticals Inc.,123,"7,546",,
ESML,iShares MSCI USA Small-Cap ESG Optimized ETF,31/08/18,Pharmaceuticals — 1.5%,Akorn Inc.,326,"5,115",,
ESML,iShares MSCI USA Small-Cap ESG Optimized ETF,31/08/18,Pharmaceuticals — 1.5%,Amneal Pharmaceuticals Inc.,302,"6,976",,
ESML,iShares MSCI USA Small-Cap ESG Optimized ETF,31/08/18,Pharmaceuticals — 1.5%,Assembly Biosciences Inc.,154,"6,160",,
ESML,iShares MSCI USA Small-Cap ESG Optimized ETF,31/08/18,Pharmaceuticals — 1.5%,Catalent Inc.,466,"19,479",,
ESML,iShares MSCI USA Small-Cap ESG Optimized ETF,31/08/18,Pharmaceuticals — 1.5%,Corcept Therapeutics Inc.,419,"6,293",,
ESML,iShares MSCI USA Small-Cap ESG Optimized ETF,31/08/18,Pharmaceuticals — 1.5%,Cymabay Therapeutics Inc.,473,"6,447",,
ESML,iShares MSCI USA Small-Cap ESG Optimized ETF,31/08/18,Pharmaceuticals — 1.5%,Endo International PLC,517,"8,866",,
ESML,iShares MSCI USA Small-Cap ESG Optimized ETF,31/08/18,Pharmaceuticals — 1.5%,Endocyte Inc.,324,"6,389",,
ESML,iShares MSCI USA Small-Cap ESG Optimized ETF,31/08/18,Pharmaceuticals — 1.5%,Horizon Pharma PLC,490,"10,359",,
ESML,iShares MSCI USA Small-Cap ESG Optimized ETF,31/08/18,Pharmaceuticals — 1.5%,Intersect ENT Inc.,212,"6,212",,
ESML,iShares MSCI USA Small-Cap ESG Optimized ETF,31/08/18,Pharmaceuticals — 1.5%,Intra-Cellular Therapies Inc.,284,"6,231",,
ESML,iShares MSCI USA Small-Cap ESG Optimized ETF,31/08/18,Pharmaceuticals — 1.5%,Mallinckrodt PLC,160,"5,514",,
ESML,iShares MSCI USA Small-Cap ESG Optimized ETF,31/08/18,Pharmaceuticals — 1.5%,Medicines Co. (The),251,"9,942",,
ESML,iShares MSCI USA Small-Cap ESG Optimized ETF,31/08/18,Pharmaceuticals — 1.5%,MyoKardia Inc.,112,"6,905",,
ESML,iShares MSCI USA Small-Cap ESG Optimized ETF,31/08/18,Pharmaceuticals — 1.5%,Pacira Pharmaceuticals Inc./DE,124,"5,847",,
ESML,iShares MSCI USA Small-Cap ESG Optimized ETF,31/08/18,Pharmaceuticals — 1.5%,Prestige Consumer Healthcare Inc.,160,"6,160",,
ESML,iShares MSCI USA Small-Cap ESG Optimized ETF,31/08/18,Pharmaceuticals — 1.5%,"Reata Pharmaceuticals Inc., Series A",80,"6,909",,
ESML,iShares MSCI USA Small-Cap ESG Optimized ETF,31/08/18,Pharmaceuticals — 1.5%,Revance Therapeutics Inc.,207,"5,672",,
ESML,iShares MSCI USA Small-Cap ESG Optimized ETF,31/08/18,Pharmaceuticals — 1.5%,Supernus Pharmaceuticals Inc.,155,"6,866",,
ESML,iShares MSCI USA Small-Cap ESG Optimized ETF,31/08/18,Pharmaceuticals — 1.5%,Theravance Biopharma Inc.,240,"6,953",,
ESML,iShares MSCI USA Small-Cap ESG Optimized ETF,31/08/18,Pharmaceuticals — 1.5%,Zogenix Inc. (a)(b),135,"6,520","1,68,917",
ESML,iShares MSCI USA Small-Cap ESG Optimized ETF,31/08/18,Professional Services — 1.4%,ASGN Inc.,161,"14,907",,
ESML,iShares MSCI USA Small-Cap ESG Optimized ETF,31/08/18,Professional Services — 1.4%,Dun & Bradstreet Corp. (The),82,"11,719",,
ESML,iShares MSCI USA Small-Cap ESG Optimized ETF,31/08/18,Professional Services — 1.4%,Exponent Inc.,108,"5,654",,
ESML,iShares MSCI USA Small-Cap ESG Optimized ETF,31/08/18,Professional Services — 1.4%,FTI Consulting Inc.,176,"13,415",,
ESML,iShares MSCI USA Small-Cap ESG Optimized ETF,31/08/18,Professional Services — 1.4%,GP Strategies Corp.,294,"5,601",,
ESML,iShares MSCI USA Small-Cap ESG Optimized ETF,31/08/18,Professional Services — 1.4%,ICF International Inc.,135,"11,023",,
ESML,iShares MSCI USA Small-Cap ESG Optimized ETF,31/08/18,Professional Services — 1.4%,Insperity Inc.,134,"16,060",,
ESML,iShares MSCI USA Small-Cap ESG Optimized ETF,31/08/18,Professional Services — 1.4%,"Kelly Services Inc., Class A, NVS",617,"15,554",,
ESML,iShares MSCI USA Small-Cap ESG Optimized ETF,31/08/18,Professional Services — 1.4%,Korn/Ferry International,156,"10,472",,
ESML,iShares MSCI USA Small-Cap ESG Optimized ETF,31/08/18,Professional Services — 1.4%,Navigant Consulting Inc.,244,"5,829",,
ESML,iShares MSCI USA Small-Cap ESG Optimized ETF,31/08/18,Professional Services — 1.4%,Resources Connection Inc.,348,"5,759",,
ESML,iShares MSCI USA Small-Cap ESG Optimized ETF,31/08/18,Professional Services — 1.4%,TriNet Group Inc.,282,"16,658",,
ESML,iShares MSCI USA Small-Cap ESG Optimized ETF,31/08/18,Professional Services — 1.4%,TrueBlue Inc.,380,"11,134",,
ESML,iShares MSCI USA Small-Cap ESG Optimized ETF,31/08/18,Professional Services — 1.4%,WageWorks Inc.,234,"12,519","1,56,304",
ESML,iShares MSCI USA Small-Cap ESG Optimized ETF,31/08/18,Real Estate Management & Development — 0.7%,"HFF Inc., Class A",123,"5,585",,
ESML,iShares MSCI USA Small-Cap ESG Optimized ETF,31/08/18,Real Estate Management & Development — 0.7%,Howard Hughes Corp. (The),211,"27,508",,
ESML,iShares MSCI USA Small-Cap ESG Optimized ETF,31/08/18,Real Estate Management & Development — 0.7%,Kennedy-Wilson Holdings Inc.,342,"7,336",,
ESML,iShares MSCI USA Small-Cap ESG Optimized ETF,31/08/18,Real Estate Management & Development — 0.7%,Marcus & Millichap Inc.,382,"13,909",,
ESML,iShares MSCI USA Small-Cap ESG Optimized ETF,31/08/18,Real Estate Management & Development — 0.7%,Realogy Holdings Corp.,417,"8,920",,
ESML,iShares MSCI USA Small-Cap ESG Optimized ETF,31/08/18,Real Estate Management & Development — 0.7%,"RMR Group Inc. (The), Class A",65,"6,139",,
ESML,iShares MSCI USA Small-Cap ESG Optimized ETF,31/08/18,Real Estate Management & Development — 0.7%,St. Joe Co. (The) (a)(b),382,"6,570","75,967",
ESML,iShares MSCI USA Small-Cap ESG Optimized ETF,31/08/18,Road & Rail — 0.7%,ArcBest Corp.,121,"5,820",,
ESML,iShares MSCI USA Small-Cap ESG Optimized ETF,31/08/18,Road & Rail — 0.7%,Avis Budget Group Inc.,275,"8,555",,
ESML,iShares MSCI USA Small-Cap ESG Optimized ETF,31/08/18,Road & Rail — 0.7%,"Genesee & Wyoming Inc., Class A",209,"18,369",,
ESML,iShares MSCI USA Small-Cap ESG Optimized ETF,31/08/18,Road & Rail — 0.7%,Hertz Global Holdings Inc.,261,"4,596",,
ESML,iShares MSCI USA Small-Cap ESG Optimized ETF,31/08/18,Road & Rail — 0.7%,Landstar System Inc.,72,"8,338",,
ESML,iShares MSCI USA Small-Cap ESG Optimized ETF,31/08/18,Road & Rail — 0.7%,Ryder System Inc.,415,"31,889",,
ESML,iShares MSCI USA Small-Cap ESG Optimized ETF,31/08/18,Road & Rail — 0.7%,Werner Enterprises Inc.,161,"5,965","83,532",
ESML,iShares MSCI USA Small-Cap ESG Optimized ETF,31/08/18,Semiconductors & Semiconductor Equipment — 2.4%,Brooks Automation Inc.,329,"12,966",,
ESML,iShares MSCI USA Small-Cap ESG Optimized ETF,31/08/18,Semiconductors & Semiconductor Equipment — 2.4%,Cabot Microelectronics Corp.,185,"20,855",,
ESML,iShares MSCI USA Small-Cap ESG Optimized ETF,31/08/18,Semiconductors & Semiconductor Equipment — 2.4%,Cirrus Logic Inc.,444,"19,514",,
ESML,iShares MSCI USA Small-Cap ESG Optimized ETF,31/08/18,Semiconductors & Semiconductor Equipment — 2.4%,Cree Inc.,480,"23,093",,
ESML,iShares MSCI USA Small-Cap ESG Optimized ETF,31/08/18,Semiconductors & Semiconductor Equipment — 2.4%,Cypress Semiconductor Corp.,335,"5,765",,
ESML,iShares MSCI USA Small-Cap ESG Optimized ETF,31/08/18,Semiconductors & Semiconductor Equipment — 2.4%,Entegris Inc.,506,"17,153",,
ESML,iShares MSCI USA Small-Cap ESG Optimized ETF,31/08/18,Semiconductors & Semiconductor Equipment — 2.4%,First Solar Inc.,296,"15,416",,
ESML,iShares MSCI USA Small-Cap ESG Optimized ETF,31/08/18,Semiconductors & Semiconductor Equipment — 2.4%,Ichor Holdings Ltd. (a)(b),239,"6,197",,
ESML,iShares MSCI USA Small-Cap ESG Optimized ETF,31/08/18,Semiconductors & Semiconductor Equipment — 2.4%,Inphi Corp.,164,"6,080",,
ESML,iShares MSCI USA Small-Cap ESG Optimized ETF,31/08/18,Semiconductors & Semiconductor Equipment — 2.4%,Integrated Device Technology Inc.,368,"15,636",,
ESML,iShares MSCI USA Small-Cap ESG Optimized ETF,31/08/18,Semiconductors & Semiconductor Equipment — 2.4%,Kulicke & Soffa Industries Inc.,554,"14,288",,
ESML,iShares MSCI USA Small-Cap ESG Optimized ETF,31/08/18,Semiconductors & Semiconductor Equipment — 2.4%,Mellanox Technologies Ltd. (a)(b),166,"13,811",,
ESML,iShares MSCI USA Small-Cap ESG Optimized ETF,31/08/18,Semiconductors & Semiconductor Equipment — 2.4%,MKS Instruments Inc.,90,"8,361",,
ESML,iShares MSCI USA Small-Cap ESG Optimized ETF,31/08/18,Semiconductors & Semiconductor Equipment — 2.4%,Nanometrics Inc.,268,"11,741",,
ESML,iShares MSCI USA Small-Cap ESG Optimized ETF,31/08/18,Semiconductors & Semiconductor Equipment — 2.4%,NVE Corp.,49,"5,570",,
ESML,iShares MSCI USA Small-Cap ESG Optimized ETF,31/08/18,Semiconductors & Semiconductor Equipment — 2.4%,Power Integrations Inc.,109,"7,995",,
ESML,iShares MSCI USA Small-Cap ESG Optimized ETF,31/08/18,Semiconductors & Semiconductor Equipment — 2.4%,Rambus Inc.,502,"6,135",,
ESML,iShares MSCI USA Small-Cap ESG Optimized ETF,31/08/18,Semiconductors & Semiconductor Equipment — 2.4%,Semtech Corp.,192,"11,472",,
ESML,iShares MSCI USA Small-Cap ESG Optimized ETF,31/08/18,Semiconductors & Semiconductor Equipment — 2.4%,Silicon Laboratories Inc.,151,"14,798",,
ESML,iShares MSCI USA Small-Cap ESG Optimized ETF,31/08/18,Semiconductors & Semiconductor Equipment — 2.4%,SolarEdge Technologies Inc. (a)(b),119,"5,706",,
ESML,iShares MSCI USA Small-Cap ESG Optimized ETF,31/08/18,Semiconductors & Semiconductor Equipment — 2.4%,Teradyne Inc.,356,"14,664",,
ESML,iShares MSCI USA Small-Cap ESG Optimized ETF,31/08/18,Semiconductors & Semiconductor Equipment — 2.4%,Universal Display Corp.,123,"15,055",,
ESML,iShares MSCI USA Small-Cap ESG Optimized ETF,31/08/18,Semiconductors & Semiconductor Equipment — 2.4%,Versum Materials Inc.,225,"8,953","2,81,224",
ESML,iShares MSCI USA Small-Cap ESG Optimized ETF,31/08/18,Software — 4.0%,8x8 Inc.,247,"5,607",,
ESML,iShares MSCI USA Small-Cap ESG Optimized ETF,31/08/18,Software — 4.0%,ACI Worldwide Inc.,582,"16,535",,
ESML,iShares MSCI USA Small-Cap ESG Optimized ETF,31/08/18,Software — 4.0%,Aspen Technology Inc. (a)(b),93,"10,729",,
ESML,iShares MSCI USA Small-Cap ESG Optimized ETF,31/08/18,Software — 4.0%,Avaya Holdings Corp.,448,"10,465",,
ESML,iShares MSCI USA Small-Cap ESG Optimized ETF,31/08/18,Software — 4.0%,Blackbaud Inc.,207,"21,646",,
ESML,iShares MSCI USA Small-Cap ESG Optimized ETF,31/08/18,Software — 4.0%,Blackline Inc.,198,"10,447",,
ESML,iShares MSCI USA Small-Cap ESG Optimized ETF,31/08/18,Software — 4.0%,Ellie Mae Inc.,71,"7,481",,
ESML,iShares MSCI USA Small-Cap ESG Optimized ETF,31/08/18,Software — 4.0%,Everbridge Inc.,101,"6,081",,
ESML,iShares MSCI USA Small-Cap ESG Optimized ETF,31/08/18,Software — 4.0%,Fair Isaac Corp.,180,"41,576",,
ESML,iShares MSCI USA Small-Cap ESG Optimized ETF,31/08/18,Software — 4.0%,FireEye Inc.,429,"7,121",,
ESML,iShares MSCI USA Small-Cap ESG Optimized ETF,31/08/18,Software — 4.0%,Guidewire Software Inc.,121,"12,169",,
ESML,iShares MSCI USA Small-Cap ESG Optimized ETF,31/08/18,Software — 4.0%,HubSpot Inc.,98,"14,083",,
ESML,iShares MSCI USA Small-Cap ESG Optimized ETF,31/08/18,Software — 4.0%,Manhattan Associates Inc.,283,"16,411",,
ESML,iShares MSCI USA Small-Cap ESG Optimized ETF,31/08/18,Software — 4.0%,Nuance Communications Inc. (a)(b),487,"7,948",,
ESML,iShares MSCI USA Small-Cap ESG Optimized ETF,31/08/18,Software — 4.0%,OneSpan Inc.,313,"5,869",,
ESML,iShares MSCI USA Small-Cap ESG Optimized ETF,31/08/18,Software — 4.0%,Paycom Software Inc. (a)(b),168,"26,060",,
ESML,iShares MSCI USA Small-Cap ESG Optimized ETF,31/08/18,Software — 4.0%,Paylocity Holding Corp.,225,"17,874",,
ESML,iShares MSCI USA Small-Cap ESG Optimized ETF,31/08/18,Software — 4.0%,Proofpoint Inc.,114,"13,526",,
ESML,iShares MSCI USA Small-Cap ESG Optimized ETF,31/08/18,Software — 4.0%,PTC Inc.,434,"43,374",,
ESML,iShares MSCI USA Small-Cap ESG Optimized ETF,31/08/18,Software — 4.0%,Qualys Inc.,127,"11,563",,
ESML,iShares MSCI USA Small-Cap ESG Optimized ETF,31/08/18,Software — 4.0%,Rapid7 Inc.,178,"6,791",,
ESML,iShares MSCI USA Small-Cap ESG Optimized ETF,31/08/18,Software — 4.0%,"RingCentral Inc., Class A",263,"24,498",,
ESML,iShares MSCI USA Small-Cap ESG Optimized ETF,31/08/18,Software — 4.0%,SailPoint Technologies Holding Inc.,197,"6,093",,
ESML,iShares MSCI USA Small-Cap ESG Optimized ETF,31/08/18,Software — 4.0%,"Tableau Software Inc., Class A",223,"24,945",,
ESML,iShares MSCI USA Small-Cap ESG Optimized ETF,31/08/18,Software — 4.0%,TiVo Corp.,617,"8,422",,
ESML,iShares MSCI USA Small-Cap ESG Optimized ETF,31/08/18,Software — 4.0%,Tyler Technologies Inc.,46,"11,360",,
ESML,iShares MSCI USA Small-Cap ESG Optimized ETF,31/08/18,Software — 4.0%,Ultimate Software Group Inc. (The),99,"30,657",,
ESML,iShares MSCI USA Small-Cap ESG Optimized ETF,31/08/18,Software — 4.0%,Varonis Systems Inc.,84,"6,208",,
ESML,iShares MSCI USA Small-Cap ESG Optimized ETF,31/08/18,Software — 4.0%,Workiva Inc.,222,"8,181",,
ESML,iShares MSCI USA Small-Cap ESG Optimized ETF,31/08/18,Software — 4.0%,Zendesk Inc.,307,"21,149",,
ESML,iShares MSCI USA Small-Cap ESG Optimized ETF,31/08/18,Software — 4.0%,"Zynga Inc., Class A","1,533","6,377","4,61,246",
ESML,iShares MSCI USA Small-Cap ESG Optimized ETF,31/08/18,Specialty Retail — 2.9%,Aaron’s Inc.,326,"16,209",,
ESML,iShares MSCI USA Small-Cap ESG Optimized ETF,31/08/18,Specialty Retail — 2.9%,American Eagle Outfitters Inc.,801,"20,794",,
ESML,iShares MSCI USA Small-Cap ESG Optimized ETF,31/08/18,Specialty Retail — 2.9%,Asbury Automotive Group Inc. (a)(b),112,"8,344",,
ESML,iShares MSCI USA Small-Cap ESG Optimized ETF,31/08/18,Specialty Retail — 2.9%,At Home Group Inc.,170,"5,850",,
ESML,iShares MSCI USA Small-Cap ESG Optimized ETF,31/08/18,Specialty Retail — 2.9%,AutoNation Inc.,197,"8,934",,
ESML,iShares MSCI USA Small-Cap ESG Optimized ETF,31/08/18,Specialty Retail — 2.9%,Buckle Inc. (The),216,"5,562",,
ESML,iShares MSCI USA Small-Cap ESG Optimized ETF,31/08/18,Specialty Retail — 2.9%,Burlington Stores Inc.,192,"32,290",,
ESML,iShares MSCI USA Small-Cap ESG Optimized ETF,31/08/18,Specialty Retail — 2.9%,Caleres Inc.,225,"9,108",,
ESML,iShares MSCI USA Small-Cap ESG Optimized ETF,31/08/18,Specialty Retail — 2.9%,"DSW Inc., Class A",220,"7,317",,
ESML,iShares MSCI USA Small-Cap ESG Optimized ETF,31/08/18,Specialty Retail — 2.9%,Five Below Inc.,166,"19,334",,
ESML,iShares MSCI USA Small-Cap ESG Optimized ETF,31/08/18,Specialty Retail — 2.9%,"Floor & Decor Holdings Inc., Class A (a)(b)",149,"5,477",,
ESML,iShares MSCI USA Small-Cap ESG Optimized ETF,31/08/18,Specialty Retail — 2.9%,Foot Locker Inc.,426,"21,002",,
ESML,iShares MSCI USA Small-Cap ESG Optimized ETF,31/08/18,Specialty Retail — 2.9%,"GameStop Corp., Class A",528,"7,007",,
ESML,iShares MSCI USA Small-Cap ESG Optimized ETF,31/08/18,Specialty Retail — 2.9%,"GNC Holdings Inc., Class A","1,802","5,586",,
ESML,iShares MSCI USA Small-Cap ESG Optimized ETF,31/08/18,Specialty Retail — 2.9%,Group 1 Automotive Inc.,90,"6,938",,
ESML,iShares MSCI USA Small-Cap ESG Optimized ETF,31/08/18,Specialty Retail — 2.9%,Hibbett Sports Inc. (a)(b),196,"4,028",,
ESML,iShares MSCI USA Small-Cap ESG Optimized ETF,31/08/18,Specialty Retail — 2.9%,"Lithia Motors Inc., Class A",103,"8,899",,
ESML,iShares MSCI USA Small-Cap ESG Optimized ETF,31/08/18,Specialty Retail — 2.9%,MarineMax Inc.,272,"6,120",,
ESML,iShares MSCI USA Small-Cap ESG Optimized ETF,31/08/18,Specialty Retail — 2.9%,Michaels Companies Inc. (The),384,"6,524",,
ESML,iShares MSCI USA Small-Cap ESG Optimized ETF,31/08/18,Specialty Retail — 2.9%,Monro Inc.,141,"10,004",,
ESML,iShares MSCI USA Small-Cap ESG Optimized ETF,31/08/18,Specialty Retail — 2.9%,Murphy USA Inc.,136,"11,285",,
ESML,iShares MSCI USA Small-Cap ESG Optimized ETF,31/08/18,Specialty Retail — 2.9%,National Vision Holdings Inc.,179,"7,921",,
ESML,iShares MSCI USA Small-Cap ESG Optimized ETF,31/08/18,Specialty Retail — 2.9%,Office Depot Inc.,"2,314","7,752",,
ESML,iShares MSCI USA Small-Cap ESG Optimized ETF,31/08/18,Specialty Retail — 2.9%,Rent-A-Center Inc./TX,386,"5,690",,
ESML,iShares MSCI USA Small-Cap ESG Optimized ETF,31/08/18,Specialty Retail — 2.9%,RH,55,"8,745",,
ESML,iShares MSCI USA Small-Cap ESG Optimized ETF,31/08/18,Specialty Retail — 2.9%,Sally Beauty Holdings Inc.,449,"6,915",,
ESML,iShares MSCI USA Small-Cap ESG Optimized ETF,31/08/18,Specialty Retail — 2.9%,Signet Jewelers Ltd.,286,"18,361",,
ESML,iShares MSCI USA Small-Cap ESG Optimized ETF,31/08/18,Specialty Retail — 2.9%,Sleep Number Corp. (a)(b),187,"6,302",,
ESML,iShares MSCI USA Small-Cap ESG Optimized ETF,31/08/18,Specialty Retail — 2.9%,Tailored Brands Inc.,258,"6,073",,
ESML,iShares MSCI USA Small-Cap ESG Optimized ETF,31/08/18,Specialty Retail — 2.9%,Williams-Sonoma Inc.,394,"27,671",,
ESML,iShares MSCI USA Small-Cap ESG Optimized ETF,31/08/18,Specialty Retail — 2.9%,Zumiez Inc. (a)(b),190,"5,918","3,27,960",
ESML,iShares MSCI USA Small-Cap ESG Optimized ETF,31/08/18,"Technology Hardware, Storage & Peripherals — 0.3%",3D Systems Corp.,305,"6,207",,
ESML,iShares MSCI USA Small-Cap ESG Optimized ETF,31/08/18,"Technology Hardware, Storage & Peripherals — 0.3%",Cray Inc.,264,"5,729",,
ESML,iShares MSCI USA Small-Cap ESG Optimized ETF,31/08/18,"Technology Hardware, Storage & Peripherals — 0.3%",NCR Corp. (a)(b),340,"9,659",,
ESML,iShares MSCI USA Small-Cap ESG Optimized ETF,31/08/18,"Technology Hardware, Storage & Peripherals — 0.3%","Pure Storage Inc., Class A",344,"9,233","30,828",
ESML,iShares MSCI USA Small-Cap ESG Optimized ETF,31/08/18,"Textiles, Apparel & Luxury Goods — 1.0%",Carter’s Inc.,92,"9,746",,
ESML,iShares MSCI USA Small-Cap ESG Optimized ETF,31/08/18,"Textiles, Apparel & Luxury Goods — 1.0%",Columbia Sportswear Co.,283,"25,668",,
ESML,iShares MSCI USA Small-Cap ESG Optimized ETF,31/08/18,"Textiles, Apparel & Luxury Goods — 1.0%",Crocs Inc. (a)(b),430,"8,884",,
ESML,iShares MSCI USA Small-Cap ESG Optimized ETF,31/08/18,"Textiles, Apparel & Luxury Goods — 1.0%",Deckers Outdoor Corp.,189,"23,028",,
ESML,iShares MSCI USA Small-Cap ESG Optimized ETF,31/08/18,"Textiles, Apparel & Luxury Goods — 1.0%",Fossil Group Inc.,242,"5,486",,
ESML,iShares MSCI USA Small-Cap ESG Optimized ETF,31/08/18,"Textiles, Apparel & Luxury Goods — 1.0%",Movado Group Inc.,194,"8,264",,
ESML,iShares MSCI USA Small-Cap ESG Optimized ETF,31/08/18,"Textiles, Apparel & Luxury Goods — 1.0%","Skechers U.S.A. Inc., Class A",229,"6,751",,
ESML,iShares MSCI USA Small-Cap ESG Optimized ETF,31/08/18,"Textiles, Apparel & Luxury Goods — 1.0%",Wolverine World Wide Inc.,597,"23,390","1,11,217",
ESML,iShares MSCI USA Small-Cap ESG Optimized ETF,31/08/18,Thrifts & Mortgage Finance — 1.1%,Essent Group Ltd.,153,"6,634",,
ESML,iShares MSCI USA Small-Cap ESG Optimized ETF,31/08/18,Thrifts & Mortgage Finance — 1.1%,"Federal Agricultural Mortgage Corp., Class C,NVS",91,"7,013",,
ESML,iShares MSCI USA Small-Cap ESG Optimized ETF,31/08/18,Thrifts & Mortgage Finance — 1.1%,First Defiance Financial Corp.,178,"5,694",,
ESML,iShares MSCI USA Small-Cap ESG Optimized ETF,31/08/18,Thrifts & Mortgage Finance — 1.1%,Flagstar Bancorp. Inc.,197,"6,511",,
ESML,iShares MSCI USA Small-Cap ESG Optimized ETF,31/08/18,Thrifts & Mortgage Finance — 1.1%,HomeStreet Inc.,484,"14,254",,
ESML,iShares MSCI USA Small-Cap ESG Optimized ETF,31/08/18,Thrifts & Mortgage Finance — 1.1%,Lending Tree Inc.,25,"6,334",,
ESML,iShares MSCI USA Small-Cap ESG Optimized ETF,31/08/18,Thrifts & Mortgage Finance — 1.1%,Meta Financial Group Inc.,65,"5,629",,
ESML,iShares MSCI USA Small-Cap ESG Optimized ETF,31/08/18,Thrifts & Mortgage Finance — 1.1%,MGIC Investment Corp.,"1,761","22,400",,
ESML,iShares MSCI USA Small-Cap ESG Optimized ETF,31/08/18,Thrifts & Mortgage Finance — 1.1%,"NMI Holdings Inc., Class A",260,"5,616",,
ESML,iShares MSCI USA Small-Cap ESG Optimized ETF,31/08/18,Thrifts & Mortgage Finance — 1.1%,OceanFirst Financial Corp.,386,"11,271",,
ESML,iShares MSCI USA Small-Cap ESG Optimized ETF,31/08/18,Thrifts & Mortgage Finance — 1.1%,Radian Group Inc.,359,"7,298",,
ESML,iShares MSCI USA Small-Cap ESG Optimized ETF,31/08/18,Thrifts & Mortgage Finance — 1.1%,TFS Financial Corp.,468,"7,226",,
ESML,iShares MSCI USA Small-Cap ESG Optimized ETF,31/08/18,Thrifts & Mortgage Finance — 1.1%,Walker & Dunlop Inc.,103,"5,614",,
ESML,iShares MSCI USA Small-Cap ESG Optimized ETF,31/08/18,Thrifts & Mortgage Finance — 1.1%,Washington Federal Inc.,355,"12,105",,
ESML,iShares MSCI USA Small-Cap ESG Optimized ETF,31/08/18,Thrifts & Mortgage Finance — 1.1%,WSFS Financial Corp.,157,"7,662","1,31,261",
ESML,iShares MSCI USA Small-Cap ESG Optimized ETF,31/08/18,Trading Companies & Distributors — 1.1%,Air Lease Corp.,136,"6,285",,
ESML,iShares MSCI USA Small-Cap ESG Optimized ETF,31/08/18,Trading Companies & Distributors — 1.1%,Aircastle Ltd.,262,"5,481",,
ESML,iShares MSCI USA Small-Cap ESG Optimized ETF,31/08/18,Trading Companies & Distributors — 1.1%,Beacon Roofing Supply Inc.,284,"10,531",,
ESML,iShares MSCI USA Small-Cap ESG Optimized ETF,31/08/18,Trading Companies & Distributors — 1.1%,Foundation Building Materials Inc.,394,"5,441",,
ESML,iShares MSCI USA Small-Cap ESG Optimized ETF,31/08/18,Trading Companies & Distributors — 1.1%,GATX Corp.,189,"15,961",,
ESML,iShares MSCI USA Small-Cap ESG Optimized ETF,31/08/18,Trading Companies & Distributors — 1.1%,Herc Holdings Inc.,105,"5,521",,
ESML,iShares MSCI USA Small-Cap ESG Optimized ETF,31/08/18,Trading Companies & Distributors — 1.1%,"MSC Industrial Direct Co. Inc., Class A",70,"5,984",,
ESML,iShares MSCI USA Small-Cap ESG Optimized ETF,31/08/18,Trading Companies & Distributors — 1.1%,Nexeo Solutions Inc.,944,"9,449",,
ESML,iShares MSCI USA Small-Cap ESG Optimized ETF,31/08/18,Trading Companies & Distributors — 1.1%,NOW Inc.,323,"5,552",,
ESML,iShares MSCI USA Small-Cap ESG Optimized ETF,31/08/18,Trading Companies & Distributors — 1.1%,"Rush Enterprises Inc., Class A",138,"5,928",,
ESML,iShares MSCI USA Small-Cap ESG Optimized ETF,31/08/18,Trading Companies & Distributors — 1.1%,SiteOne Landscape Supply Inc.,150,"13,555",,
ESML,iShares MSCI USA Small-Cap ESG Optimized ETF,31/08/18,Trading Companies & Distributors — 1.1%,Triton International Ltd.,146,"5,516",,
ESML,iShares MSCI USA Small-Cap ESG Optimized ETF,31/08/18,Trading Companies & Distributors — 1.1%,Veritiv Corp.,116,"5,539",,
ESML,iShares MSCI USA Small-Cap ESG Optimized ETF,31/08/18,Trading Companies & Distributors — 1.1%,Watsco Inc.,45,"7,875",,
ESML,iShares MSCI USA Small-Cap ESG Optimized ETF,31/08/18,Trading Companies & Distributors — 1.1%,WESCO International Inc.,288,"17,611","1,26,229",
ESML,iShares MSCI USA Small-Cap ESG Optimized ETF,31/08/18,Transportation Infrastructure — 0.2%,Macquarie Infrastructure Corp.,483,"22,720","22,720",12185315
ESML,iShares MSCI USA Small-Cap ESG Optimized ETF,31/08/18,Water Utilities — 0.1%,Aqua America Inc.,315,"11,712","11,712",
ESML,iShares MSCI USA Small-Cap ESG Optimized ETF,31/08/18,Wireless Telecommunication Services — 0.1%,Boingo Wireless Inc.,319,"10,552",,
ESML,iShares MSCI USA Small-Cap ESG Optimized ETF,31/08/18,Wireless Telecommunication Services — 0.1%,Shenandoah Telecommunications Co.,165,"6,295","16,847",11427747
ESML,iShares MSCI USA Small-Cap ESG Optimized ETF,31/08/18,MONEY MARKET FUNDS — 6.6%,"BlackRock Cash Funds: Institutional, SL Agency Shares, 2.15%(c)(d)(e)","7,29,442","7,29,661",,
ESML,iShares MSCI USA Small-Cap ESG Optimized ETF,31/08/18,MONEY MARKET FUNDS — 6.6%,"BlackRock Cash Funds: Treasury, SL Agency Shares, 1.89%(c)(d)","27,907","27,907","7,57,568","7,57,568"