ETF Ticker,ETF Name,Holding Name,Screen Category,company_ticker,name_normalized,clean200,deforestation,fossil fuel,prison,tobacco,weapons
CRBN,iShares MSCI ACWI Low Carbon Target ETF,3M Co,Prison,MMMD.XC,3M CO,0,0,0,1,0,0
CRBN,iShares MSCI ACWI Low Carbon Target ETF,ABB Ltd,Clean200,ABBN,ABB LTD,1,0,0,0,0,0
CRBN,iShares MSCI ACWI Low Carbon Target ETF,ABN AMRO Bank NV NLDR,Deforestation,ABNAM,ABN AMRO BANK NV NLDR,0,1,0,0,0,0
CRBN,iShares MSCI ACWI Low Carbon Target ETF,ADNOC Drilling Company PJSC,Fossil Fuel,ADNOC,ADNOC DRILLING COMPANY PJSC,0,0,1,0,0,0
CRBN,iShares MSCI ACWI Low Carbon Target ETF,AMETEK Inc,Weapons,AME,AMETEK INC,0,0,0,0,0,1
CRBN,iShares MSCI ACWI Low Carbon Target ETF,ANZ Group Holdings Ltd,Deforestation,ANZ,ANZ GROUP HOLDINGS LTD,0,1,0,0,0,0
CRBN,iShares MSCI ACWI Low Carbon Target ETF,AT&T Inc,Clean200; Tobacco,T,AT&T INC,1,0,0,0,1,0
CRBN,iShares MSCI ACWI Low Carbon Target ETF,AbbVie Inc,Clean200,ABBV,ABBVIE INC,1,0,0,0,0,0
CRBN,iShares MSCI ACWI Low Carbon Target ETF,Accenture PLC Class A,Prison,ACN,ACCENTURE PLC CLASS A,0,0,0,1,0,0
CRBN,iShares MSCI ACWI Low Carbon Target ETF,Adani Ports & Special Economic Zone Ltd,Fossil Fuel,ADANI7,ADANI PORTS & SPECIAL ECONOMIC ZONE LTD,0,0,1,0,0,0
CRBN,iShares MSCI ACWI Low Carbon Target ETF,Ades Holding Co,Fossil Fuel,2382,ADES HOLDING CO,0,0,1,0,0,0
CRBN,iShares MSCI ACWI Low Carbon Target ETF,Advanced Micro Devices Inc,Clean200,AMD,ADVANCED MICRO DEVICES INC,1,0,0,0,0,0
CRBN,iShares MSCI ACWI Low Carbon Target ETF,Alphabet Inc Class A,Clean200; Prison,GOOGL,ALPHABET INC CLASS A,1,0,0,1,0,0
CRBN,iShares MSCI ACWI Low Carbon Target ETF,Alphabet Inc Class C,Clean200; Prison,GOOG,ALPHABET INC CLASS C,1,0,0,1,0,0
CRBN,iShares MSCI ACWI Low Carbon Target ETF,Altria Group Inc,Tobacco,MO,ALTRIA GROUP INC,0,0,0,0,1,0
CRBN,iShares MSCI ACWI Low Carbon Target ETF,Amazon.com Inc,Deforestation,AMZD.XC,AMAZON.COM INC,0,1,0,0,0,0
CRBN,iShares MSCI ACWI Low Carbon Target ETF,Amgen Inc,Clean200,AMGN,AMGEN INC,1,0,0,0,0,0
CRBN,iShares MSCI ACWI Low Carbon Target ETF,Amphenol Corp Class A,Weapons,APH,AMPHENOL CORP CLASS A,0,0,0,0,0,1
CRBN,iShares MSCI ACWI Low Carbon Target ETF,Analog Devices Inc,Clean200,ADI,ANALOG DEVICES INC,1,0,0,0,0,0
CRBN,iShares MSCI ACWI Low Carbon Target ETF,Apple Inc,Clean200,AAPL,APPLE INC,1,0,0,0,0,0
CRBN,iShares MSCI ACWI Low Carbon Target ETF,Aramark,Prison,ARMK,ARAMARK,0,0,0,1,0,0
CRBN,iShares MSCI ACWI Low Carbon Target ETF,Archer-Daniels-Midland Co,Prison,ADM,ARCHER-DANIELS-MIDLAND CO,0,0,0,1,0,0
CRBN,iShares MSCI ACWI Low Carbon Target ETF,Aselsan Elektronik Sanayi Ve Ticaret AS,Weapons,ASELS,ASELSAN ELEKTRONIK SANAYI VE TICARET AS,0,0,0,0,0,1
CRBN,iShares MSCI ACWI Low Carbon Target ETF,AstraZeneca PLC,Clean200,AZN,ASTRAZENECA PLC,1,0,0,0,0,0
CRBN,iShares MSCI ACWI Low Carbon Target ETF,Autodesk Inc,Clean200,ADSK,AUTODESK INC,1,0,0,0,0,0
CRBN,iShares MSCI ACWI Low Carbon Target ETF,Axon Enterprise Inc,Prison,AXON,AXON ENTERPRISE INC,0,0,0,1,0,0
CRBN,iShares MSCI ACWI Low Carbon Target ETF,BCE Inc,Clean200,BCE,BCE INC,1,0,0,0,0,0
CRBN,iShares MSCI ACWI Low Carbon Target ETF,BNP Paribas Act. Cat.A,Deforestation,BNPPA,BNP PARIBAS ACT. CAT.A,0,1,0,0,0,0
CRBN,iShares MSCI ACWI Low Carbon Target ETF,BT Group PLC,Clean200,BT.A,BT GROUP PLC,1,0,0,0,0,0
CRBN,iShares MSCI ACWI Low Carbon Target ETF,Baker Hughes Co Class A,Fossil Fuel,BAKER3,BAKER HUGHES CO CLASS A,0,0,1,0,0,0
CRBN,iShares MSCI ACWI Low Carbon Target ETF,Banco Bilbao Vizcaya Argentaria SA,Deforestation,BBVA,BANCO BILBAO VIZCAYA ARGENTARIA SA,0,1,0,0,0,0
CRBN,iShares MSCI ACWI Low Carbon Target ETF,Banco do Brasil SA BB Brasil,Clean200,BZLA.BE,BANCO DO BRASIL SA BB BRASIL,1,0,0,0,0,0
CRBN,iShares MSCI ACWI Low Carbon Target ETF,Bank of America Corp,Deforestation,BAC,BANK OF AMERICA CORP,0,1,0,0,0,0
CRBN,iShares MSCI ACWI Low Carbon Target ETF,Barclays PLC,Deforestation,BARC,BARCLAYS PLC,0,1,0,0,0,0
CRBN,iShares MSCI ACWI Low Carbon Target ETF,Beijing Enterprises Water Group Ltd,Clean200,HUN2.MU,BEIJING ENTERPRISES WATER GROUP LTD,1,0,0,0,0,0
CRBN,iShares MSCI ACWI Low Carbon Target ETF,Berkshire Hathaway Inc Class B,Fossil Fuel,BRKB,BERKSHIRE HATHAWAY INC CLASS B,0,0,1,0,0,0
CRBN,iShares MSCI ACWI Low Carbon Target ETF,Bharat Electronics Ltd,Weapons,BEL,BHARAT ELECTRONICS LTD,0,0,0,0,0,1
CRBN,iShares MSCI ACWI Low Carbon Target ETF,Bharti Airtel Ltd,Clean200,BHARTIARTL,BHARTI AIRTEL LTD,1,0,0,0,0,0
CRBN,iShares MSCI ACWI Low Carbon Target ETF,Blackstone Inc,Fossil Fuel,BX,BLACKSTONE INC,0,0,1,0,0,0
CRBN,iShares MSCI ACWI Low Carbon Target ETF,Booz Allen Hamilton Holding Corp Class A,Weapons,BOOZA,BOOZ ALLEN HAMILTON HOLDING CORP CLASS A,0,0,0,0,0,1
CRBN,iShares MSCI ACWI Low Carbon Target ETF,Brambles Ltd,Clean200,BXB,BRAMBLES LTD,1,0,0,0,0,0
CRBN,iShares MSCI ACWI Low Carbon Target ETF,British American Tobacco PLC,Tobacco,BMT.SG,BRITISH AMERICAN TOBACCO PLC,0,0,0,0,1,0
CRBN,iShares MSCI ACWI Low Carbon Target ETF,Broadcom Inc,Clean200,AVGO,BROADCOM INC,1,0,0,0,0,0
CRBN,iShares MSCI ACWI Low Carbon Target ETF,CAE Inc,Weapons,CAE,CAE INC,0,0,0,0,0,1
CRBN,iShares MSCI ACWI Low Carbon Target ETF,COSCO SHIPPING Energy Transportation Co Ltd Class A,Fossil Fuel,COSCO,COSCO SHIPPING ENERGY TRANSPORTATION CO LTD CLASS A,0,0,1,0,0,0
CRBN,iShares MSCI ACWI Low Carbon Target ETF,CSX Corp,Fossil Fuel,CSX,CSX CORP,0,0,1,0,0,0
CRBN,iShares MSCI ACWI Low Carbon Target ETF,CVS Health Corp,Deforestation,CVS,CVS HEALTH CORP,0,1,0,0,0,0
CRBN,iShares MSCI ACWI Low Carbon Target ETF,Canadian National Railway Co,Clean200,CNI,CANADIAN NATIONAL RAILWAY CO,1,0,0,0,0,0
CRBN,iShares MSCI ACWI Low Carbon Target ETF,Canadian Pacific Kansas City Ltd,Clean200,CP,CANADIAN PACIFIC KANSAS CITY LTD,1,0,0,0,0,0
CRBN,iShares MSCI ACWI Low Carbon Target ETF,CapitaLand Investment Ltd,Clean200,9CI,CAPITALAND INVESTMENT LTD,1,0,0,0,0,0
CRBN,iShares MSCI ACWI Low Carbon Target ETF,Cardinal Health Inc,Prison,CAH,CARDINAL HEALTH INC,0,0,0,1,0,0
CRBN,iShares MSCI ACWI Low Carbon Target ETF,Central Japan Railway Co,Clean200,CJPRF,CENTRAL JAPAN RAILWAY CO,1,0,0,0,0,0
CRBN,iShares MSCI ACWI Low Carbon Target ETF,Charter Communications Inc Class A,Clean200,CHTR,CHARTER COMMUNICATIONS INC CLASS A,1,0,0,0,0,0
CRBN,iShares MSCI ACWI Low Carbon Target ETF,Cheniere Energy Inc,Fossil Fuel,LNG,CHENIERE ENERGY INC,0,0,1,0,0,0
CRBN,iShares MSCI ACWI Low Carbon Target ETF,China Citic Bank Corp Ltd Class H,Fossil Fuel,CHINA59,CHINA CITIC BANK CORP LTD CLASS H,0,0,1,0,0,0
CRBN,iShares MSCI ACWI Low Carbon Target ETF,China National Nuclear Power Co Ltd Class A,Weapons,CHINA61,CHINA NATIONAL NUCLEAR POWER CO LTD CLASS A,0,0,0,0,0,1
CRBN,iShares MSCI ACWI Low Carbon Target ETF,China Oilfield Services Ltd Class H,Fossil Fuel,CHINA60,CHINA OILFIELD SERVICES LTD CLASS H,0,0,1,0,0,0
CRBN,iShares MSCI ACWI Low Carbon Target ETF,China Three Gorges Renewables Co Ltd Class A,Clean200,CHINA58,CHINA THREE GORGES RENEWABLES CO LTD CLASS A,1,0,0,0,0,0
CRBN,iShares MSCI ACWI Low Carbon Target ETF,China Tower Corp Ltd Class H,Clean200,CHINA57,CHINA TOWER CORP LTD CLASS H,1,0,0,0,0,0
CRBN,iShares MSCI ACWI Low Carbon Target ETF,China Yangtze Power Co Ltd Class A,Fossil Fuel,CHINA56,CHINA YANGTZE POWER CO LTD CLASS A,0,0,1,0,0,0
CRBN,iShares MSCI ACWI Low Carbon Target ETF,Chipotle Mexican Grill Inc,Deforestation,CMG,CHIPOTLE MEXICAN GRILL INC,0,1,0,0,0,0
CRBN,iShares MSCI ACWI Low Carbon Target ETF,Cisco Systems Inc,Clean200,CSCO,CISCO SYSTEMS INC,1,0,0,0,0,0
CRBN,iShares MSCI ACWI Low Carbon Target ETF,Citigroup Inc,Deforestation,C,CITIGROUP INC,0,1,0,0,0,0
CRBN,iShares MSCI ACWI Low Carbon Target ETF,Citizens Financial Group Inc,Prison,CFG,CITIZENS FINANCIAL GROUP INC,0,0,0,1,0,0
CRBN,iShares MSCI ACWI Low Carbon Target ETF,Colgate-Palmolive Co,Deforestation,CL,COLGATE-PALMOLIVE CO,0,1,0,0,0,0
CRBN,iShares MSCI ACWI Low Carbon Target ETF,Comcast Corp Class A,Tobacco,CMCSA,COMCAST CORP CLASS A,0,0,0,0,1,0
CRBN,iShares MSCI ACWI Low Carbon Target ETF,Commerzbank AG,Deforestation,CBK,COMMERZBANK AG,0,1,0,0,0,0
CRBN,iShares MSCI ACWI Low Carbon Target ETF,Commonwealth Bank of Australia,Deforestation,CBA,COMMONWEALTH BANK OF AUSTRALIA,0,1,0,0,0,0
CRBN,iShares MSCI ACWI Low Carbon Target ETF,Compass Group PLC,Deforestation,CPG,COMPASS GROUP PLC,0,1,0,0,0,0
CRBN,iShares MSCI ACWI Low Carbon Target ETF,Constellation Energy Corp,Fossil Fuel,CEG,CONSTELLATION ENERGY CORP,0,0,1,0,0,0
CRBN,iShares MSCI ACWI Low Carbon Target ETF,Costco Wholesale Corp,Deforestation,COST,COSTCO WHOLESALE CORP,0,1,0,0,0,0
CRBN,iShares MSCI ACWI Low Carbon Target ETF,DBS Group Holdings Ltd,Deforestation,D05,DBS GROUP HOLDINGS LTD,0,1,0,0,0,0
CRBN,iShares MSCI ACWI Low Carbon Target ETF,DaVita Inc,Clean200,DVA,DAVITA INC,1,0,0,0,0,0
CRBN,iShares MSCI ACWI Low Carbon Target ETF,Dassault Systemes SE,Clean200,DSYP.XD,DASSAULT SYSTEMES SE,1,0,0,0,0,0
CRBN,iShares MSCI ACWI Low Carbon Target ETF,Deckers Outdoor Corp,Deforestation,DECK,DECKERS OUTDOOR CORP,0,1,0,0,0,0
CRBN,iShares MSCI ACWI Low Carbon Target ETF,Delta Electronics (Thailand) PCL,Clean200,DLS0.SG,DELTA ELECTRONICS (THAILAND) PCL,1,0,0,0,0,0
CRBN,iShares MSCI ACWI Low Carbon Target ETF,Deutsche Bank AG,Deforestation,DBK,DEUTSCHE BANK AG,0,1,0,0,0,0
CRBN,iShares MSCI ACWI Low Carbon Target ETF,Deutsche Telekom AG,Clean200,DTEGY,DEUTSCHE TELEKOM AG,1,0,0,0,0,0
CRBN,iShares MSCI ACWI Low Carbon Target ETF,Dollar General Corp,Deforestation,DG,DOLLAR GENERAL CORP,0,1,0,0,0,0
CRBN,iShares MSCI ACWI Low Carbon Target ETF,Dollar Tree Inc,Deforestation,DLTR,DOLLAR TREE INC,0,1,0,0,0,0
CRBN,iShares MSCI ACWI Low Carbon Target ETF,Dr. Ing. h.c. F. Porsche AG Bearer Shares,Clean200,DRING,DR. ING. H.C. F. PORSCHE AG BEARER SHARES,1,0,0,0,0,0
CRBN,iShares MSCI ACWI Low Carbon Target ETF,EDP Renovaveis SA,Clean200,EDPR,EDP RENOVAVEIS SA,1,0,0,0,0,0
CRBN,iShares MSCI ACWI Low Carbon Target ETF,ENGIE Brasil Energia SA,Clean200,EGIE3,ENGIE BRASIL ENERGIA SA,1,0,0,0,0,0
CRBN,iShares MSCI ACWI Low Carbon Target ETF,East Japan Railway Co,Clean200,EJPRF,EAST JAPAN RAILWAY CO,1,0,0,0,0,0
CRBN,iShares MSCI ACWI Low Carbon Target ETF,Eastern Co SAE,Tobacco,EASTE2,EASTERN CO SAE,0,0,0,0,1,0
CRBN,iShares MSCI ACWI Low Carbon Target ETF,Eaton Corp PLC,Weapons,ETN,EATON CORP PLC,0,0,0,0,0,1
CRBN,iShares MSCI ACWI Low Carbon Target ETF,Ecolab Inc,Clean200,ECL,ECOLAB INC,1,0,0,0,0,0
CRBN,iShares MSCI ACWI Low Carbon Target ETF,Edison International,Fossil Fuel,EIX,EDISON INTERNATIONAL,0,0,1,0,0,0
CRBN,iShares MSCI ACWI Low Carbon Target ETF,Elevance Health Inc,Prison,ELV,ELEVANCE HEALTH INC,0,0,0,1,0,0
CRBN,iShares MSCI ACWI Low Carbon Target ETF,Elia Group SA/NV,Clean200,ELIB.XC,ELIA GROUP SA/NV,1,0,0,0,0,0
CRBN,iShares MSCI ACWI Low Carbon Target ETF,Equatorial SA,Fossil Fuel,EQTL3,EQUATORIAL SA,0,0,1,0,0,0
CRBN,iShares MSCI ACWI Low Carbon Target ETF,Equinix Inc,Clean200,EQIX,EQUINIX INC,1,0,0,0,0,0
CRBN,iShares MSCI ACWI Low Carbon Target ETF,Etihad Etisalat Co JSC,Clean200,ETIHA,ETIHAD ETISALAT CO JSC,1,0,0,0,0,0
CRBN,iShares MSCI ACWI Low Carbon Target ETF,Eversource Energy,Fossil Fuel,ES,EVERSOURCE ENERGY,0,0,1,0,0,0
CRBN,iShares MSCI ACWI Low Carbon Target ETF,Exelon Corp,Fossil Fuel,EXC,EXELON CORP,0,0,1,0,0,0
CRBN,iShares MSCI ACWI Low Carbon Target ETF,Fast Retailing Co Ltd,Deforestation,9983.T,FAST RETAILING CO LTD,0,1,0,0,0,0
CRBN,iShares MSCI ACWI Low Carbon Target ETF,Ferrovial SE,Clean200,FER,FERROVIAL SE,1,0,0,0,0,0
CRBN,iShares MSCI ACWI Low Carbon Target ETF,First Solar Inc,Clean200,FSLR,FIRST SOLAR INC,1,0,0,0,0,0
CRBN,iShares MSCI ACWI Low Carbon Target ETF,Fortive Corp,Weapons,FTV,FORTIVE CORP,0,0,0,0,0,1
CRBN,iShares MSCI ACWI Low Carbon Target ETF,Fresenius Medical Care AG,Clean200,FME,FRESENIUS MEDICAL CARE AG,1,0,0,0,0,0
CRBN,iShares MSCI ACWI Low Carbon Target ETF,Fujitsu Ltd,Weapons,6702,FUJITSU LTD,0,0,0,0,0,1
CRBN,iShares MSCI ACWI Low Carbon Target ETF,GMR Airports Ltd,Fossil Fuel,GMRAIRPORT,GMR AIRPORTS LTD,0,0,1,0,0,0
CRBN,iShares MSCI ACWI Low Carbon Target ETF,GSK PLC,Clean200,GSK,GSK PLC,1,0,0,0,0,0
CRBN,iShares MSCI ACWI Low Carbon Target ETF,Granite Construction Inc,Prison,GVA,GRANITE CONSTRUCTION INC,0,0,0,1,0,0
CRBN,iShares MSCI ACWI Low Carbon Target ETF,Grupo Mexico SAB de CV Class B,Fossil Fuel,GRUPO10,GRUPO MEXICO SAB DE CV CLASS B,0,0,1,0,0,0
CRBN,iShares MSCI ACWI Low Carbon Target ETF,HSBC Holdings PLC,Deforestation,HSBA,HSBC HOLDINGS PLC,0,1,0,0,0,0
CRBN,iShares MSCI ACWI Low Carbon Target ETF,Halliburton Co,Fossil Fuel,HALCL.SN,HALLIBURTON CO,0,0,1,0,0,0
CRBN,iShares MSCI ACWI Low Carbon Target ETF,Hanwha Systems Co Ltd,Weapons,272210.KS,HANWHA SYSTEMS CO LTD,0,0,0,0,0,1
CRBN,iShares MSCI ACWI Low Carbon Target ETF,Hewlett Packard Enterprise Co,Clean200,HPE,HEWLETT PACKARD ENTERPRISE CO,1,0,0,0,0,0
CRBN,iShares MSCI ACWI Low Carbon Target ETF,Hindustan Unilever Ltd,Deforestation,HINDUNILVR,HINDUSTAN UNILEVER LTD,0,1,0,0,0,0
CRBN,iShares MSCI ACWI Low Carbon Target ETF,ING Groep NV,Deforestation,INGA,ING GROEP NV,0,1,0,0,0,0
CRBN,iShares MSCI ACWI Low Carbon Target ETF,ITC Ltd,Tobacco,ITC,ITC LTD,0,0,0,0,1,0
CRBN,iShares MSCI ACWI Low Carbon Target ETF,Imperial Brands PLC,Tobacco,IMB,IMPERIAL BRANDS PLC,0,0,0,0,1,0
CRBN,iShares MSCI ACWI Low Carbon Target ETF,Indian Hotels Co Ltd,Weapons,INDHOTEL.NS,INDIAN HOTELS CO LTD,0,0,0,0,0,1
CRBN,iShares MSCI ACWI Low Carbon Target ETF,Industria De Diseno Textil SA,Clean200,ITXE.XD,INDUSTRIA DE DISENO TEXTIL SA,1,0,0,0,0,0
CRBN,iShares MSCI ACWI Low Carbon Target ETF,Intel Corp,Clean200,INTC,INTEL CORP,1,0,0,0,0,0
CRBN,iShares MSCI ACWI Low Carbon Target ETF,Interconexion Electrica SA ESP,Clean200,INTER2,INTERCONEXION ELECTRICA SA ESP,1,0,0,0,0,0
CRBN,iShares MSCI ACWI Low Carbon Target ETF,JPMorgan Chase & Co,Deforestation,JPM,JPMORGAN CHASE & CO,0,1,0,0,0,0
CRBN,iShares MSCI ACWI Low Carbon Target ETF,Jacobs Solutions Inc,Weapons,J,JACOBS SOLUTIONS INC,0,0,0,0,0,1
CRBN,iShares MSCI ACWI Low Carbon Target ETF,Japan Tobacco Inc,Tobacco,2914,JAPAN TOBACCO INC,0,0,0,0,1,0
CRBN,iShares MSCI ACWI Low Carbon Target ETF,Johnson & Johnson,Deforestation,JNJ,JOHNSON & JOHNSON,0,1,0,0,0,0
CRBN,iShares MSCI ACWI Low Carbon Target ETF,KKR & Co Inc Ordinary Shares,Fossil Fuel,KKRCO,KKR & CO INC ORDINARY SHARES,0,0,1,0,0,0
CRBN,iShares MSCI ACWI Low Carbon Target ETF,KT&G Corp,Tobacco,33780,KT&G CORP,0,0,0,0,1,0
CRBN,iShares MSCI ACWI Low Carbon Target ETF,Keppel Ltd,Fossil Fuel,BN4,KEPPEL LTD,0,0,1,0,0,0
CRBN,iShares MSCI ACWI Low Carbon Target ETF,Keysight Technologies Inc,Weapons,KEYS,KEYSIGHT TECHNOLOGIES INC,0,0,0,0,0,1
CRBN,iShares MSCI ACWI Low Carbon Target ETF,Kinder Morgan Inc Class P,Fossil Fuel,KINDE2,KINDER MORGAN INC CLASS P,0,0,1,0,0,0
CRBN,iShares MSCI ACWI Low Carbon Target ETF,L3Harris Technologies Inc,Weapons,LHX,L3HARRIS TECHNOLOGIES INC,0,0,0,0,0,1
CRBN,iShares MSCI ACWI Low Carbon Target ETF,LVMH Moet Hennessy Louis Vuitton SE,Deforestation,MOHF.SG,LVMH MOET HENNESSY LOUIS VUITTON SE,0,1,0,0,0,0
CRBN,iShares MSCI ACWI Low Carbon Target ETF,Leidos Holdings Inc,Weapons,LDOS,LEIDOS HOLDINGS INC,0,0,0,0,0,1
CRBN,iShares MSCI ACWI Low Carbon Target ETF,Li Auto Inc Class A,Clean200,LIAUT4,LI AUTO INC CLASS A,1,0,0,0,0,0
CRBN,iShares MSCI ACWI Low Carbon Target ETF,Lowe’s Companies Inc,Deforestation,LOW,LOWE’S COMPANIES INC,0,1,0,0,0,0
CRBN,iShares MSCI ACWI Low Carbon Target ETF,L’Oreal SA,Deforestation,ORP.XC,L’OREAL SA,0,1,0,0,0,0
CRBN,iShares MSCI ACWI Low Carbon Target ETF,Macquarie Group Ltd,Fossil Fuel,4M4.SG,MACQUARIE GROUP LTD,0,0,1,0,0,0
CRBN,iShares MSCI ACWI Low Carbon Target ETF,Manulife Financial Corp,Clean200,MFC,MANULIFE FINANCIAL CORP,1,0,0,0,0,0
CRBN,iShares MSCI ACWI Low Carbon Target ETF,McDonald’s Corp,Deforestation; Prison,MDOD.XC,MCDONALD’S CORP,0,1,0,1,0,0
CRBN,iShares MSCI ACWI Low Carbon Target ETF,Merck & Co Inc,Clean200,MRK,MERCK & CO INC,1,0,0,0,0,0
CRBN,iShares MSCI ACWI Low Carbon Target ETF,Microsoft Corp,Clean200; Prison,MSFT,MICROSOFT CORP,1,0,0,1,0,0
CRBN,iShares MSCI ACWI Low Carbon Target ETF,Mitsubishi UFJ Financial Group Inc,Deforestation,8306,MITSUBISHI UFJ FINANCIAL GROUP INC,0,1,0,0,0,0
CRBN,iShares MSCI ACWI Low Carbon Target ETF,Mizuho Financial Group Inc,Deforestation,8411,MIZUHO FINANCIAL GROUP INC,0,1,0,0,0,0
CRBN,iShares MSCI ACWI Low Carbon Target ETF,Morgan Stanley,Deforestation,MS,MORGAN STANLEY,0,1,0,0,0,0
CRBN,iShares MSCI ACWI Low Carbon Target ETF,Motorola Solutions Inc,Prison,MSI,MOTOROLA SOLUTIONS INC,0,0,0,1,0,0
CRBN,iShares MSCI ACWI Low Carbon Target ETF,NEC Corp,Weapons,6701,NEC CORP,0,0,0,0,0,1
CRBN,iShares MSCI ACWI Low Carbon Target ETF,NIO Inc Class A,Clean200,NIOIN4,NIO INC CLASS A,1,0,0,0,0,0
CRBN,iShares MSCI ACWI Low Carbon Target ETF,NatWest Group PLC,Deforestation,NWG,NATWEST GROUP PLC,0,1,0,0,0,0
CRBN,iShares MSCI ACWI Low Carbon Target ETF,National Australia Bank Ltd,Deforestation,NAB,NATIONAL AUSTRALIA BANK LTD,0,1,0,0,0,0
CRBN,iShares MSCI ACWI Low Carbon Target ETF,Newmont Corp,Clean200,NEM,NEWMONT CORP,1,0,0,0,0,0
CRBN,iShares MSCI ACWI Low Carbon Target ETF,NextEra Energy Inc,Fossil Fuel,NEE,NEXTERA ENERGY INC,0,0,1,0,0,0
CRBN,iShares MSCI ACWI Low Carbon Target ETF,Nike Inc Class B,Clean200; Deforestation,NKE,NIKE INC CLASS B,1,1,0,0,0,0
CRBN,iShares MSCI ACWI Low Carbon Target ETF,ONEOK Inc,Fossil Fuel,OKE,ONEOK INC,0,0,1,0,0,0
CRBN,iShares MSCI ACWI Low Carbon Target ETF,PG&E Corp,Fossil Fuel,PCG,PG&E CORP,0,0,1,0,0,0
CRBN,iShares MSCI ACWI Low Carbon Target ETF,PT Amman Mineral Internasional Tbk,Fossil Fuel,AMMN.JK,PT AMMAN MINERAL INTERNASIONAL TBK,0,0,1,0,0,0
CRBN,iShares MSCI ACWI Low Carbon Target ETF,PT Bank Rakyat Indonesia Tbk,Deforestation,PTBAN,PT BANK RAKYAT INDONESIA TBK,0,1,0,0,0,0
CRBN,iShares MSCI ACWI Low Carbon Target ETF,PT Telkom Indonesia Tbk,Clean200,PTTEL,PT TELKOM INDONESIA TBK,1,0,0,0,0,0
CRBN,iShares MSCI ACWI Low Carbon Target ETF,Pearson PLC,Deforestation,PSON,PEARSON PLC,0,1,0,0,0,0
CRBN,iShares MSCI ACWI Low Carbon Target ETF,PepsiCo Inc,Deforestation,PEP,PEPSICO INC,0,1,0,0,0,0
CRBN,iShares MSCI ACWI Low Carbon Target ETF,Philip Morris International Inc,Tobacco,PM,PHILIP MORRIS INTERNATIONAL INC,0,0,0,0,1,0
CRBN,iShares MSCI ACWI Low Carbon Target ETF,Power Finance Corp Ltd,Fossil Fuel,PFC.BO,POWER FINANCE CORP LTD,0,0,1,0,0,0
CRBN,iShares MSCI ACWI Low Carbon Target ETF,Procter & Gamble Co,Deforestation,PG.VI,PROCTER & GAMBLE CO,0,1,0,0,0,0
CRBN,iShares MSCI ACWI Low Carbon Target ETF,Public Service Enterprise Group Inc,Fossil Fuel,PEG,PUBLIC SERVICE ENTERPRISE GROUP INC,0,0,1,0,0,0
CRBN,iShares MSCI ACWI Low Carbon Target ETF,Quanta Services Inc,Clean200,PWR,QUANTA SERVICES INC,1,0,0,0,0,0
CRBN,iShares MSCI ACWI Low Carbon Target ETF,RELX PLC,Deforestation,REL,RELX PLC,0,1,0,0,0,0
CRBN,iShares MSCI ACWI Low Carbon Target ETF,Reckitt Benckiser Group PLC,Deforestation,RKT,RECKITT BENCKISER GROUP PLC,0,1,0,0,0,0
CRBN,iShares MSCI ACWI Low Carbon Target ETF,Regions Financial Corp,Prison,RF,REGIONS FINANCIAL CORP,0,0,0,1,0,0
CRBN,iShares MSCI ACWI Low Carbon Target ETF,Restaurant Brands International Inc,Deforestation,QSR,RESTAURANT BRANDS INTERNATIONAL INC,0,1,0,0,0,0
CRBN,iShares MSCI ACWI Low Carbon Target ETF,Rheinmetall AG,Weapons,RHM,RHEINMETALL AG,0,0,0,0,0,1
CRBN,iShares MSCI ACWI Low Carbon Target ETF,Rivian Automotive Inc Class A,Clean200,RIVN,RIVIAN AUTOMOTIVE INC CLASS A,1,0,0,0,0,0
CRBN,iShares MSCI ACWI Low Carbon Target ETF,SAP SE,Clean200,SAP,SAP SE,1,0,0,0,0,0
CRBN,iShares MSCI ACWI Low Carbon Target ETF,Salesforce Inc,Prison,CRM,SALESFORCE INC,0,0,0,1,0,0
CRBN,iShares MSCI ACWI Low Carbon Target ETF,Sanofi SA,Clean200,SAN,SANOFI SA,1,0,0,0,0,0
CRBN,iShares MSCI ACWI Low Carbon Target ETF,Schlumberger Ltd,Fossil Fuel,SCL.SG,SCHLUMBERGER LTD,0,0,1,0,0,0
CRBN,iShares MSCI ACWI Low Carbon Target ETF,Schneider Electric SE,Clean200,SU.PA,SCHNEIDER ELECTRIC SE,1,0,0,0,0,0
CRBN,iShares MSCI ACWI Low Carbon Target ETF,Sempra,Fossil Fuel,SRE,SEMPRA,0,0,1,0,0,0
CRBN,iShares MSCI ACWI Low Carbon Target ETF,Siemens AG,Fossil Fuel,SIEGY,SIEMENS AG,0,0,1,0,0,0
CRBN,iShares MSCI ACWI Low Carbon Target ETF,Siemens Ltd,Clean200,SIEMENS,SIEMENS LTD,1,0,0,0,0,0
CRBN,iShares MSCI ACWI Low Carbon Target ETF,Smoore International Holdings Ltd,Tobacco,6969,SMOORE INTERNATIONAL HOLDINGS LTD,0,0,0,0,1,0
CRBN,iShares MSCI ACWI Low Carbon Target ETF,SoftBank Group Corp,Clean200,9984,SOFTBANK GROUP CORP,1,0,0,0,0,0
CRBN,iShares MSCI ACWI Low Carbon Target ETF,Sony Group Corp,Tobacco,6758,SONY GROUP CORP,0,0,0,0,1,0
CRBN,iShares MSCI ACWI Low Carbon Target ETF,Standard Chartered PLC,Deforestation,STAN,STANDARD CHARTERED PLC,0,1,0,0,0,0
CRBN,iShares MSCI ACWI Low Carbon Target ETF,Stantec Inc,Clean200,STN,STANTEC INC,1,0,0,0,0,0
CRBN,iShares MSCI ACWI Low Carbon Target ETF,Starbucks Corp,Deforestation,SBUX,STARBUCKS CORP,0,1,0,0,0,0
CRBN,iShares MSCI ACWI Low Carbon Target ETF,Sumitomo Mitsui Financial Group Inc,Deforestation,SMFG,SUMITOMO MITSUI FINANCIAL GROUP INC,0,1,0,0,0,0
CRBN,iShares MSCI ACWI Low Carbon Target ETF,Suzlon Energy Ltd,Clean200,SUZLON,SUZLON ENERGY LTD,1,0,0,0,0,0
CRBN,iShares MSCI ACWI Low Carbon Target ETF,T-Mobile US Inc,Clean200,TMUS.VI,T-MOBILE US INC,1,0,0,0,0,0
CRBN,iShares MSCI ACWI Low Carbon Target ETF,TC Energy Corp,Fossil Fuel,TRP,TC ENERGY CORP,0,0,1,0,0,0
CRBN,iShares MSCI ACWI Low Carbon Target ETF,TELUS Corp,Clean200,T,TELUS CORP,1,0,0,0,0,0
CRBN,iShares MSCI ACWI Low Carbon Target ETF,TJX Companies Inc,Deforestation,1TJX.MI,TJX COMPANIES INC,0,1,0,0,0,0
CRBN,iShares MSCI ACWI Low Carbon Target ETF,Taiwan High Speed Rail Corp,Clean200,2633,TAIWAN HIGH SPEED RAIL CORP,1,0,0,0,0,0
CRBN,iShares MSCI ACWI Low Carbon Target ETF,Taiwan Semiconductor Manufacturing Co Ltd,Clean200,TSFA.DU,TAIWAN SEMICONDUCTOR MANUFACTURING CO LTD,1,0,0,0,0,0
CRBN,iShares MSCI ACWI Low Carbon Target ETF,Takeda Pharmaceutical Co Ltd,Clean200,0A87.L,TAKEDA PHARMACEUTICAL CO LTD,1,0,0,0,0,0
CRBN,iShares MSCI ACWI Low Carbon Target ETF,Target Corp,Prison,TGT,TARGET CORP,0,0,0,1,0,0
CRBN,iShares MSCI ACWI Low Carbon Target ETF,Tata Consultancy Services Ltd,Weapons,TCS,TATA CONSULTANCY SERVICES LTD,0,0,0,0,0,1
CRBN,iShares MSCI ACWI Low Carbon Target ETF,Tenaris SA,Fossil Fuel,TEN,TENARIS SA,0,0,1,0,0,0
CRBN,iShares MSCI ACWI Low Carbon Target ETF,Tesla Inc,Clean200,TSLA,TESLA INC,1,0,0,0,0,0
CRBN,iShares MSCI ACWI Low Carbon Target ETF,Texas Pacific Land Corp,Fossil Fuel,TPL,TEXAS PACIFIC LAND CORP,0,0,1,0,0,0
CRBN,iShares MSCI ACWI Low Carbon Target ETF,The Carlyle Group Inc,Fossil Fuel,CG,THE CARLYLE GROUP INC,0,0,1,0,0,0
CRBN,iShares MSCI ACWI Low Carbon Target ETF,The Estee Lauder Companies Inc Class A,Deforestation,THEES2,THE ESTEE LAUDER COMPANIES INC CLASS A,0,1,0,0,0,0
CRBN,iShares MSCI ACWI Low Carbon Target ETF,The Home Depot Inc,Deforestation,HD,THE HOME DEPOT INC,0,1,0,0,0,0
CRBN,iShares MSCI ACWI Low Carbon Target ETF,The Kroger Co,Prison,KOG.SG,THE KROGER CO,0,0,0,1,0,0
CRBN,iShares MSCI ACWI Low Carbon Target ETF,The Walt Disney Co,Tobacco,DIS,THE WALT DISNEY CO,0,0,0,0,1,0
CRBN,iShares MSCI ACWI Low Carbon Target ETF,The Western Union Co,Prison,WU,THE WESTERN UNION CO,0,0,0,1,0,0
CRBN,iShares MSCI ACWI Low Carbon Target ETF,Thomson Reuters Corp,Deforestation,TRI,THOMSON REUTERS CORP,0,1,0,0,0,0
CRBN,iShares MSCI ACWI Low Carbon Target ETF,Titan Co Ltd,Weapons,40A.F,TITAN CO LTD,0,0,0,0,0,1
CRBN,iShares MSCI ACWI Low Carbon Target ETF,Trane Technologies PLC Class A,Clean200,TRANE,TRANE TECHNOLOGIES PLC CLASS A,1,0,0,0,0,0
CRBN,iShares MSCI ACWI Low Carbon Target ETF,TransDigm Group Inc,Weapons,TDG,TRANSDIGM GROUP INC,0,0,0,0,0,1
CRBN,iShares MSCI ACWI Low Carbon Target ETF,TransUnion,Prison,TRU,TRANSUNION,0,0,0,1,0,0
CRBN,iShares MSCI ACWI Low Carbon Target ETF,Trent Ltd,Weapons,TRENT,TRENT LTD,0,0,0,0,0,1
CRBN,iShares MSCI ACWI Low Carbon Target ETF,Unilever PLC,Deforestation,ULVR,UNILEVER PLC,0,1,0,0,0,0
CRBN,iShares MSCI ACWI Low Carbon Target ETF,United Co RUSAL International PJSC,Fossil Fuel,UNITE28,UNITED CO RUSAL INTERNATIONAL PJSC,0,0,1,0,0,0
CRBN,iShares MSCI ACWI Low Carbon Target ETF,United Overseas Bank Ltd,Deforestation,U11,UNITED OVERSEAS BANK LTD,0,1,0,0,0,0
CRBN,iShares MSCI ACWI Low Carbon Target ETF,Veralto Corp,Clean200,VLTO,VERALTO CORP,1,0,0,0,0,0
CRBN,iShares MSCI ACWI Low Carbon Target ETF,Verbund AG Class A,Clean200,VERBU,VERBUND AG CLASS A,1,0,0,0,0,0
CRBN,iShares MSCI ACWI Low Carbon Target ETF,WSP Global Inc,Clean200,WSP,WSP GLOBAL INC,1,0,0,0,0,0
CRBN,iShares MSCI ACWI Low Carbon Target ETF,Walmart Inc,Deforestation,WMT,WALMART INC,0,1,0,0,0,0
CRBN,iShares MSCI ACWI Low Carbon Target ETF,Westpac Banking Corp,Deforestation,WBC.F,WESTPAC BANKING CORP,0,1,0,0,0,0
CRBN,iShares MSCI ACWI Low Carbon Target ETF,Williams Companies Inc,Fossil Fuel,WMB,WILLIAMS COMPANIES INC,0,0,1,0,0,0
CRBN,iShares MSCI ACWI Low Carbon Target ETF,XPeng Inc Class A,Clean200,XPENG3,XPENG INC CLASS A,1,0,0,0,0,0
CRBN,iShares MSCI ACWI Low Carbon Target ETF,Xylem Inc,Clean200,XYL,XYLEM INC,1,0,0,0,0,0
CRBN,iShares MSCI ACWI Low Carbon Target ETF,Yum Brands Inc,Deforestation,YUM,YUM BRANDS INC,0,1,0,0,0,0
DMXF,iShares ESG Advanced MSCI EAFE ETF,ABB Ltd,Clean200,ABBN,ABB LTD,1,0,0,0,0,0
DMXF,iShares ESG Advanced MSCI EAFE ETF,ABN AMRO Bank NV NLDR,Deforestation,ABNAM,ABN AMRO BANK NV NLDR,0,1,0,0,0,0
DMXF,iShares ESG Advanced MSCI EAFE ETF,ACS Actividades de Construccion y Servicios SA,Clean200,OCI1.SG,ACS ACTIVIDADES DE CONSTRUCCION Y SERVICIOS SA,1,0,0,0,0,0
DMXF,iShares ESG Advanced MSCI EAFE ETF,AEON Co Ltd,Deforestation,AONNF,AEON CO LTD,0,1,0,0,0,0
DMXF,iShares ESG Advanced MSCI EAFE ETF,ASICS Corp,Deforestation,7936,ASICS CORP,0,1,0,0,0,0
DMXF,iShares ESG Advanced MSCI EAFE ETF,Air Liquide SA,Clean200,AI.VI,AIR LIQUIDE SA,1,0,0,0,0,0
DMXF,iShares ESG Advanced MSCI EAFE ETF,Associated British Foods PLC,Deforestation,ABF,ASSOCIATED BRITISH FOODS PLC,0,1,0,0,0,0
DMXF,iShares ESG Advanced MSCI EAFE ETF,Astellas Pharma Inc,Clean200,4503,ASTELLAS PHARMA INC,1,0,0,0,0,0
DMXF,iShares ESG Advanced MSCI EAFE ETF,Beiersdorf AG,Deforestation,BEI,BEIERSDORF AG,0,1,0,0,0,0
DMXF,iShares ESG Advanced MSCI EAFE ETF,Brambles Ltd,Clean200,BXB,BRAMBLES LTD,1,0,0,0,0,0
DMXF,iShares ESG Advanced MSCI EAFE ETF,Capgemini SE,Prison,CAPMF,CAPGEMINI SE,0,0,0,1,0,0
DMXF,iShares ESG Advanced MSCI EAFE ETF,CapitaLand Investment Ltd,Clean200,9CI,CAPITALAND INVESTMENT LTD,1,0,0,0,0,0
DMXF,iShares ESG Advanced MSCI EAFE ETF,Central Japan Railway Co,Clean200,CJPRF,CENTRAL JAPAN RAILWAY CO,1,0,0,0,0,0
DMXF,iShares ESG Advanced MSCI EAFE ETF,Commerzbank AG,Deforestation,CBK,COMMERZBANK AG,0,1,0,0,0,0
DMXF,iShares ESG Advanced MSCI EAFE ETF,Compass Group PLC,Deforestation,CPG,COMPASS GROUP PLC,0,1,0,0,0,0
DMXF,iShares ESG Advanced MSCI EAFE ETF,DBS Group Holdings Ltd,Deforestation,D05,DBS GROUP HOLDINGS LTD,0,1,0,0,0,0
DMXF,iShares ESG Advanced MSCI EAFE ETF,Dai Nippon Printing Co Ltd,Deforestation,DNPCF,DAI NIPPON PRINTING CO LTD,0,1,0,0,0,0
DMXF,iShares ESG Advanced MSCI EAFE ETF,Daiwa House Industry Co Ltd,Deforestation,1925.T,DAIWA HOUSE INDUSTRY CO LTD,0,1,0,0,0,0
DMXF,iShares ESG Advanced MSCI EAFE ETF,Dassault Systemes SE,Clean200,DSYP.XD,DASSAULT SYSTEMES SE,1,0,0,0,0,0
DMXF,iShares ESG Advanced MSCI EAFE ETF,Deutsche Post AG,Clean200,DHL,DEUTSCHE POST AG,1,0,0,0,0,0
DMXF,iShares ESG Advanced MSCI EAFE ETF,EDP Renovaveis SA,Clean200,EDPR,EDP RENOVAVEIS SA,1,0,0,0,0,0
DMXF,iShares ESG Advanced MSCI EAFE ETF,East Japan Railway Co,Clean200,EJPRF,EAST JAPAN RAILWAY CO,1,0,0,0,0,0
DMXF,iShares ESG Advanced MSCI EAFE ETF,Eiffage SA Bearer and/or registered shares,Clean200,EIFFA,EIFFAGE SA BEARER AND/OR REGISTERED SHARES,1,0,0,0,0,0
DMXF,iShares ESG Advanced MSCI EAFE ETF,Eisai Co Ltd,Clean200,4523.T,EISAI CO LTD,1,0,0,0,0,0
DMXF,iShares ESG Advanced MSCI EAFE ETF,Elia Group SA/NV,Clean200,ELIB.XC,ELIA GROUP SA/NV,1,0,0,0,0,0
DMXF,iShares ESG Advanced MSCI EAFE ETF,Essity AB Class B,Clean200; Deforestation,ESSIT2,ESSITY AB CLASS B,1,1,0,0,0,0
DMXF,iShares ESG Advanced MSCI EAFE ETF,Ferrovial SE,Clean200,FER,FERROVIAL SE,1,0,0,0,0,0
DMXF,iShares ESG Advanced MSCI EAFE ETF,Henkel AG & Co KGaA,Clean200; Deforestation,HENOY,HENKEL AG & CO KGAA,1,1,0,0,0,0
DMXF,iShares ESG Advanced MSCI EAFE ETF,Henkel AG & Co KGaA Participating Pref.,Deforestation,HENKE2,HENKEL AG & CO KGAA PARTICIPATING PREF.,0,1,0,0,0,0
DMXF,iShares ESG Advanced MSCI EAFE ETF,Henkel AG & Co KGaA Participating Preferred,Clean200,HENKE,HENKEL AG & CO KGAA PARTICIPATING PREFERRED,1,0,0,0,0,0
DMXF,iShares ESG Advanced MSCI EAFE ETF,IHI Corp,Weapons,7013,IHI CORP,0,0,0,0,0,1
DMXF,iShares ESG Advanced MSCI EAFE ETF,ING Groep NV,Deforestation,INGA,ING GROEP NV,0,1,0,0,0,0
DMXF,iShares ESG Advanced MSCI EAFE ETF,Infratil Ltd,Fossil Fuel,IFT,INFRATIL LTD,0,0,1,0,0,0
DMXF,iShares ESG Advanced MSCI EAFE ETF,KONE Oyj Class B,Clean200,KONEO4,KONE OYJ CLASS B,1,0,0,0,0,0
DMXF,iShares ESG Advanced MSCI EAFE ETF,Kao Corp,Deforestation,4452,KAO CORP,0,1,0,0,0,0
DMXF,iShares ESG Advanced MSCI EAFE ETF,Kering SA,Clean200; Deforestation,KER,KERING SA,1,1,0,0,0,0
DMXF,iShares ESG Advanced MSCI EAFE ETF,Kikkoman Corp,Deforestation,2801,KIKKOMAN CORP,0,1,0,0,0,0
DMXF,iShares ESG Advanced MSCI EAFE ETF,Kingfisher PLC,Deforestation,KGF,KINGFISHER PLC,0,1,0,0,0,0
DMXF,iShares ESG Advanced MSCI EAFE ETF,Komatsu Ltd,Weapons,6301,KOMATSU LTD,0,0,0,0,0,1
DMXF,iShares ESG Advanced MSCI EAFE ETF,MTU Aero Engines AG,Weapons,MTUAY,MTU AERO ENGINES AG,0,0,0,0,0,1
DMXF,iShares ESG Advanced MSCI EAFE ETF,Meiji Holdings Co Ltd,Deforestation,2269.T,MEIJI HOLDINGS CO LTD,0,1,0,0,0,0
DMXF,iShares ESG Advanced MSCI EAFE ETF,Mondi PLC,Deforestation,MNDI,MONDI PLC,0,1,0,0,0,0
DMXF,iShares ESG Advanced MSCI EAFE ETF,NEC Corp,Prison; Weapons,6701,NEC CORP,0,0,0,1,0,1
DMXF,iShares ESG Advanced MSCI EAFE ETF,NICE Ltd,Prison,NICE,NICE LTD,0,0,0,1,0,0
DMXF,iShares ESG Advanced MSCI EAFE ETF,Nissin Foods Holdings Co Ltd,Deforestation,NF2.SG,NISSIN FOODS HOLDINGS CO LTD,0,1,0,0,0,0
DMXF,iShares ESG Advanced MSCI EAFE ETF,Nitori Holdings Co Ltd,Deforestation,NCLTF,NITORI HOLDINGS CO LTD,0,1,0,0,0,0
DMXF,iShares ESG Advanced MSCI EAFE ETF,Nokia Oyj,Clean200,0K8D.L,NOKIA OYJ,1,0,0,0,0,0
DMXF,iShares ESG Advanced MSCI EAFE ETF,Orkla ASA,Deforestation,ORKLY,ORKLA ASA,0,1,0,0,0,0
DMXF,iShares ESG Advanced MSCI EAFE ETF,Oversea-Chinese Banking Corp Ltd,Deforestation,OCBA.SG,OVERSEA-CHINESE BANKING CORP LTD,0,1,0,0,0,0
DMXF,iShares ESG Advanced MSCI EAFE ETF,Pandora AS,Clean200,PNDORA.CO,PANDORA AS,1,0,0,0,0,0
DMXF,iShares ESG Advanced MSCI EAFE ETF,Partners Group Holding AG,Fossil Fuel,PGHN,PARTNERS GROUP HOLDING AG,0,0,1,0,0,0
DMXF,iShares ESG Advanced MSCI EAFE ETF,Pearson PLC,Deforestation,PSON,PEARSON PLC,0,1,0,0,0,0
DMXF,iShares ESG Advanced MSCI EAFE ETF,Prysmian SpA,Clean200,PRYM.XD,PRYSMIAN SPA,1,0,0,0,0,0
DMXF,iShares ESG Advanced MSCI EAFE ETF,RELX PLC,Deforestation; Prison,REL,RELX PLC,0,1,0,1,0,0
DMXF,iShares ESG Advanced MSCI EAFE ETF,Ricoh Co Ltd,Clean200,RIC1.SG,RICOH CO LTD,1,0,0,0,0,0
DMXF,iShares ESG Advanced MSCI EAFE ETF,Rockwool AS Class B,Clean200,ROCKW3,ROCKWOOL AS CLASS B,1,0,0,0,0,0
DMXF,iShares ESG Advanced MSCI EAFE ETF,SAP SE,Clean200,SAP,SAP SE,1,0,0,0,0,0
DMXF,iShares ESG Advanced MSCI EAFE ETF,Schneider Electric SE,Clean200,SU.PA,SCHNEIDER ELECTRIC SE,1,0,0,0,0,0
DMXF,iShares ESG Advanced MSCI EAFE ETF,Sekisui Chemical Co Ltd,Clean200,SKSUF,SEKISUI CHEMICAL CO LTD,1,0,0,0,0,0
DMXF,iShares ESG Advanced MSCI EAFE ETF,Sekisui House Ltd,Deforestation,1928,SEKISUI HOUSE LTD,0,1,0,0,0,0
DMXF,iShares ESG Advanced MSCI EAFE ETF,Shiseido Co Ltd,Deforestation,SHD.SG,SHISEIDO CO LTD,0,1,0,0,0,0
DMXF,iShares ESG Advanced MSCI EAFE ETF,Siemens Healthineers AG Registered Shares,Clean200,SIEME4,SIEMENS HEALTHINEERS AG REGISTERED SHARES,1,0,0,0,0,0
DMXF,iShares ESG Advanced MSCI EAFE ETF,Skanska AB Class B,Deforestation,SKANS,SKANSKA AB CLASS B,0,1,0,0,0,0
DMXF,iShares ESG Advanced MSCI EAFE ETF,Smiths Group PLC,Prison; Weapons,SMIN,SMITHS GROUP PLC,0,0,0,1,0,1
DMXF,iShares ESG Advanced MSCI EAFE ETF,Sodexo,Deforestation; Prison,SDXAY,SODEXO,0,1,0,1,0,0
DMXF,iShares ESG Advanced MSCI EAFE ETF,SoftBank Group Corp,Clean200,9984,SOFTBANK GROUP CORP,1,0,0,0,0,0
DMXF,iShares ESG Advanced MSCI EAFE ETF,Sumitomo Mitsui Financial Group Inc,Deforestation,SMFG,SUMITOMO MITSUI FINANCIAL GROUP INC,0,1,0,0,0,0
DMXF,iShares ESG Advanced MSCI EAFE ETF,The Swatch Group AG,Clean200,UHR,THE SWATCH GROUP AG,1,0,0,0,0,0
DMXF,iShares ESG Advanced MSCI EAFE ETF,Toppan Holdings Inc,Deforestation,7911,TOPPAN HOLDINGS INC,0,1,0,0,0,0
DMXF,iShares ESG Advanced MSCI EAFE ETF,Unicharm Corp,Deforestation,8113,UNICHARM CORP,0,1,0,0,0,0
DMXF,iShares ESG Advanced MSCI EAFE ETF,United Overseas Bank Ltd,Deforestation,U11,UNITED OVERSEAS BANK LTD,0,1,0,0,0,0
DMXF,iShares ESG Advanced MSCI EAFE ETF,Verbund AG Class A,Clean200,VERBU,VERBUND AG CLASS A,1,0,0,0,0,0
DMXF,iShares ESG Advanced MSCI EAFE ETF,Vestas Wind Systems AS,Clean200,VWS.CO,VESTAS WIND SYSTEMS AS,1,0,0,0,0,0
DMXF,iShares ESG Advanced MSCI EAFE ETF,Vinci SA,Clean200,DG,VINCI SA,1,0,0,0,0,0
DMXF,iShares ESG Advanced MSCI EAFE ETF,WH Group Ltd Shs Unitary 144A/Reg S,Deforestation,WHGRO3,WH GROUP LTD SHS UNITARY 144A/REG S,0,1,0,0,0,0
DMXF,iShares ESG Advanced MSCI EAFE ETF,West Japan Railway Co,Clean200,9021.T,WEST JAPAN RAILWAY CO,1,0,0,0,0,0
DMXF,iShares ESG Advanced MSCI EAFE ETF,Yakult Honsha Co Ltd,Deforestation,YKLTF,YAKULT HONSHA CO LTD,0,1,0,0,0,0
DMXF,iShares ESG Advanced MSCI EAFE ETF,Yamaha Motor Co Ltd,Prison,7272.T,YAMAHA MOTOR CO LTD,0,0,0,1,0,0
DSI,iShares MSCI KLD 400 Social ETF,3M Co,Deforestation; Prison,MMMD.XC,3M CO,0,1,0,1,0,0
DSI,iShares MSCI KLD 400 Social ETF,AbbVie Inc,Clean200,ABBV,ABBVIE INC,1,0,0,0,0,0
DSI,iShares MSCI KLD 400 Social ETF,Accenture PLC Class A,Prison,ACN,ACCENTURE PLC CLASS A,0,0,0,1,0,0
DSI,iShares MSCI KLD 400 Social ETF,Advanced Micro Devices Inc,Clean200,AMD,ADVANCED MICRO DEVICES INC,1,0,0,0,0,0
DSI,iShares MSCI KLD 400 Social ETF,Albemarle Corp,Clean200,ALB,ALBEMARLE CORP,1,0,0,0,0,0
DSI,iShares MSCI KLD 400 Social ETF,Alphabet Inc Class A,Clean200; Prison,GOOGL,ALPHABET INC CLASS A,1,0,0,1,0,0
DSI,iShares MSCI KLD 400 Social ETF,Alphabet Inc Class C,Clean200; Prison,GOOG,ALPHABET INC CLASS C,1,0,0,1,0,0
DSI,iShares MSCI KLD 400 Social ETF,Amgen Inc,Clean200,AMGN,AMGEN INC,1,0,0,0,0,0
DSI,iShares MSCI KLD 400 Social ETF,Analog Devices Inc,Clean200,ADI,ANALOG DEVICES INC,1,0,0,0,0,0
DSI,iShares MSCI KLD 400 Social ETF,Aramark,Deforestation; Prison,ARMK,ARAMARK,0,1,0,1,0,0
DSI,iShares MSCI KLD 400 Social ETF,Archer-Daniels-Midland Co,Deforestation; Prison,ADM,ARCHER-DANIELS-MIDLAND CO,0,1,0,1,0,0
DSI,iShares MSCI KLD 400 Social ETF,Atmos Energy Corp,Fossil Fuel,ATO,ATMOS ENERGY CORP,0,0,1,0,0,0
DSI,iShares MSCI KLD 400 Social ETF,Autodesk Inc,Clean200,ADSK,AUTODESK INC,1,0,0,0,0,0
DSI,iShares MSCI KLD 400 Social ETF,Avista Corp,Fossil Fuel,AVA,AVISTA CORP,0,0,1,0,0,0
DSI,iShares MSCI KLD 400 Social ETF,Axon Enterprise Inc,Prison,AXON,AXON ENTERPRISE INC,0,0,0,1,0,0
DSI,iShares MSCI KLD 400 Social ETF,Baker Hughes Co Class A,Fossil Fuel,BAKER3,BAKER HUGHES CO CLASS A,0,0,1,0,0,0
DSI,iShares MSCI KLD 400 Social ETF,Ball Corp,Clean200,BALL,BALL CORP,1,0,0,0,0,0
DSI,iShares MSCI KLD 400 Social ETF,Bunge Global SA,Deforestation,BG,BUNGE GLOBAL SA,0,1,0,0,0,0
DSI,iShares MSCI KLD 400 Social ETF,CMS Energy Corp,Fossil Fuel,CMS,CMS ENERGY CORP,0,0,1,0,0,0
DSI,iShares MSCI KLD 400 Social ETF,CRH PLC,Weapons,CRH,CRH PLC,0,0,0,0,0,1
DSI,iShares MSCI KLD 400 Social ETF,CSX Corp,Fossil Fuel,CSX,CSX CORP,0,0,1,0,0,0
DSI,iShares MSCI KLD 400 Social ETF,Campbell’s Co,Deforestation,CSC.F,CAMPBELL’S CO,0,1,0,0,0,0
DSI,iShares MSCI KLD 400 Social ETF,Capri Holdings Ltd,Deforestation,CPRI,CAPRI HOLDINGS LTD,0,1,0,0,0,0
DSI,iShares MSCI KLD 400 Social ETF,Cardinal Health Inc,Prison,CAH,CARDINAL HEALTH INC,0,0,0,1,0,0
DSI,iShares MSCI KLD 400 Social ETF,Caterpillar Inc,Weapons,CAT,CATERPILLAR INC,0,0,0,0,0,1
DSI,iShares MSCI KLD 400 Social ETF,Cheniere Energy Inc,Fossil Fuel,LNG,CHENIERE ENERGY INC,0,0,1,0,0,0
DSI,iShares MSCI KLD 400 Social ETF,Cisco Systems Inc,Clean200,CSCO,CISCO SYSTEMS INC,1,0,0,0,0,0
DSI,iShares MSCI KLD 400 Social ETF,Citizens Financial Group Inc,Prison,CFG,CITIZENS FINANCIAL GROUP INC,0,0,0,1,0,0
DSI,iShares MSCI KLD 400 Social ETF,Clorox Co,Deforestation,CLX.MX,CLOROX CO,0,1,0,0,0,0
DSI,iShares MSCI KLD 400 Social ETF,Colgate-Palmolive Co,Deforestation,CL,COLGATE-PALMOLIVE CO,0,1,0,0,0,0
DSI,iShares MSCI KLD 400 Social ETF,Conagra Brands Inc,Deforestation,CAG,CONAGRA BRANDS INC,0,1,0,0,0,0
DSI,iShares MSCI KLD 400 Social ETF,Consolidated Edison Inc,Fossil Fuel,ED,CONSOLIDATED EDISON INC,0,0,1,0,0,0
DSI,iShares MSCI KLD 400 Social ETF,Core Laboratories Inc,Fossil Fuel,CLB,CORE LABORATORIES INC,0,0,1,0,0,0
DSI,iShares MSCI KLD 400 Social ETF,DaVita Inc,Clean200,DVA,DAVITA INC,1,0,0,0,0,0
DSI,iShares MSCI KLD 400 Social ETF,Darling Ingredients Inc,Clean200,DAR,DARLING INGREDIENTS INC,1,0,0,0,0,0
DSI,iShares MSCI KLD 400 Social ETF,Deckers Outdoor Corp,Deforestation,DECK,DECKERS OUTDOOR CORP,0,1,0,0,0,0
DSI,iShares MSCI KLD 400 Social ETF,Domino’s Pizza Inc,Deforestation,DPZ,DOMINO’S PIZZA INC,0,1,0,0,0,0
DSI,iShares MSCI KLD 400 Social ETF,Eaton Corp PLC,Weapons,ETN,EATON CORP PLC,0,0,0,0,0,1
DSI,iShares MSCI KLD 400 Social ETF,Ecolab Inc,Clean200,ECL,ECOLAB INC,1,0,0,0,0,0
DSI,iShares MSCI KLD 400 Social ETF,Elevance Health Inc,Prison,ELV,ELEVANCE HEALTH INC,0,0,0,1,0,0
DSI,iShares MSCI KLD 400 Social ETF,Equinix Inc,Clean200,EQIX,EQUINIX INC,1,0,0,0,0,0
DSI,iShares MSCI KLD 400 Social ETF,Estee Lauder Cos Inc,Deforestation,EL,ESTEE LAUDER COS INC,0,1,0,0,0,0
DSI,iShares MSCI KLD 400 Social ETF,Eversource Energy,Fossil Fuel,ES,EVERSOURCE ENERGY,0,0,1,0,0,0
DSI,iShares MSCI KLD 400 Social ETF,Exelon Corp,Fossil Fuel,EXC,EXELON CORP,0,0,1,0,0,0
DSI,iShares MSCI KLD 400 Social ETF,First Solar Inc,Clean200,FSLR,FIRST SOLAR INC,1,0,0,0,0,0
DSI,iShares MSCI KLD 400 Social ETF,Fortive Corp,Weapons,FTV,FORTIVE CORP,0,0,0,0,0,1
DSI,iShares MSCI KLD 400 Social ETF,General Mills Inc,Deforestation,GIS,GENERAL MILLS INC,0,1,0,0,0,0
DSI,iShares MSCI KLD 400 Social ETF,Granite Construction Inc,Prison,GVA,GRANITE CONSTRUCTION INC,0,0,0,1,0,0
DSI,iShares MSCI KLD 400 Social ETF,HF Sinclair Corp,Fossil Fuel,DINO,HF SINCLAIR CORP,0,0,1,0,0,0
DSI,iShares MSCI KLD 400 Social ETF,HP Inc,Clean200,HPQ,HP INC,1,0,0,0,0,0
DSI,iShares MSCI KLD 400 Social ETF,Halliburton Co,Fossil Fuel,HALCL.SN,HALLIBURTON CO,0,0,1,0,0,0
DSI,iShares MSCI KLD 400 Social ETF,Hewlett Packard Enterprise Co,Clean200,HPE,HEWLETT PACKARD ENTERPRISE CO,1,0,0,0,0,0
DSI,iShares MSCI KLD 400 Social ETF,Hormel Foods Corp,Deforestation,HRL,HORMEL FOODS CORP,0,1,0,0,0,0
DSI,iShares MSCI KLD 400 Social ETF,Intel Corp,Clean200,INTC,INTEL CORP,1,0,0,0,0,0
DSI,iShares MSCI KLD 400 Social ETF,International Paper Co,Deforestation,IP,INTERNATIONAL PAPER CO,0,1,0,0,0,0
DSI,iShares MSCI KLD 400 Social ETF,JM Smucker Co,Deforestation,JM2.SG,JM SMUCKER CO,0,1,0,0,0,0
DSI,iShares MSCI KLD 400 Social ETF,Jacobs Solutions Inc,Weapons,J,JACOBS SOLUTIONS INC,0,0,0,0,0,1
DSI,iShares MSCI KLD 400 Social ETF,Johnson Controls Intl PLC Registered,Clean200,JOHNS2,JOHNSON CONTROLS INTL PLC REGISTERED,1,0,0,0,0,0
DSI,iShares MSCI KLD 400 Social ETF,Kellanova,Deforestation,K,KELLANOVA,0,1,0,0,0,0
DSI,iShares MSCI KLD 400 Social ETF,Keysight Technologies Inc,Weapons,KEYS,KEYSIGHT TECHNOLOGIES INC,0,0,0,0,0,1
DSI,iShares MSCI KLD 400 Social ETF,Kimberly-Clark Corp,Clean200; Deforestation,KMB,KIMBERLY-CLARK CORP,1,1,0,0,0,0
DSI,iShares MSCI KLD 400 Social ETF,La-Z-Boy Inc,Deforestation,LZB,LA-Z-BOY INC,0,1,0,0,0,0
DSI,iShares MSCI KLD 400 Social ETF,Lowe’s Companies Inc,Deforestation,LOW,LOWE’S COMPANIES INC,0,1,0,0,0,0
DSI,iShares MSCI KLD 400 Social ETF,Lumen Technologies Inc Ord,Weapons,LUMEN3,LUMEN TECHNOLOGIES INC ORD,0,0,0,0,0,1
DSI,iShares MSCI KLD 400 Social ETF,Marathon Petroleum Corp,Fossil Fuel,MPC,MARATHON PETROLEUM CORP,0,0,1,0,0,0
DSI,iShares MSCI KLD 400 Social ETF,McDonald’s Corp,Deforestation; Prison,MDOD.XC,MCDONALD’S CORP,0,1,0,1,0,0
DSI,iShares MSCI KLD 400 Social ETF,Merck & Co Inc,Clean200,MRK,MERCK & CO INC,1,0,0,0,0,0
DSI,iShares MSCI KLD 400 Social ETF,Microsoft Corp,Clean200; Prison,MSFT,MICROSOFT CORP,1,0,0,1,0,0
DSI,iShares MSCI KLD 400 Social ETF,Mondelez International,Deforestation,MDLZ,MONDELEZ INTERNATIONAL,0,1,0,0,0,0
DSI,iShares MSCI KLD 400 Social ETF,Morgan Stanley,Deforestation,MS,MORGAN STANLEY,0,1,0,0,0,0
DSI,iShares MSCI KLD 400 Social ETF,Motorola Solutions Inc,Prison,MSI,MOTOROLA SOLUTIONS INC,0,0,0,1,0,0
DSI,iShares MSCI KLD 400 Social ETF,NOV Inc,Fossil Fuel,NOV,NOV INC,0,0,1,0,0,0
DSI,iShares MSCI KLD 400 Social ETF,New Jersey Resources Corp,Fossil Fuel,NJR,NEW JERSEY RESOURCES CORP,0,0,1,0,0,0
DSI,iShares MSCI KLD 400 Social ETF,Newmont Corp,Clean200,NEM,NEWMONT CORP,1,0,0,0,0,0
DSI,iShares MSCI KLD 400 Social ETF,NiSource Inc,Fossil Fuel,NI,NISOURCE INC,0,0,1,0,0,0
DSI,iShares MSCI KLD 400 Social ETF,Nike Inc Class B,Clean200; Deforestation,NKE,NIKE INC CLASS B,1,1,0,0,0,0
DSI,iShares MSCI KLD 400 Social ETF,ONEOK Inc,Fossil Fuel,OKE,ONEOK INC,0,0,1,0,0,0
DSI,iShares MSCI KLD 400 Social ETF,Parker Hannifin Corp,Weapons,PH,PARKER HANNIFIN CORP,0,0,0,0,0,1
DSI,iShares MSCI KLD 400 Social ETF,PepsiCo Inc,Deforestation,PEP,PEPSICO INC,0,1,0,0,0,0
DSI,iShares MSCI KLD 400 Social ETF,Phillips 66,Fossil Fuel,PSX,PHILLIPS 66,0,0,1,0,0,0
DSI,iShares MSCI KLD 400 Social ETF,Procter & Gamble Co,Deforestation,PG.VI,PROCTER & GAMBLE CO,0,1,0,0,0,0
DSI,iShares MSCI KLD 400 Social ETF,Quanta Services Inc,Clean200,PWR,QUANTA SERVICES INC,1,0,0,0,0,0
DSI,iShares MSCI KLD 400 Social ETF,Regions Financial Corp,Prison,RF,REGIONS FINANCIAL CORP,0,0,0,1,0,0
DSI,iShares MSCI KLD 400 Social ETF,Rivian Automotive Inc Class A,Clean200,RIVN,RIVIAN AUTOMOTIVE INC CLASS A,1,0,0,0,0,0
DSI,iShares MSCI KLD 400 Social ETF,Salesforce Inc,Prison,CRM,SALESFORCE INC,0,0,0,1,0,0
DSI,iShares MSCI KLD 400 Social ETF,Sempra,Fossil Fuel,SRE,SEMPRA,0,0,1,0,0,0
DSI,iShares MSCI KLD 400 Social ETF,Sonoco Products Co,Clean200,SON,SONOCO PRODUCTS CO,1,0,0,0,0,0
DSI,iShares MSCI KLD 400 Social ETF,Starbucks Corp,Deforestation,SBUX,STARBUCKS CORP,0,1,0,0,0,0
DSI,iShares MSCI KLD 400 Social ETF,Sysco Corp,Deforestation,SYY,SYSCO CORP,0,1,0,0,0,0
DSI,iShares MSCI KLD 400 Social ETF,Targa Resources Corp,Fossil Fuel,TRGP,TARGA RESOURCES CORP,0,0,1,0,0,0
DSI,iShares MSCI KLD 400 Social ETF,Target Corp,Deforestation; Prison,TGT,TARGET CORP,0,1,0,1,0,0
DSI,iShares MSCI KLD 400 Social ETF,TechnipFMC PLC,Fossil Fuel,FTI,TECHNIPFMC PLC,0,0,1,0,0,0
DSI,iShares MSCI KLD 400 Social ETF,Tesla Inc,Clean200,TSLA,TESLA INC,1,0,0,0,0,0
DSI,iShares MSCI KLD 400 Social ETF,The Home Depot Inc,Deforestation,HD,THE HOME DEPOT INC,0,1,0,0,0,0
DSI,iShares MSCI KLD 400 Social ETF,The Kraft Heinz Co,Deforestation,KHC,THE KRAFT HEINZ CO,0,1,0,0,0,0
DSI,iShares MSCI KLD 400 Social ETF,The Kroger Co,Deforestation; Prison,KOG.SG,THE KROGER CO,0,1,0,1,0,0
DSI,iShares MSCI KLD 400 Social ETF,The Walt Disney Co,Tobacco,DIS,THE WALT DISNEY CO,0,0,0,0,1,0
DSI,iShares MSCI KLD 400 Social ETF,The Western Union Co,Prison,WU,THE WESTERN UNION CO,0,0,0,1,0,0
DSI,iShares MSCI KLD 400 Social ETF,Trane Technologies PLC Class A,Clean200,TRANE,TRANE TECHNOLOGIES PLC CLASS A,1,0,0,0,0,0
DSI,iShares MSCI KLD 400 Social ETF,TransUnion,Prison,TRU,TRANSUNION,0,0,0,1,0,0
DSI,iShares MSCI KLD 400 Social ETF,UGI Corp,Fossil Fuel,UGI,UGI CORP,0,0,1,0,0,0
DSI,iShares MSCI KLD 400 Social ETF,VF Corp,Deforestation,VFC,VF CORP,0,1,0,0,0,0
DSI,iShares MSCI KLD 400 Social ETF,Valero Energy Corp,Fossil Fuel,VLO,VALERO ENERGY CORP,0,0,1,0,0,0
DSI,iShares MSCI KLD 400 Social ETF,Veralto Corp,Clean200,VLTO,VERALTO CORP,1,0,0,0,0,0
DSI,iShares MSCI KLD 400 Social ETF,Williams-Sonoma Inc,Deforestation,WSM,WILLIAMS-SONOMA INC,0,1,0,0,0,0
DSI,iShares MSCI KLD 400 Social ETF,Wolverine World Wide Inc,Deforestation,WWW,WOLVERINE WORLD WIDE INC,0,1,0,0,0,0
DSI,iShares MSCI KLD 400 Social ETF,Xerox Holdings Corp,Clean200,XRX,XEROX HOLDINGS CORP,1,0,0,0,0,0
DSI,iShares MSCI KLD 400 Social ETF,Xylem Inc,Clean200,XYL,XYLEM INC,1,0,0,0,0,0
EMXF,iShares ESG Advanced MSCI EM ETF,Asustek Computer Inc,Clean200,2357,ASUSTEK COMPUTER INC,1,0,0,0,0,0
EMXF,iShares ESG Advanced MSCI EM ETF,Banco do Brasil SA BB Brasil,Clean200,BZLA.BE,BANCO DO BRASIL SA BB BRASIL,1,0,0,0,0,0
EMXF,iShares ESG Advanced MSCI EM ETF,Bank Of China Ltd Class A,Deforestation,BANKO6,BANK OF CHINA LTD CLASS A,0,1,0,0,0,0
EMXF,iShares ESG Advanced MSCI EM ETF,Bank Of China Ltd Class H,Deforestation,BANKO5,BANK OF CHINA LTD CLASS H,0,1,0,0,0,0
EMXF,iShares ESG Advanced MSCI EM ETF,Beijing Enterprises Water Group Ltd,Clean200,HUN2.MU,BEIJING ENTERPRISES WATER GROUP LTD,1,0,0,0,0,0
EMXF,iShares ESG Advanced MSCI EM ETF,CIMB Group Holdings Bhd,Deforestation,CIMBG,CIMB GROUP HOLDINGS BHD,0,1,0,0,0,0
EMXF,iShares ESG Advanced MSCI EM ETF,CJ CheilJedang Corp,Deforestation,97950,CJ CHEILJEDANG CORP,0,1,0,0,0,0
EMXF,iShares ESG Advanced MSCI EM ETF,Cencosud SA,Deforestation,CENCOSUD,CENCOSUD SA,0,1,0,0,0,0
EMXF,iShares ESG Advanced MSCI EM ETF,China Citic Bank Corp Ltd Class H,Fossil Fuel,CHINA59,CHINA CITIC BANK CORP LTD CLASS H,0,0,1,0,0,0
EMXF,iShares ESG Advanced MSCI EM ETF,China Mengniu Dairy Co Ltd,Deforestation,EZQ.SG,CHINA MENGNIU DAIRY CO LTD,0,1,0,0,0,0
EMXF,iShares ESG Advanced MSCI EM ETF,China Railway Signal & Communication Corp Ltd Class A,Clean200,CHINA62,CHINA RAILWAY SIGNAL & COMMUNICATION CORP LTD CLASS A,1,0,0,0,0,0
EMXF,iShares ESG Advanced MSCI EM ETF,China Three Gorges Renewables (Group) Co Ltd Class A,Clean200,CHINA55,CHINA THREE GORGES RENEWABLES (GROUP) CO LTD CLASS A,1,0,0,0,0,0
EMXF,iShares ESG Advanced MSCI EM ETF,China Yangtze Power Co Ltd Class A,Fossil Fuel,CHINA56,CHINA YANGTZE POWER CO LTD CLASS A,0,0,1,0,0,0
EMXF,iShares ESG Advanced MSCI EM ETF,Delta Electronics (Thailand) PCL Units Non-Voting Depository Receipt,Clean200,DELTA3,DELTA ELECTRONICS (THAILAND) PCL UNITS NON-VOTING DEPOSITORY RECEIPT,1,0,0,0,0,0
EMXF,iShares ESG Advanced MSCI EM ETF,Doosan Enerbility Co Ltd,Weapons,034020.KS,DOOSAN ENERBILITY CO LTD,0,0,0,0,0,1
EMXF,iShares ESG Advanced MSCI EM ETF,EVE Energy Co Ltd Class A,Clean200,EVEEN,EVE ENERGY CO LTD CLASS A,1,0,0,0,0,0
EMXF,iShares ESG Advanced MSCI EM ETF,Emirates Telecommunications Group Co PJSC,Clean200,EMIRA3,EMIRATES TELECOMMUNICATIONS GROUP CO PJSC,1,0,0,0,0,0
EMXF,iShares ESG Advanced MSCI EM ETF,Empresas CMPC SA,Deforestation,CMPC,EMPRESAS CMPC SA,0,1,0,0,0,0
EMXF,iShares ESG Advanced MSCI EM ETF,Equatorial SA,Fossil Fuel,EQTL3,EQUATORIAL SA,0,0,1,0,0,0
EMXF,iShares ESG Advanced MSCI EM ETF,Etihad Etisalat Co JSC,Clean200,ETIHA,ETIHAD ETISALAT CO JSC,1,0,0,0,0,0
EMXF,iShares ESG Advanced MSCI EM ETF,Flat Glass Group Co Ltd Class A,Clean200,FLATG,FLAT GLASS GROUP CO LTD CLASS A,1,0,0,0,0,0
EMXF,iShares ESG Advanced MSCI EM ETF,Grupo Bimbo SAB de CV Class A,Deforestation,GRUPO9,GRUPO BIMBO SAB DE CV CLASS A,0,1,0,0,0,0
EMXF,iShares ESG Advanced MSCI EM ETF,Hengan International Group Co Ltd,Deforestation,HGNC.SG,HENGAN INTERNATIONAL GROUP CO LTD,0,1,0,0,0,0
EMXF,iShares ESG Advanced MSCI EM ETF,Hindustan Unilever Ltd,Deforestation,HINDUNILVR,HINDUSTAN UNILEVER LTD,0,1,0,0,0,0
EMXF,iShares ESG Advanced MSCI EM ETF,Indian Hotels Co Ltd,Weapons,INDHOTEL.NS,INDIAN HOTELS CO LTD,0,0,0,0,0,1
EMXF,iShares ESG Advanced MSCI EM ETF,Industrial And Commercial Bank Of China Ltd Class A,Deforestation,INDUS12,INDUSTRIAL AND COMMERCIAL BANK OF CHINA LTD CLASS A,0,1,0,0,0,0
EMXF,iShares ESG Advanced MSCI EM ETF,Industrial And Commercial Bank Of China Ltd Class H,Deforestation,INDUS11,INDUSTRIAL AND COMMERCIAL BANK OF CHINA LTD CLASS H,0,1,0,0,0,0
EMXF,iShares ESG Advanced MSCI EM ETF,Inner Mongolia Yili Industrial Group Co Ltd Class A,Deforestation,INNER2,INNER MONGOLIA YILI INDUSTRIAL GROUP CO LTD CLASS A,0,1,0,0,0,0
EMXF,iShares ESG Advanced MSCI EM ETF,Interconexion Electrica SA ESP,Clean200,INTER2,INTERCONEXION ELECTRICA SA ESP,1,0,0,0,0,0
EMXF,iShares ESG Advanced MSCI EM ETF,Klabin SA Ctf de Deposito de Acoes Cons of 1 Sh ' 4 Pfd Shs,Deforestation,KLABI2,KLABIN SA CTF DE DEPOSITO DE ACOES CONS OF 1 SH ' 4 PFD SHS,0,1,0,0,0,0
EMXF,iShares ESG Advanced MSCI EM ETF,Kuala Lumpur Kepong Bhd,Deforestation,KUALA,KUALA LUMPUR KEPONG BHD,0,1,0,0,0,0
EMXF,iShares ESG Advanced MSCI EM ETF,LG Energy Solution Ltd,Clean200,373220,LG ENERGY SOLUTION LTD,1,0,0,0,0,0
EMXF,iShares ESG Advanced MSCI EM ETF,Li Auto Inc Ordinary Shares - Class A,Clean200,LIAUT3,LI AUTO INC ORDINARY SHARES - CLASS A,1,0,0,0,0,0
EMXF,iShares ESG Advanced MSCI EM ETF,Malayan Banking Bhd,Deforestation,MALAY,MALAYAN BANKING BHD,0,1,0,0,0,0
EMXF,iShares ESG Advanced MSCI EM ETF,Nestle India Ltd,Deforestation,NESTLEIND,NESTLE INDIA LTD,0,1,0,0,0,0
EMXF,iShares ESG Advanced MSCI EM ETF,Nestle Malaysia Bhd,Deforestation,NSLYF,NESTLE MALAYSIA BHD,0,1,0,0,0,0
EMXF,iShares ESG Advanced MSCI EM ETF,PPB Group Bhd,Deforestation,PPBGR,PPB GROUP BHD,0,1,0,0,0,0
EMXF,iShares ESG Advanced MSCI EM ETF,PT Bank Mandiri (Persero) Tbk,Deforestation,PQ9.F,PT BANK MANDIRI (PERSERO) TBK,0,1,0,0,0,0
EMXF,iShares ESG Advanced MSCI EM ETF,PT Bank Negara Indonesia (Persero) Tbk Reg Shs Series-B-,Deforestation,PTBAN3,PT BANK NEGARA INDONESIA (PERSERO) TBK REG SHS SERIES-B-,0,1,0,0,0,0
EMXF,iShares ESG Advanced MSCI EM ETF,PT Bank Rakyat Indonesia (Persero) Tbk Reg Shs Series-B-,Deforestation,PTBAN2,PT BANK RAKYAT INDONESIA (PERSERO) TBK REG SHS SERIES-B-,0,1,0,0,0,0
EMXF,iShares ESG Advanced MSCI EM ETF,PT Telkom Indonesia (Persero) Tbk Registered Shs Series -B-,Clean200,PTTEL2,PT TELKOM INDONESIA (PERSERO) TBK REGISTERED SHS SERIES -B-,1,0,0,0,0,0
EMXF,iShares ESG Advanced MSCI EM ETF,Petronas Chemicals Group Bhd,Fossil Fuel,PECGF,PETRONAS CHEMICALS GROUP BHD,0,0,1,0,0,0
EMXF,iShares ESG Advanced MSCI EM ETF,Press Metal Aluminium Holdings Bhd,Fossil Fuel,PRESS,PRESS METAL ALUMINIUM HOLDINGS BHD,0,0,1,0,0,0
EMXF,iShares ESG Advanced MSCI EM ETF,Public Bank Bhd,Deforestation,PUBLI,PUBLIC BANK BHD,0,1,0,0,0,0
EMXF,iShares ESG Advanced MSCI EM ETF,SCB X PCL NVDR,Deforestation,SCBXP,SCB X PCL NVDR,0,1,0,0,0,0
EMXF,iShares ESG Advanced MSCI EM ETF,SD Guthrie Bhd,Deforestation,SDGUT,SD GUTHRIE BHD,0,1,0,0,0,0
EMXF,iShares ESG Advanced MSCI EM ETF,SK Telecom Co Ltd,Clean200,SKM,SK TELECOM CO LTD,1,0,0,0,0,0
EMXF,iShares ESG Advanced MSCI EM ETF,Samsung SDI Co Ltd,Clean200,XSDG.F,SAMSUNG SDI CO LTD,1,0,0,0,0,0
EMXF,iShares ESG Advanced MSCI EM ETF,Saudi Basic Industries Corp,Fossil Fuel,2010.SR,SAUDI BASIC INDUSTRIES CORP,0,0,1,0,0,0
EMXF,iShares ESG Advanced MSCI EM ETF,Sime Darby Bhd,Deforestation,SMEBF,SIME DARBY BHD,0,1,0,0,0,0
EMXF,iShares ESG Advanced MSCI EM ETF,Suzlon Energy Ltd,Clean200,SUZLON,SUZLON ENERGY LTD,1,0,0,0,0,0
EMXF,iShares ESG Advanced MSCI EM ETF,Taiwan High Speed Rail Corp,Clean200,2633,TAIWAN HIGH SPEED RAIL CORP,1,0,0,0,0,0
EMXF,iShares ESG Advanced MSCI EM ETF,Taiwan Semiconductor Manufacturing Co Ltd,Clean200,TSFA.DU,TAIWAN SEMICONDUCTOR MANUFACTURING CO LTD,1,0,0,0,0,0
EMXF,iShares ESG Advanced MSCI EM ETF,Tata Consumer Products Ltd,Weapons,TATACONSUM,TATA CONSUMER PRODUCTS LTD,0,0,0,0,0,1
EMXF,iShares ESG Advanced MSCI EM ETF,Tata Elxsi Ltd,Weapons,TATAELXSI,TATA ELXSI LTD,0,0,0,0,0,1
EMXF,iShares ESG Advanced MSCI EM ETF,Titan Co Ltd,Weapons,40A.F,TITAN CO LTD,0,0,0,0,0,1
EMXF,iShares ESG Advanced MSCI EM ETF,Trent Ltd,Weapons,TRENT,TRENT LTD,0,0,0,0,0,1
EMXF,iShares ESG Advanced MSCI EM ETF,Uni-President Enterprises Corp,Deforestation,1216,UNI-PRESIDENT ENTERPRISES CORP,0,1,0,0,0,0
EMXF,iShares ESG Advanced MSCI EM ETF,Voltas Ltd,Weapons,VOLTAS,VOLTAS LTD,0,0,0,0,0,1
EMXF,iShares ESG Advanced MSCI EM ETF,XPeng Inc Class A,Clean200,XPENG3,XPENG INC CLASS A,1,0,0,0,0,0
EMXF,iShares ESG Advanced MSCI EM ETF,Xinyi Solar Holdings Ltd,Clean200,968,XINYI SOLAR HOLDINGS LTD,1,0,0,0,0,0
EMXF,iShares ESG Advanced MSCI EM ETF,Yadea Group Holdings Ltd Shs Unitary 144A/RegS,Clean200,YADEA5,YADEA GROUP HOLDINGS LTD SHS UNITARY 144A/REGS,1,0,0,0,0,0
ESGD,iShares ESG Aware MSCI EAFE ETF,ABB Ltd,Clean200,ABBN,ABB LTD,1,0,0,0,0,0
ESGD,iShares ESG Aware MSCI EAFE ETF,ACS Actividades de Construccion y Servicios SA,Clean200,OCI1.SG,ACS ACTIVIDADES DE CONSTRUCCION Y SERVICIOS SA,1,0,0,0,0,0
ESGD,iShares ESG Aware MSCI EAFE ETF,AEON Co Ltd,Deforestation,AONNF,AEON CO LTD,0,1,0,0,0,0
ESGD,iShares ESG Aware MSCI EAFE ETF,ANZ Group Holdings Ltd,Deforestation,ANZ,ANZ GROUP HOLDINGS LTD,0,1,0,0,0,0
ESGD,iShares ESG Aware MSCI EAFE ETF,APA Group,Fossil Fuel,PJZ.SG,APA GROUP,0,0,1,0,0,0
ESGD,iShares ESG Aware MSCI EAFE ETF,ASICS Corp,Deforestation,7936,ASICS CORP,0,1,0,0,0,0
ESGD,iShares ESG Aware MSCI EAFE ETF,Air Liquide SA,Clean200,AI.VI,AIR LIQUIDE SA,1,0,0,0,0,0
ESGD,iShares ESG Aware MSCI EAFE ETF,Airbus SE,Prison; Weapons,AIR.PA,AIRBUS SE,0,0,0,1,0,1
ESGD,iShares ESG Aware MSCI EAFE ETF,Alstom SA,Clean200,ALO,ALSTOM SA,1,0,0,0,0,0
ESGD,iShares ESG Aware MSCI EAFE ETF,Anglo American PLC,Fossil Fuel,AAL,ANGLO AMERICAN PLC,0,0,1,0,0,0
ESGD,iShares ESG Aware MSCI EAFE ETF,Astellas Pharma Inc,Clean200,4503,ASTELLAS PHARMA INC,1,0,0,0,0,0
ESGD,iShares ESG Aware MSCI EAFE ETF,AstraZeneca PLC,Clean200,AZN,ASTRAZENECA PLC,1,0,0,0,0,0
ESGD,iShares ESG Aware MSCI EAFE ETF,BAE Systems PLC,Weapons,BA.,BAE SYSTEMS PLC,0,0,0,0,0,1
ESGD,iShares ESG Aware MSCI EAFE ETF,BHP Group Ltd,Fossil Fuel,BHP,BHP GROUP LTD,0,0,1,0,0,0
ESGD,iShares ESG Aware MSCI EAFE ETF,BNP Paribas,Deforestation,BNP.PA,BNP PARIBAS,0,1,0,0,0,0
ESGD,iShares ESG Aware MSCI EAFE ETF,BP PLC,Fossil Fuel,BP.,BP PLC,0,0,1,0,0,0
ESGD,iShares ESG Aware MSCI EAFE ETF,Banco Bilbao Vizcaya (BBVA),Deforestation,BANCO10,BANCO BILBAO VIZCAYA (BBVA),0,1,0,0,0,0
ESGD,iShares ESG Aware MSCI EAFE ETF,Barclays PLC,Deforestation,BARC,BARCLAYS PLC,0,1,0,0,0,0
ESGD,iShares ESG Aware MSCI EAFE ETF,Basf SE,Deforestation,BASFY,BASF SE,0,1,0,0,0,0
ESGD,iShares ESG Aware MSCI EAFE ETF,Bayerische Motoren Werke AG,Clean200,BAMXF,BAYERISCHE MOTOREN WERKE AG,1,0,0,0,0,0
ESGD,iShares ESG Aware MSCI EAFE ETF,Bayerische Motoren Werke AG Participating Preferred,Clean200,BAYER2,BAYERISCHE MOTOREN WERKE AG PARTICIPATING PREFERRED,1,0,0,0,0,0
ESGD,iShares ESG Aware MSCI EAFE ETF,Brambles Ltd,Clean200,BXB,BRAMBLES LTD,1,0,0,0,0,0
ESGD,iShares ESG Aware MSCI EAFE ETF,Bridgestone Corp,Clean200,5108,BRIDGESTONE CORP,1,0,0,0,0,0
ESGD,iShares ESG Aware MSCI EAFE ETF,CapitaLand Investment Ltd,Clean200,9CI,CAPITALAND INVESTMENT LTD,1,0,0,0,0,0
ESGD,iShares ESG Aware MSCI EAFE ETF,Commerzbank AG,Deforestation,CBK,COMMERZBANK AG,0,1,0,0,0,0
ESGD,iShares ESG Aware MSCI EAFE ETF,Commonwealth Bank of Australia,Deforestation,CBA,COMMONWEALTH BANK OF AUSTRALIA,0,1,0,0,0,0
ESGD,iShares ESG Aware MSCI EAFE ETF,Compagnie de Saint-Gobain SA,Deforestation,GOB.SG,COMPAGNIE DE SAINT-GOBAIN SA,0,1,0,0,0,0
ESGD,iShares ESG Aware MSCI EAFE ETF,Compass Group PLC,Deforestation,CPG,COMPASS GROUP PLC,0,1,0,0,0,0
ESGD,iShares ESG Aware MSCI EAFE ETF,DBS Group Holdings Ltd,Deforestation,D05,DBS GROUP HOLDINGS LTD,0,1,0,0,0,0
ESGD,iShares ESG Aware MSCI EAFE ETF,DCC PLC,Fossil Fuel,DCC,DCC PLC,0,0,1,0,0,0
ESGD,iShares ESG Aware MSCI EAFE ETF,Daikin Industries Ltd,Weapons,6367,DAIKIN INDUSTRIES LTD,0,0,0,0,0,1
ESGD,iShares ESG Aware MSCI EAFE ETF,Daiwa House Industry Co Ltd,Deforestation,1925.T,DAIWA HOUSE INDUSTRY CO LTD,0,1,0,0,0,0
ESGD,iShares ESG Aware MSCI EAFE ETF,Danone SA,Deforestation,BN,DANONE SA,0,1,0,0,0,0
ESGD,iShares ESG Aware MSCI EAFE ETF,Dassault Systemes SE,Clean200,DSYP.XD,DASSAULT SYSTEMES SE,1,0,0,0,0,0
ESGD,iShares ESG Aware MSCI EAFE ETF,Deutsche Bank AG,Deforestation,DBK,DEUTSCHE BANK AG,0,1,0,0,0,0
ESGD,iShares ESG Aware MSCI EAFE ETF,Deutsche Telekom AG,Clean200,DTEGY,DEUTSCHE TELEKOM AG,1,0,0,0,0,0
ESGD,iShares ESG Aware MSCI EAFE ETF,E.ON SE,Fossil Fuel,EONGY,E.ON SE,0,0,1,0,0,0
ESGD,iShares ESG Aware MSCI EAFE ETF,EDP - Energias De Portugal SA,Fossil Fuel,EDP.SG,EDP - ENERGIAS DE PORTUGAL SA,0,0,1,0,0,0
ESGD,iShares ESG Aware MSCI EAFE ETF,ENEOS Holdings Inc,Fossil Fuel,5020,ENEOS HOLDINGS INC,0,0,1,0,0,0
ESGD,iShares ESG Aware MSCI EAFE ETF,EQT AB,Fossil Fuel,EQT.ST,EQT AB,0,0,1,0,0,0
ESGD,iShares ESG Aware MSCI EAFE ETF,Eisai Co Ltd,Clean200,4523.T,EISAI CO LTD,1,0,0,0,0,0
ESGD,iShares ESG Aware MSCI EAFE ETF,Elbit Systems Ltd,Prison; Weapons,ESLT,ELBIT SYSTEMS LTD,0,0,0,1,0,1
ESGD,iShares ESG Aware MSCI EAFE ETF,Endesa SA,Fossil Fuel,ELE,ENDESA SA,0,0,1,0,0,0
ESGD,iShares ESG Aware MSCI EAFE ETF,Enel SpA,Fossil Fuel,ENLD.XD,ENEL SPA,0,0,1,0,0,0
ESGD,iShares ESG Aware MSCI EAFE ETF,Engie SA,Fossil Fuel,ENGI,ENGIE SA,0,0,1,0,0,0
ESGD,iShares ESG Aware MSCI EAFE ETF,Equinor ASA,Fossil Fuel,EQNR,EQUINOR ASA,0,0,1,0,0,0
ESGD,iShares ESG Aware MSCI EAFE ETF,Essity AB Class B,Clean200; Deforestation,ESSIT2,ESSITY AB CLASS B,1,1,0,0,0,0
ESGD,iShares ESG Aware MSCI EAFE ETF,Fast Retailing Co Ltd,Deforestation,9983.T,FAST RETAILING CO LTD,0,1,0,0,0,0
ESGD,iShares ESG Aware MSCI EAFE ETF,Fortescue Ltd,Fossil Fuel,FMG,FORTESCUE LTD,0,0,1,0,0,0
ESGD,iShares ESG Aware MSCI EAFE ETF,Fujitsu Ltd,Weapons,6702,FUJITSU LTD,0,0,0,0,0,1
ESGD,iShares ESG Aware MSCI EAFE ETF,GSK PLC,Clean200,GSK,GSK PLC,1,0,0,0,0,0
ESGD,iShares ESG Aware MSCI EAFE ETF,Galp Energia SGPS SA,Fossil Fuel,GALPU.XD,GALP ENERGIA SGPS SA,0,0,1,0,0,0
ESGD,iShares ESG Aware MSCI EAFE ETF,HSBC Holdings PLC,Deforestation; Prison,HSBA,HSBC HOLDINGS PLC,0,1,0,1,0,0
ESGD,iShares ESG Aware MSCI EAFE ETF,Henkel AG & Co KGaA,Clean200; Deforestation,HENOY,HENKEL AG & CO KGAA,1,1,0,0,0,0
ESGD,iShares ESG Aware MSCI EAFE ETF,Honda Motor Co Ltd,Prison,HMC,HONDA MOTOR CO LTD,0,0,0,1,0,0
ESGD,iShares ESG Aware MSCI EAFE ETF,Hong Kong and China Gas Co Ltd,Fossil Fuel,HCG.MU,HONG KONG AND CHINA GAS CO LTD,0,0,1,0,0,0
ESGD,iShares ESG Aware MSCI EAFE ETF,IHI Corp,Weapons,7013,IHI CORP,0,0,0,0,0,1
ESGD,iShares ESG Aware MSCI EAFE ETF,ING Groep NV,Deforestation,INGA,ING GROEP NV,0,1,0,0,0,0
ESGD,iShares ESG Aware MSCI EAFE ETF,ITOCHU Corp,Deforestation; Fossil Fuel,8001,ITOCHU CORP,0,1,1,0,0,0
ESGD,iShares ESG Aware MSCI EAFE ETF,Iberdrola SA,Clean200,IBE,IBERDROLA SA,1,0,0,0,0,0
ESGD,iShares ESG Aware MSCI EAFE ETF,Idemitsu Kosan Co Ltd,Fossil Fuel,I7B.SG,IDEMITSU KOSAN CO LTD,0,0,1,0,0,0
ESGD,iShares ESG Aware MSCI EAFE ETF,Industria De Diseno Textil SA Share From Split,Clean200,INDUS9,INDUSTRIA DE DISENO TEXTIL SA SHARE FROM SPLIT,1,0,0,0,0,0
ESGD,iShares ESG Aware MSCI EAFE ETF,Inpex Corp,Fossil Fuel,1605,INPEX CORP,0,0,1,0,0,0
ESGD,iShares ESG Aware MSCI EAFE ETF,Kao Corp,Deforestation,4452,KAO CORP,0,1,0,0,0,0
ESGD,iShares ESG Aware MSCI EAFE ETF,Keppel Ltd,Fossil Fuel,BN4,KEPPEL LTD,0,0,1,0,0,0
ESGD,iShares ESG Aware MSCI EAFE ETF,Kering SA,Clean200; Deforestation,KER,KERING SA,1,1,0,0,0,0
ESGD,iShares ESG Aware MSCI EAFE ETF,Kingfisher PLC,Deforestation,KGF,KINGFISHER PLC,0,1,0,0,0,0
ESGD,iShares ESG Aware MSCI EAFE ETF,Komatsu Ltd,Weapons,6301,KOMATSU LTD,0,0,0,0,0,1
ESGD,iShares ESG Aware MSCI EAFE ETF,Kongsberg Gruppen ASA,Weapons,KOGO.XD,KONGSBERG GRUPPEN ASA,0,0,0,0,0,1
ESGD,iShares ESG Aware MSCI EAFE ETF,Koninklijke Ahold Delhaize NV,Deforestation,AD,KONINKLIJKE AHOLD DELHAIZE NV,0,1,0,0,0,0
ESGD,iShares ESG Aware MSCI EAFE ETF,LVMH,Deforestation,MC,LVMH,0,1,0,0,0,0
ESGD,iShares ESG Aware MSCI EAFE ETF,Leonardo SpA,Weapons,FINMF,LEONARDO SPA,0,0,0,0,0,1
ESGD,iShares ESG Aware MSCI EAFE ETF,L’Oreal SA,Deforestation,ORP.XC,L’OREAL SA,0,1,0,0,0,0
ESGD,iShares ESG Aware MSCI EAFE ETF,MTU Aero Engines AG,Weapons,MTUAY,MTU AERO ENGINES AG,0,0,0,0,0,1
ESGD,iShares ESG Aware MSCI EAFE ETF,Macquarie Group Ltd,Fossil Fuel,4M4.SG,MACQUARIE GROUP LTD,0,0,1,0,0,0
ESGD,iShares ESG Aware MSCI EAFE ETF,Marks & Spencer Group PLC,Deforestation,MAKSY,MARKS & SPENCER GROUP PLC,0,1,0,0,0,0
ESGD,iShares ESG Aware MSCI EAFE ETF,Marubeni Corp,Deforestation; Fossil Fuel,8002,MARUBENI CORP,0,1,1,0,0,0
ESGD,iShares ESG Aware MSCI EAFE ETF,Mercedes-Benz Group AG,Clean200,MBG.SG,MERCEDES-BENZ GROUP AG,1,0,0,0,0,0
ESGD,iShares ESG Aware MSCI EAFE ETF,Mitsubishi Corp,Deforestation; Fossil Fuel,8058,MITSUBISHI CORP,0,1,1,0,0,0
ESGD,iShares ESG Aware MSCI EAFE ETF,Mitsubishi Electric Corp,Weapons,6503,MITSUBISHI ELECTRIC CORP,0,0,0,0,0,1
ESGD,iShares ESG Aware MSCI EAFE ETF,Mitsubishi Heavy Industries Ltd,Fossil Fuel; Weapons,7011,MITSUBISHI HEAVY INDUSTRIES LTD,0,0,1,0,0,1
ESGD,iShares ESG Aware MSCI EAFE ETF,Mitsubishi UFJ Financial Group,Deforestation,MUFG,MITSUBISHI UFJ FINANCIAL GROUP,0,1,0,0,0,0
ESGD,iShares ESG Aware MSCI EAFE ETF,Mizuho FG,Deforestation,MIZUH,MIZUHO FG,0,1,0,0,0,0
ESGD,iShares ESG Aware MSCI EAFE ETF,Mondi PLC,Deforestation,MNDI,MONDI PLC,0,1,0,0,0,0
ESGD,iShares ESG Aware MSCI EAFE ETF,NEC Corp,Prison; Weapons,6701,NEC CORP,0,0,0,1,0,1
ESGD,iShares ESG Aware MSCI EAFE ETF,NICE Ltd,Prison,NICE,NICE LTD,0,0,0,1,0,0
ESGD,iShares ESG Aware MSCI EAFE ETF,NatWest Group PLC,Deforestation,NWG,NATWEST GROUP PLC,0,1,0,0,0,0
ESGD,iShares ESG Aware MSCI EAFE ETF,National Australia Bank Ltd,Deforestation,NAB,NATIONAL AUSTRALIA BANK LTD,0,1,0,0,0,0
ESGD,iShares ESG Aware MSCI EAFE ETF,National Grid PLC,Fossil Fuel,NG.,NATIONAL GRID PLC,0,0,1,0,0,0
ESGD,iShares ESG Aware MSCI EAFE ETF,Neste OYJ,Deforestation; Fossil Fuel,NTOIY,NESTE OYJ,0,1,1,0,0,0
ESGD,iShares ESG Aware MSCI EAFE ETF,Nestlé SA,Deforestation,NESNN.MX,NESTLÉ SA,0,1,0,0,0,0
ESGD,iShares ESG Aware MSCI EAFE ETF,Nokia Oyj,Clean200,0K8D.L,NOKIA OYJ,1,0,0,0,0,0
ESGD,iShares ESG Aware MSCI EAFE ETF,OCBC,Deforestation,O39.SI,OCBC,0,1,0,0,0,0
ESGD,iShares ESG Aware MSCI EAFE ETF,OMV AG,Fossil Fuel,OMV,OMV AG,0,0,1,0,0,0
ESGD,iShares ESG Aware MSCI EAFE ETF,Orkla ASA,Deforestation,ORKLY,ORKLA ASA,0,1,0,0,0,0
ESGD,iShares ESG Aware MSCI EAFE ETF,Orsted AS,Clean200,ORSTED.CO,ORSTED AS,1,0,0,0,0,0
ESGD,iShares ESG Aware MSCI EAFE ETF,Panasonic Holdings Corp,Clean200,6752,PANASONIC HOLDINGS CORP,1,0,0,0,0,0
ESGD,iShares ESG Aware MSCI EAFE ETF,Pandora AS,Clean200,PNDORA.CO,PANDORA AS,1,0,0,0,0,0
ESGD,iShares ESG Aware MSCI EAFE ETF,Pearson PLC,Deforestation,PSON,PEARSON PLC,0,1,0,0,0,0
ESGD,iShares ESG Aware MSCI EAFE ETF,Prysmian SpA,Clean200,PRYM.XD,PRYSMIAN SPA,1,0,0,0,0,0
ESGD,iShares ESG Aware MSCI EAFE ETF,RELX PLC,Deforestation; Prison,REL,RELX PLC,0,1,0,1,0,0
ESGD,iShares ESG Aware MSCI EAFE ETF,Reckitt Benckiser Group PLC,Deforestation,RKT,RECKITT BENCKISER GROUP PLC,0,1,0,0,0,0
ESGD,iShares ESG Aware MSCI EAFE ETF,Repsol SA,Fossil Fuel,REP,REPSOL SA,0,0,1,0,0,0
ESGD,iShares ESG Aware MSCI EAFE ETF,Rheinmetall AG,Weapons,RHM,RHEINMETALL AG,0,0,0,0,0,1
ESGD,iShares ESG Aware MSCI EAFE ETF,Ricoh Co Ltd,Clean200,RIC1.SG,RICOH CO LTD,1,0,0,0,0,0
ESGD,iShares ESG Aware MSCI EAFE ETF,Rio Tinto PLC Ordinary Shares,Clean200,RIOTI,RIO TINTO PLC ORDINARY SHARES,1,0,0,0,0,0
ESGD,iShares ESG Aware MSCI EAFE ETF,Rolls-Royce Holdings PLC,Weapons,RR.,ROLLS-ROYCE HOLDINGS PLC,0,0,0,0,0,1
ESGD,iShares ESG Aware MSCI EAFE ETF,SAP SE,Clean200,SAP,SAP SE,1,0,0,0,0,0
ESGD,iShares ESG Aware MSCI EAFE ETF,SSE PLC,Fossil Fuel,SSE,SSE PLC,0,0,1,0,0,0
ESGD,iShares ESG Aware MSCI EAFE ETF,Saab AB Class B,Weapons,SAABA,SAAB AB CLASS B,0,0,0,0,0,1
ESGD,iShares ESG Aware MSCI EAFE ETF,Safran SA,Weapons,SAF,SAFRAN SA,0,0,0,0,0,1
ESGD,iShares ESG Aware MSCI EAFE ETF,Sainsbury PLC,Deforestation,JSNSF,SAINSBURY PLC,0,1,0,0,0,0
ESGD,iShares ESG Aware MSCI EAFE ETF,Sanofi SA,Clean200,SAN,SANOFI SA,1,0,0,0,0,0
ESGD,iShares ESG Aware MSCI EAFE ETF,Schneider Electric SE,Clean200,SU.PA,SCHNEIDER ELECTRIC SE,1,0,0,0,0,0
ESGD,iShares ESG Aware MSCI EAFE ETF,Sekisui House Ltd,Deforestation,1928,SEKISUI HOUSE LTD,0,1,0,0,0,0
ESGD,iShares ESG Aware MSCI EAFE ETF,Seven & i Holdings Co Ltd,Deforestation,3382.T,SEVEN & I HOLDINGS CO LTD,0,1,0,0,0,0
ESGD,iShares ESG Aware MSCI EAFE ETF,Shell PLC,Deforestation; Fossil Fuel,SHEL,SHELL PLC,0,1,1,0,0,0
ESGD,iShares ESG Aware MSCI EAFE ETF,Siemens AG,Fossil Fuel,SIEGY,SIEMENS AG,0,0,1,0,0,0
ESGD,iShares ESG Aware MSCI EAFE ETF,Siemens Energy AG,Fossil Fuel,SMNEY,SIEMENS ENERGY AG,0,0,1,0,0,0
ESGD,iShares ESG Aware MSCI EAFE ETF,Smiths Group PLC,Prison; Weapons,SMIN,SMITHS GROUP PLC,0,0,0,1,0,1
ESGD,iShares ESG Aware MSCI EAFE ETF,SoftBank Group Corp,Clean200,9984,SOFTBANK GROUP CORP,1,0,0,0,0,0
ESGD,iShares ESG Aware MSCI EAFE ETF,Sony Group Corp,Tobacco,6758,SONY GROUP CORP,0,0,0,0,1,0
ESGD,iShares ESG Aware MSCI EAFE ETF,Standard Chartered PLC,Deforestation,STAN,STANDARD CHARTERED PLC,0,1,0,0,0,0
ESGD,iShares ESG Aware MSCI EAFE ETF,Stora Enso Oyj Class R,Deforestation,STORA,STORA ENSO OYJ CLASS R,0,1,0,0,0,0
ESGD,iShares ESG Aware MSCI EAFE ETF,Sumitomo Mitsui FG,Deforestation,SUMIT2,SUMITOMO MITSUI FG,0,1,0,0,0,0
ESGD,iShares ESG Aware MSCI EAFE ETF,Tesco PLC,Deforestation,TSCO,TESCO PLC,0,1,0,0,0,0
ESGD,iShares ESG Aware MSCI EAFE ETF,Tokyo Gas Co Ltd,Fossil Fuel,TKGSF,TOKYO GAS CO LTD,0,0,1,0,0,0
ESGD,iShares ESG Aware MSCI EAFE ETF,TotalEnergies SE,Fossil Fuel,TTE,TOTALENERGIES SE,0,0,1,0,0,0
ESGD,iShares ESG Aware MSCI EAFE ETF,UOB,Deforestation,U11.SI,UOB,0,1,0,0,0,0
ESGD,iShares ESG Aware MSCI EAFE ETF,UPM-Kymmene Oyj,Deforestation,UPMH.XD,UPM-KYMMENE OYJ,0,1,0,0,0,0
ESGD,iShares ESG Aware MSCI EAFE ETF,Unilever PLC,Deforestation,ULVR,UNILEVER PLC,0,1,0,0,0,0
ESGD,iShares ESG Aware MSCI EAFE ETF,Verbund AG Class A,Clean200,VERBU,VERBUND AG CLASS A,1,0,0,0,0,0
ESGD,iShares ESG Aware MSCI EAFE ETF,Vestas Wind Systems AS,Clean200,VWS.CO,VESTAS WIND SYSTEMS AS,1,0,0,0,0,0
ESGD,iShares ESG Aware MSCI EAFE ETF,Vinci SA,Clean200,DG,VINCI SA,1,0,0,0,0,0
ESGD,iShares ESG Aware MSCI EAFE ETF,Wartsila Corp,Weapons,WRTBY,WARTSILA CORP,0,0,0,0,0,1
ESGD,iShares ESG Aware MSCI EAFE ETF,Westpac Banking Corp,Deforestation,WBC.F,WESTPAC BANKING CORP,0,1,0,0,0,0
ESGD,iShares ESG Aware MSCI EAFE ETF,Wilmar International Ltd,Deforestation,F34,WILMAR INTERNATIONAL LTD,0,1,0,0,0,0
ESGD,iShares ESG Aware MSCI EAFE ETF,Woodside Energy Group Ltd,Fossil Fuel,WDS,WOODSIDE ENERGY GROUP LTD,0,0,1,0,0,0
ESGD,iShares ESG Aware MSCI EAFE ETF,Yamaha Motor Co Ltd,Prison,7272.T,YAMAHA MOTOR CO LTD,0,0,0,1,0,0
ESGD,iShares ESG Aware MSCI EAFE ETF,adidas AG,Clean200; Deforestation,ADID.BD,ADIDAS AG,1,1,0,0,0,0
ESGE,iShares ESG Aware MSCI EM ETF,ACWA Power Co,Fossil Fuel,2082,ACWA POWER CO,0,0,1,0,0,0
ESGE,iShares ESG Aware MSCI EM ETF,Acer Inc,Clean200,2353.TW,ACER INC,1,0,0,0,0,0
ESGE,iShares ESG Aware MSCI EM ETF,Aselsan Elektronik Sanayi Ve Ticaret AS,Weapons,ASELS,ASELSAN ELEKTRONIK SANAYI VE TICARET AS,0,0,0,0,0,1
ESGE,iShares ESG Aware MSCI EM ETF,Asustek Computer Inc,Clean200,2357,ASUSTEK COMPUTER INC,1,0,0,0,0,0
ESGE,iShares ESG Aware MSCI EM ETF,Bank Of China Ltd Class A,Deforestation,BANKO6,BANK OF CHINA LTD CLASS A,0,1,0,0,0,0
ESGE,iShares ESG Aware MSCI EM ETF,Bank Of China Ltd Class H,Deforestation,BANKO5,BANK OF CHINA LTD CLASS H,0,1,0,0,0,0
ESGE,iShares ESG Aware MSCI EM ETF,Bharti Airtel Ltd,Clean200,BHARTIARTL,BHARTI AIRTEL LTD,1,0,0,0,0,0
ESGE,iShares ESG Aware MSCI EM ETF,CIMB Group Holdings Bhd,Deforestation,CIMBG,CIMB GROUP HOLDINGS BHD,0,1,0,0,0,0
ESGE,iShares ESG Aware MSCI EM ETF,CJ CheilJedang Corp,Deforestation,97950,CJ CHEILJEDANG CORP,0,1,0,0,0,0
ESGE,iShares ESG Aware MSCI EM ETF,China Mengniu Dairy Co Ltd,Deforestation,EZQ.SG,CHINA MENGNIU DAIRY CO LTD,0,1,0,0,0,0
ESGE,iShares ESG Aware MSCI EM ETF,China Resources Gas Group Ltd,Fossil Fuel,1193,CHINA RESOURCES GAS GROUP LTD,0,0,1,0,0,0
ESGE,iShares ESG Aware MSCI EM ETF,Contemporary Amperex Technology Co Ltd Class A,Clean200,CONTE,CONTEMPORARY AMPEREX TECHNOLOGY CO LTD CLASS A,1,0,0,0,0,0
ESGE,iShares ESG Aware MSCI EM ETF,Delta Electronics (Thailand) PCL NVDR,Clean200,DELTA2,DELTA ELECTRONICS (THAILAND) PCL NVDR,1,0,0,0,0,0
ESGE,iShares ESG Aware MSCI EM ETF,Doosan Enerbility Co Ltd,Fossil Fuel; Weapons,034020.KS,DOOSAN ENERBILITY CO LTD,0,0,1,0,0,1
ESGE,iShares ESG Aware MSCI EM ETF,ENGIE Brasil Energia SA,Clean200,EGIE3,ENGIE BRASIL ENERGIA SA,1,0,0,0,0,0
ESGE,iShares ESG Aware MSCI EM ETF,ENN Energy Holdings Ltd,Fossil Fuel,2688,ENN ENERGY HOLDINGS LTD,0,0,1,0,0,0
ESGE,iShares ESG Aware MSCI EM ETF,Embraer SA,Weapons,EMBR3,EMBRAER SA,0,0,0,0,0,1
ESGE,iShares ESG Aware MSCI EM ETF,Emirates Telecommunications Group Co PJSC,Clean200,EMIRA3,EMIRATES TELECOMMUNICATIONS GROUP CO PJSC,1,0,0,0,0,0
ESGE,iShares ESG Aware MSCI EM ETF,Enel Americas SA,Clean200,ENELAM,ENEL AMERICAS SA,1,0,0,0,0,0
ESGE,iShares ESG Aware MSCI EM ETF,Enel Chile SA,Fossil Fuel,ENELCHILE,ENEL CHILE SA,0,0,1,0,0,0
ESGE,iShares ESG Aware MSCI EM ETF,Etihad Etisalat Co JSC,Clean200,ETIHA,ETIHAD ETISALAT CO JSC,1,0,0,0,0,0
ESGE,iShares ESG Aware MSCI EM ETF,Geely Automobile Holdings Ltd,Clean200,175,GEELY AUTOMOBILE HOLDINGS LTD,1,0,0,0,0,0
ESGE,iShares ESG Aware MSCI EM ETF,Grupo Bimbo SAB de CV Class A,Deforestation,GRUPO9,GRUPO BIMBO SAB DE CV CLASS A,0,1,0,0,0,0
ESGE,iShares ESG Aware MSCI EM ETF,Hanwha Systems Co Ltd Ordinary Shares,Weapons,HANWH4,HANWHA SYSTEMS CO LTD ORDINARY SHARES,0,0,0,0,0,1
ESGE,iShares ESG Aware MSCI EM ETF,Hindalco Industries Ltd,Fossil Fuel,HINDALCO,HINDALCO INDUSTRIES LTD,0,0,1,0,0,0
ESGE,iShares ESG Aware MSCI EM ETF,Hindustan Unilever Ltd,Deforestation,HINDUNILVR,HINDUSTAN UNILEVER LTD,0,1,0,0,0,0
ESGE,iShares ESG Aware MSCI EM ETF,Hyundai Rotem Co,Weapons,064350.KS,HYUNDAI ROTEM CO,0,0,0,0,0,1
ESGE,iShares ESG Aware MSCI EM ETF,Indian Hotels Co Ltd,Weapons,INDHOTEL.NS,INDIAN HOTELS CO LTD,0,0,0,0,0,1
ESGE,iShares ESG Aware MSCI EM ETF,Industrial & Commercial Bank of China Ltd Class H,Deforestation,INDUS10,INDUSTRIAL & COMMERCIAL BANK OF CHINA LTD CLASS H,0,1,0,0,0,0
ESGE,iShares ESG Aware MSCI EM ETF,Inner Mongolia Yili Industrial Group Co Ltd Class A,Deforestation,INNER2,INNER MONGOLIA YILI INDUSTRIAL GROUP CO LTD CLASS A,0,1,0,0,0,0
ESGE,iShares ESG Aware MSCI EM ETF,Kuala Lumpur Kepong Bhd,Deforestation,KUALA,KUALA LUMPUR KEPONG BHD,0,1,0,0,0,0
ESGE,iShares ESG Aware MSCI EM ETF,LG Chem Ltd,Clean200,51910,LG CHEM LTD,1,0,0,0,0,0
ESGE,iShares ESG Aware MSCI EM ETF,Lenovo Group Ltd,Clean200,992,LENOVO GROUP LTD,1,0,0,0,0,0
ESGE,iShares ESG Aware MSCI EM ETF,Li Auto Inc Ordinary Shares - Class A,Clean200,LIAUT3,LI AUTO INC ORDINARY SHARES - CLASS A,1,0,0,0,0,0
ESGE,iShares ESG Aware MSCI EM ETF,MOL Hungarian Oil & Gas PLC,Fossil Fuel,MOLT.XD,MOL HUNGARIAN OIL & GAS PLC,0,0,1,0,0,0
ESGE,iShares ESG Aware MSCI EM ETF,Malayan Banking Bhd,Deforestation,MALAY,MALAYAN BANKING BHD,0,1,0,0,0,0
ESGE,iShares ESG Aware MSCI EM ETF,NIO Inc Class A,Clean200,NIOIN4,NIO INC CLASS A,1,0,0,0,0,0
ESGE,iShares ESG Aware MSCI EM ETF,Orlen SA,Fossil Fuel,PKN,ORLEN SA,0,0,1,0,0,0
ESGE,iShares ESG Aware MSCI EM ETF,POSCO Holdings Inc,Deforestation; Fossil Fuel,PKX,POSCO HOLDINGS INC,0,1,1,0,0,0
ESGE,iShares ESG Aware MSCI EM ETF,PT Bank Rakyat Indonesia (Persero) Tbk,Deforestation,BBRI.JK,PT BANK RAKYAT INDONESIA (PERSERO) TBK,0,1,0,0,0,0
ESGE,iShares ESG Aware MSCI EM ETF,PT Telkom Indonesia (Persero) Tbk,Clean200,PTI.DU,PT TELKOM INDONESIA (PERSERO) TBK,1,0,0,0,0,0
ESGE,iShares ESG Aware MSCI EM ETF,PTT PCL Depository Receipt,Fossil Fuel,PTTPC2,PTT PCL DEPOSITORY RECEIPT,0,0,1,0,0,0
ESGE,iShares ESG Aware MSCI EM ETF,PTT PCL Units Non-Voting Depository Receipt,Deforestation,PTTPC,PTT PCL UNITS NON-VOTING DEPOSITORY RECEIPT,0,1,0,0,0,0
ESGE,iShares ESG Aware MSCI EM ETF,Petrobras (Petroleo Brasileiro SA),Fossil Fuel,PETRO4,PETROBRAS (PETROLEO BRASILEIRO SA),0,0,1,0,0,0
ESGE,iShares ESG Aware MSCI EM ETF,Petronas Dagangan Bhd,Fossil Fuel,PETRO,PETRONAS DAGANGAN BHD,0,0,1,0,0,0
ESGE,iShares ESG Aware MSCI EM ETF,Press Metal Aluminium Holdings Bhd,Fossil Fuel,PRESS,PRESS METAL ALUMINIUM HOLDINGS BHD,0,0,1,0,0,0
ESGE,iShares ESG Aware MSCI EM ETF,Public Bank Bhd,Deforestation,PUBLI,PUBLIC BANK BHD,0,1,0,0,0,0
ESGE,iShares ESG Aware MSCI EM ETF,Reliance Industries Ltd,Fossil Fuel,RELIANCE,RELIANCE INDUSTRIES LTD,0,0,1,0,0,0
ESGE,iShares ESG Aware MSCI EM ETF,Rosneft Oil Co,Fossil Fuel,ROSNE6,ROSNEFT OIL CO,0,0,1,0,0,0
ESGE,iShares ESG Aware MSCI EM ETF,SK Inc,Fossil Fuel,34730,SK INC,0,0,1,0,0,0
ESGE,iShares ESG Aware MSCI EM ETF,SK Innovation Co Ltd,Fossil Fuel,096770.KS,SK INNOVATION CO LTD,0,0,1,0,0,0
ESGE,iShares ESG Aware MSCI EM ETF,SK Telecom Co Ltd,Clean200,SKM,SK TELECOM CO LTD,1,0,0,0,0,0
ESGE,iShares ESG Aware MSCI EM ETF,Samsung C&T Corp,Deforestation,28260,SAMSUNG C&T CORP,0,1,0,0,0,0
ESGE,iShares ESG Aware MSCI EM ETF,Samsung SDI Co Ltd,Clean200,XSDG.F,SAMSUNG SDI CO LTD,1,0,0,0,0,0
ESGE,iShares ESG Aware MSCI EM ETF,Saudi Basic Industries Corp (SABIC),Fossil Fuel,SAUDI10,SAUDI BASIC INDUSTRIES CORP (SABIC),0,0,1,0,0,0
ESGE,iShares ESG Aware MSCI EM ETF,Sime Darby Bhd,Deforestation,SMEBF,SIME DARBY BHD,0,1,0,0,0,0
ESGE,iShares ESG Aware MSCI EM ETF,Sungrow Power Supply Co Ltd Class A,Clean200,SUNGR,SUNGROW POWER SUPPLY CO LTD CLASS A,1,0,0,0,0,0
ESGE,iShares ESG Aware MSCI EM ETF,Suzlon Energy Ltd,Clean200,SUZLON,SUZLON ENERGY LTD,1,0,0,0,0,0
ESGE,iShares ESG Aware MSCI EM ETF,Taiwan Semiconductor Manufacturing Co Ltd,Clean200,TSFA.DU,TAIWAN SEMICONDUCTOR MANUFACTURING CO LTD,1,0,0,0,0,0
ESGE,iShares ESG Aware MSCI EM ETF,Tata Consumer Products Ltd,Weapons,TATACONSUM,TATA CONSUMER PRODUCTS LTD,0,0,0,0,0,1
ESGE,iShares ESG Aware MSCI EM ETF,Tata Elxsi Ltd,Weapons,TATAELXSI,TATA ELXSI LTD,0,0,0,0,0,1
ESGE,iShares ESG Aware MSCI EM ETF,Torrent Power Ltd,Fossil Fuel,TORNTPOWER,TORRENT POWER LTD,0,0,1,0,0,0
ESGE,iShares ESG Aware MSCI EM ETF,Trent Ltd,Weapons,TRENT,TRENT LTD,0,0,0,0,0,1
ESGE,iShares ESG Aware MSCI EM ETF,Ultrapar Participacoes SA,Fossil Fuel,UGP.BA,ULTRAPAR PARTICIPACOES SA,0,0,1,0,0,0
ESGE,iShares ESG Aware MSCI EM ETF,Voltas Ltd,Weapons,VOLTAS,VOLTAS LTD,0,0,0,0,0,1
ESGE,iShares ESG Aware MSCI EM ETF,XPeng Inc Class A,Clean200,XPENG3,XPENG INC CLASS A,1,0,0,0,0,0
ESGE,iShares ESG Aware MSCI EM ETF,Yadea Group Holdings Ltd Shs,Clean200,YADEA4,YADEA GROUP HOLDINGS LTD SHS,1,0,0,0,0,0
ESGU,iShares ESG Aware MSCI USA ETF,3M Co,Deforestation; Prison,MMMD.XC,3M CO,0,1,0,1,0,0
ESGU,iShares ESG Aware MSCI USA ETF,AT&T Inc,Clean200; Prison; Tobacco,T,AT&T INC,1,0,0,1,1,0
ESGU,iShares ESG Aware MSCI USA ETF,AbbVie Inc,Clean200,ABBV,ABBVIE INC,1,0,0,0,0,0
ESGU,iShares ESG Aware MSCI USA ETF,Accenture PLC Class A,Prison,ACN,ACCENTURE PLC CLASS A,0,0,0,1,0,0
ESGU,iShares ESG Aware MSCI USA ETF,Advanced Micro Devices Inc,Clean200,AMD,ADVANCED MICRO DEVICES INC,1,0,0,0,0,0
ESGU,iShares ESG Aware MSCI USA ETF,Alphabet Inc Class C,Clean200; Prison,GOOG,ALPHABET INC CLASS C,1,0,0,1,0,0
ESGU,iShares ESG Aware MSCI USA ETF,Amazon.com Inc,Deforestation; Prison,AMZD.XC,AMAZON.COM INC,0,1,0,1,0,0
ESGU,iShares ESG Aware MSCI USA ETF,Amgen Inc,Clean200,AMGN,AMGEN INC,1,0,0,0,0,0
ESGU,iShares ESG Aware MSCI USA ETF,Analog Devices Inc,Clean200,ADI,ANALOG DEVICES INC,1,0,0,0,0,0
ESGU,iShares ESG Aware MSCI USA ETF,Apple Inc,Clean200,AAPL,APPLE INC,1,0,0,0,0,0
ESGU,iShares ESG Aware MSCI USA ETF,Archer-Daniels-Midland Co,Deforestation; Prison,ADM,ARCHER-DANIELS-MIDLAND CO,0,1,0,1,0,0
ESGU,iShares ESG Aware MSCI USA ETF,Autodesk Inc,Clean200,ADSK,AUTODESK INC,1,0,0,0,0,0
ESGU,iShares ESG Aware MSCI USA ETF,Axon Enterprise Inc,Prison,AXON,AXON ENTERPRISE INC,0,0,0,1,0,0
ESGU,iShares ESG Aware MSCI USA ETF,Baker Hughes Co Class A,Fossil Fuel,BAKER3,BAKER HUGHES CO CLASS A,0,0,1,0,0,0
ESGU,iShares ESG Aware MSCI USA ETF,Ball Corp,Clean200,BALL,BALL CORP,1,0,0,0,0,0
ESGU,iShares ESG Aware MSCI USA ETF,Bank of America Corp,Deforestation,BAC,BANK OF AMERICA CORP,0,1,0,0,0,0
ESGU,iShares ESG Aware MSCI USA ETF,Berkshire Hathaway Inc Class B,Fossil Fuel; Prison,BRKB,BERKSHIRE HATHAWAY INC CLASS B,0,0,1,1,0,0
ESGU,iShares ESG Aware MSCI USA ETF,Broadcom Inc,Clean200,AVGO,BROADCOM INC,1,0,0,0,0,0
ESGU,iShares ESG Aware MSCI USA ETF,Bunge Global SA,Deforestation,BG,BUNGE GLOBAL SA,0,1,0,0,0,0
ESGU,iShares ESG Aware MSCI USA ETF,CMS Energy Corp,Fossil Fuel,CMS,CMS ENERGY CORP,0,0,1,0,0,0
ESGU,iShares ESG Aware MSCI USA ETF,CRH PLC,Weapons,CRH,CRH PLC,0,0,0,0,0,1
ESGU,iShares ESG Aware MSCI USA ETF,CSX Corp,Fossil Fuel,CSX,CSX CORP,0,0,1,0,0,0
ESGU,iShares ESG Aware MSCI USA ETF,CVS Health Corp,Deforestation,CVS,CVS HEALTH CORP,0,1,0,0,0,0
ESGU,iShares ESG Aware MSCI USA ETF,Cardinal Health Inc,Prison,CAH,CARDINAL HEALTH INC,0,0,0,1,0,0
ESGU,iShares ESG Aware MSCI USA ETF,Caterpillar Inc,Weapons,CAT,CATERPILLAR INC,0,0,0,0,0,1
ESGU,iShares ESG Aware MSCI USA ETF,Cheniere Energy Inc,Fossil Fuel,LNG,CHENIERE ENERGY INC,0,0,1,0,0,0
ESGU,iShares ESG Aware MSCI USA ETF,Chevron Corp,Fossil Fuel,CVX,CHEVRON CORP,0,0,1,0,0,0
ESGU,iShares ESG Aware MSCI USA ETF,Chipotle Mexican Grill Inc,Deforestation,CMG,CHIPOTLE MEXICAN GRILL INC,0,1,0,0,0,0
ESGU,iShares ESG Aware MSCI USA ETF,Cisco Systems Inc,Clean200,CSCO,CISCO SYSTEMS INC,1,0,0,0,0,0
ESGU,iShares ESG Aware MSCI USA ETF,Citigroup Inc,Deforestation,C,CITIGROUP INC,0,1,0,0,0,0
ESGU,iShares ESG Aware MSCI USA ETF,Clorox Co,Deforestation,CLX.MX,CLOROX CO,0,1,0,0,0,0
ESGU,iShares ESG Aware MSCI USA ETF,Colgate-Palmolive Co,Deforestation,CL,COLGATE-PALMOLIVE CO,0,1,0,0,0,0
ESGU,iShares ESG Aware MSCI USA ETF,Comcast Corp Class A,Tobacco,CMCSA,COMCAST CORP CLASS A,0,0,0,0,1,0
ESGU,iShares ESG Aware MSCI USA ETF,Conagra Brands Inc,Deforestation,CAG,CONAGRA BRANDS INC,0,1,0,0,0,0
ESGU,iShares ESG Aware MSCI USA ETF,ConocoPhillips,Fossil Fuel,COP,CONOCOPHILLIPS,0,0,1,0,0,0
ESGU,iShares ESG Aware MSCI USA ETF,Constellation Energy Corp,Fossil Fuel,CEG,CONSTELLATION ENERGY CORP,0,0,1,0,0,0
ESGU,iShares ESG Aware MSCI USA ETF,Costco Wholesale Corp,Deforestation; Prison,COST,COSTCO WHOLESALE CORP,0,1,0,1,0,0
ESGU,iShares ESG Aware MSCI USA ETF,Crown Holdings Inc,Clean200,CCK,CROWN HOLDINGS INC,1,0,0,0,0,0
ESGU,iShares ESG Aware MSCI USA ETF,Deckers Outdoor Corp,Deforestation,DECK,DECKERS OUTDOOR CORP,0,1,0,0,0,0
ESGU,iShares ESG Aware MSCI USA ETF,Diamondback Energy Inc,Fossil Fuel,FANG,DIAMONDBACK ENERGY INC,0,0,1,0,0,0
ESGU,iShares ESG Aware MSCI USA ETF,Dollar General Corp,Deforestation,DG,DOLLAR GENERAL CORP,0,1,0,0,0,0
ESGU,iShares ESG Aware MSCI USA ETF,Dollar Tree Inc,Deforestation,DLTR,DOLLAR TREE INC,0,1,0,0,0,0
ESGU,iShares ESG Aware MSCI USA ETF,Dominion Energy Inc,Fossil Fuel,D,DOMINION ENERGY INC,0,0,1,0,0,0
ESGU,iShares ESG Aware MSCI USA ETF,EQT Corp,Fossil Fuel,EQT,EQT CORP,0,0,1,0,0,0
ESGU,iShares ESG Aware MSCI USA ETF,Eaton Corp PLC,Weapons,ETN,EATON CORP PLC,0,0,0,0,0,1
ESGU,iShares ESG Aware MSCI USA ETF,Ecolab Inc,Clean200,ECL,ECOLAB INC,1,0,0,0,0,0
ESGU,iShares ESG Aware MSCI USA ETF,Edison International,Fossil Fuel,EIX,EDISON INTERNATIONAL,0,0,1,0,0,0
ESGU,iShares ESG Aware MSCI USA ETF,Elevance Health Inc,Prison,ELV,ELEVANCE HEALTH INC,0,0,0,1,0,0
ESGU,iShares ESG Aware MSCI USA ETF,Equinix Inc,Clean200,EQIX,EQUINIX INC,1,0,0,0,0,0
ESGU,iShares ESG Aware MSCI USA ETF,Eversource Energy,Fossil Fuel,ES,EVERSOURCE ENERGY,0,0,1,0,0,0
ESGU,iShares ESG Aware MSCI USA ETF,Exelon Corp,Fossil Fuel,EXC,EXELON CORP,0,0,1,0,0,0
ESGU,iShares ESG Aware MSCI USA ETF,Exxon Mobil Corp,Fossil Fuel,XOM,EXXON MOBIL CORP,0,0,1,0,0,0
ESGU,iShares ESG Aware MSCI USA ETF,Fortive Corp,Weapons,FTV,FORTIVE CORP,0,0,0,0,0,1
ESGU,iShares ESG Aware MSCI USA ETF,GE Aerospace,Weapons,GE,GE AEROSPACE,0,0,0,0,0,1
ESGU,iShares ESG Aware MSCI USA ETF,GE Vernova Inc,Fossil Fuel,GEV,GE VERNOVA INC,0,0,1,0,0,0
ESGU,iShares ESG Aware MSCI USA ETF,General Mills Inc,Deforestation,GIS,GENERAL MILLS INC,0,1,0,0,0,0
ESGU,iShares ESG Aware MSCI USA ETF,HP Inc,Clean200,HPQ,HP INC,1,0,0,0,0,0
ESGU,iShares ESG Aware MSCI USA ETF,Hess Corp,Fossil Fuel,HESSC2,HESS CORP,0,0,1,0,0,0
ESGU,iShares ESG Aware MSCI USA ETF,Hewlett Packard Enterprise Co,Clean200,HPE,HEWLETT PACKARD ENTERPRISE CO,1,0,0,0,0,0
ESGU,iShares ESG Aware MSCI USA ETF,Honeywell International Inc,Weapons,HON,HONEYWELL INTERNATIONAL INC,0,0,0,0,0,1
ESGU,iShares ESG Aware MSCI USA ETF,Howmet Aerospace Inc,Weapons,HWM,HOWMET AEROSPACE INC,0,0,0,0,0,1
ESGU,iShares ESG Aware MSCI USA ETF,Intel Corp,Clean200,INTC,INTEL CORP,1,0,0,0,0,0
ESGU,iShares ESG Aware MSCI USA ETF,International Paper Co,Deforestation,IP,INTERNATIONAL PAPER CO,0,1,0,0,0,0
ESGU,iShares ESG Aware MSCI USA ETF,JPMorgan Chase & Co,Deforestation,JPM,JPMORGAN CHASE & CO,0,1,0,0,0,0
ESGU,iShares ESG Aware MSCI USA ETF,Jacobs Solutions Inc,Weapons,J,JACOBS SOLUTIONS INC,0,0,0,0,0,1
ESGU,iShares ESG Aware MSCI USA ETF,Johnson & Johnson,Deforestation,JNJ,JOHNSON & JOHNSON,0,1,0,0,0,0
ESGU,iShares ESG Aware MSCI USA ETF,Johnson Controls Intl PLC,Clean200,JOHNS,JOHNSON CONTROLS INTL PLC,1,0,0,0,0,0
ESGU,iShares ESG Aware MSCI USA ETF,KKR & Co Inc Ordinary Shares,Fossil Fuel,KKRCO,KKR & CO INC ORDINARY SHARES,0,0,1,0,0,0
ESGU,iShares ESG Aware MSCI USA ETF,Kellanova,Deforestation,K,KELLANOVA,0,1,0,0,0,0
ESGU,iShares ESG Aware MSCI USA ETF,Keysight Technologies Inc,Weapons,KEYS,KEYSIGHT TECHNOLOGIES INC,0,0,0,0,0,1
ESGU,iShares ESG Aware MSCI USA ETF,Kimberly-Clark Corp,Clean200; Deforestation,KMB,KIMBERLY-CLARK CORP,1,1,0,0,0,0
ESGU,iShares ESG Aware MSCI USA ETF,Kinder Morgan Inc Class P,Fossil Fuel,KINDE2,KINDER MORGAN INC CLASS P,0,0,1,0,0,0
ESGU,iShares ESG Aware MSCI USA ETF,L3Harris Technologies Inc,Prison; Weapons,LHX,L3HARRIS TECHNOLOGIES INC,0,0,0,1,0,1
ESGU,iShares ESG Aware MSCI USA ETF,Leidos Holdings Inc,Prison; Weapons,LDOS,LEIDOS HOLDINGS INC,0,0,0,1,0,1
ESGU,iShares ESG Aware MSCI USA ETF,Lowe’s Companies Inc,Deforestation,LOW,LOWE’S COMPANIES INC,0,1,0,0,0,0
ESGU,iShares ESG Aware MSCI USA ETF,McDonald's Corp,Deforestation; Prison,MDOD.XC,MCDONALD'S CORP,0,1,0,1,0,0
ESGU,iShares ESG Aware MSCI USA ETF,Merck & Co Inc,Clean200,MRK,MERCK & CO INC,1,0,0,0,0,0
ESGU,iShares ESG Aware MSCI USA ETF,Microsoft Corp,Clean200; Prison,MSFT,MICROSOFT CORP,1,0,0,1,0,0
ESGU,iShares ESG Aware MSCI USA ETF,Mondelez International Inc,Deforestation,MDLZ,MONDELEZ INTERNATIONAL INC,0,1,0,0,0,0
ESGU,iShares ESG Aware MSCI USA ETF,Morgan Stanley,Deforestation,MS,MORGAN STANLEY,0,1,0,0,0,0
ESGU,iShares ESG Aware MSCI USA ETF,Motorola Solutions Inc,Prison,MSI,MOTOROLA SOLUTIONS INC,0,0,0,1,0,0
ESGU,iShares ESG Aware MSCI USA ETF,Newmont Corp,Clean200,NEM,NEWMONT CORP,1,0,0,0,0,0
ESGU,iShares ESG Aware MSCI USA ETF,NextEra Energy Inc,Fossil Fuel,NEE,NEXTERA ENERGY INC,0,0,1,0,0,0
ESGU,iShares ESG Aware MSCI USA ETF,NiSource Inc,Fossil Fuel,NI,NISOURCE INC,0,0,1,0,0,0
ESGU,iShares ESG Aware MSCI USA ETF,Northrop Grumman Corp,Prison; Weapons,NOC,NORTHROP GRUMMAN CORP,0,0,0,1,0,1
ESGU,iShares ESG Aware MSCI USA ETF,ONEOK Inc,Fossil Fuel,OKE,ONEOK INC,0,0,1,0,0,0
ESGU,iShares ESG Aware MSCI USA ETF,Palantir Technologies Inc Class A,Prison,PLTR,PALANTIR TECHNOLOGIES INC CLASS A,0,0,0,1,0,0
ESGU,iShares ESG Aware MSCI USA ETF,Parker Hannifin Corp,Weapons,PH,PARKER HANNIFIN CORP,0,0,0,0,0,1
ESGU,iShares ESG Aware MSCI USA ETF,PepsiCo Inc,Deforestation,PEP,PEPSICO INC,0,1,0,0,0,0
ESGU,iShares ESG Aware MSCI USA ETF,Phillips 66,Fossil Fuel,PSX,PHILLIPS 66,0,0,1,0,0,0
ESGU,iShares ESG Aware MSCI USA ETF,Procter & Gamble Co,Deforestation,PG.VI,PROCTER & GAMBLE CO,0,1,0,0,0,0
ESGU,iShares ESG Aware MSCI USA ETF,Public Service Enterprise Group Inc,Fossil Fuel,PEG,PUBLIC SERVICE ENTERPRISE GROUP INC,0,0,1,0,0,0
ESGU,iShares ESG Aware MSCI USA ETF,RTX Corp,Prison; Weapons,RTX,RTX CORP,0,0,0,1,0,1
ESGU,iShares ESG Aware MSCI USA ETF,Rivian Automotive Inc Class A,Clean200,RIVN,RIVIAN AUTOMOTIVE INC CLASS A,1,0,0,0,0,0
ESGU,iShares ESG Aware MSCI USA ETF,Salesforce Inc,Prison,CRM,SALESFORCE INC,0,0,0,1,0,0
ESGU,iShares ESG Aware MSCI USA ETF,Sempra,Fossil Fuel,SRE,SEMPRA,0,0,1,0,0,0
ESGU,iShares ESG Aware MSCI USA ETF,Starbucks Corp,Deforestation,SBUX,STARBUCKS CORP,0,1,0,0,0,0
ESGU,iShares ESG Aware MSCI USA ETF,Steel Dynamics Inc,Clean200,STLD,STEEL DYNAMICS INC,1,0,0,0,0,0
ESGU,iShares ESG Aware MSCI USA ETF,Sysco Corp,Deforestation,SYY,SYSCO CORP,0,1,0,0,0,0
ESGU,iShares ESG Aware MSCI USA ETF,TJX Companies Inc,Deforestation,1TJX.MI,TJX COMPANIES INC,0,1,0,0,0,0
ESGU,iShares ESG Aware MSCI USA ETF,Targa Resources Corp,Fossil Fuel,TRGP,TARGA RESOURCES CORP,0,0,1,0,0,0
ESGU,iShares ESG Aware MSCI USA ETF,Target Corp,Deforestation; Prison,TGT,TARGET CORP,0,1,0,1,0,0
ESGU,iShares ESG Aware MSCI USA ETF,Tesla Inc,Clean200,TSLA,TESLA INC,1,0,0,0,0,0
ESGU,iShares ESG Aware MSCI USA ETF,The Campbell’s Co,Deforestation,CPB,THE CAMPBELL’S CO,0,1,0,0,0,0
ESGU,iShares ESG Aware MSCI USA ETF,The Home Depot Inc,Deforestation,HD,THE HOME DEPOT INC,0,1,0,0,0,0
ESGU,iShares ESG Aware MSCI USA ETF,The Kraft Heinz Co,Deforestation,KHC,THE KRAFT HEINZ CO,0,1,0,0,0,0
ESGU,iShares ESG Aware MSCI USA ETF,The Kroger Co,Deforestation; Prison,KOG.SG,THE KROGER CO,0,1,0,1,0,0
ESGU,iShares ESG Aware MSCI USA ETF,The Walt Disney Co,Tobacco,DIS,THE WALT DISNEY CO,0,0,0,0,1,0
ESGU,iShares ESG Aware MSCI USA ETF,Trane Technologies PLC Class A,Clean200,TRANE,TRANE TECHNOLOGIES PLC CLASS A,1,0,0,0,0,0
ESGU,iShares ESG Aware MSCI USA ETF,TransUnion,Prison,TRU,TRANSUNION,0,0,0,1,0,0
ESGU,iShares ESG Aware MSCI USA ETF,Veralto Corp,Clean200,VLTO,VERALTO CORP,1,0,0,0,0,0
ESGU,iShares ESG Aware MSCI USA ETF,Williams Companies Inc,Fossil Fuel,WMB,WILLIAMS COMPANIES INC,0,0,1,0,0,0
ESGU,iShares ESG Aware MSCI USA ETF,Williams-Sonoma Inc,Deforestation,WSM,WILLIAMS-SONOMA INC,0,1,0,0,0,0
ESGU,iShares ESG Aware MSCI USA ETF,Xylem Inc,Clean200,XYL,XYLEM INC,1,0,0,0,0,0
ESML,iShares ESG Aware MSCI USA Small-Cap ETF,AAR Corp,Weapons,AIR,AAR CORP,0,0,0,0,0,1
ESML,iShares ESG Aware MSCI USA Small-Cap ETF,AMC Entertainment Holdings Inc Class A,Tobacco,AMCEN,AMC ENTERTAINMENT HOLDINGS INC CLASS A,0,0,0,0,1,0
ESML,iShares ESG Aware MSCI USA Small-Cap ETF,APA Corp,Fossil Fuel,APA,APA CORP,0,0,1,0,0,0
ESML,iShares ESG Aware MSCI USA Small-Cap ETF,ATI Inc,Weapons,ATI,ATI INC,0,0,0,0,0,1
ESML,iShares ESG Aware MSCI USA Small-Cap ETF,Acadia Healthcare Co Inc,Prison,1ACHC.MI,ACADIA HEALTHCARE CO INC,0,0,0,1,0,0
ESML,iShares ESG Aware MSCI USA Small-Cap ETF,AeroVironment Inc,Prison; Weapons,AVAV,AEROVIRONMENT INC,0,0,0,1,0,1
ESML,iShares ESG Aware MSCI USA Small-Cap ETF,Albemarle Corp,Clean200,ALB,ALBEMARLE CORP,1,0,0,0,0,0
ESML,iShares ESG Aware MSCI USA Small-Cap ETF,Allison Transmission Holdings Inc,Weapons,ALSN,ALLISON TRANSMISSION HOLDINGS INC,0,0,0,0,0,1
ESML,iShares ESG Aware MSCI USA Small-Cap ETF,Antero Midstream Corp,Fossil Fuel,AM,ANTERO MIDSTREAM CORP,0,0,1,0,0,0
ESML,iShares ESG Aware MSCI USA Small-Cap ETF,Antero Resources Corp,Fossil Fuel,AR,ANTERO RESOURCES CORP,0,0,1,0,0,0
ESML,iShares ESG Aware MSCI USA Small-Cap ETF,Aramark,Deforestation; Prison,ARMK,ARAMARK,0,1,0,1,0,0
ESML,iShares ESG Aware MSCI USA Small-Cap ETF,Archrock Inc,Fossil Fuel,AROC,ARCHROCK INC,0,0,1,0,0,0
ESML,iShares ESG Aware MSCI USA Small-Cap ETF,Avista Corp,Fossil Fuel,AVA,AVISTA CORP,0,0,1,0,0,0
ESML,iShares ESG Aware MSCI USA Small-Cap ETF,BKV Corp,Fossil Fuel,BKV,BKV CORP,0,0,1,0,0,0
ESML,iShares ESG Aware MSCI USA Small-Cap ETF,Benchmark Electronics Inc,Prison; Weapons,BHE,BENCHMARK ELECTRONICS INC,0,0,0,1,0,1
ESML,iShares ESG Aware MSCI USA Small-Cap ETF,CACI International Inc Class A,Prison; Weapons,CACI,CACI INTERNATIONAL INC CLASS A,0,0,0,1,0,1
ESML,iShares ESG Aware MSCI USA Small-Cap ETF,CNX Resources Corp,Fossil Fuel,CNX,CNX RESOURCES CORP,0,0,1,0,0,0
ESML,iShares ESG Aware MSCI USA Small-Cap ETF,Cactus Inc Class A,Fossil Fuel,WHD,CACTUS INC CLASS A,0,0,1,0,0,0
ESML,iShares ESG Aware MSCI USA Small-Cap ETF,Cal-Maine Foods Inc,Prison,CALM,CAL-MAINE FOODS INC,0,0,0,1,0,0
ESML,iShares ESG Aware MSCI USA Small-Cap ETF,California Resources Corp Ordinary Shares - New,Fossil Fuel,CALIF2,CALIFORNIA RESOURCES CORP ORDINARY SHARES - NEW,0,0,1,0,0,0
ESML,iShares ESG Aware MSCI USA Small-Cap ETF,Capri Holdings Ltd,Deforestation,CPRI,CAPRI HOLDINGS LTD,0,1,0,0,0,0
ESML,iShares ESG Aware MSCI USA Small-Cap ETF,ChampionX Corp,Fossil Fuel,CHAMP3,CHAMPIONX CORP,0,0,1,0,0,0
ESML,iShares ESG Aware MSCI USA Small-Cap ETF,Chesapeake Utilities Corp,Fossil Fuel,CPK,CHESAPEAKE UTILITIES CORP,0,0,1,0,0,0
ESML,iShares ESG Aware MSCI USA Small-Cap ETF,Civitas Resources Inc Ordinary Shares,Fossil Fuel,CIVIT2,CIVITAS RESOURCES INC ORDINARY SHARES,0,0,1,0,0,0
ESML,iShares ESG Aware MSCI USA Small-Cap ETF,Clean Harbors Inc,Clean200,CLH,CLEAN HARBORS INC,1,0,0,0,0,0
ESML,iShares ESG Aware MSCI USA Small-Cap ETF,Commercial Metals Co,Clean200,CMC,COMMERCIAL METALS CO,1,0,0,0,0,0
ESML,iShares ESG Aware MSCI USA Small-Cap ETF,Core Laboratories Inc,Fossil Fuel,CLB,CORE LABORATORIES INC,0,0,1,0,0,0
ESML,iShares ESG Aware MSCI USA Small-Cap ETF,Coty Inc Class A,Deforestation,COTY,COTY INC CLASS A,0,1,0,0,0,0
ESML,iShares ESG Aware MSCI USA Small-Cap ETF,Crane Co,Weapons,T12.SG,CRANE CO,0,0,0,0,0,1
ESML,iShares ESG Aware MSCI USA Small-Cap ETF,Curtiss-Wright Corp,Weapons,CW,CURTISS-WRIGHT CORP,0,0,0,0,0,1
ESML,iShares ESG Aware MSCI USA Small-Cap ETF,DT Midstream Inc Ordinary Shares,Fossil Fuel,DTMID,DT MIDSTREAM INC ORDINARY SHARES,0,0,1,0,0,0
ESML,iShares ESG Aware MSCI USA Small-Cap ETF,Darling Ingredients Inc,Clean200,DAR,DARLING INGREDIENTS INC,1,0,0,0,0,0
ESML,iShares ESG Aware MSCI USA Small-Cap ETF,Delek US Holdings Inc Registered Shs Stock Settlement,Fossil Fuel,DELEK3,DELEK US HOLDINGS INC REGISTERED SHS STOCK SETTLEMENT,0,0,1,0,0,0
ESML,iShares ESG Aware MSCI USA Small-Cap ETF,Ducommun Inc,Weapons,DCO,DUCOMMUN INC,0,0,0,0,0,1
ESML,iShares ESG Aware MSCI USA Small-Cap ETF,ESCO Technologies Inc,Weapons,ESE,ESCO TECHNOLOGIES INC,0,0,0,0,0,1
ESML,iShares ESG Aware MSCI USA Small-Cap ETF,Excelerate Energy Inc Class A,Fossil Fuel,EE,EXCELERATE ENERGY INC CLASS A,0,0,1,0,0,0
ESML,iShares ESG Aware MSCI USA Small-Cap ETF,Expro Group Holdings NV,Fossil Fuel,XPRO,EXPRO GROUP HOLDINGS NV,0,0,1,0,0,0
ESML,iShares ESG Aware MSCI USA Small-Cap ETF,First Horizon Corp,Prison,FHN,FIRST HORIZON CORP,0,0,0,1,0,0
ESML,iShares ESG Aware MSCI USA Small-Cap ETF,Fluor Corp,Weapons,FLR,FLUOR CORP,0,0,0,0,0,1
ESML,iShares ESG Aware MSCI USA Small-Cap ETF,Granite Construction Inc,Prison,GVA,GRANITE CONSTRUCTION INC,0,0,0,1,0,0
ESML,iShares ESG Aware MSCI USA Small-Cap ETF,Greif Inc Class A,Clean200,GEF,GREIF INC CLASS A,1,0,0,0,0,0
ESML,iShares ESG Aware MSCI USA Small-Cap ETF,Greif Inc Class B,Clean200,GEFB,GREIF INC CLASS B,1,0,0,0,0,0
ESML,iShares ESG Aware MSCI USA Small-Cap ETF,HF Sinclair Corp,Fossil Fuel,DINO,HF SINCLAIR CORP,0,0,1,0,0,0
ESML,iShares ESG Aware MSCI USA Small-Cap ETF,Hawaiian Electric Industries Inc,Fossil Fuel,HE,HAWAIIAN ELECTRIC INDUSTRIES INC,0,0,1,0,0,0
ESML,iShares ESG Aware MSCI USA Small-Cap ETF,Hess Midstream LP Class A,Fossil Fuel,HESSM,HESS MIDSTREAM LP CLASS A,0,0,1,0,0,0
ESML,iShares ESG Aware MSCI USA Small-Cap ETF,Hexcel Corp,Weapons,HXL,HEXCEL CORP,0,0,0,0,0,1
ESML,iShares ESG Aware MSCI USA Small-Cap ETF,Huntington Ingalls Industries Inc,Weapons,HII,HUNTINGTON INGALLS INDUSTRIES INC,0,0,0,0,0,1
ESML,iShares ESG Aware MSCI USA Small-Cap ETF,ITT Inc,Weapons,ITT,ITT INC,0,0,0,0,0,1
ESML,iShares ESG Aware MSCI USA Small-Cap ETF,Innovex International Inc,Fossil Fuel,INVX,INNOVEX INTERNATIONAL INC,0,0,1,0,0,0
ESML,iShares ESG Aware MSCI USA Small-Cap ETF,Iridium Communications Inc,Weapons,IRDM,IRIDIUM COMMUNICATIONS INC,0,0,0,0,0,1
ESML,iShares ESG Aware MSCI USA Small-Cap ETF,KBR Inc,Prison; Weapons,KBR,KBR INC,0,0,0,1,0,1
ESML,iShares ESG Aware MSCI USA Small-Cap ETF,Kinetik Holdings Inc,Fossil Fuel,KNTK,KINETIK HOLDINGS INC,0,0,1,0,0,0
ESML,iShares ESG Aware MSCI USA Small-Cap ETF,Knowles Corp,Weapons,KN,KNOWLES CORP,0,0,0,0,0,1
ESML,iShares ESG Aware MSCI USA Small-Cap ETF,Kosmos Energy Ltd,Fossil Fuel,KOS,KOSMOS ENERGY LTD,0,0,1,0,0,0
ESML,iShares ESG Aware MSCI USA Small-Cap ETF,Kratos Defense & Security Solutions,Weapons,KTOS,KRATOS DEFENSE & SECURITY SOLUTIONS,0,0,0,0,0,1
ESML,iShares ESG Aware MSCI USA Small-Cap ETF,La-Z-Boy Inc,Deforestation,LZB,LA-Z-BOY INC,0,1,0,0,0,0
ESML,iShares ESG Aware MSCI USA Small-Cap ETF,Lear Corp,Deforestation,LEA,LEAR CORP,0,1,0,0,0,0
ESML,iShares ESG Aware MSCI USA Small-Cap ETF,Leonardo DRS Inc,Weapons,DRS,LEONARDO DRS INC,0,0,0,0,0,1
ESML,iShares ESG Aware MSCI USA Small-Cap ETF,Loar Holdings Inc,Weapons,LOAR,LOAR HOLDINGS INC,0,0,0,0,0,1
ESML,iShares ESG Aware MSCI USA Small-Cap ETF,Lumen Technologies Inc Ordinary Shares,Weapons,LUMEN4,LUMEN TECHNOLOGIES INC ORDINARY SHARES,0,0,0,0,0,1
ESML,iShares ESG Aware MSCI USA Small-Cap ETF,MACOM Technology Solutions Holdings,Weapons,MTSI,MACOM TECHNOLOGY SOLUTIONS HOLDINGS,0,0,0,0,0,1
ESML,iShares ESG Aware MSCI USA Small-Cap ETF,MRC Global Inc,Fossil Fuel,MRC,MRC GLOBAL INC,0,0,1,0,0,0
ESML,iShares ESG Aware MSCI USA Small-Cap ETF,Mercury Systems Inc,Weapons,MRCY,MERCURY SYSTEMS INC,0,0,0,0,0,1
ESML,iShares ESG Aware MSCI USA Small-Cap ETF,Moog Inc Class A,Weapons,MOGA,MOOG INC CLASS A,0,0,0,0,0,1
ESML,iShares ESG Aware MSCI USA Small-Cap ETF,Murphy Oil Corp,Fossil Fuel,MUR,MURPHY OIL CORP,0,0,1,0,0,0
ESML,iShares ESG Aware MSCI USA Small-Cap ETF,NOV Inc,Fossil Fuel,NOV,NOV INC,0,0,1,0,0,0
ESML,iShares ESG Aware MSCI USA Small-Cap ETF,National Fuel Gas Co,Fossil Fuel,NFG,NATIONAL FUEL GAS CO,0,0,1,0,0,0
ESML,iShares ESG Aware MSCI USA Small-Cap ETF,New Jersey Resources Corp,Fossil Fuel,NJR,NEW JERSEY RESOURCES CORP,0,0,1,0,0,0
ESML,iShares ESG Aware MSCI USA Small-Cap ETF,Northwest Natural Holding Co,Fossil Fuel,NWN,NORTHWEST NATURAL HOLDING CO,0,0,1,0,0,0
ESML,iShares ESG Aware MSCI USA Small-Cap ETF,NuScale Power Corp Class A,Weapons,SMR,NUSCALE POWER CORP CLASS A,0,0,0,0,0,1
ESML,iShares ESG Aware MSCI USA Small-Cap ETF,ONE Gas Inc,Fossil Fuel,OGS,ONE GAS INC,0,0,1,0,0,0
ESML,iShares ESG Aware MSCI USA Small-Cap ETF,OSI Systems Inc,Prison,OSIS,OSI SYSTEMS INC,0,0,0,1,0,0
ESML,iShares ESG Aware MSCI USA Small-Cap ETF,Oshkosh Corp,Weapons,OSK,OSHKOSH CORP,0,0,0,0,0,1
ESML,iShares ESG Aware MSCI USA Small-Cap ETF,Ovintiv Inc,Fossil Fuel,OVV,OVINTIV INC,0,0,1,0,0,0
ESML,iShares ESG Aware MSCI USA Small-Cap ETF,PAR Technology Corp,Weapons,PAR,PAR TECHNOLOGY CORP,0,0,0,0,0,1
ESML,iShares ESG Aware MSCI USA Small-Cap ETF,PBF Energy Inc Class A,Fossil Fuel,PBF,PBF ENERGY INC CLASS A,0,0,1,0,0,0
ESML,iShares ESG Aware MSCI USA Small-Cap ETF,Paramount Global Class B,Tobacco,PARA,PARAMOUNT GLOBAL CLASS B,0,0,0,0,1,0
ESML,iShares ESG Aware MSCI USA Small-Cap ETF,Parsons Corp,Weapons,PSN,PARSONS CORP,0,0,0,0,0,1
ESML,iShares ESG Aware MSCI USA Small-Cap ETF,Permian Resources Corp Class A,Fossil Fuel,PR,PERMIAN RESOURCES CORP CLASS A,0,0,1,0,0,0
ESML,iShares ESG Aware MSCI USA Small-Cap ETF,Pinnacle Financial Partners Inc,Prison,PNFP,PINNACLE FINANCIAL PARTNERS INC,0,0,0,1,0,0
ESML,iShares ESG Aware MSCI USA Small-Cap ETF,Plexus Corp,Weapons,PLXS,PLEXUS CORP,0,0,0,0,0,1
ESML,iShares ESG Aware MSCI USA Small-Cap ETF,Range Resources Corp,Fossil Fuel,RRC,RANGE RESOURCES CORP,0,0,1,0,0,0
ESML,iShares ESG Aware MSCI USA Small-Cap ETF,SM Energy Co,Fossil Fuel,SM,SM ENERGY CO,0,0,1,0,0,0
ESML,iShares ESG Aware MSCI USA Small-Cap ETF,Science Applications International Corp,Prison; Weapons,SAIC,SCIENCE APPLICATIONS INTERNATIONAL CORP,0,0,0,1,0,1
ESML,iShares ESG Aware MSCI USA Small-Cap ETF,Skechers USA Inc Class A,Deforestation,SKX,SKECHERS USA INC CLASS A,0,1,0,0,0,0
ESML,iShares ESG Aware MSCI USA Small-Cap ETF,SolarEdge Technologies Inc,Clean200,SEDG,SOLAREDGE TECHNOLOGIES INC,1,0,0,0,0,0
ESML,iShares ESG Aware MSCI USA Small-Cap ETF,Sonoco Products Co,Clean200,SON,SONOCO PRODUCTS CO,1,0,0,0,0,0
ESML,iShares ESG Aware MSCI USA Small-Cap ETF,Southwest Gas Holdings Inc,Fossil Fuel,SWX,SOUTHWEST GAS HOLDINGS INC,0,0,1,0,0,0
ESML,iShares ESG Aware MSCI USA Small-Cap ETF,Spire Inc,Fossil Fuel,SR,SPIRE INC,0,0,1,0,0,0
ESML,iShares ESG Aware MSCI USA Small-Cap ETF,Spirit AeroSystems Holdings Inc Class A,Weapons,SPIRI4,SPIRIT AEROSYSTEMS HOLDINGS INC CLASS A,0,0,0,0,0,1
ESML,iShares ESG Aware MSCI USA Small-Cap ETF,Steven Madden Ltd,Deforestation,SHOO,STEVEN MADDEN LTD,0,1,0,0,0,0
ESML,iShares ESG Aware MSCI USA Small-Cap ETF,Synovus Financial Corp,Prison,SNV,SYNOVUS FINANCIAL CORP,0,0,0,1,0,0
ESML,iShares ESG Aware MSCI USA Small-Cap ETF,Talos Energy Inc Ordinary Shares,Fossil Fuel,TALOS,TALOS ENERGY INC ORDINARY SHARES,0,0,1,0,0,0
ESML,iShares ESG Aware MSCI USA Small-Cap ETF,Tapestry Inc,Deforestation,TPR,TAPESTRY INC,0,1,0,0,0,0
ESML,iShares ESG Aware MSCI USA Small-Cap ETF,TechnipFMC PLC,Fossil Fuel,FTI,TECHNIPFMC PLC,0,0,1,0,0,0
ESML,iShares ESG Aware MSCI USA Small-Cap ETF,The Wendy’s Co Class A,Deforestation; Prison,THEWE,THE WENDY’S CO CLASS A,0,1,0,1,0,0
ESML,iShares ESG Aware MSCI USA Small-Cap ETF,The Western Union Co,Prison,WU,THE WESTERN UNION CO,0,0,0,1,0,0
ESML,iShares ESG Aware MSCI USA Small-Cap ETF,UGI Corp,Fossil Fuel,UGI,UGI CORP,0,0,1,0,0,0
ESML,iShares ESG Aware MSCI USA Small-Cap ETF,US Foods Holding Corp,Deforestation,USFD,US FOODS HOLDING CORP,0,1,0,0,0,0
ESML,iShares ESG Aware MSCI USA Small-Cap ETF,Unitil Corp,Fossil Fuel,UTL,UNITIL CORP,0,0,1,0,0,0
ESML,iShares ESG Aware MSCI USA Small-Cap ETF,V2X Inc,Weapons,VVX,V2X INC,0,0,0,0,0,1
ESML,iShares ESG Aware MSCI USA Small-Cap ETF,VF Corp,Deforestation,VFC,VF CORP,0,1,0,0,0,0
ESML,iShares ESG Aware MSCI USA Small-Cap ETF,VSE Corp,Weapons,VSEC,VSE CORP,0,0,0,0,0,1
ESML,iShares ESG Aware MSCI USA Small-Cap ETF,Viper Energy Inc Ordinary Shares - Class A,Fossil Fuel,VIPER,VIPER ENERGY INC ORDINARY SHARES - CLASS A,0,0,1,0,0,0
ESML,iShares ESG Aware MSCI USA Small-Cap ETF,Warrior Met Coal Inc,Fossil Fuel,HCC,WARRIOR MET COAL INC,0,0,1,0,0,0
ESML,iShares ESG Aware MSCI USA Small-Cap ETF,Weatherford International PLC Ordinary Shares,Fossil Fuel,WEATH2,WEATHERFORD INTERNATIONAL PLC ORDINARY SHARES,0,0,1,0,0,0
ESML,iShares ESG Aware MSCI USA Small-Cap ETF,Wolverine World Wide Inc,Deforestation,WWW,WOLVERINE WORLD WIDE INC,0,1,0,0,0,0
ESML,iShares ESG Aware MSCI USA Small-Cap ETF,Woodward Inc,Weapons,WWD,WOODWARD INC,0,0,0,0,0,1
ESML,iShares ESG Aware MSCI USA Small-Cap ETF,World Kinect Corp,Fossil Fuel,WKC,WORLD KINECT CORP,0,0,1,0,0,0
ESML,iShares ESG Aware MSCI USA Small-Cap ETF,Xerox Holdings Corp,Clean200,XRX,XEROX HOLDINGS CORP,1,0,0,0,0,0
ICLN,iShares Global Clean Energy ETF,BKW AG,Fossil Fuel,BKWZ.XC,BKW AG,0,0,1,0,0,0
ICLN,iShares Global Clean Energy ETF,CPFL Energia SA,Clean200,CPFE3,CPFL ENERGIA SA,1,0,0,0,0,0
ICLN,iShares Global Clean Energy ETF,Canadian Solar Inc,Clean200,CSIQ,CANADIAN SOLAR INC,1,0,0,0,0,0
ICLN,iShares Global Clean Energy ETF,China Three Gorges Renewables (Group) Co Ltd Class A,Clean200,CHINA55,CHINA THREE GORGES RENEWABLES (GROUP) CO LTD CLASS A,1,0,0,0,0,0
ICLN,iShares Global Clean Energy ETF,China Yangtze Power Co Ltd Class A,Fossil Fuel,CHINA56,CHINA YANGTZE POWER CO LTD CLASS A,0,0,1,0,0,0
ICLN,iShares Global Clean Energy ETF,Chubu Electric Power Co Inc,Fossil Fuel,9502.T,CHUBU ELECTRIC POWER CO INC,0,0,1,0,0,0
ICLN,iShares Global Clean Energy ETF,Cia Energetica DE Minas Gerais - Cemig Participating Preferred,Clean200,CIAEN4,CIA ENERGETICA DE MINAS GERAIS - CEMIG PARTICIPATING PREFERRED,1,0,0,0,0,0
ICLN,iShares Global Clean Energy ETF,Cia Paranaense De Energia Copel Participating Preferred,Clean200,CIAPA6,CIA PARANAENSE DE ENERGIA COPEL PARTICIPATING PREFERRED,1,0,0,0,0,0
ICLN,iShares Global Clean Energy ETF,Contact Energy Ltd,Fossil Fuel,CEN,CONTACT ENERGY LTD,0,0,1,0,0,0
ICLN,iShares Global Clean Energy ETF,Corporacion Acciona Energias Renovables SA,Clean200,5BP.HA,CORPORACION ACCIONA ENERGIAS RENOVABLES SA,1,0,0,0,0,0
ICLN,iShares Global Clean Energy ETF,EDP Renovaveis SA,Clean200,EDPR,EDP RENOVAVEIS SA,1,0,0,0,0,0
ICLN,iShares Global Clean Energy ETF,EDP-Energias De Portugal SA,Fossil Fuel,ELCPF,EDP-ENERGIAS DE PORTUGAL SA,0,0,1,0,0,0
ICLN,iShares Global Clean Energy ETF,ENGIE Brasil Energia SA,Clean200,EGIE3,ENGIE BRASIL ENERGIA SA,1,0,0,0,0,0
ICLN,iShares Global Clean Energy ETF,Enel Americas SA,Clean200,ENELAM,ENEL AMERICAS SA,1,0,0,0,0,0
ICLN,iShares Global Clean Energy ETF,Enel Chile SA,Fossil Fuel,ENELCHILE,ENEL CHILE SA,0,0,1,0,0,0
ICLN,iShares Global Clean Energy ETF,Equatorial SA,Fossil Fuel,EQTL3,EQUATORIAL SA,0,0,1,0,0,0
ICLN,iShares Global Clean Energy ETF,First Solar Inc,Clean200,FSLR,FIRST SOLAR INC,1,0,0,0,0,0
ICLN,iShares Global Clean Energy ETF,Goldwind Science & Technology Co Ltd Class H,Clean200,GOLDW,GOLDWIND SCIENCE & TECHNOLOGY CO LTD CLASS H,1,0,0,0,0,0
ICLN,iShares Global Clean Energy ETF,Hanwha Solutions Corp,Clean200,9830,HANWHA SOLUTIONS CORP,1,0,0,0,0,0
ICLN,iShares Global Clean Energy ETF,Iberdrola SA,Clean200,IBE,IBERDROLA SA,1,0,0,0,0,0
ICLN,iShares Global Clean Energy ETF,Nordex SE Akt. nach Kapitalherabsetzung,Clean200,NORDE3,NORDEX SE AKT. NACH KAPITALHERABSETZUNG,1,0,0,0,0,0
ICLN,iShares Global Clean Energy ETF,Orsted AS,Clean200,ORSTED.CO,ORSTED AS,1,0,0,0,0,0
ICLN,iShares Global Clean Energy ETF,Risen Energy Co Ltd Class A,Clean200,RISEN,RISEN ENERGY CO LTD CLASS A,1,0,0,0,0,0
ICLN,iShares Global Clean Energy ETF,SJVN Ltd,Fossil Fuel,SJVN,SJVN LTD,0,0,1,0,0,0
ICLN,iShares Global Clean Energy ETF,SMA Solar Technology AG,Clean200,S92,SMA SOLAR TECHNOLOGY AG,1,0,0,0,0,0
ICLN,iShares Global Clean Energy ETF,SSE PLC,Fossil Fuel,SSE,SSE PLC,0,0,1,0,0,0
ICLN,iShares Global Clean Energy ETF,SolarEdge Technologies Inc,Clean200,SEDG,SOLAREDGE TECHNOLOGIES INC,1,0,0,0,0,0
ICLN,iShares Global Clean Energy ETF,Sungrow Power Supply Co Ltd Class A,Clean200,SUNGR,SUNGROW POWER SUPPLY CO LTD CLASS A,1,0,0,0,0,0
ICLN,iShares Global Clean Energy ETF,Suzlon Energy Ltd,Clean200,SUZLON,SUZLON ENERGY LTD,1,0,0,0,0,0
ICLN,iShares Global Clean Energy ETF,Verbund AG Class A,Clean200,VERBU,VERBUND AG CLASS A,1,0,0,0,0,0
ICLN,iShares Global Clean Energy ETF,Vestas Wind Systems AS,Clean200,VWS.CO,VESTAS WIND SYSTEMS AS,1,0,0,0,0,0
ICLN,iShares Global Clean Energy ETF,Xinyi Solar Holdings Ltd,Clean200,968,XINYI SOLAR HOLDINGS LTD,1,0,0,0,0,0
ICLN,iShares Global Clean Energy ETF,Zorlu Enerji Elektrik Uretim AS,Fossil Fuel,ZORLU,ZORLU ENERJI ELEKTRIK URETIM AS,0,0,1,0,0,0
LCTD,BlackRock World ex U.S. Carbon Transition Readiness ETF,AEON Co Ltd,Deforestation,AONNF,AEON CO LTD,0,1,0,0,0,0
LCTD,BlackRock World ex U.S. Carbon Transition Readiness ETF,ANZ Group Holdings Ltd,Deforestation,ANZ,ANZ GROUP HOLDINGS LTD,0,1,0,0,0,0
LCTD,BlackRock World ex U.S. Carbon Transition Readiness ETF,ASICS Corp,Deforestation,7936,ASICS CORP,0,1,0,0,0,0
LCTD,BlackRock World ex U.S. Carbon Transition Readiness ETF,Acciona SA,Clean200,ANA,ACCIONA SA,1,0,0,0,0,0
LCTD,BlackRock World ex U.S. Carbon Transition Readiness ETF,Adidas AG,Deforestation,ADID.BD,ADIDAS AG,0,1,0,0,0,0
LCTD,BlackRock World ex U.S. Carbon Transition Readiness ETF,Air Liquide SA,Clean200,AI.VI,AIR LIQUIDE SA,1,0,0,0,0,0
LCTD,BlackRock World ex U.S. Carbon Transition Readiness ETF,Airbus SE,Prison; Weapons,AIR.PA,AIRBUS SE,0,0,0,1,0,1
LCTD,BlackRock World ex U.S. Carbon Transition Readiness ETF,Aker BP ASA,Fossil Fuel,ARC.SG,AKER BP ASA,0,0,1,0,0,0
LCTD,BlackRock World ex U.S. Carbon Transition Readiness ETF,Anglo American PLC,Fossil Fuel,AAL,ANGLO AMERICAN PLC,0,0,1,0,0,0
LCTD,BlackRock World ex U.S. Carbon Transition Readiness ETF,Astellas Pharma Inc,Clean200,4503,ASTELLAS PHARMA INC,1,0,0,0,0,0
LCTD,BlackRock World ex U.S. Carbon Transition Readiness ETF,AstraZeneca PLC,Clean200,AZN,ASTRAZENECA PLC,1,0,0,0,0,0
LCTD,BlackRock World ex U.S. Carbon Transition Readiness ETF,BAE Systems PLC,Weapons,BA.,BAE SYSTEMS PLC,0,0,0,0,0,1
LCTD,BlackRock World ex U.S. Carbon Transition Readiness ETF,BASF SE,Deforestation,BASFY,BASF SE,0,1,0,0,0,0
LCTD,BlackRock World ex U.S. Carbon Transition Readiness ETF,BP PLC,Fossil Fuel,BP.,BP PLC,0,0,1,0,0,0
LCTD,BlackRock World ex U.S. Carbon Transition Readiness ETF,BT Group PLC,Clean200,BT.A,BT GROUP PLC,1,0,0,0,0,0
LCTD,BlackRock World ex U.S. Carbon Transition Readiness ETF,Barclays PLC,Deforestation,BARC,BARCLAYS PLC,0,1,0,0,0,0
LCTD,BlackRock World ex U.S. Carbon Transition Readiness ETF,Bayerische Motoren Werke AG,Clean200,BAMXF,BAYERISCHE MOTOREN WERKE AG,1,0,0,0,0,0
LCTD,BlackRock World ex U.S. Carbon Transition Readiness ETF,Bayerische Motoren Werke AG Participating Preferred,Clean200,BAYER2,BAYERISCHE MOTOREN WERKE AG PARTICIPATING PREFERRED,1,0,0,0,0,0
LCTD,BlackRock World ex U.S. Carbon Transition Readiness ETF,Brambles Ltd,Clean200,BXB,BRAMBLES LTD,1,0,0,0,0,0
LCTD,BlackRock World ex U.S. Carbon Transition Readiness ETF,Brookfield Asset Management Ltd Ordinary Shares - Class A,Fossil Fuel,BROOK3,BROOKFIELD ASSET MANAGEMENT LTD ORDINARY SHARES - CLASS A,0,0,1,0,0,0
LCTD,BlackRock World ex U.S. Carbon Transition Readiness ETF,Brookfield Asset Mgmt Ltd Class A,Weapons,BROOK5,BROOKFIELD ASSET MGMT LTD CLASS A,0,0,0,0,0,1
LCTD,BlackRock World ex U.S. Carbon Transition Readiness ETF,Brookfield Corp Registered Shs -A- Limited Vtg,Fossil Fuel,BROOK4,BROOKFIELD CORP REGISTERED SHS -A- LIMITED VTG,0,0,1,0,0,0
LCTD,BlackRock World ex U.S. Carbon Transition Readiness ETF,CK Hutchison Holdings Ltd,Deforestation,1,CK HUTCHISON HOLDINGS LTD,0,1,0,0,0,0
LCTD,BlackRock World ex U.S. Carbon Transition Readiness ETF,Cameco Corp,Weapons,CCO,CAMECO CORP,0,0,0,0,0,1
LCTD,BlackRock World ex U.S. Carbon Transition Readiness ETF,Canadian National Railway Co,Clean200,CNI,CANADIAN NATIONAL RAILWAY CO,1,0,0,0,0,0
LCTD,BlackRock World ex U.S. Carbon Transition Readiness ETF,Capgemini SE,Prison,CAPMF,CAPGEMINI SE,0,0,0,1,0,0
LCTD,BlackRock World ex U.S. Carbon Transition Readiness ETF,Carrefour SA,Deforestation,CA,CARREFOUR SA,0,1,0,0,0,0
LCTD,BlackRock World ex U.S. Carbon Transition Readiness ETF,Centrica PLC,Fossil Fuel,CNA,CENTRICA PLC,0,0,1,0,0,0
LCTD,BlackRock World ex U.S. Carbon Transition Readiness ETF,Commerzbank AG,Deforestation,CBK,COMMERZBANK AG,0,1,0,0,0,0
LCTD,BlackRock World ex U.S. Carbon Transition Readiness ETF,Commonwealth Bank of Australia,Deforestation,CBA,COMMONWEALTH BANK OF AUSTRALIA,0,1,0,0,0,0
LCTD,BlackRock World ex U.S. Carbon Transition Readiness ETF,Compagnie de Saint-Gobain SA,Deforestation,GOB.SG,COMPAGNIE DE SAINT-GOBAIN SA,0,1,0,0,0,0
LCTD,BlackRock World ex U.S. Carbon Transition Readiness ETF,Compass Group PLC,Deforestation,CPG,COMPASS GROUP PLC,0,1,0,0,0,0
LCTD,BlackRock World ex U.S. Carbon Transition Readiness ETF,DBS Group Holdings Ltd,Deforestation,D05,DBS GROUP HOLDINGS LTD,0,1,0,0,0,0
LCTD,BlackRock World ex U.S. Carbon Transition Readiness ETF,Daiwa House Industry Co Ltd,Deforestation,1925.T,DAIWA HOUSE INDUSTRY CO LTD,0,1,0,0,0,0
LCTD,BlackRock World ex U.S. Carbon Transition Readiness ETF,Dassault Systemes SE,Clean200,DSYP.XD,DASSAULT SYSTEMES SE,1,0,0,0,0,0
LCTD,BlackRock World ex U.S. Carbon Transition Readiness ETF,Deutsche Bank AG,Deforestation,DBK,DEUTSCHE BANK AG,0,1,0,0,0,0
LCTD,BlackRock World ex U.S. Carbon Transition Readiness ETF,EDP-Energias De Portugal SA,Fossil Fuel,ELCPF,EDP-ENERGIAS DE PORTUGAL SA,0,0,1,0,0,0
LCTD,BlackRock World ex U.S. Carbon Transition Readiness ETF,EQT AB Ordinary Shares,Fossil Fuel,EQTAB2,EQT AB ORDINARY SHARES,0,0,1,0,0,0
LCTD,BlackRock World ex U.S. Carbon Transition Readiness ETF,Enbridge Inc,Fossil Fuel,ENB,ENBRIDGE INC,0,0,1,0,0,0
LCTD,BlackRock World ex U.S. Carbon Transition Readiness ETF,Enel SpA,Fossil Fuel,ENLD.XD,ENEL SPA,0,0,1,0,0,0
LCTD,BlackRock World ex U.S. Carbon Transition Readiness ETF,Engie SA,Fossil Fuel,ENGI,ENGIE SA,0,0,1,0,0,0
LCTD,BlackRock World ex U.S. Carbon Transition Readiness ETF,Eni SpA,Fossil Fuel,ENIM.XC,ENI SPA,0,0,1,0,0,0
LCTD,BlackRock World ex U.S. Carbon Transition Readiness ETF,Equinor ASA,Fossil Fuel,EQNR,EQUINOR ASA,0,0,1,0,0,0
LCTD,BlackRock World ex U.S. Carbon Transition Readiness ETF,Fortum Oyj,Fossil Fuel,FOJCF,FORTUM OYJ,0,0,1,0,0,0
LCTD,BlackRock World ex U.S. Carbon Transition Readiness ETF,Fujitsu Ltd,Weapons,6702,FUJITSU LTD,0,0,0,0,0,1
LCTD,BlackRock World ex U.S. Carbon Transition Readiness ETF,GFL Environmental Inc,Clean200,GFL.TO,GFL ENVIRONMENTAL INC,1,0,0,0,0,0
LCTD,BlackRock World ex U.S. Carbon Transition Readiness ETF,GSK PLC,Clean200,GSK,GSK PLC,1,0,0,0,0,0
LCTD,BlackRock World ex U.S. Carbon Transition Readiness ETF,Galp Energia SGPS SA,Fossil Fuel,GALPU.XD,GALP ENERGIA SGPS SA,0,0,1,0,0,0
LCTD,BlackRock World ex U.S. Carbon Transition Readiness ETF,HSBC Holdings PLC,Deforestation; Prison,HSBA,HSBC HOLDINGS PLC,0,1,0,1,0,0
LCTD,BlackRock World ex U.S. Carbon Transition Readiness ETF,Honda Motor Co Ltd,Prison,HMC,HONDA MOTOR CO LTD,0,0,0,1,0,0
LCTD,BlackRock World ex U.S. Carbon Transition Readiness ETF,Hong Kong and China Gas Co Ltd,Fossil Fuel,HCG.MU,HONG KONG AND CHINA GAS CO LTD,0,0,1,0,0,0
LCTD,BlackRock World ex U.S. Carbon Transition Readiness ETF,ICL Group Ltd,Weapons,ICL,ICL GROUP LTD,0,0,0,0,0,1
LCTD,BlackRock World ex U.S. Carbon Transition Readiness ETF,IHI Corp,Weapons,7013,IHI CORP,0,0,0,0,0,1
LCTD,BlackRock World ex U.S. Carbon Transition Readiness ETF,ING Groep NV,Deforestation,INGA,ING GROEP NV,0,1,0,0,0,0
LCTD,BlackRock World ex U.S. Carbon Transition Readiness ETF,ITOCHU Corp,Fossil Fuel,8001,ITOCHU CORP,0,0,1,0,0,0
LCTD,BlackRock World ex U.S. Carbon Transition Readiness ETF,Iberdrola SA,Clean200,IBE,IBERDROLA SA,1,0,0,0,0,0
LCTD,BlackRock World ex U.S. Carbon Transition Readiness ETF,Idemitsu Kosan Co Ltd,Fossil Fuel,I7B.SG,IDEMITSU KOSAN CO LTD,0,0,1,0,0,0
LCTD,BlackRock World ex U.S. Carbon Transition Readiness ETF,Imperial Oil Ltd,Fossil Fuel,IMO.NE,IMPERIAL OIL LTD,0,0,1,0,0,0
LCTD,BlackRock World ex U.S. Carbon Transition Readiness ETF,Industria De Diseno Textil SA Share From Split,Clean200,INDUS9,INDUSTRIA DE DISENO TEXTIL SA SHARE FROM SPLIT,1,0,0,0,0,0
LCTD,BlackRock World ex U.S. Carbon Transition Readiness ETF,Inpex Corp,Fossil Fuel,1605,INPEX CORP,0,0,1,0,0,0
LCTD,BlackRock World ex U.S. Carbon Transition Readiness ETF,Kao Corp,Deforestation,4452,KAO CORP,0,1,0,0,0,0
LCTD,BlackRock World ex U.S. Carbon Transition Readiness ETF,Kering SA,Clean200; Deforestation,KER,KERING SA,1,1,0,0,0,0
LCTD,BlackRock World ex U.S. Carbon Transition Readiness ETF,Keyera Corp,Fossil Fuel,KEY,KEYERA CORP,0,0,1,0,0,0
LCTD,BlackRock World ex U.S. Carbon Transition Readiness ETF,Komatsu Ltd,Weapons,6301,KOMATSU LTD,0,0,0,0,0,1
LCTD,BlackRock World ex U.S. Carbon Transition Readiness ETF,LVMH Moet Hennessy Louis Vuitton SE,Deforestation,MOHF.SG,LVMH MOET HENNESSY LOUIS VUITTON SE,0,1,0,0,0,0
LCTD,BlackRock World ex U.S. Carbon Transition Readiness ETF,Leonardo SpA,Weapons,FINMF,LEONARDO SPA,0,0,0,0,0,1
LCTD,BlackRock World ex U.S. Carbon Transition Readiness ETF,Lindt & Sprüngli AG,Deforestation; Prison,LINDT,LINDT & SPRÜNGLI AG,0,1,0,1,0,0
LCTD,BlackRock World ex U.S. Carbon Transition Readiness ETF,L’Oreal SA,Deforestation,ORP.XC,L’OREAL SA,0,1,0,0,0,0
LCTD,BlackRock World ex U.S. Carbon Transition Readiness ETF,MTU Aero Engines AG,Weapons,MTUAY,MTU AERO ENGINES AG,0,0,0,0,0,1
LCTD,BlackRock World ex U.S. Carbon Transition Readiness ETF,Macquarie Group Ltd,Fossil Fuel,4M4.SG,MACQUARIE GROUP LTD,0,0,1,0,0,0
LCTD,BlackRock World ex U.S. Carbon Transition Readiness ETF,Manulife Financial Corp,Clean200,MFC,MANULIFE FINANCIAL CORP,1,0,0,0,0,0
LCTD,BlackRock World ex U.S. Carbon Transition Readiness ETF,Mercedes-Benz Group AG,Clean200,MBG.SG,MERCEDES-BENZ GROUP AG,1,0,0,0,0,0
LCTD,BlackRock World ex U.S. Carbon Transition Readiness ETF,Mitsubishi Electric Corp,Weapons,6503,MITSUBISHI ELECTRIC CORP,0,0,0,0,0,1
LCTD,BlackRock World ex U.S. Carbon Transition Readiness ETF,Mitsubishi Heavy Industries Ltd,Fossil Fuel; Weapons,7011,MITSUBISHI HEAVY INDUSTRIES LTD,0,0,1,0,0,1
LCTD,BlackRock World ex U.S. Carbon Transition Readiness ETF,Mitsubishi UFJ Financial Group Inc,Deforestation,8306,MITSUBISHI UFJ FINANCIAL GROUP INC,0,1,0,0,0,0
LCTD,BlackRock World ex U.S. Carbon Transition Readiness ETF,Mitsui & Co Ltd,Deforestation; Fossil Fuel,8031.T,MITSUI & CO LTD,0,1,1,0,0,0
LCTD,BlackRock World ex U.S. Carbon Transition Readiness ETF,Mitsui O.S.K. Lines Ltd,Fossil Fuel,9104.T,MITSUI O.S.K. LINES LTD,0,0,1,0,0,0
LCTD,BlackRock World ex U.S. Carbon Transition Readiness ETF,Mondi PLC,Deforestation,MNDI,MONDI PLC,0,1,0,0,0,0
LCTD,BlackRock World ex U.S. Carbon Transition Readiness ETF,NEC Corp,Prison; Weapons,6701,NEC CORP,0,0,0,1,0,1
LCTD,BlackRock World ex U.S. Carbon Transition Readiness ETF,NatWest Group PLC,Deforestation,NWG,NATWEST GROUP PLC,0,1,0,0,0,0
LCTD,BlackRock World ex U.S. Carbon Transition Readiness ETF,National Australia Bank Ltd,Deforestation,NAB,NATIONAL AUSTRALIA BANK LTD,0,1,0,0,0,0
LCTD,BlackRock World ex U.S. Carbon Transition Readiness ETF,National Grid PLC,Fossil Fuel,NG.,NATIONAL GRID PLC,0,0,1,0,0,0
LCTD,BlackRock World ex U.S. Carbon Transition Readiness ETF,Neste OYJ,Deforestation; Fossil Fuel,NTOIY,NESTE OYJ,0,1,1,0,0,0
LCTD,BlackRock World ex U.S. Carbon Transition Readiness ETF,Nestle SA,Deforestation,NESN,NESTLE SA,0,1,0,0,0,0
LCTD,BlackRock World ex U.S. Carbon Transition Readiness ETF,Nippon Steel Corp,Fossil Fuel,5401,NIPPON STEEL CORP,0,0,1,0,0,0
LCTD,BlackRock World ex U.S. Carbon Transition Readiness ETF,Nokia Oyj,Clean200,0K8D.L,NOKIA OYJ,1,0,0,0,0,0
LCTD,BlackRock World ex U.S. Carbon Transition Readiness ETF,Norsk Hydro ASA,Clean200,NHYDY,NORSK HYDRO ASA,1,0,0,0,0,0
LCTD,BlackRock World ex U.S. Carbon Transition Readiness ETF,OMV AG,Fossil Fuel,OMV,OMV AG,0,0,1,0,0,0
LCTD,BlackRock World ex U.S. Carbon Transition Readiness ETF,Olympus Corp,Clean200,7733,OLYMPUS CORP,1,0,0,0,0,0
LCTD,BlackRock World ex U.S. Carbon Transition Readiness ETF,Orkla ASA,Deforestation,ORKLY,ORKLA ASA,0,1,0,0,0,0
LCTD,BlackRock World ex U.S. Carbon Transition Readiness ETF,Orsted AS,Clean200,ORSTED.CO,ORSTED AS,1,0,0,0,0,0
LCTD,BlackRock World ex U.S. Carbon Transition Readiness ETF,Pearson PLC,Deforestation,PSON,PEARSON PLC,0,1,0,0,0,0
LCTD,BlackRock World ex U.S. Carbon Transition Readiness ETF,RELX PLC,Deforestation; Prison,REL,RELX PLC,0,1,0,1,0,0
LCTD,BlackRock World ex U.S. Carbon Transition Readiness ETF,Reckitt Benckiser Group PLC,Deforestation,RKT,RECKITT BENCKISER GROUP PLC,0,1,0,0,0,0
LCTD,BlackRock World ex U.S. Carbon Transition Readiness ETF,Renault SA,Clean200,RNO,RENAULT SA,1,0,0,0,0,0
LCTD,BlackRock World ex U.S. Carbon Transition Readiness ETF,Restaurant Brands International Inc,Deforestation; Prison,QSR,RESTAURANT BRANDS INTERNATIONAL INC,0,1,0,1,0,0
LCTD,BlackRock World ex U.S. Carbon Transition Readiness ETF,Rheinmetall AG,Weapons,RHM,RHEINMETALL AG,0,0,0,0,0,1
LCTD,BlackRock World ex U.S. Carbon Transition Readiness ETF,Ricoh Co Ltd,Clean200,RIC1.SG,RICOH CO LTD,1,0,0,0,0,0
LCTD,BlackRock World ex U.S. Carbon Transition Readiness ETF,Rockwool AS Class B,Clean200,ROCKW3,ROCKWOOL AS CLASS B,1,0,0,0,0,0
LCTD,BlackRock World ex U.S. Carbon Transition Readiness ETF,Rolls-Royce Holdings PLC,Weapons,RR.,ROLLS-ROYCE HOLDINGS PLC,0,0,0,0,0,1
LCTD,BlackRock World ex U.S. Carbon Transition Readiness ETF,SAP SE,Clean200,SAP,SAP SE,1,0,0,0,0,0
LCTD,BlackRock World ex U.S. Carbon Transition Readiness ETF,Saab AB Class B,Weapons,SAABA,SAAB AB CLASS B,0,0,0,0,0,1
LCTD,BlackRock World ex U.S. Carbon Transition Readiness ETF,Safran SA,Weapons,SAF,SAFRAN SA,0,0,0,0,0,1
LCTD,BlackRock World ex U.S. Carbon Transition Readiness ETF,Sainsbury (J) PLC,Deforestation,SBRY.L,SAINSBURY (J) PLC,0,1,0,0,0,0
LCTD,BlackRock World ex U.S. Carbon Transition Readiness ETF,Sanofi SA,Clean200,SAN,SANOFI SA,1,0,0,0,0,0
LCTD,BlackRock World ex U.S. Carbon Transition Readiness ETF,Santos Ltd,Fossil Fuel,STO,SANTOS LTD,0,0,1,0,0,0
LCTD,BlackRock World ex U.S. Carbon Transition Readiness ETF,Schneider Electric SE,Clean200,SU.PA,SCHNEIDER ELECTRIC SE,1,0,0,0,0,0
LCTD,BlackRock World ex U.S. Carbon Transition Readiness ETF,Sekisui Chemical Co Ltd,Clean200,SKSUF,SEKISUI CHEMICAL CO LTD,1,0,0,0,0,0
LCTD,BlackRock World ex U.S. Carbon Transition Readiness ETF,Sekisui House Ltd,Deforestation,1928,SEKISUI HOUSE LTD,0,1,0,0,0,0
LCTD,BlackRock World ex U.S. Carbon Transition Readiness ETF,Shell PLC,Deforestation; Fossil Fuel,SHEL,SHELL PLC,0,1,1,0,0,0
LCTD,BlackRock World ex U.S. Carbon Transition Readiness ETF,Shiseido Co Ltd,Deforestation,SHD.SG,SHISEIDO CO LTD,0,1,0,0,0,0
LCTD,BlackRock World ex U.S. Carbon Transition Readiness ETF,Siemens AG,Fossil Fuel,SIEGY,SIEMENS AG,0,0,1,0,0,0
LCTD,BlackRock World ex U.S. Carbon Transition Readiness ETF,Siemens Energy AG Ordinary Shares,Fossil Fuel,SIEME5,SIEMENS ENERGY AG ORDINARY SHARES,0,0,1,0,0,0
LCTD,BlackRock World ex U.S. Carbon Transition Readiness ETF,Siemens Healthineers AG Registered Shares,Clean200,SIEME4,SIEMENS HEALTHINEERS AG REGISTERED SHARES,1,0,0,0,0,0
LCTD,BlackRock World ex U.S. Carbon Transition Readiness ETF,Snam SpA,Fossil Fuel,SRGM.XC,SNAM SPA,0,0,1,0,0,0
LCTD,BlackRock World ex U.S. Carbon Transition Readiness ETF,Sodexo,Prison,SDXAY,SODEXO,0,0,0,1,0,0
LCTD,BlackRock World ex U.S. Carbon Transition Readiness ETF,Sodexo SA,Deforestation,SW,SODEXO SA,0,1,0,0,0,0
LCTD,BlackRock World ex U.S. Carbon Transition Readiness ETF,SoftBank Group Corp,Clean200,9984,SOFTBANK GROUP CORP,1,0,0,0,0,0
LCTD,BlackRock World ex U.S. Carbon Transition Readiness ETF,Sony Group Corp,Tobacco,6758,SONY GROUP CORP,0,0,0,0,1,0
LCTD,BlackRock World ex U.S. Carbon Transition Readiness ETF,Stantec Inc,Clean200,STN,STANTEC INC,1,0,0,0,0,0
LCTD,BlackRock World ex U.S. Carbon Transition Readiness ETF,Sumitomo Electric Industries Ltd,Clean200,5802,SUMITOMO ELECTRIC INDUSTRIES LTD,1,0,0,0,0,0
LCTD,BlackRock World ex U.S. Carbon Transition Readiness ETF,Sumitomo Mitsui Financial Group Inc,Deforestation,SMFG,SUMITOMO MITSUI FINANCIAL GROUP INC,0,1,0,0,0,0
LCTD,BlackRock World ex U.S. Carbon Transition Readiness ETF,TELUS Corp,Clean200,T,TELUS CORP,1,0,0,0,0,0
LCTD,BlackRock World ex U.S. Carbon Transition Readiness ETF,Takeda Pharmaceutical Co Ltd,Clean200,0A87.L,TAKEDA PHARMACEUTICAL CO LTD,1,0,0,0,0,0
LCTD,BlackRock World ex U.S. Carbon Transition Readiness ETF,Telefonaktiebolaget L M Ericsson Class B,Clean200,TELEF6,TELEFONAKTIEBOLAGET L M ERICSSON CLASS B,1,0,0,0,0,0
LCTD,BlackRock World ex U.S. Carbon Transition Readiness ETF,Tesco PLC,Deforestation,TSCO,TESCO PLC,0,1,0,0,0,0
LCTD,BlackRock World ex U.S. Carbon Transition Readiness ETF,Thales,Prison; Weapons,HO.PA,THALES,0,0,0,1,0,1
LCTD,BlackRock World ex U.S. Carbon Transition Readiness ETF,The Swatch Group AG Bearer Shares,Clean200,THESW,THE SWATCH GROUP AG BEARER SHARES,1,0,0,0,0,0
LCTD,BlackRock World ex U.S. Carbon Transition Readiness ETF,TotalEnergies SE,Fossil Fuel,TTE,TOTALENERGIES SE,0,0,1,0,0,0
LCTD,BlackRock World ex U.S. Carbon Transition Readiness ETF,Unicharm Corp,Deforestation,8113,UNICHARM CORP,0,1,0,0,0,0
LCTD,BlackRock World ex U.S. Carbon Transition Readiness ETF,Verbund AG Class A,Clean200,VERBU,VERBUND AG CLASS A,1,0,0,0,0,0
LCTD,BlackRock World ex U.S. Carbon Transition Readiness ETF,Vestas Wind Systems AS,Clean200,VWS.CO,VESTAS WIND SYSTEMS AS,1,0,0,0,0,0
LCTD,BlackRock World ex U.S. Carbon Transition Readiness ETF,Vinci SA,Clean200,DG,VINCI SA,1,0,0,0,0,0
LCTD,BlackRock World ex U.S. Carbon Transition Readiness ETF,Volkswagen AG Participating Preferred,Clean200,VOLKS3,VOLKSWAGEN AG PARTICIPATING PREFERRED,1,0,0,0,0,0
LCTD,BlackRock World ex U.S. Carbon Transition Readiness ETF,WSP Global Inc,Clean200,WSP,WSP GLOBAL INC,1,0,0,0,0,0
LCTD,BlackRock World ex U.S. Carbon Transition Readiness ETF,Wartsila Corp,Weapons,WRTBY,WARTSILA CORP,0,0,0,0,0,1
LCTD,BlackRock World ex U.S. Carbon Transition Readiness ETF,Westpac Banking Corp,Deforestation,WBC.F,WESTPAC BANKING CORP,0,1,0,0,0,0
LCTD,BlackRock World ex U.S. Carbon Transition Readiness ETF,Whitecap Resources Inc,Fossil Fuel,WCP,WHITECAP RESOURCES INC,0,0,1,0,0,0
LCTD,BlackRock World ex U.S. Carbon Transition Readiness ETF,Woolworths Group Ltd,Deforestation,WOW,WOOLWORTHS GROUP LTD,0,1,0,0,0,0
LCTD,BlackRock World ex U.S. Carbon Transition Readiness ETF,adidas AG,Clean200,ADID.BD,ADIDAS AG,1,0,0,0,0,0
LCTU,BlackRock U.S. Carbon Transition Readiness ETF,ATI Inc,Weapons,ATI,ATI INC,0,0,0,0,0,1
LCTU,BlackRock U.S. Carbon Transition Readiness ETF,AbbVie Inc,Clean200,ABBV,ABBVIE INC,1,0,0,0,0,0
LCTU,BlackRock U.S. Carbon Transition Readiness ETF,Accenture PLC Class A,Prison,ACN,ACCENTURE PLC CLASS A,0,0,0,1,0,0
LCTU,BlackRock U.S. Carbon Transition Readiness ETF,Advanced Micro Devices Inc,Clean200,AMD,ADVANCED MICRO DEVICES INC,1,0,0,0,0,0
LCTU,BlackRock U.S. Carbon Transition Readiness ETF,Albemarle Corp,Clean200,ALB,ALBEMARLE CORP,1,0,0,0,0,0
LCTU,BlackRock U.S. Carbon Transition Readiness ETF,Alphabet Inc,Clean200,GOOG,ALPHABET INC,1,0,0,0,0,0
LCTU,BlackRock U.S. Carbon Transition Readiness ETF,Alphabet Inc Class A,Prison,GOOGL,ALPHABET INC CLASS A,0,0,0,1,0,0
LCTU,BlackRock U.S. Carbon Transition Readiness ETF,Alphabet Inc Class C,Prison,GOOG,ALPHABET INC CLASS C,0,0,0,1,0,0
LCTU,BlackRock U.S. Carbon Transition Readiness ETF,Amazon.com Inc,Deforestation; Prison,AMZD.XC,AMAZON.COM INC,0,1,0,1,0,0
LCTU,BlackRock U.S. Carbon Transition Readiness ETF,Amgen Inc,Clean200,AMGN,AMGEN INC,1,0,0,0,0,0
LCTU,BlackRock U.S. Carbon Transition Readiness ETF,Analog Devices Inc,Clean200,ADI,ANALOG DEVICES INC,1,0,0,0,0,0
LCTU,BlackRock U.S. Carbon Transition Readiness ETF,Antero Midstream Corp,Fossil Fuel,AM,ANTERO MIDSTREAM CORP,0,0,1,0,0,0
LCTU,BlackRock U.S. Carbon Transition Readiness ETF,Apple Inc,Clean200,AAPL,APPLE INC,1,0,0,0,0,0
LCTU,BlackRock U.S. Carbon Transition Readiness ETF,Ares Management Corp,Fossil Fuel,ARES,ARES MANAGEMENT CORP,0,0,1,0,0,0
LCTU,BlackRock U.S. Carbon Transition Readiness ETF,Autodesk Inc,Clean200,ADSK,AUTODESK INC,1,0,0,0,0,0
LCTU,BlackRock U.S. Carbon Transition Readiness ETF,Baker Hughes Co,Fossil Fuel,BKR,BAKER HUGHES CO,0,0,1,0,0,0
LCTU,BlackRock U.S. Carbon Transition Readiness ETF,Bank of America Corp,Deforestation,BAC,BANK OF AMERICA CORP,0,1,0,0,0,0
LCTU,BlackRock U.S. Carbon Transition Readiness ETF,Berkshire Hathaway Inc,Fossil Fuel,BRK-A,BERKSHIRE HATHAWAY INC,0,0,1,0,0,0
LCTU,BlackRock U.S. Carbon Transition Readiness ETF,Berkshire Hathaway Inc Class B,Prison,BRKB,BERKSHIRE HATHAWAY INC CLASS B,0,0,0,1,0,0
LCTU,BlackRock U.S. Carbon Transition Readiness ETF,Broadcom Inc,Clean200,AVGO,BROADCOM INC,1,0,0,0,0,0
LCTU,BlackRock U.S. Carbon Transition Readiness ETF,Bunge Global SA,Deforestation,BG,BUNGE GLOBAL SA,0,1,0,0,0,0
LCTU,BlackRock U.S. Carbon Transition Readiness ETF,CMS Energy Corp,Fossil Fuel,CMS,CMS ENERGY CORP,0,0,1,0,0,0
LCTU,BlackRock U.S. Carbon Transition Readiness ETF,CRH PLC,Weapons,CRH,CRH PLC,0,0,0,0,0,1
LCTU,BlackRock U.S. Carbon Transition Readiness ETF,CVS Health Corp,Deforestation,CVS,CVS HEALTH CORP,0,1,0,0,0,0
LCTU,BlackRock U.S. Carbon Transition Readiness ETF,Caterpillar Inc,Weapons,CAT,CATERPILLAR INC,0,0,0,0,0,1
LCTU,BlackRock U.S. Carbon Transition Readiness ETF,Cheniere Energy Inc,Fossil Fuel,LNG,CHENIERE ENERGY INC,0,0,1,0,0,0
LCTU,BlackRock U.S. Carbon Transition Readiness ETF,Chevron Corp,Fossil Fuel,CVX,CHEVRON CORP,0,0,1,0,0,0
LCTU,BlackRock U.S. Carbon Transition Readiness ETF,Chipotle Mexican Grill Inc,Deforestation,CMG,CHIPOTLE MEXICAN GRILL INC,0,1,0,0,0,0
LCTU,BlackRock U.S. Carbon Transition Readiness ETF,Cisco Systems Inc,Clean200,CSCO,CISCO SYSTEMS INC,1,0,0,0,0,0
LCTU,BlackRock U.S. Carbon Transition Readiness ETF,Citizens Financial Group Inc,Prison,CFG,CITIZENS FINANCIAL GROUP INC,0,0,0,1,0,0
LCTU,BlackRock U.S. Carbon Transition Readiness ETF,Clean Harbors Inc,Clean200,CLH,CLEAN HARBORS INC,1,0,0,0,0,0
LCTU,BlackRock U.S. Carbon Transition Readiness ETF,Colgate-Palmolive Co,Deforestation,CL,COLGATE-PALMOLIVE CO,0,1,0,0,0,0
LCTU,BlackRock U.S. Carbon Transition Readiness ETF,ConocoPhillips,Fossil Fuel,COP,CONOCOPHILLIPS,0,0,1,0,0,0
LCTU,BlackRock U.S. Carbon Transition Readiness ETF,Consolidated Edison Inc,Fossil Fuel,ED,CONSOLIDATED EDISON INC,0,0,1,0,0,0
LCTU,BlackRock U.S. Carbon Transition Readiness ETF,Constellation Energy Corp,Fossil Fuel,CEG,CONSTELLATION ENERGY CORP,0,0,1,0,0,0
LCTU,BlackRock U.S. Carbon Transition Readiness ETF,Costco Wholesale Corp,Deforestation; Prison,COST,COSTCO WHOLESALE CORP,0,1,0,1,0,0
LCTU,BlackRock U.S. Carbon Transition Readiness ETF,DaVita Inc,Clean200,DVA,DAVITA INC,1,0,0,0,0,0
LCTU,BlackRock U.S. Carbon Transition Readiness ETF,Deckers Outdoor Corp,Deforestation,DECK,DECKERS OUTDOOR CORP,0,1,0,0,0,0
LCTU,BlackRock U.S. Carbon Transition Readiness ETF,Dollar General Corp,Deforestation,DG,DOLLAR GENERAL CORP,0,1,0,0,0,0
LCTU,BlackRock U.S. Carbon Transition Readiness ETF,Eaton Corp PLC,Weapons,ETN,EATON CORP PLC,0,0,0,0,0,1
LCTU,BlackRock U.S. Carbon Transition Readiness ETF,Ecolab Inc,Clean200,ECL,ECOLAB INC,1,0,0,0,0,0
LCTU,BlackRock U.S. Carbon Transition Readiness ETF,Edison International,Fossil Fuel,EIX,EDISON INTERNATIONAL,0,0,1,0,0,0
LCTU,BlackRock U.S. Carbon Transition Readiness ETF,Elevance Health Inc,Prison,ELV,ELEVANCE HEALTH INC,0,0,0,1,0,0
LCTU,BlackRock U.S. Carbon Transition Readiness ETF,Eversource Energy,Fossil Fuel,ES,EVERSOURCE ENERGY,0,0,1,0,0,0
LCTU,BlackRock U.S. Carbon Transition Readiness ETF,Exxon Mobil Corp,Fossil Fuel,XOM,EXXON MOBIL CORP,0,0,1,0,0,0
LCTU,BlackRock U.S. Carbon Transition Readiness ETF,GE Aerospace,Weapons,GE,GE AEROSPACE,0,0,0,0,0,1
LCTU,BlackRock U.S. Carbon Transition Readiness ETF,GE Vernova Inc,Fossil Fuel,GEV,GE VERNOVA INC,0,0,1,0,0,0
LCTU,BlackRock U.S. Carbon Transition Readiness ETF,HP Inc,Clean200,HPQ,HP INC,1,0,0,0,0,0
LCTU,BlackRock U.S. Carbon Transition Readiness ETF,Hess Corp,Fossil Fuel,HESSC2,HESS CORP,0,0,1,0,0,0
LCTU,BlackRock U.S. Carbon Transition Readiness ETF,Hewlett Packard Enterprise Co,Clean200,HPE,HEWLETT PACKARD ENTERPRISE CO,1,0,0,0,0,0
LCTU,BlackRock U.S. Carbon Transition Readiness ETF,Hexcel Corp,Weapons,HXL,HEXCEL CORP,0,0,0,0,0,1
LCTU,BlackRock U.S. Carbon Transition Readiness ETF,Honeywell International Inc,Weapons,HON,HONEYWELL INTERNATIONAL INC,0,0,0,0,0,1
LCTU,BlackRock U.S. Carbon Transition Readiness ETF,Intel Corp,Clean200,INTC,INTEL CORP,1,0,0,0,0,0
LCTU,BlackRock U.S. Carbon Transition Readiness ETF,JPMorgan Chase & Co,Deforestation,JPM,JPMORGAN CHASE & CO,0,1,0,0,0,0
LCTU,BlackRock U.S. Carbon Transition Readiness ETF,Jacobs Solutions Inc,Weapons,J,JACOBS SOLUTIONS INC,0,0,0,0,0,1
LCTU,BlackRock U.S. Carbon Transition Readiness ETF,Johnson & Johnson,Deforestation,JNJ,JOHNSON & JOHNSON,0,1,0,0,0,0
LCTU,BlackRock U.S. Carbon Transition Readiness ETF,Johnson Controls International PLC,Clean200,JCI,JOHNSON CONTROLS INTERNATIONAL PLC,1,0,0,0,0,0
LCTU,BlackRock U.S. Carbon Transition Readiness ETF,KBR Inc,Prison; Weapons,KBR,KBR INC,0,0,0,1,0,1
LCTU,BlackRock U.S. Carbon Transition Readiness ETF,KKR & Co Inc,Fossil Fuel,KKR,KKR & CO INC,0,0,1,0,0,0
LCTU,BlackRock U.S. Carbon Transition Readiness ETF,L3Harris Technologies Inc,Prison; Weapons,LHX,L3HARRIS TECHNOLOGIES INC,0,0,0,1,0,1
LCTU,BlackRock U.S. Carbon Transition Readiness ETF,Leidos Holdings Inc,Prison; Weapons,LDOS,LEIDOS HOLDINGS INC,0,0,0,1,0,1
LCTU,BlackRock U.S. Carbon Transition Readiness ETF,Marathon Petroleum Corp,Fossil Fuel,MPC,MARATHON PETROLEUM CORP,0,0,1,0,0,0
LCTU,BlackRock U.S. Carbon Transition Readiness ETF,McDonald’s Corp,Deforestation; Prison,MDOD.XC,MCDONALD’S CORP,0,1,0,1,0,0
LCTU,BlackRock U.S. Carbon Transition Readiness ETF,Merck & Co Inc,Clean200,MRK,MERCK & CO INC,1,0,0,0,0,0
LCTU,BlackRock U.S. Carbon Transition Readiness ETF,Microsoft Corp,Clean200; Prison,MSFT,MICROSOFT CORP,1,0,0,1,0,0
LCTU,BlackRock U.S. Carbon Transition Readiness ETF,Mondelez International Inc Class A,Deforestation,MDLZ,MONDELEZ INTERNATIONAL INC CLASS A,0,1,0,0,0,0
LCTU,BlackRock U.S. Carbon Transition Readiness ETF,Motorola Solutions Inc,Prison,MSI,MOTOROLA SOLUTIONS INC,0,0,0,1,0,0
LCTU,BlackRock U.S. Carbon Transition Readiness ETF,NRG Energy Inc,Fossil Fuel,NRG,NRG ENERGY INC,0,0,1,0,0,0
LCTU,BlackRock U.S. Carbon Transition Readiness ETF,Newmont Corp,Clean200,NEM,NEWMONT CORP,1,0,0,0,0,0
LCTU,BlackRock U.S. Carbon Transition Readiness ETF,NextEra Energy Inc,Fossil Fuel,NEE,NEXTERA ENERGY INC,0,0,1,0,0,0
LCTU,BlackRock U.S. Carbon Transition Readiness ETF,NiSource Inc,Fossil Fuel,NI,NISOURCE INC,0,0,1,0,0,0
LCTU,BlackRock U.S. Carbon Transition Readiness ETF,Nike Inc,Clean200,NKED.XC,NIKE INC,1,0,0,0,0,0
LCTU,BlackRock U.S. Carbon Transition Readiness ETF,Nike Inc Class B,Deforestation,NKE,NIKE INC CLASS B,0,1,0,0,0,0
LCTU,BlackRock U.S. Carbon Transition Readiness ETF,ONEOK Inc,Fossil Fuel,OKE,ONEOK INC,0,0,1,0,0,0
LCTU,BlackRock U.S. Carbon Transition Readiness ETF,Oshkosh Corp,Weapons,OSK,OSHKOSH CORP,0,0,0,0,0,1
LCTU,BlackRock U.S. Carbon Transition Readiness ETF,PG&E Corp,Fossil Fuel,PCG,PG&E CORP,0,0,1,0,0,0
LCTU,BlackRock U.S. Carbon Transition Readiness ETF,Palantir Technologies Inc Class A,Prison,PLTR,PALANTIR TECHNOLOGIES INC CLASS A,0,0,0,1,0,0
LCTU,BlackRock U.S. Carbon Transition Readiness ETF,Paramount Global Class B,Tobacco,PARA,PARAMOUNT GLOBAL CLASS B,0,0,0,0,1,0
LCTU,BlackRock U.S. Carbon Transition Readiness ETF,Parsons Corp,Weapons,PSN,PARSONS CORP,0,0,0,0,0,1
LCTU,BlackRock U.S. Carbon Transition Readiness ETF,PepsiCo Inc,Deforestation,PEP,PEPSICO INC,0,1,0,0,0,0
LCTU,BlackRock U.S. Carbon Transition Readiness ETF,Pinnacle Financial Partners Inc,Prison,PNFP,PINNACLE FINANCIAL PARTNERS INC,0,0,0,1,0,0
LCTU,BlackRock U.S. Carbon Transition Readiness ETF,Public Service Enterprise Group Inc,Fossil Fuel,PEG,PUBLIC SERVICE ENTERPRISE GROUP INC,0,0,1,0,0,0
LCTU,BlackRock U.S. Carbon Transition Readiness ETF,Quanta Services Inc,Clean200,PWR,QUANTA SERVICES INC,1,0,0,0,0,0
LCTU,BlackRock U.S. Carbon Transition Readiness ETF,RTX Corp,Prison; Weapons,RTX,RTX CORP,0,0,0,1,0,1
LCTU,BlackRock U.S. Carbon Transition Readiness ETF,Rivian Automotive Inc,Clean200,RIVN,RIVIAN AUTOMOTIVE INC,1,0,0,0,0,0
LCTU,BlackRock U.S. Carbon Transition Readiness ETF,Salesforce Inc,Prison,CRM,SALESFORCE INC,0,0,0,1,0,0
LCTU,BlackRock U.S. Carbon Transition Readiness ETF,Sempra,Fossil Fuel,SRE,SEMPRA,0,0,1,0,0,0
LCTU,BlackRock U.S. Carbon Transition Readiness ETF,Spirit AeroSystems Holdings Inc Class A,Weapons,SPIRI4,SPIRIT AEROSYSTEMS HOLDINGS INC CLASS A,0,0,0,0,0,1
LCTU,BlackRock U.S. Carbon Transition Readiness ETF,Starbucks Corp,Deforestation,SBUX,STARBUCKS CORP,0,1,0,0,0,0
LCTU,BlackRock U.S. Carbon Transition Readiness ETF,Sysco Corp,Deforestation,SYY,SYSCO CORP,0,1,0,0,0,0
LCTU,BlackRock U.S. Carbon Transition Readiness ETF,T-Mobile US Inc,Clean200,TMUS.VI,T-MOBILE US INC,1,0,0,0,0,0
LCTU,BlackRock U.S. Carbon Transition Readiness ETF,TJX Companies Inc,Deforestation,1TJX.MI,TJX COMPANIES INC,0,1,0,0,0,0
LCTU,BlackRock U.S. Carbon Transition Readiness ETF,Tapestry Inc,Deforestation,TPR,TAPESTRY INC,0,1,0,0,0,0
LCTU,BlackRock U.S. Carbon Transition Readiness ETF,Target Corp,Deforestation; Prison,TGT,TARGET CORP,0,1,0,1,0,0
LCTU,BlackRock U.S. Carbon Transition Readiness ETF,TechnipFMC PLC,Fossil Fuel,FTI,TECHNIPFMC PLC,0,0,1,0,0,0
LCTU,BlackRock U.S. Carbon Transition Readiness ETF,Tesla Inc,Clean200,TSLA,TESLA INC,1,0,0,0,0,0
LCTU,BlackRock U.S. Carbon Transition Readiness ETF,Texas Pacific Land Corp,Fossil Fuel,TPL,TEXAS PACIFIC LAND CORP,0,0,1,0,0,0
LCTU,BlackRock U.S. Carbon Transition Readiness ETF,The Carlyle Group Inc,Fossil Fuel; Prison,CG,THE CARLYLE GROUP INC,0,0,1,1,0,0
LCTU,BlackRock U.S. Carbon Transition Readiness ETF,The Estee Lauder Companies Inc A,Deforestation,THEES,THE ESTEE LAUDER COMPANIES INC A,0,1,0,0,0,0
LCTU,BlackRock U.S. Carbon Transition Readiness ETF,The Home Depot Inc,Deforestation,HD,THE HOME DEPOT INC,0,1,0,0,0,0
LCTU,BlackRock U.S. Carbon Transition Readiness ETF,The Walt Disney Co,Tobacco,DIS,THE WALT DISNEY CO,0,0,0,0,1,0
LCTU,BlackRock U.S. Carbon Transition Readiness ETF,The Wendy’s Co Class A,Deforestation; Prison,THEWE,THE WENDY’S CO CLASS A,0,1,0,1,0,0
LCTU,BlackRock U.S. Carbon Transition Readiness ETF,Trane Technologies PLC,Clean200,TT,TRANE TECHNOLOGIES PLC,1,0,0,0,0,0
LCTU,BlackRock U.S. Carbon Transition Readiness ETF,Valero Energy Corp,Fossil Fuel,VLO,VALERO ENERGY CORP,0,0,1,0,0,0
LCTU,BlackRock U.S. Carbon Transition Readiness ETF,Veralto Corp,Clean200,VLTO,VERALTO CORP,1,0,0,0,0,0
LCTU,BlackRock U.S. Carbon Transition Readiness ETF,Walmart Inc,Deforestation; Prison,WMT,WALMART INC,0,1,0,1,0,0
LCTU,BlackRock U.S. Carbon Transition Readiness ETF,Williams Companies Inc,Fossil Fuel,WMB,WILLIAMS COMPANIES INC,0,0,1,0,0,0
LCTU,BlackRock U.S. Carbon Transition Readiness ETF,Williams-Sonoma Inc,Deforestation,WSM,WILLIAMS-SONOMA INC,0,1,0,0,0,0
LCTU,BlackRock U.S. Carbon Transition Readiness ETF,Xylem Inc,Clean200,XYL,XYLEM INC,1,0,0,0,0,0
LCTU,BlackRock U.S. Carbon Transition Readiness ETF,Yum Brands Inc,Deforestation; Prison,YUM,YUM BRANDS INC,0,1,0,1,0,0
PABD,iShares Paris-Aligned Climate Optimized MSCI World ex USA ETF,ABB Ltd,Clean200,ABBN,ABB LTD,1,0,0,0,0,0
PABD,iShares Paris-Aligned Climate Optimized MSCI World ex USA ETF,ANZ Group Holdings Ltd,Deforestation,ANZ,ANZ GROUP HOLDINGS LTD,0,1,0,0,0,0
PABD,iShares Paris-Aligned Climate Optimized MSCI World ex USA ETF,ASICS Corp,Deforestation,7936,ASICS CORP,0,1,0,0,0,0
PABD,iShares Paris-Aligned Climate Optimized MSCI World ex USA ETF,Air Liquide SA,Clean200,AI.VI,AIR LIQUIDE SA,1,0,0,0,0,0
PABD,iShares Paris-Aligned Climate Optimized MSCI World ex USA ETF,Alstom SA,Clean200,ALO,ALSTOM SA,1,0,0,0,0,0
PABD,iShares Paris-Aligned Climate Optimized MSCI World ex USA ETF,Astellas Pharma Inc,Clean200,4503,ASTELLAS PHARMA INC,1,0,0,0,0,0
PABD,iShares Paris-Aligned Climate Optimized MSCI World ex USA ETF,AstraZeneca PLC,Clean200,AZN,ASTRAZENECA PLC,1,0,0,0,0,0
PABD,iShares Paris-Aligned Climate Optimized MSCI World ex USA ETF,BCE Inc,Clean200,BCE,BCE INC,1,0,0,0,0,0
PABD,iShares Paris-Aligned Climate Optimized MSCI World ex USA ETF,BKW AG,Fossil Fuel,BKWZ.XC,BKW AG,0,0,1,0,0,0
PABD,iShares Paris-Aligned Climate Optimized MSCI World ex USA ETF,BNP Paribas Act. Cat.A,Deforestation,BNPPA,BNP PARIBAS ACT. CAT.A,0,1,0,0,0,0
PABD,iShares Paris-Aligned Climate Optimized MSCI World ex USA ETF,Banco Bilbao Vizcaya Argentaria SA,Deforestation,BBVA,BANCO BILBAO VIZCAYA ARGENTARIA SA,0,1,0,0,0,0
PABD,iShares Paris-Aligned Climate Optimized MSCI World ex USA ETF,Barclays PLC,Deforestation,BARC,BARCLAYS PLC,0,1,0,0,0,0
PABD,iShares Paris-Aligned Climate Optimized MSCI World ex USA ETF,Beiersdorf AG,Deforestation,BEI,BEIERSDORF AG,0,1,0,0,0,0
PABD,iShares Paris-Aligned Climate Optimized MSCI World ex USA ETF,Brambles Ltd,Clean200,BXB,BRAMBLES LTD,1,0,0,0,0,0
PABD,iShares Paris-Aligned Climate Optimized MSCI World ex USA ETF,Brookfield Asset Management Ltd Ordinary Shares - Class A,Fossil Fuel,BROOK3,BROOKFIELD ASSET MANAGEMENT LTD ORDINARY SHARES - CLASS A,0,0,1,0,0,0
PABD,iShares Paris-Aligned Climate Optimized MSCI World ex USA ETF,Brookfield Asset Mgmt Ltd Class A,Weapons,BROOK5,BROOKFIELD ASSET MGMT LTD CLASS A,0,0,0,0,0,1
PABD,iShares Paris-Aligned Climate Optimized MSCI World ex USA ETF,CAE Inc,Weapons,CAE,CAE INC,0,0,0,0,0,1
PABD,iShares Paris-Aligned Climate Optimized MSCI World ex USA ETF,Cameco Corp,Weapons,CCO,CAMECO CORP,0,0,0,0,0,1
PABD,iShares Paris-Aligned Climate Optimized MSCI World ex USA ETF,Capgemini SE,Prison,CAPMF,CAPGEMINI SE,0,0,0,1,0,0
PABD,iShares Paris-Aligned Climate Optimized MSCI World ex USA ETF,Central Japan Railway Co,Clean200,CJPRF,CENTRAL JAPAN RAILWAY CO,1,0,0,0,0,0
PABD,iShares Paris-Aligned Climate Optimized MSCI World ex USA ETF,Chocoladefabriken Lindt & Spruengli AG,Deforestation; Prison,LSPP.DU,CHOCOLADEFABRIKEN LINDT & SPRUENGLI AG,0,1,0,1,0,0
PABD,iShares Paris-Aligned Climate Optimized MSCI World ex USA ETF,Chocoladefabriken Lindt & Spruengli AG - Non Voting,Deforestation; Prison,CHOCO3,CHOCOLADEFABRIKEN LINDT & SPRUENGLI AG - NON VOTING,0,1,0,1,0,0
PABD,iShares Paris-Aligned Climate Optimized MSCI World ex USA ETF,Commerzbank AG,Deforestation,CBK,COMMERZBANK AG,0,1,0,0,0,0
PABD,iShares Paris-Aligned Climate Optimized MSCI World ex USA ETF,Commonwealth Bank of Australia,Deforestation,CBA,COMMONWEALTH BANK OF AUSTRALIA,0,1,0,0,0,0
PABD,iShares Paris-Aligned Climate Optimized MSCI World ex USA ETF,Compagnie de Saint-Gobain SA,Deforestation,GOB.SG,COMPAGNIE DE SAINT-GOBAIN SA,0,1,0,0,0,0
PABD,iShares Paris-Aligned Climate Optimized MSCI World ex USA ETF,Compass Group PLC,Deforestation,CPG,COMPASS GROUP PLC,0,1,0,0,0,0
PABD,iShares Paris-Aligned Climate Optimized MSCI World ex USA ETF,Contact Energy Ltd,Fossil Fuel,CEN,CONTACT ENERGY LTD,0,0,1,0,0,0
PABD,iShares Paris-Aligned Climate Optimized MSCI World ex USA ETF,DBS Group Holdings Ltd,Deforestation,D05,DBS GROUP HOLDINGS LTD,0,1,0,0,0,0
PABD,iShares Paris-Aligned Climate Optimized MSCI World ex USA ETF,Dassault Systemes SE,Clean200,DSYP.XD,DASSAULT SYSTEMES SE,1,0,0,0,0,0
PABD,iShares Paris-Aligned Climate Optimized MSCI World ex USA ETF,Deutsche Bank AG,Deforestation,DBK,DEUTSCHE BANK AG,0,1,0,0,0,0
PABD,iShares Paris-Aligned Climate Optimized MSCI World ex USA ETF,Deutsche Post AG,Clean200,DHL,DEUTSCHE POST AG,1,0,0,0,0,0
PABD,iShares Paris-Aligned Climate Optimized MSCI World ex USA ETF,Deutsche Telekom AG,Clean200,DTEGY,DEUTSCHE TELEKOM AG,1,0,0,0,0,0
PABD,iShares Paris-Aligned Climate Optimized MSCI World ex USA ETF,Dr. Ing. h.c. F. Porsche AG Bearer Shares,Clean200,DRING,DR. ING. H.C. F. PORSCHE AG BEARER SHARES,1,0,0,0,0,0
PABD,iShares Paris-Aligned Climate Optimized MSCI World ex USA ETF,EDP Renovaveis SA,Clean200,EDPR,EDP RENOVAVEIS SA,1,0,0,0,0,0
PABD,iShares Paris-Aligned Climate Optimized MSCI World ex USA ETF,EDP-Energias De Portugal SA,Fossil Fuel,ELCPF,EDP-ENERGIAS DE PORTUGAL SA,0,0,1,0,0,0
PABD,iShares Paris-Aligned Climate Optimized MSCI World ex USA ETF,East Japan Railway Co,Clean200,EJPRF,EAST JAPAN RAILWAY CO,1,0,0,0,0,0
PABD,iShares Paris-Aligned Climate Optimized MSCI World ex USA ETF,Eiffage SA Bearer and/or registered shares,Clean200,EIFFA,EIFFAGE SA BEARER AND/OR REGISTERED SHARES,1,0,0,0,0,0
PABD,iShares Paris-Aligned Climate Optimized MSCI World ex USA ETF,Eisai Co Ltd,Clean200,4523.T,EISAI CO LTD,1,0,0,0,0,0
PABD,iShares Paris-Aligned Climate Optimized MSCI World ex USA ETF,Elbit Systems Ltd,Prison; Weapons,ESLT,ELBIT SYSTEMS LTD,0,0,0,1,0,1
PABD,iShares Paris-Aligned Climate Optimized MSCI World ex USA ETF,Enel SpA,Fossil Fuel,ENLD.XD,ENEL SPA,0,0,1,0,0,0
PABD,iShares Paris-Aligned Climate Optimized MSCI World ex USA ETF,Fairfax Financial Holdings Ltd,Prison,0KV5.L,FAIRFAX FINANCIAL HOLDINGS LTD,0,0,0,1,0,0
PABD,iShares Paris-Aligned Climate Optimized MSCI World ex USA ETF,Fast Retailing Co Ltd,Deforestation,9983.T,FAST RETAILING CO LTD,0,1,0,0,0,0
PABD,iShares Paris-Aligned Climate Optimized MSCI World ex USA ETF,Ferrovial SE,Clean200,FER,FERROVIAL SE,1,0,0,0,0,0
PABD,iShares Paris-Aligned Climate Optimized MSCI World ex USA ETF,Fujitsu Ltd,Weapons,6702,FUJITSU LTD,0,0,0,0,0,1
PABD,iShares Paris-Aligned Climate Optimized MSCI World ex USA ETF,GFL Environmental Inc,Clean200,GFL.TO,GFL ENVIRONMENTAL INC,1,0,0,0,0,0
PABD,iShares Paris-Aligned Climate Optimized MSCI World ex USA ETF,GSK PLC,Clean200,GSK,GSK PLC,1,0,0,0,0,0
PABD,iShares Paris-Aligned Climate Optimized MSCI World ex USA ETF,HSBC Holdings PLC,Deforestation; Prison,HSBA,HSBC HOLDINGS PLC,0,1,0,1,0,0
PABD,iShares Paris-Aligned Climate Optimized MSCI World ex USA ETF,Henkel AG & Co KGaA,Clean200; Deforestation,HENOY,HENKEL AG & CO KGAA,1,1,0,0,0,0
PABD,iShares Paris-Aligned Climate Optimized MSCI World ex USA ETF,Henkel AG & Co KGaA Participating Preferred,Clean200; Deforestation,HENKE,HENKEL AG & CO KGAA PARTICIPATING PREFERRED,1,1,0,0,0,0
PABD,iShares Paris-Aligned Climate Optimized MSCI World ex USA ETF,Hennes & Mauritz AB Class B,Clean200; Deforestation,HENNE2,HENNES & MAURITZ AB CLASS B,1,1,0,0,0,0
PABD,iShares Paris-Aligned Climate Optimized MSCI World ex USA ETF,ING Groep NV,Deforestation,INGA,ING GROEP NV,0,1,0,0,0,0
PABD,iShares Paris-Aligned Climate Optimized MSCI World ex USA ETF,Industria De Diseno Textil SA Share From Split,Clean200,INDUS9,INDUSTRIA DE DISENO TEXTIL SA SHARE FROM SPLIT,1,0,0,0,0,0
PABD,iShares Paris-Aligned Climate Optimized MSCI World ex USA ETF,KONE Oyj Class B,Clean200,KONEO4,KONE OYJ CLASS B,1,0,0,0,0,0
PABD,iShares Paris-Aligned Climate Optimized MSCI World ex USA ETF,Kering SA,Clean200; Deforestation,KER,KERING SA,1,1,0,0,0,0
PABD,iShares Paris-Aligned Climate Optimized MSCI World ex USA ETF,Kikkoman Corp,Deforestation,2801,KIKKOMAN CORP,0,1,0,0,0,0
PABD,iShares Paris-Aligned Climate Optimized MSCI World ex USA ETF,Komatsu Ltd,Weapons,6301,KOMATSU LTD,0,0,0,0,0,1
PABD,iShares Paris-Aligned Climate Optimized MSCI World ex USA ETF,Kongsberg Gruppen ASA,Weapons,KOGO.XD,KONGSBERG GRUPPEN ASA,0,0,0,0,0,1
PABD,iShares Paris-Aligned Climate Optimized MSCI World ex USA ETF,L'Oreal SA,Deforestation,ORP.XC,L'OREAL SA,0,1,0,0,0,0
PABD,iShares Paris-Aligned Climate Optimized MSCI World ex USA ETF,Lvmh Moet Hennessy Louis Vuitton SE,Deforestation,MOHF.SG,LVMH MOET HENNESSY LOUIS VUITTON SE,0,1,0,0,0,0
PABD,iShares Paris-Aligned Climate Optimized MSCI World ex USA ETF,Macquarie Group Ltd,Fossil Fuel,4M4.SG,MACQUARIE GROUP LTD,0,0,1,0,0,0
PABD,iShares Paris-Aligned Climate Optimized MSCI World ex USA ETF,Manulife Financial Corp,Clean200,MFC,MANULIFE FINANCIAL CORP,1,0,0,0,0,0
PABD,iShares Paris-Aligned Climate Optimized MSCI World ex USA ETF,Mitsubishi Corp,Deforestation; Fossil Fuel,8058,MITSUBISHI CORP,0,1,1,0,0,0
PABD,iShares Paris-Aligned Climate Optimized MSCI World ex USA ETF,Mitsubishi UFJ Financial Group Inc,Deforestation,8306,MITSUBISHI UFJ FINANCIAL GROUP INC,0,1,0,0,0,0
PABD,iShares Paris-Aligned Climate Optimized MSCI World ex USA ETF,Mizuho Financial Group Inc,Deforestation,8411,MIZUHO FINANCIAL GROUP INC,0,1,0,0,0,0
PABD,iShares Paris-Aligned Climate Optimized MSCI World ex USA ETF,NEC Corp,Prison; Weapons,6701,NEC CORP,0,0,0,1,0,1
PABD,iShares Paris-Aligned Climate Optimized MSCI World ex USA ETF,NICE Ltd,Prison,NICE,NICE LTD,0,0,0,1,0,0
PABD,iShares Paris-Aligned Climate Optimized MSCI World ex USA ETF,NatWest Group PLC,Deforestation,NWG,NATWEST GROUP PLC,0,1,0,0,0,0
PABD,iShares Paris-Aligned Climate Optimized MSCI World ex USA ETF,National Australia Bank Ltd,Deforestation,NAB,NATIONAL AUSTRALIA BANK LTD,0,1,0,0,0,0
PABD,iShares Paris-Aligned Climate Optimized MSCI World ex USA ETF,Nokia Oyj,Clean200,0K8D.L,NOKIA OYJ,1,0,0,0,0,0
PABD,iShares Paris-Aligned Climate Optimized MSCI World ex USA ETF,Olympus Corp,Clean200,7733,OLYMPUS CORP,1,0,0,0,0,0
PABD,iShares Paris-Aligned Climate Optimized MSCI World ex USA ETF,Orkla ASA,Deforestation,ORKLY,ORKLA ASA,0,1,0,0,0,0
PABD,iShares Paris-Aligned Climate Optimized MSCI World ex USA ETF,Orsted AS,Clean200,ORSTED.CO,ORSTED AS,1,0,0,0,0,0
PABD,iShares Paris-Aligned Climate Optimized MSCI World ex USA ETF,Pandora AS,Clean200,PNDORA.CO,PANDORA AS,1,0,0,0,0,0
PABD,iShares Paris-Aligned Climate Optimized MSCI World ex USA ETF,Partners Group Holding AG,Fossil Fuel,PGHN,PARTNERS GROUP HOLDING AG,0,0,1,0,0,0
PABD,iShares Paris-Aligned Climate Optimized MSCI World ex USA ETF,Pearson PLC,Deforestation,PSON,PEARSON PLC,0,1,0,0,0,0
PABD,iShares Paris-Aligned Climate Optimized MSCI World ex USA ETF,RELX PLC,Deforestation; Prison,REL,RELX PLC,0,1,0,1,0,0
PABD,iShares Paris-Aligned Climate Optimized MSCI World ex USA ETF,Restaurant Brands International Inc,Deforestation; Prison,QSR,RESTAURANT BRANDS INTERNATIONAL INC,0,1,0,1,0,0
PABD,iShares Paris-Aligned Climate Optimized MSCI World ex USA ETF,Rheinmetall AG,Weapons,RHM,RHEINMETALL AG,0,0,0,0,0,1
PABD,iShares Paris-Aligned Climate Optimized MSCI World ex USA ETF,Rockwool AS Class B,Clean200,ROCKW3,ROCKWOOL AS CLASS B,1,0,0,0,0,0
PABD,iShares Paris-Aligned Climate Optimized MSCI World ex USA ETF,Rolls-Royce Holdings PLC,Weapons,RR.,ROLLS-ROYCE HOLDINGS PLC,0,0,0,0,0,1
PABD,iShares Paris-Aligned Climate Optimized MSCI World ex USA ETF,SAP SE,Clean200,SAP,SAP SE,1,0,0,0,0,0
PABD,iShares Paris-Aligned Climate Optimized MSCI World ex USA ETF,Sanofi SA,Clean200,SAN,SANOFI SA,1,0,0,0,0,0
PABD,iShares Paris-Aligned Climate Optimized MSCI World ex USA ETF,Schneider Electric SE,Clean200,SU.PA,SCHNEIDER ELECTRIC SE,1,0,0,0,0,0
PABD,iShares Paris-Aligned Climate Optimized MSCI World ex USA ETF,Shimano Inc,Clean200,7309,SHIMANO INC,1,0,0,0,0,0
PABD,iShares Paris-Aligned Climate Optimized MSCI World ex USA ETF,Siemens AG,Fossil Fuel,SIEGY,SIEMENS AG,0,0,1,0,0,0
PABD,iShares Paris-Aligned Climate Optimized MSCI World ex USA ETF,Siemens Healthineers AG Registered Shares,Clean200,SIEME4,SIEMENS HEALTHINEERS AG REGISTERED SHARES,1,0,0,0,0,0
PABD,iShares Paris-Aligned Climate Optimized MSCI World ex USA ETF,Skanska AB Class B,Deforestation,SKANS,SKANSKA AB CLASS B,0,1,0,0,0,0
PABD,iShares Paris-Aligned Climate Optimized MSCI World ex USA ETF,Smiths Group PLC,Prison; Weapons,SMIN,SMITHS GROUP PLC,0,0,0,1,0,1
PABD,iShares Paris-Aligned Climate Optimized MSCI World ex USA ETF,SoftBank Group Corp,Clean200,9984,SOFTBANK GROUP CORP,1,0,0,0,0,0
PABD,iShares Paris-Aligned Climate Optimized MSCI World ex USA ETF,Sony Group Corp,Tobacco,6758,SONY GROUP CORP,0,0,0,0,1,0
PABD,iShares Paris-Aligned Climate Optimized MSCI World ex USA ETF,Stantec Inc,Clean200,STN,STANTEC INC,1,0,0,0,0,0
PABD,iShares Paris-Aligned Climate Optimized MSCI World ex USA ETF,Sumitomo Mitsui Financial Group Inc,Deforestation,SMFG,SUMITOMO MITSUI FINANCIAL GROUP INC,0,1,0,0,0,0
PABD,iShares Paris-Aligned Climate Optimized MSCI World ex USA ETF,Takeda Pharmaceutical Co Ltd,Clean200,0A87.L,TAKEDA PHARMACEUTICAL CO LTD,1,0,0,0,0,0
PABD,iShares Paris-Aligned Climate Optimized MSCI World ex USA ETF,Telefonaktiebolaget L M Ericsson Class B,Clean200,TELEF6,TELEFONAKTIEBOLAGET L M ERICSSON CLASS B,1,0,0,0,0,0
PABD,iShares Paris-Aligned Climate Optimized MSCI World ex USA ETF,Thomson Reuters Corp,Deforestation; Prison,TRI,THOMSON REUTERS CORP,0,1,0,1,0,0
PABD,iShares Paris-Aligned Climate Optimized MSCI World ex USA ETF,UPM-Kymmene Oyj,Deforestation,UPMH.XD,UPM-KYMMENE OYJ,0,1,0,0,0,0
PABD,iShares Paris-Aligned Climate Optimized MSCI World ex USA ETF,Unicharm Corp,Deforestation,8113,UNICHARM CORP,0,1,0,0,0,0
PABD,iShares Paris-Aligned Climate Optimized MSCI World ex USA ETF,Verbund AG Class A,Clean200,VERBU,VERBUND AG CLASS A,1,0,0,0,0,0
PABD,iShares Paris-Aligned Climate Optimized MSCI World ex USA ETF,Vestas Wind Systems AS,Clean200,VWS.CO,VESTAS WIND SYSTEMS AS,1,0,0,0,0,0
PABD,iShares Paris-Aligned Climate Optimized MSCI World ex USA ETF,Vinci SA,Clean200,DG,VINCI SA,1,0,0,0,0,0
PABD,iShares Paris-Aligned Climate Optimized MSCI World ex USA ETF,WSP Global Inc,Clean200,WSP,WSP GLOBAL INC,1,0,0,0,0,0
PABD,iShares Paris-Aligned Climate Optimized MSCI World ex USA ETF,Westpac Banking Corp,Deforestation,WBC.F,WESTPAC BANKING CORP,0,1,0,0,0,0
PABD,iShares Paris-Aligned Climate Optimized MSCI World ex USA ETF,adidas AG,Clean200; Deforestation,ADID.BD,ADIDAS AG,1,1,0,0,0,0
PABU,iShares Paris-Aligned Climate Optimized MSCI USA ETF,AMETEK Inc,Weapons,AME,AMETEK INC,0,0,0,0,0,1
PABU,iShares Paris-Aligned Climate Optimized MSCI USA ETF,AbbVie Inc,Clean200,ABBV,ABBVIE INC,1,0,0,0,0,0
PABU,iShares Paris-Aligned Climate Optimized MSCI USA ETF,Accenture PLC Class A,Prison,ACN,ACCENTURE PLC CLASS A,0,0,0,1,0,0
PABU,iShares Paris-Aligned Climate Optimized MSCI USA ETF,Advanced Micro Devices Inc,Clean200,AMD,ADVANCED MICRO DEVICES INC,1,0,0,0,0,0
PABU,iShares Paris-Aligned Climate Optimized MSCI USA ETF,Alphabet Inc Class A,Clean200; Prison,GOOGL,ALPHABET INC CLASS A,1,0,0,1,0,0
PABU,iShares Paris-Aligned Climate Optimized MSCI USA ETF,Alphabet Inc Class C,Clean200; Prison,GOOG,ALPHABET INC CLASS C,1,0,0,1,0,0
PABU,iShares Paris-Aligned Climate Optimized MSCI USA ETF,Amazon.com Inc,Deforestation; Prison,AMZD.XC,AMAZON.COM INC,0,1,0,1,0,0
PABU,iShares Paris-Aligned Climate Optimized MSCI USA ETF,Amgen Inc,Clean200,AMGN,AMGEN INC,1,0,0,0,0,0
PABU,iShares Paris-Aligned Climate Optimized MSCI USA ETF,Analog Devices Inc,Clean200,ADI,ANALOG DEVICES INC,1,0,0,0,0,0
PABU,iShares Paris-Aligned Climate Optimized MSCI USA ETF,Apple Inc,Clean200,AAPL,APPLE INC,1,0,0,0,0,0
PABU,iShares Paris-Aligned Climate Optimized MSCI USA ETF,Autodesk Inc,Clean200,ADSK,AUTODESK INC,1,0,0,0,0,0
PABU,iShares Paris-Aligned Climate Optimized MSCI USA ETF,Axon Enterprise Inc,Prison,AXON,AXON ENTERPRISE INC,0,0,0,1,0,0
PABU,iShares Paris-Aligned Climate Optimized MSCI USA ETF,Booz Allen Hamilton Holding Corp A,Prison; Weapons,BOOZA2,BOOZ ALLEN HAMILTON HOLDING CORP A,0,0,0,1,0,1
PABU,iShares Paris-Aligned Climate Optimized MSCI USA ETF,Broadcom Inc,Clean200,AVGO,BROADCOM INC,1,0,0,0,0,0
PABU,iShares Paris-Aligned Climate Optimized MSCI USA ETF,Charter Communications Inc Class A,Clean200,CHTR,CHARTER COMMUNICATIONS INC CLASS A,1,0,0,0,0,0
PABU,iShares Paris-Aligned Climate Optimized MSCI USA ETF,Chipotle Mexican Grill Inc,Deforestation,CMG,CHIPOTLE MEXICAN GRILL INC,0,1,0,0,0,0
PABU,iShares Paris-Aligned Climate Optimized MSCI USA ETF,Edison International,Fossil Fuel,EIX,EDISON INTERNATIONAL,0,0,1,0,0,0
PABU,iShares Paris-Aligned Climate Optimized MSCI USA ETF,Equifax Inc,Prison,EFX,EQUIFAX INC,0,0,0,1,0,0
PABU,iShares Paris-Aligned Climate Optimized MSCI USA ETF,Equinix Inc,Clean200,EQIX,EQUINIX INC,1,0,0,0,0,0
PABU,iShares Paris-Aligned Climate Optimized MSCI USA ETF,First Solar Inc,Clean200,FSLR,FIRST SOLAR INC,1,0,0,0,0,0
PABU,iShares Paris-Aligned Climate Optimized MSCI USA ETF,Fortive Corp,Weapons,FTV,FORTIVE CORP,0,0,0,0,0,1
PABU,iShares Paris-Aligned Climate Optimized MSCI USA ETF,JPMorgan Chase & Co,Deforestation,JPM,JPMORGAN CHASE & CO,0,1,0,0,0,0
PABU,iShares Paris-Aligned Climate Optimized MSCI USA ETF,Johnson & Johnson,Deforestation,JNJ,JOHNSON & JOHNSON,0,1,0,0,0,0
PABU,iShares Paris-Aligned Climate Optimized MSCI USA ETF,KKR & Co Inc Ordinary Shares,Fossil Fuel,KKRCO,KKR & CO INC ORDINARY SHARES,0,0,1,0,0,0
PABU,iShares Paris-Aligned Climate Optimized MSCI USA ETF,McDonald’s Corp,Deforestation; Prison,MDOD.XC,MCDONALD’S CORP,0,1,0,1,0,0
PABU,iShares Paris-Aligned Climate Optimized MSCI USA ETF,Merck & Co Inc,Clean200,MRK,MERCK & CO INC,1,0,0,0,0,0
PABU,iShares Paris-Aligned Climate Optimized MSCI USA ETF,Microsoft Corp,Clean200; Prison,MSFT,MICROSOFT CORP,1,0,0,1,0,0
PABU,iShares Paris-Aligned Climate Optimized MSCI USA ETF,Motorola Solutions Inc,Prison,MSI,MOTOROLA SOLUTIONS INC,0,0,0,1,0,0
PABU,iShares Paris-Aligned Climate Optimized MSCI USA ETF,Rivian Automotive Inc Class A,Clean200,RIVN,RIVIAN AUTOMOTIVE INC CLASS A,1,0,0,0,0,0
PABU,iShares Paris-Aligned Climate Optimized MSCI USA ETF,Salesforce Inc,Prison,CRM,SALESFORCE INC,0,0,0,1,0,0
PABU,iShares Paris-Aligned Climate Optimized MSCI USA ETF,Starbucks Corp,Deforestation,SBUX,STARBUCKS CORP,0,1,0,0,0,0
PABU,iShares Paris-Aligned Climate Optimized MSCI USA ETF,Tesla Inc,Clean200,TSLA,TESLA INC,1,0,0,0,0,0
PABU,iShares Paris-Aligned Climate Optimized MSCI USA ETF,Thermo Fisher Scientific Inc,Prison,TMO,THERMO FISHER SCIENTIFIC INC,0,0,0,1,0,0
PABU,iShares Paris-Aligned Climate Optimized MSCI USA ETF,Veralto Corp,Clean200,VLTO,VERALTO CORP,1,0,0,0,0,0
PABU,iShares Paris-Aligned Climate Optimized MSCI USA ETF,Xylem Inc,Clean200,XYL,XYLEM INC,1,0,0,0,0,0
SDG,iShares MSCI Global Sust Dev Goals ETF,ACWA Power Co,Fossil Fuel,2082,ACWA POWER CO,0,0,1,0,0,0
SDG,iShares MSCI Global Sust Dev Goals ETF,Beijing Enterprises Water Group Ltd,Clean200,HUN2.MU,BEIJING ENTERPRISES WATER GROUP LTD,1,0,0,0,0,0
SDG,iShares MSCI Global Sust Dev Goals ETF,Central Japan Railway Co,Clean200,CJPRF,CENTRAL JAPAN RAILWAY CO,1,0,0,0,0,0
SDG,iShares MSCI Global Sust Dev Goals ETF,China Longyuan Power Group Corp Ltd Class H,Fossil Fuel,CHINA63,CHINA LONGYUAN POWER GROUP CORP LTD CLASS H,0,0,1,0,0,0
SDG,iShares MSCI Global Sust Dev Goals ETF,China Mengniu Dairy Co Ltd,Deforestation,EZQ.SG,CHINA MENGNIU DAIRY CO LTD,0,1,0,0,0,0
SDG,iShares MSCI Global Sust Dev Goals ETF,China Railway Signal & Communication Corp Ltd Class A,Clean200,CHINA62,CHINA RAILWAY SIGNAL & COMMUNICATION CORP LTD CLASS A,1,0,0,0,0,0
SDG,iShares MSCI Global Sust Dev Goals ETF,China Three Gorges Renewables (Group) Co Ltd Class A,Clean200,CHINA55,CHINA THREE GORGES RENEWABLES (GROUP) CO LTD CLASS A,1,0,0,0,0,0
SDG,iShares MSCI Global Sust Dev Goals ETF,EDP Renovaveis SA,Clean200,EDPR,EDP RENOVAVEIS SA,1,0,0,0,0,0
SDG,iShares MSCI Global Sust Dev Goals ETF,East Japan Railway Co,Clean200,EJPRF,EAST JAPAN RAILWAY CO,1,0,0,0,0,0
SDG,iShares MSCI Global Sust Dev Goals ETF,Eisai Co Ltd,Clean200,4523.T,EISAI CO LTD,1,0,0,0,0,0
SDG,iShares MSCI Global Sust Dev Goals ETF,Elia Group SA/NV,Clean200,ELIB.XC,ELIA GROUP SA/NV,1,0,0,0,0,0
SDG,iShares MSCI Global Sust Dev Goals ETF,Empresas CMPC SA,Deforestation,CMPC,EMPRESAS CMPC SA,0,1,0,0,0,0
SDG,iShares MSCI Global Sust Dev Goals ETF,Equinix Inc,Clean200,EQIX,EQUINIX INC,1,0,0,0,0,0
SDG,iShares MSCI Global Sust Dev Goals ETF,Essity AB Class B,Clean200; Deforestation,ESSIT2,ESSITY AB CLASS B,1,1,0,0,0,0
SDG,iShares MSCI Global Sust Dev Goals ETF,First Solar Inc,Clean200,FSLR,FIRST SOLAR INC,1,0,0,0,0,0
SDG,iShares MSCI Global Sust Dev Goals ETF,Flat Glass Group Co Ltd Class A,Clean200,FLATG,FLAT GLASS GROUP CO LTD CLASS A,1,0,0,0,0,0
SDG,iShares MSCI Global Sust Dev Goals ETF,Hengan International Group Co Ltd,Deforestation,HGNC.SG,HENGAN INTERNATIONAL GROUP CO LTD,0,1,0,0,0,0
SDG,iShares MSCI Global Sust Dev Goals ETF,Hindustan Unilever Ltd,Deforestation,HINDUNILVR,HINDUSTAN UNILEVER LTD,0,1,0,0,0,0
SDG,iShares MSCI Global Sust Dev Goals ETF,Hormel Foods Corp,Deforestation,HRL,HORMEL FOODS CORP,0,1,0,0,0,0
SDG,iShares MSCI Global Sust Dev Goals ETF,Kimberly-Clark Corp,Clean200; Deforestation,KMB,KIMBERLY-CLARK CORP,1,1,0,0,0,0
SDG,iShares MSCI Global Sust Dev Goals ETF,LG Energy Solution Ltd,Clean200,373220,LG ENERGY SOLUTION LTD,1,0,0,0,0,0
SDG,iShares MSCI Global Sust Dev Goals ETF,Li Auto Inc Ordinary Shares - Class A,Clean200,LIAUT3,LI AUTO INC ORDINARY SHARES - CLASS A,1,0,0,0,0,0
SDG,iShares MSCI Global Sust Dev Goals ETF,Nestle India Ltd,Deforestation,NESTLEIND,NESTLE INDIA LTD,0,1,0,0,0,0
SDG,iShares MSCI Global Sust Dev Goals ETF,Nissin Foods Holdings Co Ltd,Deforestation,NF2.SG,NISSIN FOODS HOLDINGS CO LTD,0,1,0,0,0,0
SDG,iShares MSCI Global Sust Dev Goals ETF,Orsted AS,Clean200,ORSTED.CO,ORSTED AS,1,0,0,0,0,0
SDG,iShares MSCI Global Sust Dev Goals ETF,PPB Group Bhd,Deforestation,PPBGR,PPB GROUP BHD,0,1,0,0,0,0
SDG,iShares MSCI Global Sust Dev Goals ETF,Pearson PLC,Deforestation,PSON,PEARSON PLC,0,1,0,0,0,0
SDG,iShares MSCI Global Sust Dev Goals ETF,QL Resources Bhd,Deforestation,QLRES,QL RESOURCES BHD,0,1,0,0,0,0
SDG,iShares MSCI Global Sust Dev Goals ETF,Rockwool AS Class B,Clean200,ROCKW3,ROCKWOOL AS CLASS B,1,0,0,0,0,0
SDG,iShares MSCI Global Sust Dev Goals ETF,Taiwan High Speed Rail Corp,Clean200,2633,TAIWAN HIGH SPEED RAIL CORP,1,0,0,0,0,0
SDG,iShares MSCI Global Sust Dev Goals ETF,Uni-President Enterprises Corp,Deforestation,1216,UNI-PRESIDENT ENTERPRISES CORP,0,1,0,0,0,0
SDG,iShares MSCI Global Sust Dev Goals ETF,Unicharm Corp,Deforestation,8113,UNICHARM CORP,0,1,0,0,0,0
SDG,iShares MSCI Global Sust Dev Goals ETF,Verbund AG Class A,Clean200,VERBU,VERBUND AG CLASS A,1,0,0,0,0,0
SDG,iShares MSCI Global Sust Dev Goals ETF,Vestas Wind Systems AS,Clean200,VWS.CO,VESTAS WIND SYSTEMS AS,1,0,0,0,0,0
SDG,iShares MSCI Global Sust Dev Goals ETF,WH Group Ltd Shs Unitary 144A/Reg S,Deforestation,WHGRO3,WH GROUP LTD SHS UNITARY 144A/REG S,0,1,0,0,0,0
SDG,iShares MSCI Global Sust Dev Goals ETF,XPeng Inc Class A,Clean200,XPENG3,XPENG INC CLASS A,1,0,0,0,0,0
SDG,iShares MSCI Global Sust Dev Goals ETF,Xinyi Solar Holdings Ltd,Clean200,968,XINYI SOLAR HOLDINGS LTD,1,0,0,0,0,0
SDG,iShares MSCI Global Sust Dev Goals ETF,Xylem Inc,Clean200,XYL,XYLEM INC,1,0,0,0,0,0
SDG,iShares MSCI Global Sust Dev Goals ETF,Yadea Group Holdings Ltd Shs Unitary 144A/RegS,Clean200,YADEA5,YADEA GROUP HOLDINGS LTD SHS UNITARY 144A/REGS,1,0,0,0,0,0
SUSA,iShares ESG Optimized MSCI USA ETF,3M Co,Deforestation; Prison,MMMD.XC,3M CO,0,1,0,1,0,0
SUSA,iShares ESG Optimized MSCI USA ETF,Accenture PLC Class A,Prison,ACN,ACCENTURE PLC CLASS A,0,0,0,1,0,0
SUSA,iShares ESG Optimized MSCI USA ETF,Advanced Micro Devices Inc,Clean200,AMD,ADVANCED MICRO DEVICES INC,1,0,0,0,0,0
SUSA,iShares ESG Optimized MSCI USA ETF,Alphabet Inc Class A,Clean200; Prison,GOOGL,ALPHABET INC CLASS A,1,0,0,1,0,0
SUSA,iShares ESG Optimized MSCI USA ETF,Alphabet Inc Class C,Clean200; Prison,GOOG,ALPHABET INC CLASS C,1,0,0,1,0,0
SUSA,iShares ESG Optimized MSCI USA ETF,Amgen Inc,Clean200,AMGN,AMGEN INC,1,0,0,0,0,0
SUSA,iShares ESG Optimized MSCI USA ETF,Analog Devices Inc,Clean200,ADI,ANALOG DEVICES INC,1,0,0,0,0,0
SUSA,iShares ESG Optimized MSCI USA ETF,Apple Inc,Clean200,AAPL,APPLE INC,1,0,0,0,0,0
SUSA,iShares ESG Optimized MSCI USA ETF,Autodesk Inc,Clean200,ADSK,AUTODESK INC,1,0,0,0,0,0
SUSA,iShares ESG Optimized MSCI USA ETF,Axon Enterprise Inc,Prison,AXON,AXON ENTERPRISE INC,0,0,0,1,0,0
SUSA,iShares ESG Optimized MSCI USA ETF,Baker Hughes Co Class A,Fossil Fuel,BAKER3,BAKER HUGHES CO CLASS A,0,0,1,0,0,0
SUSA,iShares ESG Optimized MSCI USA ETF,Ball Corp,Clean200,BALL,BALL CORP,1,0,0,0,0,0
SUSA,iShares ESG Optimized MSCI USA ETF,Broadcom Inc,Clean200,AVGO,BROADCOM INC,1,0,0,0,0,0
SUSA,iShares ESG Optimized MSCI USA ETF,Bunge Global SA,Deforestation,BG,BUNGE GLOBAL SA,0,1,0,0,0,0
SUSA,iShares ESG Optimized MSCI USA ETF,CRH PLC,Weapons,CRH,CRH PLC,0,0,0,0,0,1
SUSA,iShares ESG Optimized MSCI USA ETF,Caterpillar Inc,Weapons,CAT,CATERPILLAR INC,0,0,0,0,0,1
SUSA,iShares ESG Optimized MSCI USA ETF,Cheniere Energy Inc,Fossil Fuel,LNG,CHENIERE ENERGY INC,0,0,1,0,0,0
SUSA,iShares ESG Optimized MSCI USA ETF,Cisco Systems Inc,Clean200,CSCO,CISCO SYSTEMS INC,1,0,0,0,0,0
SUSA,iShares ESG Optimized MSCI USA ETF,Clorox Co,Deforestation,CLX.MX,CLOROX CO,0,1,0,0,0,0
SUSA,iShares ESG Optimized MSCI USA ETF,Costco Wholesale Corp,Deforestation; Prison,COST,COSTCO WHOLESALE CORP,0,1,0,1,0,0
SUSA,iShares ESG Optimized MSCI USA ETF,DaVita Inc,Clean200,DVA,DAVITA INC,1,0,0,0,0,0
SUSA,iShares ESG Optimized MSCI USA ETF,Deckers Outdoor Corp,Deforestation,DECK,DECKERS OUTDOOR CORP,0,1,0,0,0,0
SUSA,iShares ESG Optimized MSCI USA ETF,Ecolab Inc,Clean200,ECL,ECOLAB INC,1,0,0,0,0,0
SUSA,iShares ESG Optimized MSCI USA ETF,Elevance Health Inc,Prison,ELV,ELEVANCE HEALTH INC,0,0,0,1,0,0
SUSA,iShares ESG Optimized MSCI USA ETF,Equinix Inc,Clean200,EQIX,EQUINIX INC,1,0,0,0,0,0
SUSA,iShares ESG Optimized MSCI USA ETF,Eversource Energy,Fossil Fuel,ES,EVERSOURCE ENERGY,0,0,1,0,0,0
SUSA,iShares ESG Optimized MSCI USA ETF,GE Aerospace,Weapons,GE,GE AEROSPACE,0,0,0,0,0,1
SUSA,iShares ESG Optimized MSCI USA ETF,GE Vernova Inc,Fossil Fuel,GEV,GE VERNOVA INC,0,0,1,0,0,0
SUSA,iShares ESG Optimized MSCI USA ETF,General Mills Inc,Deforestation,GIS,GENERAL MILLS INC,0,1,0,0,0,0
SUSA,iShares ESG Optimized MSCI USA ETF,HP Inc,Clean200,HPQ,HP INC,1,0,0,0,0,0
SUSA,iShares ESG Optimized MSCI USA ETF,Hewlett Packard Enterprise Co,Clean200,HPE,HEWLETT PACKARD ENTERPRISE CO,1,0,0,0,0,0
SUSA,iShares ESG Optimized MSCI USA ETF,Howmet Aerospace Inc,Weapons,HWM,HOWMET AEROSPACE INC,0,0,0,0,0,1
SUSA,iShares ESG Optimized MSCI USA ETF,Intel Corp,Clean200,INTC,INTEL CORP,1,0,0,0,0,0
SUSA,iShares ESG Optimized MSCI USA ETF,International Paper Co,Deforestation,IP,INTERNATIONAL PAPER CO,0,1,0,0,0,0
SUSA,iShares ESG Optimized MSCI USA ETF,Johnson Controls Intl PLC Registered Shrs,Clean200,JOHNS3,JOHNSON CONTROLS INTL PLC REGISTERED SHRS,1,0,0,0,0,0
SUSA,iShares ESG Optimized MSCI USA ETF,Kellanova,Deforestation,K,KELLANOVA,0,1,0,0,0,0
SUSA,iShares ESG Optimized MSCI USA ETF,Keysight Technologies Inc,Weapons,KEYS,KEYSIGHT TECHNOLOGIES INC,0,0,0,0,0,1
SUSA,iShares ESG Optimized MSCI USA ETF,Kimberly-Clark Corp,Clean200; Deforestation,KMB,KIMBERLY-CLARK CORP,1,1,0,0,0,0
SUSA,iShares ESG Optimized MSCI USA ETF,Lowe’s Companies Inc,Deforestation,LOW,LOWE’S COMPANIES INC,0,1,0,0,0,0
SUSA,iShares ESG Optimized MSCI USA ETF,Merck & Co Inc,Clean200,MRK,MERCK & CO INC,1,0,0,0,0,0
SUSA,iShares ESG Optimized MSCI USA ETF,Microsoft Corp,Clean200; Prison,MSFT,MICROSOFT CORP,1,0,0,1,0,0
SUSA,iShares ESG Optimized MSCI USA ETF,Morgan Stanley,Deforestation,MS,MORGAN STANLEY,0,1,0,0,0,0
SUSA,iShares ESG Optimized MSCI USA ETF,Newmont Corp,Clean200,NEM,NEWMONT CORP,1,0,0,0,0,0
SUSA,iShares ESG Optimized MSCI USA ETF,NiSource Inc,Fossil Fuel,NI,NISOURCE INC,0,0,1,0,0,0
SUSA,iShares ESG Optimized MSCI USA ETF,ONEOK Inc,Fossil Fuel,OKE,ONEOK INC,0,0,1,0,0,0
SUSA,iShares ESG Optimized MSCI USA ETF,PepsiCo Inc,Deforestation,PEP,PEPSICO INC,0,1,0,0,0,0
SUSA,iShares ESG Optimized MSCI USA ETF,Procter & Gamble Co,Deforestation,PG.VI,PROCTER & GAMBLE CO,0,1,0,0,0,0
SUSA,iShares ESG Optimized MSCI USA ETF,Quanta Services Inc,Clean200,PWR,QUANTA SERVICES INC,1,0,0,0,0,0
SUSA,iShares ESG Optimized MSCI USA ETF,Rivian Automotive Inc Class A,Clean200,RIVN,RIVIAN AUTOMOTIVE INC CLASS A,1,0,0,0,0,0
SUSA,iShares ESG Optimized MSCI USA ETF,Salesforce Inc,Prison,CRM,SALESFORCE INC,0,0,0,1,0,0
SUSA,iShares ESG Optimized MSCI USA ETF,Targa Resources Corp,Fossil Fuel,TRGP,TARGA RESOURCES CORP,0,0,1,0,0,0
SUSA,iShares ESG Optimized MSCI USA ETF,Target Corp,Deforestation; Prison,TGT,TARGET CORP,0,1,0,1,0,0
SUSA,iShares ESG Optimized MSCI USA ETF,Tesla Inc,Clean200,TSLA,TESLA INC,1,0,0,0,0,0
SUSA,iShares ESG Optimized MSCI USA ETF,The Home Depot Inc,Deforestation,HD,THE HOME DEPOT INC,0,1,0,0,0,0
SUSA,iShares ESG Optimized MSCI USA ETF,The Kraft Heinz Co,Deforestation,KHC,THE KRAFT HEINZ CO,0,1,0,0,0,0
SUSA,iShares ESG Optimized MSCI USA ETF,The Walt Disney Co,Tobacco,DIS,THE WALT DISNEY CO,0,0,0,0,1,0
SUSA,iShares ESG Optimized MSCI USA ETF,Trane Technologies PLC Class A,Clean200,TRANE,TRANE TECHNOLOGIES PLC CLASS A,1,0,0,0,0,0
SUSA,iShares ESG Optimized MSCI USA ETF,Valero Energy Corp,Fossil Fuel,VLO,VALERO ENERGY CORP,0,0,1,0,0,0
SUSA,iShares ESG Optimized MSCI USA ETF,Veralto Corp,Clean200,VLTO,VERALTO CORP,1,0,0,0,0,0
SUSA,iShares ESG Optimized MSCI USA ETF,Williams Companies Inc,Fossil Fuel,WMB,WILLIAMS COMPANIES INC,0,0,1,0,0,0
SUSA,iShares ESG Optimized MSCI USA ETF,Williams-Sonoma Inc,Deforestation,WSM,WILLIAMS-SONOMA INC,0,1,0,0,0,0
SUSA,iShares ESG Optimized MSCI USA ETF,Xylem Inc,Clean200,XYL,XYLEM INC,1,0,0,0,0,0
SUSL,iShares ESG MSCI USA Leaders ETF,3M Co,Deforestation; Prison,MMMD.XC,3M CO,0,1,0,1,0,0
SUSL,iShares ESG MSCI USA Leaders ETF,Accenture PLC Class A,Prison,ACN,ACCENTURE PLC CLASS A,0,0,0,1,0,0
SUSL,iShares ESG MSCI USA Leaders ETF,Advanced Micro Devices Inc,Clean200,AMD,ADVANCED MICRO DEVICES INC,1,0,0,0,0,0
SUSL,iShares ESG MSCI USA Leaders ETF,Alphabet Inc Class A,Clean200; Prison,GOOGL,ALPHABET INC CLASS A,1,0,0,1,0,0
SUSL,iShares ESG MSCI USA Leaders ETF,Alphabet Inc Class C,Clean200; Prison,GOOG,ALPHABET INC CLASS C,1,0,0,1,0,0
SUSL,iShares ESG MSCI USA Leaders ETF,Amgen Inc,Clean200,AMGN,AMGEN INC,1,0,0,0,0,0
SUSL,iShares ESG MSCI USA Leaders ETF,Analog Devices Inc,Clean200,ADI,ANALOG DEVICES INC,1,0,0,0,0,0
SUSL,iShares ESG MSCI USA Leaders ETF,Atmos Energy Corp,Fossil Fuel,ATO,ATMOS ENERGY CORP,0,0,1,0,0,0
SUSL,iShares ESG MSCI USA Leaders ETF,Autodesk Inc,Clean200,ADSK,AUTODESK INC,1,0,0,0,0,0
SUSL,iShares ESG MSCI USA Leaders ETF,Axon Enterprise Inc,Prison,AXON,AXON ENTERPRISE INC,0,0,0,1,0,0
SUSL,iShares ESG MSCI USA Leaders ETF,Baker Hughes Co Class A,Fossil Fuel,BAKER3,BAKER HUGHES CO CLASS A,0,0,1,0,0,0
SUSL,iShares ESG MSCI USA Leaders ETF,Ball Corp,Clean200,BALL,BALL CORP,1,0,0,0,0,0
SUSL,iShares ESG MSCI USA Leaders ETF,Bunge Global SA,Deforestation,BG,BUNGE GLOBAL SA,0,1,0,0,0,0
SUSL,iShares ESG MSCI USA Leaders ETF,CMS Energy Corp,Fossil Fuel,CMS,CMS ENERGY CORP,0,0,1,0,0,0
SUSL,iShares ESG MSCI USA Leaders ETF,CRH PLC,Weapons,CRH,CRH PLC,0,0,0,0,0,1
SUSL,iShares ESG MSCI USA Leaders ETF,CSX Corp,Fossil Fuel,CSX,CSX CORP,0,0,1,0,0,0
SUSL,iShares ESG MSCI USA Leaders ETF,Caterpillar Inc,Weapons,CAT,CATERPILLAR INC,0,0,0,0,0,1
SUSL,iShares ESG MSCI USA Leaders ETF,Charter Communications Inc Class A,Clean200,CHTR,CHARTER COMMUNICATIONS INC CLASS A,1,0,0,0,0,0
SUSL,iShares ESG MSCI USA Leaders ETF,Cheniere Energy Inc,Fossil Fuel,LNG,CHENIERE ENERGY INC,0,0,1,0,0,0
SUSL,iShares ESG MSCI USA Leaders ETF,Citizens Financial Group Inc,Prison,CFG,CITIZENS FINANCIAL GROUP INC,0,0,0,1,0,0
SUSL,iShares ESG MSCI USA Leaders ETF,Clorox Co,Deforestation,CLX.MX,CLOROX CO,0,1,0,0,0,0
SUSL,iShares ESG MSCI USA Leaders ETF,Colgate-Palmolive Co,Deforestation,CL,COLGATE-PALMOLIVE CO,0,1,0,0,0,0
SUSL,iShares ESG MSCI USA Leaders ETF,Comcast Corp Class A,Tobacco,CMCSA,COMCAST CORP CLASS A,0,0,0,0,1,0
SUSL,iShares ESG MSCI USA Leaders ETF,Conagra Brands Inc,Deforestation,CAG,CONAGRA BRANDS INC,0,1,0,0,0,0
SUSL,iShares ESG MSCI USA Leaders ETF,Consolidated Edison Inc,Fossil Fuel,ED,CONSOLIDATED EDISON INC,0,0,1,0,0,0
SUSL,iShares ESG MSCI USA Leaders ETF,DaVita Inc,Clean200,DVA,DAVITA INC,1,0,0,0,0,0
SUSL,iShares ESG MSCI USA Leaders ETF,Deckers Outdoor Corp,Deforestation,DECK,DECKERS OUTDOOR CORP,0,1,0,0,0,0
SUSL,iShares ESG MSCI USA Leaders ETF,Dollar General Corp,Deforestation,DG,DOLLAR GENERAL CORP,0,1,0,0,0,0
SUSL,iShares ESG MSCI USA Leaders ETF,Eaton Corp PLC,Weapons,ETN,EATON CORP PLC,0,0,0,0,0,1
SUSL,iShares ESG MSCI USA Leaders ETF,Ecolab Inc,Clean200,ECL,ECOLAB INC,1,0,0,0,0,0
SUSL,iShares ESG MSCI USA Leaders ETF,Edison International,Fossil Fuel,EIX,EDISON INTERNATIONAL,0,0,1,0,0,0
SUSL,iShares ESG MSCI USA Leaders ETF,Elevance Health Inc,Prison,ELV,ELEVANCE HEALTH INC,0,0,0,1,0,0
SUSL,iShares ESG MSCI USA Leaders ETF,Equinix Inc,Clean200,EQIX,EQUINIX INC,1,0,0,0,0,0
SUSL,iShares ESG MSCI USA Leaders ETF,Eversource Energy,Fossil Fuel,ES,EVERSOURCE ENERGY,0,0,1,0,0,0
SUSL,iShares ESG MSCI USA Leaders ETF,Exelon Corp,Fossil Fuel,EXC,EXELON CORP,0,0,1,0,0,0
SUSL,iShares ESG MSCI USA Leaders ETF,First Solar Inc,Clean200,FSLR,FIRST SOLAR INC,1,0,0,0,0,0
SUSL,iShares ESG MSCI USA Leaders ETF,Fortive Corp,Weapons,FTV,FORTIVE CORP,0,0,0,0,0,1
SUSL,iShares ESG MSCI USA Leaders ETF,General Mills Inc,Deforestation,GIS,GENERAL MILLS INC,0,1,0,0,0,0
SUSL,iShares ESG MSCI USA Leaders ETF,HP Inc,Clean200,HPQ,HP INC,1,0,0,0,0,0
SUSL,iShares ESG MSCI USA Leaders ETF,Halliburton Co,Fossil Fuel,HALCL.SN,HALLIBURTON CO,0,0,1,0,0,0
SUSL,iShares ESG MSCI USA Leaders ETF,Hewlett Packard Enterprise Co,Clean200,HPE,HEWLETT PACKARD ENTERPRISE CO,1,0,0,0,0,0
SUSL,iShares ESG MSCI USA Leaders ETF,Hormel Foods Corp,Deforestation,HRL,HORMEL FOODS CORP,0,1,0,0,0,0
SUSL,iShares ESG MSCI USA Leaders ETF,Intel Corp,Clean200,INTC,INTEL CORP,1,0,0,0,0,0
SUSL,iShares ESG MSCI USA Leaders ETF,International Paper Co,Deforestation,IP,INTERNATIONAL PAPER CO,0,1,0,0,0,0
SUSL,iShares ESG MSCI USA Leaders ETF,JM Smucker Co,Deforestation,JM2.SG,JM SMUCKER CO,0,1,0,0,0,0
SUSL,iShares ESG MSCI USA Leaders ETF,Johnson & Johnson,Deforestation,JNJ,JOHNSON & JOHNSON,0,1,0,0,0,0
SUSL,iShares ESG MSCI USA Leaders ETF,Johnson Controls International PLC Registered Shares,Clean200,JOHNS4,JOHNSON CONTROLS INTERNATIONAL PLC REGISTERED SHARES,1,0,0,0,0,0
SUSL,iShares ESG MSCI USA Leaders ETF,Kellanova,Deforestation,K,KELLANOVA,0,1,0,0,0,0
SUSL,iShares ESG MSCI USA Leaders ETF,Keysight Technologies Inc,Weapons,KEYS,KEYSIGHT TECHNOLOGIES INC,0,0,0,0,0,1
SUSL,iShares ESG MSCI USA Leaders ETF,Kimberly-Clark Corp,Clean200; Deforestation,KMB,KIMBERLY-CLARK CORP,1,1,0,0,0,0
SUSL,iShares ESG MSCI USA Leaders ETF,Lowe’s Companies Inc,Deforestation,LOW,LOWE’S COMPANIES INC,0,1,0,0,0,0
SUSL,iShares ESG MSCI USA Leaders ETF,Marathon Petroleum Corp,Fossil Fuel,MPC,MARATHON PETROLEUM CORP,0,0,1,0,0,0
SUSL,iShares ESG MSCI USA Leaders ETF,McDonald’s Corp,Deforestation; Prison,MDOD.XC,MCDONALD’S CORP,0,1,0,1,0,0
SUSL,iShares ESG MSCI USA Leaders ETF,Merck & Co Inc,Clean200,MRK,MERCK & CO INC,1,0,0,0,0,0
SUSL,iShares ESG MSCI USA Leaders ETF,Microsoft Corp,Clean200; Prison,MSFT,MICROSOFT CORP,1,0,0,1,0,0
SUSL,iShares ESG MSCI USA Leaders ETF,Morgan Stanley,Deforestation,MS,MORGAN STANLEY,0,1,0,0,0,0
SUSL,iShares ESG MSCI USA Leaders ETF,NRG Energy Inc,Fossil Fuel,NRG,NRG ENERGY INC,0,0,1,0,0,0
SUSL,iShares ESG MSCI USA Leaders ETF,Newmont Corp,Clean200,NEM,NEWMONT CORP,1,0,0,0,0,0
SUSL,iShares ESG MSCI USA Leaders ETF,NiSource Inc,Fossil Fuel,NI,NISOURCE INC,0,0,1,0,0,0
SUSL,iShares ESG MSCI USA Leaders ETF,ONEOK Inc,Fossil Fuel,OKE,ONEOK INC,0,0,1,0,0,0
SUSL,iShares ESG MSCI USA Leaders ETF,PepsiCo Inc,Deforestation,PEP,PEPSICO INC,0,1,0,0,0,0
SUSL,iShares ESG MSCI USA Leaders ETF,Phillips 66,Fossil Fuel,PSX,PHILLIPS 66,0,0,1,0,0,0
SUSL,iShares ESG MSCI USA Leaders ETF,Procter & Gamble Co,Deforestation,PG.VI,PROCTER & GAMBLE CO,0,1,0,0,0,0
SUSL,iShares ESG MSCI USA Leaders ETF,Quanta Services Inc,Clean200,PWR,QUANTA SERVICES INC,1,0,0,0,0,0
SUSL,iShares ESG MSCI USA Leaders ETF,Regions Financial Corp,Prison,RF,REGIONS FINANCIAL CORP,0,0,0,1,0,0
SUSL,iShares ESG MSCI USA Leaders ETF,Rivian Automotive Inc Class A,Clean200,RIVN,RIVIAN AUTOMOTIVE INC CLASS A,1,0,0,0,0,0
SUSL,iShares ESG MSCI USA Leaders ETF,Salesforce Inc,Prison,CRM,SALESFORCE INC,0,0,0,1,0,0
SUSL,iShares ESG MSCI USA Leaders ETF,Schlumberger Ltd,Fossil Fuel,SCL.SG,SCHLUMBERGER LTD,0,0,1,0,0,0
SUSL,iShares ESG MSCI USA Leaders ETF,Sempra,Fossil Fuel,SRE,SEMPRA,0,0,1,0,0,0
SUSL,iShares ESG MSCI USA Leaders ETF,Smurfit WestRock PLC,Clean200,SW,SMURFIT WESTROCK PLC,1,0,0,0,0,0
SUSL,iShares ESG MSCI USA Leaders ETF,Steel Dynamics Inc,Clean200,STLD,STEEL DYNAMICS INC,1,0,0,0,0,0
SUSL,iShares ESG MSCI USA Leaders ETF,Sysco Corp,Deforestation,SYY,SYSCO CORP,0,1,0,0,0,0
SUSL,iShares ESG MSCI USA Leaders ETF,TJX Companies Inc,Deforestation,1TJX.MI,TJX COMPANIES INC,0,1,0,0,0,0
SUSL,iShares ESG MSCI USA Leaders ETF,Targa Resources Corp,Fossil Fuel,TRGP,TARGA RESOURCES CORP,0,0,1,0,0,0
SUSL,iShares ESG MSCI USA Leaders ETF,Target Corp,Deforestation; Prison,TGT,TARGET CORP,0,1,0,1,0,0
SUSL,iShares ESG MSCI USA Leaders ETF,Tesla Inc,Clean200,TSLA,TESLA INC,1,0,0,0,0,0
SUSL,iShares ESG MSCI USA Leaders ETF,The Campbell’s Co,Deforestation,CPB,THE CAMPBELL’S CO,0,1,0,0,0,0
SUSL,iShares ESG MSCI USA Leaders ETF,The Estee Lauder Companies Inc Class A,Deforestation,THEES2,THE ESTEE LAUDER COMPANIES INC CLASS A,0,1,0,0,0,0
SUSL,iShares ESG MSCI USA Leaders ETF,The Home Depot Inc,Deforestation,HD,THE HOME DEPOT INC,0,1,0,0,0,0
SUSL,iShares ESG MSCI USA Leaders ETF,The Kroger Co,Deforestation; Prison,KOG.SG,THE KROGER CO,0,1,0,1,0,0
SUSL,iShares ESG MSCI USA Leaders ETF,The Walt Disney Co,Tobacco,DIS,THE WALT DISNEY CO,0,0,0,0,1,0
SUSL,iShares ESG MSCI USA Leaders ETF,Trane Technologies PLC Class A,Clean200,TRANE,TRANE TECHNOLOGIES PLC CLASS A,1,0,0,0,0,0
SUSL,iShares ESG MSCI USA Leaders ETF,TransUnion,Prison,TRU,TRANSUNION,0,0,0,1,0,0
SUSL,iShares ESG MSCI USA Leaders ETF,Valero Energy Corp,Fossil Fuel,VLO,VALERO ENERGY CORP,0,0,1,0,0,0
SUSL,iShares ESG MSCI USA Leaders ETF,Veralto Corp,Clean200,VLTO,VERALTO CORP,1,0,0,0,0,0
SUSL,iShares ESG MSCI USA Leaders ETF,Williams Companies Inc,Fossil Fuel,WMB,WILLIAMS COMPANIES INC,0,0,1,0,0,0
SUSL,iShares ESG MSCI USA Leaders ETF,Williams-Sonoma Inc,Deforestation,WSM,WILLIAMS-SONOMA INC,0,1,0,0,0,0
SUSL,iShares ESG MSCI USA Leaders ETF,Xylem Inc,Clean200,XYL,XYLEM INC,1,0,0,0,0,0
SUSL,iShares ESG MSCI USA Leaders ETF,Yum Brands Inc,Deforestation; Prison,YUM,YUM BRANDS INC,0,1,0,1,0,0
USCL,iShares Climate Conscious & Transition MSCI USA ETF,3M Co,Deforestation; Prison,MMMD.XC,3M CO,0,1,0,1,0,0
USCL,iShares Climate Conscious & Transition MSCI USA ETF,AMETEK Inc,Weapons,AME,AMETEK INC,0,0,0,0,0,1
USCL,iShares Climate Conscious & Transition MSCI USA ETF,AT&T Inc,Clean200; Prison; Tobacco,T,AT&T INC,1,0,0,1,1,0
USCL,iShares Climate Conscious & Transition MSCI USA ETF,AbbVie Inc,Clean200,ABBV,ABBVIE INC,1,0,0,0,0,0
USCL,iShares Climate Conscious & Transition MSCI USA ETF,Accenture PLC Class A,Prison,ACN,ACCENTURE PLC CLASS A,0,0,0,1,0,0
USCL,iShares Climate Conscious & Transition MSCI USA ETF,Advanced Micro Devices Inc,Clean200,AMD,ADVANCED MICRO DEVICES INC,1,0,0,0,0,0
USCL,iShares Climate Conscious & Transition MSCI USA ETF,Alphabet Inc Class A,Clean200; Prison,GOOGL,ALPHABET INC CLASS A,1,0,0,1,0,0
USCL,iShares Climate Conscious & Transition MSCI USA ETF,Alphabet Inc Class C,Clean200; Prison,GOOG,ALPHABET INC CLASS C,1,0,0,1,0,0
USCL,iShares Climate Conscious & Transition MSCI USA ETF,Amazon.com Inc,Deforestation; Prison,AMZD.XC,AMAZON.COM INC,0,1,0,1,0,0
USCL,iShares Climate Conscious & Transition MSCI USA ETF,Amgen Inc,Clean200,AMGN,AMGEN INC,1,0,0,0,0,0
USCL,iShares Climate Conscious & Transition MSCI USA ETF,Analog Devices Inc,Clean200,ADI,ANALOG DEVICES INC,1,0,0,0,0,0
USCL,iShares Climate Conscious & Transition MSCI USA ETF,Autodesk Inc,Clean200,ADSK,AUTODESK INC,1,0,0,0,0,0
USCL,iShares Climate Conscious & Transition MSCI USA ETF,Ball Corp,Clean200,BALL,BALL CORP,1,0,0,0,0,0
USCL,iShares Climate Conscious & Transition MSCI USA ETF,Bank of America Corp,Deforestation,BAC,BANK OF AMERICA CORP,0,1,0,0,0,0
USCL,iShares Climate Conscious & Transition MSCI USA ETF,Booz Allen Hamilton Holding Corp,Weapons,BAH,BOOZ ALLEN HAMILTON HOLDING CORP,0,0,0,0,0,1
USCL,iShares Climate Conscious & Transition MSCI USA ETF,Booz Allen Hamilton Holding Corp Class A,Prison,BOOZA,BOOZ ALLEN HAMILTON HOLDING CORP CLASS A,0,0,0,1,0,0
USCL,iShares Climate Conscious & Transition MSCI USA ETF,CRH PLC,Weapons,CRH,CRH PLC,0,0,0,0,0,1
USCL,iShares Climate Conscious & Transition MSCI USA ETF,Caterpillar Inc,Weapons,CAT,CATERPILLAR INC,0,0,0,0,0,1
USCL,iShares Climate Conscious & Transition MSCI USA ETF,Chipotle Mexican Grill Inc,Deforestation,CMG,CHIPOTLE MEXICAN GRILL INC,0,1,0,0,0,0
USCL,iShares Climate Conscious & Transition MSCI USA ETF,Cisco Systems Inc,Clean200,CSCO,CISCO SYSTEMS INC,1,0,0,0,0,0
USCL,iShares Climate Conscious & Transition MSCI USA ETF,Citigroup Inc,Deforestation,C,CITIGROUP INC,0,1,0,0,0,0
USCL,iShares Climate Conscious & Transition MSCI USA ETF,Clorox Co,Deforestation,CLX.MX,CLOROX CO,0,1,0,0,0,0
USCL,iShares Climate Conscious & Transition MSCI USA ETF,Colgate-Palmolive Co,Deforestation,CL,COLGATE-PALMOLIVE CO,0,1,0,0,0,0
USCL,iShares Climate Conscious & Transition MSCI USA ETF,Comcast Corp Class A,Tobacco,CMCSA,COMCAST CORP CLASS A,0,0,0,0,1,0
USCL,iShares Climate Conscious & Transition MSCI USA ETF,Crown Holdings Inc,Clean200,CCK,CROWN HOLDINGS INC,1,0,0,0,0,0
USCL,iShares Climate Conscious & Transition MSCI USA ETF,DaVita Inc,Clean200,DVA,DAVITA INC,1,0,0,0,0,0
USCL,iShares Climate Conscious & Transition MSCI USA ETF,Deckers Outdoor Corp,Deforestation,DECK,DECKERS OUTDOOR CORP,0,1,0,0,0,0
USCL,iShares Climate Conscious & Transition MSCI USA ETF,DuPont de Nemours Inc,Deforestation,DD,DUPONT DE NEMOURS INC,0,1,0,0,0,0
USCL,iShares Climate Conscious & Transition MSCI USA ETF,Eaton Corp PLC,Weapons,ETN,EATON CORP PLC,0,0,0,0,0,1
USCL,iShares Climate Conscious & Transition MSCI USA ETF,Ecolab Inc,Clean200,ECL,ECOLAB INC,1,0,0,0,0,0
USCL,iShares Climate Conscious & Transition MSCI USA ETF,Elevance Health Inc,Prison,ELV,ELEVANCE HEALTH INC,0,0,0,1,0,0
USCL,iShares Climate Conscious & Transition MSCI USA ETF,Equifax Inc,Prison,EFX,EQUIFAX INC,0,0,0,1,0,0
USCL,iShares Climate Conscious & Transition MSCI USA ETF,Equinix Inc,Clean200,EQIX,EQUINIX INC,1,0,0,0,0,0
USCL,iShares Climate Conscious & Transition MSCI USA ETF,Estee Lauder Companies A,Deforestation,ESTEE7,ESTEE LAUDER COMPANIES A,0,1,0,0,0,0
USCL,iShares Climate Conscious & Transition MSCI USA ETF,Fortive Corp,Weapons,FTV,FORTIVE CORP,0,0,0,0,0,1
USCL,iShares Climate Conscious & Transition MSCI USA ETF,General Mills Inc,Deforestation,GIS,GENERAL MILLS INC,0,1,0,0,0,0
USCL,iShares Climate Conscious & Transition MSCI USA ETF,General Motors Co,Prison,GM,GENERAL MOTORS CO,0,0,0,1,0,0
USCL,iShares Climate Conscious & Transition MSCI USA ETF,Hewlett Packard Enterprise Co,Clean200,HPE,HEWLETT PACKARD ENTERPRISE CO,1,0,0,0,0,0
USCL,iShares Climate Conscious & Transition MSCI USA ETF,JPMorgan Chase & Co,Deforestation,JPM,JPMORGAN CHASE & CO,0,1,0,0,0,0
USCL,iShares Climate Conscious & Transition MSCI USA ETF,Jacobs Solutions Inc,Weapons,J,JACOBS SOLUTIONS INC,0,0,0,0,0,1
USCL,iShares Climate Conscious & Transition MSCI USA ETF,Johnson & Johnson,Deforestation,JNJ,JOHNSON & JOHNSON,0,1,0,0,0,0
USCL,iShares Climate Conscious & Transition MSCI USA ETF,Johnson Controls International PLC,Clean200,JCI,JOHNSON CONTROLS INTERNATIONAL PLC,1,0,0,0,0,0
USCL,iShares Climate Conscious & Transition MSCI USA ETF,Kellanova,Deforestation,K,KELLANOVA,0,1,0,0,0,0
USCL,iShares Climate Conscious & Transition MSCI USA ETF,Kimberly-Clark Corp,Clean200; Deforestation,KMB,KIMBERLY-CLARK CORP,1,1,0,0,0,0
USCL,iShares Climate Conscious & Transition MSCI USA ETF,McDonald's Corp,Deforestation; Prison,MDOD.XC,MCDONALD'S CORP,0,1,0,1,0,0
USCL,iShares Climate Conscious & Transition MSCI USA ETF,Merck & Co Inc,Clean200,MRK,MERCK & CO INC,1,0,0,0,0,0
USCL,iShares Climate Conscious & Transition MSCI USA ETF,Microsoft Corp,Clean200; Prison,MSFT,MICROSOFT CORP,1,0,0,1,0,0
USCL,iShares Climate Conscious & Transition MSCI USA ETF,Mondelez International A,Deforestation,MONDE4,MONDELEZ INTERNATIONAL A,0,1,0,0,0,0
USCL,iShares Climate Conscious & Transition MSCI USA ETF,Morgan Stanley,Deforestation,MS,MORGAN STANLEY,0,1,0,0,0,0
USCL,iShares Climate Conscious & Transition MSCI USA ETF,Newmont Corp,Clean200,NEM,NEWMONT CORP,1,0,0,0,0,0
USCL,iShares Climate Conscious & Transition MSCI USA ETF,Nike Inc Class B,Clean200; Deforestation,NKE,NIKE INC CLASS B,1,1,0,0,0,0
USCL,iShares Climate Conscious & Transition MSCI USA ETF,Palantir Technologies Inc Class A,Prison,PLTR,PALANTIR TECHNOLOGIES INC CLASS A,0,0,0,1,0,0
USCL,iShares Climate Conscious & Transition MSCI USA ETF,PepsiCo Inc,Deforestation,PEP,PEPSICO INC,0,1,0,0,0,0
USCL,iShares Climate Conscious & Transition MSCI USA ETF,Procter & Gamble Co,Deforestation,PG.VI,PROCTER & GAMBLE CO,0,1,0,0,0,0
USCL,iShares Climate Conscious & Transition MSCI USA ETF,Quanta Services Inc,Clean200,PWR,QUANTA SERVICES INC,1,0,0,0,0,0
USCL,iShares Climate Conscious & Transition MSCI USA ETF,Republic Services Inc,Clean200,RSG,REPUBLIC SERVICES INC,1,0,0,0,0,0
USCL,iShares Climate Conscious & Transition MSCI USA ETF,Salesforce Inc,Prison,CRM,SALESFORCE INC,0,0,0,1,0,0
USCL,iShares Climate Conscious & Transition MSCI USA ETF,Smurfit WestRock PLC,Clean200,SW,SMURFIT WESTROCK PLC,1,0,0,0,0,0
USCL,iShares Climate Conscious & Transition MSCI USA ETF,Starbucks Corp,Deforestation,SBUX,STARBUCKS CORP,0,1,0,0,0,0
USCL,iShares Climate Conscious & Transition MSCI USA ETF,Steel Dynamics Inc,Clean200,STLD,STEEL DYNAMICS INC,1,0,0,0,0,0
USCL,iShares Climate Conscious & Transition MSCI USA ETF,T-Mobile US Inc,Clean200,TMUS.VI,T-MOBILE US INC,1,0,0,0,0,0
USCL,iShares Climate Conscious & Transition MSCI USA ETF,Target Corp,Deforestation; Prison,TGT,TARGET CORP,0,1,0,1,0,0
USCL,iShares Climate Conscious & Transition MSCI USA ETF,Tesla Inc,Clean200,TSLA,TESLA INC,1,0,0,0,0,0
USCL,iShares Climate Conscious & Transition MSCI USA ETF,The Campbell's Co,Deforestation,CPB,THE CAMPBELL'S CO,0,1,0,0,0,0
USCL,iShares Climate Conscious & Transition MSCI USA ETF,The Carlyle Group Inc,Prison,CG,THE CARLYLE GROUP INC,0,0,0,1,0,0
USCL,iShares Climate Conscious & Transition MSCI USA ETF,The Hershey Co,Deforestation,HSY,THE HERSHEY CO,0,1,0,0,0,0
USCL,iShares Climate Conscious & Transition MSCI USA ETF,The Home Depot Inc,Deforestation,HD,THE HOME DEPOT INC,0,1,0,0,0,0
USCL,iShares Climate Conscious & Transition MSCI USA ETF,The Walt Disney Co,Tobacco,DIS,THE WALT DISNEY CO,0,0,0,0,1,0
USCL,iShares Climate Conscious & Transition MSCI USA ETF,Thermo Fisher Scientific Inc,Prison,TMO,THERMO FISHER SCIENTIFIC INC,0,0,0,1,0,0
USCL,iShares Climate Conscious & Transition MSCI USA ETF,Trane Technologies PLC Class A,Clean200,TRANE,TRANE TECHNOLOGIES PLC CLASS A,1,0,0,0,0,0
USCL,iShares Climate Conscious & Transition MSCI USA ETF,TransUnion,Prison,TRU,TRANSUNION,0,0,0,1,0,0
USCL,iShares Climate Conscious & Transition MSCI USA ETF,Veralto Corp,Clean200,VLTO,VERALTO CORP,1,0,0,0,0,0
USCL,iShares Climate Conscious & Transition MSCI USA ETF,Walmart Inc,Deforestation; Prison,WMT,WALMART INC,0,1,0,1,0,0
USCL,iShares Climate Conscious & Transition MSCI USA ETF,Waste Connections Inc,Clean200,WCN,WASTE CONNECTIONS INC,1,0,0,0,0,0
USCL,iShares Climate Conscious & Transition MSCI USA ETF,Williams-Sonoma Inc,Deforestation,WSM,WILLIAMS-SONOMA INC,0,1,0,0,0,0
USCL,iShares Climate Conscious & Transition MSCI USA ETF,Xylem Inc,Clean200,XYL,XYLEM INC,1,0,0,0,0,0
USCL,iShares Climate Conscious & Transition MSCI USA ETF,Yum Brands Inc,Deforestation; Prison,YUM,YUM BRANDS INC,0,1,0,1,0,0
USCL,iShares ESG Aware MSCI USA Climate Transition ETF,Baker Hughes Co Class A,Fossil Fuel,BAKER3,BAKER HUGHES CO CLASS A,0,0,1,0,0,0
USCL,iShares ESG Aware MSCI USA Climate Transition ETF,CSX Corp,Fossil Fuel,CSX,CSX CORP,0,0,1,0,0,0
USCL,iShares ESG Aware MSCI USA Climate Transition ETF,Chevron Corp,Fossil Fuel,CVX,CHEVRON CORP,0,0,1,0,0,0
USCL,iShares ESG Aware MSCI USA Climate Transition ETF,Consolidated Edison Inc,Fossil Fuel,ED,CONSOLIDATED EDISON INC,0,0,1,0,0,0
USCL,iShares ESG Aware MSCI USA Climate Transition ETF,Constellation Energy Corp,Fossil Fuel,CEG,CONSTELLATION ENERGY CORP,0,0,1,0,0,0
USCL,iShares ESG Aware MSCI USA Climate Transition ETF,Diamondback Energy Inc,Fossil Fuel,FANG,DIAMONDBACK ENERGY INC,0,0,1,0,0,0
USCL,iShares ESG Aware MSCI USA Climate Transition ETF,Dominion Energy Inc,Fossil Fuel,D,DOMINION ENERGY INC,0,0,1,0,0,0
USCL,iShares ESG Aware MSCI USA Climate Transition ETF,Duke Energy Corp,Fossil Fuel,DUK,DUKE ENERGY CORP,0,0,1,0,0,0
USCL,iShares ESG Aware MSCI USA Climate Transition ETF,EOG Resources Inc,Fossil Fuel,EOG,EOG RESOURCES INC,0,0,1,0,0,0
USCL,iShares ESG Aware MSCI USA Climate Transition ETF,EQT Corp,Fossil Fuel,EQT,EQT CORP,0,0,1,0,0,0
USCL,iShares ESG Aware MSCI USA Climate Transition ETF,Edison International,Fossil Fuel,EIX,EDISON INTERNATIONAL,0,0,1,0,0,0
USCL,iShares ESG Aware MSCI USA Climate Transition ETF,Eversource Energy,Fossil Fuel,ES,EVERSOURCE ENERGY,0,0,1,0,0,0
USCL,iShares ESG Aware MSCI USA Climate Transition ETF,Exelon Corp,Fossil Fuel,EXC,EXELON CORP,0,0,1,0,0,0
USCL,iShares ESG Aware MSCI USA Climate Transition ETF,Exxon Mobil Corp,Fossil Fuel,XOM,EXXON MOBIL CORP,0,0,1,0,0,0
USCL,iShares ESG Aware MSCI USA Climate Transition ETF,Halliburton Co,Fossil Fuel,HALCL.SN,HALLIBURTON CO,0,0,1,0,0,0
USCL,iShares ESG Aware MSCI USA Climate Transition ETF,Kinder Morgan Inc Class P,Fossil Fuel,KINDE2,KINDER MORGAN INC CLASS P,0,0,1,0,0,0
USCL,iShares ESG Aware MSCI USA Climate Transition ETF,NextEra Energy Inc,Fossil Fuel,NEE,NEXTERA ENERGY INC,0,0,1,0,0,0
USCL,iShares ESG Aware MSCI USA Climate Transition ETF,NiSource Inc,Fossil Fuel,NI,NISOURCE INC,0,0,1,0,0,0
USCL,iShares ESG Aware MSCI USA Climate Transition ETF,ONEOK Inc,Fossil Fuel,OKE,ONEOK INC,0,0,1,0,0,0
USCL,iShares ESG Aware MSCI USA Climate Transition ETF,Occidental Petroleum Corp,Fossil Fuel,OXY,OCCIDENTAL PETROLEUM CORP,0,0,1,0,0,0
USCL,iShares ESG Aware MSCI USA Climate Transition ETF,Public Service Enterprise Group Inc,Fossil Fuel,PEG,PUBLIC SERVICE ENTERPRISE GROUP INC,0,0,1,0,0,0
USCL,iShares ESG Aware MSCI USA Climate Transition ETF,SLB,Fossil Fuel,SLB,SLB,0,0,1,0,0,0
USCL,iShares ESG Aware MSCI USA Climate Transition ETF,Sempra,Fossil Fuel,SRE,SEMPRA,0,0,1,0,0,0
USCL,iShares ESG Aware MSCI USA Climate Transition ETF,Southern Co,Fossil Fuel,SO,SOUTHERN CO,0,0,1,0,0,0
USCL,iShares ESG Aware MSCI USA Climate Transition ETF,The Carlyle Group Inc,Fossil Fuel,CG,THE CARLYLE GROUP INC,0,0,1,0,0,0
USCL,iShares ESG Aware MSCI USA Climate Transition ETF,Xcel Energy Inc,Fossil Fuel,XEL,XCEL ENERGY INC,0,0,1,0,0,0
USXF,iShares ESG Advanced MSCI USA ETF,AMETEK Inc,Weapons,AME,AMETEK INC,0,0,0,0,0,1
USXF,iShares ESG Advanced MSCI USA ETF,Accenture PLC Class A,Prison,ACN,ACCENTURE PLC CLASS A,0,0,0,1,0,0
USXF,iShares ESG Advanced MSCI USA ETF,Advanced Micro Devices Inc,Clean200,AMD,ADVANCED MICRO DEVICES INC,1,0,0,0,0,0
USXF,iShares ESG Advanced MSCI USA ETF,Amphenol Corp Class A,Weapons,APH,AMPHENOL CORP CLASS A,0,0,0,0,0,1
USXF,iShares ESG Advanced MSCI USA ETF,Analog Devices Inc,Clean200,ADI,ANALOG DEVICES INC,1,0,0,0,0,0
USXF,iShares ESG Advanced MSCI USA ETF,Ares Management Corp Ordinary Shares - Class A,Fossil Fuel,ARESM,ARES MANAGEMENT CORP ORDINARY SHARES - CLASS A,0,0,1,0,0,0
USXF,iShares ESG Advanced MSCI USA ETF,Autodesk Inc,Clean200,ADSK,AUTODESK INC,1,0,0,0,0,0
USXF,iShares ESG Advanced MSCI USA ETF,Axon Enterprise Inc (High Risk),Prison,AXONE,AXON ENTERPRISE INC (HIGH RISK),0,0,0,1,0,0
USXF,iShares ESG Advanced MSCI USA ETF,Ball Corp,Clean200,BALL,BALL CORP,1,0,0,0,0,0
USXF,iShares ESG Advanced MSCI USA ETF,Booz Allen Hamilton Holding Corp Class A,Weapons,BOOZA,BOOZ ALLEN HAMILTON HOLDING CORP CLASS A,0,0,0,0,0,1
USXF,iShares ESG Advanced MSCI USA ETF,Booz Allen Hamilton Holding Corp Class A (High Risk),Prison,BOOZA3,BOOZ ALLEN HAMILTON HOLDING CORP CLASS A (HIGH RISK),0,0,0,1,0,0
USXF,iShares ESG Advanced MSCI USA ETF,Broadcom Inc,Clean200,AVGO,BROADCOM INC,1,0,0,0,0,0
USXF,iShares ESG Advanced MSCI USA ETF,CRH PLC,Weapons,CRH,CRH PLC,0,0,0,0,0,1
USXF,iShares ESG Advanced MSCI USA ETF,Charter Communications Inc Class A,Clean200,CHTR,CHARTER COMMUNICATIONS INC CLASS A,1,0,0,0,0,0
USXF,iShares ESG Advanced MSCI USA ETF,Citizens Financial Group Inc (High Risk),Prison,CITIZ2,CITIZENS FINANCIAL GROUP INC (HIGH RISK),0,0,0,1,0,0
USXF,iShares ESG Advanced MSCI USA ETF,Clorox Co,Deforestation,CLX.MX,CLOROX CO,0,1,0,0,0,0
USXF,iShares ESG Advanced MSCI USA ETF,Comcast Corp Class A,Tobacco,CMCSA,COMCAST CORP CLASS A,0,0,0,0,1,0
USXF,iShares ESG Advanced MSCI USA ETF,Conagra Brands Inc,Deforestation,CAG,CONAGRA BRANDS INC,0,1,0,0,0,0
USXF,iShares ESG Advanced MSCI USA ETF,Crown Holdings Inc,Clean200,CCK,CROWN HOLDINGS INC,1,0,0,0,0,0
USXF,iShares ESG Advanced MSCI USA ETF,DaVita Inc,Clean200,DVA,DAVITA INC,1,0,0,0,0,0
USXF,iShares ESG Advanced MSCI USA ETF,Deckers Outdoor Corp,Deforestation,DECK,DECKERS OUTDOOR CORP,0,1,0,0,0,0
USXF,iShares ESG Advanced MSCI USA ETF,Dollar General Corp,Deforestation,DG,DOLLAR GENERAL CORP,0,1,0,0,0,0
USXF,iShares ESG Advanced MSCI USA ETF,Domino's Pizza Inc,Deforestation,DPZ,DOMINO'S PIZZA INC,0,1,0,0,0,0
USXF,iShares ESG Advanced MSCI USA ETF,Eaton Corp PLC,Weapons,ETN,EATON CORP PLC,0,0,0,0,0,1
USXF,iShares ESG Advanced MSCI USA ETF,Elevance Health Inc,Prison,ELV,ELEVANCE HEALTH INC,0,0,0,1,0,0
USXF,iShares ESG Advanced MSCI USA ETF,Equifax Inc,Prison,EFX,EQUIFAX INC,0,0,0,1,0,0
USXF,iShares ESG Advanced MSCI USA ETF,Equinix Inc,Clean200,EQIX,EQUINIX INC,1,0,0,0,0,0
USXF,iShares ESG Advanced MSCI USA ETF,First Solar Inc,Clean200,FSLR,FIRST SOLAR INC,1,0,0,0,0,0
USXF,iShares ESG Advanced MSCI USA ETF,Fortive Corp,Weapons,FTV,FORTIVE CORP,0,0,0,0,0,1
USXF,iShares ESG Advanced MSCI USA ETF,GE Vernova Inc,Fossil Fuel,GEV,GE VERNOVA INC,0,0,1,0,0,0
USXF,iShares ESG Advanced MSCI USA ETF,General Mills Inc,Deforestation,GIS,GENERAL MILLS INC,0,1,0,0,0,0
USXF,iShares ESG Advanced MSCI USA ETF,Hewlett Packard Enterprise Co,Clean200,HPE,HEWLETT PACKARD ENTERPRISE CO,1,0,0,0,0,0
USXF,iShares ESG Advanced MSCI USA ETF,Hormel Foods Corp,Deforestation,HRL,HORMEL FOODS CORP,0,1,0,0,0,0
USXF,iShares ESG Advanced MSCI USA ETF,Howmet Aerospace Inc,Weapons,HWM,HOWMET AEROSPACE INC,0,0,0,0,0,1
USXF,iShares ESG Advanced MSCI USA ETF,Intel Corp,Clean200,INTC,INTEL CORP,1,0,0,0,0,0
USXF,iShares ESG Advanced MSCI USA ETF,International Paper Co,Deforestation,IP,INTERNATIONAL PAPER CO,0,1,0,0,0,0
USXF,iShares ESG Advanced MSCI USA ETF,JM Smucker Co,Deforestation,JM2.SG,JM SMUCKER CO,0,1,0,0,0,0
USXF,iShares ESG Advanced MSCI USA ETF,Jacobs Solutions Inc,Weapons,J,JACOBS SOLUTIONS INC,0,0,0,0,0,1
USXF,iShares ESG Advanced MSCI USA ETF,Kellanova,Deforestation,K,KELLANOVA,0,1,0,0,0,0
USXF,iShares ESG Advanced MSCI USA ETF,Keysight Technologies Inc,Weapons,KEYS,KEYSIGHT TECHNOLOGIES INC,0,0,0,0,0,1
USXF,iShares ESG Advanced MSCI USA ETF,Kimberly-Clark Corp,Clean200; Deforestation,KMB,KIMBERLY-CLARK CORP,1,1,0,0,0,0
USXF,iShares ESG Advanced MSCI USA ETF,Lowe's Companies Inc,Deforestation,LOW,LOWE'S COMPANIES INC,0,1,0,0,0,0
USXF,iShares ESG Advanced MSCI USA ETF,Motorola Solutions Inc (High Risk),Prison,MOTOR,MOTOROLA SOLUTIONS INC (HIGH RISK),0,0,0,1,0,0
USXF,iShares ESG Advanced MSCI USA ETF,Newmont Corp,Clean200,NEM,NEWMONT CORP,1,0,0,0,0,0
USXF,iShares ESG Advanced MSCI USA ETF,Parker Hannifin Corp,Weapons,PH,PARKER HANNIFIN CORP,0,0,0,0,0,1
USXF,iShares ESG Advanced MSCI USA ETF,Quanta Services Inc,Clean200,PWR,QUANTA SERVICES INC,1,0,0,0,0,0
USXF,iShares ESG Advanced MSCI USA ETF,Regions Financial Corp (High Risk),Prison,REGIO2,REGIONS FINANCIAL CORP (HIGH RISK),0,0,0,1,0,0
USXF,iShares ESG Advanced MSCI USA ETF,Republic Services Inc,Clean200,RSG,REPUBLIC SERVICES INC,1,0,0,0,0,0
USXF,iShares ESG Advanced MSCI USA ETF,Steel Dynamics Inc,Clean200,STLD,STEEL DYNAMICS INC,1,0,0,0,0,0
USXF,iShares ESG Advanced MSCI USA ETF,Sysco Corp,Deforestation,SYY,SYSCO CORP,0,1,0,0,0,0
USXF,iShares ESG Advanced MSCI USA ETF,TJX Companies Inc,Deforestation,1TJX.MI,TJX COMPANIES INC,0,1,0,0,0,0
USXF,iShares ESG Advanced MSCI USA ETF,The Campbell's Co,Deforestation,CPB,THE CAMPBELL'S CO,0,1,0,0,0,0
USXF,iShares ESG Advanced MSCI USA ETF,The Carlyle Group Inc,Fossil Fuel,CG,THE CARLYLE GROUP INC,0,0,1,0,0,0
USXF,iShares ESG Advanced MSCI USA ETF,The Carlyle Group Inc (High Risk),Prison,THECA,THE CARLYLE GROUP INC (HIGH RISK),0,0,0,1,0,0
USXF,iShares ESG Advanced MSCI USA ETF,The Estee Lauder Companies Inc Class A,Deforestation,THEES2,THE ESTEE LAUDER COMPANIES INC CLASS A,0,1,0,0,0,0
USXF,iShares ESG Advanced MSCI USA ETF,The Home Depot Inc,Deforestation,HD,THE HOME DEPOT INC,0,1,0,0,0,0
USXF,iShares ESG Advanced MSCI USA ETF,Trane Technologies PLC Class A,Clean200,TRANE,TRANE TECHNOLOGIES PLC CLASS A,1,0,0,0,0,0
USXF,iShares ESG Advanced MSCI USA ETF,TransUnion,Prison,TRU,TRANSUNION,0,0,0,1,0,0
USXF,iShares ESG Advanced MSCI USA ETF,Veralto Corp,Clean200,VLTO,VERALTO CORP,1,0,0,0,0,0
USXF,iShares ESG Advanced MSCI USA ETF,Waste Connections Inc,Clean200,WCN,WASTE CONNECTIONS INC,1,0,0,0,0,0
USXF,iShares ESG Advanced MSCI USA ETF,Williams-Sonoma Inc,Deforestation,WSM,WILLIAMS-SONOMA INC,0,1,0,0,0,0
USXF,iShares ESG Advanced MSCI USA ETF,Xylem Inc,Clean200,XYL,XYLEM INC,1,0,0,0,0,0
USXF,iShares ESG Advanced MSCI USA ETF,Yum Brands Inc,Deforestation; Prison,YUM,YUM BRANDS INC,0,1,0,1,0,0
XJH,iShares ESG Select Scrn S&P Mid-Cap ETF,ATI Inc,Weapons,ATI,ATI INC,0,0,0,0,0,1
XJH,iShares ESG Select Scrn S&P Mid-Cap ETF,Acadia Healthcare Co Inc,Prison,1ACHC.MI,ACADIA HEALTHCARE CO INC,0,0,0,1,0,0
XJH,iShares ESG Select Scrn S&P Mid-Cap ETF,Antero Midstream Corp,Fossil Fuel,AM,ANTERO MIDSTREAM CORP,0,0,1,0,0,0
XJH,iShares ESG Select Scrn S&P Mid-Cap ETF,Aramark,Deforestation; Prison,ARMK,ARAMARK,0,1,0,1,0,0
XJH,iShares ESG Select Scrn S&P Mid-Cap ETF,Capri Holdings Ltd,Deforestation,CPRI,CAPRI HOLDINGS LTD,0,1,0,0,0,0
XJH,iShares ESG Select Scrn S&P Mid-Cap ETF,ChampionX Corp,Fossil Fuel,CHAMP3,CHAMPIONX CORP,0,0,1,0,0,0
XJH,iShares ESG Select Scrn S&P Mid-Cap ETF,Clean Harbors Inc,Clean200,CLH,CLEAN HARBORS INC,1,0,0,0,0,0
XJH,iShares ESG Select Scrn S&P Mid-Cap ETF,Commercial Metals Co,Clean200,CMC,COMMERCIAL METALS CO,1,0,0,0,0,0
XJH,iShares ESG Select Scrn S&P Mid-Cap ETF,Coty Inc Class A,Deforestation,COTY,COTY INC CLASS A,0,1,0,0,0,0
XJH,iShares ESG Select Scrn S&P Mid-Cap ETF,Crane Co,Weapons,T12.SG,CRANE CO,0,0,0,0,0,1
XJH,iShares ESG Select Scrn S&P Mid-Cap ETF,Crown Holdings Inc,Clean200,CCK,CROWN HOLDINGS INC,1,0,0,0,0,0
XJH,iShares ESG Select Scrn S&P Mid-Cap ETF,Curtiss-Wright Corp,Weapons,CW,CURTISS-WRIGHT CORP,0,0,0,0,0,1
XJH,iShares ESG Select Scrn S&P Mid-Cap ETF,DT Midstream Inc Ordinary Shares,Fossil Fuel,DTMID,DT MIDSTREAM INC ORDINARY SHARES,0,0,1,0,0,0
XJH,iShares ESG Select Scrn S&P Mid-Cap ETF,Darling Ingredients Inc,Clean200,DAR,DARLING INGREDIENTS INC,1,0,0,0,0,0
XJH,iShares ESG Select Scrn S&P Mid-Cap ETF,First Horizon Corp,Prison,FHN,FIRST HORIZON CORP,0,0,0,1,0,0
XJH,iShares ESG Select Scrn S&P Mid-Cap ETF,Greif Inc Class A,Clean200,GEF,GREIF INC CLASS A,1,0,0,0,0,0
XJH,iShares ESG Select Scrn S&P Mid-Cap ETF,HF Sinclair Corp,Fossil Fuel,DINO,HF SINCLAIR CORP,0,0,1,0,0,0
XJH,iShares ESG Select Scrn S&P Mid-Cap ETF,Hexcel Corp,Weapons,HXL,HEXCEL CORP,0,0,0,0,0,1
XJH,iShares ESG Select Scrn S&P Mid-Cap ETF,ITT Inc,Weapons,ITT,ITT INC,0,0,0,0,0,1
XJH,iShares ESG Select Scrn S&P Mid-Cap ETF,Iridium Communications Inc,Weapons,IRDM,IRIDIUM COMMUNICATIONS INC,0,0,0,0,0,1
XJH,iShares ESG Select Scrn S&P Mid-Cap ETF,Lear Corp,Deforestation,LEA,LEAR CORP,0,1,0,0,0,0
XJH,iShares ESG Select Scrn S&P Mid-Cap ETF,MACOM Technology Solutions Holdings Inc,Weapons,MTSI,MACOM TECHNOLOGY SOLUTIONS HOLDINGS INC,0,0,0,0,0,1
XJH,iShares ESG Select Scrn S&P Mid-Cap ETF,NOV Inc,Fossil Fuel,NOV,NOV INC,0,0,1,0,0,0
XJH,iShares ESG Select Scrn S&P Mid-Cap ETF,New Jersey Resources Corp,Fossil Fuel,NJR,NEW JERSEY RESOURCES CORP,0,0,1,0,0,0
XJH,iShares ESG Select Scrn S&P Mid-Cap ETF,ONE Gas Inc,Fossil Fuel,OGS,ONE GAS INC,0,0,1,0,0,0
XJH,iShares ESG Select Scrn S&P Mid-Cap ETF,Oshkosh Corp,Weapons,OSK,OSHKOSH CORP,0,0,0,0,0,1
XJH,iShares ESG Select Scrn S&P Mid-Cap ETF,PBF Energy Inc Class A,Fossil Fuel,PBF,PBF ENERGY INC CLASS A,0,0,1,0,0,0
XJH,iShares ESG Select Scrn S&P Mid-Cap ETF,Pinnacle Financial Partners Inc,Prison,PNFP,PINNACLE FINANCIAL PARTNERS INC,0,0,0,1,0,0
XJH,iShares ESG Select Scrn S&P Mid-Cap ETF,Polaris Inc,Prison,PII,POLARIS INC,0,0,0,1,0,0
XJH,iShares ESG Select Scrn S&P Mid-Cap ETF,Skechers USA Inc Class A,Deforestation,SKX,SKECHERS USA INC CLASS A,0,1,0,0,0,0
XJH,iShares ESG Select Scrn S&P Mid-Cap ETF,Sonoco Products Co,Clean200,SON,SONOCO PRODUCTS CO,1,0,0,0,0,0
XJH,iShares ESG Select Scrn S&P Mid-Cap ETF,Southwest Gas Holdings Inc,Fossil Fuel,SWX,SOUTHWEST GAS HOLDINGS INC,0,0,1,0,0,0
XJH,iShares ESG Select Scrn S&P Mid-Cap ETF,Spire Inc,Fossil Fuel,SR,SPIRE INC,0,0,1,0,0,0
XJH,iShares ESG Select Scrn S&P Mid-Cap ETF,Synovus Financial Corp,Prison,SNV,SYNOVUS FINANCIAL CORP,0,0,0,1,0,0
XJH,iShares ESG Select Scrn S&P Mid-Cap ETF,The Wendy’s Co Class A,Deforestation; Prison,THEWE,THE WENDY’S CO CLASS A,0,1,0,1,0,0
XJH,iShares ESG Select Scrn S&P Mid-Cap ETF,The Western Union Co,Prison,WU,THE WESTERN UNION CO,0,0,0,1,0,0
XJH,iShares ESG Select Scrn S&P Mid-Cap ETF,UGI Corp,Fossil Fuel,UGI,UGI CORP,0,0,1,0,0,0
XJH,iShares ESG Select Scrn S&P Mid-Cap ETF,US Foods Holding Corp,Deforestation,USFD,US FOODS HOLDING CORP,0,1,0,0,0,0
XJH,iShares ESG Select Scrn S&P Mid-Cap ETF,VF Corp,Deforestation,VFC,VF CORP,0,1,0,0,0,0
XJH,iShares ESG Select Scrn S&P Mid-Cap ETF,Valaris Ltd,Fossil Fuel,VAL,VALARIS LTD,0,0,1,0,0,0
XJH,iShares ESG Select Scrn S&P Mid-Cap ETF,Weatherford International PLC Ordinary Shares - New,Fossil Fuel,WEATH3,WEATHERFORD INTERNATIONAL PLC ORDINARY SHARES - NEW,0,0,1,0,0,0
XJH,iShares ESG Select Scrn S&P Mid-Cap ETF,Woodward Inc,Weapons,WWD,WOODWARD INC,0,0,0,0,0,1
XVV,iShares ESG Select Screened S&P 500 ETF,AMETEK Inc,Weapons,AME,AMETEK INC,0,0,0,0,0,1
XVV,iShares ESG Select Screened S&P 500 ETF,AT&T Inc,Clean200; Prison; Tobacco,T,AT&T INC,1,0,0,1,1,0
XVV,iShares ESG Select Screened S&P 500 ETF,AbbVie Inc,Clean200,ABBV,ABBVIE INC,1,0,0,0,0,0
XVV,iShares ESG Select Screened S&P 500 ETF,Accenture PLC Class A,Prison,ACN,ACCENTURE PLC CLASS A,0,0,0,1,0,0
XVV,iShares ESG Select Screened S&P 500 ETF,Advanced Micro Devices Inc,Clean200,AMD,ADVANCED MICRO DEVICES INC,1,0,0,0,0,0
XVV,iShares ESG Select Screened S&P 500 ETF,Albemarle Corp,Clean200,ALB,ALBEMARLE CORP,1,0,0,0,0,0
XVV,iShares ESG Select Screened S&P 500 ETF,Alphabet Inc Class A,Clean200; Prison,GOOGL,ALPHABET INC CLASS A,1,0,0,1,0,0
XVV,iShares ESG Select Screened S&P 500 ETF,Alphabet Inc Class C,Clean200; Prison,GOOG,ALPHABET INC CLASS C,1,0,0,1,0,0
XVV,iShares ESG Select Screened S&P 500 ETF,Amazon.com Inc,Deforestation; Prison,AMZD.XC,AMAZON.COM INC,0,1,0,1,0,0
XVV,iShares ESG Select Screened S&P 500 ETF,Amgen Inc,Clean200,AMGN,AMGEN INC,1,0,0,0,0,0
XVV,iShares ESG Select Screened S&P 500 ETF,Amphenol Corp Class A,Weapons,APH,AMPHENOL CORP CLASS A,0,0,0,0,0,1
XVV,iShares ESG Select Screened S&P 500 ETF,Analog Devices Inc,Clean200,ADI,ANALOG DEVICES INC,1,0,0,0,0,0
XVV,iShares ESG Select Screened S&P 500 ETF,Apple Inc,Clean200,AAPL,APPLE INC,1,0,0,0,0,0
XVV,iShares ESG Select Screened S&P 500 ETF,Archer-Daniels-Midland Co,Deforestation; Prison,ADM,ARCHER-DANIELS-MIDLAND CO,0,1,0,1,0,0
XVV,iShares ESG Select Screened S&P 500 ETF,Atmos Energy Corp,Fossil Fuel,ATO,ATMOS ENERGY CORP,0,0,1,0,0,0
XVV,iShares ESG Select Screened S&P 500 ETF,Autodesk Inc,Clean200,ADSK,AUTODESK INC,1,0,0,0,0,0
XVV,iShares ESG Select Screened S&P 500 ETF,Axon Enterprise Inc,Prison,AXON,AXON ENTERPRISE INC,0,0,0,1,0,0
XVV,iShares ESG Select Screened S&P 500 ETF,Baker Hughes Co Class A,Fossil Fuel,BAKER3,BAKER HUGHES CO CLASS A,0,0,1,0,0,0
XVV,iShares ESG Select Screened S&P 500 ETF,Ball Corp,Clean200,BALL,BALL CORP,1,0,0,0,0,0
XVV,iShares ESG Select Screened S&P 500 ETF,Bank of America Corp,Deforestation,BAC,BANK OF AMERICA CORP,0,1,0,0,0,0
XVV,iShares ESG Select Screened S&P 500 ETF,Berkshire Hathaway Inc Class B,Fossil Fuel; Prison,BRKB,BERKSHIRE HATHAWAY INC CLASS B,0,0,1,1,0,0
XVV,iShares ESG Select Screened S&P 500 ETF,Blackstone Inc,Fossil Fuel,BX,BLACKSTONE INC,0,0,1,0,0,0
XVV,iShares ESG Select Screened S&P 500 ETF,Broadcom Inc,Clean200,AVGO,BROADCOM INC,1,0,0,0,0,0
XVV,iShares ESG Select Screened S&P 500 ETF,Bunge Global SA,Deforestation,BG,BUNGE GLOBAL SA,0,1,0,0,0,0
XVV,iShares ESG Select Screened S&P 500 ETF,CSX Corp,Fossil Fuel,CSX,CSX CORP,0,0,1,0,0,0
XVV,iShares ESG Select Screened S&P 500 ETF,CVS Health Corp,Deforestation,CVS,CVS HEALTH CORP,0,1,0,0,0,0
XVV,iShares ESG Select Screened S&P 500 ETF,Cardinal Health Inc,Prison,CAH,CARDINAL HEALTH INC,0,0,0,1,0,0
XVV,iShares ESG Select Screened S&P 500 ETF,Caterpillar Inc,Weapons,CAT,CATERPILLAR INC,0,0,0,0,0,1
XVV,iShares ESG Select Screened S&P 500 ETF,CenterPoint Energy Inc,Fossil Fuel,CNP,CENTERPOINT ENERGY INC,0,0,1,0,0,0
XVV,iShares ESG Select Screened S&P 500 ETF,Charter Communications Inc Class A,Clean200,CHTR,CHARTER COMMUNICATIONS INC CLASS A,1,0,0,0,0,0
XVV,iShares ESG Select Screened S&P 500 ETF,Chipotle Mexican Grill Inc,Deforestation,CMG,CHIPOTLE MEXICAN GRILL INC,0,1,0,0,0,0
XVV,iShares ESG Select Screened S&P 500 ETF,Cisco Systems Inc,Clean200,CSCO,CISCO SYSTEMS INC,1,0,0,0,0,0
XVV,iShares ESG Select Screened S&P 500 ETF,Citigroup Inc,Deforestation,C,CITIGROUP INC,0,1,0,0,0,0
XVV,iShares ESG Select Screened S&P 500 ETF,Citizens Financial Group Inc,Prison,CFG,CITIZENS FINANCIAL GROUP INC,0,0,0,1,0,0
XVV,iShares ESG Select Screened S&P 500 ETF,Clorox Co,Deforestation,CLX.MX,CLOROX CO,0,1,0,0,0,0
XVV,iShares ESG Select Screened S&P 500 ETF,Colgate-Palmolive Co,Deforestation,CL,COLGATE-PALMOLIVE CO,0,1,0,0,0,0
XVV,iShares ESG Select Screened S&P 500 ETF,Comcast Corp Class A,Tobacco,CMCSA,COMCAST CORP CLASS A,0,0,0,0,1,0
XVV,iShares ESG Select Screened S&P 500 ETF,Conagra Brands Inc,Deforestation,CAG,CONAGRA BRANDS INC,0,1,0,0,0,0
XVV,iShares ESG Select Screened S&P 500 ETF,Consolidated Edison Inc,Fossil Fuel,ED,CONSOLIDATED EDISON INC,0,0,1,0,0,0
XVV,iShares ESG Select Screened S&P 500 ETF,Constellation Energy Corp,Fossil Fuel,CEG,CONSTELLATION ENERGY CORP,0,0,1,0,0,0
XVV,iShares ESG Select Screened S&P 500 ETF,Costco Wholesale Corp,Deforestation; Prison,COST,COSTCO WHOLESALE CORP,0,1,0,1,0,0
XVV,iShares ESG Select Screened S&P 500 ETF,DaVita Inc,Clean200,DVA,DAVITA INC,1,0,0,0,0,0
XVV,iShares ESG Select Screened S&P 500 ETF,Deckers Outdoor Corp,Deforestation,DECK,DECKERS OUTDOOR CORP,0,1,0,0,0,0
XVV,iShares ESG Select Screened S&P 500 ETF,Dollar General Corp,Deforestation,DG,DOLLAR GENERAL CORP,0,1,0,0,0,0
XVV,iShares ESG Select Screened S&P 500 ETF,Dollar Tree Inc,Deforestation,DLTR,DOLLAR TREE INC,0,1,0,0,0,0
XVV,iShares ESG Select Screened S&P 500 ETF,Dominion Energy Inc,Fossil Fuel,D,DOMINION ENERGY INC,0,0,1,0,0,0
XVV,iShares ESG Select Screened S&P 500 ETF,Domino’s Pizza Inc,Deforestation,DPZ,DOMINO’S PIZZA INC,0,1,0,0,0,0
XVV,iShares ESG Select Screened S&P 500 ETF,Dow Inc,Fossil Fuel,DOW,DOW INC,0,0,1,0,0,0
XVV,iShares ESG Select Screened S&P 500 ETF,Eaton Corp PLC,Weapons,ETN,EATON CORP PLC,0,0,0,0,0,1
XVV,iShares ESG Select Screened S&P 500 ETF,Ecolab Inc,Clean200,ECL,ECOLAB INC,1,0,0,0,0,0
XVV,iShares ESG Select Screened S&P 500 ETF,Edison International,Fossil Fuel,EIX,EDISON INTERNATIONAL,0,0,1,0,0,0
XVV,iShares ESG Select Screened S&P 500 ETF,Elevance Health Inc,Prison,ELV,ELEVANCE HEALTH INC,0,0,0,1,0,0
XVV,iShares ESG Select Screened S&P 500 ETF,Entergy Corp,Fossil Fuel,ETR,ENTERGY CORP,0,0,1,0,0,0
XVV,iShares ESG Select Screened S&P 500 ETF,Equifax Inc,Prison,EFX,EQUIFAX INC,0,0,0,1,0,0
XVV,iShares ESG Select Screened S&P 500 ETF,Equinix Inc,Clean200,EQIX,EQUINIX INC,1,0,0,0,0,0
XVV,iShares ESG Select Screened S&P 500 ETF,Eversource Energy,Fossil Fuel,ES,EVERSOURCE ENERGY,0,0,1,0,0,0
XVV,iShares ESG Select Screened S&P 500 ETF,Exelon Corp,Fossil Fuel,EXC,EXELON CORP,0,0,1,0,0,0
XVV,iShares ESG Select Screened S&P 500 ETF,First Solar Inc,Clean200,FSLR,FIRST SOLAR INC,1,0,0,0,0,0
XVV,iShares ESG Select Screened S&P 500 ETF,Ford Motor Co,Prison,F,FORD MOTOR CO,0,0,0,1,0,0
XVV,iShares ESG Select Screened S&P 500 ETF,Fortive Corp,Weapons,FTV,FORTIVE CORP,0,0,0,0,0,1
XVV,iShares ESG Select Screened S&P 500 ETF,GE Aerospace,Weapons,GE,GE AEROSPACE,0,0,0,0,0,1
XVV,iShares ESG Select Screened S&P 500 ETF,GE Vernova Inc,Fossil Fuel,GEV,GE VERNOVA INC,0,0,1,0,0,0
XVV,iShares ESG Select Screened S&P 500 ETF,General Mills Inc,Deforestation,GIS,GENERAL MILLS INC,0,1,0,0,0,0
XVV,iShares ESG Select Screened S&P 500 ETF,General Motors Co,Prison,GM,GENERAL MOTORS CO,0,0,0,1,0,0
XVV,iShares ESG Select Screened S&P 500 ETF,HP Inc,Clean200,HPQ,HP INC,1,0,0,0,0,0
XVV,iShares ESG Select Screened S&P 500 ETF,Halliburton Co,Fossil Fuel,HALCL.SN,HALLIBURTON CO,0,0,1,0,0,0
XVV,iShares ESG Select Screened S&P 500 ETF,Hewlett Packard Enterprise Co,Clean200,HPE,HEWLETT PACKARD ENTERPRISE CO,1,0,0,0,0,0
XVV,iShares ESG Select Screened S&P 500 ETF,Hormel Foods Corp,Deforestation,HRL,HORMEL FOODS CORP,0,1,0,0,0,0
XVV,iShares ESG Select Screened S&P 500 ETF,Howmet Aerospace Inc,Weapons,HWM,HOWMET AEROSPACE INC,0,0,0,0,0,1
XVV,iShares ESG Select Screened S&P 500 ETF,Intel Corp,Clean200,INTC,INTEL CORP,1,0,0,0,0,0
XVV,iShares ESG Select Screened S&P 500 ETF,International Paper Co,Deforestation,IP,INTERNATIONAL PAPER CO,0,1,0,0,0,0
XVV,iShares ESG Select Screened S&P 500 ETF,JM Smucker Co,Deforestation,JM2.SG,JM SMUCKER CO,0,1,0,0,0,0
XVV,iShares ESG Select Screened S&P 500 ETF,JPMorgan Chase & Co,Deforestation,JPM,JPMORGAN CHASE & CO,0,1,0,0,0,0
XVV,iShares ESG Select Screened S&P 500 ETF,Jacobs Solutions Inc,Weapons,J,JACOBS SOLUTIONS INC,0,0,0,0,0,1
XVV,iShares ESG Select Screened S&P 500 ETF,Johnson Controls International PLC Registered Shares,Clean200,JOHNS4,JOHNSON CONTROLS INTERNATIONAL PLC REGISTERED SHARES,1,0,0,0,0,0
XVV,iShares ESG Select Screened S&P 500 ETF,KKR & Co Inc Ordinary Shares,Fossil Fuel,KKRCO,KKR & CO INC ORDINARY SHARES,0,0,1,0,0,0
XVV,iShares ESG Select Screened S&P 500 ETF,Kellanova,Deforestation,K,KELLANOVA,0,1,0,0,0,0
XVV,iShares ESG Select Screened S&P 500 ETF,Keysight Technologies Inc,Weapons,KEYS,KEYSIGHT TECHNOLOGIES INC,0,0,0,0,0,1
XVV,iShares ESG Select Screened S&P 500 ETF,Kimberly-Clark Corp,Clean200; Deforestation,KMB,KIMBERLY-CLARK CORP,1,1,0,0,0,0
XVV,iShares ESG Select Screened S&P 500 ETF,Kinder Morgan Inc Class P,Fossil Fuel,KINDE2,KINDER MORGAN INC CLASS P,0,0,1,0,0,0
XVV,iShares ESG Select Screened S&P 500 ETF,Kroger Co,Prison,KR.VI,KROGER CO,0,0,0,1,0,0
XVV,iShares ESG Select Screened S&P 500 ETF,Lowe’s Companies Inc,Deforestation,LOW,LOWE’S COMPANIES INC,0,1,0,0,0,0
XVV,iShares ESG Select Screened S&P 500 ETF,Marathon Petroleum Corp,Fossil Fuel,MPC,MARATHON PETROLEUM CORP,0,0,1,0,0,0
XVV,iShares ESG Select Screened S&P 500 ETF,McDonald's Corp,Deforestation,MDOD.XC,MCDONALD'S CORP,0,1,0,0,0,0
XVV,iShares ESG Select Screened S&P 500 ETF,McDonald’s Corp,Prison,MDOD.XC,MCDONALD’S CORP,0,0,0,1,0,0
XVV,iShares ESG Select Screened S&P 500 ETF,Merck & Co Inc,Clean200,MRK,MERCK & CO INC,1,0,0,0,0,0
XVV,iShares ESG Select Screened S&P 500 ETF,Microsoft Corp,Clean200; Prison,MSFT,MICROSOFT CORP,1,0,0,1,0,0
XVV,iShares ESG Select Screened S&P 500 ETF,Mondelez Int’l Inc Class A,Deforestation,MONDE5,MONDELEZ INT’L INC CLASS A,0,1,0,0,0,0
XVV,iShares ESG Select Screened S&P 500 ETF,Morgan Stanley,Deforestation,MS,MORGAN STANLEY,0,1,0,0,0,0
XVV,iShares ESG Select Screened S&P 500 ETF,Motorola Solutions Inc,Prison,MSI,MOTOROLA SOLUTIONS INC,0,0,0,1,0,0
XVV,iShares ESG Select Screened S&P 500 ETF,Newmont Corp,Clean200,NEM,NEWMONT CORP,1,0,0,0,0,0
XVV,iShares ESG Select Screened S&P 500 ETF,News Corp Class A,Deforestation,NWSA,NEWS CORP CLASS A,0,1,0,0,0,0
XVV,iShares ESG Select Screened S&P 500 ETF,News Corp Class B,Deforestation,NWS,NEWS CORP CLASS B,0,1,0,0,0,0
XVV,iShares ESG Select Screened S&P 500 ETF,NextEra Energy Inc,Fossil Fuel,NEE,NEXTERA ENERGY INC,0,0,1,0,0,0
XVV,iShares ESG Select Screened S&P 500 ETF,Nike Inc Class B,Clean200; Deforestation,NKE,NIKE INC CLASS B,1,1,0,0,0,0
XVV,iShares ESG Select Screened S&P 500 ETF,ONEOK Inc,Fossil Fuel,OKE,ONEOK INC,0,0,1,0,0,0
XVV,iShares ESG Select Screened S&P 500 ETF,Palantir Technologies Inc Class A,Prison,PLTR,PALANTIR TECHNOLOGIES INC CLASS A,0,0,0,1,0,0
XVV,iShares ESG Select Screened S&P 500 ETF,Paramount Global Class B,Tobacco,PARA,PARAMOUNT GLOBAL CLASS B,0,0,0,0,1,0
XVV,iShares ESG Select Screened S&P 500 ETF,PepsiCo Inc,Deforestation,PEP,PEPSICO INC,0,1,0,0,0,0
XVV,iShares ESG Select Screened S&P 500 ETF,Phillips 66,Fossil Fuel,PSX,PHILLIPS 66,0,0,1,0,0,0
XVV,iShares ESG Select Screened S&P 500 ETF,Procter & Gamble Co,Deforestation,PG.VI,PROCTER & GAMBLE CO,0,1,0,0,0,0
XVV,iShares ESG Select Screened S&P 500 ETF,Public Service Enterprise Group Inc,Fossil Fuel,PEG,PUBLIC SERVICE ENTERPRISE GROUP INC,0,0,1,0,0,0
XVV,iShares ESG Select Screened S&P 500 ETF,Quanta Services Inc,Clean200,PWR,QUANTA SERVICES INC,1,0,0,0,0,0
XVV,iShares ESG Select Screened S&P 500 ETF,Regions Financial Corp,Prison,RF,REGIONS FINANCIAL CORP,0,0,0,1,0,0
XVV,iShares ESG Select Screened S&P 500 ETF,Republic Services Inc,Clean200,RSG,REPUBLIC SERVICES INC,1,0,0,0,0,0
XVV,iShares ESG Select Screened S&P 500 ETF,Salesforce Inc,Prison,CRM,SALESFORCE INC,0,0,0,1,0,0
XVV,iShares ESG Select Screened S&P 500 ETF,Schlumberger Ltd,Fossil Fuel,SCL.SG,SCHLUMBERGER LTD,0,0,1,0,0,0
XVV,iShares ESG Select Screened S&P 500 ETF,Sempra,Fossil Fuel,SRE,SEMPRA,0,0,1,0,0,0
XVV,iShares ESG Select Screened S&P 500 ETF,Smurfit WestRock PLC,Clean200,SW,SMURFIT WESTROCK PLC,1,0,0,0,0,0
XVV,iShares ESG Select Screened S&P 500 ETF,Starbucks Corp,Deforestation,SBUX,STARBUCKS CORP,0,1,0,0,0,0
XVV,iShares ESG Select Screened S&P 500 ETF,Steel Dynamics Inc,Clean200,STLD,STEEL DYNAMICS INC,1,0,0,0,0,0
XVV,iShares ESG Select Screened S&P 500 ETF,Sysco Corp,Deforestation,SYY,SYSCO CORP,0,1,0,0,0,0
XVV,iShares ESG Select Screened S&P 500 ETF,T-Mobile US Inc,Clean200,TMUS.VI,T-MOBILE US INC,1,0,0,0,0,0
XVV,iShares ESG Select Screened S&P 500 ETF,TJX Companies Inc,Deforestation,1TJX.MI,TJX COMPANIES INC,0,1,0,0,0,0
XVV,iShares ESG Select Screened S&P 500 ETF,Tapestry Inc,Deforestation,TPR,TAPESTRY INC,0,1,0,0,0,0
XVV,iShares ESG Select Screened S&P 500 ETF,Targa Resources Corp,Fossil Fuel,TRGP,TARGA RESOURCES CORP,0,0,1,0,0,0
XVV,iShares ESG Select Screened S&P 500 ETF,Target Corp,Deforestation; Prison,TGT,TARGET CORP,0,1,0,1,0,0
XVV,iShares ESG Select Screened S&P 500 ETF,Tesla Inc,Clean200,TSLA,TESLA INC,1,0,0,0,0,0
XVV,iShares ESG Select Screened S&P 500 ETF,The Campbell's Co,Deforestation,CPB,THE CAMPBELL'S CO,0,1,0,0,0,0
XVV,iShares ESG Select Screened S&P 500 ETF,The Estee Lauder Cos Inc A,Deforestation,THEES3,THE ESTEE LAUDER COS INC A,0,1,0,0,0,0
XVV,iShares ESG Select Screened S&P 500 ETF,The Hershey Co,Deforestation,HSY,THE HERSHEY CO,0,1,0,0,0,0
XVV,iShares ESG Select Screened S&P 500 ETF,The Home Depot Inc,Deforestation,HD,THE HOME DEPOT INC,0,1,0,0,0,0
XVV,iShares ESG Select Screened S&P 500 ETF,The Kraft Heinz Co,Deforestation,KHC,THE KRAFT HEINZ CO,0,1,0,0,0,0
XVV,iShares ESG Select Screened S&P 500 ETF,The Kroger Co,Deforestation,KOG.SG,THE KROGER CO,0,1,0,0,0,0
XVV,iShares ESG Select Screened S&P 500 ETF,The Walt Disney Co,Tobacco,DIS,THE WALT DISNEY CO,0,0,0,0,1,0
XVV,iShares ESG Select Screened S&P 500 ETF,Thermo Fisher Scientific Inc,Prison,TMO,THERMO FISHER SCIENTIFIC INC,0,0,0,1,0,0
XVV,iShares ESG Select Screened S&P 500 ETF,Trane Technologies PLC Class A,Clean200,TRANE,TRANE TECHNOLOGIES PLC CLASS A,1,0,0,0,0,0
XVV,iShares ESG Select Screened S&P 500 ETF,Tyson Foods Inc Class A,Deforestation; Prison,TSN,TYSON FOODS INC CLASS A,0,1,0,1,0,0
XVV,iShares ESG Select Screened S&P 500 ETF,Valero Energy Corp,Fossil Fuel,VLO,VALERO ENERGY CORP,0,0,1,0,0,0
XVV,iShares ESG Select Screened S&P 500 ETF,Veralto Corp,Clean200,VLTO,VERALTO CORP,1,0,0,0,0,0
XVV,iShares ESG Select Screened S&P 500 ETF,Williams Companies Inc,Fossil Fuel,WMB,WILLIAMS COMPANIES INC,0,0,1,0,0,0
XVV,iShares ESG Select Screened S&P 500 ETF,Williams-Sonoma Inc,Deforestation,WSM,WILLIAMS-SONOMA INC,0,1,0,0,0,0
XVV,iShares ESG Select Screened S&P 500 ETF,Xylem Inc,Clean200,XYL,XYLEM INC,1,0,0,0,0,0
XVV,iShares ESG Select Screened S&P 500 ETF,Yum Brands Inc,Deforestation; Prison,YUM,YUM BRANDS INC,0,1,0,1,0,0
