etf_ticker,etf_name,date,sector,security,shares,value,total_value,total_overall_value,name_normalized,company_ticker,name_normalized_old
CRBN,iShares MSCI ACWI Low Carbon Target ETF,31/07/18,Australia — 2.1%,AMP Ltd.,"39,330","99,409",,,amp,AMP.F,AMP LTD.
CRBN,iShares MSCI ACWI Low Carbon Target ETF,31/07/18,Australia — 2.1%,APA Group,"48,291","3,46,430",,,apa,APA,APA GROUP
CRBN,iShares MSCI ACWI Low Carbon Target ETF,31/07/18,Australia — 2.1%,Aristocrat Leisure Ltd.,"9,000","2,15,437",,,aristocrat leisure,ALL,ARISTOCRAT LEISURE LTD.
CRBN,iShares MSCI ACWI Low Carbon Target ETF,31/07/18,Australia — 2.1%,Australia & New Zealand Banking Group Ltd.,"40,050","8,72,354",,,australia and new zealand banking,AUSTR,AUSTRALIA & NEW ZEALAND BANKING GROUP LTD.
CRBN,iShares MSCI ACWI Low Carbon Target ETF,31/07/18,Australia — 2.1%,Bank of Queensland Ltd.,"14,220","1,17,445",,,bank of queensland,BKQNY,BANK OF QUEENSLAND LTD.
CRBN,iShares MSCI ACWI Low Carbon Target ETF,31/07/18,Australia — 2.1%,Bendigo & Adelaide Bank Ltd.,"11,430","99,501",,,bendigo and adelaide bank,BDJ.SG,BENDIGO & ADELAIDE BANK LTD.
CRBN,iShares MSCI ACWI Low Carbon Target ETF,31/07/18,Australia — 2.1%,Brambles Ltd.,"27,810","2,04,259",,,brambles,BXB,BRAMBLES LTD.
CRBN,iShares MSCI ACWI Low Carbon Target ETF,31/07/18,Australia — 2.1%,Commonwealth Bank of Australia,"23,502","13,06,685",,,commonwealth bank of australia,CBA,COMMONWEALTH BANK OF AUSTRALIA
CRBN,iShares MSCI ACWI Low Carbon Target ETF,31/07/18,Australia — 2.1%,Computershare Ltd.,"12,060","1,63,081",,,computershare,CPU,COMPUTERSHARE LTD.
CRBN,iShares MSCI ACWI Low Carbon Target ETF,31/07/18,Australia — 2.1%,Crown Resorts Ltd.,"4,950","49,678",,,crown resorts,CROWN,CROWN RESORTS LTD.
CRBN,iShares MSCI ACWI Low Carbon Target ETF,31/07/18,Australia — 2.1%,CSL Ltd.,"5,400","7,89,263",,,csl,CSL,CSL LTD.
CRBN,iShares MSCI ACWI Low Carbon Target ETF,31/07/18,Australia — 2.1%,Dexus,"18,900","1,41,627",,,dexus,0DPS.F,DEXUS
CRBN,iShares MSCI ACWI Low Carbon Target ETF,31/07/18,Australia — 2.1%,Domino’s Pizza Enterprises Ltd.,"1,080","40,103",,,domino s pizza enterprises,HQX.SG,DOMINO’S PIZZA ENTERPRISES LTD.
CRBN,iShares MSCI ACWI Low Carbon Target ETF,31/07/18,Australia — 2.1%,Fortescue Metals Group Ltd.,"41,760","1,35,664",,,fortescue metals,FVJ.SG,FORTESCUE METALS GROUP LTD.
CRBN,iShares MSCI ACWI Low Carbon Target ETF,31/07/18,Australia — 2.1%,Goodman Group,"31,950","2,28,728",,,goodman,MY4.SG,GOODMAN GROUP
CRBN,iShares MSCI ACWI Low Carbon Target ETF,31/07/18,Australia — 2.1%,GPT Group (The),"29,700","1,13,927",,,gpt the,GPTGR,GPT GROUP (THE)
CRBN,iShares MSCI ACWI Low Carbon Target ETF,31/07/18,Australia — 2.1%,Harvey Norman Holdings Ltd.,720,"1,900",,,harvey norman,HNN.SG,HARVEY NORMAN HOLDINGS LTD.
CRBN,iShares MSCI ACWI Low Carbon Target ETF,31/07/18,Australia — 2.1%,Insurance Australia Group Ltd.,"50,850","3,03,927",,,insurance australia,IAUGY,INSURANCE AUSTRALIA GROUP LTD.
CRBN,iShares MSCI ACWI Low Carbon Target ETF,31/07/18,Australia — 2.1%,LendLease Group,"5,670","84,849",,,lendlease,LLC.MU,LENDLEASE GROUP
CRBN,iShares MSCI ACWI Low Carbon Target ETF,31/07/18,Australia — 2.1%,Macquarie Group Ltd.,"7,200","6,57,391",,,macquarie,4M4.SG,MACQUARIE GROUP LTD.
CRBN,iShares MSCI ACWI Low Carbon Target ETF,31/07/18,Australia — 2.1%,Medibank Pvt Ltd.,"39,780","91,970",,,medibank pvt,MEDIB,MEDIBANK PVT LTD.
CRBN,iShares MSCI ACWI Low Carbon Target ETF,31/07/18,Australia — 2.1%,Mirvac Group,"1,00,260","1,69,936",,,mirvac,MRVGF,MIRVAC GROUP
CRBN,iShares MSCI ACWI Low Carbon Target ETF,31/07/18,Australia — 2.1%,National Australia Bank Ltd.,"43,022","9,06,066",,,national australia bank,NAB,NATIONAL AUSTRALIA BANK LTD.
CRBN,iShares MSCI ACWI Low Carbon Target ETF,31/07/18,Australia — 2.1%,Newcrest Mining Ltd.,"7,830","1,25,904",,,newcrest mining,NEWCR,NEWCREST MINING LTD.
CRBN,iShares MSCI ACWI Low Carbon Target ETF,31/07/18,Australia — 2.1%,QBE Insurance Group Ltd.,"18,450","1,38,529",,,qbe insurance,QBE,QBE INSURANCE GROUP LTD.
CRBN,iShares MSCI ACWI Low Carbon Target ETF,31/07/18,Australia — 2.1%,Ramsay Health Care Ltd.,990,"41,391",,,ramsay health care,RMYHY,RAMSAY HEALTH CARE LTD.
CRBN,iShares MSCI ACWI Low Carbon Target ETF,31/07/18,Australia — 2.1%,Scentre Group,"62,370","1,97,055",,,scentre,SCG,SCENTRE GROUP
CRBN,iShares MSCI ACWI Low Carbon Target ETF,31/07/18,Australia — 2.1%,SEEK Ltd.,"5,400","85,787",,,seek,SLD.SG,SEEK LTD.
CRBN,iShares MSCI ACWI Low Carbon Target ETF,31/07/18,Australia — 2.1%,Sonic Healthcare Ltd.,"4,590","88,990",,,sonic healthcare,SHL,SONIC HEALTHCARE LTD.
CRBN,iShares MSCI ACWI Low Carbon Target ETF,31/07/18,Australia — 2.1%,Stockland,"48,960","1,51,047",,,stockland,STKAF,STOCKLAND
CRBN,iShares MSCI ACWI Low Carbon Target ETF,31/07/18,Australia — 2.1%,Suncorp Group Ltd.,"37,350","4,15,657",,,suncorp,SUN,SUNCORP GROUP LTD.
CRBN,iShares MSCI ACWI Low Carbon Target ETF,31/07/18,Australia — 2.1%,Sydney Airport,"45,180","2,37,459",,,sydney airport,SYDNE,SYDNEY AIRPORT
CRBN,iShares MSCI ACWI Low Carbon Target ETF,31/07/18,Australia — 2.1%,Tabcorp Holdings Ltd.,"41,738","1,44,901",,,tabcorp,THL.SG,TABCORP HOLDINGS LTD.
CRBN,iShares MSCI ACWI Low Carbon Target ETF,31/07/18,Australia — 2.1%,Telstra Corp. Ltd.,"86,130","1,81,842",,,telstra,TLS,TELSTRA CORP. LTD.
CRBN,iShares MSCI ACWI Low Carbon Target ETF,31/07/18,Australia — 2.1%,Treasury Wine Estates Ltd.,"13,860","1,89,791",,,treasury wine estates,TSRYY,TREASURY WINE ESTATES LTD.
CRBN,iShares MSCI ACWI Low Carbon Target ETF,31/07/18,Australia — 2.1%,Wesfarmers Ltd.,"12,960","4,76,521",,,wesfarmers,WES,WESFARMERS LTD.
CRBN,iShares MSCI ACWI Low Carbon Target ETF,31/07/18,Australia — 2.1%,Westpac Banking Corp.,"44,028","9,64,238",,,westpac banking,WBC,WESTPAC BANKING CORP.
CRBN,iShares MSCI ACWI Low Carbon Target ETF,31/07/18,Australia — 2.1%,Woolworths Group Ltd.,"21,780","4,87,195","1,10,65,937",,woolworths,WOW,WOOLWORTHS GROUP LTD.
CRBN,iShares MSCI ACWI Low Carbon Target ETF,31/07/18,Austria — 0.1%,Erste Group Bank AG,"4,950","2,14,063",,,erste bank,EBS,ERSTE GROUP BANK AG
CRBN,iShares MSCI ACWI Low Carbon Target ETF,31/07/18,Austria — 0.1%,Raiffeisen Bank International AG,"3,870","1,29,187","3,43,250",,raiffeisen bank international,RAW0.SG,RAIFFEISEN BANK INTERNATIONAL AG
CRBN,iShares MSCI ACWI Low Carbon Target ETF,31/07/18,Belgium — 0.3%,Ageas,"2,340","1,25,534",,,ageas,AGS,AGEAS
CRBN,iShares MSCI ACWI Low Carbon Target ETF,31/07/18,Belgium — 0.3%,Anheuser-Busch InBev SA/NV,"9,360","9,48,305",,,anheuser busch inbev,ABI,ANHEUSER-BUSCH INBEV SA/NV
CRBN,iShares MSCI ACWI Low Carbon Target ETF,31/07/18,Belgium — 0.3%,Colruyt SA,"1,800","1,07,663",,,colruyt,COLRU,COLRUYT SA
CRBN,iShares MSCI ACWI Low Carbon Target ETF,31/07/18,Belgium — 0.3%,Proximus SADP,"1,530","37,468",,,proximus sadp,PROXB.XC,PROXIMUS SADP
CRBN,iShares MSCI ACWI Low Carbon Target ETF,31/07/18,Belgium — 0.3%,Umicore SA,"4,680","2,73,792","14,92,762",,umicore,UMICY,UMICORE SA
CRBN,iShares MSCI ACWI Low Carbon Target ETF,31/07/18,Brazil — 0.6%,Ambev SA,"1,08,001","5,58,023",,,ambev,ABEVN.MX,AMBEV SA
CRBN,iShares MSCI ACWI Low Carbon Target ETF,31/07/18,Brazil — 0.6%,"B3 SA - Brasil, Bolsa, Balcao","18,000","1,13,990",,,b3 brasil bolsa balcao,B3SA3,"B3 SA - BRASIL, BOLSA, BALCAO"
CRBN,iShares MSCI ACWI Low Carbon Target ETF,31/07/18,Brazil — 0.6%,Banco Bradesco SA,"10,692","79,351",,,banco bradesco,BBDC3,BANCO BRADESCO SA
CRBN,iShares MSCI ACWI Low Carbon Target ETF,31/07/18,Brazil — 0.6%,Banco do Brasil SA,"18,000","1,55,724",,,banco do brasil,BBAS3,BANCO DO BRASIL SA
CRBN,iShares MSCI ACWI Low Carbon Target ETF,31/07/18,Brazil — 0.6%,BB Seguridade Participacoes SA,"18,000","1,17,344",,,bb seguridade participacoes,BBSEY,BB SEGURIDADE PARTICIPACOES SA
CRBN,iShares MSCI ACWI Low Carbon Target ETF,31/07/18,Brazil — 0.6%,BRF SA,"9,000","54,264",,,brf,P5Y.DU,BRF SA
CRBN,iShares MSCI ACWI Low Carbon Target ETF,31/07/18,Brazil — 0.6%,CCR SA,"27,000","75,682",,,ccr,CCRSA,CCR SA
CRBN,iShares MSCI ACWI Low Carbon Target ETF,31/07/18,Brazil — 0.6%,Cielo SA,"20,936","79,973",,,cielo,CIELO,CIELO SA
CRBN,iShares MSCI ACWI Low Carbon Target ETF,31/07/18,Brazil — 0.6%,Embraer SA,"9,000","46,118",,,embraer,EMBR3,EMBRAER SA
CRBN,iShares MSCI ACWI Low Carbon Target ETF,31/07/18,Brazil — 0.6%,Fibria Celulose SA,"9,000","1,77,285",,,fibria celulose,FIBRI,FIBRIA CELULOSE SA
CRBN,iShares MSCI ACWI Low Carbon Target ETF,31/07/18,Brazil — 0.6%,Kroton Educacional SA,"18,000","54,144",,,kroton educacional,KROTO,KROTON EDUCACIONAL SA
CRBN,iShares MSCI ACWI Low Carbon Target ETF,31/07/18,Brazil — 0.6%,Localiza Rent a Car SA,"9,000","56,899",,,localiza rent a car,RENT3,LOCALIZA RENT A CAR SA
CRBN,iShares MSCI ACWI Low Carbon Target ETF,31/07/18,Brazil — 0.6%,Lojas Renner SA,"9,000","73,981",,,lojas renner,LREN3.BA,LOJAS RENNER SA
CRBN,iShares MSCI ACWI Low Carbon Target ETF,31/07/18,Brazil — 0.6%,Suzano Papel e Celulose SA,"9,000","1,06,731",,,suzano papel e celulose,SUZAN,SUZANO PAPEL E CELULOSE SA
CRBN,iShares MSCI ACWI Low Carbon Target ETF,31/07/18,Brazil — 0.6%,Ultrapar Participacoes SA,"27,001","2,92,173",,,ultrapar participacoes,UGP.BA,ULTRAPAR PARTICIPACOES SA
CRBN,iShares MSCI ACWI Low Carbon Target ETF,31/07/18,Brazil — 0.6%,Vale SA,"77,501","11,31,368","31,73,050",,vale,CVLB.MU,VALE SA
CRBN,iShares MSCI ACWI Low Carbon Target ETF,31/07/18,Canada — 3.4%,Agnico Eagle Mines Ltd.,"6,750","2,82,546",,,agnico eagle mines,AEM,AGNICO EAGLE MINES LTD.
CRBN,iShares MSCI ACWI Low Carbon Target ETF,31/07/18,Canada — 3.4%,"Alimentation Couche-Tard Inc., Class B","8,190","3,75,847",,,alimentation couche tard,ATD,"ALIMENTATION COUCHE-TARD INC., CLASS B"
CRBN,iShares MSCI ACWI Low Carbon Target ETF,31/07/18,Canada — 3.4%,Bank of Montreal,"7,020","5,55,939",,,bank of montreal,BMO,BANK OF MONTREAL
CRBN,iShares MSCI ACWI Low Carbon Target ETF,31/07/18,Canada — 3.4%,Bank of Nova Scotia (The),"18,180","10,76,418",,,bank of nova scotia the,BKN.F,BANK OF NOVA SCOTIA (THE)
CRBN,iShares MSCI ACWI Low Carbon Target ETF,31/07/18,Canada — 3.4%,BCE Inc.,"4,680","1,98,702",,,bce,BCE,BCE INC.
CRBN,iShares MSCI ACWI Low Carbon Target ETF,31/07/18,Canada — 3.4%,BlackBerry Ltd.,"12,060","1,18,284",,,blackberry,BB.NE,BLACKBERRY LTD.
CRBN,iShares MSCI ACWI Low Carbon Target ETF,31/07/18,Canada — 3.4%,"Bombardier Inc., Class B","34,020","1,28,032",,,bombardier,BBD-B.TO,"BOMBARDIER INC., CLASS B"
CRBN,iShares MSCI ACWI Low Carbon Target ETF,31/07/18,Canada — 3.4%,"Brookfield Asset Management Inc., Class A","14,670","6,18,461",,,brookfield asset management,BAM,"BROOKFIELD ASSET MANAGEMENT INC., CLASS A"
CRBN,iShares MSCI ACWI Low Carbon Target ETF,31/07/18,Canada — 3.4%,Cameco Corp.,"12,690","1,37,036",,,cameco,CCO,CAMECO CORP.
CRBN,iShares MSCI ACWI Low Carbon Target ETF,31/07/18,Canada — 3.4%,Canadian Imperial Bank of Commerce,"6,030","5,49,832",,,canadian imperial bank of commerce,CM,CANADIAN IMPERIAL BANK OF COMMERCE
CRBN,iShares MSCI ACWI Low Carbon Target ETF,31/07/18,Canada — 3.4%,Canadian National Railway Co.,"7,740","6,90,299",,,canadian national railway,CNR,CANADIAN NATIONAL RAILWAY CO.
CRBN,iShares MSCI ACWI Low Carbon Target ETF,31/07/18,Canada — 3.4%,Canadian Pacific Railway Ltd.,810,"1,60,494",,,canadian pacific railway,CANAD2,CANADIAN PACIFIC RAILWAY LTD.
CRBN,iShares MSCI ACWI Low Carbon Target ETF,31/07/18,Canada — 3.4%,"Canadian Tire Corp. Ltd., Class A, NVS",900,"1,22,468",,,canadian tire,YAAA.F,"CANADIAN TIRE CORP. LTD., CLASS A, NVS"
CRBN,iShares MSCI ACWI Low Carbon Target ETF,31/07/18,Canada — 3.4%,"CCL Industries Inc., Class B, NVS","4,140","2,09,862",,,ccl industries,CCL.B,"CCL INDUSTRIES INC., CLASS B, NVS"
CRBN,iShares MSCI ACWI Low Carbon Target ETF,31/07/18,Canada — 3.4%,"CGI Group Inc., Class A","2,430","1,56,737",,,cgi,GIB.A,"CGI GROUP INC., CLASS A"
CRBN,iShares MSCI ACWI Low Carbon Target ETF,31/07/18,Canada — 3.4%,Constellation Software Inc./Canada,270,"1,95,559",,,constellation software canada,CONST,CONSTELLATION SOFTWARE INC./CANADA
CRBN,iShares MSCI ACWI Low Carbon Target ETF,31/07/18,Canada — 3.4%,Dollarama Inc.,"6,210","2,24,171",,,dollarama,DOL,DOLLARAMA INC.
CRBN,iShares MSCI ACWI Low Carbon Target ETF,31/07/18,Canada — 3.4%,Enbridge Inc.,"22,689","8,05,094",,,enbridge,ENB,ENBRIDGE INC.
CRBN,iShares MSCI ACWI Low Carbon Target ETF,31/07/18,Canada — 3.4%,Fairfax Financial Holdings Ltd.,630,"3,55,645",,,fairfax financial,FRFHF,FAIRFAX FINANCIAL HOLDINGS LTD.
CRBN,iShares MSCI ACWI Low Carbon Target ETF,31/07/18,Canada — 3.4%,First Quantum Minerals Ltd.,"32,400","5,04,912",,,first quantum minerals,FQVLF,FIRST QUANTUM MINERALS LTD.
CRBN,iShares MSCI ACWI Low Carbon Target ETF,31/07/18,Canada — 3.4%,Franco-Nevada Corp.,"6,390","4,68,306",,,franco nevada,FNV,FRANCO-NEVADA CORP.
CRBN,iShares MSCI ACWI Low Carbon Target ETF,31/07/18,Canada — 3.4%,George Weston Ltd.,"5,220","4,33,877",,,george weston,WN,GEORGE WESTON LTD.
CRBN,iShares MSCI ACWI Low Carbon Target ETF,31/07/18,Canada — 3.4%,Goldcorp Inc.,"18,000","2,24,793",,,goldcorp,MGIDF,GOLDCORP INC.
CRBN,iShares MSCI ACWI Low Carbon Target ETF,31/07/18,Canada — 3.4%,Hydro One Ltd.,"37,440","5,46,359",,,hydro one,H,HYDRO ONE LTD.
CRBN,iShares MSCI ACWI Low Carbon Target ETF,31/07/18,Canada — 3.4%,Intact Financial Corp.,900,"68,599",,,intact financial,IFC,INTACT FINANCIAL CORP.
CRBN,iShares MSCI ACWI Low Carbon Target ETF,31/07/18,Canada — 3.4%,Loblaw Companies Ltd.,"2,880","1,52,140",,,loblaw companies,L,LOBLAW COMPANIES LTD.
CRBN,iShares MSCI ACWI Low Carbon Target ETF,31/07/18,Canada — 3.4%,Lundin Mining Corp.,"62,100","3,43,410",,,lundin mining,LUN,LUNDIN MINING CORP.
CRBN,iShares MSCI ACWI Low Carbon Target ETF,31/07/18,Canada — 3.4%,Magna International Inc.,"1,440","87,639",,,magna international,MGA,MAGNA INTERNATIONAL INC.
CRBN,iShares MSCI ACWI Low Carbon Target ETF,31/07/18,Canada — 3.4%,Manulife Financial Corp.,"20,070","3,72,420",,,manulife financial,MFC,MANULIFE FINANCIAL CORP.
CRBN,iShares MSCI ACWI Low Carbon Target ETF,31/07/18,Canada — 3.4%,Metro Inc.,"6,088","2,05,084",,,metro,MRU,METRO INC.
CRBN,iShares MSCI ACWI Low Carbon Target ETF,31/07/18,Canada — 3.4%,National Bank of Canada,"1,890","92,569",,,national bank of canada,NA.TO,NATIONAL BANK OF CANADA
CRBN,iShares MSCI ACWI Low Carbon Target ETF,31/07/18,Canada — 3.4%,Nutrien Ltd.,"7,560","4,10,226",,,nutrien,NTR,NUTRIEN LTD.
CRBN,iShares MSCI ACWI Low Carbon Target ETF,31/07/18,Canada — 3.4%,Pembina Pipeline Corp.,"30,368","10,91,569",,,pembina pipeline,PBA,PEMBINA PIPELINE CORP.
CRBN,iShares MSCI ACWI Low Carbon Target ETF,31/07/18,Canada — 3.4%,PrairieSky Royalty Ltd.,"52,650","9,98,005",,,prairiesky royalty,PREKF,PRAIRIESKY ROYALTY LTD.
CRBN,iShares MSCI ACWI Low Carbon Target ETF,31/07/18,Canada — 3.4%,Restaurant Brands International Inc.,"5,400","3,44,198",,,restaurant brands international,QSR,RESTAURANT BRANDS INTERNATIONAL INC.
CRBN,iShares MSCI ACWI Low Carbon Target ETF,31/07/18,Canada — 3.4%,"Rogers Communications Inc., Class B, NVS","5,040","2,56,723",,,rogers communications,RCI-B.TO,"ROGERS COMMUNICATIONS INC., CLASS B, NVS"
CRBN,iShares MSCI ACWI Low Carbon Target ETF,31/07/18,Canada — 3.4%,Royal Bank of Canada,"17,280","13,47,760",,,royal bank of canada,RY,ROYAL BANK OF CANADA
CRBN,iShares MSCI ACWI Low Carbon Target ETF,31/07/18,Canada — 3.4%,"Shaw Communications Inc., Class B, NVS","4,410","92,163",,,shaw communications,SHAWC2,"SHAW COMMUNICATIONS INC., CLASS B, NVS"
CRBN,iShares MSCI ACWI Low Carbon Target ETF,31/07/18,Canada — 3.4%,"Shopify Inc., Class A (a)(b)",990,"1,37,794",,,shopify a b,SHOP,"SHOPIFY INC., CLASS A (A)(B)"
CRBN,iShares MSCI ACWI Low Carbon Target ETF,31/07/18,Canada — 3.4%,SNC-Lavalin Group Inc.,"8,550","3,78,315",,,snc lavalin,SNCLA,SNC-LAVALIN GROUP INC.
CRBN,iShares MSCI ACWI Low Carbon Target ETF,31/07/18,Canada — 3.4%,Sun Life Financial Inc.,"5,310","2,16,968",,,sun life financial,SLF,SUN LIFE FINANCIAL INC.
CRBN,iShares MSCI ACWI Low Carbon Target ETF,31/07/18,Canada — 3.4%,TELUS Corp.,"2,700","98,606",,,telus,T,TELUS CORP.
CRBN,iShares MSCI ACWI Low Carbon Target ETF,31/07/18,Canada — 3.4%,Thomson Reuters Corp.,"5,940","2,46,268",,,thomson reuters,TRI,THOMSON REUTERS CORP.
CRBN,iShares MSCI ACWI Low Carbon Target ETF,31/07/18,Canada — 3.4%,Toronto-Dominion Bank (The),"22,230","13,17,580",,,toronto dominion bank the,TD,TORONTO-DOMINION BANK (THE)
CRBN,iShares MSCI ACWI Low Carbon Target ETF,31/07/18,Canada — 3.4%,Turquoise Hill Resources Ltd.,"1,12,590","3,12,174",,,turquoise hill resources,TURQU,TURQUOISE HILL RESOURCES LTD.
CRBN,iShares MSCI ACWI Low Carbon Target ETF,31/07/18,Canada — 3.4%,Wheaton Precious Metals Corp.,"21,240","4,44,702","1,81,54,585",,wheaton precious metals,WPM,WHEATON PRECIOUS METALS CORP.
CRBN,iShares MSCI ACWI Low Carbon Target ETF,31/07/18,Chile — 0.1%,"Aguas Andinas SA, Class A","3,64,950","2,11,716",,,aguas andinas,AGUAS3,"AGUAS ANDINAS SA, CLASS A"
CRBN,iShares MSCI ACWI Low Carbon Target ETF,31/07/18,Chile — 0.1%,Cencosud SA,"32,040","87,492",,,cencosud,CENCOSUD,CENCOSUD SA
CRBN,iShares MSCI ACWI Low Carbon Target ETF,31/07/18,Chile — 0.1%,SACI Falabella,"14,490","1,34,318","4,33,526",,saci falabella,SACIF,SACI FALABELLA
CRBN,iShares MSCI ACWI Low Carbon Target ETF,31/07/18,China — 3.6%,"58.com Inc., ADR (a)(b)","1,350","90,801",,,58 com adr a b,COMIN3,"58.COM INC., ADR (A)(B)"
CRBN,iShares MSCI ACWI Low Carbon Target ETF,31/07/18,China — 3.6%,"Agricultural Bank of China Ltd., Class H","8,10,000","3,92,244",,,agricultural bank of china class h,EK7.DU,"AGRICULTURAL BANK OF CHINA LTD., CLASS H"
CRBN,iShares MSCI ACWI Low Carbon Target ETF,31/07/18,China — 3.6%,"Alibaba Group Holding Ltd., ADR (a)(b)","14,940","27,97,216",,,alibaba holding adr a b,AHL1.F,"ALIBABA GROUP HOLDING LTD., ADR (A)(B)"
CRBN,iShares MSCI ACWI Low Carbon Target ETF,31/07/18,China — 3.6%,"Baidu Inc., ADR","3,690","9,12,094",,,baidu adr,BIDU,"BAIDU INC., ADR"
CRBN,iShares MSCI ACWI Low Carbon Target ETF,31/07/18,China — 3.6%,"Bank of China Ltd., Class H","15,30,000","7,17,509",,,bank of china class h,W8V0.F,"BANK OF CHINA LTD., CLASS H"
CRBN,iShares MSCI ACWI Low Carbon Target ETF,31/07/18,China — 3.6%,"Bank of Communications Co. Ltd., Class H","2,70,000","1,94,746",,,bank of communications class h,C4C.SG,"BANK OF COMMUNICATIONS CO. LTD., CLASS H"
CRBN,iShares MSCI ACWI Low Carbon Target ETF,31/07/18,China — 3.6%,"Bank of Jiangsu Co. Ltd., Class A","81,295","76,581",,,bank of jiangsu,600919.SS,"BANK OF JIANGSU CO. LTD., CLASS A"
CRBN,iShares MSCI ACWI Low Carbon Target ETF,31/07/18,China — 3.6%,"Bank of Ningbo Co. Ltd., Class A","18,000","46,035",,,bank of ningbo,002142.SZ,"BANK OF NINGBO CO. LTD., CLASS A"
CRBN,iShares MSCI ACWI Low Carbon Target ETF,31/07/18,China — 3.6%,"Baoshan Iron & Steel Co. Ltd., Class A","20,200","25,757",,,baoshan iron and steel,600019.SS,"BAOSHAN IRON & STEEL CO. LTD., CLASS A"
CRBN,iShares MSCI ACWI Low Carbon Target ETF,31/07/18,China — 3.6%,"CGN Power Co. Ltd., Class H","16,20,000","4,29,404",,,cgn power class h,003816.SZ,"CGN POWER CO. LTD., CLASS H"
CRBN,iShares MSCI ACWI Low Carbon Target ETF,31/07/18,China — 3.6%,"China CITIC Bank Corp. Ltd., Class H","1,80,000","1,15,379",,,china citic bank class h,CHCJY,"CHINA CITIC BANK CORP. LTD., CLASS H"
CRBN,iShares MSCI ACWI Low Carbon Target ETF,31/07/18,China — 3.6%,China Conch Venture Holdings Ltd.,"45,000","1,69,456",,,china conch venture,586,CHINA CONCH VENTURE HOLDINGS LTD.
CRBN,iShares MSCI ACWI Low Carbon Target ETF,31/07/18,China — 3.6%,"China Construction Bank Corp., Class A","1,80,000","1,85,145",,,china construction bank,CICHF,"CHINA CONSTRUCTION BANK CORP., CLASS A"
CRBN,iShares MSCI ACWI Low Carbon Target ETF,31/07/18,China — 3.6%,"China Construction Bank Corp., Class H","13,35,000","12,09,592",,,china construction bank class h,CICHF,"CHINA CONSTRUCTION BANK CORP., CLASS H"
CRBN,iShares MSCI ACWI Low Carbon Target ETF,31/07/18,China — 3.6%,China First Capital Group Ltd.,"84,000","54,593",,,china first capital,CHINA22,CHINA FIRST CAPITAL GROUP LTD.
CRBN,iShares MSCI ACWI Low Carbon Target ETF,31/07/18,China — 3.6%,"China Huarong Asset Management Co. Ltd., Class H","90,000","22,938",,,china huarong asset management class h,CHINA23,"CHINA HUARONG ASSET MANAGEMENT CO. LTD., CLASS H"
CRBN,iShares MSCI ACWI Low Carbon Target ETF,31/07/18,China — 3.6%,"China Life Insurance Co. Ltd., Class H","1,80,000","4,49,131",,,china life insurance class h,CHL.F,"CHINA LIFE INSURANCE CO. LTD., CLASS H"
CRBN,iShares MSCI ACWI Low Carbon Target ETF,31/07/18,China — 3.6%,"China Merchants Bank Co. Ltd., Class H","1,35,000","5,27,293",,,china merchants bank class h,600036.SS,"CHINA MERCHANTS BANK CO. LTD., CLASS H"
CRBN,iShares MSCI ACWI Low Carbon Target ETF,31/07/18,China — 3.6%,"China Minsheng Banking Corp. Ltd., Class H","1,08,200","80,111",,,china minsheng banking class h,CMAKY,"CHINA MINSHENG BANKING CORP. LTD., CLASS H"
CRBN,iShares MSCI ACWI Low Carbon Target ETF,31/07/18,China — 3.6%,China Mobile Ltd.,"90,000","8,12,015",,,china mobile,600941.SS,CHINA MOBILE LTD.
CRBN,iShares MSCI ACWI Low Carbon Target ETF,31/07/18,China — 3.6%,"China Oilfield Services Ltd., Class H","1,86,000","1,70,661",,,china oilfield services class h,CO9.F,"CHINA OILFIELD SERVICES LTD., CLASS H"
CRBN,iShares MSCI ACWI Low Carbon Target ETF,31/07/18,China — 3.6%,"China Pacific Insurance Group Co. Ltd., Class H","36,000","1,40,382",,,china pacific insurance class h,75CB.F,"CHINA PACIFIC INSURANCE GROUP CO. LTD., CLASS H"
CRBN,iShares MSCI ACWI Low Carbon Target ETF,31/07/18,China — 3.6%,China Resources Gas Group Ltd.,"1,80,000","8,53,303",,,china resources gas,1193,CHINA RESOURCES GAS GROUP LTD.
CRBN,iShares MSCI ACWI Low Carbon Target ETF,31/07/18,China — 3.6%,China Taiping Insurance Holdings Co. Ltd.,"36,000","1,23,178",,,china taiping insurance,HIUC.SG,CHINA TAIPING INSURANCE HOLDINGS CO. LTD.
CRBN,iShares MSCI ACWI Low Carbon Target ETF,31/07/18,China — 3.6%,"China Telecom Corp. Ltd., Class H","1,80,000","85,101",,,china telecom class h,CHINA24,"CHINA TELECOM CORP. LTD., CLASS H"
CRBN,iShares MSCI ACWI Low Carbon Target ETF,31/07/18,China — 3.6%,China Unicom Hong Kong Ltd.,"1,80,000","2,21,813",,,china unicom hong kong,CHINA13,CHINA UNICOM HONG KONG LTD.
CRBN,iShares MSCI ACWI Low Carbon Target ETF,31/07/18,China — 3.6%,"China Vanke Co. Ltd., Class H","25,600","81,721",,,china vanke class h,CHVKY,"CHINA VANKE CO. LTD., CLASS H"
CRBN,iShares MSCI ACWI Low Carbon Target ETF,31/07/18,China — 3.6%,"Chongqing Rural Commercial Bank Co. Ltd., Class H","90,000","54,937",,,chongqing rural commercial bank class h,C3B.F,"CHONGQING RURAL COMMERCIAL BANK CO. LTD., CLASS H"
CRBN,iShares MSCI ACWI Low Carbon Target ETF,31/07/18,China — 3.6%,"CITIC Securities Co. Ltd., Class H","45,000","89,803",,,citic securities class h,CI9.F,"CITIC SECURITIES CO. LTD., CLASS H"
CRBN,iShares MSCI ACWI Low Carbon Target ETF,31/07/18,China — 3.6%,"Ctrip.com International Ltd., ADR","6,570","2,70,356",,,ctrip com international adr,0I50.L,"CTRIP.COM INTERNATIONAL LTD., ADR"
CRBN,iShares MSCI ACWI Low Carbon Target ETF,31/07/18,China — 3.6%,"Dr. Peng Telecom & Media Group Co. Ltd., Class A","26,570","44,951",,,dr peng telecom and media,DRPEN,"DR. PENG TELECOM & MEDIA GROUP CO. LTD., CLASS A"
CRBN,iShares MSCI ACWI Low Carbon Target ETF,31/07/18,China — 3.6%,Geely Automobile Holdings Ltd.,"90,000","2,05,297",,,geely automobile,175,GEELY AUTOMOBILE HOLDINGS LTD.
CRBN,iShares MSCI ACWI Low Carbon Target ETF,31/07/18,China — 3.6%,"Great Wall Motor Co. Ltd., Class H","85,500","61,343",,,great wall motor class h,GRVB.F,"GREAT WALL MOTOR CO. LTD., CLASS H"
CRBN,iShares MSCI ACWI Low Carbon Target ETF,31/07/18,China — 3.6%,"Huaneng Renewables Corp. Ltd., Class H","7,20,000","2,67,919",,,huaneng renewables class h,HUANE2,"HUANENG RENEWABLES CORP. LTD., CLASS H"
CRBN,iShares MSCI ACWI Low Carbon Target ETF,31/07/18,China — 3.6%,"Industrial & Commercial Bank of China Ltd., Class H","13,50,000","9,99,535",,,industrial and commercial bank of china class h,INDUS4,"INDUSTRIAL & COMMERCIAL BANK OF CHINA LTD., CLASS H"
CRBN,iShares MSCI ACWI Low Carbon Target ETF,31/07/18,China — 3.6%,"JD.com Inc., ADR","13,680","4,90,565",,,jd com adr,JD,"JD.COM INC., ADR"
CRBN,iShares MSCI ACWI Low Carbon Target ETF,31/07/18,China — 3.6%,"Jiangsu Expressway Co. Ltd., Class H","1,80,000","2,18,831",,,jiangsu expressway class h,JE2.F,"JIANGSU EXPRESSWAY CO. LTD., CLASS H"
CRBN,iShares MSCI ACWI Low Carbon Target ETF,31/07/18,China — 3.6%,Jiayuan International Group Ltd.,"10,000","19,421",,,jiayuan international,JIAYU,JIAYUAN INTERNATIONAL GROUP LTD.
CRBN,iShares MSCI ACWI Low Carbon Target ETF,31/07/18,China — 3.6%,"NetEase Inc., ADR",810,"2,08,980",,,netease adr,NTES,"NETEASE INC., ADR"
CRBN,iShares MSCI ACWI Low Carbon Target ETF,31/07/18,China — 3.6%,"New Oriental Education & Technology Group Inc., ADR","2,430","2,09,077",,,new oriental education and technology adr,EDU,"NEW ORIENTAL EDUCATION & TECHNOLOGY GROUP INC., ADR"
CRBN,iShares MSCI ACWI Low Carbon Target ETF,31/07/18,China — 3.6%,"Offshore Oil Engineering Co. Ltd., Class A","8,000","6,257",,,offshore oil engineering,600583.SS,"OFFSHORE OIL ENGINEERING CO. LTD., CLASS A"
CRBN,iShares MSCI ACWI Low Carbon Target ETF,31/07/18,China — 3.6%,"People’s Insurance Co. Group of China Ltd. (The), Class H","2,70,000","1,20,426",,,people s insurance of china the class h,PEOPL3,"PEOPLE’S INSURANCE CO. GROUP OF CHINA LTD. (THE), CLASS H"
CRBN,iShares MSCI ACWI Low Carbon Target ETF,31/07/18,China — 3.6%,"Ping An Insurance Group Co. of China Ltd., Class H","90,000","8,34,953",,,ping an insurance of china class h,PINGA3,"PING AN INSURANCE GROUP CO. OF CHINA LTD., CLASS H"
CRBN,iShares MSCI ACWI Low Carbon Target ETF,31/07/18,China — 3.6%,"Shenzhen Overseas Chinese Town Co. Ltd., Class A","36,000","35,708",,,shenzhen overseas chinese town,SHENZ,"SHENZHEN OVERSEAS CHINESE TOWN CO. LTD., CLASS A"
CRBN,iShares MSCI ACWI Low Carbon Target ETF,31/07/18,China — 3.6%,SOHO China Ltd.,"1,35,000","63,482",,,soho china,45S.SG,SOHO CHINA LTD.
CRBN,iShares MSCI ACWI Low Carbon Target ETF,31/07/18,China — 3.6%,"TAL Education Group, Class A, ADR","5,940","1,90,021",,,tal education adr,TAL,"TAL EDUCATION GROUP, CLASS A, ADR"
CRBN,iShares MSCI ACWI Low Carbon Target ETF,31/07/18,China — 3.6%,Tencent Holdings Ltd.,"72,000","32,59,069",,,tencent,700,TENCENT HOLDINGS LTD.
CRBN,iShares MSCI ACWI Low Carbon Target ETF,31/07/18,China — 3.6%,"Vipshop Holdings Ltd., ADR","8,280","79,902",,,vipshop adr,1VPA.F,"VIPSHOP HOLDINGS LTD., ADR"
CRBN,iShares MSCI ACWI Low Carbon Target ETF,31/07/18,China — 3.6%,Want Want China Holdings Ltd.,"90,000","74,435",,,want want china,151,WANT WANT CHINA HOLDINGS LTD.
CRBN,iShares MSCI ACWI Low Carbon Target ETF,31/07/18,China — 3.6%,Wuxi Biologics Cayman Inc. (b)(c),"12,000","1,22,032",,,wuxi biologics cayman b c,WUXIB,WUXI BIOLOGICS CAYMAN INC. (B)(C)
CRBN,iShares MSCI ACWI Low Carbon Target ETF,31/07/18,China — 3.6%,"XCMG Construction Machinery Co. Ltd., Class A","1,700","1,058",,,xcmg construction machinery,XCMGC,"XCMG CONSTRUCTION MACHINERY CO. LTD., CLASS A"
CRBN,iShares MSCI ACWI Low Carbon Target ETF,31/07/18,China — 3.6%,Yum China Holdings Inc.,"5,157","1,86,065",,,yum china,YUMC,YUM CHINA HOLDINGS INC.
CRBN,iShares MSCI ACWI Low Carbon Target ETF,31/07/18,China — 3.6%,"Zhejiang Expressway Co. Ltd., Class H","1,80,000","1,52,769",,,zhejiang expressway class h,ZHJ.F,"ZHEJIANG EXPRESSWAY CO. LTD., CLASS H"
CRBN,iShares MSCI ACWI Low Carbon Target ETF,31/07/18,China — 3.6%,"ZhongAn Online P&C Insurance Co. Ltd., Class H (a)(b)(c)","20,900","95,749",,,zhongan online p and c insurance class h a b c,1ZO.F,"ZHONGAN ONLINE P&C INSURANCE CO. LTD., CLASS H (A)(B)(C)"
CRBN,iShares MSCI ACWI Low Carbon Target ETF,31/07/18,China — 3.6%,"Zoomlion Heavy Industry Science and Technology Co. Ltd., Class A","1,17,000","71,760","1,94,18,900",,zoomlion heavy industry science and technology,ZOOML,"ZOOMLION HEAVY INDUSTRY SCIENCE AND TECHNOLOGY CO. LTD., CLASS A"
CRBN,iShares MSCI ACWI Low Carbon Target ETF,31/07/18,Colombia — 0.1%,Grupo de Inversiones Suramericana SA,"5,400","67,471",,,grupo de inversiones suramericana,GRUPO6,GRUPO DE INVERSIONES SURAMERICANA SA
CRBN,iShares MSCI ACWI Low Carbon Target ETF,31/07/18,Colombia — 0.1%,Interconexion Electrica SA ESP,"1,08,180","5,31,677","5,99,148",,interconexion electrica esp,INTER2,INTERCONEXION ELECTRICA SA ESP
CRBN,iShares MSCI ACWI Low Carbon Target ETF,31/07/18,Denmark — 0.5%,"Carlsberg A/S, Class B",780,"94,106",,,carlsberg a s,CBGA.F,"CARLSBERG A/S, CLASS B"
CRBN,iShares MSCI ACWI Low Carbon Target ETF,31/07/18,Denmark — 0.5%,Chr Hansen Holding A/S,"3,122","3,23,514",,,chr hansen holding a s,CHRHA,CHR HANSEN HOLDING A/S
CRBN,iShares MSCI ACWI Low Carbon Target ETF,31/07/18,Denmark — 0.5%,"Coloplast A/S, Class B",540,"58,942",,,coloplast a s,CBHD.F,"COLOPLAST A/S, CLASS B"
CRBN,iShares MSCI ACWI Low Carbon Target ETF,31/07/18,Denmark — 0.5%,Danske Bank A/S,"7,153","2,08,111",,,danske bank a s,DANSKE.CO,DANSKE BANK A/S
CRBN,iShares MSCI ACWI Low Carbon Target ETF,31/07/18,Denmark — 0.5%,Genmab A/S,540,"92,612",,,genmab a s,GMAB,GENMAB A/S
CRBN,iShares MSCI ACWI Low Carbon Target ETF,31/07/18,Denmark — 0.5%,ISS A/S,"1,800","67,338",,,iss a s,ISS.CO,ISS A/S
CRBN,iShares MSCI ACWI Low Carbon Target ETF,31/07/18,Denmark — 0.5%,"Novo Nordisk A/S, Class B","21,510","10,74,782",,,novo nordisk a s,NVO,"NOVO NORDISK A/S, CLASS B"
CRBN,iShares MSCI ACWI Low Carbon Target ETF,31/07/18,Denmark — 0.5%,"Novozymes A/S, Class B","7,512","3,95,819",,,novozymes a s,NOVOZ3,"NOVOZYMES A/S, CLASS B"
CRBN,iShares MSCI ACWI Low Carbon Target ETF,31/07/18,Denmark — 0.5%,Pandora A/S,"1,026","72,995",,,pandora a s,PNDORA.CO,PANDORA A/S
CRBN,iShares MSCI ACWI Low Carbon Target ETF,31/07/18,Denmark — 0.5%,Vestas Wind Systems A/S,"2,970","1,91,757","25,79,976",,vestas wind systems a s,VWS.CO,VESTAS WIND SYSTEMS A/S
CRBN,iShares MSCI ACWI Low Carbon Target ETF,31/07/18,Finland — 0.3%,"Kone OYJ, Class B","5,580","3,05,486",,,kone oyj,KONEO2,"KONE OYJ, CLASS B"
CRBN,iShares MSCI ACWI Low Carbon Target ETF,31/07/18,Finland — 0.3%,Metso OYJ,"2,160","79,105",,,metso oyj,OUKPY,METSO OYJ
CRBN,iShares MSCI ACWI Low Carbon Target ETF,31/07/18,Finland — 0.3%,Neste OYJ,"2,700","2,23,098",,,neste oyj,NTOIY,NESTE OYJ
CRBN,iShares MSCI ACWI Low Carbon Target ETF,31/07/18,Finland — 0.3%,Nokia OYJ,"65,700","3,57,149",,,nokia oyj,0K8D.L,NOKIA OYJ
CRBN,iShares MSCI ACWI Low Carbon Target ETF,31/07/18,Finland — 0.3%,"Sampo OYJ, Class A","6,120","3,11,204",,,sampo oyj,SAMPOH.XD,"SAMPO OYJ, CLASS A"
CRBN,iShares MSCI ACWI Low Carbon Target ETF,31/07/18,Finland — 0.3%,Wartsila OYJ Abp,"6,480","1,40,190","14,16,232",,wartsila oyj abp,WRTBF,WARTSILA OYJ ABP
CRBN,iShares MSCI ACWI Low Carbon Target ETF,31/07/18,France — 3.6%,"Aeroports de Paris, NVS","1,260","2,82,174",,,aeroports de paris,ADP,"AEROPORTS DE PARIS, NVS"
CRBN,iShares MSCI ACWI Low Carbon Target ETF,31/07/18,France — 3.6%,Airbus SE,"8,010","9,93,443",,,airbus se,AIR.PA,AIRBUS SE
CRBN,iShares MSCI ACWI Low Carbon Target ETF,31/07/18,France — 3.6%,"Alstom SA, NVS","3,870","1,73,788",,,alstom,ALO,"ALSTOM SA, NVS"
CRBN,iShares MSCI ACWI Low Carbon Target ETF,31/07/18,France — 3.6%,Amundi SA,630,"43,520",,,amundi,AMUN,AMUNDI SA
CRBN,iShares MSCI ACWI Low Carbon Target ETF,31/07/18,France — 3.6%,Atos SE,810,"1,08,848",,,atos se,ATOP.XD,ATOS SE
CRBN,iShares MSCI ACWI Low Carbon Target ETF,31/07/18,France — 3.6%,"AXA SA, NVS","30,510","7,71,082",,,axa,CS,"AXA SA, NVS"
CRBN,iShares MSCI ACWI Low Carbon Target ETF,31/07/18,France — 3.6%,BNP Paribas SA,"11,430","7,44,513",,,bnp paribas,BNP,BNP PARIBAS SA
CRBN,iShares MSCI ACWI Low Carbon Target ETF,31/07/18,France — 3.6%,"Bollore SA, NVS","50,940","2,37,337",,,bollore,BOLLO2,"BOLLORE SA, NVS"
CRBN,iShares MSCI ACWI Low Carbon Target ETF,31/07/18,France — 3.6%,"Bureau Veritas SA, NVS","5,940","1,53,111",,,bureau veritas,BVI,"BUREAU VERITAS SA, NVS"
CRBN,iShares MSCI ACWI Low Carbon Target ETF,31/07/18,France — 3.6%,Capgemini SE,"2,610","3,35,311",,,capgemini se,CAPMF,CAPGEMINI SE
CRBN,iShares MSCI ACWI Low Carbon Target ETF,31/07/18,France — 3.6%,"Carrefour SA, NVS","1,800","32,350",,,carrefour,CA,"CARREFOUR SA, NVS"
CRBN,iShares MSCI ACWI Low Carbon Target ETF,31/07/18,France — 3.6%,"CNP Assurances, NVS","8,550","2,00,079",,,cnp assurances,CNPAS2,"CNP ASSURANCES, NVS"
CRBN,iShares MSCI ACWI Low Carbon Target ETF,31/07/18,France — 3.6%,Covivio,"1,085","1,13,176",,,covivio,COV,COVIVIO
CRBN,iShares MSCI ACWI Low Carbon Target ETF,31/07/18,France — 3.6%,Credit Agricole SA,"12,150","1,70,807",,,credit agricole,ACA,CREDIT AGRICOLE SA
CRBN,iShares MSCI ACWI Low Carbon Target ETF,31/07/18,France — 3.6%,"Danone SA, NVS","8,460","6,65,287",,,danone,BN,"DANONE SA, NVS"
CRBN,iShares MSCI ACWI Low Carbon Target ETF,31/07/18,France — 3.6%,"Dassault Aviation SA, NVS",90,"1,66,381",,,dassault aviation,AMP.XC,"DASSAULT AVIATION SA, NVS"
CRBN,iShares MSCI ACWI Low Carbon Target ETF,31/07/18,France — 3.6%,"Dassault Systemes SE, NVS",810,"1,21,121",,,dassault systemes se,DSYA.F,"DASSAULT SYSTEMES SE, NVS"
CRBN,iShares MSCI ACWI Low Carbon Target ETF,31/07/18,France — 3.6%,"Edenred, NVS","5,310","2,09,191",,,edenred,EDEN,"EDENRED, NVS"
CRBN,iShares MSCI ACWI Low Carbon Target ETF,31/07/18,France — 3.6%,"Eiffage SA, NVS",450,"50,399",,,eiffage,FGR,"EIFFAGE SA, NVS"
CRBN,iShares MSCI ACWI Low Carbon Target ETF,31/07/18,France — 3.6%,"Essilor International Cie Generale d’Optique SA, NVS","3,060","4,51,841",,,essilor international cie generale d optique,ESSIL,"ESSILOR INTERNATIONAL CIE GENERALE D’OPTIQUE SA, NVS"
CRBN,iShares MSCI ACWI Low Carbon Target ETF,31/07/18,France — 3.6%,"Eurazeo SA, NVS","4,299","3,32,738",,,eurazeo,RF,"EURAZEO SA, NVS"
CRBN,iShares MSCI ACWI Low Carbon Target ETF,31/07/18,France — 3.6%,Eutelsat Communications SA,"3,960","84,884",,,eutelsat communications,ETLP.XD,EUTELSAT COMMUNICATIONS SA
CRBN,iShares MSCI ACWI Low Carbon Target ETF,31/07/18,France — 3.6%,Gecina SA,785,"1,34,008",,,gecina,GFC,GECINA SA
CRBN,iShares MSCI ACWI Low Carbon Target ETF,31/07/18,France — 3.6%,"Getlink, NVS","16,110","2,12,905",,,getlink,GET,"GETLINK, NVS"
CRBN,iShares MSCI ACWI Low Carbon Target ETF,31/07/18,France — 3.6%,"Hermes International, NVS",480,"3,04,176",,,hermes international,RMS,"HERMES INTERNATIONAL, NVS"
CRBN,iShares MSCI ACWI Low Carbon Target ETF,31/07/18,France — 3.6%,ICADE,630,"61,034",,,icade,ICADP.XC,ICADE
CRBN,iShares MSCI ACWI Low Carbon Target ETF,31/07/18,France — 3.6%,"Iliad SA, NVS",990,"1,56,956",,,iliad,ILIAD2,"ILIAD SA, NVS"
CRBN,iShares MSCI ACWI Low Carbon Target ETF,31/07/18,France — 3.6%,"Ingenico Group SA, NVS",720,"59,779",,,ingenico,INGEN2,"INGENICO GROUP SA, NVS"
CRBN,iShares MSCI ACWI Low Carbon Target ETF,31/07/18,France — 3.6%,"Kering SA, NVS","1,170","6,24,245",,,kering,KER,"KERING SA, NVS"
CRBN,iShares MSCI ACWI Low Carbon Target ETF,31/07/18,France — 3.6%,Klepierre SA,"4,770","1,80,103",,,klepierre,LIP.XC,KLEPIERRE SA
CRBN,iShares MSCI ACWI Low Carbon Target ETF,31/07/18,France — 3.6%,Legrand SA,"4,590","3,37,484",,,legrand,LR,LEGRAND SA
CRBN,iShares MSCI ACWI Low Carbon Target ETF,31/07/18,France — 3.6%,L’Oreal SA,"4,140","10,14,820",,,l oreal,ORP.XC,L’OREAL SA
CRBN,iShares MSCI ACWI Low Carbon Target ETF,31/07/18,France — 3.6%,"LVMH Moet Hennessy Louis Vuitton SE, NVS","3,780","13,21,751",,,lvmh moet hennessy louis vuitton se,MOH.BE,"LVMH MOET HENNESSY LOUIS VUITTON SE, NVS"
CRBN,iShares MSCI ACWI Low Carbon Target ETF,31/07/18,France — 3.6%,Natixis SA,"20,880","1,50,248",,,natixis,NATIX,NATIXIS SA
CRBN,iShares MSCI ACWI Low Carbon Target ETF,31/07/18,France — 3.6%,"Orange SA, NVS","22,410","3,83,217",,,orange,FTE.MU,"ORANGE SA, NVS"
CRBN,iShares MSCI ACWI Low Carbon Target ETF,31/07/18,France — 3.6%,"Pernod Ricard SA, NVS","3,510","5,66,544",,,pernod ricard,RI,"PERNOD RICARD SA, NVS"
CRBN,iShares MSCI ACWI Low Carbon Target ETF,31/07/18,France — 3.6%,"Peugeot SA, NVS","12,240","3,52,450",,,peugeot,PEUGE2,"PEUGEOT SA, NVS"
CRBN,iShares MSCI ACWI Low Carbon Target ETF,31/07/18,France — 3.6%,"Publicis Groupe SA, NVS","2,430","1,55,410",,,publicis groupe,PUB,"PUBLICIS GROUPE SA, NVS"
CRBN,iShares MSCI ACWI Low Carbon Target ETF,31/07/18,France — 3.6%,"Remy Cointreau SA, NVS",270,"36,899",,,remy cointreau,REMYY,"REMY COINTREAU SA, NVS"
CRBN,iShares MSCI ACWI Low Carbon Target ETF,31/07/18,France — 3.6%,"Renault SA, NVS","3,780","3,32,992",,,renault,RNO,"RENAULT SA, NVS"
CRBN,iShares MSCI ACWI Low Carbon Target ETF,31/07/18,France — 3.6%,Rexel SA,"6,210","97,256",,,rexel,RXL,REXEL SA
CRBN,iShares MSCI ACWI Low Carbon Target ETF,31/07/18,France — 3.6%,Safran SA,"5,040","6,25,383",,,safran,SAF,SAFRAN SA
CRBN,iShares MSCI ACWI Low Carbon Target ETF,31/07/18,France — 3.6%,"Sanofi, NVS","14,940","13,00,029",,,sanofi,SAN,"SANOFI, NVS"
CRBN,iShares MSCI ACWI Low Carbon Target ETF,31/07/18,France — 3.6%,"Schneider Electric SE, NVS","10,440","8,40,903",,,schneider electric se,SU.PA,"SCHNEIDER ELECTRIC SE, NVS"
CRBN,iShares MSCI ACWI Low Carbon Target ETF,31/07/18,France — 3.6%,SCOR SE,"4,500","1,75,069",,,scor se,SCR.PA,SCOR SE
CRBN,iShares MSCI ACWI Low Carbon Target ETF,31/07/18,France — 3.6%,SES SA,"5,760","1,15,212",,,ses,SESGP.XD,SES SA
CRBN,iShares MSCI ACWI Low Carbon Target ETF,31/07/18,France — 3.6%,"Societe BIC SA, NVS",810,"77,478",,,societe bic,0MGP.IL,"SOCIETE BIC SA, NVS"
CRBN,iShares MSCI ACWI Low Carbon Target ETF,31/07/18,France — 3.6%,"Societe Generale SA, NVS","10,080","4,49,473",,,societe generale,GLE,"SOCIETE GENERALE SA, NVS"
CRBN,iShares MSCI ACWI Low Carbon Target ETF,31/07/18,France — 3.6%,"Sodexo SA, NVS","1,890","2,09,375",,,sodexo,SW,"SODEXO SA, NVS"
CRBN,iShares MSCI ACWI Low Carbon Target ETF,31/07/18,France — 3.6%,STMicroelectronics NV,"7,470","1,62,613",,,stmicroelectronics,STMPA,STMICROELECTRONICS NV
CRBN,iShares MSCI ACWI Low Carbon Target ETF,31/07/18,France — 3.6%,"Thales SA, NVS","1,710","2,24,988",,,thales,HO,"THALES SA, NVS"
CRBN,iShares MSCI ACWI Low Carbon Target ETF,31/07/18,France — 3.6%,Unibail-Rodamco-Westfield,488,"1,08,401",,,unibail rodamco westfield,URW.PA,UNIBAIL-RODAMCO-WESTFIELD
CRBN,iShares MSCI ACWI Low Carbon Target ETF,31/07/18,France — 3.6%,"Unibail-Rodamco-Westfield, New","2,256","5,01,134",,,unibail rodamco westfield new,URW.PA,"UNIBAIL-RODAMCO-WESTFIELD, NEW"
CRBN,iShares MSCI ACWI Low Carbon Target ETF,31/07/18,France — 3.6%,"Valeo SA, NVS","1,980","97,301",,,valeo,0RH5.IL,"VALEO SA, NVS"
CRBN,iShares MSCI ACWI Low Carbon Target ETF,31/07/18,France — 3.6%,Vinci SA,"8,910","8,96,563",,,vinci,DG,VINCI SA
CRBN,iShares MSCI ACWI Low Carbon Target ETF,31/07/18,France — 3.6%,"Vivendi SA, NVS","19,620","5,09,632","1,92,17,212",,vivendi,0IIF.IL,"VIVENDI SA, NVS"
CRBN,iShares MSCI ACWI Low Carbon Target ETF,31/07/18,Germany — 2.9%,1&1 Drillisch AG,810,"48,193",,,1 and 1 drillisch,DRILL,1&1 DRILLISCH AG
CRBN,iShares MSCI ACWI Low Carbon Target ETF,31/07/18,Germany — 2.9%,adidas AG,"2,520","5,57,714",,,adidas,ADID.BD,ADIDAS AG
CRBN,iShares MSCI ACWI Low Carbon Target ETF,31/07/18,Germany — 2.9%,"Allianz SE, Registered","5,040","11,15,369",,,allianz se registered,ALLIA2,"ALLIANZ SE, REGISTERED"
CRBN,iShares MSCI ACWI Low Carbon Target ETF,31/07/18,Germany — 2.9%,BASF SE,"9,540","9,17,093",,,basf se,BASFY,BASF SE
CRBN,iShares MSCI ACWI Low Carbon Target ETF,31/07/18,Germany — 2.9%,"Bayer AG, Registered","9,211","10,26,649",,,bayer registered,UBS,"BAYER AG, REGISTERED"
CRBN,iShares MSCI ACWI Low Carbon Target ETF,31/07/18,Germany — 2.9%,Bayerische Motoren Werke AG,"6,930","6,70,488",,,bayerische motoren werke,BAMXF,BAYERISCHE MOTOREN WERKE AG
CRBN,iShares MSCI ACWI Low Carbon Target ETF,31/07/18,Germany — 2.9%,Beiersdorf AG,"1,620","1,88,790",,,beiersdorf,BEI,BEIERSDORF AG
CRBN,iShares MSCI ACWI Low Carbon Target ETF,31/07/18,Germany — 2.9%,Brenntag AG,"1,890","1,13,400",,,brenntag,BNR,BRENNTAG AG
CRBN,iShares MSCI ACWI Low Carbon Target ETF,31/07/18,Germany — 2.9%,Commerzbank AG,"7,830","84,616",,,commerzbank,CBK,COMMERZBANK AG
CRBN,iShares MSCI ACWI Low Carbon Target ETF,31/07/18,Germany — 2.9%,Continental AG,"1,710","3,94,155",,,continental,COND.XC,CONTINENTAL AG
CRBN,iShares MSCI ACWI Low Carbon Target ETF,31/07/18,Germany — 2.9%,"Daimler AG, Registered","14,850","10,27,746",,,daimler registered,UBS,"DAIMLER AG, REGISTERED"
CRBN,iShares MSCI ACWI Low Carbon Target ETF,31/07/18,Germany — 2.9%,"Deutsche Bank AG, Registered","32,457","4,24,879",,,deutsche bank registered,UBS,"DEUTSCHE BANK AG, REGISTERED"
CRBN,iShares MSCI ACWI Low Carbon Target ETF,31/07/18,Germany — 2.9%,Deutsche Boerse AG,"1,815","2,39,334",,,deutsche boerse,DB1,DEUTSCHE BOERSE AG
CRBN,iShares MSCI ACWI Low Carbon Target ETF,31/07/18,Germany — 2.9%,"Deutsche Post AG, Registered","4,230","1,49,420",,,deutsche post registered,UBS,"DEUTSCHE POST AG, REGISTERED"
CRBN,iShares MSCI ACWI Low Carbon Target ETF,31/07/18,Germany — 2.9%,"Deutsche Telekom AG, Registered","32,130","5,31,951",,,deutsche telekom registered,UBS,"DEUTSCHE TELEKOM AG, REGISTERED"
CRBN,iShares MSCI ACWI Low Carbon Target ETF,31/07/18,Germany — 2.9%,Deutsche Wohnen SE,"5,220","2,54,445",,,deutsche wohnen se,DWNI.VI,DEUTSCHE WOHNEN SE
CRBN,iShares MSCI ACWI Low Carbon Target ETF,31/07/18,Germany — 2.9%,Fraport AG Frankfurt Airport Services Worldwide,"1,620","1,61,836",,,fraport frankfurt airport services worldwide,FRAPO,FRAPORT AG FRANKFURT AIRPORT SERVICES WORLDWIDE
CRBN,iShares MSCI ACWI Low Carbon Target ETF,31/07/18,Germany — 2.9%,Fresenius Medical Care AG & Co. KGaA,"4,500","4,39,857",,,fresenius medical care and kgaa,FME.HM,FRESENIUS MEDICAL CARE AG & CO. KGAA
CRBN,iShares MSCI ACWI Low Carbon Target ETF,31/07/18,Germany — 2.9%,Fresenius SE & Co. KGaA,"6,210","4,79,702",,,fresenius se and kgaa,FRE,FRESENIUS SE & CO. KGAA
CRBN,iShares MSCI ACWI Low Carbon Target ETF,31/07/18,Germany — 2.9%,GEA Group AG,"3,060","1,19,584",,,gea,G1A,GEA GROUP AG
CRBN,iShares MSCI ACWI Low Carbon Target ETF,31/07/18,Germany — 2.9%,HUGO BOSS AG,"1,260","1,13,636",,,hugo boss,BOSA.F,HUGO BOSS AG
CRBN,iShares MSCI ACWI Low Carbon Target ETF,31/07/18,Germany — 2.9%,Infineon Technologies AG,"28,080","7,44,495",,,infineon technologies,IFX,INFINEON TECHNOLOGIES AG
CRBN,iShares MSCI ACWI Low Carbon Target ETF,31/07/18,Germany — 2.9%,Innogy SE,"8,190","3,53,075",,,innogy se,INNOG,INNOGY SE
CRBN,iShares MSCI ACWI Low Carbon Target ETF,31/07/18,Germany — 2.9%,Merck KGaA,"1,710","1,75,829",,,merck kgaa,MKKGY,MERCK KGAA
CRBN,iShares MSCI ACWI Low Carbon Target ETF,31/07/18,Germany — 2.9%,MTU Aero Engines AG,810,"1,71,541",,,mtu aero engines,MTUAY,MTU AERO ENGINES AG
CRBN,iShares MSCI ACWI Low Carbon Target ETF,31/07/18,Germany — 2.9%,"Muenchener Rueckversicherungs-Gesellschaft AG in Muenchen, Registered","2,630","5,83,905",,,muenchener rueckversicherungs gesellschaft in muenchen registered,MUENC2,"MUENCHENER RUECKVERSICHERUNGS-GESELLSCHAFT AG IN MUENCHEN, REGISTERED"
CRBN,iShares MSCI ACWI Low Carbon Target ETF,31/07/18,Germany — 2.9%,ProSiebenSat. 1 Media SE,"3,240","87,723",,,prosiebensat 1 media se,PSMD.XD,PROSIEBENSAT. 1 MEDIA SE
CRBN,iShares MSCI ACWI Low Carbon Target ETF,31/07/18,Germany — 2.9%,Puma SE,93,"46,681",,,puma se,PMMAF,PUMA SE
CRBN,iShares MSCI ACWI Low Carbon Target ETF,31/07/18,Germany — 2.9%,SAP SE,"12,690","14,82,567",,,sap se,SAP,SAP SE
CRBN,iShares MSCI ACWI Low Carbon Target ETF,31/07/18,Germany — 2.9%,"Siemens AG, Registered","9,900","13,98,823",,,siemens registered,UBS,"SIEMENS AG, REGISTERED"
CRBN,iShares MSCI ACWI Low Carbon Target ETF,31/07/18,Germany — 2.9%,Symrise AG,"5,310","4,80,138",,,symrise,SY1,SYMRISE AG
CRBN,iShares MSCI ACWI Low Carbon Target ETF,31/07/18,Germany — 2.9%,Telefonica Deutschland Holding AG,"31,320","1,37,312",,,telefonica deutschland holding,TELEF,TELEFONICA DEUTSCHLAND HOLDING AG
CRBN,iShares MSCI ACWI Low Carbon Target ETF,31/07/18,Germany — 2.9%,Vonovia SE,"7,290","3,53,214",,,vonovia se,VNA,VONOVIA SE
CRBN,iShares MSCI ACWI Low Carbon Target ETF,31/07/18,Germany — 2.9%,Wirecard AG,"2,430","4,54,205",,,wirecard,WRCDF,WIRECARD AG
CRBN,iShares MSCI ACWI Low Carbon Target ETF,31/07/18,Germany — 2.9%,Zalando SE (b)(c),"1,800","1,03,325","1,56,31,690",,zalando se b c,ZALAN,ZALANDO SE (B)(C)
CRBN,iShares MSCI ACWI Low Carbon Target ETF,31/07/18,Greece — 0.0%,Eurobank Ergasias SA,"14,194","14,698",,,eurobank ergasias,0RCP.IL,EUROBANK ERGASIAS SA
CRBN,iShares MSCI ACWI Low Carbon Target ETF,31/07/18,Greece — 0.0%,National Bank of Greece SA,"85,728","27,905",,,national bank of greece,ETE,NATIONAL BANK OF GREECE SA
CRBN,iShares MSCI ACWI Low Carbon Target ETF,31/07/18,Greece — 0.0%,OPAP SA,"8,964","1,00,111","1,42,714",,opap,OPAP.AT,OPAP SA
CRBN,iShares MSCI ACWI Low Carbon Target ETF,31/07/18,Hong Kong — 1.1%,AIA Group Ltd.,"1,80,000","15,71,271",,,aia,1299,AIA GROUP LTD.
CRBN,iShares MSCI ACWI Low Carbon Target ETF,31/07/18,Hong Kong — 1.1%,Bank of East Asia Ltd. (The),"18,000","71,567",,,bank of east asia the,BOA.F,BANK OF EAST ASIA LTD. (THE)
CRBN,iShares MSCI ACWI Low Carbon Target ETF,31/07/18,Hong Kong — 1.1%,BOC Hong Kong Holdings Ltd.,"45,000","2,17,914",,,boc hong kong,2388,BOC HONG KONG HOLDINGS LTD.
CRBN,iShares MSCI ACWI Low Carbon Target ETF,31/07/18,Hong Kong — 1.1%,CK Asset Holdings Ltd.,"45,000","3,44,361",,,ck asset,1113,CK ASSET HOLDINGS LTD.
CRBN,iShares MSCI ACWI Low Carbon Target ETF,31/07/18,Hong Kong — 1.1%,Hang Lung Properties Ltd.,"90,000","1,89,241",,,hang lung properties,HLPPY,HANG LUNG PROPERTIES LTD.
CRBN,iShares MSCI ACWI Low Carbon Target ETF,31/07/18,Hong Kong — 1.1%,Hong Kong & China Gas Co. Ltd.,"5,38,963","11,00,296",,,hong kong and china gas,3,HONG KONG & CHINA GAS CO. LTD.
CRBN,iShares MSCI ACWI Low Carbon Target ETF,31/07/18,Hong Kong — 1.1%,Hong Kong Exchanges & Clearing Ltd.,"8,300","2,44,965",,,hong kong exchanges and clearing,HONGK,HONG KONG EXCHANGES & CLEARING LTD.
CRBN,iShares MSCI ACWI Low Carbon Target ETF,31/07/18,Hong Kong — 1.1%,Hongkong Land Holdings Ltd.,"18,000","1,30,860",,,hongkong land,H78,HONGKONG LAND HOLDINGS LTD.
CRBN,iShares MSCI ACWI Low Carbon Target ETF,31/07/18,Hong Kong — 1.1%,Li & Fung Ltd.,"1,80,000","61,016",,,li and fung,LIFUN,LI & FUNG LTD.
CRBN,iShares MSCI ACWI Low Carbon Target ETF,31/07/18,Hong Kong — 1.1%,Link REIT,"45,000","4,46,149",,,link reit,0823.HK,LINK REIT
CRBN,iShares MSCI ACWI Low Carbon Target ETF,31/07/18,Hong Kong — 1.1%,"Melco Resorts & Entertainment Ltd., ADR","6,300","1,62,918",,,melco resorts and entertainment adr,MELCO2,"MELCO RESORTS & ENTERTAINMENT LTD., ADR"
CRBN,iShares MSCI ACWI Low Carbon Target ETF,31/07/18,Hong Kong — 1.1%,MTR Corp. Ltd.,"45,000","2,52,321",,,mtr,66,MTR CORP. LTD.
CRBN,iShares MSCI ACWI Low Carbon Target ETF,31/07/18,Hong Kong — 1.1%,Sands China Ltd.,"72,000","3,70,682",,,sands china,1928,SANDS CHINA LTD.
CRBN,iShares MSCI ACWI Low Carbon Target ETF,31/07/18,Hong Kong — 1.1%,Sino Land Co. Ltd.,"1,80,000","3,09,208",,,sino land,83,SINO LAND CO. LTD.
CRBN,iShares MSCI ACWI Low Carbon Target ETF,31/07/18,Hong Kong — 1.1%,SJM Holdings Ltd.,"90,000","1,09,301",,,sjm,SJMHY,SJM HOLDINGS LTD.
CRBN,iShares MSCI ACWI Low Carbon Target ETF,31/07/18,Hong Kong — 1.1%,Swire Properties Ltd.,"36,000","1,41,758",,,swire properties,SW9.SG,SWIRE PROPERTIES LTD.
CRBN,iShares MSCI ACWI Low Carbon Target ETF,31/07/18,Hong Kong — 1.1%,Wynn Macau Ltd.,"36,000","1,05,975","58,29,803",,wynn macau,8WY.SG,WYNN MACAU LTD.
CRBN,iShares MSCI ACWI Low Carbon Target ETF,31/07/18,Hungary — 0.0%,OTP Bank Nyrt,"3,330","1,25,380","1,25,380",,otp bank nyrt,OTP.MU,OTP BANK NYRT
CRBN,iShares MSCI ACWI Low Carbon Target ETF,31/07/18,India — 1.0%,"ICICI Bank Ltd., ADR, NVS","79,874","7,05,288",,,icici bank adr,ICBA.F,"ICICI BANK LTD., ADR, NVS"
CRBN,iShares MSCI ACWI Low Carbon Target ETF,31/07/18,India — 1.0%,Idea Cellular Ltd.,100,80,,,idea cellular,IDEAC,IDEA CELLULAR LTD.
CRBN,iShares MSCI ACWI Low Carbon Target ETF,31/07/18,India — 1.0%,"Infosys Ltd., ADR, NVS","64,279","12,97,150",,,infosys adr,IOY.F,"INFOSYS LTD., ADR, NVS"
CRBN,iShares MSCI ACWI Low Carbon Target ETF,31/07/18,India — 1.0%,"Larsen & Toubro Ltd., GDR, NVS","57,510","10,83,488",,,larsen and toubro gdr,LT.NS,"LARSEN & TOUBRO LTD., GDR, NVS"
CRBN,iShares MSCI ACWI Low Carbon Target ETF,31/07/18,India — 1.0%,"Mahindra & Mahindra Ltd., GDR, NVS","61,948","8,51,785",,,mahindra and mahindra gdr,MOM.F,"MAHINDRA & MAHINDRA LTD., GDR, NVS"
CRBN,iShares MSCI ACWI Low Carbon Target ETF,31/07/18,India — 1.0%,"State Bank of India, GDR, NVS (b)(d)","17,010","7,23,776",,,state bank of india gdr b d,SBIN.NS,"STATE BANK OF INDIA, GDR, NVS (B)(D)"
CRBN,iShares MSCI ACWI Low Carbon Target ETF,31/07/18,India — 1.0%,"Wipro Ltd., ADR, NVS","1,26,006","6,37,590","52,99,157",,wipro adr,WIPRO.NS,"WIPRO LTD., ADR, NVS"
CRBN,iShares MSCI ACWI Low Carbon Target ETF,31/07/18,Indonesia — 0.2%,Astra International Tbk PT,"2,79,000","1,38,339",,,astra international tbk pt,ASJA.F,ASTRA INTERNATIONAL TBK PT
CRBN,iShares MSCI ACWI Low Carbon Target ETF,31/07/18,Indonesia — 0.2%,Bank Central Asia Tbk PT,"90,000","1,45,267",,,bank central asia tbk pt,BZG2.F,BANK CENTRAL ASIA TBK PT
CRBN,iShares MSCI ACWI Low Carbon Target ETF,31/07/18,Indonesia — 0.2%,Bank Mandiri Persero Tbk PT,"3,24,000","1,49,417",,,bank mandiri persero tbk pt,BANKM2,BANK MANDIRI PERSERO TBK PT
CRBN,iShares MSCI ACWI Low Carbon Target ETF,31/07/18,Indonesia — 0.2%,Bank Rakyat Indonesia Persero Tbk PT,"8,10,000","1,72,448",,,bank rakyat indonesia persero tbk pt,BANKR,BANK RAKYAT INDONESIA PERSERO TBK PT
CRBN,iShares MSCI ACWI Low Carbon Target ETF,31/07/18,Indonesia — 0.2%,Gudang Garam Tbk PT,"18,000","93,807",,,gudang garam tbk pt,GUDAN,GUDANG GARAM TBK PT
CRBN,iShares MSCI ACWI Low Carbon Target ETF,31/07/18,Indonesia — 0.2%,Hanjaya Mandala Sampoerna Tbk PT,"4,77,000","1,27,024",,,hanjaya mandala sampoerna tbk pt,HANJA,HANJAYA MANDALA SAMPOERNA TBK PT
CRBN,iShares MSCI ACWI Low Carbon Target ETF,31/07/18,Indonesia — 0.2%,Jasa Marga Persero Tbk PT,"2,34,042","76,120",,,jasa marga persero tbk pt,JASAM,JASA MARGA PERSERO TBK PT
CRBN,iShares MSCI ACWI Low Carbon Target ETF,31/07/18,Indonesia — 0.2%,Telekomunikasi Indonesia Persero Tbk PT,"9,72,000","2,40,641",,,telekomunikasi indonesia persero tbk pt,TELEK,TELEKOMUNIKASI INDONESIA PERSERO TBK PT
CRBN,iShares MSCI ACWI Low Carbon Target ETF,31/07/18,Indonesia — 0.2%,Unilever Indonesia Tbk PT,"45,000","1,34,969","12,78,032",,unilever indonesia tbk pt,UTG.F,UNILEVER INDONESIA TBK PT
CRBN,iShares MSCI ACWI Low Carbon Target ETF,31/07/18,Ireland — 0.1%,AIB Group PLC,"15,480","88,751",,,aib,A5G,AIB GROUP PLC
CRBN,iShares MSCI ACWI Low Carbon Target ETF,31/07/18,Ireland — 0.1%,"Kerry Group PLC, Class A","1,800","1,91,022",,,kerry,KRZ,"KERRY GROUP PLC, CLASS A"
CRBN,iShares MSCI ACWI Low Carbon Target ETF,31/07/18,Ireland — 0.1%,Paddy Power Betfair PLC,990,"1,08,016","3,87,789",,paddy power betfair,PADDY,PADDY POWER BETFAIR PLC
CRBN,iShares MSCI ACWI Low Carbon Target ETF,31/07/18,Israel — 0.2%,Check Point Software Technologies Ltd. (a)(b),"2,070","2,33,227",,,check point software technologies a b,CHECK,CHECK POINT SOFTWARE TECHNOLOGIES LTD. (A)(B)
CRBN,iShares MSCI ACWI Low Carbon Target ETF,31/07/18,Israel — 0.2%,Frutarom Industries Ltd.,"2,520","2,54,367",,,frutarom industries,FRUTA,FRUTAROM INDUSTRIES LTD.
CRBN,iShares MSCI ACWI Low Carbon Target ETF,31/07/18,Israel — 0.2%,"Teva Pharmaceutical Industries Ltd., ADR, NVS(a","14,310","3,42,582","8,30,176",,teva pharmaceutical industries adr a,TEV.SG,"TEVA PHARMACEUTICAL INDUSTRIES LTD., ADR, NVS(A"
CRBN,iShares MSCI ACWI Low Carbon Target ETF,31/07/18,Italy — 0.6%,Assicurazioni Generali SpA,"20,128","3,57,972",,,assicurazioni generali,G,ASSICURAZIONI GENERALI SPA
CRBN,iShares MSCI ACWI Low Carbon Target ETF,31/07/18,Italy — 0.6%,Atlantia SpA,"13,680","4,06,080",,,atlantia,ATLAN,ATLANTIA SPA
CRBN,iShares MSCI ACWI Low Carbon Target ETF,31/07/18,Italy — 0.6%,CNH Industrial NV,"18,090","2,12,403",,,cnh industrial,CNHI.VI,CNH INDUSTRIAL NV
CRBN,iShares MSCI ACWI Low Carbon Target ETF,31/07/18,Italy — 0.6%,Ferrari NV,"2,610","3,47,526",,,ferrari,RACE,FERRARI NV
CRBN,iShares MSCI ACWI Low Carbon Target ETF,31/07/18,Italy — 0.6%,Fiat Chrysler Automobiles NV,"13,590","2,32,123",,,fiat chrysler automobiles,FIATC,FIAT CHRYSLER AUTOMOBILES NV
CRBN,iShares MSCI ACWI Low Carbon Target ETF,31/07/18,Italy — 0.6%,Intesa Sanpaolo SpA,"1,59,570","4,91,781",,,intesa sanpaolo,ISP,INTESA SANPAOLO SPA
CRBN,iShares MSCI ACWI Low Carbon Target ETF,31/07/18,Italy — 0.6%,Luxottica Group SpA,"2,610","1,76,817",,,luxottica,LUXOT,LUXOTTICA GROUP SPA
CRBN,iShares MSCI ACWI Low Carbon Target ETF,31/07/18,Italy — 0.6%,Mediobanca Banca di Credito Finanziario SpA,"13,050","1,35,651",,,mediobanca banca di credito finanziario,MEDIO,MEDIOBANCA BANCA DI CREDITO FINANZIARIO SPA
CRBN,iShares MSCI ACWI Low Carbon Target ETF,31/07/18,Italy — 0.6%,Snam SpA,"57,780","2,48,450",,,snam,SRG,SNAM SPA
CRBN,iShares MSCI ACWI Low Carbon Target ETF,31/07/18,Italy — 0.6%,Tenaris SA,"6,750","1,23,443",,,tenaris,TEN,TENARIS SA
CRBN,iShares MSCI ACWI Low Carbon Target ETF,31/07/18,Italy — 0.6%,Terna Rete Elettrica Nazionale SpA,"37,440","2,09,834",,,terna rete elettrica nazionale,TRN,TERNA RETE ELETTRICA NAZIONALE SPA
CRBN,iShares MSCI ACWI Low Carbon Target ETF,31/07/18,Italy — 0.6%,UniCredit SpA,"23,040","4,08,790","33,50,870",,unicredit,UCG,UNICREDIT SPA
CRBN,iShares MSCI ACWI Low Carbon Target ETF,31/07/18,Japan — 7.4%,Amada Holdings Co. Ltd.,"18,000","1,79,775",,,amada,AMADA,AMADA HOLDINGS CO. LTD.
CRBN,iShares MSCI ACWI Low Carbon Target ETF,31/07/18,Japan — 7.4%,Asahi Group Holdings Ltd.,"9,000","4,35,930",,,asahi,2502,ASAHI GROUP HOLDINGS LTD.
CRBN,iShares MSCI ACWI Low Carbon Target ETF,31/07/18,Japan — 7.4%,Astellas Pharma Inc.,"27,600","4,48,124",,,astellas pharma,4503,ASTELLAS PHARMA INC.
CRBN,iShares MSCI ACWI Low Carbon Target ETF,31/07/18,Japan — 7.4%,Brother Industries Ltd.,"9,000","1,82,750",,,brother industries,BRTHY,BROTHER INDUSTRIES LTD.
CRBN,iShares MSCI ACWI Low Carbon Target ETF,31/07/18,Japan — 7.4%,Canon Inc.,"18,000","5,81,615",,,canon,7751,CANON INC.
CRBN,iShares MSCI ACWI Low Carbon Target ETF,31/07/18,Japan — 7.4%,Concordia Financial Group Ltd.,"27,000","1,44,720",,,concordia financial,7186,CONCORDIA FINANCIAL GROUP LTD.
CRBN,iShares MSCI ACWI Low Carbon Target ETF,31/07/18,Japan — 7.4%,Dai-ichi Life Holdings Inc.,"9,000","1,69,001",,,dai ichi life,8750,DAI-ICHI LIFE HOLDINGS INC.
CRBN,iShares MSCI ACWI Low Carbon Target ETF,31/07/18,Japan — 7.4%,Daiichi Sankyo Co. Ltd.,"9,000","3,71,610",,,daiichi sankyo,4568,DAIICHI SANKYO CO. LTD.
CRBN,iShares MSCI ACWI Low Carbon Target ETF,31/07/18,Japan — 7.4%,Daikin Industries Ltd.,"9,000","10,70,931",,,daikin industries,6367,DAIKIN INDUSTRIES LTD.
CRBN,iShares MSCI ACWI Low Carbon Target ETF,31/07/18,Japan — 7.4%,Daiwa House Industry Co. Ltd.,"18,000","6,54,136",,,daiwa house industry,1925,DAIWA HOUSE INDUSTRY CO. LTD.
CRBN,iShares MSCI ACWI Low Carbon Target ETF,31/07/18,Japan — 7.4%,Denso Corp.,"9,000","4,42,523",,,denso,6902,DENSO CORP.
CRBN,iShares MSCI ACWI Low Carbon Target ETF,31/07/18,Japan — 7.4%,East Japan Railway Co.,"1,100","1,02,591",,,east japan railway,9020,EAST JAPAN RAILWAY CO.
CRBN,iShares MSCI ACWI Low Carbon Target ETF,31/07/18,Japan — 7.4%,FUJIFILM Holdings Corp.,"9,000","3,69,921",,,fujifilm,4901,FUJIFILM HOLDINGS CORP.
CRBN,iShares MSCI ACWI Low Carbon Target ETF,31/07/18,Japan — 7.4%,Hitachi Chemical Co. Ltd.,"9,000","1,77,524",,,hitachi chemical,HITAC,HITACHI CHEMICAL CO. LTD.
CRBN,iShares MSCI ACWI Low Carbon Target ETF,31/07/18,Japan — 7.4%,Hitachi Ltd.,"90,000","6,25,996",,,hitachi,6501,HITACHI LTD.
CRBN,iShares MSCI ACWI Low Carbon Target ETF,31/07/18,Japan — 7.4%,Honda Motor Co. Ltd.,"18,000","5,39,485",,,honda motor,7267,HONDA MOTOR CO. LTD.
CRBN,iShares MSCI ACWI Low Carbon Target ETF,31/07/18,Japan — 7.4%,Hoya Corp.,"9,000","5,38,681",,,hoya,7741,HOYA CORP.
CRBN,iShares MSCI ACWI Low Carbon Target ETF,31/07/18,Japan — 7.4%,Isuzu Motors Ltd.,"18,000","2,42,567",,,isuzu motors,7202,ISUZU MOTORS LTD.
CRBN,iShares MSCI ACWI Low Carbon Target ETF,31/07/18,Japan — 7.4%,ITOCHU Corp.,"36,000","6,36,770",,,itochu,8001,ITOCHU CORP.
CRBN,iShares MSCI ACWI Low Carbon Target ETF,31/07/18,Japan — 7.4%,Japan Post Bank Co. Ltd.,"18,000","2,15,633",,,japan post bank,7182,JAPAN POST BANK CO. LTD.
CRBN,iShares MSCI ACWI Low Carbon Target ETF,31/07/18,Japan — 7.4%,Japan Post Holdings Co. Ltd.,"36,000","3,96,212",,,japan post,6178,JAPAN POST HOLDINGS CO. LTD.
CRBN,iShares MSCI ACWI Low Carbon Target ETF,31/07/18,Japan — 7.4%,Japan Tobacco Inc.,"18,000","5,10,702",,,japan tobacco,2914,JAPAN TOBACCO INC.
CRBN,iShares MSCI ACWI Low Carbon Target ETF,31/07/18,Japan — 7.4%,Kansai Paint Co. Ltd.,"18,000","4,12,614",,,kansai paint,KAP0.F,KANSAI PAINT CO. LTD.
CRBN,iShares MSCI ACWI Low Carbon Target ETF,31/07/18,Japan — 7.4%,Kao Corp.,"9,000","6,54,217",,,kao,4452,KAO CORP.
CRBN,iShares MSCI ACWI Low Carbon Target ETF,31/07/18,Japan — 7.4%,KDDI Corp.,"18,000","5,00,572",,,kddi,9433,KDDI CORP.
CRBN,iShares MSCI ACWI Low Carbon Target ETF,31/07/18,Japan — 7.4%,Keisei Electric Railway Co. Ltd.,"9,000","2,98,687",,,keisei electric railway,9009.T,KEISEI ELECTRIC RAILWAY CO. LTD.
CRBN,iShares MSCI ACWI Low Carbon Target ETF,31/07/18,Japan — 7.4%,Keyence Corp.,"1,700","8,94,649",,,keyence,6861,KEYENCE CORP.
CRBN,iShares MSCI ACWI Low Carbon Target ETF,31/07/18,Japan — 7.4%,Kirin Holdings Co. Ltd.,"9,000","2,29,703",,,kirin,2503,KIRIN HOLDINGS CO. LTD.
CRBN,iShares MSCI ACWI Low Carbon Target ETF,31/07/18,Japan — 7.4%,Komatsu Ltd.,"9,000","2,63,471",,,komatsu,6301,KOMATSU LTD.
CRBN,iShares MSCI ACWI Low Carbon Target ETF,31/07/18,Japan — 7.4%,Kubota Corp.,"18,000","3,00,616",,,kubota,6326,KUBOTA CORP.
CRBN,iShares MSCI ACWI Low Carbon Target ETF,31/07/18,Japan — 7.4%,Kyocera Corp.,"9,000","5,21,637",,,kyocera,6971,KYOCERA CORP.
CRBN,iShares MSCI ACWI Low Carbon Target ETF,31/07/18,Japan — 7.4%,Marubeni Corp.,"2,16,000","16,41,708",,,marubeni,8002,MARUBENI CORP.
CRBN,iShares MSCI ACWI Low Carbon Target ETF,31/07/18,Japan — 7.4%,Mebuki Financial Group Inc.,"27,000","95,998",,,mebuki financial,7167.T,MEBUKI FINANCIAL GROUP INC.
CRBN,iShares MSCI ACWI Low Carbon Target ETF,31/07/18,Japan — 7.4%,Mitsubishi Corp.,"36,000","10,02,430",,,mitsubishi,8058,MITSUBISHI CORP.
CRBN,iShares MSCI ACWI Low Carbon Target ETF,31/07/18,Japan — 7.4%,Mitsubishi Electric Corp.,"36,000","4,86,100",,,mitsubishi electric,6503,MITSUBISHI ELECTRIC CORP.
CRBN,iShares MSCI ACWI Low Carbon Target ETF,31/07/18,Japan — 7.4%,Mitsubishi Estate Co. Ltd.,"18,000","3,11,953",,,mitsubishi estate,8802,MITSUBISHI ESTATE CO. LTD.
CRBN,iShares MSCI ACWI Low Carbon Target ETF,31/07/18,Japan — 7.4%,Mitsubishi Motors Corp.,"18,000","1,36,680",,,mitsubishi motors,MMO.SG,MITSUBISHI MOTORS CORP.
CRBN,iShares MSCI ACWI Low Carbon Target ETF,31/07/18,Japan — 7.4%,Mitsubishi UFJ Financial Group Inc.,"1,62,000","9,97,702",,,mitsubishi ufj financial,8306,MITSUBISHI UFJ FINANCIAL GROUP INC.
CRBN,iShares MSCI ACWI Low Carbon Target ETF,31/07/18,Japan — 7.4%,Mitsubishi UFJ Lease & Finance Co. Ltd.,"18,000","1,08,701",,,mitsubishi ufj lease and finance,MITSU,MITSUBISHI UFJ LEASE & FINANCE CO. LTD.
CRBN,iShares MSCI ACWI Low Carbon Target ETF,31/07/18,Japan — 7.4%,Mitsui & Co. Ltd.,"1,08,000","18,02,734",,,mitsui and,MTS1.SG,MITSUI & CO. LTD.
CRBN,iShares MSCI ACWI Low Carbon Target ETF,31/07/18,Japan — 7.4%,Mitsui Fudosan Co. Ltd.,"18,000","4,28,694",,,mitsui fudosan,8801,MITSUI FUDOSAN CO. LTD.
CRBN,iShares MSCI ACWI Low Carbon Target ETF,31/07/18,Japan — 7.4%,Mizuho Financial Group Inc.,"4,05,000","7,04,065",,,mizuho financial,8411,MIZUHO FINANCIAL GROUP INC.
CRBN,iShares MSCI ACWI Low Carbon Target ETF,31/07/18,Japan — 7.4%,MS&AD Insurance Group Holdings Inc.,"9,000","2,74,325",,,ms and ad insurance,8725,MS&AD INSURANCE GROUP HOLDINGS INC.
CRBN,iShares MSCI ACWI Low Carbon Target ETF,31/07/18,Japan — 7.4%,Nippon Paint Holdings Co. Ltd.,"9,000","3,90,745",,,nippon paint,4612,NIPPON PAINT HOLDINGS CO. LTD.
CRBN,iShares MSCI ACWI Low Carbon Target ETF,31/07/18,Japan — 7.4%,Nippon Telegraph & Telephone Corp.,"9,000","4,15,508",,,nippon telegraph and telephone,NTT.SG,NIPPON TELEGRAPH & TELEPHONE CORP.
CRBN,iShares MSCI ACWI Low Carbon Target ETF,31/07/18,Japan — 7.4%,Nissan Motor Co. Ltd.,"18,000","1,69,725",,,nissan motor,NISE.F,NISSAN MOTOR CO. LTD.
CRBN,iShares MSCI ACWI Low Carbon Target ETF,31/07/18,Japan — 7.4%,Nomura Holdings Inc.,"81,000","3,82,424",,,nomura,8604,NOMURA HOLDINGS INC.
CRBN,iShares MSCI ACWI Low Carbon Target ETF,31/07/18,Japan — 7.4%,NTT DOCOMO Inc.,"18,000","4,61,980",,,ntt docomo,NTTDO,NTT DOCOMO INC.
CRBN,iShares MSCI ACWI Low Carbon Target ETF,31/07/18,Japan — 7.4%,Obayashi Corp.,"27,000","2,80,999",,,obayashi,1802,OBAYASHI CORP.
CRBN,iShares MSCI ACWI Low Carbon Target ETF,31/07/18,Japan — 7.4%,Odakyu Electric Railway Co. Ltd.,"9,000","1,90,066",,,odakyu electric railway,9007.T,ODAKYU ELECTRIC RAILWAY CO. LTD.
CRBN,iShares MSCI ACWI Low Carbon Target ETF,31/07/18,Japan — 7.4%,Olympus Corp.,"9,000","3,63,811",,,olympus,7733,OLYMPUS CORP.
CRBN,iShares MSCI ACWI Low Carbon Target ETF,31/07/18,Japan — 7.4%,ORIX Corp.,"36,000","5,82,098",,,orix,8591,ORIX CORP.
CRBN,iShares MSCI ACWI Low Carbon Target ETF,31/07/18,Japan — 7.4%,Otsuka Holdings Co. Ltd.,"9,000","4,14,061",,,otsuka,OTSKY,OTSUKA HOLDINGS CO. LTD.
CRBN,iShares MSCI ACWI Low Carbon Target ETF,31/07/18,Japan — 7.4%,Panasonic Corp.,"27,000","3,46,846",,,panasonic,6752,PANASONIC CORP.
CRBN,iShares MSCI ACWI Low Carbon Target ETF,31/07/18,Japan — 7.4%,Rakuten Inc.,"27,000","1,89,801",,,rakuten,4755,RAKUTEN INC.
CRBN,iShares MSCI ACWI Low Carbon Target ETF,31/07/18,Japan — 7.4%,Recruit Holdings Co. Ltd.,"18,000","4,91,245",,,recruit,6098,RECRUIT HOLDINGS CO. LTD.
CRBN,iShares MSCI ACWI Low Carbon Target ETF,31/07/18,Japan — 7.4%,Resona Holdings Inc.,"54,000","3,06,759",,,resona,8308,RESONA HOLDINGS INC.
CRBN,iShares MSCI ACWI Low Carbon Target ETF,31/07/18,Japan — 7.4%,SBI Holdings Inc./Japan,"9,000","2,44,819",,,sbi japan,SBIHO,SBI HOLDINGS INC./JAPAN
CRBN,iShares MSCI ACWI Low Carbon Target ETF,31/07/18,Japan — 7.4%,Secom Co. Ltd.,"9,000","6,85,814",,,secom,9735,SECOM CO. LTD.
CRBN,iShares MSCI ACWI Low Carbon Target ETF,31/07/18,Japan — 7.4%,Sekisui House Ltd.,"27,000","4,58,643",,,sekisui house,1928,SEKISUI HOUSE LTD.
CRBN,iShares MSCI ACWI Low Carbon Target ETF,31/07/18,Japan — 7.4%,Seven & i Holdings Co. Ltd.,"9,000","3,66,223",,,seven and i,3382,SEVEN & I HOLDINGS CO. LTD.
CRBN,iShares MSCI ACWI Low Carbon Target ETF,31/07/18,Japan — 7.4%,Seven Bank Ltd.,"54,000","1,63,052",,,seven bank,0S7.SG,SEVEN BANK LTD.
CRBN,iShares MSCI ACWI Low Carbon Target ETF,31/07/18,Japan — 7.4%,Shimizu Corp.,"27,000","2,81,722",,,shimizu,SHMUF,SHIMIZU CORP.
CRBN,iShares MSCI ACWI Low Carbon Target ETF,31/07/18,Japan — 7.4%,Shin-Etsu Chemical Co. Ltd.,"9,000","9,06,110",,,shin etsu chemical,4063,SHIN-ETSU CHEMICAL CO. LTD.
CRBN,iShares MSCI ACWI Low Carbon Target ETF,31/07/18,Japan — 7.4%,Shionogi & Co. Ltd.,"9,000","4,88,512",,,shionogi and,SH0.SG,SHIONOGI & CO. LTD.
CRBN,iShares MSCI ACWI Low Carbon Target ETF,31/07/18,Japan — 7.4%,Shiseido Co. Ltd.,"9,000","6,60,086",,,shiseido,4911,SHISEIDO CO. LTD.
CRBN,iShares MSCI ACWI Low Carbon Target ETF,31/07/18,Japan — 7.4%,SoftBank Group Corp.,"9,000","7,44,506",,,softbank,SFT.SG,SOFTBANK GROUP CORP.
CRBN,iShares MSCI ACWI Low Carbon Target ETF,31/07/18,Japan — 7.4%,Sompo Holdings Inc.,"9,000","3,64,535",,,sompo,8630,SOMPO HOLDINGS INC.
CRBN,iShares MSCI ACWI Low Carbon Target ETF,31/07/18,Japan — 7.4%,Sony Corp.,"18,000","9,37,145",,,sony,6758,SONY CORP.
CRBN,iShares MSCI ACWI Low Carbon Target ETF,31/07/18,Japan — 7.4%,Subaru Corp.,"9,000","2,61,622",,,subaru,7270,SUBARU CORP.
CRBN,iShares MSCI ACWI Low Carbon Target ETF,31/07/18,Japan — 7.4%,Sumitomo Corp.,"27,000","4,42,603",,,sumitomo,SSUMF,SUMITOMO CORP.
CRBN,iShares MSCI ACWI Low Carbon Target ETF,31/07/18,Japan — 7.4%,Sumitomo Metal Mining Co. Ltd.,"9,000","3,22,807",,,sumitomo metal mining,5713,SUMITOMO METAL MINING CO. LTD.
CRBN,iShares MSCI ACWI Low Carbon Target ETF,31/07/18,Japan — 7.4%,Sumitomo Mitsui Financial Group Inc.,"18,000","7,14,758",,,sumitomo mitsui financial,SMFG,SUMITOMO MITSUI FINANCIAL GROUP INC.
CRBN,iShares MSCI ACWI Low Carbon Target ETF,31/07/18,Japan — 7.4%,Suzuki Motor Corp.,"9,000","5,26,702",,,suzuki motor,7269,SUZUKI MOTOR CORP.
CRBN,iShares MSCI ACWI Low Carbon Target ETF,31/07/18,Japan — 7.4%,T&D Holdings Inc.,"9,000","1,33,866",,,t and d,8795,T&D HOLDINGS INC.
CRBN,iShares MSCI ACWI Low Carbon Target ETF,31/07/18,Japan — 7.4%,Taisei Corp.,"9,000","4,99,285",,,taisei,1801,TAISEI CORP.
CRBN,iShares MSCI ACWI Low Carbon Target ETF,31/07/18,Japan — 7.4%,Takeda Pharmaceutical Co. Ltd.,"9,000","3,75,871",,,takeda pharmaceutical,4502,TAKEDA PHARMACEUTICAL CO. LTD.
CRBN,iShares MSCI ACWI Low Carbon Target ETF,31/07/18,Japan — 7.4%,Terumo Corp.,"9,000","4,92,853",,,terumo,4543,TERUMO CORP.
CRBN,iShares MSCI ACWI Low Carbon Target ETF,31/07/18,Japan — 7.4%,Toho Gas Co. Ltd.,"9,000","3,05,923",,,toho gas,59W.SG,TOHO GAS CO. LTD.
CRBN,iShares MSCI ACWI Low Carbon Target ETF,31/07/18,Japan — 7.4%,Tokio Marine Holdings Inc.,"9,000","4,26,202",,,tokio marine,8766,TOKIO MARINE HOLDINGS INC.
CRBN,iShares MSCI ACWI Low Carbon Target ETF,31/07/18,Japan — 7.4%,Toyota Motor Corp.,"27,000","17,61,971",,,toyota motor,7203,TOYOTA MOTOR CORP.
CRBN,iShares MSCI ACWI Low Carbon Target ETF,31/07/18,Japan — 7.4%,Toyota Tsusho Corp.,"9,000","3,05,923",,,toyota tsusho,8015,TOYOTA TSUSHO CORP.
CRBN,iShares MSCI ACWI Low Carbon Target ETF,31/07/18,Japan — 7.4%,Unicharm Corp.,"9,000","2,73,119",,,unicharm,8113,UNICHARM CORP.
CRBN,iShares MSCI ACWI Low Carbon Target ETF,31/07/18,Japan — 7.4%,Yahoo Japan Corp.,"27,000","1,02,510",,,yahoo japan,YOJ.SG,YAHOO JAPAN CORP.
CRBN,iShares MSCI ACWI Low Carbon Target ETF,31/07/18,Japan — 7.4%,Yamaha Motor Co. Ltd.,"9,000","2,36,457","3,95,74,160",,yamaha motor,7272,YAMAHA MOTOR CO. LTD.
CRBN,iShares MSCI ACWI Low Carbon Target ETF,31/07/18,Malaysia — 0.4%,AMMB Holdings Bhd,"90,000","89,004",,,ammb bhd,AMMBH,AMMB HOLDINGS BHD
CRBN,iShares MSCI ACWI Low Carbon Target ETF,31/07/18,Malaysia — 0.4%,Astro Malaysia Holdings Bhd,"81,000","36,465",,,astro malaysia bhd,ASTRO,ASTRO MALAYSIA HOLDINGS BHD
CRBN,iShares MSCI ACWI Low Carbon Target ETF,31/07/18,Malaysia — 0.4%,CIMB Group Holdings Bhd,"81,000","1,16,369",,,cimb bhd,CIMBG,CIMB GROUP HOLDINGS BHD
CRBN,iShares MSCI ACWI Low Carbon Target ETF,31/07/18,Malaysia — 0.4%,Dialog Group Bhd,"1,26,000","1,02,908",,,dialog bhd,DIALO,DIALOG GROUP BHD
CRBN,iShares MSCI ACWI Low Carbon Target ETF,31/07/18,Malaysia — 0.4%,Gamuda Bhd,"63,000","59,978",,,gamuda bhd,GAMUD,GAMUDA BHD
CRBN,iShares MSCI ACWI Low Carbon Target ETF,31/07/18,Malaysia — 0.4%,Genting Bhd,"1,89,000","4,06,826",,,genting bhd,GENTI2,GENTING BHD
CRBN,iShares MSCI ACWI Low Carbon Target ETF,31/07/18,Malaysia — 0.4%,IHH Healthcare Bhd,"45,000","65,424",,,ihh healthcare bhd,IHHHF,IHH HEALTHCARE BHD
CRBN,iShares MSCI ACWI Low Carbon Target ETF,31/07/18,Malaysia — 0.4%,IOI Properties Group Bhd,"54,000","25,240",,,ioi properties bhd,IOIPR,IOI PROPERTIES GROUP BHD
CRBN,iShares MSCI ACWI Low Carbon Target ETF,31/07/18,Malaysia — 0.4%,Malayan Banking Bhd,"1,26,000","3,04,074",,,malayan banking bhd,MALAY,MALAYAN BANKING BHD
CRBN,iShares MSCI ACWI Low Carbon Target ETF,31/07/18,Malaysia — 0.4%,Maxis Bhd,"36,000","51,277",,,maxis bhd,MAXSF,MAXIS BHD
CRBN,iShares MSCI ACWI Low Carbon Target ETF,31/07/18,Malaysia — 0.4%,Petronas Dagangan Bhd,"36,000","2,38,937",,,petronas dagangan bhd,PETRO,PETRONAS DAGANGAN BHD
CRBN,iShares MSCI ACWI Low Carbon Target ETF,31/07/18,Malaysia — 0.4%,PPB Group Bhd,"64,820","2,63,107",,,ppb bhd,PPBGR,PPB GROUP BHD
CRBN,iShares MSCI ACWI Low Carbon Target ETF,31/07/18,Malaysia — 0.4%,Public Bank Bhd,"18,000","1,06,539",,,public bank bhd,PUBLI,PUBLIC BANK BHD
CRBN,iShares MSCI ACWI Low Carbon Target ETF,31/07/18,Malaysia — 0.4%,Telekom Malaysia Bhd,"54,000","52,738",,,telekom malaysia bhd,TELEK2,TELEKOM MALAYSIA BHD
CRBN,iShares MSCI ACWI Low Carbon Target ETF,31/07/18,Malaysia — 0.4%,Westports Holdings Bhd(a),"2,03,900","1,85,591","21,04,477",,westports bhd a,WESTP2,WESTPORTS HOLDINGS BHD(A)
CRBN,iShares MSCI ACWI Low Carbon Target ETF,31/07/18,Mexico — 0.4%,"America Movil SAB de CV, Series L, NVS","4,86,001","4,15,962",,,america movil sab de cv series l,AMXB.MX,"AMERICA MOVIL SAB DE CV, SERIES L, NVS"
CRBN,iShares MSCI ACWI Low Carbon Target ETF,31/07/18,Mexico — 0.4%,"Banco Santander Mexico SA Institucion de Banca Multiple Grupo Financiero Santand, Class B","63,000","1,06,086",,,banco santander mexico institucion de banca multiple grupo financiero santand,BANCO3,"BANCO SANTANDER MEXICO SA INSTITUCION DE BANCA MULTIPLE GRUPO FINANCIERO SANTAND, CLASS B"
CRBN,iShares MSCI ACWI Low Carbon Target ETF,31/07/18,Mexico — 0.4%,"Coca-Cola Femsa SAB de CV, Series L, NVS","18,000","1,12,578",,,coca cola femsa sab de cv series l,CFSL.DU,"COCA-COLA FEMSA SAB DE CV, SERIES L, NVS"
CRBN,iShares MSCI ACWI Low Carbon Target ETF,31/07/18,Mexico — 0.4%,Fibra Uno Administracion SA de CV,"72,000","1,03,568",,,fibra uno administracion de cv,FIBRA,FIBRA UNO ADMINISTRACION SA DE CV
CRBN,iShares MSCI ACWI Low Carbon Target ETF,31/07/18,Mexico — 0.4%,Fomento Economico Mexicano SAB de CV,"27,000","2,64,574",,,fomento economico mexicano sab de cv,FOMC.SG,FOMENTO ECONOMICO MEXICANO SAB DE CV
CRBN,iShares MSCI ACWI Low Carbon Target ETF,31/07/18,Mexico — 0.4%,"Grupo Aeroportuario del Pacifico SAB de CV, Series B","9,000","84,950",,,grupo aeroportuario del pacifico sab de cv series b,G9N1.SG,"GRUPO AEROPORTUARIO DEL PACIFICO SAB DE CV, SERIES B"
CRBN,iShares MSCI ACWI Low Carbon Target ETF,31/07/18,Mexico — 0.4%,"Grupo Aeroportuario del Sureste SAB de CV, Class B","6,300","1,11,958",,,grupo aeroportuario del sureste sab de cv,AED.SG,"GRUPO AEROPORTUARIO DEL SURESTE SAB DE CV, CLASS B"
CRBN,iShares MSCI ACWI Low Carbon Target ETF,31/07/18,Mexico — 0.4%,"Grupo Financiero Banorte SAB de CV, Class O","44,601","3,10,646",,,grupo financiero banorte sab de cv class o,4FN.SG,"GRUPO FINANCIERO BANORTE SAB DE CV, CLASS O"
CRBN,iShares MSCI ACWI Low Carbon Target ETF,31/07/18,Mexico — 0.4%,"Grupo Televisa SAB, CPO","36,000","1,43,140",,,grupo televisa sab cpo,TLV.MU,"GRUPO TELEVISA SAB, CPO"
CRBN,iShares MSCI ACWI Low Carbon Target ETF,31/07/18,Mexico — 0.4%,Promotora y Operadora de Infraestructura SAB de CV,"7,225","74,751",,,promotora y operadora de infraestructura sab de cv,PROMO,PROMOTORA Y OPERADORA DE INFRAESTRUCTURA SAB DE CV
CRBN,iShares MSCI ACWI Low Carbon Target ETF,31/07/18,Mexico — 0.4%,Wal-Mart de Mexico SAB de CV,"99,000","2,88,792","20,17,005",,wal mart de mexico sab de cv,WALMEX.MX,WAL-MART DE MEXICO SAB DE CV
CRBN,iShares MSCI ACWI Low Carbon Target ETF,31/07/18,Netherlands — 1.1%,"ABN AMRO Group NV, CVA","1,890","52,410",,,abn amro cva,ABMRF,"ABN AMRO GROUP NV, CVA"
CRBN,iShares MSCI ACWI Low Carbon Target ETF,31/07/18,Netherlands — 1.1%,Aegon NV,"16,920","1,11,696",,,aegon,AGN,AEGON NV
CRBN,iShares MSCI ACWI Low Carbon Target ETF,31/07/18,Netherlands — 1.1%,AerCap Holdings NV,"3,240","1,81,861",,,aercap,AER,AERCAP HOLDINGS NV
CRBN,iShares MSCI ACWI Low Carbon Target ETF,31/07/18,Netherlands — 1.1%,ASML Holding NV,"4,950","10,62,786",,,asml holding,ASML,ASML HOLDING NV
CRBN,iShares MSCI ACWI Low Carbon Target ETF,31/07/18,Netherlands — 1.1%,Heineken NV,"1,530","1,54,922",,,heineken,HEIA,HEINEKEN NV
CRBN,iShares MSCI ACWI Low Carbon Target ETF,31/07/18,Netherlands — 1.1%,ING Groep NV,"38,790","5,94,651",,,ing groep,INGA,ING GROEP NV
CRBN,iShares MSCI ACWI Low Carbon Target ETF,31/07/18,Netherlands — 1.1%,Koninklijke Ahold Delhaize NV,"6,840","1,74,108",,,koninklijke ahold delhaize,AD,KONINKLIJKE AHOLD DELHAIZE NV
CRBN,iShares MSCI ACWI Low Carbon Target ETF,31/07/18,Netherlands — 1.1%,Koninklijke DSM NV,"2,700","2,87,924",,,koninklijke dsm,KONIN,KONINKLIJKE DSM NV
CRBN,iShares MSCI ACWI Low Carbon Target ETF,31/07/18,Netherlands — 1.1%,Koninklijke KPN NV,"43,200","1,25,102",,,koninklijke kpn,KPN,KONINKLIJKE KPN NV
CRBN,iShares MSCI ACWI Low Carbon Target ETF,31/07/18,Netherlands — 1.1%,Koninklijke Philips NV,"15,390","6,75,986",,,koninklijke philips,PHIA,KONINKLIJKE PHILIPS NV
CRBN,iShares MSCI ACWI Low Carbon Target ETF,31/07/18,Netherlands — 1.1%,NN Group NV,"5,940","2,62,853",,,nn,NN,NN GROUP NV
CRBN,iShares MSCI ACWI Low Carbon Target ETF,31/07/18,Netherlands — 1.1%,NXP Semiconductors NV,"3,937","3,75,353",,,nxp semiconductors,NXPI,NXP SEMICONDUCTORS NV
CRBN,iShares MSCI ACWI Low Carbon Target ETF,31/07/18,Netherlands — 1.1%,Randstad NV,"2,430","1,54,273",,,randstad,RANJY,RANDSTAD NV
CRBN,iShares MSCI ACWI Low Carbon Target ETF,31/07/18,Netherlands — 1.1%,RELX NV,"17,298","3,76,354",,,relx,REL,RELX NV
CRBN,iShares MSCI ACWI Low Carbon Target ETF,31/07/18,Netherlands — 1.1%,"Unilever NV, CVA","15,120","8,71,113",,,unilever cva,UNILE2,"UNILEVER NV, CVA"
CRBN,iShares MSCI ACWI Low Carbon Target ETF,31/07/18,Netherlands — 1.1%,Wolters Kluwer NV,"5,893","3,55,512","58,16,904",,wolters kluwer,WKL,WOLTERS KLUWER NV
CRBN,iShares MSCI ACWI Low Carbon Target ETF,31/07/18,New Zealand — 0.1%,Meridian Energy Ltd.,"1,74,240","3,72,475","3,72,475",,meridian energy,MEL,MERIDIAN ENERGY LTD.
CRBN,iShares MSCI ACWI Low Carbon Target ETF,31/07/18,Norway — 0.3%,DNB ASA,"22,500","4,54,430",,,dnb asa,DNBBY,DNB ASA
CRBN,iShares MSCI ACWI Low Carbon Target ETF,31/07/18,Norway — 0.3%,Gjensidige Forsikring ASA,"9,540","1,53,276",,,gjensidige forsikring asa,GJNSY,GJENSIDIGE FORSIKRING ASA
CRBN,iShares MSCI ACWI Low Carbon Target ETF,31/07/18,Norway — 0.3%,Marine Harvest ASA,"20,296","4,44,293",,,marine harvest asa,0OAW.IL,MARINE HARVEST ASA
CRBN,iShares MSCI ACWI Low Carbon Target ETF,31/07/18,Norway — 0.3%,Orkla ASA,"29,746","2,51,921",,,orkla asa,ORKLY,ORKLA ASA
CRBN,iShares MSCI ACWI Low Carbon Target ETF,31/07/18,Norway — 0.3%,"Schibsted ASA, Class B","2,970","96,603",,,schibsted asa,SCHIB,"SCHIBSTED ASA, CLASS B"
CRBN,iShares MSCI ACWI Low Carbon Target ETF,31/07/18,Norway — 0.3%,Telenor ASA,"18,450","3,61,196","17,61,719",,telenor asa,TELNY,TELENOR ASA
CRBN,iShares MSCI ACWI Low Carbon Target ETF,31/07/18,Peru — 0.1%,Southern Copper Corp.,"14,850","7,32,996","7,32,996",,southern copper,SCCO,SOUTHERN COPPER CORP.
CRBN,iShares MSCI ACWI Low Carbon Target ETF,31/07/18,Philippines — 0.1%,International Container Terminal Services Inc.,"44,100","73,908",,,international container terminal services,ICTEF,INTERNATIONAL CONTAINER TERMINAL SERVICES INC.
CRBN,iShares MSCI ACWI Low Carbon Target ETF,31/07/18,Philippines — 0.1%,SM Investments Corp.,"9,900","1,77,102",,,sm investments,SM,SM INVESTMENTS CORP.
CRBN,iShares MSCI ACWI Low Carbon Target ETF,31/07/18,Philippines — 0.1%,SM Prime Holdings Inc.,"1,80,000","1,27,954","3,78,964",,sm prime,SPHXF,SM PRIME HOLDINGS INC.
CRBN,iShares MSCI ACWI Low Carbon Target ETF,31/07/18,Poland — 0.1%,Bank Polska Kasa Opieki SA,"5,400","1,65,176",,,bank polska kasa opieki,BKPKF,BANK POLSKA KASA OPIEKI SA
CRBN,iShares MSCI ACWI Low Carbon Target ETF,31/07/18,Poland — 0.1%,Bank Zachodni WBK SA,"1,080","1,08,335",,,bank zachodni wbk,BANKZ,BANK ZACHODNI WBK SA
CRBN,iShares MSCI ACWI Low Carbon Target ETF,31/07/18,Poland — 0.1%,Powszechna Kasa Oszczednosci Bank Polski SA,"13,230","1,50,873",,,powszechna kasa oszczednosci bank polski,POWSZ,POWSZECHNA KASA OSZCZEDNOSCI BANK POLSKI SA
CRBN,iShares MSCI ACWI Low Carbon Target ETF,31/07/18,Poland — 0.1%,Powszechny Zaklad Ubezpieczen SA,"12,780","1,46,790","5,71,174",,powszechny zaklad ubezpieczen,PWZYF,POWSZECHNY ZAKLAD UBEZPIECZEN SA
CRBN,iShares MSCI ACWI Low Carbon Target ETF,31/07/18,Portugal — 0.2%,Galp Energia SGPS SA,"40,680","8,37,243","8,37,243",,galp energia sgps,GALP,GALP ENERGIA SGPS SA
CRBN,iShares MSCI ACWI Low Carbon Target ETF,31/07/18,Qatar — 0.1%,Barwa Real Estate Co.,"37,080","3,68,591",,,barwa real estate,BRES,BARWA REAL ESTATE CO.
CRBN,iShares MSCI ACWI Low Carbon Target ETF,31/07/18,Qatar — 0.1%,Ezdan Holding Group QSC,"41,836","1,03,681",,,ezdan holding qsc,EZDAN,EZDAN HOLDING GROUP QSC
CRBN,iShares MSCI ACWI Low Carbon Target ETF,31/07/18,Qatar — 0.1%,Ooredoo QPSC,990,"19,059","4,91,331",,ooredoo qpsc,ORDS.QA,OOREDOO QPSC
CRBN,iShares MSCI ACWI Low Carbon Target ETF,31/07/18,Russia — 0.2%,"Magnit PJSC, GDR, NVS","10,260","1,68,469",,,magnit pjsc gdr,MAGNI3,"MAGNIT PJSC, GDR, NVS"
CRBN,iShares MSCI ACWI Low Carbon Target ETF,31/07/18,Russia — 0.2%,"Mobile TeleSystems PJSC, ADR, NVS","28,530","2,50,208",,,mobile telesystems pjsc adr,MOBIL3,"MOBILE TELESYSTEMS PJSC, ADR, NVS"
CRBN,iShares MSCI ACWI Low Carbon Target ETF,31/07/18,Russia — 0.2%,"Sberbank of Russia PJSC, ADR","64,029","9,02,169","13,20,846",,sberbank of russia pjsc adr,SBERB4,"SBERBANK OF RUSSIA PJSC, ADR"
CRBN,iShares MSCI ACWI Low Carbon Target ETF,31/07/18,Singapore — 0.4%,City Developments Ltd.,"9,000","66,179",,,city developments,CDE.SG,CITY DEVELOPMENTS LTD.
CRBN,iShares MSCI ACWI Low Carbon Target ETF,31/07/18,Singapore — 0.4%,DBS Group Holdings Ltd.,"18,000","3,53,706",,,dbs,D05,DBS GROUP HOLDINGS LTD.
CRBN,iShares MSCI ACWI Low Carbon Target ETF,31/07/18,Singapore — 0.4%,Genting Singapore Ltd.,"1,44,000","1,35,400",,,genting singapore,G13,GENTING SINGAPORE LTD.
CRBN,iShares MSCI ACWI Low Carbon Target ETF,31/07/18,Singapore — 0.4%,Oversea-Chinese Banking Corp. Ltd.,"45,800","3,89,265",,,oversea chinese banking,O39,OVERSEA-CHINESE BANKING CORP. LTD.
CRBN,iShares MSCI ACWI Low Carbon Target ETF,31/07/18,Singapore — 0.4%,SATS Ltd.,"15,100","57,569",,,sats,W1J.SG,SATS LTD.
CRBN,iShares MSCI ACWI Low Carbon Target ETF,31/07/18,Singapore — 0.4%,Singapore Technologies Engineering Ltd.,"36,000","90,443",,,singapore technologies engineering,SGGKY,SINGAPORE TECHNOLOGIES ENGINEERING LTD.
CRBN,iShares MSCI ACWI Low Carbon Target ETF,31/07/18,Singapore — 0.4%,Singapore Telecommunications Ltd.,"1,71,000","4,03,225",,,singapore telecommunications,Z74,SINGAPORE TELECOMMUNICATIONS LTD.
CRBN,iShares MSCI ACWI Low Carbon Target ETF,31/07/18,Singapore — 0.4%,Suntec REIT,"81,000","1,09,483",,,suntec reit,T82U.SI,SUNTEC REIT
CRBN,iShares MSCI ACWI Low Carbon Target ETF,31/07/18,Singapore — 0.4%,United Overseas Bank Ltd.,"9,300","1,84,593",,,united overseas bank,U11,UNITED OVERSEAS BANK LTD.
CRBN,iShares MSCI ACWI Low Carbon Target ETF,31/07/18,Singapore — 0.4%,UOL Group Ltd.,"27,000","1,42,210",,,uol,UOLGY,UOL GROUP LTD.
CRBN,iShares MSCI ACWI Low Carbon Target ETF,31/07/18,Singapore — 0.4%,Yangzijiang Shipbuilding Holdings Ltd.,"1,53,000","1,06,211","20,38,284",,yangzijiang shipbuilding,YSHLF,YANGZIJIANG SHIPBUILDING HOLDINGS LTD.
CRBN,iShares MSCI ACWI Low Carbon Target ETF,31/07/18,South Africa — 0.8%,Absa Group Ltd.,"14,850","1,94,871",,,absa,ABG,ABSA GROUP LTD.
CRBN,iShares MSCI ACWI Low Carbon Target ETF,31/07/18,South Africa — 0.8%,Aspen Pharmacare Holdings Ltd.,"5,040","98,116",,,aspen pharmacare,APN,ASPEN PHARMACARE HOLDINGS LTD.
CRBN,iShares MSCI ACWI Low Carbon Target ETF,31/07/18,South Africa — 0.8%,Bid Corp. Ltd.,"4,680","94,152",,,bid,BID,BID CORP. LTD.
CRBN,iShares MSCI ACWI Low Carbon Target ETF,31/07/18,South Africa — 0.8%,Coronation Fund Managers Ltd.,630,"2,862",,,coronation fund managers,N8C.SG,CORONATION FUND MANAGERS LTD.
CRBN,iShares MSCI ACWI Low Carbon Target ETF,31/07/18,South Africa — 0.8%,FirstRand Ltd.,"53,100","2,80,808",,,firstrand,FSR,FIRSTRAND LTD.
CRBN,iShares MSCI ACWI Low Carbon Target ETF,31/07/18,South Africa — 0.8%,"Fortress REIT Ltd., Series A",270,320,,,fortress reit series a,FORTR3,"FORTRESS REIT LTD., SERIES A"
CRBN,iShares MSCI ACWI Low Carbon Target ETF,31/07/18,South Africa — 0.8%,"Fortress REIT Ltd., Series B","38,070","42,462",,,fortress reit series b,FORTR4,"FORTRESS REIT LTD., SERIES B"
CRBN,iShares MSCI ACWI Low Carbon Target ETF,31/07/18,South Africa — 0.8%,Growthpoint Properties Ltd.,"1,05,210","2,10,038",,,growthpoint properties,G5JA.SG,GROWTHPOINT PROPERTIES LTD.
CRBN,iShares MSCI ACWI Low Carbon Target ETF,31/07/18,South Africa — 0.8%,Liberty Holdings Ltd.,"8,370","73,804",,,liberty,LIBER,LIBERTY HOLDINGS LTD.
CRBN,iShares MSCI ACWI Low Carbon Target ETF,31/07/18,South Africa — 0.8%,MMI Holdings Ltd./South Africa,"42,930","55,716",,,mmi south africa,MMIHO,MMI HOLDINGS LTD./SOUTH AFRICA
CRBN,iShares MSCI ACWI Low Carbon Target ETF,31/07/18,South Africa — 0.8%,Mr. Price Group Ltd.,"5,130","92,090",,,mr price,MRPLY,MR. PRICE GROUP LTD.
CRBN,iShares MSCI ACWI Low Carbon Target ETF,31/07/18,South Africa — 0.8%,MTN Group Ltd.,"22,050","1,92,745",,,mtn,MTN,MTN GROUP LTD.
CRBN,iShares MSCI ACWI Low Carbon Target ETF,31/07/18,South Africa — 0.8%,"Naspers Ltd., Class N","5,310","13,14,249",,,naspers class n,NPN,"NASPERS LTD., CLASS N"
CRBN,iShares MSCI ACWI Low Carbon Target ETF,31/07/18,South Africa — 0.8%,Nedbank Group Ltd.,"4,410","91,865",,,nedbank,NED,NEDBANK GROUP LTD.
CRBN,iShares MSCI ACWI Low Carbon Target ETF,31/07/18,South Africa — 0.8%,NEPI Rockcastle PLC,"10,350","96,399",,,nepi rockcastle,NRP,NEPI ROCKCASTLE PLC
CRBN,iShares MSCI ACWI Low Carbon Target ETF,31/07/18,South Africa — 0.8%,Old Mutual Ltd.,"92,456","2,11,632",,,old mutual,OMU,OLD MUTUAL LTD.
CRBN,iShares MSCI ACWI Low Carbon Target ETF,31/07/18,South Africa — 0.8%,Redefine Properties Ltd.,"2,04,660","1,66,087",,,redefine properties,RDF.JO,REDEFINE PROPERTIES LTD.
CRBN,iShares MSCI ACWI Low Carbon Target ETF,31/07/18,South Africa — 0.8%,RMB Holdings Ltd.,"27,090","1,70,394",,,rmb,R8B.SG,RMB HOLDINGS LTD.
CRBN,iShares MSCI ACWI Low Carbon Target ETF,31/07/18,South Africa — 0.8%,Sanlam Ltd.,"24,930","1,45,293",,,sanlam,SLM,SANLAM LTD.
CRBN,iShares MSCI ACWI Low Carbon Target ETF,31/07/18,South Africa — 0.8%,SPAR Group Ltd. (The),"4,320","63,184",,,spar the,SPARG,SPAR GROUP LTD. (THE)
CRBN,iShares MSCI ACWI Low Carbon Target ETF,31/07/18,South Africa — 0.8%,Standard Bank Group Ltd.,"25,740","4,00,580",,,standard bank,SBK,STANDARD BANK GROUP LTD.
CRBN,iShares MSCI ACWI Low Carbon Target ETF,31/07/18,South Africa — 0.8%,Truworths International Ltd.,"9,720","60,745",,,truworths international,IUE.SG,TRUWORTHS INTERNATIONAL LTD.
CRBN,iShares MSCI ACWI Low Carbon Target ETF,31/07/18,South Africa — 0.8%,Vodacom Group Ltd.,"6,120","65,528","41,23,940",,vodacom,VOD,VODACOM GROUP LTD.
CRBN,iShares MSCI ACWI Low Carbon Target ETF,31/07/18,South Korea — 0.1%,Amorepacific Corp.,720,"1,72,172",,,amorepacific,90430,AMOREPACIFIC CORP.
CRBN,iShares MSCI ACWI Low Carbon Target ETF,31/07/18,South Korea — 0.1%,AMOREPACIFIC Group,450,"38,538",,,amorepacific,90430,AMOREPACIFIC GROUP
CRBN,iShares MSCI ACWI Low Carbon Target ETF,31/07/18,South Korea — 0.1%,BGF retail Co. Ltd.,289,"43,661",,,bgf retail,282330.KS,BGF RETAIL CO. LTD.
CRBN,iShares MSCI ACWI Low Carbon Target ETF,31/07/18,South Korea — 0.1%,BNK Financial Group Inc.,"7,020","56,291",,,bnk financial,138930.KS,BNK FINANCIAL GROUP INC.
CRBN,iShares MSCI ACWI Low Carbon Target ETF,31/07/18,South Korea — 0.1%,Celltrion Inc.,"1,224","2,97,069",,,celltrion,68270,CELLTRION INC.
CRBN,iShares MSCI ACWI Low Carbon Target ETF,31/07/18,South Korea — 0.1%,Coway Co. Ltd.,"1,080","90,559",,,coway,21240,COWAY CO. LTD.
CRBN,iShares MSCI ACWI Low Carbon Target ETF,31/07/18,South Korea — 0.1%,Daelim Industrial Co. Ltd.,"1,080","75,691",,,daelim industrial,DAELI,DAELIM INDUSTRIAL CO. LTD.
CRBN,iShares MSCI ACWI Low Carbon Target ETF,31/07/18,South Korea — 0.1%,Daewoo Engineering & Construction Co. Ltd.,"16,920","85,912",,,daewoo engineering and construction,DAEWO,DAEWOO ENGINEERING & CONSTRUCTION CO. LTD.
CRBN,iShares MSCI ACWI Low Carbon Target ETF,31/07/18,South Korea — 0.1%,DGB Financial Group Inc.,"5,940","49,648",,,dgb financial,DGBFI,DGB FINANCIAL GROUP INC.
CRBN,iShares MSCI ACWI Low Carbon Target ETF,31/07/18,South Korea — 0.1%,Dongsuh Cos. Inc.,"1,800","41,032",,,dongsuh cos,DONGS,DONGSUH COS. INC.
CRBN,iShares MSCI ACWI Low Carbon Target ETF,31/07/18,South Korea — 0.1%,GS Holdings Corp.,"6,120","2,94,333",,,gs,GSHOL,GS HOLDINGS CORP.
CRBN,iShares MSCI ACWI Low Carbon Target ETF,31/07/18,South Korea — 0.1%,Hana Financial Group Inc.,"4,640","1,86,239",,,hana financial,86790,HANA FINANCIAL GROUP INC.
CRBN,iShares MSCI ACWI Low Carbon Target ETF,31/07/18,South Korea — 0.1%,Hanwha Corp.,"1,800","51,732",,,hanwha,000880.KS,HANWHA CORP.
CRBN,iShares MSCI ACWI Low Carbon Target ETF,31/07/18,South Korea — 0.1%,Hyundai Engineering & Construction Co. Ltd.,"1,620","84,718",,,hyundai engineering and construction,HYUND,HYUNDAI ENGINEERING & CONSTRUCTION CO. LTD.
CRBN,iShares MSCI ACWI Low Carbon Target ETF,31/07/18,South Korea — 0.1%,Hyundai Heavy Industries Co. Ltd. (a)(b),"2,056","1,95,740",,,hyundai heavy industries a b,HYUND7,HYUNDAI HEAVY INDUSTRIES CO. LTD. (A)(B)
CRBN,iShares MSCI ACWI Low Carbon Target ETF,31/07/18,South Korea — 0.1%,Hyundai Mobis Co. Ltd.,"1,080","2,20,122",,,hyundai mobis,HYUND2,HYUNDAI MOBIS CO. LTD.
CRBN,iShares MSCI ACWI Low Carbon Target ETF,31/07/18,South Korea — 0.1%,Hyundai Motor Co.,540,"62,513",,,hyundai motor,HYMLF,HYUNDAI MOTOR CO.
CRBN,iShares MSCI ACWI Low Carbon Target ETF,31/07/18,South Korea — 0.1%,Industrial Bank of Korea,"10,800","1,51,093",,,industrial bank of korea,24110,INDUSTRIAL BANK OF KOREA
CRBN,iShares MSCI ACWI Low Carbon Target ETF,31/07/18,South Korea — 0.1%,Kakao Corp.,360,"36,204",,,kakao,35720,KAKAO CORP.
CRBN,iShares MSCI ACWI Low Carbon Target ETF,31/07/18,South Korea — 0.1%,Kangwon Land Inc.,"3,150","73,213",,,kangwon land,035250.KS,KANGWON LAND INC.
CRBN,iShares MSCI ACWI Low Carbon Target ETF,31/07/18,South Korea — 0.1%,KB Financial Group Inc.,"4,603","2,20,552",,,kb financial,105560,KB FINANCIAL GROUP INC.
CRBN,iShares MSCI ACWI Low Carbon Target ETF,31/07/18,South Korea — 0.1%,KEPCO Plant Service & Engineering Co. Ltd.,"1,870","57,589",,,kepco plant service and engineering,KEPCO,KEPCO PLANT SERVICE & ENGINEERING CO. LTD.
CRBN,iShares MSCI ACWI Low Carbon Target ETF,31/07/18,South Korea — 0.1%,Kia Motors Corp.,"2,160","61,209",,,kia motors,KIMTF,KIA MOTORS CORP.
CRBN,iShares MSCI ACWI Low Carbon Target ETF,31/07/18,South Korea — 0.1%,Korea Aerospace Industries Ltd.,"1,767","55,522",,,korea aerospace industries,047810.KS,KOREA AEROSPACE INDUSTRIES LTD.
CRBN,iShares MSCI ACWI Low Carbon Target ETF,31/07/18,South Korea — 0.1%,Korea Gas Corp.,"3,330","1,73,548",,,korea gas,KOREA2,KOREA GAS CORP.
CRBN,iShares MSCI ACWI Low Carbon Target ETF,31/07/18,South Korea — 0.1%,KT&G Corp.,"2,668","2,63,544",,,kt and g,33780,KT&G CORP.
CRBN,iShares MSCI ACWI Low Carbon Target ETF,31/07/18,South Korea — 0.1%,LG Electronics Inc.,"1,085","72,550",,,lg electronics,LGLG.SG,LG ELECTRONICS INC.
CRBN,iShares MSCI ACWI Low Carbon Target ETF,31/07/18,South Korea — 0.1%,LG Household & Health Care Ltd.,180,"1,94,699",,,lg household and health care,LGHOU,LG HOUSEHOLD & HEALTH CARE LTD.
CRBN,iShares MSCI ACWI Low Carbon Target ETF,31/07/18,South Korea — 0.1%,NAVER Corp.,317,"2,02,898",,,naver,35420,NAVER CORP.
CRBN,iShares MSCI ACWI Low Carbon Target ETF,31/07/18,South Korea — 0.1%,NCSoft Corp.,360,"1,24,060",,,ncsoft,036570.KS,NCSOFT CORP.
CRBN,iShares MSCI ACWI Low Carbon Target ETF,31/07/18,South Korea — 0.1%,Samsung Biologics Co. Ltd. (a)(b)(c),360,"1,20,038",,,samsung biologics a b c,SAMSU4,SAMSUNG BIOLOGICS CO. LTD. (A)(B)(C)
CRBN,iShares MSCI ACWI Low Carbon Target ETF,31/07/18,South Korea — 0.1%,Samsung C&T Corp.,810,"89,425",,,samsung c and t,28260,SAMSUNG C&T CORP.
CRBN,iShares MSCI ACWI Low Carbon Target ETF,31/07/18,South Korea — 0.1%,Samsung Electronics Co. Ltd.,"57,875","23,92,812",,,samsung electronics,5930,SAMSUNG ELECTRONICS CO. LTD.
CRBN,iShares MSCI ACWI Low Carbon Target ETF,31/07/18,South Korea — 0.1%,Samsung Fire & Marine Insurance Co. Ltd.,450,"1,09,820",,,samsung fire and marine insurance,SAMSU,SAMSUNG FIRE & MARINE INSURANCE CO. LTD.
CRBN,iShares MSCI ACWI Low Carbon Target ETF,31/07/18,South Korea — 0.1%,Samsung Life Insurance Co. Ltd.,"1,620","1,39,459",,,samsung life insurance,SAMSU2,SAMSUNG LIFE INSURANCE CO. LTD.
CRBN,iShares MSCI ACWI Low Carbon Target ETF,31/07/18,South Korea — 0.1%,Samsung SDS Co. Ltd.,540,"1,01,131",,,samsung sds,18260,SAMSUNG SDS CO. LTD.
CRBN,iShares MSCI ACWI Low Carbon Target ETF,31/07/18,South Korea — 0.1%,Shinhan Financial Group Co. Ltd.,"4,412","1,71,763",,,shinhan financial,55550,SHINHAN FINANCIAL GROUP CO. LTD.
CRBN,iShares MSCI ACWI Low Carbon Target ETF,31/07/18,South Korea — 0.1%,SillaJen Inc.,900,"41,997",,,sillajen,215600.KQ,SILLAJEN INC.
CRBN,iShares MSCI ACWI Low Carbon Target ETF,31/07/18,South Korea — 0.1%,SK Holdings Co. Ltd.,"1,260","2,96,795",,,sk,34730,SK HOLDINGS CO. LTD.
CRBN,iShares MSCI ACWI Low Carbon Target ETF,31/07/18,South Korea — 0.1%,SK Hynix Inc.,"7,110","5,48,512",,,sk hynix,660,SK HYNIX INC.
CRBN,iShares MSCI ACWI Low Carbon Target ETF,31/07/18,South Korea — 0.1%,SK Telecom Co. Ltd.,270,"60,461","78,04,864",,sk telecom,17670,SK TELECOM CO. LTD.
CRBN,iShares MSCI ACWI Low Carbon Target ETF,31/07/18,Spain — 1.1%,Aena SME SA,"2,790","5,07,294",,,aena sme,AENA,AENA SME SA
CRBN,iShares MSCI ACWI Low Carbon Target ETF,31/07/18,Spain — 1.1%,Amadeus IT Group SA,"8,010","6,84,164",,,amadeus it,AMS,AMADEUS IT GROUP SA
CRBN,iShares MSCI ACWI Low Carbon Target ETF,31/07/18,Spain — 1.1%,Banco Bilbao Vizcaya Argentaria SA,"87,501","6,43,564",,,banco bilbao vizcaya argentaria,BBVA,BANCO BILBAO VIZCAYA ARGENTARIA SA
CRBN,iShares MSCI ACWI Low Carbon Target ETF,31/07/18,Spain — 1.1%,Banco de Sabadell SA,"37,628","62,892",,,banco de sabadell,SAB,BANCO DE SABADELL SA
CRBN,iShares MSCI ACWI Low Carbon Target ETF,31/07/18,Spain — 1.1%,Banco Santander SA,"1,87,205","10,55,660",,,banco santander,SAN,BANCO SANTANDER SA
CRBN,iShares MSCI ACWI Low Carbon Target ETF,31/07/18,Spain — 1.1%,Bankia SA,506,"1,996",,,bankia,BANKI,BANKIA SA
CRBN,iShares MSCI ACWI Low Carbon Target ETF,31/07/18,Spain — 1.1%,CaixaBank SA,"28,710","1,32,924",,,caixabank,CABK,CAIXABANK SA
CRBN,iShares MSCI ACWI Low Carbon Target ETF,31/07/18,Spain — 1.1%,Ferrovial SA,"16,346","3,38,142",,,ferrovial,FER,FERROVIAL SA
CRBN,iShares MSCI ACWI Low Carbon Target ETF,31/07/18,Spain — 1.1%,Industria de Diseno Textil SA,"22,680","7,44,356",,,industria de diseno textil,ITXE.XD,INDUSTRIA DE DISENO TEXTIL SA
CRBN,iShares MSCI ACWI Low Carbon Target ETF,31/07/18,Spain — 1.1%,Mapfre SA,"14,670","46,156",,,mapfre,MAPE.XC,MAPFRE SA
CRBN,iShares MSCI ACWI Low Carbon Target ETF,31/07/18,Spain — 1.1%,Red Electrica Corp. SA,"33,030","7,01,052",,,red electrica,REE.VI,RED ELECTRICA CORP. SA
CRBN,iShares MSCI ACWI Low Carbon Target ETF,31/07/18,Spain — 1.1%,Siemens Gamesa Renewable Energy SA,"9,540","1,34,896",,,siemens gamesa renewable energy,SIEME2,SIEMENS GAMESA RENEWABLE ENERGY SA
CRBN,iShares MSCI ACWI Low Carbon Target ETF,31/07/18,Spain — 1.1%,Telefonica SA,"82,890","7,45,915","57,99,011",,telefonica,TEF,TELEFONICA SA
CRBN,iShares MSCI ACWI Low Carbon Target ETF,31/07/18,Sweden — 0.9%,"Assa Abloy AB, Class B","17,100","3,39,312",,,assa abloy ab,ALZC.F,"ASSA ABLOY AB, CLASS B"
CRBN,iShares MSCI ACWI Low Carbon Target ETF,31/07/18,Sweden — 0.9%,"Atlas Copco AB, Class A","1,766","50,609",,,atlas copco ab,ATCO-B.ST,"ATLAS COPCO AB, CLASS A"
CRBN,iShares MSCI ACWI Low Carbon Target ETF,31/07/18,Sweden — 0.9%,"Atlas Copco AB, Class B","10,578","2,77,435",,,atlas copco ab,ATCO-B.ST,"ATLAS COPCO AB, CLASS B"
CRBN,iShares MSCI ACWI Low Carbon Target ETF,31/07/18,Sweden — 0.9%,Boliden AB,"20,779","6,19,595",,,boliden ab,BOL.ST,BOLIDEN AB
CRBN,iShares MSCI ACWI Low Carbon Target ETF,31/07/18,Sweden — 0.9%,"Epiroc AB, Class A","1,860","22,287",,,epiroc ab,3AD1.F,"EPIROC AB, CLASS A"
CRBN,iShares MSCI ACWI Low Carbon Target ETF,31/07/18,Sweden — 0.9%,"Epiroc AB, Class B","11,157","1,18,318",,,epiroc ab,3AD1.F,"EPIROC AB, CLASS B"
CRBN,iShares MSCI ACWI Low Carbon Target ETF,31/07/18,Sweden — 0.9%,"Hennes & Mauritz AB, Class B","14,310","2,22,796",,,hennes and mauritz ab,HM-B.ST,"HENNES & MAURITZ AB, CLASS B"
CRBN,iShares MSCI ACWI Low Carbon Target ETF,31/07/18,Sweden — 0.9%,"Hexagon AB, Class B","3,240","1,97,721",,,hexagon ab,HEXA-B.ST,"HEXAGON AB, CLASS B"
CRBN,iShares MSCI ACWI Low Carbon Target ETF,31/07/18,Sweden — 0.9%,"Industrivarden AB, Class C","18,720","3,95,000",,,industrivarden ab,IDDTF,"INDUSTRIVARDEN AB, CLASS C"
CRBN,iShares MSCI ACWI Low Carbon Target ETF,31/07/18,Sweden — 0.9%,"Investor AB, Class B","11,970","5,22,310",,,investor ab,INVE-B.ST,"INVESTOR AB, CLASS B"
CRBN,iShares MSCI ACWI Low Carbon Target ETF,31/07/18,Sweden — 0.9%,"Kinnevik AB, Class B","10,800","3,73,293",,,kinnevik ab,KINV-B.ST,"KINNEVIK AB, CLASS B"
CRBN,iShares MSCI ACWI Low Carbon Target ETF,31/07/18,Sweden — 0.9%,"Millicom International Cellular SA, SDR","1,170","74,968",,,millicom international cellular sdr,M4M1.SG,"MILLICOM INTERNATIONAL CELLULAR SA, SDR"
CRBN,iShares MSCI ACWI Low Carbon Target ETF,31/07/18,Sweden — 0.9%,Nordea Bank AB,"31,410","3,34,314",,,nordea bank ab,NDA-FI.HE,NORDEA BANK AB
CRBN,iShares MSCI ACWI Low Carbon Target ETF,31/07/18,Sweden — 0.9%,Sandvik AB,"7,740","1,41,692",,,sandvik ab,SAND.ST,SANDVIK AB
CRBN,iShares MSCI ACWI Low Carbon Target ETF,31/07/18,Sweden — 0.9%,"Skandinaviska Enskilda Banken AB, Class A","4,320","46,255",,,skandinaviska enskilda banken ab,SEB-C.ST,"SKANDINAVISKA ENSKILDA BANKEN AB, CLASS A"
CRBN,iShares MSCI ACWI Low Carbon Target ETF,31/07/18,Sweden — 0.9%,"Skanska AB, Class B","4,230","79,723",,,skanska ab,SKA-B.ST,"SKANSKA AB, CLASS B"
CRBN,iShares MSCI ACWI Low Carbon Target ETF,31/07/18,Sweden — 0.9%,"Svenska Handelsbanken AB, Class A","1,440","17,806",,,svenska handelsbanken ab,SHB-B.ST,"SVENSKA HANDELSBANKEN AB, CLASS A"
CRBN,iShares MSCI ACWI Low Carbon Target ETF,31/07/18,Sweden — 0.9%,"Swedbank AB, Class A",450,"10,663",,,swedbank ab,SWED-A.ST,"SWEDBANK AB, CLASS A"
CRBN,iShares MSCI ACWI Low Carbon Target ETF,31/07/18,Sweden — 0.9%,"Telefonaktiebolaget LM Ericsson, Class B","41,400","3,24,545",,,telefonaktiebolaget lm ericsson,TELEF4,"TELEFONAKTIEBOLAGET LM ERICSSON, CLASS B"
CRBN,iShares MSCI ACWI Low Carbon Target ETF,31/07/18,Sweden — 0.9%,Telia Co. AB,"33,300","1,60,312",,,telia ab,TELIA1.HE,TELIA CO. AB
CRBN,iShares MSCI ACWI Low Carbon Target ETF,31/07/18,Sweden — 0.9%,"Volvo AB, Class B","22,140","3,88,421","47,17,375",,volvo ab,VOLVF,"VOLVO AB, CLASS B"
CRBN,iShares MSCI ACWI Low Carbon Target ETF,31/07/18,Switzerland — 2.4%,"ABB Ltd., Registered","20,340","4,66,587",,,abb registered,ABBLT2,"ABB LTD., REGISTERED"
CRBN,iShares MSCI ACWI Low Carbon Target ETF,31/07/18,Switzerland — 2.4%,"Adecco Group AG, Registered","2,430","1,49,678",,,adecco registered,UBS,"ADECCO GROUP AG, REGISTERED"
CRBN,iShares MSCI ACWI Low Carbon Target ETF,31/07/18,Switzerland — 2.4%,"Cie. Financiere Richemont SA, Registered","6,300","5,53,636",,,cie financiere richemont registered,CFRZ.XC,"CIE. FINANCIERE RICHEMONT SA, REGISTERED"
CRBN,iShares MSCI ACWI Low Carbon Target ETF,31/07/18,Switzerland — 2.4%,"Credit Suisse Group AG, Registered","30,125","4,85,956",,,credit suisse registered,UBS,"CREDIT SUISSE GROUP AG, REGISTERED"
CRBN,iShares MSCI ACWI Low Carbon Target ETF,31/07/18,Switzerland — 2.4%,"EMS-Chemie Holding AG, Registered",360,"2,30,909",,,ems chemie holding registered,UBS,"EMS-CHEMIE HOLDING AG, REGISTERED"
CRBN,iShares MSCI ACWI Low Carbon Target ETF,31/07/18,Switzerland — 2.4%,"Geberit AG, Registered",720,"3,21,236",,,geberit registered,UBS,"GEBERIT AG, REGISTERED"
CRBN,iShares MSCI ACWI Low Carbon Target ETF,31/07/18,Switzerland — 2.4%,"Givaudan SA, Registered",270,"6,33,546",,,givaudan registered,GIVAU2,"GIVAUDAN SA, REGISTERED"
CRBN,iShares MSCI ACWI Low Carbon Target ETF,31/07/18,Switzerland — 2.4%,"Kuehne + Nagel International AG, Registered",810,"1,29,559",,,kuehne nagel international registered,KUEHN3,"KUEHNE + NAGEL INTERNATIONAL AG, REGISTERED"
CRBN,iShares MSCI ACWI Low Carbon Target ETF,31/07/18,Switzerland — 2.4%,"Lonza Group AG, Registered",720,"2,22,036",,,lonza registered,UBS,"LONZA GROUP AG, REGISTERED"
CRBN,iShares MSCI ACWI Low Carbon Target ETF,31/07/18,Switzerland — 2.4%,"Nestle SA, Registered","34,740","28,31,837",,,nestle registered,UBS,"NESTLE SA, REGISTERED"
CRBN,iShares MSCI ACWI Low Carbon Target ETF,31/07/18,Switzerland — 2.4%,"Novartis AG, Registered","23,580","19,82,626",,,novartis registered,NVS,"NOVARTIS AG, REGISTERED"
CRBN,iShares MSCI ACWI Low Carbon Target ETF,31/07/18,Switzerland — 2.4%,"Roche Holding AG, NVS","8,190","20,10,686",,,roche holding,RO,"ROCHE HOLDING AG, NVS"
CRBN,iShares MSCI ACWI Low Carbon Target ETF,31/07/18,Switzerland — 2.4%,"Sika AG, Registered","5,292","7,53,175",,,sika registered,UBS,"SIKA AG, REGISTERED"
CRBN,iShares MSCI ACWI Low Carbon Target ETF,31/07/18,Switzerland — 2.4%,"Swatch Group AG (The), Bearer",810,"3,64,009",,,swatch the bearer,UHRN.F,"SWATCH GROUP AG (THE), BEARER"
CRBN,iShares MSCI ACWI Low Carbon Target ETF,31/07/18,Switzerland — 2.4%,"Swatch Group AG (The), Registered",11,907,,,swatch the registered,UBS,"SWATCH GROUP AG (THE), REGISTERED"
CRBN,iShares MSCI ACWI Low Carbon Target ETF,31/07/18,Switzerland — 2.4%,Swiss Re AG,"5,040","4,62,153",,,swiss re,SREN,SWISS RE AG
CRBN,iShares MSCI ACWI Low Carbon Target ETF,31/07/18,Switzerland — 2.4%,"Swisscom AG, Registered",180,"84,600",,,swisscom registered,UBS,"SWISSCOM AG, REGISTERED"
CRBN,iShares MSCI ACWI Low Carbon Target ETF,31/07/18,Switzerland — 2.4%,"UBS Group AG, Registered","45,534","7,50,391",,,ubs registered,UBS,"UBS GROUP AG, REGISTERED"
CRBN,iShares MSCI ACWI Low Carbon Target ETF,31/07/18,Switzerland — 2.4%,Vifor Pharma AG,720,"1,36,509",,,vifor pharma,VIFOR,VIFOR PHARMA AG
CRBN,iShares MSCI ACWI Low Carbon Target ETF,31/07/18,Switzerland — 2.4%,Zurich Insurance Group AG,"1,620","4,98,600","1,30,68,636",,zurich insurance,ZURN,ZURICH INSURANCE GROUP AG
CRBN,iShares MSCI ACWI Low Carbon Target ETF,31/07/18,Taiwan — 1.3%,Acer Inc.,"1,80,000","1,46,992",,,acer,2353,ACER INC.
CRBN,iShares MSCI ACWI Low Carbon Target ETF,31/07/18,Taiwan — 1.3%,Cathay Financial Holding Co. Ltd.,"2,70,000","4,64,787",,,cathay financial holding,2882,CATHAY FINANCIAL HOLDING CO. LTD.
CRBN,iShares MSCI ACWI Low Carbon Target ETF,31/07/18,Taiwan — 1.3%,China Development Financial Holding Corp.,"3,60,000","1,31,704",,,china development financial holding,CHINA15,CHINA DEVELOPMENT FINANCIAL HOLDING CORP.
CRBN,iShares MSCI ACWI Low Carbon Target ETF,31/07/18,Taiwan — 1.3%,China Life Insurance Co. Ltd./Taiwan,"73,030","77,291",,,china life insurance taiwan,CHINA16,CHINA LIFE INSURANCE CO. LTD./TAIWAN
CRBN,iShares MSCI ACWI Low Carbon Target ETF,31/07/18,Taiwan — 1.3%,Chunghwa Telecom Co. Ltd.,"90,000","3,11,622",,,chunghwa telecom,2412,CHUNGHWA TELECOM CO. LTD.
CRBN,iShares MSCI ACWI Low Carbon Target ETF,31/07/18,Taiwan — 1.3%,CTBC Financial Holding Co. Ltd.,"2,84,400","1,92,765",,,ctbc financial holding,2891,CTBC FINANCIAL HOLDING CO. LTD.
CRBN,iShares MSCI ACWI Low Carbon Target ETF,31/07/18,Taiwan — 1.3%,Fubon Financial Holding Co. Ltd.,"1,80,000","2,98,099",,,fubon financial holding,2881,FUBON FINANCIAL HOLDING CO. LTD.
CRBN,iShares MSCI ACWI Low Carbon Target ETF,31/07/18,Taiwan — 1.3%,Hon Hai Precision Industry Co. Ltd.,"2,70,650","7,40,853",,,hon hai precision industry,2317,HON HAI PRECISION INDUSTRY CO. LTD.
CRBN,iShares MSCI ACWI Low Carbon Target ETF,31/07/18,Taiwan — 1.3%,Mega Financial Holding Co. Ltd.,"8,10,000","7,20,994",,,mega financial holding,2886,MEGA FINANCIAL HOLDING CO. LTD.
CRBN,iShares MSCI ACWI Low Carbon Target ETF,31/07/18,Taiwan — 1.3%,Shin Kong Financial Holding Co. Ltd.,"4,50,000","1,70,510",,,shin kong financial holding,SHINK,SHIN KONG FINANCIAL HOLDING CO. LTD.
CRBN,iShares MSCI ACWI Low Carbon Target ETF,31/07/18,Taiwan — 1.3%,SinoPac Financial Holdings Co. Ltd.,"3,60,000","1,35,232",,,sinopac financial,2890,SINOPAC FINANCIAL HOLDINGS CO. LTD.
CRBN,iShares MSCI ACWI Low Carbon Target ETF,31/07/18,Taiwan — 1.3%,Synnex Technology International Corp.,"1,80,000","2,56,647",,,synnex technology international,SYXZF,SYNNEX TECHNOLOGY INTERNATIONAL CORP.
CRBN,iShares MSCI ACWI Low Carbon Target ETF,31/07/18,Taiwan — 1.3%,Taishin Financial Holding Co. Ltd.,"4,50,000","2,20,487",,,taishin financial holding,2887,TAISHIN FINANCIAL HOLDING CO. LTD.
CRBN,iShares MSCI ACWI Low Carbon Target ETF,31/07/18,Taiwan — 1.3%,Taiwan Mobile Co. Ltd.,"90,000","3,10,152",,,taiwan mobile,3045,TAIWAN MOBILE CO. LTD.
CRBN,iShares MSCI ACWI Low Carbon Target ETF,31/07/18,Taiwan — 1.3%,Taiwan Semiconductor Manufacturing Co. Ltd.,"2,70,000","21,69,596",,,taiwan semiconductor manufacturing,2330,TAIWAN SEMICONDUCTOR MANUFACTURING CO. LTD.
CRBN,iShares MSCI ACWI Low Carbon Target ETF,31/07/18,Taiwan — 1.3%,Uni-President Enterprises Corp.,"1,80,000","4,75,077",,,uni president enterprises,1216,UNI-PRESIDENT ENTERPRISES CORP.
CRBN,iShares MSCI ACWI Low Carbon Target ETF,31/07/18,Taiwan — 1.3%,Yuanta Financial Holding Co. Ltd.,"5,40,000","2,48,710","70,71,518",,yuanta financial holding,2885,YUANTA FINANCIAL HOLDING CO. LTD.
CRBN,iShares MSCI ACWI Low Carbon Target ETF,31/07/18,Thailand — 0.2%,"Airports of Thailand PCL, NVDR","2,34,000","4,65,960",,,airports of thailand pcl nvdr,NYV.F,"AIRPORTS OF THAILAND PCL, NVDR"
CRBN,iShares MSCI ACWI Low Carbon Target ETF,31/07/18,Thailand — 0.2%,"Bangkok Bank PCL, Foreign","9,000","56,267",,,bangkok bank pcl foreign,BKKF.F,"BANGKOK BANK PCL, FOREIGN"
CRBN,iShares MSCI ACWI Low Carbon Target ETF,31/07/18,Thailand — 0.2%,"Bangkok Expressway & Metro PCL, NVDR","3,35,200","84,127",,,bangkok expressway and metro pcl nvdr,BANGK3,"BANGKOK EXPRESSWAY & METRO PCL, NVDR"
CRBN,iShares MSCI ACWI Low Carbon Target ETF,31/07/18,Thailand — 0.2%,"BTS Group Holdings PCL, NVDR","2,97,000","84,360",,,bts pcl nvdr,BTSGY,"BTS GROUP HOLDINGS PCL, NVDR"
CRBN,iShares MSCI ACWI Low Carbon Target ETF,31/07/18,Thailand — 0.2%,"CP ALL PCL, NVDR","81,000","1,82,597",,,cp all pcl nvdr,LVN.MU,"CP ALL PCL, NVDR"
CRBN,iShares MSCI ACWI Low Carbon Target ETF,31/07/18,Thailand — 0.2%,"Energy Absolute PCL, NVDR","81,000","87,038",,,energy absolute pcl nvdr,ENERG3,"ENERGY ABSOLUTE PCL, NVDR"
CRBN,iShares MSCI ACWI Low Carbon Target ETF,31/07/18,Thailand — 0.2%,"Kasikornbank PCL, Foreign","18,600","1,25,789",,,kasikornbank pcl foreign,TFBF.F,"KASIKORNBANK PCL, FOREIGN"
CRBN,iShares MSCI ACWI Low Carbon Target ETF,31/07/18,Thailand — 0.2%,"Krung Thai Bank PCL, NVDR","63,000","35,978",,,krung thai bank pcl nvdr,KTB1.F,"KRUNG THAI BANK PCL, NVDR"
CRBN,iShares MSCI ACWI Low Carbon Target ETF,31/07/18,Thailand — 0.2%,"Siam Commercial Bank PCL (The), NVDR","9,200","38,714","11,60,830",,siam commercial bank pcl the nvdr,SIAMC4,"SIAM COMMERCIAL BANK PCL (THE), NVDR"
CRBN,iShares MSCI ACWI Low Carbon Target ETF,31/07/18,Turkey — 0.0%,Akbank Turk AS,"38,610","56,865",,,akbank turk as,AKBAN,AKBANK TURK AS
CRBN,iShares MSCI ACWI Low Carbon Target ETF,31/07/18,Turkey — 0.0%,BIM Birlesik Magazalar AS,"4,680","67,497",,,bim birlesik magazalar as,BIMBI,BIM BIRLESIK MAGAZALAR AS
CRBN,iShares MSCI ACWI Low Carbon Target ETF,31/07/18,Turkey — 0.0%,Emlak Konut Gayrimenkul Yatirim Ortakligi AS,"97,110","34,817",,,emlak konut gayrimenkul yatirim ortakligi as,EMLAK,EMLAK KONUT GAYRIMENKUL YATIRIM ORTAKLIGI AS
CRBN,iShares MSCI ACWI Low Carbon Target ETF,31/07/18,Turkey — 0.0%,Turkiye Garanti Bankasi AS,"43,110","62,439",,,turkiye garanti bankasi as,TKGBF,TURKIYE GARANTI BANKASI AS
CRBN,iShares MSCI ACWI Low Carbon Target ETF,31/07/18,Turkey — 0.0%,"Turkiye Is Bankasi AS, Class C","71,370","73,856","2,95,474",,turkiye is bankasi as,TURKI2,"TURKIYE IS BANKASI AS, CLASS C"
CRBN,iShares MSCI ACWI Low Carbon Target ETF,31/07/18,United Arab Emirates — 0.1%,Aldar Properties PJSC,"1,55,340","85,850",,,aldar properties pjsc,ALDAR,ALDAR PROPERTIES PJSC
CRBN,iShares MSCI ACWI Low Carbon Target ETF,31/07/18,United Arab Emirates — 0.1%,DAMAC Properties Dubai Co. PJSC,"84,240","53,436",,,damac properties dubai pjsc,DAMAC,DAMAC PROPERTIES DUBAI CO. PJSC
CRBN,iShares MSCI ACWI Low Carbon Target ETF,31/07/18,United Arab Emirates — 0.1%,DP World Ltd.,"3,960","91,080",,,dp world,DPWOR,DP WORLD LTD.
CRBN,iShares MSCI ACWI Low Carbon Target ETF,31/07/18,United Arab Emirates — 0.1%,Emaar Properties PJSC,"86,400","1,24,197",,,emaar properties pjsc,EMAAR.AE,EMAAR PROPERTIES PJSC
CRBN,iShares MSCI ACWI Low Carbon Target ETF,31/07/18,United Arab Emirates — 0.1%,Emirates Telecommunications Group Co. PJSC,"53,190","2,51,241","6,05,804",,emirates telecommunications pjsc,EMIRA,EMIRATES TELECOMMUNICATIONS GROUP CO. PJSC
CRBN,iShares MSCI ACWI Low Carbon Target ETF,31/07/18,United Kingdom — 5.4%,3i Group PLC,"23,580","2,93,103",,,3i,III,3I GROUP PLC
CRBN,iShares MSCI ACWI Low Carbon Target ETF,31/07/18,United Kingdom — 5.4%,Antofagasta PLC,"37,890","4,98,513",,,antofagasta,ANTO,ANTOFAGASTA PLC
CRBN,iShares MSCI ACWI Low Carbon Target ETF,31/07/18,United Kingdom — 5.4%,Aptiv PLC,"3,600","3,53,052",,,aptiv,APTV,APTIV PLC
CRBN,iShares MSCI ACWI Low Carbon Target ETF,31/07/18,United Kingdom — 5.4%,Ashtead Group PLC,"8,550","2,62,554",,,ashtead,AHT,ASHTEAD GROUP PLC
CRBN,iShares MSCI ACWI Low Carbon Target ETF,31/07/18,United Kingdom — 5.4%,Associated British Foods PLC,"3,150","1,01,441",,,associated british foods,ABF,ASSOCIATED BRITISH FOODS PLC
CRBN,iShares MSCI ACWI Low Carbon Target ETF,31/07/18,United Kingdom — 5.4%,AstraZeneca PLC,"15,246","11,72,938",,,astrazeneca,AZN,ASTRAZENECA PLC
CRBN,iShares MSCI ACWI Low Carbon Target ETF,31/07/18,United Kingdom — 5.4%,Auto Trader Group PLC,"15,030","83,851",,,auto trader,AUTO,AUTO TRADER GROUP PLC
CRBN,iShares MSCI ACWI Low Carbon Target ETF,31/07/18,United Kingdom — 5.4%,Aviva PLC,"50,310","3,29,971",,,aviva,AV.,AVIVA PLC
CRBN,iShares MSCI ACWI Low Carbon Target ETF,31/07/18,United Kingdom — 5.4%,Babcock International Group PLC,"10,350","97,019",,,babcock international,BAB.L,BABCOCK INTERNATIONAL GROUP PLC
CRBN,iShares MSCI ACWI Low Carbon Target ETF,31/07/18,United Kingdom — 5.4%,BAE Systems PLC,"27,990","2,39,828",,,bae systems,BA.,BAE SYSTEMS PLC
CRBN,iShares MSCI ACWI Low Carbon Target ETF,31/07/18,United Kingdom — 5.4%,Barclays PLC,"2,00,340","5,09,719",,,barclays,BARC,BARCLAYS PLC
CRBN,iShares MSCI ACWI Low Carbon Target ETF,31/07/18,United Kingdom — 5.4%,Barratt Developments PLC,"17,730","1,24,194",,,barratt developments,3BA.SG,BARRATT DEVELOPMENTS PLC
CRBN,iShares MSCI ACWI Low Carbon Target ETF,31/07/18,United Kingdom — 5.4%,Berkeley Group Holdings PLC,"2,880","1,41,027",,,berkeley,BKGL.XC,BERKELEY GROUP HOLDINGS PLC
CRBN,iShares MSCI ACWI Low Carbon Target ETF,31/07/18,United Kingdom — 5.4%,British American Tobacco PLC,"28,174","15,52,575",,,british american tobacco,BATS,BRITISH AMERICAN TOBACCO PLC
CRBN,iShares MSCI ACWI Low Carbon Target ETF,31/07/18,United Kingdom — 5.4%,British Land Co. PLC (The),"28,710","2,48,634",,,british land the,BLD.F,BRITISH LAND CO. PLC (THE)
CRBN,iShares MSCI ACWI Low Carbon Target ETF,31/07/18,United Kingdom — 5.4%,BT Group PLC,"1,34,910","4,13,221",,,bt,BT.A,BT GROUP PLC
CRBN,iShares MSCI ACWI Low Carbon Target ETF,31/07/18,United Kingdom — 5.4%,Bunzl PLC,"4,320","1,28,352",,,bunzl,BNZL,BUNZL PLC
CRBN,iShares MSCI ACWI Low Carbon Target ETF,31/07/18,United Kingdom — 5.4%,Burberry Group PLC,"7,560","2,08,948",,,burberry,BURBY,BURBERRY GROUP PLC
CRBN,iShares MSCI ACWI Low Carbon Target ETF,31/07/18,United Kingdom — 5.4%,"Coca-Cola European Partners PLC, NVS",630,"25,981",,,coca cola european partners,CK0.SG,"COCA-COLA EUROPEAN PARTNERS PLC, NVS"
CRBN,iShares MSCI ACWI Low Carbon Target ETF,31/07/18,United Kingdom — 5.4%,Compass Group PLC,"25,290","5,43,891",,,compass,CPG,COMPASS GROUP PLC
CRBN,iShares MSCI ACWI Low Carbon Target ETF,31/07/18,United Kingdom — 5.4%,ConvaTec Group PLC,"31,410","90,233",,,convatec,CNVVY,CONVATEC GROUP PLC
CRBN,iShares MSCI ACWI Low Carbon Target ETF,31/07/18,United Kingdom — 5.4%,Croda International PLC,"3,730","2,51,491",,,croda international,CRDA,CRODA INTERNATIONAL PLC
CRBN,iShares MSCI ACWI Low Carbon Target ETF,31/07/18,United Kingdom — 5.4%,DCC PLC,"1,980","1,83,107",,,dcc,DCC,DCC PLC
CRBN,iShares MSCI ACWI Low Carbon Target ETF,31/07/18,United Kingdom — 5.4%,Diageo PLC,"32,940","12,10,718",,,diageo,DGE,DIAGEO PLC
CRBN,iShares MSCI ACWI Low Carbon Target ETF,31/07/18,United Kingdom — 5.4%,Direct Line Insurance Group PLC,"12,206","55,063",,,direct line insurance,DIREC,DIRECT LINE INSURANCE GROUP PLC
CRBN,iShares MSCI ACWI Low Carbon Target ETF,31/07/18,United Kingdom — 5.4%,Experian PLC,"18,270","4,49,117",,,experian,EXPN,EXPERIAN PLC
CRBN,iShares MSCI ACWI Low Carbon Target ETF,31/07/18,United Kingdom — 5.4%,Ferguson PLC,"4,434","3,49,560",,,ferguson,FERGU,FERGUSON PLC
CRBN,iShares MSCI ACWI Low Carbon Target ETF,31/07/18,United Kingdom — 5.4%,Fresnillo PLC,"7,560","1,03,036",,,fresnillo,FNLPF,FRESNILLO PLC
CRBN,iShares MSCI ACWI Low Carbon Target ETF,31/07/18,United Kingdom — 5.4%,GlaxoSmithKline PLC,"62,460","12,95,836",,,glaxosmithkline,GSK,GLAXOSMITHKLINE PLC
CRBN,iShares MSCI ACWI Low Carbon Target ETF,31/07/18,United Kingdom — 5.4%,Hammerson PLC,"25,380","1,73,719",,,hammerson,H2V.SG,HAMMERSON PLC
CRBN,iShares MSCI ACWI Low Carbon Target ETF,31/07/18,United Kingdom — 5.4%,HSBC Holdings PLC,"2,43,000","23,28,508",,,hsbc,HSBA,HSBC HOLDINGS PLC
CRBN,iShares MSCI ACWI Low Carbon Target ETF,31/07/18,United Kingdom — 5.4%,Imperial Brands PLC,"15,660","6,00,238",,,imperial brands,IMB,IMPERIAL BRANDS PLC
CRBN,iShares MSCI ACWI Low Carbon Target ETF,31/07/18,United Kingdom — 5.4%,Intertek Group PLC,"1,890","1,45,777",,,intertek,ITRK,INTERTEK GROUP PLC
CRBN,iShares MSCI ACWI Low Carbon Target ETF,31/07/18,United Kingdom — 5.4%,Investec PLC,"18,360","1,32,894",,,investec,IVKA.SG,INVESTEC PLC
CRBN,iShares MSCI ACWI Low Carbon Target ETF,31/07/18,United Kingdom — 5.4%,ITV PLC,"49,590","1,07,234",,,itv,ITVPY,ITV PLC
CRBN,iShares MSCI ACWI Low Carbon Target ETF,31/07/18,United Kingdom — 5.4%,John Wood Group PLC,"35,190","2,99,951",,,john wood,WDGJY,JOHN WOOD GROUP PLC
CRBN,iShares MSCI ACWI Low Carbon Target ETF,31/07/18,United Kingdom — 5.4%,Johnson Matthey PLC,"4,770","2,35,265",,,johnson matthey,JMT2.SG,JOHNSON MATTHEY PLC
CRBN,iShares MSCI ACWI Low Carbon Target ETF,31/07/18,United Kingdom — 5.4%,Kingfisher PLC,"27,990","1,08,936",,,kingfisher,KGF,KINGFISHER PLC
CRBN,iShares MSCI ACWI Low Carbon Target ETF,31/07/18,United Kingdom — 5.4%,Land Securities Group PLC,"23,916","2,95,774",,,land securities,LANDL.XC,LAND SECURITIES GROUP PLC
CRBN,iShares MSCI ACWI Low Carbon Target ETF,31/07/18,United Kingdom — 5.4%,Legal & General Group PLC,"84,330","2,90,599",,,legal and general,LGEN,LEGAL & GENERAL GROUP PLC
CRBN,iShares MSCI ACWI Low Carbon Target ETF,31/07/18,United Kingdom — 5.4%,Lloyds Banking Group PLC,"8,87,580","7,26,280",,,lloyds banking,LLOY,LLOYDS BANKING GROUP PLC
CRBN,iShares MSCI ACWI Low Carbon Target ETF,31/07/18,United Kingdom — 5.4%,London Stock Exchange Group PLC,"4,320","2,49,168",,,london stock exchange,LSEG,LONDON STOCK EXCHANGE GROUP PLC
CRBN,iShares MSCI ACWI Low Carbon Target ETF,31/07/18,United Kingdom — 5.4%,Marks & Spencer Group PLC,"21,960","88,723",,,marks and spencer,MKS,MARKS & SPENCER GROUP PLC
CRBN,iShares MSCI ACWI Low Carbon Target ETF,31/07/18,United Kingdom — 5.4%,Mediclinic International PLC,"7,290","48,961",,,mediclinic international,MEDIC,MEDICLINIC INTERNATIONAL PLC
CRBN,iShares MSCI ACWI Low Carbon Target ETF,31/07/18,United Kingdom — 5.4%,Meggitt PLC,"19,890","1,48,769",,,meggitt,MEGGI,MEGGITT PLC
CRBN,iShares MSCI ACWI Low Carbon Target ETF,31/07/18,United Kingdom — 5.4%,Merlin Entertainments PLC,"28,440","1,46,912",,,merlin entertainments,MERLI,MERLIN ENTERTAINMENTS PLC
CRBN,iShares MSCI ACWI Low Carbon Target ETF,31/07/18,United Kingdom — 5.4%,Micro Focus International PLC,"8,730","1,43,145",,,micro focus international,MICRO3,MICRO FOCUS INTERNATIONAL PLC
CRBN,iShares MSCI ACWI Low Carbon Target ETF,31/07/18,United Kingdom — 5.4%,National Grid PLC,"27,858","2,97,202",,,national grid,NG.,NATIONAL GRID PLC
CRBN,iShares MSCI ACWI Low Carbon Target ETF,31/07/18,United Kingdom — 5.4%,Next PLC,"1,890","1,47,166",,,next,NXT,NEXT PLC
CRBN,iShares MSCI ACWI Low Carbon Target ETF,31/07/18,United Kingdom — 5.4%,Pearson PLC,"14,580","1,76,833",,,pearson,PSON,PEARSON PLC
CRBN,iShares MSCI ACWI Low Carbon Target ETF,31/07/18,United Kingdom — 5.4%,Persimmon PLC,"7,650","2,49,066",,,persimmon,OHP.F,PERSIMMON PLC
CRBN,iShares MSCI ACWI Low Carbon Target ETF,31/07/18,United Kingdom — 5.4%,Prudential PLC,"34,110","8,07,626",,,prudential,PRU,PRUDENTIAL PLC
CRBN,iShares MSCI ACWI Low Carbon Target ETF,31/07/18,United Kingdom — 5.4%,Randgold Resources Ltd.,"2,013","1,49,719",,,randgold resources,RANDG,RANDGOLD RESOURCES LTD.
CRBN,iShares MSCI ACWI Low Carbon Target ETF,31/07/18,United Kingdom — 5.4%,Reckitt Benckiser Group PLC,"9,090","8,10,462",,,reckitt benckiser,RKT,RECKITT BENCKISER GROUP PLC
CRBN,iShares MSCI ACWI Low Carbon Target ETF,31/07/18,United Kingdom — 5.4%,RELX PLC,"19,620","4,27,870",,,relx,REL,RELX PLC
CRBN,iShares MSCI ACWI Low Carbon Target ETF,31/07/18,United Kingdom — 5.4%,Rolls-Royce Holdings PLC,"22,590","2,93,658",,,rolls royce,RR.,ROLLS-ROYCE HOLDINGS PLC
CRBN,iShares MSCI ACWI Low Carbon Target ETF,31/07/18,United Kingdom — 5.4%,Royal Bank of Scotland Group PLC,"36,090","1,20,909",,,royal bank of scotland,ROYAL4,ROYAL BANK OF SCOTLAND GROUP PLC
CRBN,iShares MSCI ACWI Low Carbon Target ETF,31/07/18,United Kingdom — 5.4%,"Royal Dutch Shell PLC, Class B","44,190","15,48,569",,,royal dutch shell,ROYAL5,"ROYAL DUTCH SHELL PLC, CLASS B"
CRBN,iShares MSCI ACWI Low Carbon Target ETF,31/07/18,United Kingdom — 5.4%,RSA Insurance Group PLC,"3,330","28,139",,,rsa insurance,RSAIN,RSA INSURANCE GROUP PLC
CRBN,iShares MSCI ACWI Low Carbon Target ETF,31/07/18,United Kingdom — 5.4%,Schroders PLC,"2,250","91,878",,,schroders,SDR,SCHRODERS PLC
CRBN,iShares MSCI ACWI Low Carbon Target ETF,31/07/18,United Kingdom — 5.4%,Segro PLC,"21,975","1,91,691",,,segro,SGROL.XC,SEGRO PLC
CRBN,iShares MSCI ACWI Low Carbon Target ETF,31/07/18,United Kingdom — 5.4%,Sensata Technologies Holding PLC,"2,250","1,22,332",,,sensata technologies holding,ST,SENSATA TECHNOLOGIES HOLDING PLC
CRBN,iShares MSCI ACWI Low Carbon Target ETF,31/07/18,United Kingdom — 5.4%,Severn Trent PLC,"17,280","4,38,494",,,severn trent,SVT,SEVERN TRENT PLC
CRBN,iShares MSCI ACWI Low Carbon Target ETF,31/07/18,United Kingdom — 5.4%,Shire PLC,"11,160","6,36,949",,,shire,SHIRE,SHIRE PLC
CRBN,iShares MSCI ACWI Low Carbon Target ETF,31/07/18,United Kingdom — 5.4%,Sky PLC,"13,680","2,73,388",,,sky,SKYPL,SKY PLC
CRBN,iShares MSCI ACWI Low Carbon Target ETF,31/07/18,United Kingdom — 5.4%,Smith & Nephew PLC,"4,680","81,065",,,smith and nephew,SN.,SMITH & NEPHEW PLC
CRBN,iShares MSCI ACWI Low Carbon Target ETF,31/07/18,United Kingdom — 5.4%,Smiths Group PLC,"9,810","2,07,694",,,smiths,SMIN,SMITHS GROUP PLC
CRBN,iShares MSCI ACWI Low Carbon Target ETF,31/07/18,United Kingdom — 5.4%,Standard Chartered PLC,"45,540","4,10,991",,,standard chartered,STAN,STANDARD CHARTERED PLC
CRBN,iShares MSCI ACWI Low Carbon Target ETF,31/07/18,United Kingdom — 5.4%,Standard Life Aberdeen PLC,"67,770","2,77,626",,,standard life aberdeen,T3V2.SG,STANDARD LIFE ABERDEEN PLC
CRBN,iShares MSCI ACWI Low Carbon Target ETF,31/07/18,United Kingdom — 5.4%,Taylor Wimpey PLC,"62,820","1,44,166",,,taylor wimpey,TWODF,TAYLOR WIMPEY PLC
CRBN,iShares MSCI ACWI Low Carbon Target ETF,31/07/18,United Kingdom — 5.4%,Tesco PLC,"1,30,320","4,44,976",,,tesco,TSCO,TESCO PLC
CRBN,iShares MSCI ACWI Low Carbon Target ETF,31/07/18,United Kingdom — 5.4%,Travis Perkins PLC,"1,710","26,827",,,travis perkins,TPK.L,TRAVIS PERKINS PLC
CRBN,iShares MSCI ACWI Low Carbon Target ETF,31/07/18,United Kingdom — 5.4%,Unilever PLC,"15,750","8,99,746",,,unilever,ULVR,UNILEVER PLC
CRBN,iShares MSCI ACWI Low Carbon Target ETF,31/07/18,United Kingdom — 5.4%,United Utilities Group PLC,"62,640","5,90,953",,,united utilities,UU.,UNITED UTILITIES GROUP PLC
CRBN,iShares MSCI ACWI Low Carbon Target ETF,31/07/18,United Kingdom — 5.4%,Vodafone Group PLC,"4,16,520","10,16,249",,,vodafone,VOD,VODAFONE GROUP PLC
CRBN,iShares MSCI ACWI Low Carbon Target ETF,31/07/18,United Kingdom — 5.4%,Weir Group PLC (The),"4,410","1,12,717",,,weir the,42W.DU,WEIR GROUP PLC (THE)
CRBN,iShares MSCI ACWI Low Carbon Target ETF,31/07/18,United Kingdom — 5.4%,Whitbread PLC,"3,510","1,80,256",,,whitbread,WTB,WHITBREAD PLC
CRBN,iShares MSCI ACWI Low Carbon Target ETF,31/07/18,United Kingdom — 5.4%,WPP PLC,"21,600","3,37,739","2,91,30,782",,wpp,WPP,WPP PLC
CRBN,iShares MSCI ACWI Low Carbon Target ETF,31/07/18,United States — 53.5%,3M Co.,"7,020","14,90,486",,,3m,MMM,3M CO.
CRBN,iShares MSCI ACWI Low Carbon Target ETF,31/07/18,United States — 53.5%,Abbott Laboratories,"22,008","14,42,404",,,abbott laboratories,ABT,ABBOTT LABORATORIES
CRBN,iShares MSCI ACWI Low Carbon Target ETF,31/07/18,United States — 53.5%,AbbVie Inc.,"18,180","16,76,741",,,abbvie,ABBV,ABBVIE INC.
CRBN,iShares MSCI ACWI Low Carbon Target ETF,31/07/18,United States — 53.5%,"Accenture PLC, Class A","8,100","12,90,573",,,accenture,ACN,"ACCENTURE PLC, CLASS A"
CRBN,iShares MSCI ACWI Low Carbon Target ETF,31/07/18,United States — 53.5%,Activision Blizzard Inc.,"8,550","6,27,741",,,activision blizzard,ACTIV,ACTIVISION BLIZZARD INC.
CRBN,iShares MSCI ACWI Low Carbon Target ETF,31/07/18,United States — 53.5%,Acuity Brands Inc.,540,"75,076",,,acuity brands,AQ8.SG,ACUITY BRANDS INC.
CRBN,iShares MSCI ACWI Low Carbon Target ETF,31/07/18,United States — 53.5%,Adobe Systems Inc.,"6,300","15,41,484",,,adobe systems,ADBE.VI,ADOBE SYSTEMS INC.
CRBN,iShares MSCI ACWI Low Carbon Target ETF,31/07/18,United States — 53.5%,Advance Auto Parts Inc.,900,"1,27,107",,,advance auto parts,AAP,ADVANCE AUTO PARTS INC.
CRBN,iShares MSCI ACWI Low Carbon Target ETF,31/07/18,United States — 53.5%,Advanced Micro Devices Inc. (a)(b),"12,330","2,26,009",,,advanced micro devices a b,ADVAN2,ADVANCED MICRO DEVICES INC. (A)(B)
CRBN,iShares MSCI ACWI Low Carbon Target ETF,31/07/18,United States — 53.5%,Aetna Inc.,"4,590","8,64,710",,,aetna,AETNA,AETNA INC.
CRBN,iShares MSCI ACWI Low Carbon Target ETF,31/07/18,United States — 53.5%,Affiliated Managers Group Inc.,450,"72,005",,,affiliated managers,AMG,AFFILIATED MANAGERS GROUP INC.
CRBN,iShares MSCI ACWI Low Carbon Target ETF,31/07/18,United States — 53.5%,Aflac Inc.,"13,500","6,28,290",,,aflac,AFL,AFLAC INC.
CRBN,iShares MSCI ACWI Low Carbon Target ETF,31/07/18,United States — 53.5%,AGCO Corp.,810,"51,046",,,agco,AGCO,AGCO CORP.
CRBN,iShares MSCI ACWI Low Carbon Target ETF,31/07/18,United States — 53.5%,Agilent Technologies Inc.,"5,220","3,44,729",,,agilent technologies,A,AGILENT TECHNOLOGIES INC.
CRBN,iShares MSCI ACWI Low Carbon Target ETF,31/07/18,United States — 53.5%,AGNC Investment Corp.,"5,040","98,129",,,agnc investment,AGNC,AGNC INVESTMENT CORP.
CRBN,iShares MSCI ACWI Low Carbon Target ETF,31/07/18,United States — 53.5%,Akamai Technologies Inc.,"2,160","1,62,562",,,akamai technologies,AKAM,AKAMAI TECHNOLOGIES INC.
CRBN,iShares MSCI ACWI Low Carbon Target ETF,31/07/18,United States — 53.5%,Albemarle Corp.,"2,610","2,45,862",,,albemarle,ALB,ALBEMARLE CORP.
CRBN,iShares MSCI ACWI Low Carbon Target ETF,31/07/18,United States — 53.5%,Alexandria Real Estate Equities Inc.,"1,710","2,17,922",,,alexandria real estate equities,ARE,ALEXANDRIA REAL ESTATE EQUITIES INC.
CRBN,iShares MSCI ACWI Low Carbon Target ETF,31/07/18,United States — 53.5%,Alexion Pharmaceuticals Inc.(b),"2,520","3,35,059",,,alexion pharmaceuticals b,ALEXI2,ALEXION PHARMACEUTICALS INC.(B)
CRBN,iShares MSCI ACWI Low Carbon Target ETF,31/07/18,United States — 53.5%,Align Technology Inc.,"1,170","4,17,280",,,align technology,ALGN,ALIGN TECHNOLOGY INC.
CRBN,iShares MSCI ACWI Low Carbon Target ETF,31/07/18,United States — 53.5%,Alkermes PLC,"1,440","63,144",,,alkermes,ALKS,ALKERMES PLC
CRBN,iShares MSCI ACWI Low Carbon Target ETF,31/07/18,United States — 53.5%,Alleghany Corp.,270,"1,69,903",,,alleghany,ALLEG,ALLEGHANY CORP.
CRBN,iShares MSCI ACWI Low Carbon Target ETF,31/07/18,United States — 53.5%,Allegion PLC,990,"80,725",,,allegion,ALLE,ALLEGION PLC
CRBN,iShares MSCI ACWI Low Carbon Target ETF,31/07/18,United States — 53.5%,Allergan PLC,"4,320","7,95,269",,,allergan,ALLER,ALLERGAN PLC
CRBN,iShares MSCI ACWI Low Carbon Target ETF,31/07/18,United States — 53.5%,Alliance Data Systems Corp.,810,"1,82,153",,,alliance data systems,LID.SG,ALLIANCE DATA SYSTEMS CORP.
CRBN,iShares MSCI ACWI Low Carbon Target ETF,31/07/18,United States — 53.5%,Allstate Corp. (The),"4,320","4,10,918",,,allstate the,ALL,ALLSTATE CORP. (THE)
CRBN,iShares MSCI ACWI Low Carbon Target ETF,31/07/18,United States — 53.5%,Ally Financial Inc.,"10,980","2,93,825",,,ally financial,ALLY,ALLY FINANCIAL INC.
CRBN,iShares MSCI ACWI Low Carbon Target ETF,31/07/18,United States — 53.5%,Alnylam Pharmaceuticals Inc.,810,"76,950",,,alnylam pharmaceuticals,ALNY,ALNYLAM PHARMACEUTICALS INC.
CRBN,iShares MSCI ACWI Low Carbon Target ETF,31/07/18,United States — 53.5%,"Alphabet Inc., Class A","3,510","43,07,542",,,alphabet,GOOG,"ALPHABET INC., CLASS A"
CRBN,iShares MSCI ACWI Low Carbon Target ETF,31/07/18,United States — 53.5%,"Alphabet Inc., Class C, NVS","3,330","40,53,476",,,alphabet,GOOG,"ALPHABET INC., CLASS C, NVS"
CRBN,iShares MSCI ACWI Low Carbon Target ETF,31/07/18,United States — 53.5%,Altria Group Inc.,"23,670","13,88,956",,,altria,MO,ALTRIA GROUP INC.
CRBN,iShares MSCI ACWI Low Carbon Target ETF,31/07/18,United States — 53.5%,Amazon.com Inc.,"4,860","86,38,358",,,amazon com,AMZN,AMAZON.COM INC.
CRBN,iShares MSCI ACWI Low Carbon Target ETF,31/07/18,United States — 53.5%,AMERCO,540,"2,03,623",,,amerco,AMERC,AMERCO
CRBN,iShares MSCI ACWI Low Carbon Target ETF,31/07/18,United States — 53.5%,American Express Co.,"9,900","9,85,248",,,american express,AXP,AMERICAN EXPRESS CO.
CRBN,iShares MSCI ACWI Low Carbon Target ETF,31/07/18,United States — 53.5%,American International Group Inc.,"15,300","8,44,713",,,american international,AIG,AMERICAN INTERNATIONAL GROUP INC.
CRBN,iShares MSCI ACWI Low Carbon Target ETF,31/07/18,United States — 53.5%,American Tower Corp.,"5,130","7,60,471",,,american tower,AMTG.VI,AMERICAN TOWER CORP.
CRBN,iShares MSCI ACWI Low Carbon Target ETF,31/07/18,United States — 53.5%,American Water Works Co. Inc.,"12,240","10,80,180",,,american water works,AWK,AMERICAN WATER WORKS CO. INC.
CRBN,iShares MSCI ACWI Low Carbon Target ETF,31/07/18,United States — 53.5%,Ameriprise Financial Inc.,"1,710","2,49,096",,,ameriprise financial,AMP,AMERIPRISE FINANCIAL INC.
CRBN,iShares MSCI ACWI Low Carbon Target ETF,31/07/18,United States — 53.5%,AmerisourceBergen Corp.,"2,340","1,91,482",,,amerisourcebergen,ABC.VI,AMERISOURCEBERGEN CORP.
CRBN,iShares MSCI ACWI Low Carbon Target ETF,31/07/18,United States — 53.5%,AMETEK Inc.,"3,600","2,80,080",,,ametek,AME,AMETEK INC.
CRBN,iShares MSCI ACWI Low Carbon Target ETF,31/07/18,United States — 53.5%,Amgen Inc.,"7,920","15,56,676",,,amgen,AMGN,AMGEN INC.
CRBN,iShares MSCI ACWI Low Carbon Target ETF,31/07/18,United States — 53.5%,"Amphenol Corp., Class A","1,440","1,34,654",,,amphenol,APH,"AMPHENOL CORP., CLASS A"
CRBN,iShares MSCI ACWI Low Carbon Target ETF,31/07/18,United States — 53.5%,Analog Devices Inc.,"5,670","5,45,114",,,analog devices,ADI,ANALOG DEVICES INC.
CRBN,iShares MSCI ACWI Low Carbon Target ETF,31/07/18,United States — 53.5%,Andeavor,"3,690","5,53,721",,,andeavor,ANDEA,ANDEAVOR
CRBN,iShares MSCI ACWI Low Carbon Target ETF,31/07/18,United States — 53.5%,Annaly Capital Management Inc.,"19,620","2,10,326",,,annaly capital management,NLY,ANNALY CAPITAL MANAGEMENT INC.
CRBN,iShares MSCI ACWI Low Carbon Target ETF,31/07/18,United States — 53.5%,Anthem Inc.,"3,650","9,23,450",,,anthem,ANTHE,ANTHEM INC.
CRBN,iShares MSCI ACWI Low Carbon Target ETF,31/07/18,United States — 53.5%,AO Smith Corp.,"1,980","1,17,869",,,ao smith,AOSMI,AO SMITH CORP.
CRBN,iShares MSCI ACWI Low Carbon Target ETF,31/07/18,United States — 53.5%,Aon PLC,"3,600","5,16,780",,,aon,AON,AON PLC
CRBN,iShares MSCI ACWI Low Carbon Target ETF,31/07/18,United States — 53.5%,Apple Inc.,"58,050","1,10,46,334",,,apple,AAPL,APPLE INC.
CRBN,iShares MSCI ACWI Low Carbon Target ETF,31/07/18,United States — 53.5%,Applied Materials Inc.,"12,510","6,08,361",,,applied materials,AMAT,APPLIED MATERIALS INC.
CRBN,iShares MSCI ACWI Low Carbon Target ETF,31/07/18,United States — 53.5%,Arch Capital Group Ltd.,"2,430","74,261",,,arch capital,ACGL,ARCH CAPITAL GROUP LTD.
CRBN,iShares MSCI ACWI Low Carbon Target ETF,31/07/18,United States — 53.5%,Arista Networks Inc.,540,"1,38,094",,,arista networks,ANET,ARISTA NETWORKS INC.
CRBN,iShares MSCI ACWI Low Carbon Target ETF,31/07/18,United States — 53.5%,Arrow Electronics Inc.,360,"27,302",,,arrow electronics,ARW,ARROW ELECTRONICS INC.
CRBN,iShares MSCI ACWI Low Carbon Target ETF,31/07/18,United States — 53.5%,Assurant Inc.,720,"79,416",,,assurant,AIZ,ASSURANT INC.
CRBN,iShares MSCI ACWI Low Carbon Target ETF,31/07/18,United States — 53.5%,AT&T Inc.,"82,487","26,37,109",,,at and t,T,AT&T INC.
CRBN,iShares MSCI ACWI Low Carbon Target ETF,31/07/18,United States — 53.5%,Atmos Energy Corp.,"11,970","10,99,684",,,atmos energy,ATO,ATMOS ENERGY CORP.
CRBN,iShares MSCI ACWI Low Carbon Target ETF,31/07/18,United States — 53.5%,Autodesk Inc.,"3,060","3,93,026",,,autodesk,ADSK,AUTODESK INC.
CRBN,iShares MSCI ACWI Low Carbon Target ETF,31/07/18,United States — 53.5%,Autoliv Inc.,900,"92,214",,,autoliv,ALV,AUTOLIV INC.
CRBN,iShares MSCI ACWI Low Carbon Target ETF,31/07/18,United States — 53.5%,Automatic Data Processing Inc.,"6,390","8,62,586",,,automatic data processing,ADP,AUTOMATIC DATA PROCESSING INC.
CRBN,iShares MSCI ACWI Low Carbon Target ETF,31/07/18,United States — 53.5%,AutoZone Inc.,270,"1,90,493",,,autozone,AZO,AUTOZONE INC.
CRBN,iShares MSCI ACWI Low Carbon Target ETF,31/07/18,United States — 53.5%,AvalonBay Communities Inc.,"1,800","3,18,330",,,avalonbay communities,AVB,AVALONBAY COMMUNITIES INC.
CRBN,iShares MSCI ACWI Low Carbon Target ETF,31/07/18,United States — 53.5%,Avery Dennison Corp.,"2,250","2,58,030",,,avery dennison,AVY,AVERY DENNISON CORP.
CRBN,iShares MSCI ACWI Low Carbon Target ETF,31/07/18,United States — 53.5%,Axalta Coating Systems Ltd.,"7,650","2,31,413",,,axalta coating systems,AXTA,AXALTA COATING SYSTEMS LTD.
CRBN,iShares MSCI ACWI Low Carbon Target ETF,31/07/18,United States — 53.5%,Axis Capital Holdings Ltd.,990,"55,994",,,axis capital,AXS,AXIS CAPITAL HOLDINGS LTD.
CRBN,iShares MSCI ACWI Low Carbon Target ETF,31/07/18,United States — 53.5%,Baker Hughes a GE Co.,"19,350","6,69,123",,,baker hughes a ge,0RR8.L,BAKER HUGHES A GE CO.
CRBN,iShares MSCI ACWI Low Carbon Target ETF,31/07/18,United States — 53.5%,Ball Corp.,"3,150","1,22,756",,,ball,BALL,BALL CORP.
CRBN,iShares MSCI ACWI Low Carbon Target ETF,31/07/18,United States — 53.5%,Bank of America Corp.,"1,10,070","33,98,962",,,bank of america,BAC,BANK OF AMERICA CORP.
CRBN,iShares MSCI ACWI Low Carbon Target ETF,31/07/18,United States — 53.5%,Bank of New York Mellon Corp. (The),"10,620","5,67,851",,,bank of new york mellon the,BANKO,BANK OF NEW YORK MELLON CORP. (THE)
CRBN,iShares MSCI ACWI Low Carbon Target ETF,31/07/18,United States — 53.5%,Baxter International Inc.,"6,136","4,44,553",,,baxter international,BAX,BAXTER INTERNATIONAL INC.
CRBN,iShares MSCI ACWI Low Carbon Target ETF,31/07/18,United States — 53.5%,BB&T Corp.,"8,100","4,11,561",,,bb and t,BBTCO,BB&T CORP.
CRBN,iShares MSCI ACWI Low Carbon Target ETF,31/07/18,United States — 53.5%,Becton Dickinson and Co.,"3,258","8,15,705",,,becton dickinson and,BDX.VI,BECTON DICKINSON AND CO.
CRBN,iShares MSCI ACWI Low Carbon Target ETF,31/07/18,United States — 53.5%,"Berkshire Hathaway Inc., Class B","12,330","24,39,737",,,berkshire hathaway,BRKB,"BERKSHIRE HATHAWAY INC., CLASS B"
CRBN,iShares MSCI ACWI Low Carbon Target ETF,31/07/18,United States — 53.5%,Best Buy Co. Inc.,"2,880","2,16,086",,,best buy,BBY,BEST BUY CO. INC.
CRBN,iShares MSCI ACWI Low Carbon Target ETF,31/07/18,United States — 53.5%,Biogen Inc.,"2,160","7,22,239",,,biogen,BIIB,BIOGEN INC.
CRBN,iShares MSCI ACWI Low Carbon Target ETF,31/07/18,United States — 53.5%,BioMarin Pharmaceutical Inc.,990,"99,554",,,biomarin pharmaceutical,BMRN,BIOMARIN PHARMACEUTICAL INC.
CRBN,iShares MSCI ACWI Low Carbon Target ETF,31/07/18,United States — 53.5%,BlackRock Inc.,"1,652","8,30,560",,,blackrock,BLK,BLACKROCK INC.
CRBN,iShares MSCI ACWI Low Carbon Target ETF,31/07/18,United States — 53.5%,Boeing Co. (The),"7,020","25,01,226",,,boeing the,BA,BOEING CO. (THE)
CRBN,iShares MSCI ACWI Low Carbon Target ETF,31/07/18,United States — 53.5%,Booking Holdings Inc.,630,"12,78,094",,,booking,BKNG,BOOKING HOLDINGS INC.
CRBN,iShares MSCI ACWI Low Carbon Target ETF,31/07/18,United States — 53.5%,BorgWarner Inc.,"1,620","74,552",,,borgwarner,BWA,BORGWARNER INC.
CRBN,iShares MSCI ACWI Low Carbon Target ETF,31/07/18,United States — 53.5%,Boston Properties Inc.,990,"1,24,275",,,boston properties,0HOX.L,BOSTON PROPERTIES INC.
CRBN,iShares MSCI ACWI Low Carbon Target ETF,31/07/18,United States — 53.5%,Boston Scientific Corp.,"18,090","6,08,005",,,boston scientific,BSX,BOSTON SCIENTIFIC CORP.
CRBN,iShares MSCI ACWI Low Carbon Target ETF,31/07/18,United States — 53.5%,Brighthouse Financial Inc.,"1,699","73,788",,,brighthouse financial,BHF,BRIGHTHOUSE FINANCIAL INC.
CRBN,iShares MSCI ACWI Low Carbon Target ETF,31/07/18,United States — 53.5%,Bristol-Myers Squibb Co.,"19,170","11,26,237",,,bristol myers squibb,BMY,BRISTOL-MYERS SQUIBB CO.
CRBN,iShares MSCI ACWI Low Carbon Target ETF,31/07/18,United States — 53.5%,Broadcom Inc.,"5,220","11,57,639",,,broadcom,AVGO,BROADCOM INC.
CRBN,iShares MSCI ACWI Low Carbon Target ETF,31/07/18,United States — 53.5%,"Brown-Forman Corp., Class B, NVS","4,095","2,17,936",,,brown forman,BFB,"BROWN-FORMAN CORP., CLASS B, NVS"
CRBN,iShares MSCI ACWI Low Carbon Target ETF,31/07/18,United States — 53.5%,CA Inc.,"4,950","2,18,840",,,ca,CAN,CA INC.
CRBN,iShares MSCI ACWI Low Carbon Target ETF,31/07/18,United States — 53.5%,Capital One Financial Corp.,"6,840","6,45,149",,,capital one financial,COF,CAPITAL ONE FINANCIAL CORP.
CRBN,iShares MSCI ACWI Low Carbon Target ETF,31/07/18,United States — 53.5%,Cardinal Health Inc.,"4,230","2,11,289",,,cardinal health,CAH,CARDINAL HEALTH INC.
CRBN,iShares MSCI ACWI Low Carbon Target ETF,31/07/18,United States — 53.5%,CarMax Inc.,"2,430","1,81,472",,,carmax,KMX,CARMAX INC.
CRBN,iShares MSCI ACWI Low Carbon Target ETF,31/07/18,United States — 53.5%,Caterpillar Inc.,"7,920","11,38,896",,,caterpillar,CAT,CATERPILLAR INC.
CRBN,iShares MSCI ACWI Low Carbon Target ETF,31/07/18,United States — 53.5%,"CBRE Group Inc., Class A","7,020","3,49,596",,,cbre,CBRE,"CBRE GROUP INC., CLASS A"
CRBN,iShares MSCI ACWI Low Carbon Target ETF,31/07/18,United States — 53.5%,"CBS Corp., Class B, NVS",540,"28,442",,,cbs,CBSCO2,"CBS CORP., CLASS B, NVS"
CRBN,iShares MSCI ACWI Low Carbon Target ETF,31/07/18,United States — 53.5%,Celgene Corp.,"8,010","7,21,621",,,celgene,CELGE,CELGENE CORP.
CRBN,iShares MSCI ACWI Low Carbon Target ETF,31/07/18,United States — 53.5%,Centene Corp.,"2,250","2,93,243",,,centene,CNC,CENTENE CORP.
CRBN,iShares MSCI ACWI Low Carbon Target ETF,31/07/18,United States — 53.5%,CenturyLink Inc.,"10,170","1,90,891",,,centurylink,CENTU,CENTURYLINK INC.
CRBN,iShares MSCI ACWI Low Carbon Target ETF,31/07/18,United States — 53.5%,Cerner Corp.,"4,950","3,07,296",,,cerner,CERNE,CERNER CORP.
CRBN,iShares MSCI ACWI Low Carbon Target ETF,31/07/18,United States — 53.5%,CH Robinson Worldwide Inc.,"1,530","1,41,112",,,ch robinson worldwide,CHRW,CH ROBINSON WORLDWIDE INC.
CRBN,iShares MSCI ACWI Low Carbon Target ETF,31/07/18,United States — 53.5%,Charles Schwab Corp. (The),"11,340","5,79,020",,,charles schwab the,SCHW,CHARLES SCHWAB CORP. (THE)
CRBN,iShares MSCI ACWI Low Carbon Target ETF,31/07/18,United States — 53.5%,"Charter Communications Inc., Class A","2,208","6,72,513",,,charter communications,CHTR,"CHARTER COMMUNICATIONS INC., CLASS A"
CRBN,iShares MSCI ACWI Low Carbon Target ETF,31/07/18,United States — 53.5%,Chemours Co. (The),"3,600","1,64,916",,,chemours the,CC,CHEMOURS CO. (THE)
CRBN,iShares MSCI ACWI Low Carbon Target ETF,31/07/18,United States — 53.5%,Cheniere Energy Inc.,"14,130","8,97,255",,,cheniere energy,LNG,CHENIERE ENERGY INC.
CRBN,iShares MSCI ACWI Low Carbon Target ETF,31/07/18,United States — 53.5%,Chipotle Mexican Grill Inc.,540,"2,34,176",,,chipotle mexican grill,CMG,CHIPOTLE MEXICAN GRILL INC.
CRBN,iShares MSCI ACWI Low Carbon Target ETF,31/07/18,United States — 53.5%,Chubb Ltd.,"4,860","6,79,039",,,chubb,CB,CHUBB LTD.
CRBN,iShares MSCI ACWI Low Carbon Target ETF,31/07/18,United States — 53.5%,Church & Dwight Co. Inc.,"2,520","1,40,868",,,church and dwight,CHD,CHURCH & DWIGHT CO. INC.
CRBN,iShares MSCI ACWI Low Carbon Target ETF,31/07/18,United States — 53.5%,Cigna Corp.,"3,240","5,81,321",,,cigna,CI,CIGNA CORP.
CRBN,iShares MSCI ACWI Low Carbon Target ETF,31/07/18,United States — 53.5%,Cincinnati Financial Corp.,"1,440","1,08,907",,,cincinnati financial,CINF,CINCINNATI FINANCIAL CORP.
CRBN,iShares MSCI ACWI Low Carbon Target ETF,31/07/18,United States — 53.5%,Cintas Corp.,"1,710","3,49,661",,,cintas,CTAS,CINTAS CORP.
CRBN,iShares MSCI ACWI Low Carbon Target ETF,31/07/18,United States — 53.5%,Cisco Systems Inc.,"60,660","25,65,311",,,cisco systems,CSCO,CISCO SYSTEMS INC.
CRBN,iShares MSCI ACWI Low Carbon Target ETF,31/07/18,United States — 53.5%,CIT Group Inc.,"4,230","2,23,894",,,cit,PJ4A.SG,CIT GROUP INC.
CRBN,iShares MSCI ACWI Low Carbon Target ETF,31/07/18,United States — 53.5%,Citigroup Inc.,"30,420","21,86,894",,,citigroup,C,CITIGROUP INC.
CRBN,iShares MSCI ACWI Low Carbon Target ETF,31/07/18,United States — 53.5%,Citizens Financial Group Inc.,"6,660","2,64,935",,,citizens financial,CFG,CITIZENS FINANCIAL GROUP INC.
CRBN,iShares MSCI ACWI Low Carbon Target ETF,31/07/18,United States — 53.5%,Citrix Systems Inc.,"2,070","2,27,638",,,citrix systems,CITRI,CITRIX SYSTEMS INC.
CRBN,iShares MSCI ACWI Low Carbon Target ETF,31/07/18,United States — 53.5%,Clorox Co. (The),"1,260","1,70,314",,,clorox the,CLX,CLOROX CO. (THE)
CRBN,iShares MSCI ACWI Low Carbon Target ETF,31/07/18,United States — 53.5%,CME Group Inc.,"3,240","5,15,549",,,cme,CME,CME GROUP INC.
CRBN,iShares MSCI ACWI Low Carbon Target ETF,31/07/18,United States — 53.5%,Coca-Cola Co. (The),"51,120","23,83,726",,,coca cola the,KO,COCA-COLA CO. (THE)
CRBN,iShares MSCI ACWI Low Carbon Target ETF,31/07/18,United States — 53.5%,"Cognizant Technology Solutions Corp., Class A","8,550","6,96,825",,,cognizant technology solutions,CTSH,"COGNIZANT TECHNOLOGY SOLUTIONS CORP., CLASS A"
CRBN,iShares MSCI ACWI Low Carbon Target ETF,31/07/18,United States — 53.5%,Colgate-Palmolive Co.,"10,440","6,99,584",,,colgate palmolive,CL,COLGATE-PALMOLIVE CO.
CRBN,iShares MSCI ACWI Low Carbon Target ETF,31/07/18,United States — 53.5%,"Comcast Corp., Class A","53,910","19,28,900",,,comcast,CMCSA,"COMCAST CORP., CLASS A"
CRBN,iShares MSCI ACWI Low Carbon Target ETF,31/07/18,United States — 53.5%,Comerica Inc.,"1,620","1,57,043",,,comerica,CMA,COMERICA INC.
CRBN,iShares MSCI ACWI Low Carbon Target ETF,31/07/18,United States — 53.5%,Consolidated Edison Inc.,"11,160","8,80,859",,,consolidated edison,ED,CONSOLIDATED EDISON INC.
CRBN,iShares MSCI ACWI Low Carbon Target ETF,31/07/18,United States — 53.5%,"Constellation Brands Inc., Class A","2,790","5,86,542",,,constellation brands,STZ,"CONSTELLATION BRANDS INC., CLASS A"
CRBN,iShares MSCI ACWI Low Carbon Target ETF,31/07/18,United States — 53.5%,Cooper Companies Inc. (The),540,"1,40,670",,,cooper companies the,COOPE,COOPER COMPANIES INC. (THE)
CRBN,iShares MSCI ACWI Low Carbon Target ETF,31/07/18,United States — 53.5%,Corning Inc.,"9,540","3,16,537",,,corning,GLW,CORNING INC.
CRBN,iShares MSCI ACWI Low Carbon Target ETF,31/07/18,United States — 53.5%,CoStar Group Inc.(b),"1,080","4,49,118",,,costar b,COSTA,COSTAR GROUP INC.(B)
CRBN,iShares MSCI ACWI Low Carbon Target ETF,31/07/18,United States — 53.5%,Costco Wholesale Corp.,"6,390","13,97,557",,,costco wholesale,COST,COSTCO WHOLESALE CORP.
CRBN,iShares MSCI ACWI Low Carbon Target ETF,31/07/18,United States — 53.5%,"Coty Inc., Class A","9,360","1,25,518",,,coty,COTY,"COTY INC., CLASS A"
CRBN,iShares MSCI ACWI Low Carbon Target ETF,31/07/18,United States — 53.5%,Crown Castle International Corp.,"4,950","5,48,608",,,crown castle international,0I4W.L,CROWN CASTLE INTERNATIONAL CORP.
CRBN,iShares MSCI ACWI Low Carbon Target ETF,31/07/18,United States — 53.5%,CSX Corp.,"10,530","7,44,260",,,csx,CSX,CSX CORP.
CRBN,iShares MSCI ACWI Low Carbon Target ETF,31/07/18,United States — 53.5%,Cummins Inc.,"1,440","2,05,646",,,cummins,CMI,CUMMINS INC.
CRBN,iShares MSCI ACWI Low Carbon Target ETF,31/07/18,United States — 53.5%,CVS Health Corp.,"12,780","8,28,911",,,cvs health,CVS,CVS HEALTH CORP.
CRBN,iShares MSCI ACWI Low Carbon Target ETF,31/07/18,United States — 53.5%,Danaher Corp.,"7,830","8,03,201",,,danaher,DHR,DANAHER CORP.
CRBN,iShares MSCI ACWI Low Carbon Target ETF,31/07/18,United States — 53.5%,DaVita Inc.,"1,800","1,26,504",,,davita,DVA,DAVITA INC.
CRBN,iShares MSCI ACWI Low Carbon Target ETF,31/07/18,United States — 53.5%,Deere & Co.,"3,600","5,21,244",,,deere and,DCO.SG,DEERE & CO.
CRBN,iShares MSCI ACWI Low Carbon Target ETF,31/07/18,United States — 53.5%,"Dell Technologies Inc., Class V","2,790","2,58,131",,,dell technologies class v,DELL,"DELL TECHNOLOGIES INC., CLASS V"
CRBN,iShares MSCI ACWI Low Carbon Target ETF,31/07/18,United States — 53.5%,DENTSPLY SIRONA Inc.,"3,240","1,55,876",,,dentsply sirona,XRAY,DENTSPLY SIRONA INC.
CRBN,iShares MSCI ACWI Low Carbon Target ETF,31/07/18,United States — 53.5%,Diamondback Energy Inc.,"4,500","5,93,775",,,diamondback energy,FANG,DIAMONDBACK ENERGY INC.
CRBN,iShares MSCI ACWI Low Carbon Target ETF,31/07/18,United States — 53.5%,Digital Realty Trust Inc.,"1,365","1,65,738",,,digital realty trust,DLR,DIGITAL REALTY TRUST INC.
CRBN,iShares MSCI ACWI Low Carbon Target ETF,31/07/18,United States — 53.5%,Discover Financial Services,"4,860","3,47,053",,,discover financial services,DISCO,DISCOVER FINANCIAL SERVICES
CRBN,iShares MSCI ACWI Low Carbon Target ETF,31/07/18,United States — 53.5%,"DISH Network Corp., Class A(a)(b)","2,160","68,170",,,dish network a b,DISHN2,"DISH NETWORK CORP., CLASS A(A)(B)"
CRBN,iShares MSCI ACWI Low Carbon Target ETF,31/07/18,United States — 53.5%,Dollar General Corp.,"3,690","3,62,173",,,dollar general,DG,DOLLAR GENERAL CORP.
CRBN,iShares MSCI ACWI Low Carbon Target ETF,31/07/18,United States — 53.5%,Dollar Tree Inc.,"3,420","3,12,178",,,dollar tree,DLTR,DOLLAR TREE INC.
CRBN,iShares MSCI ACWI Low Carbon Target ETF,31/07/18,United States — 53.5%,Domino’s Pizza Inc.,630,"1,65,476",,,domino s pizza,DPZ,DOMINO’S PIZZA INC.
CRBN,iShares MSCI ACWI Low Carbon Target ETF,31/07/18,United States — 53.5%,Dover Corp.,"2,340","1,94,173",,,dover,DOV,DOVER CORP.
CRBN,iShares MSCI ACWI Low Carbon Target ETF,31/07/18,United States — 53.5%,DowDuPont Inc.,"20,070","13,80,214",,,dowdupont,DOWDU,DOWDUPONT INC.
CRBN,iShares MSCI ACWI Low Carbon Target ETF,31/07/18,United States — 53.5%,DR Horton Inc.,"4,770","2,08,449",,,dr horton,DHI.MX,DR HORTON INC.
CRBN,iShares MSCI ACWI Low Carbon Target ETF,31/07/18,United States — 53.5%,DXC Technology Co.,"4,500","3,81,330",,,dxc technology,DXC,DXC TECHNOLOGY CO.
CRBN,iShares MSCI ACWI Low Carbon Target ETF,31/07/18,United States — 53.5%,E*TRADE Financial Corp.,"2,430","1,45,338",,,e trade financial,ETRAD2,E*TRADE FINANCIAL CORP.
CRBN,iShares MSCI ACWI Low Carbon Target ETF,31/07/18,United States — 53.5%,Eaton Corp. PLC,"5,760","4,79,059",,,eaton,ETN,EATON CORP. PLC
CRBN,iShares MSCI ACWI Low Carbon Target ETF,31/07/18,United States — 53.5%,eBay Inc.,"11,970","4,00,396",,,ebay,EBAY,EBAY INC.
CRBN,iShares MSCI ACWI Low Carbon Target ETF,31/07/18,United States — 53.5%,Ecolab Inc.,"6,480","9,11,736",,,ecolab,ECL,ECOLAB INC.
CRBN,iShares MSCI ACWI Low Carbon Target ETF,31/07/18,United States — 53.5%,Edison International,"9,540","6,35,650",,,edison international,EIX,EDISON INTERNATIONAL
CRBN,iShares MSCI ACWI Low Carbon Target ETF,31/07/18,United States — 53.5%,Edwards Lifesciences Corp.,"2,880","4,10,256",,,edwards lifesciences,EW,EDWARDS LIFESCIENCES CORP.
CRBN,iShares MSCI ACWI Low Carbon Target ETF,31/07/18,United States — 53.5%,Electronic Arts Inc.,"3,510","4,51,912",,,electronic arts,EA,ELECTRONIC ARTS INC.
CRBN,iShares MSCI ACWI Low Carbon Target ETF,31/07/18,United States — 53.5%,Eli Lilly & Co.,"11,520","11,38,291",,,eli lilly and,LLY.SG,ELI LILLY & CO.
CRBN,iShares MSCI ACWI Low Carbon Target ETF,31/07/18,United States — 53.5%,Emerson Electric Co.,"8,640","6,24,499",,,emerson electric,EMR,EMERSON ELECTRIC CO.
CRBN,iShares MSCI ACWI Low Carbon Target ETF,31/07/18,United States — 53.5%,Equifax Inc.,"1,980","2,48,490",,,equifax,EFX,EQUIFAX INC.
CRBN,iShares MSCI ACWI Low Carbon Target ETF,31/07/18,United States — 53.5%,Equinix Inc.,720,"3,16,282",,,equinix,EQIX,EQUINIX INC.
CRBN,iShares MSCI ACWI Low Carbon Target ETF,31/07/18,United States — 53.5%,Equity Residential,"5,490","3,59,211",,,equity residential,EQR,EQUITY RESIDENTIAL
CRBN,iShares MSCI ACWI Low Carbon Target ETF,31/07/18,United States — 53.5%,Essex Property Trust Inc.,630,"1,51,484",,,essex property trust,ESS,ESSEX PROPERTY TRUST INC.
CRBN,iShares MSCI ACWI Low Carbon Target ETF,31/07/18,United States — 53.5%,"Estee Lauder Companies Inc. (The), Class A","3,600","4,85,784",,,estee lauder companies the,ESTEE3,"ESTEE LAUDER COMPANIES INC. (THE), CLASS A"
CRBN,iShares MSCI ACWI Low Carbon Target ETF,31/07/18,United States — 53.5%,Everest Re Group Ltd.,180,"39,303",,,everest re,ERE.HA,EVEREST RE GROUP LTD.
CRBN,iShares MSCI ACWI Low Carbon Target ETF,31/07/18,United States — 53.5%,Eversource Energy,"27,360","16,61,299",,,eversource energy,ES,EVERSOURCE ENERGY
CRBN,iShares MSCI ACWI Low Carbon Target ETF,31/07/18,United States — 53.5%,Expedia Group Inc.,"2,160","2,89,094",,,expedia,EXPE,EXPEDIA GROUP INC.
CRBN,iShares MSCI ACWI Low Carbon Target ETF,31/07/18,United States — 53.5%,Expeditors International of Washington Inc.,"5,940","4,52,450",,,expeditors international of washington,EXPD,EXPEDITORS INTERNATIONAL OF WASHINGTON INC.
CRBN,iShares MSCI ACWI Low Carbon Target ETF,31/07/18,United States — 53.5%,Express Scripts Holding Co.,"8,010","6,36,475",,,express scripts holding,EXPRE,EXPRESS SCRIPTS HOLDING CO.
CRBN,iShares MSCI ACWI Low Carbon Target ETF,31/07/18,United States — 53.5%,Extra Space Storage Inc.,990,"93,030",,,extra space storage,EXR,EXTRA SPACE STORAGE INC.
CRBN,iShares MSCI ACWI Low Carbon Target ETF,31/07/18,United States — 53.5%,"Facebook Inc., Class A","27,900","48,14,982",,,facebook,FACEB3,"FACEBOOK INC., CLASS A"
CRBN,iShares MSCI ACWI Low Carbon Target ETF,31/07/18,United States — 53.5%,Fastenal Co.,"4,410","2,51,061",,,fastenal,FAST,FASTENAL CO.
CRBN,iShares MSCI ACWI Low Carbon Target ETF,31/07/18,United States — 53.5%,Fidelity National Financial Inc.,"2,790","1,12,995",,,fidelity national financial,FNF,FIDELITY NATIONAL FINANCIAL INC.
CRBN,iShares MSCI ACWI Low Carbon Target ETF,31/07/18,United States — 53.5%,Fidelity National Information Services Inc.,"4,950","5,10,493",,,fidelity national information services,FIS,FIDELITY NATIONAL INFORMATION SERVICES INC.
CRBN,iShares MSCI ACWI Low Carbon Target ETF,31/07/18,United States — 53.5%,Fifth Third Bancorp,"7,380","2,18,374",,,fifth third bancorp,FITB,FIFTH THIRD BANCORP
CRBN,iShares MSCI ACWI Low Carbon Target ETF,31/07/18,United States — 53.5%,"First Data Corp., Class A","4,680","1,08,857",,,first data,FIRST5,"FIRST DATA CORP., CLASS A"
CRBN,iShares MSCI ACWI Low Carbon Target ETF,31/07/18,United States — 53.5%,First Republic Bank/CA,810,"80,077",,,first republic bank ca,FIRST3,FIRST REPUBLIC BANK/CA
CRBN,iShares MSCI ACWI Low Carbon Target ETF,31/07/18,United States — 53.5%,Fiserv Inc.,"6,030","4,55,144",,,fiserv,FI,FISERV INC.
CRBN,iShares MSCI ACWI Low Carbon Target ETF,31/07/18,United States — 53.5%,FleetCor Technologies Inc.,"1,710","3,71,070",,,fleetcor technologies,FLEET,FLEETCOR TECHNOLOGIES INC.
CRBN,iShares MSCI ACWI Low Carbon Target ETF,31/07/18,United States — 53.5%,Flowserve Corp.,"1,350","59,846",,,flowserve,FLS,FLOWSERVE CORP.
CRBN,iShares MSCI ACWI Low Carbon Target ETF,31/07/18,United States — 53.5%,Fluor Corp.,"3,960","2,02,950",,,fluor,FLR,FLUOR CORP.
CRBN,iShares MSCI ACWI Low Carbon Target ETF,31/07/18,United States — 53.5%,FMC Corp.,"3,150","2,83,122",,,fmc,FMC,FMC CORP.
CRBN,iShares MSCI ACWI Low Carbon Target ETF,31/07/18,United States — 53.5%,Ford Motor Co.,"37,980","3,81,319",,,ford motor,F,FORD MOTOR CO.
CRBN,iShares MSCI ACWI Low Carbon Target ETF,31/07/18,United States — 53.5%,Fortinet Inc.,"1,980","1,24,562",,,fortinet,FTNT,FORTINET INC.
CRBN,iShares MSCI ACWI Low Carbon Target ETF,31/07/18,United States — 53.5%,Fortive Corp.,"4,860","3,98,909",,,fortive,FTV,FORTIVE CORP.
CRBN,iShares MSCI ACWI Low Carbon Target ETF,31/07/18,United States — 53.5%,Franklin Resources Inc.,"5,670","1,94,594",,,franklin resources,BEN,FRANKLIN RESOURCES INC.
CRBN,iShares MSCI ACWI Low Carbon Target ETF,31/07/18,United States — 53.5%,Freeport-McMoRan Inc.,"24,300","4,00,950",,,freeport mcmoran,FCX,FREEPORT-MCMORAN INC.
CRBN,iShares MSCI ACWI Low Carbon Target ETF,31/07/18,United States — 53.5%,Gap Inc. (The),"1,530","46,160",,,gap the,GAP,GAP INC. (THE)
CRBN,iShares MSCI ACWI Low Carbon Target ETF,31/07/18,United States — 53.5%,Garmin Ltd.,"1,530","95,549",,,garmin,GRMN,GARMIN LTD.
CRBN,iShares MSCI ACWI Low Carbon Target ETF,31/07/18,United States — 53.5%,General Dynamics Corp.,"3,420","6,83,179",,,general dynamics,GDX.SG,GENERAL DYNAMICS CORP.
CRBN,iShares MSCI ACWI Low Carbon Target ETF,31/07/18,United States — 53.5%,General Electric Co.,"1,17,990","16,08,204",,,general electric,POR,GENERAL ELECTRIC CO.
CRBN,iShares MSCI ACWI Low Carbon Target ETF,31/07/18,United States — 53.5%,General Mills Inc.,"7,110","3,27,487",,,general mills,GIS,GENERAL MILLS INC.
CRBN,iShares MSCI ACWI Low Carbon Target ETF,31/07/18,United States — 53.5%,General Motors Co.,"10,800","4,09,428",,,general motors,GM,GENERAL MOTORS CO.
CRBN,iShares MSCI ACWI Low Carbon Target ETF,31/07/18,United States — 53.5%,Genuine Parts Co.,"1,530","1,48,884",,,genuine parts,GPC,GENUINE PARTS CO.
CRBN,iShares MSCI ACWI Low Carbon Target ETF,31/07/18,United States — 53.5%,GGP Inc.,"6,570","1,40,072",,,ggp,GGPIN,GGP INC.
CRBN,iShares MSCI ACWI Low Carbon Target ETF,31/07/18,United States — 53.5%,Gilead Sciences Inc.,"15,120","11,76,790",,,gilead sciences,GILD,GILEAD SCIENCES INC.
CRBN,iShares MSCI ACWI Low Carbon Target ETF,31/07/18,United States — 53.5%,Global Payments Inc.,"1,800","2,02,626",,,global payments,GPN,GLOBAL PAYMENTS INC.
CRBN,iShares MSCI ACWI Low Carbon Target ETF,31/07/18,United States — 53.5%,Goldman Sachs Group Inc. (The),"4,410","10,47,066",,,goldman sachs the,GS,GOLDMAN SACHS GROUP INC. (THE)
CRBN,iShares MSCI ACWI Low Carbon Target ETF,31/07/18,United States — 53.5%,Halliburton Co.,"23,850","10,11,717",,,halliburton,HAL,HALLIBURTON CO.
CRBN,iShares MSCI ACWI Low Carbon Target ETF,31/07/18,United States — 53.5%,Harley-Davidson Inc.,"2,520","1,08,083",,,harley davidson,HOG,HARLEY-DAVIDSON INC.
CRBN,iShares MSCI ACWI Low Carbon Target ETF,31/07/18,United States — 53.5%,Harris Corp.,"1,980","3,26,601",,,harris,HARRI,HARRIS CORP.
CRBN,iShares MSCI ACWI Low Carbon Target ETF,31/07/18,United States — 53.5%,Hartford Financial Services Group Inc. (The),"5,760","3,03,552",,,hartford financial services the,HARTF,HARTFORD FINANCIAL SERVICES GROUP INC. (THE)
CRBN,iShares MSCI ACWI Low Carbon Target ETF,31/07/18,United States — 53.5%,Hasbro Inc.,"1,620","1,61,368",,,hasbro,HAS,HASBRO INC.
CRBN,iShares MSCI ACWI Low Carbon Target ETF,31/07/18,United States — 53.5%,HCA Healthcare Inc.,"1,170","1,45,349",,,hca healthcare,HCA,HCA HEALTHCARE INC.
CRBN,iShares MSCI ACWI Low Carbon Target ETF,31/07/18,United States — 53.5%,HCP Inc.,"3,466","89,769",,,hcp,HCPIN,HCP INC.
CRBN,iShares MSCI ACWI Low Carbon Target ETF,31/07/18,United States — 53.5%,HD Supply Holdings Inc.,"2,340","1,02,913",,,hd supply,HDSUP,HD SUPPLY HOLDINGS INC.
CRBN,iShares MSCI ACWI Low Carbon Target ETF,31/07/18,United States — 53.5%,Helmerich & Payne Inc.,"7,470","4,58,284",,,helmerich and payne,HP,HELMERICH & PAYNE INC.
CRBN,iShares MSCI ACWI Low Carbon Target ETF,31/07/18,United States — 53.5%,Henry Schein Inc.,"1,080","85,763",,,henry schein,HSIC,HENRY SCHEIN INC.
CRBN,iShares MSCI ACWI Low Carbon Target ETF,31/07/18,United States — 53.5%,Hershey Co. (The),"1,530","1,50,261",,,hershey the,HSY.F,HERSHEY CO. (THE)
CRBN,iShares MSCI ACWI Low Carbon Target ETF,31/07/18,United States — 53.5%,Hewlett Packard Enterprise Co.,"23,400","3,61,296",,,hewlett packard enterprise,HPE,HEWLETT PACKARD ENTERPRISE CO.
CRBN,iShares MSCI ACWI Low Carbon Target ETF,31/07/18,United States — 53.5%,HollyFrontier Corp.,"9,720","7,24,918",,,hollyfrontier,HOLLY,HOLLYFRONTIER CORP.
CRBN,iShares MSCI ACWI Low Carbon Target ETF,31/07/18,United States — 53.5%,Hologic Inc.,"2,250","96,548",,,hologic,HOLX,HOLOGIC INC.
CRBN,iShares MSCI ACWI Low Carbon Target ETF,31/07/18,United States — 53.5%,Home Depot Inc. (The),"13,950","27,55,404",,,home depot the,HD,HOME DEPOT INC. (THE)
CRBN,iShares MSCI ACWI Low Carbon Target ETF,31/07/18,United States — 53.5%,Honeywell International Inc.,"8,640","13,79,376",,,honeywell international,HON,HONEYWELL INTERNATIONAL INC.
CRBN,iShares MSCI ACWI Low Carbon Target ETF,31/07/18,United States — 53.5%,Host Hotels & Resorts Inc.,"12,420","2,60,075",,,host hotels and resorts,HST,HOST HOTELS & RESORTS INC.
CRBN,iShares MSCI ACWI Low Carbon Target ETF,31/07/18,United States — 53.5%,HP Inc.,"23,310","5,37,995",,,hp,HPQ,HP INC.
CRBN,iShares MSCI ACWI Low Carbon Target ETF,31/07/18,United States — 53.5%,Humana Inc.,"1,800","5,65,524",,,humana,HUM,HUMANA INC.
CRBN,iShares MSCI ACWI Low Carbon Target ETF,31/07/18,United States — 53.5%,Huntington Bancshares Inc./OH,"10,080","1,55,635",,,huntington bancshares oh,HUNTI,HUNTINGTON BANCSHARES INC./OH
CRBN,iShares MSCI ACWI Low Carbon Target ETF,31/07/18,United States — 53.5%,Huntington Ingalls Industries Inc.,450,"1,04,873",,,huntington ingalls industries,HII,HUNTINGTON INGALLS INDUSTRIES INC.
CRBN,iShares MSCI ACWI Low Carbon Target ETF,31/07/18,United States — 53.5%,IDEX Corp.,900,"1,38,222",,,idex,IEX,IDEX CORP.
CRBN,iShares MSCI ACWI Low Carbon Target ETF,31/07/18,United States — 53.5%,IDEXX Laboratories Inc.,900,"2,20,437",,,idexx laboratories,IDXX,IDEXX LABORATORIES INC.
CRBN,iShares MSCI ACWI Low Carbon Target ETF,31/07/18,United States — 53.5%,IHS Markit Ltd.,"7,598","4,02,922",,,ihs markit,IHSMA,IHS MARKIT LTD.
CRBN,iShares MSCI ACWI Low Carbon Target ETF,31/07/18,United States — 53.5%,Illinois Tool Works Inc.,"4,770","6,83,684",,,illinois tool works,ITW,ILLINOIS TOOL WORKS INC.
CRBN,iShares MSCI ACWI Low Carbon Target ETF,31/07/18,United States — 53.5%,Illumina Inc.,"1,890","6,13,040",,,illumina,ILMN,ILLUMINA INC.
CRBN,iShares MSCI ACWI Low Carbon Target ETF,31/07/18,United States — 53.5%,Incyte Corp.,"1,530","1,01,806",,,incyte,INCY,INCYTE CORP.
CRBN,iShares MSCI ACWI Low Carbon Target ETF,31/07/18,United States — 53.5%,Ingersoll-Rand PLC,"3,420","3,36,904",,,ingersoll rand,IR,INGERSOLL-RAND PLC
CRBN,iShares MSCI ACWI Low Carbon Target ETF,31/07/18,United States — 53.5%,Intel Corp.,"56,520","27,18,612",,,intel,INTC,INTEL CORP.
CRBN,iShares MSCI ACWI Low Carbon Target ETF,31/07/18,United States — 53.5%,Intercontinental Exchange Inc.,"5,310","3,92,462",,,intercontinental exchange,ICE,INTERCONTINENTAL EXCHANGE INC.
CRBN,iShares MSCI ACWI Low Carbon Target ETF,31/07/18,United States — 53.5%,International Business Machines Corp.,"12,060","17,47,856",,,international business machines,IBM,INTERNATIONAL BUSINESS MACHINES CORP.
CRBN,iShares MSCI ACWI Low Carbon Target ETF,31/07/18,United States — 53.5%,International Flavors & Fragrances Inc.,"2,610","3,46,504",,,international flavors and fragrances,IFF,INTERNATIONAL FLAVORS & FRAGRANCES INC.
CRBN,iShares MSCI ACWI Low Carbon Target ETF,31/07/18,United States — 53.5%,Interpublic Group of Companies Inc. (The),"2,610","58,856",,,interpublic of companies the,INTER4,INTERPUBLIC GROUP OF COMPANIES INC. (THE)
CRBN,iShares MSCI ACWI Low Carbon Target ETF,31/07/18,United States — 53.5%,Intuit Inc.,"3,690","7,53,646",,,intuit,INTU,INTUIT INC.
CRBN,iShares MSCI ACWI Low Carbon Target ETF,31/07/18,United States — 53.5%,Intuitive Surgical Inc.,"1,620","8,23,268",,,intuitive surgical,ISRG,INTUITIVE SURGICAL INC.
CRBN,iShares MSCI ACWI Low Carbon Target ETF,31/07/18,United States — 53.5%,Invesco Ltd.,"2,880","77,731",,,invesco,IVZ,INVESCO LTD.
CRBN,iShares MSCI ACWI Low Carbon Target ETF,31/07/18,United States — 53.5%,IQVIA Holdings Inc.,"1,890","2,30,467",,,iqvia,IQV,IQVIA HOLDINGS INC.
CRBN,iShares MSCI ACWI Low Carbon Target ETF,31/07/18,United States — 53.5%,Iron Mountain Inc.,"2,790","97,957",,,iron mountain,IRM,IRON MOUNTAIN INC.
CRBN,iShares MSCI ACWI Low Carbon Target ETF,31/07/18,United States — 53.5%,Jacobs Engineering Group Inc.,"6,390","4,32,156",,,jacobs engineering,JACOB,JACOBS ENGINEERING GROUP INC.
CRBN,iShares MSCI ACWI Low Carbon Target ETF,31/07/18,United States — 53.5%,JM Smucker Co. (The),"1,350","1,50,012",,,jm smucker the,JMSMU,JM SMUCKER CO. (THE)
CRBN,iShares MSCI ACWI Low Carbon Target ETF,31/07/18,United States — 53.5%,Johnson & Johnson,"32,130","42,57,868",,,johnson and johnson,JNJ,JOHNSON & JOHNSON
CRBN,iShares MSCI ACWI Low Carbon Target ETF,31/07/18,United States — 53.5%,Johnson Controls International PLC,"11,070","4,15,236",,,johnson controls international,JCI,JOHNSON CONTROLS INTERNATIONAL PLC
CRBN,iShares MSCI ACWI Low Carbon Target ETF,31/07/18,United States — 53.5%,Jones Lang LaSalle Inc.,990,"1,69,300",,,jones lang lasalle,JLL,JONES LANG LASALLE INC.
CRBN,iShares MSCI ACWI Low Carbon Target ETF,31/07/18,United States — 53.5%,JPMorgan Chase & Co.,"37,260","42,83,037",,,jpmorgan chase and,JPM,JPMORGAN CHASE & CO.
CRBN,iShares MSCI ACWI Low Carbon Target ETF,31/07/18,United States — 53.5%,Juniper Networks Inc.,"3,330","87,712",,,juniper networks,JUNIP,JUNIPER NETWORKS INC.
CRBN,iShares MSCI ACWI Low Carbon Target ETF,31/07/18,United States — 53.5%,Kellogg Co.,"1,170","83,105",,,kellogg,KU9.MU,KELLOGG CO.
CRBN,iShares MSCI ACWI Low Carbon Target ETF,31/07/18,United States — 53.5%,KeyCorp.,"8,280","1,72,804",,,keycorp,KEY,KEYCORP.
CRBN,iShares MSCI ACWI Low Carbon Target ETF,31/07/18,United States — 53.5%,Kimco Realty Corp.,"8,640","1,44,202",,,kimco realty,KIC.F,KIMCO REALTY CORP.
CRBN,iShares MSCI ACWI Low Carbon Target ETF,31/07/18,United States — 53.5%,Kinder Morgan Inc./DE,"23,400","4,16,052",,,kinder morgan de,KINDE,KINDER MORGAN INC./DE
CRBN,iShares MSCI ACWI Low Carbon Target ETF,31/07/18,United States — 53.5%,KLA-Tencor Corp.,"1,800","2,11,356",,,kla tencor,KLA.SG,KLA-TENCOR CORP.
CRBN,iShares MSCI ACWI Low Carbon Target ETF,31/07/18,United States — 53.5%,Kohl’s Corp.,990,"73,131",,,kohl s,KHP.SG,KOHL’S CORP.
CRBN,iShares MSCI ACWI Low Carbon Target ETF,31/07/18,United States — 53.5%,Kraft Heinz Co. (The),"10,620","6,39,855",,,kraft heinz the,KHNZ.F,KRAFT HEINZ CO. (THE)
CRBN,iShares MSCI ACWI Low Carbon Target ETF,31/07/18,United States — 53.5%,L Brands Inc.,"3,330","1,05,461",,,l brands,LCUT,L BRANDS INC.
CRBN,iShares MSCI ACWI Low Carbon Target ETF,31/07/18,United States — 53.5%,L3 Technologies Inc.,"1,170","2,50,895",,,l3 technologies,LHX,L3 TECHNOLOGIES INC.
CRBN,iShares MSCI ACWI Low Carbon Target ETF,31/07/18,United States — 53.5%,Laboratory Corp. of America Holdings,990,"1,73,587",,,laboratory of america,LABOR3,LABORATORY CORP. OF AMERICA HOLDINGS
CRBN,iShares MSCI ACWI Low Carbon Target ETF,31/07/18,United States — 53.5%,Lam Research Corp.,"1,890","3,60,310",,,lam research,LRCX,LAM RESEARCH CORP.
CRBN,iShares MSCI ACWI Low Carbon Target ETF,31/07/18,United States — 53.5%,Las Vegas Sands Corp.,"6,570","4,72,383",,,las vegas sands,LVS,LAS VEGAS SANDS CORP.
CRBN,iShares MSCI ACWI Low Carbon Target ETF,31/07/18,United States — 53.5%,Leidos Holdings Inc.,"1,431","97,909",,,leidos,LDOS,LEIDOS HOLDINGS INC.
CRBN,iShares MSCI ACWI Low Carbon Target ETF,31/07/18,United States — 53.5%,"Lennar Corp., Class A","3,420","1,78,763",,,lennar,LEN,"LENNAR CORP., CLASS A"
CRBN,iShares MSCI ACWI Low Carbon Target ETF,31/07/18,United States — 53.5%,Lennox International Inc.,450,"97,686",,,lennox international,LII,LENNOX INTERNATIONAL INC.
CRBN,iShares MSCI ACWI Low Carbon Target ETF,31/07/18,United States — 53.5%,"Liberty Global PLC, Series A","4,680","1,32,116",,,liberty global series a,LIBER12,"LIBERTY GLOBAL PLC, SERIES A"
CRBN,iShares MSCI ACWI Low Carbon Target ETF,31/07/18,United States — 53.5%,"Liberty Media Corp.-Liberty Formula One, Class C, NVS","3,330","1,17,383",,,liberty media liberty formula one,LIBER13,"LIBERTY MEDIA CORP.-LIBERTY FORMULA ONE, CLASS C, NVS"
CRBN,iShares MSCI ACWI Low Carbon Target ETF,31/07/18,United States — 53.5%,"Liberty Media Corp.-Liberty SiriusXM, Class C, NVS",90,"4,251",,,liberty media liberty siriusxm,LIBER14,"LIBERTY MEDIA CORP.-LIBERTY SIRIUSXM, CLASS C, NVS"
CRBN,iShares MSCI ACWI Low Carbon Target ETF,31/07/18,United States — 53.5%,Lincoln National Corp.,"4,140","2,81,934",,,lincoln national,LNC,LINCOLN NATIONAL CORP.
CRBN,iShares MSCI ACWI Low Carbon Target ETF,31/07/18,United States — 53.5%,LKQ Corp.(b),"3,510","1,17,655",,,lkq b,LKQCO2,LKQ CORP.(B)
CRBN,iShares MSCI ACWI Low Carbon Target ETF,31/07/18,United States — 53.5%,Lockheed Martin Corp.,"2,700","8,80,470",,,lockheed martin,LOMD.XC,LOCKHEED MARTIN CORP.
CRBN,iShares MSCI ACWI Low Carbon Target ETF,31/07/18,United States — 53.5%,Lowe’s Companies Inc.,"9,540","9,47,704",,,lowe s companies,LOW,LOWE’S COMPANIES INC.
CRBN,iShares MSCI ACWI Low Carbon Target ETF,31/07/18,United States — 53.5%,Lululemon Athletica Inc.,"1,440","1,72,728",,,lululemon athletica,LULU,LULULEMON ATHLETICA INC.
CRBN,iShares MSCI ACWI Low Carbon Target ETF,31/07/18,United States — 53.5%,M&T Bank Corp.,"1,620","2,80,827",,,m and t bank,MTB,M&T BANK CORP.
CRBN,iShares MSCI ACWI Low Carbon Target ETF,31/07/18,United States — 53.5%,Macerich Co. (The),990,"58,469",,,macerich the,MAC,MACERICH CO. (THE)
CRBN,iShares MSCI ACWI Low Carbon Target ETF,31/07/18,United States — 53.5%,ManpowerGroup Inc.,"2,070","1,93,048",,,manpowergroup,MPW.SG,MANPOWERGROUP INC.
CRBN,iShares MSCI ACWI Low Carbon Target ETF,31/07/18,United States — 53.5%,Marathon Petroleum Corp.,"8,370","6,76,547",,,marathon petroleum,MPC,MARATHON PETROLEUM CORP.
CRBN,iShares MSCI ACWI Low Carbon Target ETF,31/07/18,United States — 53.5%,"Marriott International Inc./MD, Class A",810,"1,03,550",,,marriott international md,MARRI3,"MARRIOTT INTERNATIONAL INC./MD, CLASS A"
CRBN,iShares MSCI ACWI Low Carbon Target ETF,31/07/18,United States — 53.5%,Marsh & McLennan Companies Inc.,"7,650","6,37,704",,,marsh and mclennan companies,MMC,MARSH & MCLENNAN COMPANIES INC.
CRBN,iShares MSCI ACWI Low Carbon Target ETF,31/07/18,United States — 53.5%,Marvell Technology Group Ltd.,"8,550","1,82,201",,,marvell technology,MRVL,MARVELL TECHNOLOGY GROUP LTD.
CRBN,iShares MSCI ACWI Low Carbon Target ETF,31/07/18,United States — 53.5%,Masco Corp.,"5,040","2,03,263",,,masco,MAS,MASCO CORP.
CRBN,iShares MSCI ACWI Low Carbon Target ETF,31/07/18,United States — 53.5%,"Mastercard Inc., Class A","10,946","21,67,308",,,mastercard,MA,"MASTERCARD INC., CLASS A"
CRBN,iShares MSCI ACWI Low Carbon Target ETF,31/07/18,United States — 53.5%,Mattel Inc.,"6,210","98,553",,,mattel,MAT,MATTEL INC.
CRBN,iShares MSCI ACWI Low Carbon Target ETF,31/07/18,United States — 53.5%,Maxim Integrated Products Inc.,"3,870","2,36,612",,,maxim integrated products,MAXIM,MAXIM INTEGRATED PRODUCTS INC.
CRBN,iShares MSCI ACWI Low Carbon Target ETF,31/07/18,United States — 53.5%,"McCormick & Co. Inc./MD, NVS","2,160","2,53,886",,,mccormick and md,MCCOR3,"MCCORMICK & CO. INC./MD, NVS"
CRBN,iShares MSCI ACWI Low Carbon Target ETF,31/07/18,United States — 53.5%,McDonald’s Corp.,"9,450","14,88,753",,,mcdonald s,MDOD.XC,MCDONALD’S CORP.
CRBN,iShares MSCI ACWI Low Carbon Target ETF,31/07/18,United States — 53.5%,McKesson Corp.,"2,880","3,61,728",,,mckesson,MCK,MCKESSON CORP.
CRBN,iShares MSCI ACWI Low Carbon Target ETF,31/07/18,United States — 53.5%,Medtronic PLC,"15,390","13,88,640",,,medtronic,MDT,MEDTRONIC PLC
CRBN,iShares MSCI ACWI Low Carbon Target ETF,31/07/18,United States — 53.5%,MercadoLibre Inc.,540,"1,85,171",,,mercadolibre,MELI,MERCADOLIBRE INC.
CRBN,iShares MSCI ACWI Low Carbon Target ETF,31/07/18,United States — 53.5%,Merck & Co. Inc.,"32,490","21,40,116",,,merck and,MRK,MERCK & CO. INC.
CRBN,iShares MSCI ACWI Low Carbon Target ETF,31/07/18,United States — 53.5%,MetLife Inc.,"12,780","5,84,557",,,metlife,MET,METLIFE INC.
CRBN,iShares MSCI ACWI Low Carbon Target ETF,31/07/18,United States — 53.5%,Mettler-Toledo International Inc.,180,"1,06,652",,,mettler toledo international,MTD,METTLER-TOLEDO INTERNATIONAL INC.
CRBN,iShares MSCI ACWI Low Carbon Target ETF,31/07/18,United States — 53.5%,MGM Resorts International,"8,820","2,76,683",,,mgm resorts international,MGM,MGM RESORTS INTERNATIONAL
CRBN,iShares MSCI ACWI Low Carbon Target ETF,31/07/18,United States — 53.5%,Michael Kors Holdings Ltd.,"2,430","1,62,154",,,michael kors,MICHA,MICHAEL KORS HOLDINGS LTD.
CRBN,iShares MSCI ACWI Low Carbon Target ETF,31/07/18,United States — 53.5%,Microchip Technology Inc.,"2,970","2,77,487",,,microchip technology,MCHP,MICROCHIP TECHNOLOGY INC.
CRBN,iShares MSCI ACWI Low Carbon Target ETF,31/07/18,United States — 53.5%,Micron Technology Inc.,"14,040","7,41,172",,,micron technology,MU,MICRON TECHNOLOGY INC.
CRBN,iShares MSCI ACWI Low Carbon Target ETF,31/07/18,United States — 53.5%,Microsoft Corp.,"85,770","90,98,482",,,microsoft,MSFT,MICROSOFT CORP.
CRBN,iShares MSCI ACWI Low Carbon Target ETF,31/07/18,United States — 53.5%,Mid-America Apartment Communities Inc.,990,"99,772",,,mid america apartment communities,MAA,MID-AMERICA APARTMENT COMMUNITIES INC.
CRBN,iShares MSCI ACWI Low Carbon Target ETF,31/07/18,United States — 53.5%,Middleby Corp. (The),450,"46,116",,,middleby the,MBY.F,MIDDLEBY CORP. (THE)
CRBN,iShares MSCI ACWI Low Carbon Target ETF,31/07/18,United States — 53.5%,"Molson Coors Brewing Co., Class B","2,790","1,86,930",,,molson coors brewing,TAP,"MOLSON COORS BREWING CO., CLASS B"
CRBN,iShares MSCI ACWI Low Carbon Target ETF,31/07/18,United States — 53.5%,"Mondelez International Inc., Class A","17,820","7,73,032",,,mondelez international,MDLZ,"MONDELEZ INTERNATIONAL INC., CLASS A"
CRBN,iShares MSCI ACWI Low Carbon Target ETF,31/07/18,United States — 53.5%,Monster Beverage Corp.,"6,750","4,05,135",,,monster beverage,MNST,MONSTER BEVERAGE CORP.
CRBN,iShares MSCI ACWI Low Carbon Target ETF,31/07/18,United States — 53.5%,Moody’s Corp.,"2,430","4,15,822",,,moody s,DUT.SG,MOODY’S CORP.
CRBN,iShares MSCI ACWI Low Carbon Target ETF,31/07/18,United States — 53.5%,Morgan Stanley,"14,850","7,50,816",,,morgan stanley,MS,MORGAN STANLEY
CRBN,iShares MSCI ACWI Low Carbon Target ETF,31/07/18,United States — 53.5%,Motorola Solutions Inc.,990,"1,20,087",,,motorola solutions,MSI,MOTOROLA SOLUTIONS INC.
CRBN,iShares MSCI ACWI Low Carbon Target ETF,31/07/18,United States — 53.5%,Mylan NV,"5,040","1,88,042",,,mylan,MYLAN,MYLAN NV
CRBN,iShares MSCI ACWI Low Carbon Target ETF,31/07/18,United States — 53.5%,Nasdaq Inc.,"1,530","1,39,842",,,nasdaq,NDAQ,NASDAQ INC.
CRBN,iShares MSCI ACWI Low Carbon Target ETF,31/07/18,United States — 53.5%,National Oilwell Varco Inc.,"16,830","8,18,275",,,national oilwell varco,NATIO2,NATIONAL OILWELL VARCO INC.
CRBN,iShares MSCI ACWI Low Carbon Target ETF,31/07/18,United States — 53.5%,NetApp Inc.,"4,230","3,27,910",,,netapp,NTAP,NETAPP INC.
CRBN,iShares MSCI ACWI Low Carbon Target ETF,31/07/18,United States — 53.5%,Netflix Inc.,"5,490","18,52,600",,,netflix,NFLX,NETFLIX INC.
CRBN,iShares MSCI ACWI Low Carbon Target ETF,31/07/18,United States — 53.5%,Newell Brands Inc.,"5,490","1,43,783",,,newell brands,NWL,NEWELL BRANDS INC.
CRBN,iShares MSCI ACWI Low Carbon Target ETF,31/07/18,United States — 53.5%,"News Corp., Class A, NVS","8,281","1,24,795",,,news,NEWSC,"NEWS CORP., CLASS A, NVS"
CRBN,iShares MSCI ACWI Low Carbon Target ETF,31/07/18,United States — 53.5%,Nielsen Holdings PLC,"7,020","1,65,391",,,nielsen,NIELS,NIELSEN HOLDINGS PLC
CRBN,iShares MSCI ACWI Low Carbon Target ETF,31/07/18,United States — 53.5%,"NIKE Inc., Class B","16,200","12,45,942",,,nike,NKE,"NIKE INC., CLASS B"
CRBN,iShares MSCI ACWI Low Carbon Target ETF,31/07/18,United States — 53.5%,Nordstrom Inc.,"1,170","61,320",,,nordstrom,NORDS,NORDSTROM INC.
CRBN,iShares MSCI ACWI Low Carbon Target ETF,31/07/18,United States — 53.5%,Norfolk Southern Corp.,"2,970","5,01,930",,,norfolk southern,NSC,NORFOLK SOUTHERN CORP.
CRBN,iShares MSCI ACWI Low Carbon Target ETF,31/07/18,United States — 53.5%,Northern Trust Corp.,"1,800","1,96,596",,,northern trust,NTRS,NORTHERN TRUST CORP.
CRBN,iShares MSCI ACWI Low Carbon Target ETF,31/07/18,United States — 53.5%,Northrop Grumman Corp.,"2,250","6,76,102",,,northrop grumman,NOC,NORTHROP GRUMMAN CORP.
CRBN,iShares MSCI ACWI Low Carbon Target ETF,31/07/18,United States — 53.5%,NVIDIA Corp.,"7,200","17,62,992",,,nvidia,NVDA,NVIDIA CORP.
CRBN,iShares MSCI ACWI Low Carbon Target ETF,31/07/18,United States — 53.5%,O’Reilly Automotive Inc.,"1,260","3,85,560",,,o reilly automotive,ORLY,O’REILLY AUTOMOTIVE INC.
CRBN,iShares MSCI ACWI Low Carbon Target ETF,31/07/18,United States — 53.5%,Old Dominion Freight Line Inc.,"1,530","2,24,604",,,old dominion freight line,ODFL,OLD DOMINION FREIGHT LINE INC.
CRBN,iShares MSCI ACWI Low Carbon Target ETF,31/07/18,United States — 53.5%,Omnicom Group Inc.,"1,890","1,30,089",,,omnicom,OMC,OMNICOM GROUP INC.
CRBN,iShares MSCI ACWI Low Carbon Target ETF,31/07/18,United States — 53.5%,ONEOK Inc.,"34,110","24,02,708",,,oneok,OKE,ONEOK INC.
CRBN,iShares MSCI ACWI Low Carbon Target ETF,31/07/18,United States — 53.5%,Oracle Corp.,"37,170","17,72,266",,,oracle,ORCL,ORACLE CORP.
CRBN,iShares MSCI ACWI Low Carbon Target ETF,31/07/18,United States — 53.5%,PACCAR Inc.,"3,780","2,48,422",,,paccar,PCAR,PACCAR INC.
CRBN,iShares MSCI ACWI Low Carbon Target ETF,31/07/18,United States — 53.5%,Palo Alto Networks Inc.,900,"1,78,434",,,palo alto networks,PANW,PALO ALTO NETWORKS INC.
CRBN,iShares MSCI ACWI Low Carbon Target ETF,31/07/18,United States — 53.5%,Parker-Hannifin Corp.,"1,890","3,19,505",,,parker hannifin,PH,PARKER-HANNIFIN CORP.
CRBN,iShares MSCI ACWI Low Carbon Target ETF,31/07/18,United States — 53.5%,Paychex Inc.,"6,570","4,53,461",,,paychex,PAYX,PAYCHEX INC.
CRBN,iShares MSCI ACWI Low Carbon Target ETF,31/07/18,United States — 53.5%,PayPal Holdings Inc.,"14,490","11,90,209",,,paypal,PYPL,PAYPAL HOLDINGS INC.
CRBN,iShares MSCI ACWI Low Carbon Target ETF,31/07/18,United States — 53.5%,Pentair PLC,"2,430","1,08,500",,,pentair,PNR,PENTAIR PLC
CRBN,iShares MSCI ACWI Low Carbon Target ETF,31/07/18,United States — 53.5%,People’s United Financial Inc.,"14,220","2,59,231",,,people s united financial,PEOPL,PEOPLE’S UNITED FINANCIAL INC.
CRBN,iShares MSCI ACWI Low Carbon Target ETF,31/07/18,United States — 53.5%,PepsiCo Inc.,"15,210","17,49,150",,,pepsico,PEP,PEPSICO INC.
CRBN,iShares MSCI ACWI Low Carbon Target ETF,31/07/18,United States — 53.5%,Perrigo Co. PLC,"1,530","1,23,196",,,perrigo,PRGO,PERRIGO CO. PLC
CRBN,iShares MSCI ACWI Low Carbon Target ETF,31/07/18,United States — 53.5%,Pfizer Inc.,"70,830","28,28,242",,,pfizer,PFE,PFIZER INC.
CRBN,iShares MSCI ACWI Low Carbon Target ETF,31/07/18,United States — 53.5%,PG&E Corp.,"7,920","3,41,194",,,pg and e,PCG,PG&E CORP.
CRBN,iShares MSCI ACWI Low Carbon Target ETF,31/07/18,United States — 53.5%,Philip Morris International Inc.,"19,710","17,00,973",,,philip morris international,PM,PHILIP MORRIS INTERNATIONAL INC.
CRBN,iShares MSCI ACWI Low Carbon Target ETF,31/07/18,United States — 53.5%,Phillips 66,"21,330","26,30,842",,,phillips 66,PSX,PHILLIPS 66
CRBN,iShares MSCI ACWI Low Carbon Target ETF,31/07/18,United States — 53.5%,Pioneer Natural Resources Co.,"3,600","6,81,372",,,pioneer natural resources,PIONE,PIONEER NATURAL RESOURCES CO.
CRBN,iShares MSCI ACWI Low Carbon Target ETF,31/07/18,United States — 53.5%,PNC Financial Services Group Inc. (The),"6,120","8,86,360",,,pnc financial services the,PNCFI4,PNC FINANCIAL SERVICES GROUP INC. (THE)
CRBN,iShares MSCI ACWI Low Carbon Target ETF,31/07/18,United States — 53.5%,Polaris Industries Inc.,990,"1,04,366",,,polaris industries,PL6.SG,POLARIS INDUSTRIES INC.
CRBN,iShares MSCI ACWI Low Carbon Target ETF,31/07/18,United States — 53.5%,PPG Industries Inc.,"6,030","6,67,280",,,ppg industries,PPG,PPG INDUSTRIES INC.
CRBN,iShares MSCI ACWI Low Carbon Target ETF,31/07/18,United States — 53.5%,Principal Financial Group Inc.,"5,490","3,18,859",,,principal financial,PFG,PRINCIPAL FINANCIAL GROUP INC.
CRBN,iShares MSCI ACWI Low Carbon Target ETF,31/07/18,United States — 53.5%,Procter & Gamble Co. (The),"30,330","24,53,090",,,procter and gamble the,PG,PROCTER & GAMBLE CO. (THE)
CRBN,iShares MSCI ACWI Low Carbon Target ETF,31/07/18,United States — 53.5%,Progressive Corp. (The),"6,660","3,99,667",,,progressive the,PGR,PROGRESSIVE CORP. (THE)
CRBN,iShares MSCI ACWI Low Carbon Target ETF,31/07/18,United States — 53.5%,Prologis Inc.,"8,010","5,25,616",,,prologis,PLD,PROLOGIS INC.
CRBN,iShares MSCI ACWI Low Carbon Target ETF,31/07/18,United States — 53.5%,Prudential Financial Inc.,"6,660","6,72,061",,,prudential financial,PRU,PRUDENTIAL FINANCIAL INC.
CRBN,iShares MSCI ACWI Low Carbon Target ETF,31/07/18,United States — 53.5%,Public Storage,"1,620","3,52,885",,,public storage,PSA,PUBLIC STORAGE
CRBN,iShares MSCI ACWI Low Carbon Target ETF,31/07/18,United States — 53.5%,PulteGroup Inc.,"4,500","1,28,205",,,pultegroup,PHM,PULTEGROUP INC.
CRBN,iShares MSCI ACWI Low Carbon Target ETF,31/07/18,United States — 53.5%,PVH Corp.,"1,170","1,79,618",,,pvh,PVH,PVH CORP.
CRBN,iShares MSCI ACWI Low Carbon Target ETF,31/07/18,United States — 53.5%,Qorvo Inc.,990,"80,942",,,qorvo,QRVO,QORVO INC.
CRBN,iShares MSCI ACWI Low Carbon Target ETF,31/07/18,United States — 53.5%,QUALCOMM Inc.,"19,080","12,22,837",,,qualcomm,QCOM,QUALCOMM INC.
CRBN,iShares MSCI ACWI Low Carbon Target ETF,31/07/18,United States — 53.5%,Quest Diagnostics Inc.,"1,620","1,74,506",,,quest diagnostics,DGX,QUEST DIAGNOSTICS INC.
CRBN,iShares MSCI ACWI Low Carbon Target ETF,31/07/18,United States — 53.5%,Qurate Retail Inc.,"5,850","1,24,547",,,qurate retail,QURAT,QURATE RETAIL INC.
CRBN,iShares MSCI ACWI Low Carbon Target ETF,31/07/18,United States — 53.5%,Ralph Lauren Corp.,"1,170","1,57,927",,,ralph lauren,RL,RALPH LAUREN CORP.
CRBN,iShares MSCI ACWI Low Carbon Target ETF,31/07/18,United States — 53.5%,Raytheon Co.,"4,140","8,19,844",,,raytheon,RAYTH,RAYTHEON CO.
CRBN,iShares MSCI ACWI Low Carbon Target ETF,31/07/18,United States — 53.5%,Realty Income Corp.,"2,160","1,20,463",,,realty income,RY6.SG,REALTY INCOME CORP.
CRBN,iShares MSCI ACWI Low Carbon Target ETF,31/07/18,United States — 53.5%,Red Hat Inc.,"2,430","3,43,189",,,red hat,REDHA,RED HAT INC.
CRBN,iShares MSCI ACWI Low Carbon Target ETF,31/07/18,United States — 53.5%,Regeneron Pharmaceuticals Inc.,630,"2,31,846",,,regeneron pharmaceuticals,REGN,REGENERON PHARMACEUTICALS INC.
CRBN,iShares MSCI ACWI Low Carbon Target ETF,31/07/18,United States — 53.5%,Regions Financial Corp.,"14,220","2,64,634",,,regions financial,RF,REGIONS FINANCIAL CORP.
CRBN,iShares MSCI ACWI Low Carbon Target ETF,31/07/18,United States — 53.5%,ResMed Inc.,"1,620","1,71,364",,,resmed,RMD,RESMED INC.
CRBN,iShares MSCI ACWI Low Carbon Target ETF,31/07/18,United States — 53.5%,Robert Half International Inc.,"2,790","2,11,370",,,robert half international,RHJ.SG,ROBERT HALF INTERNATIONAL INC.
CRBN,iShares MSCI ACWI Low Carbon Target ETF,31/07/18,United States — 53.5%,Rockwell Automation Inc.,"2,070","3,88,249",,,rockwell automation,ROK,ROCKWELL AUTOMATION INC.
CRBN,iShares MSCI ACWI Low Carbon Target ETF,31/07/18,United States — 53.5%,Rockwell Collins Inc.,"1,999","2,77,841",,,rockwell collins,ROCKW,ROCKWELL COLLINS INC.
CRBN,iShares MSCI ACWI Low Carbon Target ETF,31/07/18,United States — 53.5%,Rollins Inc.,"2,070","1,13,726",,,rollins,ROL,ROLLINS INC.
CRBN,iShares MSCI ACWI Low Carbon Target ETF,31/07/18,United States — 53.5%,Roper Technologies Inc.,"1,710","5,16,249",,,roper technologies,ROP,ROPER TECHNOLOGIES INC.
CRBN,iShares MSCI ACWI Low Carbon Target ETF,31/07/18,United States — 53.5%,Ross Stores Inc.,"5,130","4,48,516",,,ross stores,ROST,ROSS STORES INC.
CRBN,iShares MSCI ACWI Low Carbon Target ETF,31/07/18,United States — 53.5%,S&P Global Inc.,"3,330","6,67,465",,,s and p global,SPGI,S&P GLOBAL INC.
CRBN,iShares MSCI ACWI Low Carbon Target ETF,31/07/18,United States — 53.5%,Sabre Corp.,"3,870","95,279",,,sabre,19S.SG,SABRE CORP.
CRBN,iShares MSCI ACWI Low Carbon Target ETF,31/07/18,United States — 53.5%,salesforce.com Inc.,"8,550","11,72,632",,,salesforce com,CRM.VI,SALESFORCE.COM INC.
CRBN,iShares MSCI ACWI Low Carbon Target ETF,31/07/18,United States — 53.5%,SBA Communications Corp.,"1,710","2,70,608",,,sba communications,4SB.SG,SBA COMMUNICATIONS CORP.
CRBN,iShares MSCI ACWI Low Carbon Target ETF,31/07/18,United States — 53.5%,Schlumberger Ltd.,"28,980","19,56,730",,,schlumberger,SLB,SCHLUMBERGER LTD.
CRBN,iShares MSCI ACWI Low Carbon Target ETF,31/07/18,United States — 53.5%,Seagate Technology PLC,"2,340","1,23,131",,,seagate technology,STX,SEAGATE TECHNOLOGY PLC
CRBN,iShares MSCI ACWI Low Carbon Target ETF,31/07/18,United States — 53.5%,Sealed Air Corp.,"3,690","1,62,618",,,sealed air,SEE,SEALED AIR CORP.
CRBN,iShares MSCI ACWI Low Carbon Target ETF,31/07/18,United States — 53.5%,Sempra Energy,"5,580","6,44,992",,,sempra energy,SREN.VI,SEMPRA ENERGY
CRBN,iShares MSCI ACWI Low Carbon Target ETF,31/07/18,United States — 53.5%,ServiceNow Inc.,"2,790","4,90,928",,,servicenow,NOW,SERVICENOW INC.
CRBN,iShares MSCI ACWI Low Carbon Target ETF,31/07/18,United States — 53.5%,Sherwin-Williams Co. (The),"1,890","8,32,980",,,sherwin williams the,SHW,SHERWIN-WILLIAMS CO. (THE)
CRBN,iShares MSCI ACWI Low Carbon Target ETF,31/07/18,United States — 53.5%,Simon Property Group Inc.,"4,230","7,45,368",,,simon property,SPG,SIMON PROPERTY GROUP INC.
CRBN,iShares MSCI ACWI Low Carbon Target ETF,31/07/18,United States — 53.5%,Skyworks Solutions Inc.,"1,710","1,61,732",,,skyworks solutions,SWKS,SKYWORKS SOLUTIONS INC.
CRBN,iShares MSCI ACWI Low Carbon Target ETF,31/07/18,United States — 53.5%,SL Green Realty Corp.,990,"1,02,079",,,sl green realty,SLG,SL GREEN REALTY CORP.
CRBN,iShares MSCI ACWI Low Carbon Target ETF,31/07/18,United States — 53.5%,Snap-on Inc.,630,"1,06,842",,,snap on,SNA,SNAP-ON INC.
CRBN,iShares MSCI ACWI Low Carbon Target ETF,31/07/18,United States — 53.5%,"Spirit AeroSystems Holdings Inc., Class A","1,710","1,59,458",,,spirit aerosystems,SPR,"SPIRIT AEROSYSTEMS HOLDINGS INC., CLASS A"
CRBN,iShares MSCI ACWI Low Carbon Target ETF,31/07/18,United States — 53.5%,Splunk Inc.,"1,980","1,90,278",,,splunk,SPLUN,SPLUNK INC.
CRBN,iShares MSCI ACWI Low Carbon Target ETF,31/07/18,United States — 53.5%,Sprint Corp. (a)(b),"10,080","54,734",,,sprint a b,SPRIN3,SPRINT CORP. (A)(B)
CRBN,iShares MSCI ACWI Low Carbon Target ETF,31/07/18,United States — 53.5%,"Square Inc., Class A","3,870","2,50,196",,,square,SQUAR,"SQUARE INC., CLASS A"
CRBN,iShares MSCI ACWI Low Carbon Target ETF,31/07/18,United States — 53.5%,Stanley Black & Decker Inc.,"2,250","3,36,308",,,stanley black and decker,SWK,STANLEY BLACK & DECKER INC.
CRBN,iShares MSCI ACWI Low Carbon Target ETF,31/07/18,United States — 53.5%,Starbucks Corp.,"18,090","9,47,735",,,starbucks,SBUX,STARBUCKS CORP.
CRBN,iShares MSCI ACWI Low Carbon Target ETF,31/07/18,United States — 53.5%,State Street Corp.,"4,555","4,02,252",,,state street,STT,STATE STREET CORP.
CRBN,iShares MSCI ACWI Low Carbon Target ETF,31/07/18,United States — 53.5%,Stryker Corp.,"3,150","5,14,237",,,stryker,SYK,STRYKER CORP.
CRBN,iShares MSCI ACWI Low Carbon Target ETF,31/07/18,United States — 53.5%,SunTrust Banks Inc.,"7,020","5,05,931",,,suntrust banks,SUNTR,SUNTRUST BANKS INC.
CRBN,iShares MSCI ACWI Low Carbon Target ETF,31/07/18,United States — 53.5%,SVB Financial Group(b),540,"1,66,255",,,svb financial b,SVBFI3,SVB FINANCIAL GROUP(B)
CRBN,iShares MSCI ACWI Low Carbon Target ETF,31/07/18,United States — 53.5%,Symantec Corp.,"7,380","1,49,224",,,symantec,SYMAN,SYMANTEC CORP.
CRBN,iShares MSCI ACWI Low Carbon Target ETF,31/07/18,United States — 53.5%,Synchrony Financial,"10,350","2,99,529",,,synchrony financial,SYF,SYNCHRONY FINANCIAL
CRBN,iShares MSCI ACWI Low Carbon Target ETF,31/07/18,United States — 53.5%,Sysco Corp.,"8,730","5,86,743",,,sysco,SYY,SYSCO CORP.
CRBN,iShares MSCI ACWI Low Carbon Target ETF,31/07/18,United States — 53.5%,T-Mobile U.S. Inc.,810,"48,600",,,t mobile u s,TMOBI,T-MOBILE U.S. INC.
CRBN,iShares MSCI ACWI Low Carbon Target ETF,31/07/18,United States — 53.5%,T Rowe Price Group Inc.,"3,600","4,28,688",,,t rowe price,TROW,T ROWE PRICE GROUP INC.
CRBN,iShares MSCI ACWI Low Carbon Target ETF,31/07/18,United States — 53.5%,Take-Two Interactive Software Inc.,"1,620","1,83,092",,,take two interactive software,TTWO,TAKE-TWO INTERACTIVE SOFTWARE INC.
CRBN,iShares MSCI ACWI Low Carbon Target ETF,31/07/18,United States — 53.5%,Tapestry Inc.,"3,780","1,78,114",,,tapestry,TPR,TAPESTRY INC.
CRBN,iShares MSCI ACWI Low Carbon Target ETF,31/07/18,United States — 53.5%,Target Corp.,"6,030","4,86,500",,,target,TGT,TARGET CORP.
CRBN,iShares MSCI ACWI Low Carbon Target ETF,31/07/18,United States — 53.5%,TD Ameritrade Holding Corp.,"3,240","1,85,166",,,td ameritrade holding,TDAME,TD AMERITRADE HOLDING CORP.
CRBN,iShares MSCI ACWI Low Carbon Target ETF,31/07/18,United States — 53.5%,TE Connectivity Ltd.,"5,490","5,13,699",,,te connectivity,TEL,TE CONNECTIVITY LTD.
CRBN,iShares MSCI ACWI Low Carbon Target ETF,31/07/18,United States — 53.5%,TechnipFMC PLC,"22,320","7,26,516",,,technipfmc,FTI,TECHNIPFMC PLC
CRBN,iShares MSCI ACWI Low Carbon Target ETF,31/07/18,United States — 53.5%,Teleflex Inc.,540,"1,47,263",,,teleflex,TFX,TELEFLEX INC.
CRBN,iShares MSCI ACWI Low Carbon Target ETF,31/07/18,United States — 53.5%,Tesla Inc. (a)(b),"2,250","6,70,815",,,tesla a b,TESLA4,TESLA INC. (A)(B)
CRBN,iShares MSCI ACWI Low Carbon Target ETF,31/07/18,United States — 53.5%,Texas Instruments Inc.,"14,130","15,72,952",,,texas instruments,TII.SG,TEXAS INSTRUMENTS INC.
CRBN,iShares MSCI ACWI Low Carbon Target ETF,31/07/18,United States — 53.5%,Textron Inc.,"3,060","2,08,906",,,textron,TXT,TEXTRON INC.
CRBN,iShares MSCI ACWI Low Carbon Target ETF,31/07/18,United States — 53.5%,Thermo Fisher Scientific Inc.,"4,860","11,39,816",,,thermo fisher scientific,TMO,THERMO FISHER SCIENTIFIC INC.
CRBN,iShares MSCI ACWI Low Carbon Target ETF,31/07/18,United States — 53.5%,Tiffany & Co.,"1,800","2,47,608",,,tiffany and,TIFFA,TIFFANY & CO.
CRBN,iShares MSCI ACWI Low Carbon Target ETF,31/07/18,United States — 53.5%,TJX Companies Inc. (The),"8,100","7,87,806",,,tjx companies the,TJX,TJX COMPANIES INC. (THE)
CRBN,iShares MSCI ACWI Low Carbon Target ETF,31/07/18,United States — 53.5%,Toll Brothers Inc.,"3,150","1,11,069",,,toll brothers,TOL,TOLL BROTHERS INC.
CRBN,iShares MSCI ACWI Low Carbon Target ETF,31/07/18,United States — 53.5%,Total System Services Inc.,"2,430","2,22,442",,,total system services,TOTAL,TOTAL SYSTEM SERVICES INC.
CRBN,iShares MSCI ACWI Low Carbon Target ETF,31/07/18,United States — 53.5%,Tractor Supply Co.,"1,260","98,330",,,tractor supply,TSCO,TRACTOR SUPPLY CO.
CRBN,iShares MSCI ACWI Low Carbon Target ETF,31/07/18,United States — 53.5%,TransDigm Group Inc.,720,"2,70,389",,,transdigm,TDG,TRANSDIGM GROUP INC.
CRBN,iShares MSCI ACWI Low Carbon Target ETF,31/07/18,United States — 53.5%,Travelers Companies Inc. (The),"3,690","4,80,217",,,travelers companies the,PA9.F,TRAVELERS COMPANIES INC. (THE)
CRBN,iShares MSCI ACWI Low Carbon Target ETF,31/07/18,United States — 53.5%,Trimble Inc.,"3,150","1,11,195",,,trimble,TRMB,TRIMBLE INC.
CRBN,iShares MSCI ACWI Low Carbon Target ETF,31/07/18,United States — 53.5%,TripAdvisor Inc.,"2,250","1,30,478",,,tripadvisor,TRIP,TRIPADVISOR INC.
CRBN,iShares MSCI ACWI Low Carbon Target ETF,31/07/18,United States — 53.5%,"Twenty-First Century Fox Inc., Class A, NVS","12,780","5,75,100",,,twenty first century fox,TWENT2,"TWENTY-FIRST CENTURY FOX INC., CLASS A, NVS"
CRBN,iShares MSCI ACWI Low Carbon Target ETF,31/07/18,United States — 53.5%,"Twenty-First Century Fox Inc., Class B","3,510","1,55,914",,,twenty first century fox,TWENT3,"TWENTY-FIRST CENTURY FOX INC., CLASS B"
CRBN,iShares MSCI ACWI Low Carbon Target ETF,31/07/18,United States — 53.5%,Twitter Inc.,"7,740","2,46,674",,,twitter,TWITT,TWITTER INC.
CRBN,iShares MSCI ACWI Low Carbon Target ETF,31/07/18,United States — 53.5%,U.S. Bancorp,"11,250","5,96,362",,,u s bancorp,USB,U.S. BANCORP
CRBN,iShares MSCI ACWI Low Carbon Target ETF,31/07/18,United States — 53.5%,UDR Inc.,"2,520","96,970",,,udr,UDR,UDR INC.
CRBN,iShares MSCI ACWI Low Carbon Target ETF,31/07/18,United States — 53.5%,Ulta Salon Cosmetics & Fragrance Inc.,810,"1,97,956",,,ulta salon cosmetics and fragrance,ULTAS,ULTA SALON COSMETICS & FRAGRANCE INC.
CRBN,iShares MSCI ACWI Low Carbon Target ETF,31/07/18,United States — 53.5%,Union Pacific Corp.,"9,450","14,16,460",,,union pacific,UNP,UNION PACIFIC CORP.
CRBN,iShares MSCI ACWI Low Carbon Target ETF,31/07/18,United States — 53.5%,"United Parcel Service Inc., Class B","6,300","7,55,307",,,united parcel service,UPS,"UNITED PARCEL SERVICE INC., CLASS B"
CRBN,iShares MSCI ACWI Low Carbon Target ETF,31/07/18,United States — 53.5%,United Rentals Inc.,"1,530","2,27,664",,,united rentals,URI,UNITED RENTALS INC.
CRBN,iShares MSCI ACWI Low Carbon Target ETF,31/07/18,United States — 53.5%,United Technologies Corp.,"10,260","13,92,692",,,united technologies,UNITE2,UNITED TECHNOLOGIES CORP.
CRBN,iShares MSCI ACWI Low Carbon Target ETF,31/07/18,United States — 53.5%,United Therapeutics Corp.,360,"44,248",,,united therapeutics,UTHR,UNITED THERAPEUTICS CORP.
CRBN,iShares MSCI ACWI Low Carbon Target ETF,31/07/18,United States — 53.5%,UnitedHealth Group Inc.,"10,800","27,34,776",,,unitedhealth,UNH,UNITEDHEALTH GROUP INC.
CRBN,iShares MSCI ACWI Low Carbon Target ETF,31/07/18,United States — 53.5%,Unum Group,"2,250","89,393",,,unum,UNM,UNUM GROUP
CRBN,iShares MSCI ACWI Low Carbon Target ETF,31/07/18,United States — 53.5%,Vail Resorts Inc.,630,"1,74,428",,,vail resorts,MTN,VAIL RESORTS INC.
CRBN,iShares MSCI ACWI Low Carbon Target ETF,31/07/18,United States — 53.5%,Valero Energy Corp.,"15,660","18,53,361",,,valero energy,VLO,VALERO ENERGY CORP.
CRBN,iShares MSCI ACWI Low Carbon Target ETF,31/07/18,United States — 53.5%,Varian Medical Systems Inc.,900,"1,03,905",,,varian medical systems,VARIA,VARIAN MEDICAL SYSTEMS INC.
CRBN,iShares MSCI ACWI Low Carbon Target ETF,31/07/18,United States — 53.5%,"Veeva Systems Inc., Class A","1,530","1,15,714",,,veeva systems,VEEV,"VEEVA SYSTEMS INC., CLASS A"
CRBN,iShares MSCI ACWI Low Carbon Target ETF,31/07/18,United States — 53.5%,Ventas Inc.,"2,430","1,37,003",,,ventas,VTR,VENTAS INC.
CRBN,iShares MSCI ACWI Low Carbon Target ETF,31/07/18,United States — 53.5%,VEREIT Inc.,"13,050","99,572",,,vereit,VEREI,VEREIT INC.
CRBN,iShares MSCI ACWI Low Carbon Target ETF,31/07/18,United States — 53.5%,Verisk Analytics Inc.,"4,050","4,48,011",,,verisk analytics,VRSK,VERISK ANALYTICS INC.
CRBN,iShares MSCI ACWI Low Carbon Target ETF,31/07/18,United States — 53.5%,Verizon Communications Inc.,"46,800","24,16,752",,,verizon communications,VZ,VERIZON COMMUNICATIONS INC.
CRBN,iShares MSCI ACWI Low Carbon Target ETF,31/07/18,United States — 53.5%,Vertex Pharmaceuticals Inc.,"2,790","4,88,389",,,vertex pharmaceuticals,VRTX,VERTEX PHARMACEUTICALS INC.
CRBN,iShares MSCI ACWI Low Carbon Target ETF,31/07/18,United States — 53.5%,VF Corp.,"4,770","4,39,174",,,vf,VFC,VF CORP.
CRBN,iShares MSCI ACWI Low Carbon Target ETF,31/07/18,United States — 53.5%,"Viacom Inc., Class B, NVS","1,620","47,061",,,viacom,VIACO2,"VIACOM INC., CLASS B, NVS"
CRBN,iShares MSCI ACWI Low Carbon Target ETF,31/07/18,United States — 53.5%,"Visa Inc., Class A","20,449","27,96,196",,,visa,V,"VISA INC., CLASS A"
CRBN,iShares MSCI ACWI Low Carbon Target ETF,31/07/18,United States — 53.5%,"VMware Inc., Class A","1,350","1,95,197",,,vmware,VMWAR3,"VMWARE INC., CLASS A"
CRBN,iShares MSCI ACWI Low Carbon Target ETF,31/07/18,United States — 53.5%,Voya Financial Inc.,"3,960","2,00,059",,,voya financial,VOYA,VOYA FINANCIAL INC.
CRBN,iShares MSCI ACWI Low Carbon Target ETF,31/07/18,United States — 53.5%,Vulcan Materials Co.,"2,610","2,92,320",,,vulcan materials,VMC,VULCAN MATERIALS CO.
CRBN,iShares MSCI ACWI Low Carbon Target ETF,31/07/18,United States — 53.5%,WABCO Holdings Inc.,450,"56,556",,,wabco,WABCO,WABCO HOLDINGS INC.
CRBN,iShares MSCI ACWI Low Carbon Target ETF,31/07/18,United States — 53.5%,Wabtec Corp./DE,810,"89,359",,,wabtec de,WABTE,WABTEC CORP./DE
CRBN,iShares MSCI ACWI Low Carbon Target ETF,31/07/18,United States — 53.5%,Walmart Inc.,"17,010","15,17,802",,,walmart,WMT,WALMART INC.
CRBN,iShares MSCI ACWI Low Carbon Target ETF,31/07/18,United States — 53.5%,Walgreens Boots Alliance Inc.,"12,150","8,21,583",,,walgreens boots alliance,WALGR,WALGREENS BOOTS ALLIANCE INC.
CRBN,iShares MSCI ACWI Low Carbon Target ETF,31/07/18,United States — 53.5%,Walt Disney Co. (The),"18,270","20,74,741",,,walt disney the,DIS,WALT DISNEY CO. (THE)
CRBN,iShares MSCI ACWI Low Carbon Target ETF,31/07/18,United States — 53.5%,Waters Corp.,900,"1,77,543",,,waters,WAT,WATERS CORP.
CRBN,iShares MSCI ACWI Low Carbon Target ETF,31/07/18,United States — 53.5%,Wells Fargo & Co.,"53,550","30,67,879",,,wells fargo and,NWT.F,WELLS FARGO & CO.
CRBN,iShares MSCI ACWI Low Carbon Target ETF,31/07/18,United States — 53.5%,Welltower Inc.,"5,850","3,66,210",,,welltower,WELL,WELLTOWER INC.
CRBN,iShares MSCI ACWI Low Carbon Target ETF,31/07/18,United States — 53.5%,Western Digital Corp.,"3,510","2,46,227",,,western digital,WDC,WESTERN DIGITAL CORP.
CRBN,iShares MSCI ACWI Low Carbon Target ETF,31/07/18,United States — 53.5%,Western Union Co. (The),"6,300","1,27,008",,,western union the,WU,WESTERN UNION CO. (THE)
CRBN,iShares MSCI ACWI Low Carbon Target ETF,31/07/18,United States — 53.5%,Weyerhaeuser Co.,"12,510","4,27,592",,,weyerhaeuser,WHC.F,WEYERHAEUSER CO.
CRBN,iShares MSCI ACWI Low Carbon Target ETF,31/07/18,United States — 53.5%,Whirlpool Corp.,450,"58,995",,,whirlpool,WHR,WHIRLPOOL CORP.
CRBN,iShares MSCI ACWI Low Carbon Target ETF,31/07/18,United States — 53.5%,Willis Towers Watson PLC,"1,350","2,15,217",,,willis towers watson,WTW,WILLIS TOWERS WATSON PLC
CRBN,iShares MSCI ACWI Low Carbon Target ETF,31/07/18,United States — 53.5%,"Workday Inc., Class A","1,620","2,00,912",,,workday,WDAY,"WORKDAY INC., CLASS A"
CRBN,iShares MSCI ACWI Low Carbon Target ETF,31/07/18,United States — 53.5%,"Worldpay Inc., Class A","3,376","2,77,473",,,worldpay,WORLD2,"WORLDPAY INC., CLASS A"
CRBN,iShares MSCI ACWI Low Carbon Target ETF,31/07/18,United States — 53.5%,WW Grainger Inc.,720,"2,49,523",,,ww grainger,GWW,WW GRAINGER INC.
CRBN,iShares MSCI ACWI Low Carbon Target ETF,31/07/18,United States — 53.5%,Wynn Resorts Ltd.,"1,440","2,40,163",,,wynn resorts,WYNN,WYNN RESORTS LTD.
CRBN,iShares MSCI ACWI Low Carbon Target ETF,31/07/18,United States — 53.5%,Xerox Corp.,"4,050","1,05,179",,,xerox,XRX,XEROX CORP.
CRBN,iShares MSCI ACWI Low Carbon Target ETF,31/07/18,United States — 53.5%,Xilinx Inc.,"4,230","3,04,856",,,xilinx,XILIN,XILINX INC.
CRBN,iShares MSCI ACWI Low Carbon Target ETF,31/07/18,United States — 53.5%,XL Group Ltd,"3,150","1,77,125",,,xl,XLGRO2,XL GROUP LTD
CRBN,iShares MSCI ACWI Low Carbon Target ETF,31/07/18,United States — 53.5%,Xylem Inc./NY,"6,570","5,02,999",,,xylem ny,XYLEM,XYLEM INC./NY
CRBN,iShares MSCI ACWI Low Carbon Target ETF,31/07/18,United States — 53.5%,Zayo Group Holdings Inc.,"1,710","63,424",,,zayo,ZAYOG,ZAYO GROUP HOLDINGS INC.
CRBN,iShares MSCI ACWI Low Carbon Target ETF,31/07/18,United States — 53.5%,"Zillow Group Inc., Class C, NVS (a)(b)","1,440","80,208",,,zillow a b,Z,"ZILLOW GROUP INC., CLASS C, NVS (A)(B)"
CRBN,iShares MSCI ACWI Low Carbon Target ETF,31/07/18,United States — 53.5%,Zimmer Biomet Holdings Inc.,"2,160","2,71,123",,,zimmer biomet,ZBH,ZIMMER BIOMET HOLDINGS INC.
CRBN,iShares MSCI ACWI Low Carbon Target ETF,31/07/18,United States — 53.5%,Zoetis Inc.,"6,660","5,75,957","28,56,97,623",528263624,zoetis,ZTS,ZOETIS INC.
CRBN,iShares MSCI ACWI Low Carbon Target ETF,31/07/18,BRAZIL — 0.3%,"Banco Bradesco SA, Preference Shares, NVS","64,593","5,24,942",,,banco bradesco preference shares,BANCO4,"BANCO BRADESCO SA, PREFERENCE SHARES, NVS"
CRBN,iShares MSCI ACWI Low Carbon Target ETF,31/07/18,BRAZIL — 0.3%,"Itau Unibanco Holding SA, Preference Shares, NVS","54,036","6,47,284",,,itau unibanco holding preference shares,BVXB.MU,"ITAU UNIBANCO HOLDING SA, PREFERENCE SHARES, NVS"
CRBN,iShares MSCI ACWI Low Carbon Target ETF,31/07/18,BRAZIL — 0.3%,"Lojas Americanas SA, Preference Shares, NVS","18,000","86,918",,,lojas americanas preference shares,LOJAS,"LOJAS AMERICANAS SA, PREFERENCE SHARES, NVS"
CRBN,iShares MSCI ACWI Low Carbon Target ETF,31/07/18,BRAZIL — 0.3%,"Telefonica Brasil SA, Preference Shares, NVS","9,000","98,370","13,57,514",,telefonica brasil preference shares,TSPA.MU,"TELEFONICA BRASIL SA, PREFERENCE SHARES, NVS"
CRBN,iShares MSCI ACWI Low Carbon Target ETF,31/07/18,CHILE — 0.0%,"Sociedad Quimica y Minera de Chile SA, Series B, Preference Shares","3,150","1,51,672","1,51,672",,sociedad quimica y minera de chile series b preference shares,QYM.SG,"SOCIEDAD QUIMICA Y MINERA DE CHILE SA, SERIES B, PREFERENCE SHARES"
CRBN,iShares MSCI ACWI Low Carbon Target ETF,31/07/18,COLOMBIA — 0.1%,"Bancolombia SA, Preference Shares, NVS","18,720","2,15,108",,,bancolombia preference shares,BANCO5,"BANCOLOMBIA SA, PREFERENCE SHARES, NVS"
CRBN,iShares MSCI ACWI Low Carbon Target ETF,31/07/18,COLOMBIA — 0.1%,"Grupo Aval Acciones y Valores SA, Preference Shares, NVS","4,14,810","1,64,387",,,grupo aval acciones y valores preference shares,6GAA.SG,"GRUPO AVAL ACCIONES Y VALORES SA, PREFERENCE SHARES, NVS"
CRBN,iShares MSCI ACWI Low Carbon Target ETF,31/07/18,COLOMBIA — 0.1%,"Grupo de Inversiones Suramericana SA, Preference Shares, NVS","23,220","2,79,514",,,grupo de inversiones suramericana preference shares,GRUPO7,"GRUPO DE INVERSIONES SURAMERICANA SA, PREFERENCE SHARES, NVS"
CRBN,iShares MSCI ACWI Low Carbon Target ETF,31/07/18,GERMANY — 0.2%,"Fuchs Petrolub SE, Preference Shares, NVS","1,440","81,346",,,fuchs petrolub se preference shares,FUCHS,"FUCHS PETROLUB SE, PREFERENCE SHARES, NVS"
CRBN,iShares MSCI ACWI Low Carbon Target ETF,31/07/18,GERMANY — 0.2%,"Henkel AG & Co. KGaA, Preference Shares, NVS","4,770","5,98,577",,,henkel and kgaa preference shares,HEN3.DE,"HENKEL AG & CO. KGAA, PREFERENCE SHARES, NVS"
CRBN,iShares MSCI ACWI Low Carbon Target ETF,31/07/18,GERMANY — 0.2%,"Volkswagen AG, Preference Shares, NVS","2,700","4,80,884","18,19,816",,volkswagen preference shares,VOLKS2,"VOLKSWAGEN AG, PREFERENCE SHARES, NVS"
CRBN,iShares MSCI ACWI Low Carbon Target ETF,31/07/18,ITALY — 0.1%,"Telecom Italia SpA/Milano, Preference Shares, NVS","3,14,370","2,09,662","2,09,662",,telecom italia milano preference shares,TITRM.XC,"TELECOM ITALIA SPA/MILANO, PREFERENCE SHARES, NVS"
CRBN,iShares MSCI ACWI Low Carbon Target ETF,31/07/18,SOUTH KOREA — 0.1%,"Hyundai Motor Co., Preference Shares, NVS","1,440","1,05,298",,,hyundai motor preference shares,HYUND8,"HYUNDAI MOTOR CO., PREFERENCE SHARES, NVS"
CRBN,iShares MSCI ACWI Low Carbon Target ETF,31/07/18,SOUTH KOREA — 0.1%,"Hyundai Motor Co., Series 2, Preference Shares, NVS","1,260","98,782",,,hyundai motor series 2 preference shares,HYUND9,"HYUNDAI MOTOR CO., SERIES 2, PREFERENCE SHARES, NVS"
CRBN,iShares MSCI ACWI Low Carbon Target ETF,31/07/18,SOUTH KOREA — 0.1%,"LG Household & Health Care Ltd., Preference Shares, NVS",90,"53,502",,,lg household and health care preference shares,LGHOU3,"LG HOUSEHOLD & HEALTH CARE LTD., PREFERENCE SHARES, NVS"
CRBN,iShares MSCI ACWI Low Carbon Target ETF,31/07/18,SOUTH KOREA — 0.1%,"Samsung Electronics Co. Ltd., Preference Shares, NVS","9,000","3,07,737","5,65,319","41,03,983",samsung electronics preference shares,SAMSU5,"SAMSUNG ELECTRONICS CO. LTD., PREFERENCE SHARES, NVS"
CRBN,iShares MSCI ACWI Low Carbon Target ETF,31/07/18,MONEY MARKET FUNDS — 1.6%,"BlackRock Cash Funds: Institutional, SL Agency Shares","81,69,873","81,72,324",,,blackrock cash funds institutional sl agency shares,BLACK2,"BLACKROCK CASH FUNDS: INSTITUTIONAL, SL AGENCY SHARES"
CRBN,iShares MSCI ACWI Low Carbon Target ETF,31/07/18,MONEY MARKET FUNDS — 1.6%,"BlackRock Cash Funds: Treasury, SL Agency Shares","2,47,119","2,47,119","84,19,443","84,19,443",blackrock cash funds treasury sl agency shares,BLACK3,"BLACKROCK CASH FUNDS: TREASURY, SL AGENCY SHARES"
DSI,iShares MSCI KLD 400 Social ETF,30/04/18,AEROSPACE & DEFENSE — 0.09%,Spirit AeroSystems Holdings Inc. Class A,"10,772","8,65,746",,,spirit aerosystems,SPR,SPIRIT AEROSYSTEMS HOLDINGS INC. CLASS A
DSI,iShares MSCI KLD 400 Social ETF,30/04/18,AEROSPACE & DEFENSE — 0.09%,"Wesco Aircraft Holdings Inc. a,b","4,652","46,985","9,12,731",,wesco aircraft a b,WESCO,"WESCO AIRCRAFT HOLDINGS INC. A,B"
DSI,iShares MSCI KLD 400 Social ETF,30/04/18,AIR FREIGHT & LOGISTICS — 0.92%,CH Robinson Worldwide Inc.,"12,949","11,91,696",,,ch robinson worldwide,CHRW,CH ROBINSON WORLDWIDE INC.
DSI,iShares MSCI KLD 400 Social ETF,30/04/18,AIR FREIGHT & LOGISTICS — 0.92%,"Echo Global Logistics Inc. a,b","2,244","61,261",,,echo global logistics a b,ECHOG2,"ECHO GLOBAL LOGISTICS INC. A,B"
DSI,iShares MSCI KLD 400 Social ETF,30/04/18,AIR FREIGHT & LOGISTICS — 0.92%,Expeditors International of Washington Inc.,"16,551","10,56,947",,,expeditors international of washington,EXPD,EXPEDITORS INTERNATIONAL OF WASHINGTON INC.
DSI,iShares MSCI KLD 400 Social ETF,30/04/18,AIR FREIGHT & LOGISTICS — 0.92%,United Parcel Service Inc. Class B,"63,971","72,60,709","95,70,613",,united parcel service,UPS,UNITED PARCEL SERVICE INC. CLASS B
DSI,iShares MSCI KLD 400 Social ETF,30/04/18,AIRLINES — 0.15%,Delta Air Lines Inc.,"16,611","8,67,426",,,delta air lines,DAL,DELTA AIR LINES INC.
DSI,iShares MSCI KLD 400 Social ETF,30/04/18,AIRLINES — 0.15%,Southwest Airlines Co.,"13,760","7,26,941","15,94,367",,southwest airlines,LUV,SOUTHWEST AIRLINES CO.
DSI,iShares MSCI KLD 400 Social ETF,30/04/18,AUTO COMPONENTS — 0.20%,Autoliv Inc.,"8,087","10,84,063",,,autoliv,ALV,AUTOLIV INC.
DSI,iShares MSCI KLD 400 Social ETF,30/04/18,AUTO COMPONENTS — 0.20%,BorgWarner Inc.,"19,647","9,61,524","20,45,587",,borgwarner,BWA,BORGWARNER INC.
DSI,iShares MSCI KLD 400 Social ETF,30/04/18,AUTOMOBILES — 0.42%,Harley-Davidson Inc.,"15,648","6,43,602",,,harley davidson,HOG,HARLEY-DAVIDSON INC.
DSI,iShares MSCI KLD 400 Social ETF,30/04/18,AUTOMOBILES — 0.42%,"Tesla Inc. a,b","12,516","36,78,453","43,22,055",,tesla a b,TESLA,"TESLA INC. A,B"
DSI,iShares MSCI KLD 400 Social ETF,30/04/18,BANKS — 2.18%,Bank of Hawaii Corp.,"3,954","3,32,966",,,bank of hawaii,BOH,BANK OF HAWAII CORP.
DSI,iShares MSCI KLD 400 Social ETF,30/04/18,BANKS — 2.18%,Cathay General Bancorp.,"7,146","2,85,911",,,cathay general bancorp,CATY,CATHAY GENERAL BANCORP.
DSI,iShares MSCI KLD 400 Social ETF,30/04/18,BANKS — 2.18%,CIT Group Inc.,"12,230","6,47,579",,,cit,PJ4A.SG,CIT GROUP INC.
DSI,iShares MSCI KLD 400 Social ETF,30/04/18,BANKS — 2.18%,Citizens Financial Group Inc.,"45,837","19,01,777",,,citizens financial,CFG,CITIZENS FINANCIAL GROUP INC.
DSI,iShares MSCI KLD 400 Social ETF,30/04/18,BANKS — 2.18%,Comerica Inc.,"16,207","15,32,858",,,comerica,CMA,COMERICA INC.
DSI,iShares MSCI KLD 400 Social ETF,30/04/18,BANKS — 2.18%,First Republic Bank/CA,"14,703","13,65,468",,,first republic bank ca,FIRST3,FIRST REPUBLIC BANK/CA
DSI,iShares MSCI KLD 400 Social ETF,30/04/18,BANKS — 2.18%,Heartland Financial USA Inc.,"2,413","1,29,457",,,heartland financial usa,HEART,HEARTLAND FINANCIAL USA INC.
DSI,iShares MSCI KLD 400 Social ETF,30/04/19,BANKS — 2.18%,International Bancshares Corp,"5,230","2,08,154",,,international bancshares,IBOC,INTERNATIONAL BANCSHARES CORP
DSI,iShares MSCI KLD 400 Social ETF,30/04/18,BANKS — 2.18%,KeyCorp,"1,00,199","19,95,964",,,keycorp,KEY,KEYCORP
DSI,iShares MSCI KLD 400 Social ETF,30/04/18,BANKS — 2.18%,M&T Bank Corp.,"12,624","23,00,977",,,m and t bank,MTB,M&T BANK CORP.
DSI,iShares MSCI KLD 400 Social ETF,30/04/18,BANKS — 2.18%,Old National Bancorp./IN,"12,618","2,17,030",,,old national bancorp in,OLDNA,OLD NATIONAL BANCORP./IN
DSI,iShares MSCI KLD 400 Social ETF,30/04/18,BANKS — 2.18%,People’s United Financial Inc.,"32,072","5,86,597",,,people s united financial,PEOPL,PEOPLE’S UNITED FINANCIAL INC.
DSI,iShares MSCI KLD 400 Social ETF,30/04/18,BANKS — 2.18%,PNC Financial Services Group Inc. (The) c,"44,303","64,50,960",,,pnc financial services the c,PNCFI2,PNC FINANCIAL SERVICES GROUP INC. (THE) C
DSI,iShares MSCI KLD 400 Social ETF,30/04/18,BANKS — 2.18%,Regions Financial Corp.,"1,08,074","20,20,984",,,regions financial,RF,REGIONS FINANCIAL CORP.
DSI,iShares MSCI KLD 400 Social ETF,30/04/18,BANKS — 2.18%,Signature Bank/New York NY a,"5,115","6,50,372",,,signature bank new york ny a,SIGNA,SIGNATURE BANK/NEW YORK NY A
DSI,iShares MSCI KLD 400 Social ETF,30/04/18,BANKS — 2.18%,SVB Financial Group a,"4,903","14,68,988",,,svb financial a,SVBFI2,SVB FINANCIAL GROUP A
DSI,iShares MSCI KLD 400 Social ETF,30/04/18,BANKS — 2.18%,Umpqua Holdings Corp.,"20,499","4,82,956","2,25,78,998",,umpqua,UMPQU,UMPQUA HOLDINGS CORP.
DSI,iShares MSCI KLD 400 Social ETF,30/04/18,BEVERAGES — 1.77%,Coca-Cola Co. (The),"3,76,876","1,62,84,812",,,coca cola the,KO,COCA-COLA CO. (THE)
DSI,iShares MSCI KLD 400 Social ETF,30/04/18,BEVERAGES — 1.77%,Dr Pepper Snapple Group Inc.,"16,817","20,17,367","1,83,02,179",,dr pepper snapple,DRPEP,DR PEPPER SNAPPLE GROUP INC.
DSI,iShares MSCI KLD 400 Social ETF,30/04/18,BIOTECHNOLOGY — 4.93%,AbbVie Inc.,"1,48,641","1,43,51,289",,,abbvie,ABBV,ABBVIE INC.
DSI,iShares MSCI KLD 400 Social ETF,30/04/18,BIOTECHNOLOGY — 4.93%,Amgen Inc.,"62,738","1,09,46,526",,,amgen,AMGN,AMGEN INC.
DSI,iShares MSCI KLD 400 Social ETF,30/04/18,BIOTECHNOLOGY — 4.93%,Biogen Inc. a,"19,688","53,86,637",,,biogen a,BIOGE,BIOGEN INC. A
DSI,iShares MSCI KLD 400 Social ETF,30/04/18,BIOTECHNOLOGY — 4.93%,BioMarin Pharmaceutical Inc. a,"16,317","13,62,633",,,biomarin pharmaceutical a,BIOMA,BIOMARIN PHARMACEUTICAL INC. A
DSI,iShares MSCI KLD 400 Social ETF,30/04/18,BIOTECHNOLOGY — 4.93%,Celgene Corp. a,"73,304","63,84,778",,,celgene a,CELGE2,CELGENE CORP. A
DSI,iShares MSCI KLD 400 Social ETF,30/04/18,BIOTECHNOLOGY — 4.93%,Gilead Sciences Inc.,"1,21,624","87,84,901",,,gilead sciences,GILD,GILEAD SCIENCES INC.
DSI,iShares MSCI KLD 400 Social ETF,30/04/18,BIOTECHNOLOGY — 4.93%,"TESARO Inc. a,b","3,534","1,79,916",,,tesaro a b,TESAR2,"TESARO INC. A,B"
DSI,iShares MSCI KLD 400 Social ETF,30/04/18,BIOTECHNOLOGY — 4.93%,Vertex Pharmaceuticals Inc. a,"23,551","36,07,071","5,10,03,751",,vertex pharmaceuticals a,VERTE,VERTEX PHARMACEUTICALS INC. A
DSI,iShares MSCI KLD 400 Social ETF,30/04/18,BUILDING PRODUCTS — 0.76%,Allegion PLC,"8,844","6,82,580",,,allegion,ALLE,ALLEGION PLC
DSI,iShares MSCI KLD 400 Social ETF,30/04/18,BUILDING PRODUCTS — 0.76%,AO Smith Corp.,"13,635","8,36,507",,,ao smith,AOSMI,AO SMITH CORP.
DSI,iShares MSCI KLD 400 Social ETF,30/04/18,BUILDING PRODUCTS — 0.76%,Builders FirstSource Inc. a,"10,278","1,87,368",,,builders firstsource a,BUILD2,BUILDERS FIRSTSOURCE INC. A
DSI,iShares MSCI KLD 400 Social ETF,30/04/19,BUILDING PRODUCTS — 0.76%,Fortune Brands Home & Security Inc.,"14,143","7,73,481",,,fortune brands home and security,2FB.SG,FORTUNE BRANDS HOME & SECURITY INC.
DSI,iShares MSCI KLD 400 Social ETF,30/04/18,BUILDING PRODUCTS — 0.76%,Johnson Controls International PLC,"86,165","29,18,408",,,johnson controls international,JCI,JOHNSON CONTROLS INTERNATIONAL PLC
DSI,iShares MSCI KLD 400 Social ETF,30/04/18,BUILDING PRODUCTS — 0.76%,Lennox International Inc.,"3,488","6,74,475",,,lennox international,LII,LENNOX INTERNATIONAL INC.
DSI,iShares MSCI KLD 400 Social ETF,30/04/18,BUILDING PRODUCTS — 0.76%,Masco Corp.,"29,310","11,09,970",,,masco,MAS,MASCO CORP.
DSI,iShares MSCI KLD 400 Social ETF,30/04/18,BUILDING PRODUCTS — 0.76%,Owens Corning,"10,351","6,77,887","78,60,676",,owens corning,OC,OWENS CORNING
DSI,iShares MSCI KLD 400 Social ETF,30/04/18,CAPITAL MARKETS — 4.26%,Ameriprise Financial Inc.,"13,779","19,31,954",,,ameriprise financial,AMP,AMERIPRISE FINANCIAL INC.
DSI,iShares MSCI KLD 400 Social ETF,30/04/18,CAPITAL MARKETS — 4.26%,Bank of New York Mellon Corp. (The),"95,348","51,97,419",,,bank of new york mellon the,BANKO,BANK OF NEW YORK MELLON CORP. (THE)
DSI,iShares MSCI KLD 400 Social ETF,30/04/18,CAPITAL MARKETS — 4.26%,BlackRock Inc. c,"11,196","58,38,714",,,blackrock c,BLACK4,BLACKROCK INC. C
DSI,iShares MSCI KLD 400 Social ETF,30/04/18,CAPITAL MARKETS — 4.26%,Charles Schwab Corp. (The),"1,12,336","62,54,869",,,charles schwab the,SCHW,CHARLES SCHWAB CORP. (THE)
DSI,iShares MSCI KLD 400 Social ETF,30/04/18,CAPITAL MARKETS — 4.26%,CME Group Inc.,"31,683","49,95,775",,,cme,CME,CME GROUP INC.
DSI,iShares MSCI KLD 400 Social ETF,30/04/18,CAPITAL MARKETS — 4.26%,FactSet Research Systems Inc.,"3,649","6,90,062",,,factset research systems,FDS,FACTSET RESEARCH SYSTEMS INC.
DSI,iShares MSCI KLD 400 Social ETF,30/04/18,CAPITAL MARKETS — 4.26%,Franklin Resources Inc.,"30,872","10,38,534",,,franklin resources,BEN,FRANKLIN RESOURCES INC.
DSI,iShares MSCI KLD 400 Social ETF,30/04/18,CAPITAL MARKETS — 4.26%,Invesco Ltd.,"37,885","10,97,528",,,invesco,IVZ,INVESCO LTD.
DSI,iShares MSCI KLD 400 Social ETF,30/04/18,CAPITAL MARKETS — 4.26%,Legg Mason Inc.,"8,017","3,18,275",,,legg mason,LEGGM,LEGG MASON INC.
DSI,iShares MSCI KLD 400 Social ETF,30/04/18,CAPITAL MARKETS — 4.26%,Moody’s Corp.,"15,988","25,93,254",,,moody s,DUT.SG,MOODY’S CORP.
DSI,iShares MSCI KLD 400 Social ETF,30/04/18,CAPITAL MARKETS — 4.26%,Northern Trust Corp.,"20,106","21,46,316",,,northern trust,NTRS,NORTHERN TRUST CORP.
DSI,iShares MSCI KLD 400 Social ETF,30/04/18,CAPITAL MARKETS — 4.26%,S&P Global Inc.,"23,747","44,78,684",,,s and p global,SPGI,S&P GLOBAL INC.
DSI,iShares MSCI KLD 400 Social ETF,30/04/18,CAPITAL MARKETS — 4.26%,State Street Corp.,"34,532","34,45,603",,,state street,STT,STATE STREET CORP.
DSI,iShares MSCI KLD 400 Social ETF,30/04/18,CAPITAL MARKETS — 4.26%,T Rowe Price Group Inc.,"22,577","25,69,714",,,t rowe price,TROW,T ROWE PRICE GROUP INC.
DSI,iShares MSCI KLD 400 Social ETF,30/04/18,CAPITAL MARKETS — 4.26%,TD Ameritrade Holding Corp.,"26,409","15,34,099","4,41,30,800",,td ameritrade holding,TDAME,TD AMERITRADE HOLDING CORP.
DSI,iShares MSCI KLD 400 Social ETF,30/04/18,CHEMICALS — 1.95%,Air Products & Chemicals Inc.,"20,352","33,02,926",,,air products and chemicals,APD,AIR PRODUCTS & CHEMICALS INC.
DSI,iShares MSCI KLD 400 Social ETF,30/04/18,CHEMICALS — 1.95%,Albemarle Corp.,"10,287","9,97,428",,,albemarle,ALB,ALBEMARLE CORP.
DSI,iShares MSCI KLD 400 Social ETF,30/04/18,CHEMICALS — 1.95%,Axalta Coating Systems Ltd. a,"20,378","6,29,680",,,axalta coating systems a,0U6C.L,AXALTA COATING SYSTEMS LTD. A
DSI,iShares MSCI KLD 400 Social ETF,30/04/18,CHEMICALS — 1.95%,Ecolab Inc.,"24,208","35,04,592",,,ecolab,ECL,ECOLAB INC.
DSI,iShares MSCI KLD 400 Social ETF,30/04/18,CHEMICALS — 1.95%,HB Fuller Co.,"4,701","2,32,558",,,hb fuller,FUL,HB FULLER CO.
DSI,iShares MSCI KLD 400 Social ETF,30/04/18,CHEMICALS — 1.95%,International Flavors & Fragrances Inc.,"7,354","10,38,826",,,international flavors and fragrances,IFF,INTERNATIONAL FLAVORS & FRAGRANCES INC.
DSI,iShares MSCI KLD 400 Social ETF,30/04/18,CHEMICALS — 1.95%,Minerals Technologies Inc.,"3,279","2,26,415",,,minerals technologies,MTX,MINERALS TECHNOLOGIES INC.
DSI,iShares MSCI KLD 400 Social ETF,30/04/18,CHEMICALS — 1.95%,Mosaic Co. (The),"31,045","8,36,663",,,mosaic the,MOS,MOSAIC CO. (THE)
DSI,iShares MSCI KLD 400 Social ETF,30/04/18,CHEMICALS — 1.95%,PPG Industries Inc.,"23,705","25,09,885",,,ppg industries,PPG,PPG INDUSTRIES INC.
DSI,iShares MSCI KLD 400 Social ETF,30/04/18,CHEMICALS — 1.95%,Praxair Inc.,"26,655","40,65,421",,,praxair,PRAXA,PRAXAIR INC.
DSI,iShares MSCI KLD 400 Social ETF,30/04/18,CHEMICALS — 1.95%,Sherwin-Williams Co. (The),"7,835","28,80,616","2,02,25,010",,sherwin williams the,SHW,SHERWIN-WILLIAMS CO. (THE)
DSI,iShares MSCI KLD 400 Social ETF,30/04/18,COMMERCIAL SERVICES & SUPPLIES — 0.22% ,ACCO Brands Corp.,"10,039","1,20,970",,,acco brands,A3B.F,ACCO BRANDS CORP.
DSI,iShares MSCI KLD 400 Social ETF,30/04/18,COMMERCIAL SERVICES & SUPPLIES — 0.22%,"Copart Inc. a,b","19,302","9,85,946",,,copart a b,COPAR2,"COPART INC. A,B"
DSI,iShares MSCI KLD 400 Social ETF,30/04/18,COMMERCIAL SERVICES & SUPPLIES — 0.22%,Deluxe Corp.,"4,498","3,08,293",,,deluxe,DLX,DELUXE CORP.
DSI,iShares MSCI KLD 400 Social ETF,30/04/18,COMMERCIAL SERVICES & SUPPLIES — 0.22%,Essendant Inc.,"3,752","27,915",,,essendant,ESSEN,ESSENDANT INC.
DSI,iShares MSCI KLD 400 Social ETF,30/04/18,COMMERCIAL SERVICES & SUPPLIES — 0.22%,HNI Corp.,"4,097","1,36,799",,,hni,HNI,HNI CORP.
DSI,iShares MSCI KLD 400 Social ETF,30/04/18,COMMERCIAL SERVICES & SUPPLIES — 0.22%,Interface Inc.,"5,411","1,19,042",,,interface,TILE,INTERFACE INC.
DSI,iShares MSCI KLD 400 Social ETF,30/04/18,COMMERCIAL SERVICES & SUPPLIES — 0.22%,Knoll Inc.,"4,472","85,281",,,knoll,KNOLL,KNOLL INC.
DSI,iShares MSCI KLD 400 Social ETF,30/04/18,COMMERCIAL SERVICES & SUPPLIES — 0.22%,RR Donnelley & Sons Co.,"6,123","51,739",,,rr donnelley and sons,RRDON,RR DONNELLEY & SONS CO.
DSI,iShares MSCI KLD 400 Social ETF,30/04/18,COMMERCIAL SERVICES & SUPPLIES — 0.22%,Steelcase Inc. Class A,"8,154","1,08,040",,,steelcase,SCS,STEELCASE INC. CLASS A
DSI,iShares MSCI KLD 400 Social ETF,30/04/18,COMMERCIAL SERVICES & SUPPLIES — 0.22%,"Team Inc. a,b","2,807","47,579",,,team a b,TEAMI,"TEAM INC. A,B"
DSI,iShares MSCI KLD 400 Social ETF,30/04/18,COMMERCIAL SERVICES & SUPPLIES — 0.22%,Tetra Tech Inc.,"5,229","2,53,084","22,44,688",,tetra tech,TTEK,TETRA TECH INC.
DSI,iShares MSCI KLD 400 Social ETF,30/04/18,COMMUNICATIONS EQUIPMENT — 2.31%,Cisco Systems Inc.,"4,60,307","2,03,86,997",,,cisco systems,CSCO,CISCO SYSTEMS INC.
DSI,iShares MSCI KLD 400 Social ETF,30/04/18,COMMUNICATIONS EQUIPMENT — 2.31%,CommScope Holding Co. Inc. a,"17,701","6,76,532",,,commscope holding a,COMMS,COMMSCOPE HOLDING CO. INC. A
DSI,iShares MSCI KLD 400 Social ETF,30/04/18,COMMUNICATIONS EQUIPMENT — 2.31%,F5 Networks Inc. a,"5,837","9,51,956",,,f5 networks a,FNETW,F5 NETWORKS INC. A
DSI,iShares MSCI KLD 400 Social ETF,30/04/18,COMMUNICATIONS EQUIPMENT — 2.31%,Motorola Solutions Inc.,"15,043","16,52,173",,,motorola solutions,MSI,MOTOROLA SOLUTIONS INC.
DSI,iShares MSCI KLD 400 Social ETF,30/04/18,COMMUNICATIONS EQUIPMENT — 2.31%,Plantronics Inc.,"3,131","2,03,985","2,38,71,643",,plantronics,PLANT,PLANTRONICS INC.
DSI,iShares MSCI KLD 400 Social ETF,30/04/18,CONSTRUCTION & ENGINEERING — 0.10% ,EMCOR Group Inc.,"5,508","4,05,334",,,emcor,EME,EMCOR GROUP INC.
DSI,iShares MSCI KLD 400 Social ETF,30/04/18,CONSTRUCTION & ENGINEERING — 0.10%,Granite Construction Inc.,"3,705","1,94,068",,,granite construction,GVA,GRANITE CONSTRUCTION INC.
DSI,iShares MSCI KLD 400 Social ETF,30/04/18,CONSTRUCTION & ENGINEERING — 0.10%,Quanta Services Inc. a,"14,502","4,71,315","10,70,717",,quanta services a,QUANT,QUANTA SERVICES INC. A
DSI,iShares MSCI KLD 400 Social ETF,30/04/18,CONSUMER FINANCE — 0.76%,Ally Financial Inc.,"41,196","10,75,216",,,ally financial,ALLY,ALLY FINANCIAL INC.
DSI,iShares MSCI KLD 400 Social ETF,30/04/18,CONSUMER FINANCE — 0.76%,American Express Co.,"68,700","67,84,125","78,59,341",,american express,AXP,AMERICAN EXPRESS CO.
DSI,iShares MSCI KLD 400 Social ETF,30/04/18,CONTAINERS & PACKAGING — 0.45%,Avery Dennison Corp.,"8,228","8,62,377",,,avery dennison,AVY,AVERY DENNISON CORP.
DSI,iShares MSCI KLD 400 Social ETF,30/04/18,CONTAINERS & PACKAGING — 0.45%,Ball Corp.,"30,843","12,36,496",,,ball,BALL,BALL CORP.
DSI,iShares MSCI KLD 400 Social ETF,30/04/18,CONTAINERS & PACKAGING — 0.45%,Sealed Air Corp.,"16,811","7,37,162",,,sealed air,SEE,SEALED AIR CORP.
DSI,iShares MSCI KLD 400 Social ETF,30/04/18,CONTAINERS & PACKAGING — 0.45%,Sonoco Products Co.,"9,255","4,75,337",,,sonoco products,SON,SONOCO PRODUCTS CO.
DSI,iShares MSCI KLD 400 Social ETF,30/04/18,CONTAINERS & PACKAGING — 0.45%,WestRock Co.,"23,643","13,98,720","47,10,092",,westrock,WEST,WESTROCK CO.
DSI,iShares MSCI KLD 400 Social ETF,30/04/18,DISTRIBUTORS — 0.14%,LKQ Corp. a,"28,750","8,91,825",,,lkq a,LKQCO,LKQ CORP. A
DSI,iShares MSCI KLD 400 Social ETF,30/04/18,DISTRIBUTORS — 0.14%,Pool Corp.,"3,746","5,19,982","14,11,807",,pool,POOL,POOL CORP.
DSI,iShares MSCI KLD 400 Social ETF,30/04/18,DIVERSIFIED FINANCIAL SERVICES — 0.08%,Voya Financial Inc.,"16,726","8,75,606","8,75,606",,voya financial,VOYA,VOYA FINANCIAL INC.
DSI,iShares MSCI KLD 400 Social ETF,30/04/18,DIVERSIFIED TELECOMMUNICATION SERVICES — 2.00% ,CenturyLink Inc.,"89,902","16,70,379",,,centurylink,CENTU,CENTURYLINK INC.
DSI,iShares MSCI KLD 400 Social ETF,30/04/18,DIVERSIFIED TELECOMMUNICATION SERVICES — 2.00% ,Cincinnati Bell Inc. a,"3,375","51,131",,,cincinnati bell a,CINCI,CINCINNATI BELL INC. A
DSI,iShares MSCI KLD 400 Social ETF,30/04/18,DIVERSIFIED TELECOMMUNICATION SERVICES — 2.00% ,Verizon Communications Inc.,"3,84,073","1,89,54,003","2,06,75,513",,verizon communications,VZ,VERIZON COMMUNICATIONS INC.
DSI,iShares MSCI KLD 400 Social ETF,30/04/18,ELECTRIC UTILITIES — 0.26%,Alliant Energy Corp.,"21,511","9,23,897",,,alliant energy,AY1.SG,ALLIANT ENERGY CORP.
DSI,iShares MSCI KLD 400 Social ETF,30/04/18,ELECTRIC UTILITIES — 0.26%,Eversource Energy,"29,522","17,78,701","27,02,598",,eversource energy,ES,EVERSOURCE ENERGY
DSI,iShares MSCI KLD 400 Social ETF,30/04/18,ELECTRICAL EQUIPMENT — 0.61%,Acuity Brands Inc.,"3,923","4,69,858",,,acuity brands,AQ8.SG,ACUITY BRANDS INC.
DSI,iShares MSCI KLD 400 Social ETF,30/04/18,ELECTRICAL EQUIPMENT — 0.61%,Eaton Corp. PLC,"41,021","30,77,806",,,eaton,ETN,EATON CORP. PLC
DSI,iShares MSCI KLD 400 Social ETF,30/04/18,ELECTRICAL EQUIPMENT — 0.61%,Rockwell Automation Inc.,"11,961","19,67,943",,,rockwell automation,ROK,ROCKWELL AUTOMATION INC.
DSI,iShares MSCI KLD 400 Social ETF,30/04/18,ELECTRICAL EQUIPMENT — 0.61%,Sensata Technologies Holding PLC a,"15,946","8,08,781","63,24,388",,sensata technologies holding a,SENSA2,SENSATA TECHNOLOGIES HOLDING PLC A
DSI,iShares MSCI KLD 400 Social ETF,30/04/18,"ELECTRONIC EQUIPMENT, INSTRUMENTS & COMPONENTS  — 0.73%",Cognex Corp.,"16,114","7,45,273",,,cognex,CGNX,COGNEX CORP.
DSI,iShares MSCI KLD 400 Social ETF,30/04/18,"ELECTRONIC EQUIPMENT, INSTRUMENTS & COMPONENTS  — 0.73%",Corning Inc.,"80,975","21,87,945",,,corning,GLW,CORNING INC.
DSI,iShares MSCI KLD 400 Social ETF,30/04/18,"ELECTRONIC EQUIPMENT, INSTRUMENTS & COMPONENTS  — 0.73%",Flex Ltd. a,"48,967","6,36,571",,,flex a,FLEXL,FLEX LTD. A
DSI,iShares MSCI KLD 400 Social ETF,30/04/18,"ELECTRONIC EQUIPMENT, INSTRUMENTS & COMPONENTS  — 0.73%",Itron Inc. a,"3,238","2,11,765",,,itron a,ITRON,ITRON INC. A
DSI,iShares MSCI KLD 400 Social ETF,30/04/18,"ELECTRONIC EQUIPMENT, INSTRUMENTS & COMPONENTS  — 0.73%",TE Connectivity Ltd.,"32,738","30,03,711",,,te connectivity,TEL,TE CONNECTIVITY LTD.
DSI,iShares MSCI KLD 400 Social ETF,30/04/18,"ELECTRONIC EQUIPMENT, INSTRUMENTS & COMPONENTS  — 0.73%",Trimble Inc. a,"23,570","8,15,522","76,00,787",,trimble a,TRIMB,TRIMBLE INC. A
DSI,iShares MSCI KLD 400 Social ETF,30/04/18,ENERGY EQUIPMENT & SERVICES — 1.30%,Baker Hughes a GE Co.,"37,851","13,66,800",,,baker hughes a ge,0RR8.L,BAKER HUGHES A GE CO.
DSI,iShares MSCI KLD 400 Social ETF,30/04/18,ENERGY EQUIPMENT & SERVICES — 1.30%,Core Laboratories NV,"4,104","5,02,535",,,core laboratories,CLB,CORE LABORATORIES NV
DSI,iShares MSCI KLD 400 Social ETF,30/04/18,ENERGY EQUIPMENT & SERVICES — 1.30%,National Oilwell Varco Inc.,"35,383","13,68,260",,,national oilwell varco,NATIO2,NATIONAL OILWELL VARCO INC.
DSI,iShares MSCI KLD 400 Social ETF,30/04/18,ENERGY EQUIPMENT & SERVICES — 1.30%,Schlumberger Ltd.,"1,28,980","88,42,869",,,schlumberger,SLB,SCHLUMBERGER LTD.
DSI,iShares MSCI KLD 400 Social ETF,30/04/18,ENERGY EQUIPMENT & SERVICES — 1.30%,TechnipFMC PLC,"41,323","13,62,006","1,34,42,470",,technipfmc,FTI,TECHNIPFMC PLC
DSI,iShares MSCI KLD 400 Social ETF,30/04/18,EQUITY REAL ESTATE INVESTMENT TRUSTS (REITS) — 3.63%,American Tower Corp.,"39,929","54,44,718",,,american tower,AMTG.VI,AMERICAN TOWER CORP.
DSI,iShares MSCI KLD 400 Social ETF,30/04/18,EQUITY REAL ESTATE INVESTMENT TRUSTS (REITS) — 3.63%,AvalonBay Communities Inc.,"12,835","20,92,105",,,avalonbay communities,AVB,AVALONBAY COMMUNITIES INC.
DSI,iShares MSCI KLD 400 Social ETF,30/04/18,EQUITY REAL ESTATE INVESTMENT TRUSTS (REITS) — 3.63%,Boston Properties Inc.,"14,372","17,44,905",,,boston properties,0HOX.L,BOSTON PROPERTIES INC.
DSI,iShares MSCI KLD 400 Social ETF,30/04/18,EQUITY REAL ESTATE INVESTMENT TRUSTS (REITS) — 3.63%,Corporate Office Properties Trust,"10,032","2,75,980",,,corporate office properties trust,CORPO,CORPORATE OFFICE PROPERTIES TRUST
DSI,iShares MSCI KLD 400 Social ETF,30/04/18,EQUITY REAL ESTATE INVESTMENT TRUSTS (REITS) — 3.63%,Digital Realty Trust Inc.,"19,108","20,19,525",,,digital realty trust,DLR,DIGITAL REALTY TRUST INC.
DSI,iShares MSCI KLD 400 Social ETF,30/04/18,EQUITY REAL ESTATE INVESTMENT TRUSTS (REITS) — 3.63%,Duke Realty Corp.,"33,117","8,97,471",,,duke realty,DUKER,DUKE REALTY CORP.
DSI,iShares MSCI KLD 400 Social ETF,30/04/18,EQUITY REAL ESTATE INVESTMENT TRUSTS (REITS) — 3.63%,Equinix Inc.,"7,295","30,69,663",,,equinix,EQIX,EQUINIX INC.
DSI,iShares MSCI KLD 400 Social ETF,30/04/18,EQUITY REAL ESTATE INVESTMENT TRUSTS (REITS) — 3.63%,Equity Residential,"34,220","21,11,716",,,equity residential,EQR,EQUITY RESIDENTIAL
DSI,iShares MSCI KLD 400 Social ETF,30/04/18,EQUITY REAL ESTATE INVESTMENT TRUSTS (REITS) — 3.63%,Federal Realty Investment Trust,"6,726","7,79,207",,,federal realty investment trust,FRT,FEDERAL REALTY INVESTMENT TRUST
DSI,iShares MSCI KLD 400 Social ETF,30/04/18,EQUITY REAL ESTATE INVESTMENT TRUSTS (REITS) — 3.63%,Forest City Realty Trust Inc. Class A,"19,866","3,98,512",,,forest city realty trust,FORES,FOREST CITY REALTY TRUST INC. CLASS A
DSI,iShares MSCI KLD 400 Social ETF,30/04/18,EQUITY REAL ESTATE INVESTMENT TRUSTS (REITS) — 3.63%,HCP Inc.,"43,659","10,19,874",,,hcp,HCPIN,HCP INC.
DSI,iShares MSCI KLD 400 Social ETF,30/04/18,EQUITY REAL ESTATE INVESTMENT TRUSTS (REITS) — 3.63%,Host Hotels & Resorts Inc.,"68,900","13,47,684",,,host hotels and resorts,HST,HOST HOTELS & RESORTS INC.
DSI,iShares MSCI KLD 400 Social ETF,30/04/18,EQUITY REAL ESTATE INVESTMENT TRUSTS (REITS) — 3.63%,Iron Mountain Inc. b,"24,974","8,47,618",,,iron mountain b,IRONM,IRON MOUNTAIN INC. B
DSI,iShares MSCI KLD 400 Social ETF,30/04/18,EQUITY REAL ESTATE INVESTMENT TRUSTS (REITS) — 3.63%,Liberty Property Trust,"13,714","5,73,520",,,liberty property trust,LIBER7,LIBERTY PROPERTY TRUST
DSI,iShares MSCI KLD 400 Social ETF,30/04/18,EQUITY REAL ESTATE INVESTMENT TRUSTS (REITS) — 3.63%,Macerich Co. (The),"11,190","6,44,768",,,macerich the,MAC,MACERICH CO. (THE)
DSI,iShares MSCI KLD 400 Social ETF,30/04/18,EQUITY REAL ESTATE INVESTMENT TRUSTS (REITS) — 3.63%,PotlatchDeltic Corp. b,"5,525","2,86,471",,,potlatchdeltic b,POTLA,POTLATCHDELTIC CORP. B
DSI,iShares MSCI KLD 400 Social ETF,30/04/18,EQUITY REAL ESTATE INVESTMENT TRUSTS (REITS) — 3.63%,Prologis Inc.,"49,487","32,12,201",,,prologis,PLD,PROLOGIS INC.
DSI,iShares MSCI KLD 400 Social ETF,30/04/18,EQUITY REAL ESTATE INVESTMENT TRUSTS (REITS) — 3.63%,SBA Communications Corp. a,"10,953","17,54,999",,,sba communications a,SBACO,SBA COMMUNICATIONS CORP. A
DSI,iShares MSCI KLD 400 Social ETF,30/04/18,EQUITY REAL ESTATE INVESTMENT TRUSTS (REITS) — 3.63%,Simon Property Group Inc. b,"28,942","45,24,792",,,simon property b,SIMON,SIMON PROPERTY GROUP INC. B
DSI,iShares MSCI KLD 400 Social ETF,30/04/18,EQUITY REAL ESTATE INVESTMENT TRUSTS (REITS) — 3.63%,UDR Inc.,"24,909","9,00,460",,,udr,UDR,UDR INC.
DSI,iShares MSCI KLD 400 Social ETF,30/04/18,EQUITY REAL ESTATE INVESTMENT TRUSTS (REITS) — 3.63%,Vornado Realty Trust,"15,875","10,79,976",,,vornado realty trust,VNO,VORNADO REALTY TRUST
DSI,iShares MSCI KLD 400 Social ETF,30/04/18,EQUITY REAL ESTATE INVESTMENT TRUSTS (REITS) — 3.63%,Weyerhaeuser Co.,"70,325","25,86,554","3,76,12,719",,weyerhaeuser,WHC.F,WEYERHAEUSER CO.
DSI,iShares MSCI KLD 400 Social ETF,30/04/18,FOOD & STAPLES RETAILING — 0.30%,Sysco Corp.,"46,126","28,84,720",,,sysco,SYY,SYSCO CORP.
DSI,iShares MSCI KLD 400 Social ETF,30/04/18,FOOD & STAPLES RETAILING — 0.30%,United Natural Foods Inc. a,"4,708","2,11,954","30,96,674",,united natural foods a,UNITE4,UNITED NATURAL FOODS INC. A
DSI,iShares MSCI KLD 400 Social ETF,30/04/18,FOOD PRODUCTS — 2.04%,Archer-Daniels-Midland Co.,"52,107","23,64,616",,,archer daniels midland,ADM,ARCHER-DANIELS-MIDLAND CO.
DSI,iShares MSCI KLD 400 Social ETF,30/04/18,FOOD PRODUCTS — 2.04%,Bunge Ltd.,"13,088","9,45,346",,,bunge,BUNGE,BUNGE LTD.
DSI,iShares MSCI KLD 400 Social ETF,30/04/18,FOOD PRODUCTS — 2.04%,Campbell Soup Co.,"16,681","6,80,251",,,campbell soup,CPB,CAMPBELL SOUP CO.
DSI,iShares MSCI KLD 400 Social ETF,30/04/18,FOOD PRODUCTS — 2.04%,Darling Ingredients Inc. a,"15,333","2,62,808",,,darling ingredients a,DARLI,DARLING INGREDIENTS INC. A
DSI,iShares MSCI KLD 400 Social ETF,30/04/18,FOOD PRODUCTS — 2.04%,General Mills Inc.,"52,954","23,16,208",,,general mills,GIS,GENERAL MILLS INC.
DSI,iShares MSCI KLD 400 Social ETF,30/04/18,FOOD PRODUCTS — 2.04%,Hain Celestial Group Inc. (The) a,"8,776","2,55,645",,,hain celestial the a,HAINC,HAIN CELESTIAL GROUP INC. (THE) A
DSI,iShares MSCI KLD 400 Social ETF,30/04/18,FOOD PRODUCTS — 2.04%,Hormel Foods Corp.,"27,060","9,80,925",,,hormel foods,HRL,HORMEL FOODS CORP.
DSI,iShares MSCI KLD 400 Social ETF,30/04/18,FOOD PRODUCTS — 2.04%,Ingredion Inc.,"6,681","8,09,002",,,ingredion,INGR,INGREDION INC.
DSI,iShares MSCI KLD 400 Social ETF,30/04/18,FOOD PRODUCTS — 2.04%,JM Smucker Co. (The),"10,554","12,04,000",,,jm smucker the,JMSMU,JM SMUCKER CO. (THE)
DSI,iShares MSCI KLD 400 Social ETF,30/04/18,FOOD PRODUCTS — 2.04%,Kellogg Co.,"24,092","14,19,019",,,kellogg,KU9.MU,KELLOGG CO.
DSI,iShares MSCI KLD 400 Social ETF,30/04/18,FOOD PRODUCTS — 2.04%,Kraft Heinz Co. (The),"56,684","31,95,844",,,kraft heinz the,KHNZ.F,KRAFT HEINZ CO. (THE)
DSI,iShares MSCI KLD 400 Social ETF,30/04/18,FOOD PRODUCTS — 2.04%,McCormick & Co. Inc./MD NVS,"11,149","11,75,216",,,mccormick and md,MCCOR,MCCORMICK & CO. INC./MD NVS
DSI,iShares MSCI KLD 400 Social ETF,30/04/18,FOOD PRODUCTS — 2.04%,Mondelez International Inc. Class A,"1,39,140","54,96,030","2,11,04,910",,mondelez international,MDLZ,MONDELEZ INTERNATIONAL INC. CLASS A
DSI,iShares MSCI KLD 400 Social ETF,30/04/18,GAS UTILITIES — 0.09%,New Jersey Resources Corp.,"8,054","3,33,033",,,new jersey resources,NJR,NEW JERSEY RESOURCES CORP.
DSI,iShares MSCI KLD 400 Social ETF,30/04/18,GAS UTILITIES — 0.09%,Northwest Natural Gas Co.,"2,627","1,61,035",,,northwest natural gas,NORTH,NORTHWEST NATURAL GAS CO.
DSI,iShares MSCI KLD 400 Social ETF,30/04/18,GAS UTILITIES — 0.09%,WGL Holdings Inc.,"4,773","4,06,182","9,00,250",,wgl,WGLHO,WGL HOLDINGS INC.
DSI,iShares MSCI KLD 400 Social ETF,30/04/18,HEALTH CARE EQUIPMENT & SUPPLIES — 1.64%,Align Technology Inc. a,"7,098","17,73,435",,,align technology a,0HCK.L,ALIGN TECHNOLOGY INC. A
DSI,iShares MSCI KLD 400 Social ETF,30/04/18,HEALTH CARE EQUIPMENT & SUPPLIES — 1.64%,Becton Dickinson and Co.,"24,663","57,18,610",,,becton dickinson and,BDX.VI,BECTON DICKINSON AND CO.
DSI,iShares MSCI KLD 400 Social ETF,30/04/18,HEALTH CARE EQUIPMENT & SUPPLIES — 1.64%,Cooper Companies Inc. (The),"4,551","10,40,859",,,cooper companies the,COOPE,COOPER COMPANIES INC. (THE)
DSI,iShares MSCI KLD 400 Social ETF,30/04/18,HEALTH CARE EQUIPMENT & SUPPLIES — 1.64%,DENTSPLY SIRONA Inc.,"21,363","10,75,414",,,dentsply sirona,XRAY,DENTSPLY SIRONA INC.
DSI,iShares MSCI KLD 400 Social ETF,30/04/18,HEALTH CARE EQUIPMENT & SUPPLIES — 1.64%,Edwards Lifesciences Corp. a,"19,711","25,10,393",,,edwards lifesciences a,EDWAR,EDWARDS LIFESCIENCES CORP. A
DSI,iShares MSCI KLD 400 Social ETF,30/04/18,HEALTH CARE EQUIPMENT & SUPPLIES — 1.64%,Hologic Inc. a,"25,689","9,96,476",,,hologic a,HOLOG,HOLOGIC INC. A
DSI,iShares MSCI KLD 400 Social ETF,30/04/18,HEALTH CARE EQUIPMENT & SUPPLIES — 1.64%,IDEXX Laboratories Inc. a,"8,113","15,77,897",,,idexx laboratories a,IDEXX,IDEXX LABORATORIES INC. A
DSI,iShares MSCI KLD 400 Social ETF,30/04/18,HEALTH CARE EQUIPMENT & SUPPLIES — 1.64%,ResMed Inc.,"13,242","12,53,223",,,resmed,RMD,RESMED INC.
DSI,iShares MSCI KLD 400 Social ETF,30/04/18,HEALTH CARE EQUIPMENT & SUPPLIES — 1.64%,Varian Medical Systems Inc. a,"8,535","9,86,561","1,69,32,868",,varian medical systems a,VARIA2,VARIAN MEDICAL SYSTEMS INC. A
DSI,iShares MSCI KLD 400 Social ETF,30/04/18,HEALTH CARE PROVIDERS & SERVICES — 1.99%,AmerisourceBergen Corp.,"15,287","13,84,696",,,amerisourcebergen,ABC.VI,AMERISOURCEBERGEN CORP.
DSI,iShares MSCI KLD 400 Social ETF,30/04/18,HEALTH CARE PROVIDERS & SERVICES — 1.99%,Cardinal Health Inc.,"29,298","18,80,053",,,cardinal health,CAH,CARDINAL HEALTH INC.
DSI,iShares MSCI KLD 400 Social ETF,30/04/18,HEALTH CARE PROVIDERS & SERVICES — 1.99%,Centene Corp. a,"16,053","17,43,035",,,centene a,CENTE,CENTENE CORP. A
DSI,iShares MSCI KLD 400 Social ETF,30/04/18,HEALTH CARE PROVIDERS & SERVICES — 1.99%,Cigna Corp.,"22,958","39,44,644",,,cigna,CI,CIGNA CORP.
DSI,iShares MSCI KLD 400 Social ETF,30/04/18,HEALTH CARE PROVIDERS & SERVICES — 1.99%,Envision Healthcare Corp. a,"11,245","4,17,977",,,envision healthcare a,ENVIS2,ENVISION HEALTHCARE CORP. A
DSI,iShares MSCI KLD 400 Social ETF,30/04/18,HEALTH CARE PROVIDERS & SERVICES — 1.99%,HCA Healthcare Inc.,"26,389","25,26,483",,,hca healthcare,HCA,HCA HEALTHCARE INC.
DSI,iShares MSCI KLD 400 Social ETF,30/04/18,HEALTH CARE PROVIDERS & SERVICES — 1.99%,Henry Schein Inc. a,"14,553","11,06,028",,,henry schein a,HENRY,HENRY SCHEIN INC. A
DSI,iShares MSCI KLD 400 Social ETF,30/04/18,HEALTH CARE PROVIDERS & SERVICES — 1.99%,Humana Inc.,"13,301","39,12,888",,,humana,HUM,HUMANA INC.
DSI,iShares MSCI KLD 400 Social ETF,30/04/18,HEALTH CARE PROVIDERS & SERVICES — 1.99%,Laboratory Corp. of America Holdings a,"9,478","16,18,368",,,laboratory of america a,LABOR2,LABORATORY CORP. OF AMERICA HOLDINGS A
DSI,iShares MSCI KLD 400 Social ETF,30/04/18,HEALTH CARE PROVIDERS & SERVICES — 1.99%,MEDNAX Inc. a,"8,708","3,99,784",,,mednax a,MEDNA,MEDNAX INC. A
DSI,iShares MSCI KLD 400 Social ETF,30/04/18,HEALTH CARE PROVIDERS & SERVICES — 1.99%,Patterson Companies Inc.,"8,024","1,86,799",,,patterson companies,PATTE,PATTERSON COMPANIES INC.
DSI,iShares MSCI KLD 400 Social ETF,30/04/18,HEALTH CARE PROVIDERS & SERVICES — 1.99%,Quest Diagnostics Inc.,"12,697","12,84,936",,,quest diagnostics,DGX,QUEST DIAGNOSTICS INC.
DSI,iShares MSCI KLD 400 Social ETF,30/04/18,HEALTH CARE PROVIDERS & SERVICES — 1.99%,Select Medical Holdings Corp. a,"9,901","1,78,713","2,05,84,404",,select medical a,SELEC,SELECT MEDICAL HOLDINGS CORP. A
DSI,iShares MSCI KLD 400 Social ETF,30/04/18,HEALTH CARE TECHNOLOGY — 0.16%,Cerner Corp. a,"27,790","16,18,767","16,18,767",,cerner a,CERNE2,CERNER CORP. A
DSI,iShares MSCI KLD 400 Social ETF,30/04/18,"HOTELS, RESTAURANTS & LEISURE — 3.10% ",Aramark,"22,816","8,53,090",,,aramark,ARMK,ARAMARK
DSI,iShares MSCI KLD 400 Social ETF,30/04/18,"HOTELS, RESTAURANTS & LEISURE — 3.10% ",Choice Hotels International Inc.,"3,392","2,71,530",,,choice hotels international,CHH,CHOICE HOTELS INTERNATIONAL INC.
DSI,iShares MSCI KLD 400 Social ETF,30/04/18,"HOTELS, RESTAURANTS & LEISURE — 3.10% ",Darden Restaurants Inc.,"11,528","10,70,490",,,darden restaurants,DRI,DARDEN RESTAURANTS INC.
DSI,iShares MSCI KLD 400 Social ETF,30/04/18,"HOTELS, RESTAURANTS & LEISURE — 3.10% ",Domino’s Pizza Inc.,"4,071","9,84,083",,,domino s pizza,DPZ,DOMINO’S PIZZA INC.
DSI,iShares MSCI KLD 400 Social ETF,30/04/18,"HOTELS, RESTAURANTS & LEISURE — 3.10% ",Hilton Worldwide Holdings Inc.,"26,555","20,93,596",,,hilton worldwide,HLT,HILTON WORLDWIDE HOLDINGS INC.
DSI,iShares MSCI KLD 400 Social ETF,30/04/18,"HOTELS, RESTAURANTS & LEISURE — 3.10% ",Jack in the Box Inc.,"2,739","2,45,688",,,jack in the box,JACK,JACK IN THE BOX INC.
DSI,iShares MSCI KLD 400 Social ETF,30/04/18,"HOTELS, RESTAURANTS & LEISURE — 3.10% ",Marriott International Inc./MD Class A,"28,856","39,44,038",,,marriott international md,MARRI2,MARRIOTT INTERNATIONAL INC./MD CLASS A
DSI,iShares MSCI KLD 400 Social ETF,30/04/18,"HOTELS, RESTAURANTS & LEISURE — 3.10% ",McDonald’s Corp.,"74,228","1,24,28,737",,,mcdonald s,MDOD.XC,MCDONALD’S CORP.
DSI,iShares MSCI KLD 400 Social ETF,30/04/18,"HOTELS, RESTAURANTS & LEISURE — 3.10% ",Royal Caribbean Cruises Ltd.,"15,937","17,24,224",,,royal caribbean cruises,RCL,ROYAL CARIBBEAN CRUISES LTD.
DSI,iShares MSCI KLD 400 Social ETF,30/04/18,"HOTELS, RESTAURANTS & LEISURE — 3.10% ",Starbucks Corp.,"1,32,479","76,26,816",,,starbucks,SBUX,STARBUCKS CORP.
DSI,iShares MSCI KLD 400 Social ETF,30/04/18,"HOTELS, RESTAURANTS & LEISURE — 3.10% ",Vail Resorts Inc.,"3,775","8,65,645","3,21,07,937",,vail resorts,MTN,VAIL RESORTS INC.
DSI,iShares MSCI KLD 400 Social ETF,30/04/18,HOUSEHOLD DURABLES — 0.46%,Ethan Allen Interiors Inc.,"2,531","55,809",,,ethan allen interiors,ETD,ETHAN ALLEN INTERIORS INC.
DSI,iShares MSCI KLD 400 Social ETF,30/04/18,HOUSEHOLD DURABLES — 0.46%,Garmin Ltd.,"11,360","6,66,491",,,garmin,GRMN,GARMIN LTD.
DSI,iShares MSCI KLD 400 Social ETF,30/04/18,HOUSEHOLD DURABLES — 0.46%,La-Z-Boy Inc.,"4,488","1,29,254",,,la z boy,LZB,LA-Z-BOY INC.
DSI,iShares MSCI KLD 400 Social ETF,30/04/18,HOUSEHOLD DURABLES — 0.46%,Meritage Homes Corp. a,"3,663","1,63,004",,,meritage homes a,MERIT,MERITAGE HOMES CORP. A
DSI,iShares MSCI KLD 400 Social ETF,30/04/18,HOUSEHOLD DURABLES — 0.46%,Mohawk Industries Inc. a,"5,885","12,35,144",,,mohawk industries a,MOHAW,MOHAWK INDUSTRIES INC. A
DSI,iShares MSCI KLD 400 Social ETF,30/04/18,HOUSEHOLD DURABLES — 0.46%,Newell Brands Inc.,"45,623","12,60,563",,,newell brands,NWL,NEWELL BRANDS INC.
DSI,iShares MSCI KLD 400 Social ETF,30/04/18,HOUSEHOLD DURABLES — 0.46%,Tupperware Brands Corp.,"4,732","2,10,858",,,tupperware brands,TUPPE,TUPPERWARE BRANDS CORP.
DSI,iShares MSCI KLD 400 Social ETF,30/04/18,HOUSEHOLD DURABLES — 0.46%,Whirlpool Corp.,"6,699","10,38,010","47,59,133",,whirlpool,WHR,WHIRLPOOL CORP.
DSI,iShares MSCI KLD 400 Social ETF,30/04/18,HOUSEHOLD PRODUCTS — 2.60%,Clorox Co. (The),"12,021","14,08,861",,,clorox the,CLX,CLOROX CO. (THE)
DSI,iShares MSCI KLD 400 Social ETF,30/04/18,HOUSEHOLD PRODUCTS — 2.60%,Colgate-Palmolive Co.,"77,672","50,66,545",,,colgate palmolive,CL,COLGATE-PALMOLIVE CO.
DSI,iShares MSCI KLD 400 Social ETF,30/04/18,HOUSEHOLD PRODUCTS — 2.60%,Kimberly-Clark Corp.,"32,738","33,89,693",,,kimberly clark,KMB,KIMBERLY-CLARK CORP.
DSI,iShares MSCI KLD 400 Social ETF,30/04/18,HOUSEHOLD PRODUCTS — 2.60%,Procter & Gamble Co. (The),"2,36,222","1,70,88,299","2,69,53,398",,procter and gamble the,PG,PROCTER & GAMBLE CO. (THE)
DSI,iShares MSCI KLD 400 Social ETF,30/04/18,INDEPENDENT POWER AND RENEWABLE ELECTRICITY PRODUCERS — 0.09%,AES Corp./VA,"61,463","7,52,307",,,aes va,AESCO,AES CORP./VA
DSI,iShares MSCI KLD 400 Social ETF,30/04/18,INDEPENDENT POWER AND RENEWABLE ELECTRICITY PRODUCERS — 0.09%,Ormat Technologies Inc.,"3,471","2,00,971","9,53,278",,ormat technologies,ORA,ORMAT TECHNOLOGIES INC.
DSI,iShares MSCI KLD 400 Social ETF,30/04/18,INDUSTRIAL CONGLOMERATES — 1.28%,3M Co.,"55,459","1,07,80,675",,,3m,MMM,3M CO.
DSI,iShares MSCI KLD 400 Social ETF,30/04/18,INDUSTRIAL CONGLOMERATES — 1.28%,Roper Technologies Inc.,"9,535","25,19,052","1,32,99,727",,roper technologies,ROP,ROPER TECHNOLOGIES INC.
DSI,iShares MSCI KLD 400 Social ETF,30/04/18,INSURANCE — 3.37%,Aflac Inc.,"73,213","33,36,316",,,aflac,AFL,AFLAC INC.
DSI,iShares MSCI KLD 400 Social ETF,30/04/18,INSURANCE — 3.37%,Allstate Corp. (The),"33,408","32,67,971",,,allstate the,ALL,ALLSTATE CORP. (THE)
DSI,iShares MSCI KLD 400 Social ETF,30/04/18,INSURANCE — 3.37%,Arthur J Gallagher & Co.,"16,848","11,79,192",,,arthur j gallagher and,AJG,ARTHUR J GALLAGHER & CO.
DSI,iShares MSCI KLD 400 Social ETF,30/04/18,INSURANCE — 3.37%,Chubb Ltd.,"43,225","58,64,336",,,chubb,CB,CHUBB LTD.
DSI,iShares MSCI KLD 400 Social ETF,30/04/18,INSURANCE — 3.37%,Hartford Financial Services Group Inc. (The),"33,242","17,89,749",,,hartford financial services the,HARTF,HARTFORD FINANCIAL SERVICES GROUP INC. (THE)
DSI,iShares MSCI KLD 400 Social ETF,30/04/18,INSURANCE — 3.37%,Loews Corp.,"26,633","13,97,167",,,loews,L,LOEWS CORP.
DSI,iShares MSCI KLD 400 Social ETF,30/04/18,INSURANCE — 3.37%,Marsh & McLennan Companies Inc.,"47,505","38,71,657",,,marsh and mclennan companies,MMC,MARSH & MCLENNAN COMPANIES INC.
DSI,iShares MSCI KLD 400 Social ETF,30/04/18,INSURANCE — 3.37%,Principal Financial Group Inc.,"26,924","15,94,439",,,principal financial,PFG,PRINCIPAL FINANCIAL GROUP INC.
DSI,iShares MSCI KLD 400 Social ETF,30/04/18,INSURANCE — 3.37%,Progressive Corp. (The),"54,098","32,61,568",,,progressive the,PGR,PROGRESSIVE CORP. (THE)
DSI,iShares MSCI KLD 400 Social ETF,30/04/18,INSURANCE — 3.37%,Prudential Financial Inc.,"39,478","41,97,301",,,prudential financial,PRU,PRUDENTIAL FINANCIAL INC.
DSI,iShares MSCI KLD 400 Social ETF,30/04/18,INSURANCE — 3.37%,Travelers Companies Inc. (The),"25,486","33,53,958",,,travelers companies the,PA9.F,TRAVELERS COMPANIES INC. (THE)
DSI,iShares MSCI KLD 400 Social ETF,30/04/18,INSURANCE — 3.37%,Willis Towers Watson PLC,"11,682","17,34,894","3,48,48,548",,willis towers watson,WTW,WILLIS TOWERS WATSON PLC
DSI,iShares MSCI KLD 400 Social ETF,30/04/18,INTERNET & DIRECT MARKETING RETAIL — 2.20%,Booking Holdings Inc. a,"4,545","98,99,010",,,booking a,BOOKI,BOOKING HOLDINGS INC. A
DSI,iShares MSCI KLD 400 Social ETF,30/04/18,INTERNET & DIRECT MARKETING RETAIL — 2.20%,Netflix Inc. a,"40,292","1,25,89,638",,,netflix a,NETFL,NETFLIX INC. A
DSI,iShares MSCI KLD 400 Social ETF,30/04/18,INTERNET & DIRECT MARKETING RETAIL — 2.20%,Nutrisystem Inc.,"2,778","80,562",,,nutrisystem,NUTRI,NUTRISYSTEM INC.
DSI,iShares MSCI KLD 400 Social ETF,30/04/18,INTERNET & DIRECT MARKETING RETAIL — 2.20%,Shutterfly Inc. a,"2,793","2,26,010","2,27,95,220",,shutterfly a,SHUTT,SHUTTERFLY INC. A
DSI,iShares MSCI KLD 400 Social ETF,30/04/18,INTERNET SOFTWARE & SERVICES — — 9.30%,Alphabet Inc. Class A a,"27,776","2,82,92,078",,,alphabet a,ALPHA3,ALPHABET INC. CLASS A A
DSI,iShares MSCI KLD 400 Social ETF,30/04/18,INTERNET SOFTWARE & SERVICES — — 9.30%,Alphabet Inc. Class C NVS a,"29,288","2,97,95,561",,,alphabet a,ALPHA5,ALPHABET INC. CLASS C NVS A
DSI,iShares MSCI KLD 400 Social ETF,30/04/18,INTERNET SOFTWARE & SERVICES — — 9.30%,Facebook Inc. Class A a,"2,22,047","3,81,92,084","9,62,79,723",,facebook a,FACEB2,FACEBOOK INC. CLASS A A
DSI,iShares MSCI KLD 400 Social ETF,30/04/18,IT SERVICES — 3.20%,Accenture PLC Class A,"57,235","86,53,932",,,accenture,ACN,ACCENTURE PLC CLASS A
DSI,iShares MSCI KLD 400 Social ETF,30/04/18,IT SERVICES — 3.20%,Automatic Data Processing Inc.,"41,296","48,76,232",,,automatic data processing,ADP,AUTOMATIC DATA PROCESSING INC.
DSI,iShares MSCI KLD 400 Social ETF,30/04/18,IT SERVICES — 3.20%,Cognizant Technology Solutions Corp. Class A,"54,896","44,91,591",,,cognizant technology solutions,COGNI3,COGNIZANT TECHNOLOGY SOLUTIONS CORP. CLASS A
DSI,iShares MSCI KLD 400 Social ETF,30/04/18,IT SERVICES — 3.20%,Convergys Corp.,"8,682","2,02,811",,,convergys,CONVE,CONVERGYS CORP.
DSI,iShares MSCI KLD 400 Social ETF,30/04/18,IT SERVICES — 3.20%,FleetCor Technologies Inc. a,"8,350","17,30,788",,,fleetcor technologies a,FLEET2,FLEETCOR TECHNOLOGIES INC. A
DSI,iShares MSCI KLD 400 Social ETF,30/04/18,IT SERVICES — 3.20%,International Business Machines Corp.,"81,890","1,18,70,774",,,international business machines,IBM,INTERNATIONAL BUSINESS MACHINES CORP.
DSI,iShares MSCI KLD 400 Social ETF,30/04/18,IT SERVICES — 3.20%,Teradata Corp. a,"11,268","4,61,087",,,teradata a,TERAD,TERADATA CORP. A
DSI,iShares MSCI KLD 400 Social ETF,30/04/18,IT SERVICES — 3.20%,Western Union Co. (The),"42,662","8,42,574","3,31,29,789",,western union the,WU,WESTERN UNION CO. (THE)
DSI,iShares MSCI KLD 400 Social ETF,30/04/18,LEISURE PRODUCTS — 0.15%,Callaway Golf Co.,"8,866","1,53,027",,,callaway golf,CLY.SG,CALLAWAY GOLF CO.
DSI,iShares MSCI KLD 400 Social ETF,30/04/18,LEISURE PRODUCTS — 0.15%,Hasbro Inc.,"10,484","9,23,536",,,hasbro,HAS,HASBRO INC.
DSI,iShares MSCI KLD 400 Social ETF,30/04/18,LEISURE PRODUCTS — 0.15%,Mattel Inc. b,"31,904","4,72,179","15,48,742",,mattel b,MATTE,MATTEL INC. B
DSI,iShares MSCI KLD 400 Social ETF,30/04/18,LIFE SCIENCES TOOLS & SERVICES — 0.62% ,Agilent Technologies Inc.,"29,920","19,66,941",,,agilent technologies,A,AGILENT TECHNOLOGIES INC.
DSI,iShares MSCI KLD 400 Social ETF,30/04/18,LIFE SCIENCES TOOLS & SERVICES — 0.62% ,Bio-Techne Corp.,"3,470","5,23,657",,,bio techne,TECH,BIO-TECHNE CORP.
DSI,iShares MSCI KLD 400 Social ETF,30/04/18,LIFE SCIENCES TOOLS & SERVICES — 0.62% ,IQVIA Holdings Inc. a,"12,600","12,06,576",,,iqvia a,IQVIA,IQVIA HOLDINGS INC. A
DSI,iShares MSCI KLD 400 Social ETF,30/04/18,LIFE SCIENCES TOOLS & SERVICES — 0.62% ,Mettler-Toledo International Inc. a,"2,386","13,35,993",,,mettler toledo international a,METTL,METTLER-TOLEDO INTERNATIONAL INC. A
DSI,iShares MSCI KLD 400 Social ETF,30/04/18,LIFE SCIENCES TOOLS & SERVICES — 0.62% ,Waters Corp. a,"7,429","13,99,698","64,32,865",,waters a,WATER,WATERS CORP. A
DSI,iShares MSCI KLD 400 Social ETF,30/04/18,MACHINERY — 3.27%,AGCO Corp.,"5,923","3,71,254",,,agco,AGCO,AGCO CORP.
DSI,iShares MSCI KLD 400 Social ETF,30/04/18,MACHINERY — 3.27%,Caterpillar Inc.,"55,398","79,97,255",,,caterpillar,CAT,CATERPILLAR INC.
DSI,iShares MSCI KLD 400 Social ETF,30/04/18,MACHINERY — 3.27%,Cummins Inc.,"14,695","23,49,143",,,cummins,CMI,CUMMINS INC.
DSI,iShares MSCI KLD 400 Social ETF,30/04/18,MACHINERY — 3.27%,Deere & Co.,"25,415","34,39,412",,,deere and,DCO.SG,DEERE & CO.
DSI,iShares MSCI KLD 400 Social ETF,30/04/18,MACHINERY — 3.27%,Dover Corp.,"14,501","13,44,243",,,dover,DOV,DOVER CORP.
DSI,iShares MSCI KLD 400 Social ETF,30/04/18,MACHINERY — 3.27%,Flowserve Corp.,"12,166","5,40,292",,,flowserve,FLS,FLOWSERVE CORP.
DSI,iShares MSCI KLD 400 Social ETF,30/04/18,MACHINERY — 3.27%,Fortive Corp.,"29,081","20,44,685",,,fortive,FTV,FORTIVE CORP.
DSI,iShares MSCI KLD 400 Social ETF,30/04/18,MACHINERY — 3.27%,Graco Inc.,"15,642","6,88,092",,,graco,GGG,GRACO INC.
DSI,iShares MSCI KLD 400 Social ETF,30/04/18,MACHINERY — 3.27%,Illinois Tool Works Inc.,"28,709","40,77,252",,,illinois tool works,ITW,ILLINOIS TOOL WORKS INC.
DSI,iShares MSCI KLD 400 Social ETF,30/04/18,MACHINERY — 3.27%,Ingersoll-Rand PLC,"23,276","19,52,624",,,ingersoll rand,IR,INGERSOLL-RAND PLC
DSI,iShares MSCI KLD 400 Social ETF,30/04/18,MACHINERY — 3.27%,Lincoln Electric Holdings Inc.,"5,520","4,57,442",,,lincoln electric,LECO,LINCOLN ELECTRIC HOLDINGS INC.
DSI,iShares MSCI KLD 400 Social ETF,30/04/18,MACHINERY — 3.27%,Meritor Inc. a,"7,831","1,52,469",,,meritor a,MERIT2,MERITOR INC. A
DSI,iShares MSCI KLD 400 Social ETF,30/04/18,MACHINERY — 3.27%,"Middleby Corp. (The) a,b","5,214","6,56,130",,,middleby the a b,MIDDL2,"MIDDLEBY CORP. (THE) A,B"
DSI,iShares MSCI KLD 400 Social ETF,30/04/18,MACHINERY — 3.27%,Parker-Hannifin Corp.,"12,433","20,46,720",,,parker hannifin,PH,PARKER-HANNIFIN CORP.
DSI,iShares MSCI KLD 400 Social ETF,30/04/18,MACHINERY — 3.27%,Snap-on Inc.,"5,292","7,68,663",,,snap on,SNA,SNAP-ON INC.
DSI,iShares MSCI KLD 400 Social ETF,30/04/18,MACHINERY — 3.27%,Stanley Black & Decker Inc.,"14,312","20,26,436",,,stanley black and decker,SWK,STANLEY BLACK & DECKER INC.
DSI,iShares MSCI KLD 400 Social ETF,30/04/18,MACHINERY — 3.27%,Tennant Co.,"1,659","1,22,766",,,tennant,TNC,TENNANT CO.
DSI,iShares MSCI KLD 400 Social ETF,30/04/18,MACHINERY — 3.27%,Timken Co. (The),"6,523","2,78,858",,,timken the,TKR,TIMKEN CO. (THE)
DSI,iShares MSCI KLD 400 Social ETF,30/04/18,MACHINERY — 3.27%,WABCO Holdings Inc. a,"4,738","6,11,155",,,wabco a,WABCO2,WABCO HOLDINGS INC. A
DSI,iShares MSCI KLD 400 Social ETF,30/04/18,MACHINERY — 3.27%,Wabtec Corp./DE,"8,041","7,14,121",,,wabtec de,WABTE,WABTEC CORP./DE
DSI,iShares MSCI KLD 400 Social ETF,30/04/18,MACHINERY — 3.27%,Xylem Inc./NY,"16,714","12,18,451","3,38,57,463",,xylem ny,XYLEM,XYLEM INC./NY
DSI,iShares MSCI KLD 400 Social ETF,30/04/18,MEDIA — 2.39%,"Discovery Inc. Class A a,b","14,331","3,38,928",,,discovery a b,DISCO6,"DISCOVERY INC. CLASS A A,B"
DSI,iShares MSCI KLD 400 Social ETF,30/04/18,MEDIA — 2.39%,Discovery Inc. Class C NVS a,"28,311","6,29,070",,,discovery a,DISCO7,DISCOVERY INC. CLASS C NVS A
DSI,iShares MSCI KLD 400 Social ETF,30/04/18,MEDIA — 2.39%,John Wiley & Sons Inc. Class A,"4,237","2,79,430",,,john wiley and sons,WLY,JOHN WILEY & SONS INC. CLASS A
DSI,iShares MSCI KLD 400 Social ETF,30/04/18,MEDIA — 2.39%,Liberty Global PLC Series A a,"18,541","5,58,826",,,liberty global series a a,LIBER11,LIBERTY GLOBAL PLC SERIES A A
DSI,iShares MSCI KLD 400 Social ETF,30/04/18,MEDIA — 2.39%,Liberty Global PLC Series C NVS a,"52,076","15,15,412",,,liberty global series c a,LIBER9,LIBERTY GLOBAL PLC SERIES C NVS A
DSI,iShares MSCI KLD 400 Social ETF,30/04/18,MEDIA — 2.39%,New York Times Co. (The) Class A,"12,004","2,81,494",,,new york times the,NEWYO,NEW YORK TIMES CO. (THE) CLASS A
DSI,iShares MSCI KLD 400 Social ETF,30/04/18,MEDIA — 2.39%,Scholastic Corp. NVS,"2,712","1,12,277",,,scholastic,SCHL,SCHOLASTIC CORP. NVS
DSI,iShares MSCI KLD 400 Social ETF,30/04/18,MEDIA — 2.39%,Time Warner Inc.,"72,499","68,72,905",,,time warner,TIMEW,TIME WARNER INC.
DSI,iShares MSCI KLD 400 Social ETF,30/04/18,MEDIA — 2.39%,Walt Disney Co. (The),"1,40,622","1,41,08,605","2,46,96,947",,walt disney the,DIS,WALT DISNEY CO. (THE)
DSI,iShares MSCI KLD 400 Social ETF,30/04/18,METALS & MINING — 0.20%,Compass Minerals International Inc.,"3,150","2,11,995",,,compass minerals international,CMP,COMPASS MINERALS INTERNATIONAL INC.
DSI,iShares MSCI KLD 400 Social ETF,30/04/18,METALS & MINING — 0.20%,Nucor Corp.,"29,563","18,21,672",,,nucor,NUE,NUCOR CORP.
DSI,iShares MSCI KLD 400 Social ETF,30/04/18,METALS & MINING — 0.20%,Schnitzer Steel Industries Inc. Class A,"2,616","77,041","21,10,708",,schnitzer steel industries,SCHNI,SCHNITZER STEEL INDUSTRIES INC. CLASS A
DSI,iShares MSCI KLD 400 Social ETF,30/04/18,MULTI-UTILITIES — 1.01%,Avista Corp.,"5,992","3,10,745",,,avista,AVA,AVISTA CORP.
DSI,iShares MSCI KLD 400 Social ETF,30/04/18,MULTI-UTILITIES — 1.01%,CenterPoint Energy Inc.,"38,123","9,65,656",,,centerpoint energy,CNP,CENTERPOINT ENERGY INC.
DSI,iShares MSCI KLD 400 Social ETF,30/04/18,MULTI-UTILITIES — 1.01%,CMS Energy Corp.,"26,249","12,38,690",,,cms energy,CMS,CMS ENERGY CORP.
DSI,iShares MSCI KLD 400 Social ETF,30/04/18,MULTI-UTILITIES — 1.01%,Consolidated Edison Inc.,"28,936","23,18,642",,,consolidated edison,ED,CONSOLIDATED EDISON INC.
DSI,iShares MSCI KLD 400 Social ETF,30/04/18,MULTI-UTILITIES — 1.01%,MDU Resources Group Inc.,"17,274","4,86,608",,,mdu resources,MDU,MDU RESOURCES GROUP INC.
DSI,iShares MSCI KLD 400 Social ETF,30/04/18,MULTI-UTILITIES — 1.01%,NiSource Inc.,"31,383","7,65,431",,,nisource,NI,NISOURCE INC.
DSI,iShares MSCI KLD 400 Social ETF,30/04/18,MULTI-UTILITIES — 1.01%,Sempra Energy,"22,171","24,78,718",,,sempra energy,SREN.VI,SEMPRA ENERGY
DSI,iShares MSCI KLD 400 Social ETF,30/04/18,MULTI-UTILITIES — 1.01%,WEC Energy Group Inc.,"29,386","18,88,932","1,04,53,422",,wec energy,WEC,WEC ENERGY GROUP INC.
DSI,iShares MSCI KLD 400 Social ETF,30/04/18,MULTILINE RETAIL — 0.15%,Kohl’s Corp.,"15,701","9,75,346",,,kohl s,KHP.SG,KOHL’S CORP.
DSI,iShares MSCI KLD 400 Social ETF,30/04/18,MULTILINE RETAIL — 0.15%,Nordstrom Inc.,"11,607","5,86,850","15,62,196",,nordstrom,NORDS,NORDSTROM INC.
DSI,iShares MSCI KLD 400 Social ETF,30/04/18,"OIL, GAS & CONSUMABLE FUELS — 3.53%",Apache Corp.,"35,462","14,52,169",,,apache,APACH,APACHE CORP.
DSI,iShares MSCI KLD 400 Social ETF,30/04/18,"OIL, GAS & CONSUMABLE FUELS — 3.53%","Clean Energy Fuels Corp. a,b","11,238","18,093",,,clean energy fuels a b,CLEAN2,"CLEAN ENERGY FUELS CORP. A,B"
DSI,iShares MSCI KLD 400 Social ETF,30/04/18,"OIL, GAS & CONSUMABLE FUELS — 3.53%",ConocoPhillips,"1,11,319","72,91,394",,,conocophillips,COP,CONOCOPHILLIPS
DSI,iShares MSCI KLD 400 Social ETF,30/04/18,"OIL, GAS & CONSUMABLE FUELS — 3.53%",Denbury Resources Inc. a,"38,619","1,27,056",,,denbury resources a,DENBU,DENBURY RESOURCES INC. A
DSI,iShares MSCI KLD 400 Social ETF,30/04/18,"OIL, GAS & CONSUMABLE FUELS — 3.53%",Devon Energy Corp.,"46,533","16,90,544",,,devon energy,DVN.MX,DEVON ENERGY CORP.
DSI,iShares MSCI KLD 400 Social ETF,30/04/18,"OIL, GAS & CONSUMABLE FUELS — 3.53%",Energen Corp. a,"9,050","5,92,232",,,energen a,ENERG2,ENERGEN CORP. A
DSI,iShares MSCI KLD 400 Social ETF,30/04/18,"OIL, GAS & CONSUMABLE FUELS — 3.53%",EQT Corp.,"23,516","11,80,268",,,eqt,EQT,EQT CORP.
DSI,iShares MSCI KLD 400 Social ETF,30/04/18,"OIL, GAS & CONSUMABLE FUELS — 3.53%",Hess Corp.,"26,628","15,17,530",,,hess,HESSC,HESS CORP.
DSI,iShares MSCI KLD 400 Social ETF,30/04/18,"OIL, GAS & CONSUMABLE FUELS — 3.53%",Marathon Oil Corp.,"79,116","14,43,867",,,marathon oil,MARAT,MARATHON OIL CORP.
DSI,iShares MSCI KLD 400 Social ETF,30/04/18,"OIL, GAS & CONSUMABLE FUELS — 3.53%",Marathon Petroleum Corp.,"45,480","34,06,907",,,marathon petroleum,MPC,MARATHON PETROLEUM CORP.
DSI,iShares MSCI KLD 400 Social ETF,30/04/18,"OIL, GAS & CONSUMABLE FUELS — 3.53%",Newfield Exploration Co. a,"18,556","5,52,969",,,newfield exploration a,NEWFI,NEWFIELD EXPLORATION CO. A
DSI,iShares MSCI KLD 400 Social ETF,30/04/18,"OIL, GAS & CONSUMABLE FUELS — 3.53%",Noble Energy Inc.,"43,031","14,55,739",,,noble energy,NOBLE,NOBLE ENERGY INC.
DSI,iShares MSCI KLD 400 Social ETF,30/04/18,"OIL, GAS & CONSUMABLE FUELS — 3.53%",Occidental Petroleum Corp.,"71,244","55,04,311",,,occidental petroleum,OXY,OCCIDENTAL PETROLEUM CORP.
DSI,iShares MSCI KLD 400 Social ETF,30/04/18,"OIL, GAS & CONSUMABLE FUELS — 3.53%",ONEOK Inc.,"35,721","21,51,119",,,oneok,OKE,ONEOK INC.
DSI,iShares MSCI KLD 400 Social ETF,30/04/18,"OIL, GAS & CONSUMABLE FUELS — 3.53%",Phillips 66,"40,461","45,03,714",,,phillips 66,PSX,PHILLIPS 66
DSI,iShares MSCI KLD 400 Social ETF,30/04/18,"OIL, GAS & CONSUMABLE FUELS — 3.53%",Pioneer Natural Resources Co.,"15,816","31,87,715",,,pioneer natural resources,PIONE,PIONEER NATURAL RESOURCES CO.
DSI,iShares MSCI KLD 400 Social ETF,30/04/18,"OIL, GAS & CONSUMABLE FUELS — 3.53%",QEP Resources Inc. a,"22,393","2,72,747",,,qep resources a,QEPRE,QEP RESOURCES INC. A
DSI,iShares MSCI KLD 400 Social ETF,30/04/18,"OIL, GAS & CONSUMABLE FUELS — 3.53%",Southwestern Energy Co. a,"47,405","1,94,360","3,65,42,734",,southwestern energy a,SOUTH,SOUTHWESTERN ENERGY CO. A
DSI,iShares MSCI KLD 400 Social ETF,30/04/18,PAPER & FOREST PRODUCTS — 0.02%,Domtar Corp.,"5,837","2,56,244","2,56,244",,domtar,DOMTA,DOMTAR CORP.
DSI,iShares MSCI KLD 400 Social ETF,30/04/18,PERSONAL PRODUCTS — 0.31%,Avon Products Inc. a,"39,530","1,00,011",,,avon products a,AVONP,AVON PRODUCTS INC. A
DSI,iShares MSCI KLD 400 Social ETF,30/04/18,PERSONAL PRODUCTS — 0.31%,Estee Lauder Companies Inc. (The) Class A,"20,931","30,99,672","31,99,683",,estee lauder companies the,ESTEE2,ESTEE LAUDER COMPANIES INC. (THE) CLASS A
DSI,iShares MSCI KLD 400 Social ETF,30/04/18,PHARMACEUTICALS — 2.66%,Bristol-Myers Squibb Co.,"1,52,392","79,44,195",,,bristol myers squibb,BMY,BRISTOL-MYERS SQUIBB CO.
DSI,iShares MSCI KLD 400 Social ETF,30/04/18,PHARMACEUTICALS — 2.66%,Jazz Pharmaceuticals PLC a,"5,600","8,51,424",,,jazz pharmaceuticals a,JAZZP,JAZZ PHARMACEUTICALS PLC A
DSI,iShares MSCI KLD 400 Social ETF,30/04/18,PHARMACEUTICALS — 2.66%,Merck & Co. Inc.,"2,53,672","1,49,33,670",,,merck and,MRK,MERCK & CO. INC.
DSI,iShares MSCI KLD 400 Social ETF,30/04/18,PHARMACEUTICALS — 2.66%,Zoetis Inc.,"45,331","37,84,232","2,75,13,521",,zoetis,ZTS,ZOETIS INC.
DSI,iShares MSCI KLD 400 Social ETF,30/04/18,PROFESSIONAL SERVICES — 0.45%,ASGN Inc. a,"4,653","3,75,171",,,asgn a,ASGNI,ASGN INC. A
DSI,iShares MSCI KLD 400 Social ETF,30/04/18,PROFESSIONAL SERVICES — 0.45%,Dun & Bradstreet Corp. (The),"3,437","3,96,320",,,dun and bradstreet the,DUNBR,DUN & BRADSTREET CORP. (THE)
DSI,iShares MSCI KLD 400 Social ETF,30/04/18,PROFESSIONAL SERVICES — 0.45%,Exponent Inc.,"2,375","2,05,200",,,exponent,EXPO,EXPONENT INC.
DSI,iShares MSCI KLD 400 Social ETF,30/04/18,PROFESSIONAL SERVICES — 0.45%,Heidrick & Struggles International Inc.,"1,769","66,603",,,heidrick and struggles international,HSII,HEIDRICK & STRUGGLES INTERNATIONAL INC.
DSI,iShares MSCI KLD 400 Social ETF,30/04/18,PROFESSIONAL SERVICES — 0.45%,ICF International Inc.,"1,818","1,21,988",,,icf international,ICFI,ICF INTERNATIONAL INC.
DSI,iShares MSCI KLD 400 Social ETF,30/04/18,PROFESSIONAL SERVICES — 0.45%,IHS Markit Ltd. a,"37,160","18,25,671",,,ihs markit a,IHSMA2,IHS MARKIT LTD. A
DSI,iShares MSCI KLD 400 Social ETF,30/04/18,PROFESSIONAL SERVICES — 0.45%,Kelly Services Inc. Class A NVS,"2,777","81,255",,,kelly services,KELLY2,KELLY SERVICES INC. CLASS A NVS
DSI,iShares MSCI KLD 400 Social ETF,30/04/18,PROFESSIONAL SERVICES — 0.45%,ManpowerGroup Inc.,"6,208","5,94,230",,,manpowergroup,MPW.SG,MANPOWERGROUP INC.
DSI,iShares MSCI KLD 400 Social ETF,30/04/18,PROFESSIONAL SERVICES — 0.45%,Navigant Consulting Inc. a,"4,250","90,908",,,navigant consulting a,NAVIG,NAVIGANT CONSULTING INC. A
DSI,iShares MSCI KLD 400 Social ETF,30/04/18,PROFESSIONAL SERVICES — 0.45%,Resources Connection Inc.,"2,811","43,992",,,resources connection,RGP,RESOURCES CONNECTION INC.
DSI,iShares MSCI KLD 400 Social ETF,30/04/18,PROFESSIONAL SERVICES — 0.45%,Robert Half International Inc.,"11,751","7,13,873",,,robert half international,RHJ.SG,ROBERT HALF INTERNATIONAL INC.
DSI,iShares MSCI KLD 400 Social ETF,30/04/18,PROFESSIONAL SERVICES — 0.45%,RPX Corp.,"4,276","46,309",,,rpx,RPXCO2,RPX CORP.
DSI,iShares MSCI KLD 400 Social ETF,30/04/18,PROFESSIONAL SERVICES — 0.45%,TrueBlue Inc. a,"3,980","1,06,067","46,67,587",,trueblue a,TRUEB,TRUEBLUE INC. A
DSI,iShares MSCI KLD 400 Social ETF,30/04/18,REAL ESTATE MANAGEMENT & DEVELOPMENT — 0.22%,CBRE Group Inc. Class A a,"28,539","12,93,102",,,cbre a,CBREG2,CBRE GROUP INC. CLASS A A
DSI,iShares MSCI KLD 400 Social ETF,30/04/18,REAL ESTATE MANAGEMENT & DEVELOPMENT — 0.22%,Jones Lang LaSalle Inc.,"4,220","7,15,332",,,jones lang lasalle,JLL,JONES LANG LASALLE INC.
DSI,iShares MSCI KLD 400 Social ETF,30/04/18,REAL ESTATE MANAGEMENT & DEVELOPMENT — 0.22%,Realogy Holdings Corp.,"12,690","3,14,839","23,23,273",,realogy,REALO,REALOGY HOLDINGS CORP.
DSI,iShares MSCI KLD 400 Social ETF,30/04/18,ROAD & RAIL — 2.01%,AMERCO,639,"2,15,675",,,amerco,AMERC,AMERCO
DSI,iShares MSCI KLD 400 Social ETF,30/04/18,ROAD & RAIL — 2.01%,ArcBest Corp.,"2,152","69,079",,,arcbest,ARCB,ARCBEST CORP.
DSI,iShares MSCI KLD 400 Social ETF,30/04/18,ROAD & RAIL — 2.01%,Avis Budget Group Inc. a,"6,927","3,42,263",,,avis budget a,0HK4.L,AVIS BUDGET GROUP INC. A
DSI,iShares MSCI KLD 400 Social ETF,30/04/18,ROAD & RAIL — 2.01%,CSX Corp.,"79,057","46,95,195",,,csx,CSX,CSX CORP.
DSI,iShares MSCI KLD 400 Social ETF,30/04/18,ROAD & RAIL — 2.01%,Genesee & Wyoming Inc. Class A a,"5,733","4,08,190",,,genesee and wyoming a,GENES2,GENESEE & WYOMING INC. CLASS A A
DSI,iShares MSCI KLD 400 Social ETF,30/04/18,ROAD & RAIL — 2.01%,"Hertz Global Holdings Inc. a,b","4,646","1,01,748",,,hertz global a b,HERTZ2,"HERTZ GLOBAL HOLDINGS INC. A,B"
DSI,iShares MSCI KLD 400 Social ETF,30/04/18,ROAD & RAIL — 2.01%,Kansas City Southern,"9,651","10,29,086",,,kansas city southern,KANSA,KANSAS CITY SOUTHERN
DSI,iShares MSCI KLD 400 Social ETF,30/04/18,ROAD & RAIL — 2.01%,Norfolk Southern Corp.,"26,641","38,22,184",,,norfolk southern,NSC,NORFOLK SOUTHERN CORP.
DSI,iShares MSCI KLD 400 Social ETF,30/04/18,ROAD & RAIL — 2.01%,Ryder System Inc.,"4,928","3,32,295",,,ryder system,R,RYDER SYSTEM INC.
DSI,iShares MSCI KLD 400 Social ETF,30/04/18,ROAD & RAIL — 2.01%,Union Pacific Corp.,"73,291","97,93,877","2,08,09,592",,union pacific,UNP,UNION PACIFIC CORP.
DSI,iShares MSCI KLD 400 Social ETF,30/04/18,SEMICONDUCTORS & SEMICONDUCTOR EQUIPMENT — 5.73%,"Advanced Micro Devices Inc. a,b","76,407","8,31,308",,,advanced micro devices a b,0QZD.IL,"ADVANCED MICRO DEVICES INC. A,B"
DSI,iShares MSCI KLD 400 Social ETF,30/04/18,SEMICONDUCTORS & SEMICONDUCTOR EQUIPMENT — 5.73%,Analog Devices Inc.,"34,327","29,98,463",,,analog devices,ADI,ANALOG DEVICES INC.
DSI,iShares MSCI KLD 400 Social ETF,30/04/18,SEMICONDUCTORS & SEMICONDUCTOR EQUIPMENT — 5.73%,Applied Materials Inc.,"99,304","49,32,430",,,applied materials,AMAT,APPLIED MATERIALS INC.
DSI,iShares MSCI KLD 400 Social ETF,30/04/18,SEMICONDUCTORS & SEMICONDUCTOR EQUIPMENT — 5.73%,Intel Corp.,"4,35,756","2,24,93,725",,,intel,INTC,INTEL CORP.
DSI,iShares MSCI KLD 400 Social ETF,30/04/18,SEMICONDUCTORS & SEMICONDUCTOR EQUIPMENT — 5.73%,Lam Research Corp.,"15,101","27,94,591",,,lam research,LRCX,LAM RESEARCH CORP.
DSI,iShares MSCI KLD 400 Social ETF,30/04/18,SEMICONDUCTORS & SEMICONDUCTOR EQUIPMENT — 5.73%,Microchip Technology Inc. b,"21,822","18,25,628",,,microchip technology b,MICRO,MICROCHIP TECHNOLOGY INC. B
DSI,iShares MSCI KLD 400 Social ETF,30/04/18,SEMICONDUCTORS & SEMICONDUCTOR EQUIPMENT — 5.73%,NVIDIA Corp.,"56,422","1,26,89,308",,,nvidia,NVDA,NVIDIA CORP.
DSI,iShares MSCI KLD 400 Social ETF,30/04/18,SEMICONDUCTORS & SEMICONDUCTOR EQUIPMENT — 5.73%,Skyworks Solutions Inc.,"17,092","14,82,902",,,skyworks solutions,SWKS,SKYWORKS SOLUTIONS INC.
DSI,iShares MSCI KLD 400 Social ETF,30/04/18,SEMICONDUCTORS & SEMICONDUCTOR EQUIPMENT — 5.73%,Texas Instruments Inc.,"91,767","93,07,927","5,93,56,282",,texas instruments,TII.SG,TEXAS INSTRUMENTS INC.
DSI,iShares MSCI KLD 400 Social ETF,30/04/18,SOFTWARE — 10.87%,Adobe Systems Inc. a,"45,902","1,01,71,883",,,adobe systems a,0R2Y.L,ADOBE SYSTEMS INC. A
DSI,iShares MSCI KLD 400 Social ETF,30/04/18,SOFTWARE — 10.87%,ANSYS Inc. a,"7,889","12,75,336",,,ansys a,ANSYS2,ANSYS INC. A
DSI,iShares MSCI KLD 400 Social ETF,30/04/18,SOFTWARE — 10.87%,Autodesk Inc. a,"18,368","23,12,531",,,autodesk a,0HJF.L,AUTODESK INC. A
DSI,iShares MSCI KLD 400 Social ETF,30/04/18,SOFTWARE — 10.87%,CA Inc.,"29,115","10,13,202",,,ca,CAN,CA INC.
DSI,iShares MSCI KLD 400 Social ETF,30/04/18,SOFTWARE — 10.87%,Cadence Design Systems Inc. a,"26,357","10,55,861",,,cadence design systems a,CADEN,CADENCE DESIGN SYSTEMS INC. A
DSI,iShares MSCI KLD 400 Social ETF,30/04/18,SOFTWARE — 10.87%,Citrix Systems Inc. a,"13,989","14,39,608",,,citrix systems a,CITRI2,CITRIX SYSTEMS INC. A
DSI,iShares MSCI KLD 400 Social ETF,30/04/18,SOFTWARE — 10.87%,Dell Technologies Inc. Class V a,"18,942","13,59,467",,,dell technologies class v a,DELLT3,DELL TECHNOLOGIES INC. CLASS V A
DSI,iShares MSCI KLD 400 Social ETF,30/04/18,SOFTWARE — 10.87%,Fortinet Inc. a,"13,710","7,58,986",,,fortinet a,FORTI,FORTINET INC. A
DSI,iShares MSCI KLD 400 Social ETF,30/04/18,SOFTWARE — 10.87%,Intuit Inc.,"22,612","41,78,471",,,intuit,INTU,INTUIT INC.
DSI,iShares MSCI KLD 400 Social ETF,30/04/18,SOFTWARE — 10.87%,Microsoft Corp.,"6,82,394","6,38,17,487",,,microsoft,MSFT,MICROSOFT CORP.
DSI,iShares MSCI KLD 400 Social ETF,30/04/18,SOFTWARE — 10.87%,Oracle Corp.,"2,91,445","1,33,10,293",,,oracle,ORCL,ORACLE CORP.
DSI,iShares MSCI KLD 400 Social ETF,30/04/18,SOFTWARE — 10.87%,salesforce.com Inc. a,"63,893","77,30,414",,,salesforce com a,SALES,SALESFORCE.COM INC. A
DSI,iShares MSCI KLD 400 Social ETF,30/04/18,SOFTWARE — 10.87%,Symantec Corp.,"57,768","16,05,373",,,symantec,SYMAN,SYMANTEC CORP.
DSI,iShares MSCI KLD 400 Social ETF,30/04/18,SOFTWARE — 10.87%,"VMware Inc. Class A a,b","6,630","8,83,514",,,vmware a b,VMWAR4,"VMWARE INC. CLASS A A,B"
DSI,iShares MSCI KLD 400 Social ETF,30/04/18,SOFTWARE — 10.87%,"Workday Inc. Class A a,b","12,758","15,92,709","11,25,05,135",,workday a b,WORKD2,"WORKDAY INC. CLASS A A,B"
DSI,iShares MSCI KLD 400 Social ETF,30/04/18,SPECIALTY RETAIL — 1.42%,"AutoNation Inc. a,b","5,099","2,35,523",,,autonation a b,AUTON2,"AUTONATION INC. A,B"
DSI,iShares MSCI KLD 400 Social ETF,30/04/18,SPECIALTY RETAIL — 1.42%,Best Buy Co. Inc.,"25,089","19,20,061",,,best buy,BBY,BEST BUY CO. INC.
DSI,iShares MSCI KLD 400 Social ETF,30/04/18,SPECIALTY RETAIL — 1.42%,Buckle Inc. (The),"2,984","68,781",,,buckle the,BKE,BUCKLE INC. (THE)
DSI,iShares MSCI KLD 400 Social ETF,30/04/18,SPECIALTY RETAIL — 1.42%,Caleres Inc.,"4,003","1,31,018",,,caleres,CAL,CALERES INC.
DSI,iShares MSCI KLD 400 Social ETF,30/04/18,SPECIALTY RETAIL — 1.42%,CarMax Inc. a,"17,061","10,66,312",,,carmax a,CARMA,CARMAX INC. A
DSI,iShares MSCI KLD 400 Social ETF,30/04/18,SPECIALTY RETAIL — 1.42%,Foot Locker Inc.,"11,547","4,97,445",,,foot locker,FL,FOOT LOCKER INC.
DSI,iShares MSCI KLD 400 Social ETF,30/04/18,SPECIALTY RETAIL — 1.42%,GameStop Corp. Class A,"9,431","1,28,733",,,gamestop,GME,GAMESTOP CORP. CLASS A
DSI,iShares MSCI KLD 400 Social ETF,30/04/18,SPECIALTY RETAIL — 1.42%,Gap Inc. (The),"21,575","6,30,853",,,gap the,GAP,GAP INC. (THE)
DSI,iShares MSCI KLD 400 Social ETF,30/04/18,SPECIALTY RETAIL — 1.42%,Lowe’s Companies Inc.,"77,377","63,78,186",,,lowe s companies,LOW,LOWE’S COMPANIES INC.
DSI,iShares MSCI KLD 400 Social ETF,30/04/18,SPECIALTY RETAIL — 1.42%,Office Depot Inc.,"48,264","1,10,525",,,office depot,OFFIC,OFFICE DEPOT INC.
DSI,iShares MSCI KLD 400 Social ETF,30/04/18,SPECIALTY RETAIL — 1.42%,Pier 1 Imports Inc.,"5,709","12,731",,,pier 1 imports,PIERI,PIER 1 IMPORTS INC.
DSI,iShares MSCI KLD 400 Social ETF,30/04/18,SPECIALTY RETAIL — 1.42%,Signet Jewelers Ltd.,"5,343","2,07,736",,,signet jewelers,SIG,SIGNET JEWELERS LTD.
DSI,iShares MSCI KLD 400 Social ETF,30/04/18,SPECIALTY RETAIL — 1.42%,Tiffany & Co.,"11,592","11,92,005",,,tiffany and,TIFFA,TIFFANY & CO.
DSI,iShares MSCI KLD 400 Social ETF,30/04/18,SPECIALTY RETAIL — 1.42%,Tractor Supply Co.,"11,629","7,90,772",,,tractor supply,TSCO,TRACTOR SUPPLY CO.
DSI,iShares MSCI KLD 400 Social ETF,30/04/18,SPECIALTY RETAIL — 1.42%,Ulta Salon Cosmetics & Fragrance Inc. a,"5,404","13,55,918","1,47,26,599",,ulta salon cosmetics and fragrance a,ULTAS2,ULTA SALON COSMETICS & FRAGRANCE INC. A
DSI,iShares MSCI KLD 400 Social ETF,30/04/18,"TECHNOLOGY HARDWARE, STORAGE & PERIPHERALS — 0.63%",Hewlett Packard Enterprise Co.,"1,48,605","25,33,715",,,hewlett packard enterprise,HPE,HEWLETT PACKARD ENTERPRISE CO.
DSI,iShares MSCI KLD 400 Social ETF,30/04/18,"TECHNOLOGY HARDWARE, STORAGE & PERIPHERALS — 0.63%",HP Inc.,"1,55,518","33,42,082",,,hp,HPQ,HP INC.
DSI,iShares MSCI KLD 400 Social ETF,30/04/18,"TECHNOLOGY HARDWARE, STORAGE & PERIPHERALS — 0.63%","Super Micro Computer Inc. a,b","3,451","61,083",,,super micro computer a b,SUPER2,"SUPER MICRO COMPUTER INC. A,B"
DSI,iShares MSCI KLD 400 Social ETF,30/04/18,"TECHNOLOGY HARDWARE, STORAGE & PERIPHERALS — 0.63%",Xerox Corp.,"20,109","6,32,428","65,69,308",,xerox,XRX,XEROX CORP.
DSI,iShares MSCI KLD 400 Social ETF,30/04/18,"TEXTILES, APPAREL & LUXURY GOODS — 1.45%",Columbia Sportswear Co.,"2,665","2,21,222",,,columbia sportswear,COLM,COLUMBIA SPORTSWEAR CO.
DSI,iShares MSCI KLD 400 Social ETF,30/04/18,"TEXTILES, APPAREL & LUXURY GOODS — 1.45%",Deckers Outdoor Corp. a,"2,978","2,77,728",,,deckers outdoor a,DECKE,DECKERS OUTDOOR CORP. A
DSI,iShares MSCI KLD 400 Social ETF,30/04/18,"TEXTILES, APPAREL & LUXURY GOODS — 1.45%",Hanesbrands Inc.,"33,933","6,26,743",,,hanesbrands,HBI,HANESBRANDS INC.
DSI,iShares MSCI KLD 400 Social ETF,30/04/18,"TEXTILES, APPAREL & LUXURY GOODS — 1.45%",Michael Kors Holdings Ltd. a,"14,120","9,66,090",,,michael kors a,MICHA2,MICHAEL KORS HOLDINGS LTD. A
DSI,iShares MSCI KLD 400 Social ETF,30/04/18,"TEXTILES, APPAREL & LUXURY GOODS — 1.45%",NIKE Inc. Class B,"1,22,175","83,55,548",,,nike,NKE,NIKE INC. CLASS B
DSI,iShares MSCI KLD 400 Social ETF,30/04/18,"TEXTILES, APPAREL & LUXURY GOODS — 1.45%",PVH Corp.,"7,206","11,50,582",,,pvh,PVH,PVH CORP.
DSI,iShares MSCI KLD 400 Social ETF,30/04/18,"TEXTILES, APPAREL & LUXURY GOODS — 1.45%","Under Armour Inc. Class A a,b","17,222","3,05,863",,,under armour a b,UNDER,"UNDER ARMOUR INC. CLASS A A,B"
DSI,iShares MSCI KLD 400 Social ETF,30/04/18,"TEXTILES, APPAREL & LUXURY GOODS — 1.45%","Under Armour Inc. Class C NVS a,b","17,533","2,69,132",,,under armour a b,UNDER3,"UNDER ARMOUR INC. CLASS C NVS A,B"
DSI,iShares MSCI KLD 400 Social ETF,30/04/18,"TEXTILES, APPAREL & LUXURY GOODS — 1.45%",VF Corp.,"31,290","25,30,422",,,vf,VFC,VF CORP.
DSI,iShares MSCI KLD 400 Social ETF,30/04/18,"TEXTILES, APPAREL & LUXURY GOODS — 1.45%",Wolverine World Wide Inc.,"9,000","2,69,640","1,49,72,970",,wolverine world wide,WWW,WOLVERINE WORLD WIDE INC.
DSI,iShares MSCI KLD 400 Social ETF,30/04/18,THRIFTS & MORTGAGE FINANCE — 0.05%,New York Community Bancorp. Inc.,"45,532","5,40,920","5,40,920",,new york community bancorp,NEWYO2,NEW YORK COMMUNITY BANCORP. INC.
DSI,iShares MSCI KLD 400 Social ETF,30/04/18,TRADING COMPANIES & DISTRIBUTORS — 0.45%,Air Lease Corp.,"9,125","3,80,421",,,air lease,AL,AIR LEASE CORP.
DSI,iShares MSCI KLD 400 Social ETF,30/04/18,TRADING COMPANIES & DISTRIBUTORS — 0.45%,Applied Industrial Technologies Inc.,"3,632","2,32,266",,,applied industrial technologies,AIT,APPLIED INDUSTRIAL TECHNOLOGIES INC.
DSI,iShares MSCI KLD 400 Social ETF,30/04/18,TRADING COMPANIES & DISTRIBUTORS — 0.45%,Fastenal Co.,"26,809","13,40,182",,,fastenal,FAST,FASTENAL CO.
DSI,iShares MSCI KLD 400 Social ETF,30/04/18,TRADING COMPANIES & DISTRIBUTORS — 0.45%,H&E Equipment Services Inc.,"2,920","94,462",,,h and e equipment services,HEEQU,H&E EQUIPMENT SERVICES INC.
DSI,iShares MSCI KLD 400 Social ETF,30/04/18,TRADING COMPANIES & DISTRIBUTORS — 0.45%,United Rentals Inc. a,"7,867","11,80,050",,,united rentals a,UNITE5,UNITED RENTALS INC. A
DSI,iShares MSCI KLD 400 Social ETF,30/04/18,TRADING COMPANIES & DISTRIBUTORS — 0.45%,WW Grainger Inc.,"5,045","14,19,411","46,46,792",,ww grainger,GWW,WW GRAINGER INC.
DSI,iShares MSCI KLD 400 Social ETF,30/04/18,WATER UTILITIES — 0.14%,American Water Works Co. Inc.,"16,601","14,37,315","14,37,315",,american water works,AWK,AMERICAN WATER WORKS CO. INC.
DSI,iShares MSCI KLD 400 Social ETF,30/04/18,WIRELESS TELECOMMUNICATION SERVICES — 0.04%,"Sprint Corp. a,b","74,421","4,17,502","4,17,502","1,03,34,61,562",sprint a b,SPRIN2,"SPRINT CORP. A,B"
DSI,iShares MSCI KLD 400 Social ETF,30/04/18,MONEY MARKET FUNDS — 1.33%,"BlackRock Cash Funds: Institutional, SL Agency Shares, 1.39%(a)(b)","1,27,79,164","1,27,80,442","1,27,80,442",,blackrock cash funds institutional sl agency shares 1 39 a b,BLACK17,"BLACKROCK CASH FUNDS: INSTITUTIONAL, SL AGENCY SHARES, 1.39%(A)(B)"
DSI,iShares MSCI KLD 400 Social ETF,30/04/18,MONEY MARKET FUNDS — 1.33%,"BlackRock Cash Funds: Treasury, SL Agency Shares, 1.51%(a)(b)","10,25,471","10,25,471","10,25,471","1,38,05,913",blackrock cash funds treasury sl agency shares 1 51 a b,BLACK18,"BLACKROCK CASH FUNDS: TREASURY, SL AGENCY SHARES, 1.51%(A)(B)"
ESGD,iShares MSCI EAFE ESG Optimized ETF,31/08/18,Australia — 6.9%,Alumina Ltd.,"2,18,744","4,55,604",,,alumina,ALUMI,ALUMINA LTD.
ESGD,iShares MSCI EAFE ESG Optimized ETF,31/08/18,Australia — 6.9%,Amcor Ltd./Australia,"32,940","3,40,658",,,amcor australia,AMCOR,AMCOR LTD./AUSTRALIA
ESGD,iShares MSCI EAFE ESG Optimized ETF,31/08/18,Australia — 6.9%,AMP Ltd.,"1,31,738","3,18,212",,,amp,AMP.F,AMP LTD.
ESGD,iShares MSCI EAFE ESG Optimized ETF,31/08/18,Australia — 6.9%,APA Group,"89,368","6,46,310",,,apa,APA,APA GROUP
ESGD,iShares MSCI EAFE ESG Optimized ETF,31/08/18,Australia — 6.9%,Aristocrat Leisure Ltd.,"13,662","3,12,121",,,aristocrat leisure,ALL,ARISTOCRAT LEISURE LTD.
ESGD,iShares MSCI EAFE ESG Optimized ETF,31/08/18,Australia — 6.9%,ASX Ltd.,"8,984","4,39,473",,,asx,ASX,ASX LTD.
ESGD,iShares MSCI EAFE ESG Optimized ETF,31/08/18,Australia — 6.9%,Aurizon Holdings Ltd.,"1,06,006","3,21,987",,,aurizon,QRL.SG,AURIZON HOLDINGS LTD.
ESGD,iShares MSCI EAFE ESG Optimized ETF,31/08/18,Australia — 6.9%,Australia & New Zealand Banking Group Ltd.,"84,724","18,07,536",,,australia and new zealand banking,AUSTR,AUSTRALIA & NEW ZEALAND BANKING GROUP LTD.
ESGD,iShares MSCI EAFE ESG Optimized ETF,31/08/18,Australia — 6.9%,BlueScope Steel Ltd.,"26,429","3,30,854",,,bluescope steel,BSL,BLUESCOPE STEEL LTD.
ESGD,iShares MSCI EAFE ESG Optimized ETF,31/08/18,Australia — 6.9%,Brambles Ltd.,"1,07,885","8,55,906",,,brambles,BXB,BRAMBLES LTD.
ESGD,iShares MSCI EAFE ESG Optimized ETF,31/08/18,Australia — 6.9%,Caltex Australia Ltd.,"16,630","3,63,330",,,caltex australia,CALTE,CALTEX AUSTRALIA LTD.
ESGD,iShares MSCI EAFE ESG Optimized ETF,31/08/18,Australia — 6.9%,Commonwealth Bank of Australia,"49,751","25,63,210",,,commonwealth bank of australia,CBA,COMMONWEALTH BANK OF AUSTRALIA
ESGD,iShares MSCI EAFE ESG Optimized ETF,31/08/18,Australia — 6.9%,CSL Ltd.,"11,476","18,86,547",,,csl,CSL,CSL LTD.
ESGD,iShares MSCI EAFE ESG Optimized ETF,31/08/18,Australia — 6.9%,Dexus,"66,961","5,19,129",,,dexus,0DPS.F,DEXUS
ESGD,iShares MSCI EAFE ESG Optimized ETF,31/08/18,Australia — 6.9%,GPT Group (The),"63,018","2,35,621",,,gpt the,GPTGR,GPT GROUP (THE)
ESGD,iShares MSCI EAFE ESG Optimized ETF,31/08/18,Australia — 6.9%,Healthscope Ltd.,"2,04,336","3,23,629",,,healthscope,HEALT,HEALTHSCOPE LTD.
ESGD,iShares MSCI EAFE ESG Optimized ETF,31/08/18,Australia — 6.9%,Insurance Australia Group Ltd.,"85,254","4,75,982",,,insurance australia,IAUGY,INSURANCE AUSTRALIA GROUP LTD.
ESGD,iShares MSCI EAFE ESG Optimized ETF,31/08/18,Australia — 6.9%,LendLease Group,"36,583","5,42,101",,,lendlease,LLC.MU,LENDLEASE GROUP
ESGD,iShares MSCI EAFE ESG Optimized ETF,31/08/18,Australia — 6.9%,Macquarie Group Ltd.,"11,326","10,59,911",,,macquarie,4M4.SG,MACQUARIE GROUP LTD.
ESGD,iShares MSCI EAFE ESG Optimized ETF,31/08/18,Australia — 6.9%,Mirvac Group,"3,16,410","5,56,052",,,mirvac,MRVGF,MIRVAC GROUP
ESGD,iShares MSCI EAFE ESG Optimized ETF,31/08/18,Australia — 6.9%,National Australia Bank Ltd.,"60,703","12,45,455",,,national australia bank,NAB,NATIONAL AUSTRALIA BANK LTD.
ESGD,iShares MSCI EAFE ESG Optimized ETF,31/08/18,Australia — 6.9%,Newcrest Mining Ltd.,"31,050","4,35,410",,,newcrest mining,NEWCR,NEWCREST MINING LTD.
ESGD,iShares MSCI EAFE ESG Optimized ETF,31/08/18,Australia — 6.9%,Origin Energy Ltd.,"81,568","4,68,970",,,origin energy,OGFGY,ORIGIN ENERGY LTD.
ESGD,iShares MSCI EAFE ESG Optimized ETF,31/08/18,Australia — 6.9%,Ramsay Health Care Ltd.,"8,111","3,26,729",,,ramsay health care,RMYHY,RAMSAY HEALTH CARE LTD.
ESGD,iShares MSCI EAFE ESG Optimized ETF,31/08/18,Australia — 6.9%,Rio Tinto Ltd.,"13,868","7,29,534",,,rio tinto,RIO,RIO TINTO LTD.
ESGD,iShares MSCI EAFE ESG Optimized ETF,31/08/18,Australia — 6.9%,Santos Ltd.,"76,286","3,74,053",,,santos,STO,SANTOS LTD.
ESGD,iShares MSCI EAFE ESG Optimized ETF,31/08/18,Australia — 6.9%,Stockland,"2,18,882","6,53,760",,,stockland,STKAF,STOCKLAND
ESGD,iShares MSCI EAFE ESG Optimized ETF,31/08/18,Australia — 6.9%,Sydney Airport,"90,297","4,70,833",,,sydney airport,SYDNE,SYDNEY AIRPORT
ESGD,iShares MSCI EAFE ESG Optimized ETF,31/08/18,Australia — 6.9%,Tabcorp Holdings Ltd.,"1,06,496","3,69,686",,,tabcorp,THL.SG,TABCORP HOLDINGS LTD.
ESGD,iShares MSCI EAFE ESG Optimized ETF,31/08/18,Australia — 6.9%,Telstra Corp. Ltd.,"1,75,543","3,93,553",,,telstra,TLS,TELSTRA CORP. LTD.
ESGD,iShares MSCI EAFE ESG Optimized ETF,31/08/18,Australia — 6.9%,Transurban Group,"1,33,008","11,60,068",,,transurban,TU9.SG,TRANSURBAN GROUP
ESGD,iShares MSCI EAFE ESG Optimized ETF,31/08/18,Australia — 6.9%,Wesfarmers Ltd.,"12,612","4,69,276",,,wesfarmers,WES,WESFARMERS LTD.
ESGD,iShares MSCI EAFE ESG Optimized ETF,31/08/18,Australia — 6.9%,Westpac Banking Corp.,"1,10,743","22,85,750",,,westpac banking,WBC,WESTPAC BANKING CORP.
ESGD,iShares MSCI EAFE ESG Optimized ETF,31/08/18,Australia — 6.9%,Woodside Petroleum Ltd.,"41,753","11,13,318","2,48,50,568",,woodside petroleum,WOODS,WOODSIDE PETROLEUM LTD.
ESGD,iShares MSCI EAFE ESG Optimized ETF,31/08/18,Austria — 0.3%,OMV AG,"14,914","7,91,791",,,omv,OMV,OMV AG
ESGD,iShares MSCI EAFE ESG Optimized ETF,31/08/18,Austria — 0.3%,Voestalpine AG,"8,240","3,70,451","11,62,242",,voestalpine,VLPNY,VOESTALPINE AG
ESGD,iShares MSCI EAFE ESG Optimized ETF,31/08/18,Belgium — 1.1%,Anheuser-Busch InBev SA/NV,"22,579","21,18,729",,,anheuser busch inbev,ABI,ANHEUSER-BUSCH INBEV SA/NV
ESGD,iShares MSCI EAFE ESG Optimized ETF,31/08/18,Belgium — 1.1%,KBC Group NV,"13,010","9,26,392",,,kbc,KBCB.XC,KBC GROUP NV
ESGD,iShares MSCI EAFE ESG Optimized ETF,31/08/18,Belgium — 1.1%,UCB SA,"4,441","4,06,961",,,ucb,UCB,UCB SA
ESGD,iShares MSCI EAFE ESG Optimized ETF,31/08/18,Belgium — 1.1%,Umicore SA,"7,942","4,43,914","38,95,996",,umicore,UMICY,UMICORE SA
ESGD,iShares MSCI EAFE ESG Optimized ETF,31/08/18,Denmark — 1.8%,"AP Moller - Maersk A/S, Class B, NVS",220,"3,40,321",,,ap moller maersk a s,MAERAC.XD,"AP MOLLER - MAERSK A/S, CLASS B, NVS"
ESGD,iShares MSCI EAFE ESG Optimized ETF,31/08/18,Denmark — 1.8%,"Carlsberg A/S, Class B","4,740","5,79,961",,,carlsberg a s,CBGA.F,"CARLSBERG A/S, CLASS B"
ESGD,iShares MSCI EAFE ESG Optimized ETF,31/08/18,Denmark — 1.8%,Chr Hansen Holding A/S,"3,921","3,98,978",,,chr hansen holding a s,CHRHA,CHR HANSEN HOLDING A/S
ESGD,iShares MSCI EAFE ESG Optimized ETF,31/08/18,Denmark — 1.8%,"Coloplast A/S, Class B","4,909","5,26,632",,,coloplast a s,CBHD.F,"COLOPLAST A/S, CLASS B"
ESGD,iShares MSCI EAFE ESG Optimized ETF,31/08/18,Denmark — 1.8%,Genmab A/S,"2,251","3,90,296",,,genmab a s,GMAB,GENMAB A/S
ESGD,iShares MSCI EAFE ESG Optimized ETF,31/08/18,Denmark — 1.8%,"Novo Nordisk A/S, Class B","51,415","25,25,575",,,novo nordisk a s,NVO,"NOVO NORDISK A/S, CLASS B"
ESGD,iShares MSCI EAFE ESG Optimized ETF,31/08/18,Denmark — 1.8%,"Novozymes A/S, Class B","6,952","3,81,906",,,novozymes a s,NOVOZ3,"NOVOZYMES A/S, CLASS B"
ESGD,iShares MSCI EAFE ESG Optimized ETF,31/08/18,Denmark — 1.8%,Orsted A/S,"8,493","5,38,136",,,orsted a s,ORSTED.CO,ORSTED A/S
ESGD,iShares MSCI EAFE ESG Optimized ETF,31/08/18,Denmark — 1.8%,Pandora A/S,"6,161","3,68,933",,,pandora a s,PNDORA.CO,PANDORA A/S
ESGD,iShares MSCI EAFE ESG Optimized ETF,31/08/18,Denmark — 1.8%,Vestas Wind Systems A/S,"7,157","4,99,837","65,50,575",,vestas wind systems a s,VWS.CO,VESTAS WIND SYSTEMS A/S
ESGD,iShares MSCI EAFE ESG Optimized ETF,31/08/18,Finland — 1.0%,"Kone OYJ, Class B","6,264","3,38,972",,,kone oyj,KONEO2,"KONE OYJ, CLASS B"
ESGD,iShares MSCI EAFE ESG Optimized ETF,31/08/18,Finland — 1.0%,Neste OYJ,"7,573","6,59,077",,,neste oyj,NTOIY,NESTE OYJ
ESGD,iShares MSCI EAFE ESG Optimized ETF,31/08/18,Finland — 1.0%,Nokia OYJ.,"1,69,825","9,48,043",,,nokia oyj,0K8D.L,NOKIA OYJ.
ESGD,iShares MSCI EAFE ESG Optimized ETF,31/08/18,Finland — 1.0%,"Stora Enso OYJ, Class R","19,222","3,58,619",,,stora enso oyj class r,STE-A.ST,"STORA ENSO OYJ, CLASS R"
ESGD,iShares MSCI EAFE ESG Optimized ETF,31/08/18,Finland — 1.0%,UPM-Kymmene OYJ,"19,233","7,42,936",,,upm kymmene oyj,UPMH.XD,UPM-KYMMENE OYJ
ESGD,iShares MSCI EAFE ESG Optimized ETF,31/08/18,Finland — 1.0%,Wartsila OYJ Abp,"25,873","5,47,578","35,95,225",,wartsila oyj abp,WRTBF,WARTSILA OYJ ABP
ESGD,iShares MSCI EAFE ESG Optimized ETF,31/08/18,France — 11.2%,Air Liquide SA,"5,942","7,50,116",,,air liquide,AI.VI,AIR LIQUIDE SA
ESGD,iShares MSCI EAFE ESG Optimized ETF,31/08/18,France — 11.2%,Airbus SE,"12,520","15,47,891",,,airbus se,AIR.PA,AIRBUS SE
ESGD,iShares MSCI EAFE ESG Optimized ETF,31/08/18,France — 11.2%,Atos SE,"5,386","6,46,714",,,atos se,ATOP.XD,ATOS SE
ESGD,iShares MSCI EAFE ESG Optimized ETF,31/08/18,France — 11.2%,"AXA SA, NVS","68,844","17,41,774",,,axa,CS,"AXA SA, NVS"
ESGD,iShares MSCI EAFE ESG Optimized ETF,31/08/18,France — 11.2%,BNP Paribas SA,"25,946","15,26,917",,,bnp paribas,BNP,BNP PARIBAS SA
ESGD,iShares MSCI EAFE ESG Optimized ETF,31/08/18,France — 11.2%,"Bouygues SA, NVS","7,027","3,10,930",,,bouygues,ENP.XC,"BOUYGUES SA, NVS"
ESGD,iShares MSCI EAFE ESG Optimized ETF,31/08/18,France — 11.2%,Capgemini SE,"4,846","6,24,444",,,capgemini se,CAPMF,CAPGEMINI SE
ESGD,iShares MSCI EAFE ESG Optimized ETF,31/08/18,France — 11.2%,"Casino Guichard Perrachon SA, NVS","10,041","3,19,055",,,casino guichard perrachon,COP.XC,"CASINO GUICHARD PERRACHON SA, NVS"
ESGD,iShares MSCI EAFE ESG Optimized ETF,31/08/18,France — 11.2%,"Cie. de Saint-Gobain, NVS","15,293","6,59,512",,,cie de saint gobain,SGOP.XD,"CIE. DE SAINT-GOBAIN, NVS"
ESGD,iShares MSCI EAFE ESG Optimized ETF,31/08/18,France — 11.2%,"Cie. Generale des Etablissements Michelin SCA, Class B, NVS","7,381","8,75,525",,,cie generale des etablissements michelin sca,CIEGE2,"CIE. GENERALE DES ETABLISSEMENTS MICHELIN SCA, CLASS B, NVS"
ESGD,iShares MSCI EAFE ESG Optimized ETF,31/08/18,France — 11.2%,"CNP Assurances, NVS","16,093","3,72,050",,,cnp assurances,CNPAS2,"CNP ASSURANCES, NVS"
ESGD,iShares MSCI EAFE ESG Optimized ETF,31/08/18,France — 11.2%,Credit Agricole SA,"21,644","2,96,955",,,credit agricole,ACA,CREDIT AGRICOLE SA
ESGD,iShares MSCI EAFE ESG Optimized ETF,31/08/18,France — 11.2%,"Danone SA, NVS","27,830","21,96,025",,,danone,BN,"DANONE SA, NVS"
ESGD,iShares MSCI EAFE ESG Optimized ETF,31/08/18,France — 11.2%,"Dassault Systemes SE, NVS","2,808","4,56,088",,,dassault systemes se,DSYA.F,"DASSAULT SYSTEMES SE, NVS"
ESGD,iShares MSCI EAFE ESG Optimized ETF,31/08/18,France — 11.2%,"Edenred, NVS","8,154","3,11,464",,,edenred,EDEN,"EDENRED, NVS"
ESGD,iShares MSCI EAFE ESG Optimized ETF,31/08/18,France — 11.2%,Engie SA,"28,180","4,14,105",,,engie,ENGI,ENGIE SA
ESGD,iShares MSCI EAFE ESG Optimized ETF,31/08/18,France — 11.2%,"Essilor International Cie Generale d’Optique SA, NVS","9,105","13,16,792",,,essilor international cie generale d optique,ESSIL,"ESSILOR INTERNATIONAL CIE GENERALE D’OPTIQUE SA, NVS"
ESGD,iShares MSCI EAFE ESG Optimized ETF,31/08/18,France — 11.2%,Gecina SA,"2,761","4,75,117",,,gecina,GFC,GECINA SA
ESGD,iShares MSCI EAFE ESG Optimized ETF,31/08/18,France — 11.2%,"Getlink, NVS","24,568","3,10,146",,,getlink,GET,"GETLINK, NVS"
ESGD,iShares MSCI EAFE ESG Optimized ETF,31/08/18,France — 11.2%,"Imerys SA, NVS","6,142","4,42,351",,,imerys,NKP.XC,"IMERYS SA, NVS"
ESGD,iShares MSCI EAFE ESG Optimized ETF,31/08/18,France — 11.2%,JCDecaux SA,"11,686","3,85,873",,,jcdecaux,JCDEC,JCDECAUX SA
ESGD,iShares MSCI EAFE ESG Optimized ETF,31/08/18,France — 11.2%,"Kering SA, NVS","2,600","14,15,746",,,kering,KER,"KERING SA, NVS"
ESGD,iShares MSCI EAFE ESG Optimized ETF,31/08/18,France — 11.2%,L’Oreal SA,"10,344","24,87,684",,,l oreal,ORP.XC,L’OREAL SA
ESGD,iShares MSCI EAFE ESG Optimized ETF,31/08/18,France — 11.2%,"LVMH Moet Hennessy Louis Vuitton SE, NVS","6,528","22,92,649",,,lvmh moet hennessy louis vuitton se,MOH.BE,"LVMH MOET HENNESSY LOUIS VUITTON SE, NVS"
ESGD,iShares MSCI EAFE ESG Optimized ETF,31/08/18,France — 11.2%,Natixis SA,"81,277","5,43,753",,,natixis,NATIX,NATIXIS SA
ESGD,iShares MSCI EAFE ESG Optimized ETF,31/08/18,France — 11.2%,"Orange SA, NVS","81,481","13,22,503",,,orange,FTE.MU,"ORANGE SA, NVS"
ESGD,iShares MSCI EAFE ESG Optimized ETF,31/08/18,France — 11.2%,"Pernod Ricard SA, NVS","6,752","10,68,409",,,pernod ricard,RI,"PERNOD RICARD SA, NVS"
ESGD,iShares MSCI EAFE ESG Optimized ETF,31/08/18,France — 11.2%,"Peugeot SA, NVS","28,783","7,93,690",,,peugeot,PEUGE2,"PEUGEOT SA, NVS"
ESGD,iShares MSCI EAFE ESG Optimized ETF,31/08/18,France — 11.2%,"Renault SA, NVS","7,602","6,56,293",,,renault,RNO,"RENAULT SA, NVS"
ESGD,iShares MSCI EAFE ESG Optimized ETF,31/08/18,France — 11.2%,Rexel SA,"24,006","3,78,465",,,rexel,RXL,REXEL SA
ESGD,iShares MSCI EAFE ESG Optimized ETF,31/08/18,France — 11.2%,Safran SA,"2,980","3,89,370",,,safran,SAF,SAFRAN SA
ESGD,iShares MSCI EAFE ESG Optimized ETF,31/08/18,France — 11.2%,"Sanofi, NVS","27,006","23,15,448",,,sanofi,SAN,"SANOFI, NVS"
ESGD,iShares MSCI EAFE ESG Optimized ETF,31/08/18,France — 11.2%,"Schneider Electric SE, NVS","21,359","17,45,548",,,schneider electric se,SU.PA,"SCHNEIDER ELECTRIC SE, NVS"
ESGD,iShares MSCI EAFE ESG Optimized ETF,31/08/18,France — 11.2%,SES SA,"17,416","3,50,153",,,ses,SESGP.XD,SES SA
ESGD,iShares MSCI EAFE ESG Optimized ETF,31/08/18,France — 11.2%,"Societe Generale SA, NVS","15,380","6,30,607",,,societe generale,GLE,"SOCIETE GENERALE SA, NVS"
ESGD,iShares MSCI EAFE ESG Optimized ETF,31/08/18,France — 11.2%,STMicroelectronics NV,"25,139","5,17,857",,,stmicroelectronics,STMPA,STMICROELECTRONICS NV
ESGD,iShares MSCI EAFE ESG Optimized ETF,31/08/18,France — 11.2%,"Teleperformance, NVS","2,281","4,39,228",,,teleperformance,TEP,"TELEPERFORMANCE, NVS"
ESGD,iShares MSCI EAFE ESG Optimized ETF,31/08/18,France — 11.2%,"Thales SA, NVS","2,989","4,22,019",,,thales,HO,"THALES SA, NVS"
ESGD,iShares MSCI EAFE ESG Optimized ETF,31/08/18,France — 11.2%,"TOTAL SA, NVS","70,964","44,47,862",,,total,TOTAL3,"TOTAL SA, NVS"
ESGD,iShares MSCI EAFE ESG Optimized ETF,31/08/18,France — 11.2%,Unibail-Rodamco-Westfield,"3,553","7,48,238",,,unibail rodamco westfield,URW.PA,UNIBAIL-RODAMCO-WESTFIELD
ESGD,iShares MSCI EAFE ESG Optimized ETF,31/08/18,France — 11.2%,"Valeo SA, NVS","9,641","4,38,709",,,valeo,0RH5.IL,"VALEO SA, NVS"
ESGD,iShares MSCI EAFE ESG Optimized ETF,31/08/18,France — 11.2%,"Vivendi SA, NVS","24,108","6,26,910",,,vivendi,0IIF.IL,"VIVENDI SA, NVS"
ESGD,iShares MSCI EAFE ESG Optimized ETF,31/08/18,France — 11.2%,"Wendel SA, NVS","2,423","3,59,725","4,03,70,710",,wendel,WENDE,"WENDEL SA, NVS"
ESGD,iShares MSCI EAFE ESG Optimized ETF,31/08/18,Germany —9.4%,adidas AG,"6,359","15,89,979",,,adidas,ADID.BD,ADIDAS AG
ESGD,iShares MSCI EAFE ESG Optimized ETF,31/08/18,Germany —9.4%,"Allianz SE, Registered","15,779","33,71,421",,,allianz se registered,ALLIA2,"ALLIANZ SE, REGISTERED"
ESGD,iShares MSCI EAFE ESG Optimized ETF,31/08/18,Germany —9.4%,BASF SE,"28,701","26,61,136",,,basf se,BASFY,BASF SE
ESGD,iShares MSCI EAFE ESG Optimized ETF,31/08/18,Germany —9.4%,Bayerische Motoren Werke AG,"10,689","10,37,341",,,bayerische motoren werke,BAMXF,BAYERISCHE MOTOREN WERKE AG
ESGD,iShares MSCI EAFE ESG Optimized ETF,31/08/18,Germany —9.4%,Beiersdorf AG,"3,240","3,78,105",,,beiersdorf,BEI,BEIERSDORF AG
ESGD,iShares MSCI EAFE ESG Optimized ETF,31/08/18,Germany —9.4%,Brenntag AG,"6,464","3,90,634",,,brenntag,BNR,BRENNTAG AG
ESGD,iShares MSCI EAFE ESG Optimized ETF,31/08/18,Germany —9.4%,Commerzbank AG,"37,872","3,58,902",,,commerzbank,CBK,COMMERZBANK AG
ESGD,iShares MSCI EAFE ESG Optimized ETF,31/08/18,Germany —9.4%,Continental AG,"2,592","4,76,646",,,continental,COND.XC,CONTINENTAL AG
ESGD,iShares MSCI EAFE ESG Optimized ETF,31/08/18,Germany —9.4%,Covestro AG,"3,934","3,35,875",,,covestro,COVTY,COVESTRO AG
ESGD,iShares MSCI EAFE ESG Optimized ETF,31/08/18,Germany —9.4%,"Daimler AG,Registered","19,382","12,56,088",,,daimler registered,UBS,"DAIMLER AG,REGISTERED"
ESGD,iShares MSCI EAFE ESG Optimized ETF,31/08/18,Germany —9.4%,"Deutsche Bank AG, Registered","49,803","5,62,190",,,deutsche bank registered,UBS,"DEUTSCHE BANK AG, REGISTERED"
ESGD,iShares MSCI EAFE ESG Optimized ETF,31/08/18,Germany —9.4%,Deutsche Boerse AG,"7,317","10,13,086",,,deutsche boerse,DB1,DEUTSCHE BOERSE AG
ESGD,iShares MSCI EAFE ESG Optimized ETF,31/08/18,Germany —9.4%,"Deutsche Post AG, Registered","38,173","13,95,052",,,deutsche post registered,UBS,"DEUTSCHE POST AG, REGISTERED"
ESGD,iShares MSCI EAFE ESG Optimized ETF,31/08/18,Germany —9.4%,"Deutsche Wohnen SE, Bearer","15,108","7,65,353",,,deutsche wohnen se bearer,DWNI.VI,"DEUTSCHE WOHNEN SE, BEARER"
ESGD,iShares MSCI EAFE ESG Optimized ETF,31/08/18,Germany —9.4%,E.ON SE,"56,933","6,08,097",,,e on se,EONGY,E.ON SE
ESGD,iShares MSCI EAFE ESG Optimized ETF,31/08/18,Germany —9.4%,Fraport AG Frankfurt Airport Services Worldwide,"3,717","3,34,907",,,fraport frankfurt airport services worldwide,FRAPO,FRAPORT AG FRANKFURT AIRPORT SERVICES WORLDWIDE
ESGD,iShares MSCI EAFE ESG Optimized ETF,31/08/18,Germany —9.4%,Fresenius Medical Care AG & Co. KGaA,"2,862","2,90,570",,,fresenius medical care and kgaa,FME.HM,FRESENIUS MEDICAL CARE AG & CO. KGAA
ESGD,iShares MSCI EAFE ESG Optimized ETF,31/08/18,Germany —9.4%,Fresenius SE & Co. KGaA,"6,016","4,60,435",,,fresenius se and kgaa,FRE,FRESENIUS SE & CO. KGAA
ESGD,iShares MSCI EAFE ESG Optimized ETF,31/08/18,Germany —9.4%,HeidelbergCement AG,"6,989","5,57,672",,,heidelbergcement,HEI.SG,HEIDELBERGCEMENT AG
ESGD,iShares MSCI EAFE ESG Optimized ETF,31/08/18,Germany —9.4%,Henkel AG & Co. KGaA,"9,076","10,15,336",,,henkel and kgaa,HENOY,HENKEL AG & CO. KGAA
ESGD,iShares MSCI EAFE ESG Optimized ETF,31/08/18,Germany —9.4%,Infineon Technologies AG,"28,848","7,35,737",,,infineon technologies,IFX,INFINEON TECHNOLOGIES AG
ESGD,iShares MSCI EAFE ESG Optimized ETF,31/08/18,Germany —9.4%,Linde AG,"3,911","8,92,798",,,linde,LIN,LINDE AG
ESGD,iShares MSCI EAFE ESG Optimized ETF,31/08/18,Germany —9.4%,Merck KGaA,"12,408","13,06,233",,,merck kgaa,MKKGY,MERCK KGAA
ESGD,iShares MSCI EAFE ESG Optimized ETF,31/08/18,Germany —9.4%,MTU Aero Engines AG,"2,531","5,56,276",,,mtu aero engines,MTUAY,MTU AERO ENGINES AG
ESGD,iShares MSCI EAFE ESG Optimized ETF,31/08/18,Germany —9.4%,"Muenchener Rueckversicherungs-Gesellschaft AG in Muenchen, Registered","5,166","11,16,777",,,muenchener rueckversicherungs gesellschaft in muenchen registered,MUENC2,"MUENCHENER RUECKVERSICHERUNGS-GESELLSCHAFT AG IN MUENCHEN, REGISTERED"
ESGD,iShares MSCI EAFE ESG Optimized ETF,31/08/18,Germany —9.4%,OSRAM Licht AG,"7,802","3,51,122",,,osram licht,OSAGF,OSRAM LICHT AG
ESGD,iShares MSCI EAFE ESG Optimized ETF,31/08/18,Germany —9.4%,ProSiebenSat.1 Media SE,"13,456","3,55,236",,,prosiebensat 1 media se,PSMD.XD,PROSIEBENSAT.1 MEDIA SE
ESGD,iShares MSCI EAFE ESG Optimized ETF,31/08/18,Germany —9.4%,Puma SE,660,"3,62,453",,,puma se,PMMAF,PUMA SE
ESGD,iShares MSCI EAFE ESG Optimized ETF,31/08/18,Germany —9.4%,QIAGEN NV,"8,640","3,35,255",,,qiagen,QIA,QIAGEN NV
ESGD,iShares MSCI EAFE ESG Optimized ETF,31/08/18,Germany —9.4%,RWE AG,"15,541","3,95,091",,,rwe,RWE.PR,RWE AG
ESGD,iShares MSCI EAFE ESG Optimized ETF,31/08/18,Germany —9.4%,SAP SE,"34,145","41,16,584",,,sap se,SAP,SAP SE
ESGD,iShares MSCI EAFE ESG Optimized ETF,31/08/18,Germany —9.4%,"Siemens AG,Registered","26,724","34,81,835",,,siemens registered,UBS,"SIEMENS AG,REGISTERED"
ESGD,iShares MSCI EAFE ESG Optimized ETF,31/08/18,Germany —9.4%,thyssenkrupp AG,"15,994","3,70,505",,,thyssenkrupp,TYEKF,THYSSENKRUPP AG
ESGD,iShares MSCI EAFE ESG Optimized ETF,31/08/18,Germany —9.4%,Wirecard AG,"2,402","5,34,631","3,37,69,358",,wirecard,WRCDF,WIRECARD AG
ESGD,iShares MSCI EAFE ESG Optimized ETF,31/08/18,Hong Kong — 3.5%,AIA Group Ltd.,"2,86,000","24,66,868",,,aia,1299,AIA GROUP LTD.
ESGD,iShares MSCI EAFE ESG Optimized ETF,31/08/18,Hong Kong — 3.5%,BOC Hong Kong Holdings Ltd.,"1,92,500","9,39,336",,,boc hong kong,2388,BOC HONG KONG HOLDINGS LTD.
ESGD,iShares MSCI EAFE ESG Optimized ETF,31/08/18,Hong Kong — 3.5%,CLP Holdings Ltd.,"82,500","9,69,642",,,clp,CLPHY,CLP HOLDINGS LTD.
ESGD,iShares MSCI EAFE ESG Optimized ETF,31/08/18,Hong Kong — 3.5%,Hang Seng Bank Ltd.,"44,100","11,95,643",,,hang seng bank,11,HANG SENG BANK LTD.
ESGD,iShares MSCI EAFE ESG Optimized ETF,31/08/18,Hong Kong — 3.5%,Hong Kong Exchanges & Clearing Ltd.,"43,200","12,29,584",,,hong kong exchanges and clearing,HONGK,HONG KONG EXCHANGES & CLEARING LTD.
ESGD,iShares MSCI EAFE ESG Optimized ETF,31/08/18,Hong Kong — 3.5%,Hysan Development Co. Ltd.,"1,10,000","5,64,092",,,hysan development,HYN.SG,HYSAN DEVELOPMENT CO. LTD.
ESGD,iShares MSCI EAFE ESG Optimized ETF,31/08/18,Hong Kong — 3.5%,"Melco Resorts & Entertainment Ltd., ADR","14,763","3,52,540",,,melco resorts and entertainment adr,MELCO2,"MELCO RESORTS & ENTERTAINMENT LTD., ADR"
ESGD,iShares MSCI EAFE ESG Optimized ETF,31/08/18,Hong Kong — 3.5%,MTR Corp. Ltd.,"2,53,000","13,03,858",,,mtr,66,MTR CORP. LTD.
ESGD,iShares MSCI EAFE ESG Optimized ETF,31/08/18,Hong Kong — 3.5%,Sands China Ltd.,"1,56,000","7,61,228",,,sands china,1928,SANDS CHINA LTD.
ESGD,iShares MSCI EAFE ESG Optimized ETF,31/08/18,Hong Kong — 3.5%,Shangri-La Asia Ltd.,"2,24,000","3,45,322",,,shangri la asia,SHN.SG,SHANGRI-LA ASIA LTD.
ESGD,iShares MSCI EAFE ESG Optimized ETF,31/08/18,Hong Kong — 3.5%,Sun Hung Kai Properties Ltd.,"56,000","8,31,199",,,sun hung kai properties,16,SUN HUNG KAI PROPERTIES LTD.
ESGD,iShares MSCI EAFE ESG Optimized ETF,31/08/18,Hong Kong — 3.5%,"Swire Pacific Ltd., Class A","56,000","6,33,210",,,swire pacific,SWI1.F,"SWIRE PACIFIC LTD., CLASS A"
ESGD,iShares MSCI EAFE ESG Optimized ETF,31/08/18,Hong Kong — 3.5%,Swire Properties Ltd.,"1,54,800","6,08,439",,,swire properties,SW9.SG,SWIRE PROPERTIES LTD.
ESGD,iShares MSCI EAFE ESG Optimized ETF,31/08/18,Hong Kong — 3.5%,Wharf Real Estate Investment Co. Ltd.,"56,000","3,71,364","1,25,72,325",,wharf real estate investment,4WF.MU,WHARF REAL ESTATE INVESTMENT CO. LTD.
ESGD,iShares MSCI EAFE ESG Optimized ETF,31/08/18,Ireland — 0.6%,CRH PLC,"36,582","12,17,732",,,crh,CRH,CRH PLC
ESGD,iShares MSCI EAFE ESG Optimized ETF,31/08/18,Ireland — 0.6%,"Kerry Group PLC, Class A","5,147","5,88,373",,,kerry,KRZ,"KERRY GROUP PLC, CLASS A"
ESGD,iShares MSCI EAFE ESG Optimized ETF,31/08/18,Ireland — 0.6%,Paddy Power Betfair PLC,"3,885","3,54,835","21,60,940",,paddy power betfair,PADDY,PADDY POWER BETFAIR PLC
ESGD,iShares MSCI EAFE ESG Optimized ETF,31/08/18,Israel — 0.5%,Bank Hapoalim BM,"1,06,744","8,01,307",,,bank hapoalim bm,POLI,BANK HAPOALIM BM
ESGD,iShares MSCI EAFE ESG Optimized ETF,31/08/18,Israel — 0.5%,Bank Leumi Le-Israel BM,"66,650","4,48,666",,,bank leumi le israel bm,BANKL,BANK LEUMI LE-ISRAEL BM
ESGD,iShares MSCI EAFE ESG Optimized ETF,31/08/18,Israel — 0.5%,"Teva Pharmaceutical Industries Ltd., ADR, NVS","22,726","5,20,653","17,70,626",,teva pharmaceutical industries adr,TEVA,"TEVA PHARMACEUTICAL INDUSTRIES LTD., ADR, NVS"
ESGD,iShares MSCI EAFE ESG Optimized ETF,31/08/18,Italy — 1.7%,Assicurazioni Generali SpA,"41,169","6,87,127",,,assicurazioni generali,G,ASSICURAZIONI GENERALI SPA
ESGD,iShares MSCI EAFE ESG Optimized ETF,31/08/18,Italy — 1.7%,CNH Industrial NV,"51,361","6,15,513",,,cnh industrial,CNHI.VI,CNH INDUSTRIAL NV
ESGD,iShares MSCI EAFE ESG Optimized ETF,31/08/18,Italy — 1.7%,Enel SpA,"2,38,903","11,84,125",,,enel,ENEL,ENEL SPA
ESGD,iShares MSCI EAFE ESG Optimized ETF,31/08/18,Italy — 1.7%,Fiat Chrysler Automobiles NV,"20,833","3,52,922",,,fiat chrysler automobiles,FIATC,FIAT CHRYSLER AUTOMOBILES NV
ESGD,iShares MSCI EAFE ESG Optimized ETF,31/08/18,Italy — 1.7%,Intesa Sanpaolo SpA,"7,58,620","18,77,846",,,intesa sanpaolo,ISP,INTESA SANPAOLO SPA
ESGD,iShares MSCI EAFE ESG Optimized ETF,31/08/18,Italy — 1.7%,Snam SpA.,"97,110","3,99,524",,,snam,SRG,SNAM SPA.
ESGD,iShares MSCI EAFE ESG Optimized ETF,31/08/18,Italy — 1.7%,Terna Rete Elettrica Nazionale SpA,"72,063","3,79,484",,,terna rete elettrica nazionale,TRN,TERNA RETE ELETTRICA NAZIONALE SPA
ESGD,iShares MSCI EAFE ESG Optimized ETF,31/08/18,Italy — 1.7%,UniCredit SpA,"48,541","7,02,240","61,98,781",,unicredit,UCG,UNICREDIT SPA
ESGD,iShares MSCI EAFE ESG Optimized ETF,31/08/18,Japan — 23.8%,Aeon Co. Ltd.,"38,800","8,42,063",,,aeon,8267,AEON CO. LTD.
ESGD,iShares MSCI EAFE ESG Optimized ETF,31/08/18,Japan — 23.8%,AEON Financial Service Co. Ltd.,"16,800","3,44,681",,,aeon financial service,67J.SG,AEON FINANCIAL SERVICE CO. LTD.
ESGD,iShares MSCI EAFE ESG Optimized ETF,31/08/18,Japan — 23.8%,Ajinomoto Co. Inc.,"22,400","3,80,993",,,ajinomoto,2802,AJINOMOTO CO. INC.
ESGD,iShares MSCI EAFE ESG Optimized ETF,31/08/18,Japan — 23.8%,Alfresa Holdings Corp.,"16,800","4,22,254",,,alfresa,ARHCF,ALFRESA HOLDINGS CORP.
ESGD,iShares MSCI EAFE ESG Optimized ETF,31/08/18,Japan — 23.8%,ANA Holdings Inc.,"11,100","3,85,299",,,ana,9202,ANA HOLDINGS INC.
ESGD,iShares MSCI EAFE ESG Optimized ETF,31/08/18,Japan — 23.8%,Asahi Kasei Corp.,"61,600","9,05,515",,,asahi kasei,3407,ASAHI KASEI CORP.
ESGD,iShares MSCI EAFE ESG Optimized ETF,31/08/18,Japan — 23.8%,Asics Corp.,"22,400","3,35,742",,,asics,7936,ASICS CORP.
ESGD,iShares MSCI EAFE ESG Optimized ETF,31/08/18,Japan — 23.8%,Astellas Pharma Inc.,"77,000","13,06,886",,,astellas pharma,4503,ASTELLAS PHARMA INC.
ESGD,iShares MSCI EAFE ESG Optimized ETF,31/08/18,Japan — 23.8%,Benesse Holdings Inc.,"11,200","3,50,994",,,benesse,BENES,BENESSE HOLDINGS INC.
ESGD,iShares MSCI EAFE ESG Optimized ETF,31/08/18,Japan — 23.8%,Bridgestone Corp.,"16,600","6,12,741",,,bridgestone,5108,BRIDGESTONE CORP.
ESGD,iShares MSCI EAFE ESG Optimized ETF,31/08/18,Japan — 23.8%,Central Japan Railway Co.,"5,500","11,06,845",,,central japan railway,9022,CENTRAL JAPAN RAILWAY CO.
ESGD,iShares MSCI EAFE ESG Optimized ETF,31/08/18,Japan — 23.8%,Chugai Pharmaceutical Co. Ltd.,"11,200","6,50,476",,,chugai pharmaceutical,4519,CHUGAI PHARMACEUTICAL CO. LTD.
ESGD,iShares MSCI EAFE ESG Optimized ETF,31/08/18,Japan — 23.8%,Daifuku Co. Ltd.,"5,700","2,96,605",,,daifuku,6383,DAIFUKU CO. LTD.
ESGD,iShares MSCI EAFE ESG Optimized ETF,31/08/18,Japan — 23.8%,Dai-ichi Life Holdings Inc.,"16,800","3,20,743",,,dai ichi life,8750,DAI-ICHI LIFE HOLDINGS INC.
ESGD,iShares MSCI EAFE ESG Optimized ETF,31/08/18,Japan — 23.8%,Daiichi Sankyo Co. Ltd.,"16,800","6,57,243",,,daiichi sankyo,4568,DAIICHI SANKYO CO. LTD.
ESGD,iShares MSCI EAFE ESG Optimized ETF,31/08/18,Japan — 23.8%,Daikin Industries Ltd.,"11,000","14,05,691",,,daikin industries,6367,DAIKIN INDUSTRIES LTD.
ESGD,iShares MSCI EAFE ESG Optimized ETF,31/08/18,Japan — 23.8%,Daiwa House Industry Co. Ltd.,"28,100","8,58,826",,,daiwa house industry,1925,DAIWA HOUSE INDUSTRY CO. LTD.
ESGD,iShares MSCI EAFE ESG Optimized ETF,31/08/18,Japan — 23.8%,Denso Corp.,"22,100","10,67,281",,,denso,6902,DENSO CORP.
ESGD,iShares MSCI EAFE ESG Optimized ETF,31/08/18,Japan — 23.8%,East Japan Railway Co.,"5,500","4,98,737",,,east japan railway,9020,EAST JAPAN RAILWAY CO.
ESGD,iShares MSCI EAFE ESG Optimized ETF,31/08/18,Japan — 23.8%,Eisai Co. Ltd.,"11,000","9,97,971",,,eisai,4523,EISAI CO. LTD.
ESGD,iShares MSCI EAFE ESG Optimized ETF,31/08/18,Japan — 23.8%,FANUC Corp.,"2,875","5,64,577",,,fanuc,6954,FANUC CORP.
ESGD,iShares MSCI EAFE ESG Optimized ETF,31/08/18,Japan — 23.8%,Fast Retailing Co. Ltd.,"1,100","5,13,965",,,fast retailing,9983,FAST RETAILING CO. LTD.
ESGD,iShares MSCI EAFE ESG Optimized ETF,31/08/18,Japan — 23.8%,Fujitsu Ltd.,"1,10,000","8,06,610",,,fujitsu,6702,FUJITSU LTD.
ESGD,iShares MSCI EAFE ESG Optimized ETF,31/08/18,Japan — 23.8%,Hankyu Hanshin Holdings Inc.,"11,200","4,00,487",,,hankyu hanshin,9042,HANKYU HANSHIN HOLDINGS INC.
ESGD,iShares MSCI EAFE ESG Optimized ETF,31/08/18,Japan — 23.8%,Hitachi Chemical Co. Ltd.,"16,800","3,53,317",,,hitachi chemical,HITAC,HITACHI CHEMICAL CO. LTD.
ESGD,iShares MSCI EAFE ESG Optimized ETF,31/08/18,Japan — 23.8%,Hitachi Construction Machinery Co. Ltd.,"11,200","3,35,338",,,hitachi construction machinery,HCM.SG,HITACHI CONSTRUCTION MACHINERY CO. LTD.
ESGD,iShares MSCI EAFE ESG Optimized ETF,31/08/18,Japan — 23.8%,Hitachi Ltd.,"1,10,000","7,19,710",,,hitachi,6501,HITACHI LTD.
ESGD,iShares MSCI EAFE ESG Optimized ETF,31/08/18,Japan — 23.8%,Hitachi Metals Ltd.,"33,600","3,89,073",,,hitachi metals,HITAC2,HITACHI METALS LTD.
ESGD,iShares MSCI EAFE ESG Optimized ETF,31/08/18,Japan — 23.8%,Honda Motor Co. Ltd.,"60,500","17,96,149",,,honda motor,7267,HONDA MOTOR CO. LTD.
ESGD,iShares MSCI EAFE ESG Optimized ETF,31/08/18,Japan — 23.8%,Hoya Corp.,"5,600","3,28,117",,,hoya,7741,HOYA CORP.
ESGD,iShares MSCI EAFE ESG Optimized ETF,31/08/18,Japan — 23.8%,Idemitsu Kosan Co. Ltd.,"5,600","2,83,321",,,idemitsu kosan,5019,IDEMITSU KOSAN CO. LTD.
ESGD,iShares MSCI EAFE ESG Optimized ETF,31/08/18,Japan — 23.8%,Inpex Corp.,"93,600","10,25,603",,,inpex,1605,INPEX CORP.
ESGD,iShares MSCI EAFE ESG Optimized ETF,31/08/18,Japan — 23.8%,JFE Holdings Inc.,"16,800","3,68,392",,,jfe,5411,JFE HOLDINGS INC.
ESGD,iShares MSCI EAFE ESG Optimized ETF,31/08/18,Japan — 23.8%,JXTG Holdings Inc.,"1,40,200","9,89,245",,,jxtg,JHJ.SG,JXTG HOLDINGS INC.
ESGD,iShares MSCI EAFE ESG Optimized ETF,31/08/18,Japan — 23.8%,Kajima Corp.,"56,000","4,04,022",,,kajima,1812,KAJIMA CORP.
ESGD,iShares MSCI EAFE ESG Optimized ETF,31/08/18,Japan — 23.8%,Kansai Paint Co. Ltd.,"16,900","3,34,845",,,kansai paint,KAP0.F,KANSAI PAINT CO. LTD.
ESGD,iShares MSCI EAFE ESG Optimized ETF,31/08/18,Japan — 23.8%,Kao Corp.,"11,100","8,63,395",,,kao,4452,KAO CORP.
ESGD,iShares MSCI EAFE ESG Optimized ETF,31/08/18,Japan — 23.8%,Kawasaki Heavy Industries Ltd.,"11,200","3,07,057",,,kawasaki heavy industries,KWHIY,KAWASAKI HEAVY INDUSTRIES LTD.
ESGD,iShares MSCI EAFE ESG Optimized ETF,31/08/18,Japan — 23.8%,KDDI Corp.,"66,100","17,53,169",,,kddi,9433,KDDI CORP.
ESGD,iShares MSCI EAFE ESG Optimized ETF,31/08/18,Japan — 23.8%,Keio Corp.,"5,600","2,78,270",,,keio,KTERF,KEIO CORP.
ESGD,iShares MSCI EAFE ESG Optimized ETF,31/08/18,Japan — 23.8%,Keyence Corp.,"1,900","10,77,612",,,keyence,6861,KEYENCE CORP.
ESGD,iShares MSCI EAFE ESG Optimized ETF,31/08/18,Japan — 23.8%,Kirin Holdings Co. Ltd.,"22,400","5,55,025",,,kirin,2503,KIRIN HOLDINGS CO. LTD.
ESGD,iShares MSCI EAFE ESG Optimized ETF,31/08/18,Japan — 23.8%,Komatsu Ltd.,"33,600","9,57,836",,,komatsu,6301,KOMATSU LTD.
ESGD,iShares MSCI EAFE ESG Optimized ETF,31/08/18,Japan — 23.8%,Konica Minolta Inc.,"39,200","3,99,830",,,konica minolta,KPI1.SG,KONICA MINOLTA INC.
ESGD,iShares MSCI EAFE ESG Optimized ETF,31/08/18,Japan — 23.8%,Kubota Corp.,"33,600","5,26,188",,,kubota,6326,KUBOTA CORP.
ESGD,iShares MSCI EAFE ESG Optimized ETF,31/08/18,Japan — 23.8%,Kuraray Co. Ltd.,"33,200","4,82,648",,,kuraray,KUY.SG,KURARAY CO. LTD.
ESGD,iShares MSCI EAFE ESG Optimized ETF,31/08/18,Japan — 23.8%,Kyocera Corp.,"12,400","7,83,911",,,kyocera,6971,KYOCERA CORP.
ESGD,iShares MSCI EAFE ESG Optimized ETF,31/08/18,Japan — 23.8%,Kyowa Hakko Kirin Co. Ltd.,"17,100","3,03,801",,,kyowa hakko kirin,KY4.SG,KYOWA HAKKO KIRIN CO. LTD.
ESGD,iShares MSCI EAFE ESG Optimized ETF,31/08/18,Japan — 23.8%,Kyushu Railway Co.,"16,800","5,06,038",,,kyushu railway,KYHHY,KYUSHU RAILWAY CO.
ESGD,iShares MSCI EAFE ESG Optimized ETF,31/08/18,Japan — 23.8%,Lawson Inc.,"5,600","3,29,278",,,lawson,LAWSO,LAWSON INC.
ESGD,iShares MSCI EAFE ESG Optimized ETF,31/08/18,Japan — 23.8%,Mitsubishi Chemical Holdings Corp.,"55,700","5,00,313",,,mitsubishi chemical,4188,MITSUBISHI CHEMICAL HOLDINGS CORP.
ESGD,iShares MSCI EAFE ESG Optimized ETF,31/08/18,Japan — 23.8%,Mitsubishi Corp.,"16,800","4,80,433",,,mitsubishi,8058,MITSUBISHI CORP.
ESGD,iShares MSCI EAFE ESG Optimized ETF,31/08/18,Japan — 23.8%,Mitsubishi Electric Corp.,"56,000","7,57,542",,,mitsubishi electric,6503,MITSUBISHI ELECTRIC CORP.
ESGD,iShares MSCI EAFE ESG Optimized ETF,31/08/18,Japan — 23.8%,Mitsubishi Estate Co. Ltd.,"22,400","3,72,609",,,mitsubishi estate,8802,MITSUBISHI ESTATE CO. LTD.
ESGD,iShares MSCI EAFE ESG Optimized ETF,31/08/18,Japan — 23.8%,Mitsubishi Heavy Industries Ltd.,"11,200","4,16,749",,,mitsubishi heavy industries,7011,MITSUBISHI HEAVY INDUSTRIES LTD.
ESGD,iShares MSCI EAFE ESG Optimized ETF,31/08/18,Japan — 23.8%,Mitsubishi UFJ Financial Group Inc.,"2,99,500","18,11,828",,,mitsubishi ufj financial,8306,MITSUBISHI UFJ FINANCIAL GROUP INC.
ESGD,iShares MSCI EAFE ESG Optimized ETF,31/08/18,Japan — 23.8%,Mitsui Fudosan Co. Ltd.,"22,400","5,14,017",,,mitsui fudosan,8801,MITSUI FUDOSAN CO. LTD.
ESGD,iShares MSCI EAFE ESG Optimized ETF,31/08/18,Japan — 23.8%,Mizuho Financial Group Inc.,"8,45,700","14,87,993",,,mizuho financial,8411,MIZUHO FINANCIAL GROUP INC.
ESGD,iShares MSCI EAFE ESG Optimized ETF,31/08/18,Japan — 23.8%,MS&AD Insurance Group Holdings Inc.,"11,200","3,44,934",,,ms and ad insurance,8725,MS&AD INSURANCE GROUP HOLDINGS INC.
ESGD,iShares MSCI EAFE ESG Optimized ETF,31/08/18,Japan — 23.8%,Murata Manufacturing Co. Ltd.,"5,600","9,68,896",,,murata manufacturing,6981,MURATA MANUFACTURING CO. LTD.
ESGD,iShares MSCI EAFE ESG Optimized ETF,31/08/18,Japan — 23.8%,NEC Corp.,"11,000","3,04,550",,,nec,6701,NEC CORP.
ESGD,iShares MSCI EAFE ESG Optimized ETF,31/08/18,Japan — 23.8%,NGK Insulators Ltd.,"22,500","3,67,272",,,ngk insulators,NGKIF,NGK INSULATORS LTD.
ESGD,iShares MSCI EAFE ESG Optimized ETF,31/08/18,Japan — 23.8%,NGK Spark Plug Co. Ltd.,"16,800","4,78,766",,,ngk spark plug,NGK.SG,NGK SPARK PLUG CO. LTD.
ESGD,iShares MSCI EAFE ESG Optimized ETF,31/08/18,Japan — 23.8%,Nidec Corp.,"5,500","7,98,823",,,nidec,6594,NIDEC CORP.
ESGD,iShares MSCI EAFE ESG Optimized ETF,31/08/18,Japan — 23.8%,Nintendo Co. Ltd.,"2,608","9,44,558",,,nintendo,7974,NINTENDO CO. LTD.
ESGD,iShares MSCI EAFE ESG Optimized ETF,31/08/18,Japan — 23.8%,Nippon Express Co. Ltd.,"5,600","3,51,499",,,nippon express,NIPPO,NIPPON EXPRESS CO. LTD.
ESGD,iShares MSCI EAFE ESG Optimized ETF,31/08/18,Japan — 23.8%,Nippon Steel &Sumitomo Metal Corp.,"28,000","5,64,495",,,nippon steel and sumitomo metal,NIPPO3,NIPPON STEEL &SUMITOMO METAL CORP.
ESGD,iShares MSCI EAFE ESG Optimized ETF,31/08/18,Japan — 23.8%,Nippon Telegraph & Telephone Corp.,"16,500","7,36,574",,,nippon telegraph and telephone,NTT.SG,NIPPON TELEGRAPH & TELEPHONE CORP.
ESGD,iShares MSCI EAFE ESG Optimized ETF,31/08/18,Japan — 23.8%,Nitori Holdings Co. Ltd.,"1,000","1,52,140",,,nitori,9843,NITORI HOLDINGS CO. LTD.
ESGD,iShares MSCI EAFE ESG Optimized ETF,31/08/18,Japan — 23.8%,Nitto Denko Corp.,"5,500","4,27,957",,,nitto denko,6988,NITTO DENKO CORP.
ESGD,iShares MSCI EAFE ESG Optimized ETF,31/08/18,Japan — 23.8%,Nomura Holdings Inc.,"77,000","3,53,109",,,nomura,8604,NOMURA HOLDINGS INC.
ESGD,iShares MSCI EAFE ESG Optimized ETF,31/08/18,Japan — 23.8%,Nomura Research Institute Ltd.,"5,790","2,88,756",,,nomura research institute,4307,NOMURA RESEARCH INSTITUTE LTD.
ESGD,iShares MSCI EAFE ESG Optimized ETF,31/08/18,Japan — 23.8%,NTT DOCOMO Inc.,"77,000","20,03,382",,,ntt docomo,NTTDO,NTT DOCOMO INC.
ESGD,iShares MSCI EAFE ESG Optimized ETF,31/08/18,Japan — 23.8%,Obayashi Corp.,"39,200","3,68,014",,,obayashi,1802,OBAYASHI CORP.
ESGD,iShares MSCI EAFE ESG Optimized ETF,31/08/18,Japan — 23.8%,Odakyu Electric Railway Co. Ltd.,"16,800","3,64,075",,,odakyu electric railway,9007.T,ODAKYU ELECTRIC RAILWAY CO. LTD.
ESGD,iShares MSCI EAFE ESG Optimized ETF,31/08/18,Japan — 23.8%,Omron Corp.,"16,600","7,44,781",,,omron,6645,OMRON CORP.
ESGD,iShares MSCI EAFE ESG Optimized ETF,31/08/18,Japan — 23.8%,Ono Pharmaceutical Co. Ltd.,"16,800","4,42,404",,,ono pharmaceutical,4528,ONO PHARMACEUTICAL CO. LTD.
ESGD,iShares MSCI EAFE ESG Optimized ETF,31/08/18,Japan — 23.8%,Oriental Land Co. Ltd./Japan,"5,600","6,01,236",,,oriental land japan,ORIEN,ORIENTAL LAND CO. LTD./JAPAN
ESGD,iShares MSCI EAFE ESG Optimized ETF,31/08/18,Japan — 23.8%,ORIX Corp.,"50,200","8,09,013",,,orix,8591,ORIX CORP.
ESGD,iShares MSCI EAFE ESG Optimized ETF,31/08/18,Japan — 23.8%,Osaka Gas Co. Ltd.,"51,300","9,60,212",,,osaka gas,OSA.SG,OSAKA GAS CO. LTD.
ESGD,iShares MSCI EAFE ESG Optimized ETF,31/08/18,Japan — 23.8%,Otsuka Holdings Co. Ltd.,"11,200","5,26,340",,,otsuka,OTSKY,OTSUKA HOLDINGS CO. LTD.
ESGD,iShares MSCI EAFE ESG Optimized ETF,31/08/18,Japan — 23.8%,Panasonic Corp.,"78,400","9,37,887",,,panasonic,6752,PANASONIC CORP.
ESGD,iShares MSCI EAFE ESG Optimized ETF,31/08/18,Japan — 23.8%,Rakuten Inc.,"55,000","4,21,558",,,rakuten,4755,RAKUTEN INC.
ESGD,iShares MSCI EAFE ESG Optimized ETF,31/08/18,Japan — 23.8%,Recruit Holdings Co. Ltd.,"33,800","10,32,426",,,recruit,6098,RECRUIT HOLDINGS CO. LTD.
ESGD,iShares MSCI EAFE ESG Optimized ETF,31/08/18,Japan — 23.8%,Resona Holdings Inc.,"84,000","4,77,175",,,resona,8308,RESONA HOLDINGS INC.
ESGD,iShares MSCI EAFE ESG Optimized ETF,31/08/18,Japan — 23.8%,Rohm Co. Ltd.,"5,600","5,06,543",,,rohm,ROHCY,ROHM CO. LTD.
ESGD,iShares MSCI EAFE ESG Optimized ETF,31/08/18,Japan — 23.8%,Santen Pharmaceutical Co. Ltd.,"22,000","3,39,667",,,santen pharmaceutical,SZD.F,SANTEN PHARMACEUTICAL CO. LTD.
ESGD,iShares MSCI EAFE ESG Optimized ETF,31/08/18,Japan — 23.8%,Sekisui Chemical Co. Ltd.,"44,100","7,68,374",,,sekisui chemical,4204,SEKISUI CHEMICAL CO. LTD.
ESGD,iShares MSCI EAFE ESG Optimized ETF,31/08/18,Japan — 23.8%,Sekisui House Ltd.,"44,000","7,19,610",,,sekisui house,1928,SEKISUI HOUSE LTD.
ESGD,iShares MSCI EAFE ESG Optimized ETF,31/08/18,Japan — 23.8%,Seven & i Holdings Co. Ltd.,"11,200","4,57,050",,,seven and i,3382,SEVEN & I HOLDINGS CO. LTD.
ESGD,iShares MSCI EAFE ESG Optimized ETF,31/08/18,Japan — 23.8%,Shimadzu Corp.,"16,800","4,99,220",,,shimadzu,7701,SHIMADZU CORP.
ESGD,iShares MSCI EAFE ESG Optimized ETF,31/08/18,Japan — 23.8%,Shimizu Corp.,"55,800","4,89,134",,,shimizu,SHMUF,SHIMIZU CORP.
ESGD,iShares MSCI EAFE ESG Optimized ETF,31/08/18,Japan — 23.8%,Shin-Etsu Chemical Co. Ltd.,"6,800","6,39,311",,,shin etsu chemical,4063,SHIN-ETSU CHEMICAL CO. LTD.
ESGD,iShares MSCI EAFE ESG Optimized ETF,31/08/18,Japan — 23.8%,Shionogi & Co. Ltd.,"11,200","6,52,092",,,shionogi and,SH0.SG,SHIONOGI & CO. LTD.
ESGD,iShares MSCI EAFE ESG Optimized ETF,31/08/18,Japan — 23.8%,Shiseido Co. Ltd.,"5,600","3,95,134",,,shiseido,4911,SHISEIDO CO. LTD.
ESGD,iShares MSCI EAFE ESG Optimized ETF,31/08/18,Japan — 23.8%,Showa Denko KK,"5,500","2,62,389",,,showa denko kk,SWD.SG,SHOWA DENKO KK
ESGD,iShares MSCI EAFE ESG Optimized ETF,31/08/18,Japan — 23.8%,Showa Shell Sekiyu KK,"22,600","4,56,749",,,showa shell sekiyu kk,SHOWA,SHOWA SHELL SEKIYU KK
ESGD,iShares MSCI EAFE ESG Optimized ETF,31/08/18,Japan — 23.8%,SoftBank Group Corp.,"22,000","20,43,559",,,softbank,SFT.SG,SOFTBANK GROUP CORP.
ESGD,iShares MSCI EAFE ESG Optimized ETF,31/08/18,Japan — 23.8%,Sohgo Security Services Co. Ltd.,"11,100","4,89,507",,,sohgo security services,SOHGO,SOHGO SECURITY SERVICES CO. LTD.
ESGD,iShares MSCI EAFE ESG Optimized ETF,31/08/18,Japan — 23.8%,Sompo Holdings Inc.,"11,400","4,87,727",,,sompo,8630,SOMPO HOLDINGS INC.
ESGD,iShares MSCI EAFE ESG Optimized ETF,31/08/18,Japan — 23.8%,Sony Corp.,"38,500","22,04,067",,,sony,6758,SONY CORP.
ESGD,iShares MSCI EAFE ESG Optimized ETF,31/08/18,Japan — 23.8%,Stanley Electric Co. Ltd.,"11,200","3,88,366",,,stanley electric,STAA.F,STANLEY ELECTRIC CO. LTD.
ESGD,iShares MSCI EAFE ESG Optimized ETF,31/08/18,Japan — 23.8%,Subaru Corp.,"11,200","3,33,419",,,subaru,7270,SUBARU CORP.
ESGD,iShares MSCI EAFE ESG Optimized ETF,31/08/18,Japan — 23.8%,Sumitomo Chemical Co. Ltd.,"1,12,000","6,37,345",,,sumitomo chemical,SMM.SG,SUMITOMO CHEMICAL CO. LTD.
ESGD,iShares MSCI EAFE ESG Optimized ETF,31/08/18,Japan — 23.8%,Sumitomo Corp.,"16,800","2,73,245",,,sumitomo,SSUMF,SUMITOMO CORP.
ESGD,iShares MSCI EAFE ESG Optimized ETF,31/08/18,Japan — 23.8%,Sumitomo Dainippon Pharma Co. Ltd.,"22,600","4,82,022",,,sumitomo dainippon pharma,SUMIT,SUMITOMO DAINIPPON PHARMA CO. LTD.
ESGD,iShares MSCI EAFE ESG Optimized ETF,31/08/18,Japan — 23.8%,Sumitomo Metal Mining Co. Ltd.,"11,000","3,56,135",,,sumitomo metal mining,5713,SUMITOMO METAL MINING CO. LTD.
ESGD,iShares MSCI EAFE ESG Optimized ETF,31/08/18,Japan — 23.8%,Sumitomo Mitsui Financial Group Inc.,"39,200","15,48,769",,,sumitomo mitsui financial,SMFG,SUMITOMO MITSUI FINANCIAL GROUP INC.
ESGD,iShares MSCI EAFE ESG Optimized ETF,31/08/18,Japan — 23.8%,Sumitomo Mitsui Trust Holdings Inc.,"22,500","9,05,195",,,sumitomo mitsui trust,8309,SUMITOMO MITSUI TRUST HOLDINGS INC.
ESGD,iShares MSCI EAFE ESG Optimized ETF,31/08/18,Japan — 23.8%,Suntory Beverage & Food Ltd.,"11,000","4,51,865",,,suntory beverage and food,2587,SUNTORY BEVERAGE & FOOD LTD.
ESGD,iShares MSCI EAFE ESG Optimized ETF,31/08/18,Japan — 23.8%,Sysmex Corp.,"5,600","4,86,847",,,sysmex,6869,SYSMEX CORP.
ESGD,iShares MSCI EAFE ESG Optimized ETF,31/08/18,Japan — 23.8%,T&D Holdings Inc.,"22,000","3,35,203",,,t and d,8795,T&D HOLDINGS INC.
ESGD,iShares MSCI EAFE ESG Optimized ETF,31/08/18,Japan — 23.8%,Taisei Corp.,"5,600","2,50,999",,,taisei,1801,TAISEI CORP.
ESGD,iShares MSCI EAFE ESG Optimized ETF,31/08/18,Japan — 23.8%,Takeda Pharmaceutical Co. Ltd.,"22,400","9,39,958",,,takeda pharmaceutical,4502,TAKEDA PHARMACEUTICAL CO. LTD.
ESGD,iShares MSCI EAFE ESG Optimized ETF,31/08/18,Japan — 23.8%,TDK Corp.,"5,500","6,19,516",,,tdk,6762,TDK CORP.
ESGD,iShares MSCI EAFE ESG Optimized ETF,31/08/18,Japan — 23.8%,Teijin Ltd.,"28,000","5,55,783",,,teijin,TIJ.SG,TEIJIN LTD.
ESGD,iShares MSCI EAFE ESG Optimized ETF,31/08/18,Japan — 23.8%,THK Co. Ltd.,"16,600","4,45,521",,,thk,1TK.SG,THK CO. LTD.
ESGD,iShares MSCI EAFE ESG Optimized ETF,31/08/18,Japan — 23.8%,Tokio Marine Holdings Inc..,"22,000","10,39,040",,,tokio marine,8766,TOKIO MARINE HOLDINGS INC..
ESGD,iShares MSCI EAFE ESG Optimized ETF,31/08/18,Japan — 23.8%,Tokyo Electron Ltd.,"5,600","9,53,240",,,tokyo electron,8035,TOKYO ELECTRON LTD.
ESGD,iShares MSCI EAFE ESG Optimized ETF,31/08/18,Japan — 23.8%,Tokyo Gas Co. Ltd.,"22,400","5,31,895",,,tokyo gas,9531,TOKYO GAS CO. LTD.
ESGD,iShares MSCI EAFE ESG Optimized ETF,31/08/18,Japan — 23.8%,Tokyu Corp.,"44,200","7,30,256",,,tokyu,9005,TOKYU CORP.
ESGD,iShares MSCI EAFE ESG Optimized ETF,31/08/18,Japan — 23.8%,Toray Industries Inc.,"78,400","5,89,458",,,toray industries,3402,TORAY INDUSTRIES INC.
ESGD,iShares MSCI EAFE ESG Optimized ETF,31/08/18,Japan — 23.8%,Toyo Suisan Kaisha Ltd.,"11,000","4,06,232",,,toyo suisan kaisha,TSUKY,TOYO SUISAN KAISHA LTD.
ESGD,iShares MSCI EAFE ESG Optimized ETF,31/08/18,Japan — 23.8%,Toyota Motor Corp.,"52,200","32,62,353",,,toyota motor,7203,TOYOTA MOTOR CORP.
ESGD,iShares MSCI EAFE ESG Optimized ETF,31/08/18,Japan — 23.8%,West Japan Railway Co.,"5,600","3,76,549",,,west japan railway,9021,WEST JAPAN RAILWAY CO.
ESGD,iShares MSCI EAFE ESG Optimized ETF,31/08/18,Japan — 23.8%,Yamaha Corp.,"6,400","3,06,480",,,yamaha,YAMCY,YAMAHA CORP.
ESGD,iShares MSCI EAFE ESG Optimized ETF,31/08/18,Japan — 23.8%,Yamaha Motor Co. Ltd.,"16,600","4,21,718",,,yamaha motor,7272,YAMAHA MOTOR CO. LTD.
ESGD,iShares MSCI EAFE ESG Optimized ETF,31/08/18,Japan — 23.8%,Yaskawa Electric Corp.,"12,800","4,30,572",,,yaskawa electric,YASKY,YASKAWA ELECTRIC CORP.
ESGD,iShares MSCI EAFE ESG Optimized ETF,31/08/18,Japan — 23.8%,Yokogawa Electric Corp.,"22,400","4,60,383","8,55,25,228",,yokogawa electric,6841,YOKOGAWA ELECTRIC CORP.
ESGD,iShares MSCI EAFE ESG Optimized ETF,31/08/18,Netherlands — 3.4%,Aegon NV,"55,078","3,31,054",,,aegon,AGN,AEGON NV
ESGD,iShares MSCI EAFE ESG Optimized ETF,31/08/18,Netherlands — 3.4%,Akzo Nobel NV,"8,892","8,33,047",,,akzo nobel,AKZA,AKZO NOBEL NV
ESGD,iShares MSCI EAFE ESG Optimized ETF,31/08/18,Netherlands — 3.4%,ASML Holding NV,"11,665","23,83,825",,,asml holding,ASML,ASML HOLDING NV
ESGD,iShares MSCI EAFE ESG Optimized ETF,31/08/18,Netherlands — 3.4%,Heineken NV,"6,604","6,54,195",,,heineken,HEIA,HEINEKEN NV
ESGD,iShares MSCI EAFE ESG Optimized ETF,31/08/18,Netherlands — 3.4%,ING Groep NV,"84,947","11,55,390",,,ing groep,INGA,ING GROEP NV
ESGD,iShares MSCI EAFE ESG Optimized ETF,31/08/18,Netherlands — 3.4%,Koninklijke Ahold Delhaize NV,"26,935","6,56,862",,,koninklijke ahold delhaize,AD,KONINKLIJKE AHOLD DELHAIZE NV
ESGD,iShares MSCI EAFE ESG Optimized ETF,31/08/18,Netherlands — 3.4%,Koninklijke DSM NV,"7,118","7,48,508",,,koninklijke dsm,KONIN,KONINKLIJKE DSM NV
ESGD,iShares MSCI EAFE ESG Optimized ETF,31/08/18,Netherlands — 3.4%,Koninklijke Philips NV,"19,100","8,55,357",,,koninklijke philips,PHIA,KONINKLIJKE PHILIPS NV
ESGD,iShares MSCI EAFE ESG Optimized ETF,31/08/18,Netherlands — 3.4%,Koninklijke Vopak NV,"8,935","4,61,577",,,koninklijke vopak,VPKA.XC,KONINKLIJKE VOPAK NV
ESGD,iShares MSCI EAFE ESG Optimized ETF,31/08/18,Netherlands — 3.4%,NXP Semiconductors NV,"6,034","5,62,007",,,nxp semiconductors,NXPI,NXP SEMICONDUCTORS NV
ESGD,iShares MSCI EAFE ESG Optimized ETF,31/08/18,Netherlands — 3.4%,Randstad NV,"5,697","3,57,672",,,randstad,RANJY,RANDSTAD NV
ESGD,iShares MSCI EAFE ESG Optimized ETF,31/08/18,Netherlands — 3.4%,RELX NV,"42,190","9,36,600",,,relx,REL,RELX NV
ESGD,iShares MSCI EAFE ESG Optimized ETF,31/08/18,Netherlands — 3.4%,"Unilever NV, CVA","32,931","18,98,327",,,unilever cva,UNILE2,"UNILEVER NV, CVA"
ESGD,iShares MSCI EAFE ESG Optimized ETF,31/08/18,Netherlands — 3.4%,Wolters Kluwer NV,"7,054","4,48,120","1,22,82,541",,wolters kluwer,WKL,WOLTERS KLUWER NV
ESGD,iShares MSCI EAFE ESG Optimized ETF,31/08/18,New Zealand — 0.3%,Auckland International Airport Ltd.,"90,890","4,30,883",,,auckland international airport,AIA,AUCKLAND INTERNATIONAL AIRPORT LTD.
ESGD,iShares MSCI EAFE ESG Optimized ETF,31/08/18,New Zealand — 0.3%,Fletcher Building Ltd.,"79,066","3,33,647",,,fletcher building,FLQ.SG,FLETCHER BUILDING LTD.
ESGD,iShares MSCI EAFE ESG Optimized ETF,31/08/18,New Zealand — 0.3%,Ryman Healthcare Ltd.,"45,414","4,24,563","11,89,093",,ryman healthcare,RYHTY,RYMAN HEALTHCARE LTD.
ESGD,iShares MSCI EAFE ESG Optimized ETF,31/08/18,Norway — 1.1%,Equinor ASA,"85,119","21,89,376",,,equinor asa,EQNR,EQUINOR ASA
ESGD,iShares MSCI EAFE ESG Optimized ETF,31/08/18,Norway — 1.1%,Norsk Hydro ASA,"82,459","4,56,632",,,norsk hydro asa,NHYDY,NORSK HYDRO ASA
ESGD,iShares MSCI EAFE ESG Optimized ETF,31/08/18,Norway — 1.1%,Orkla ASA,"60,861","5,02,160",,,orkla asa,ORKLY,ORKLA ASA
ESGD,iShares MSCI EAFE ESG Optimized ETF,31/08/18,Norway — 1.1%,Telenor ASA,"31,037","5,86,766","37,34,934",,telenor asa,TELNY,TELENOR ASA
ESGD,iShares MSCI EAFE ESG Optimized ETF,31/08/18,Portugal — 0.4%,EDP - Energias de Portugal SA,"90,120","3,52,836",,,edp energias de portugal,EDP,EDP - ENERGIAS DE PORTUGAL SA
ESGD,iShares MSCI EAFE ESG Optimized ETF,31/08/18,Portugal — 0.4%,Galp Energia SGPS SA,"57,322","11,65,146","15,17,982",,galp energia sgps,GALP,GALP ENERGIA SGPS SA
ESGD,iShares MSCI EAFE ESG Optimized ETF,31/08/18,Singapore — 1.3%,CapitaLand Ltd.,"1,84,400","4,61,656",,,capitaland,CAPIT,CAPITALAND LTD.
ESGD,iShares MSCI EAFE ESG Optimized ETF,31/08/18,Singapore — 1.3%,City Developments Ltd.,"78,200","5,29,686",,,city developments,CDE.SG,CITY DEVELOPMENTS LTD.
ESGD,iShares MSCI EAFE ESG Optimized ETF,31/08/18,Singapore — 1.3%,DBS Group Holdings Ltd.,"68,000","12,38,349",,,dbs,D05,DBS GROUP HOLDINGS LTD.
ESGD,iShares MSCI EAFE ESG Optimized ETF,31/08/18,Singapore — 1.3%,Keppel Corp. Ltd.,"1,12,000","5,33,820",,,keppel,BN4,KEPPEL CORP. LTD.
ESGD,iShares MSCI EAFE ESG Optimized ETF,31/08/18,Singapore — 1.3%,Oversea-Chinese Banking Corp. Ltd.,"60,500","4,98,996",,,oversea chinese banking,O39,OVERSEA-CHINESE BANKING CORP. LTD.
ESGD,iShares MSCI EAFE ESG Optimized ETF,31/08/18,Singapore — 1.3%,Singapore Airlines Ltd.,"50,900","3,64,089",,,singapore airlines,C6L,SINGAPORE AIRLINES LTD.
ESGD,iShares MSCI EAFE ESG Optimized ETF,31/08/18,Singapore — 1.3%,Singapore Telecommunications Ltd.,"2,58,800","6,10,141",,,singapore telecommunications,Z74,SINGAPORE TELECOMMUNICATIONS LTD.
ESGD,iShares MSCI EAFE ESG Optimized ETF,31/08/18,Singapore — 1.3%,United Overseas Bank Ltd.,"22,100","4,36,500","46,73,237",,united overseas bank,U11,UNITED OVERSEAS BANK LTD.
ESGD,iShares MSCI EAFE ESG Optimized ETF,31/08/18,Spain — 3.2%,Amadeus IT Group SA,"13,624","12,66,853",,,amadeus it,AMS,AMADEUS IT GROUP SA
ESGD,iShares MSCI EAFE ESG Optimized ETF,31/08/18,Spain — 3.2%,Banco Bilbao Vizcaya Argentaria SA,"2,78,488","17,39,991",,,banco bilbao vizcaya argentaria,BBVA,BANCO BILBAO VIZCAYA ARGENTARIA SA
ESGD,iShares MSCI EAFE ESG Optimized ETF,31/08/18,Spain — 3.2%,Banco Santander SA,"2,43,797","12,16,324",,,banco santander,SAN,BANCO SANTANDER SA
ESGD,iShares MSCI EAFE ESG Optimized ETF,31/08/18,Spain — 3.2%,Enagas SA,"3,480","96,973",,,enagas,ENGE.XD,ENAGAS SA
ESGD,iShares MSCI EAFE ESG Optimized ETF,31/08/18,Spain — 3.2%,Ferrovial SA,"20,500","4,44,239",,,ferrovial,FER,FERROVIAL SA
ESGD,iShares MSCI EAFE ESG Optimized ETF,31/08/18,Spain — 3.2%,Iberdrola SA,"2,36,186","17,64,781",,,iberdrola,IBE,IBERDROLA SA
ESGD,iShares MSCI EAFE ESG Optimized ETF,31/08/18,Spain — 3.2%,Industria de Diseno Textil SA,"36,871","11,17,529",,,industria de diseno textil,ITXE.XD,INDUSTRIA DE DISENO TEXTIL SA
ESGD,iShares MSCI EAFE ESG Optimized ETF,31/08/18,Spain — 3.2%,Naturgy Energy Group SA,"22,473","6,04,788",,,naturgy energy,GAS.VI,NATURGY ENERGY GROUP SA
ESGD,iShares MSCI EAFE ESG Optimized ETF,31/08/18,Spain — 3.2%,Red Electrica Corp. SA,"22,074","4,64,864",,,red electrica,REE.VI,RED ELECTRICA CORP. SA
ESGD,iShares MSCI EAFE ESG Optimized ETF,31/08/18,Spain — 3.2%,Repsol SA,"1,17,088","22,56,681",,,repsol,REP,REPSOL SA
ESGD,iShares MSCI EAFE ESG Optimized ETF,31/08/18,Spain — 3.2%,Telefonica SA,"74,309","6,04,085","1,15,77,108",,telefonica,TEF,TELEFONICA SA
ESGD,iShares MSCI EAFE ESG Optimized ETF,31/08/18,Sweden — 2.8%,"Assa Abloy AB, Class B","24,806","5,06,087",,,assa abloy ab,ALZC.F,"ASSA ABLOY AB, CLASS B"
ESGD,iShares MSCI EAFE ESG Optimized ETF,31/08/18,Sweden — 2.8%,"Atlas Copco AB, Class A","19,703","5,62,207",,,atlas copco ab,ATCO-B.ST,"ATLAS COPCO AB, CLASS A"
ESGD,iShares MSCI EAFE ESG Optimized ETF,31/08/18,Sweden — 2.8%,"Atlas Copco AB, Class B","12,598","3,33,411",,,atlas copco ab,ATCO-B.ST,"ATLAS COPCO AB, CLASS B"
ESGD,iShares MSCI EAFE ESG Optimized ETF,31/08/18,Sweden — 2.8%,Boliden AB,"25,442","6,66,650",,,boliden ab,BOL.ST,BOLIDEN AB
ESGD,iShares MSCI EAFE ESG Optimized ETF,31/08/18,Sweden — 2.8%,"Essity AB, Class B","32,807","8,51,015",,,essity ab,ESSITY-B.ST,"ESSITY AB, CLASS B"
ESGD,iShares MSCI EAFE ESG Optimized ETF,31/08/18,Sweden — 2.8%,"Hennes & Mauritz AB, Class B","32,071","4,32,530",,,hennes and mauritz ab,HM-B.ST,"HENNES & MAURITZ AB, CLASS B"
ESGD,iShares MSCI EAFE ESG Optimized ETF,31/08/18,Sweden — 2.8%,"Investor AB, Class B","5,238","2,36,604",,,investor ab,INVE-B.ST,"INVESTOR AB, CLASS B"
ESGD,iShares MSCI EAFE ESG Optimized ETF,31/08/18,Sweden — 2.8%,"Kinnevik AB, Class B","11,636","3,82,583",,,kinnevik ab,KINV-B.ST,"KINNEVIK AB, CLASS B"
ESGD,iShares MSCI EAFE ESG Optimized ETF,31/08/18,Sweden — 2.8%,Lundin Petroleum AB,"15,211","5,28,929",,,lundin petroleum ab,LYV.SG,LUNDIN PETROLEUM AB
ESGD,iShares MSCI EAFE ESG Optimized ETF,31/08/18,Sweden — 2.8%,Modern Times Group MTG AB (a)(d),"10,581",521,,,modern times mtg ab a d,MODER,MODERN TIMES GROUP MTG AB (A)(D)
ESGD,iShares MSCI EAFE ESG Optimized ETF,31/08/18,Sweden — 2.8%,Nordea Bank AB,"41,212","4,45,660",,,nordea bank ab,NDA-FI.HE,NORDEA BANK AB
ESGD,iShares MSCI EAFE ESG Optimized ETF,31/08/18,Sweden — 2.8%,Sandvik AB,"27,798","4,86,958",,,sandvik ab,SAND.ST,SANDVIK AB
ESGD,iShares MSCI EAFE ESG Optimized ETF,31/08/18,Sweden — 2.8%,"Skandinaviska Enskilda Banken AB, Class A","61,908","6,61,331",,,skandinaviska enskilda banken ab,SEB-C.ST,"SKANDINAVISKA ENSKILDA BANKEN AB, CLASS A"
ESGD,iShares MSCI EAFE ESG Optimized ETF,31/08/18,Sweden — 2.8%,"Skanska AB, Class B","17,497","3,28,819",,,skanska ab,SKA-B.ST,"SKANSKA AB, CLASS B"
ESGD,iShares MSCI EAFE ESG Optimized ETF,31/08/18,Sweden — 2.8%,"SKF AB, Class B","17,876","3,43,865",,,skf ab,SKFD.MU,"SKF AB, CLASS B"
ESGD,iShares MSCI EAFE ESG Optimized ETF,31/08/18,Sweden — 2.8%,"Svenska Handelsbanken AB, Class A","23,760","2,88,274",,,svenska handelsbanken ab,SHB-B.ST,"SVENSKA HANDELSBANKEN AB, CLASS A"
ESGD,iShares MSCI EAFE ESG Optimized ETF,31/08/18,Sweden — 2.8%,"Swedbank AB, Class A","28,801","6,70,813",,,swedbank ab,SWED-A.ST,"SWEDBANK AB, CLASS A"
ESGD,iShares MSCI EAFE ESG Optimized ETF,31/08/18,Sweden — 2.8%,"Tele2 AB, Class B","27,088","3,34,433",,,tele2 ab,TEL2-B.ST,"TELE2 AB, CLASS B"
ESGD,iShares MSCI EAFE ESG Optimized ETF,31/08/18,Sweden — 2.8%,"Telefonaktiebolaget LM Ericsson, Class B","94,525","7,98,084",,,telefonaktiebolaget lm ericsson,TELEF4,"TELEFONAKTIEBOLAGET LM ERICSSON, CLASS B"
ESGD,iShares MSCI EAFE ESG Optimized ETF,31/08/18,Sweden — 2.8%,Telia Co. AB,"1,35,426","6,01,205",,,telia ab,TELIA1.HE,TELIA CO. AB
ESGD,iShares MSCI EAFE ESG Optimized ETF,31/08/18,Sweden — 2.8%,"Volvo AB, Class B","40,980","7,06,440","1,01,66,419",,volvo ab,VOLVF,"VOLVO AB, CLASS B"
ESGD,iShares MSCI EAFE ESG Optimized ETF,31/08/18,Switzerland — 8.2%,"ABB Ltd., Registered","55,406","13,09,096",,,abb registered,ABBLT2,"ABB LTD., REGISTERED"
ESGD,iShares MSCI EAFE ESG Optimized ETF,31/08/18,Switzerland — 8.2%,"Adecco Group AG, Registered","7,288","4,47,484",,,adecco registered,UBS,"ADECCO GROUP AG, REGISTERED"
ESGD,iShares MSCI EAFE ESG Optimized ETF,31/08/18,Switzerland — 8.2%,"Barry Callebaut AG, Registered",338,"6,03,933",,,barry callebaut registered,UBS,"BARRY CALLEBAUT AG, REGISTERED"
ESGD,iShares MSCI EAFE ESG Optimized ETF,31/08/18,Switzerland — 8.2%,"Chocoladefabriken Lindt & Spruengli AG, Registered",2,"1,76,610",,,chocoladefabriken lindt and spruengli registered,LSPP.DU,"CHOCOLADEFABRIKEN LINDT & SPRUENGLI AG, REGISTERED"
ESGD,iShares MSCI EAFE ESG Optimized ETF,31/08/18,Switzerland — 8.2%,"Clariant AG, Registered","15,831","3,96,471",,,clariant registered,UBS,"CLARIANT AG, REGISTERED"
ESGD,iShares MSCI EAFE ESG Optimized ETF,31/08/18,Switzerland — 8.2%,Coca-Cola HBC AG,"19,002","6,51,529",,,coca cola hbc,CCH,COCA-COLA HBC AG
ESGD,iShares MSCI EAFE ESG Optimized ETF,31/08/18,Switzerland — 8.2%,"Credit Suisse Group AG, Registered","59,007","8,85,624",,,credit suisse registered,UBS,"CREDIT SUISSE GROUP AG, REGISTERED"
ESGD,iShares MSCI EAFE ESG Optimized ETF,31/08/18,Switzerland — 8.2%,"Geberit AG, Registered","1,327","6,04,841",,,geberit registered,UBS,"GEBERIT AG, REGISTERED"
ESGD,iShares MSCI EAFE ESG Optimized ETF,31/08/18,Switzerland — 8.2%,"Givaudan SA, Registered",504,"12,28,862",,,givaudan registered,GIVAU2,"GIVAUDAN SA, REGISTERED"
ESGD,iShares MSCI EAFE ESG Optimized ETF,31/08/18,Switzerland — 8.2%,Julius Baer Group Ltd.,"6,264","3,33,700",,,julius baer,JBAXY,JULIUS BAER GROUP LTD.
ESGD,iShares MSCI EAFE ESG Optimized ETF,31/08/18,Switzerland — 8.2%,"Kuehne + Nagel International AG, Registered","5,804","9,39,227",,,kuehne nagel international registered,KUEHN3,"KUEHNE + NAGEL INTERNATIONAL AG, REGISTERED"
ESGD,iShares MSCI EAFE ESG Optimized ETF,31/08/18,Switzerland — 8.2%,"LafargeHolcim Ltd., Registered","10,220","4,98,794",,,lafargeholcim registered,LAFAR2,"LAFARGEHOLCIM LTD., REGISTERED"
ESGD,iShares MSCI EAFE ESG Optimized ETF,31/08/18,Switzerland — 8.2%,"Lonza Group AG, Registered","3,622","11,68,133",,,lonza registered,UBS,"LONZA GROUP AG, REGISTERED"
ESGD,iShares MSCI EAFE ESG Optimized ETF,31/08/18,Switzerland — 8.2%,"Nestle SA, Registered","87,823","73,90,172",,,nestle registered,UBS,"NESTLE SA, REGISTERED"
ESGD,iShares MSCI EAFE ESG Optimized ETF,31/08/18,Switzerland — 8.2%,"Roche Holding AG,NVS","18,658","46,45,690",,,roche holding,RO,"ROCHE HOLDING AG,NVS"
ESGD,iShares MSCI EAFE ESG Optimized ETF,31/08/18,Switzerland — 8.2%,"SGS SA, Registered",168,"4,43,495",,,sgs registered,UBS,"SGS SA, REGISTERED"
ESGD,iShares MSCI EAFE ESG Optimized ETF,31/08/18,Switzerland — 8.2%,"Sika AG, Registered","3,328","4,94,503",,,sika registered,UBS,"SIKA AG, REGISTERED"
ESGD,iShares MSCI EAFE ESG Optimized ETF,31/08/18,Switzerland — 8.2%,"Sonova Holding AG, Registered","2,352","4,47,247",,,sonova holding registered,SONVY,"SONOVA HOLDING AG, REGISTERED"
ESGD,iShares MSCI EAFE ESG Optimized ETF,31/08/18,Switzerland — 8.2%,"Swatch Group AG (The), Registered","4,538","3,68,586",,,swatch the registered,UBS,"SWATCH GROUP AG (THE), REGISTERED"
ESGD,iShares MSCI EAFE ESG Optimized ETF,31/08/18,Switzerland — 8.2%,Swiss Re AG,"18,206","16,40,818",,,swiss re,SREN,SWISS RE AG
ESGD,iShares MSCI EAFE ESG Optimized ETF,31/08/18,Switzerland — 8.2%,"Swisscom AG,Registered","2,261","10,12,085",,,swisscom registered,UBS,"SWISSCOM AG,REGISTERED"
ESGD,iShares MSCI EAFE ESG Optimized ETF,31/08/18,Switzerland — 8.2%,"UBS Group AG,Registered","1,09,352","17,11,346",,,ubs registered,UBS,"UBS GROUP AG,REGISTERED"
ESGD,iShares MSCI EAFE ESG Optimized ETF,31/08/18,Switzerland — 8.2%,Vifor Pharma AG,"2,242","4,14,159",,,vifor pharma,VIFOR,VIFOR PHARMA AG
ESGD,iShares MSCI EAFE ESG Optimized ETF,31/08/18,Switzerland — 8.2%,Zurich Insurance Group AG,"5,684","17,34,998","2,95,47,403",,zurich insurance,ZURN,ZURICH INSURANCE GROUP AG
ESGD,iShares MSCI EAFE ESG Optimized ETF,31/08/18,United Kingdom — 16.8%,3i Group PLC,"40,868","4,76,151",,,3i,III,3I GROUP PLC
ESGD,iShares MSCI EAFE ESG Optimized ETF,31/08/18,United Kingdom — 16.8%,Anglo American PLC,"35,773","7,16,781",,,anglo american,AAL,ANGLO AMERICAN PLC
ESGD,iShares MSCI EAFE ESG Optimized ETF,31/08/18,United Kingdom — 16.8%,Antofagasta PLC,"33,338","3,49,075",,,antofagasta,ANTO,ANTOFAGASTA PLC
ESGD,iShares MSCI EAFE ESG Optimized ETF,31/08/18,United Kingdom — 16.8%,Ashtead Group PLC,"17,053","5,23,528",,,ashtead,AHT,ASHTEAD GROUP PLC
ESGD,iShares MSCI EAFE ESG Optimized ETF,31/08/18,United Kingdom — 16.8%,Associated British Foods PLC,"12,287","3,65,554",,,associated british foods,ABF,ASSOCIATED BRITISH FOODS PLC
ESGD,iShares MSCI EAFE ESG Optimized ETF,31/08/18,United Kingdom — 16.8%,AstraZeneca PLC,"39,341","29,63,183",,,astrazeneca,AZN,ASTRAZENECA PLC
ESGD,iShares MSCI EAFE ESG Optimized ETF,31/08/18,United Kingdom — 16.8%,Aviva PLC,"1,51,200","9,53,132",,,aviva,AV.,AVIVA PLC
ESGD,iShares MSCI EAFE ESG Optimized ETF,31/08/18,United Kingdom — 16.8%,BAE Systems PLC,"76,731","6,04,370",,,bae systems,BA.,BAE SYSTEMS PLC
ESGD,iShares MSCI EAFE ESG Optimized ETF,31/08/18,United Kingdom — 16.8%,Barclays PLC,"3,65,227","8,34,054",,,barclays,BARC,BARCLAYS PLC
ESGD,iShares MSCI EAFE ESG Optimized ETF,31/08/18,United Kingdom — 16.8%,Barratt Developments PLC,"56,989","4,01,467",,,barratt developments,3BA.SG,BARRATT DEVELOPMENTS PLC
ESGD,iShares MSCI EAFE ESG Optimized ETF,31/08/18,United Kingdom — 16.8%,Berkeley Group Holdings PLC,"8,362","3,95,940",,,berkeley,BKGL.XC,BERKELEY GROUP HOLDINGS PLC
ESGD,iShares MSCI EAFE ESG Optimized ETF,31/08/18,United Kingdom — 16.8%,BP PLC,"6,22,425","44,27,638",,,bp,BP.,BP PLC
ESGD,iShares MSCI EAFE ESG Optimized ETF,31/08/18,United Kingdom — 16.8%,British Land Co. PLC (The),"81,734","6,75,222",,,british land the,BLD.F,BRITISH LAND CO. PLC (THE)
ESGD,iShares MSCI EAFE ESG Optimized ETF,31/08/18,United Kingdom — 16.8%,BT Group PLC,"2,58,754","7,30,981",,,bt,BT.A,BT GROUP PLC
ESGD,iShares MSCI EAFE ESG Optimized ETF,31/08/18,United Kingdom — 16.8%,Burberry Group PLC,"13,621","3,95,859",,,burberry,BURBY,BURBERRY GROUP PLC
ESGD,iShares MSCI EAFE ESG Optimized ETF,31/08/18,United Kingdom — 16.8%,Centrica PLC,"1,76,148","3,28,083",,,centrica,CNA,CENTRICA PLC
ESGD,iShares MSCI EAFE ESG Optimized ETF,31/08/18,United Kingdom — 16.8%,Coca-Cola European Partners PLC,"17,567","7,49,057",,,coca cola european partners,CK0.SG,COCA-COLA EUROPEAN PARTNERS PLC
ESGD,iShares MSCI EAFE ESG Optimized ETF,31/08/18,United Kingdom — 16.8%,Compass Group PLC,"37,701","8,12,696",,,compass,CPG,COMPASS GROUP PLC
ESGD,iShares MSCI EAFE ESG Optimized ETF,31/08/18,United Kingdom — 16.8%,Croda International PLC,"13,946","9,24,442",,,croda international,CRDA,CRODA INTERNATIONAL PLC
ESGD,iShares MSCI EAFE ESG Optimized ETF,31/08/18,United Kingdom — 16.8%,DCC PLC,"5,561","5,02,701",,,dcc,DCC,DCC PLC
ESGD,iShares MSCI EAFE ESG Optimized ETF,31/08/18,United Kingdom — 16.8%,Diageo PLC,"92,347","32,34,154",,,diageo,DGE,DIAGEO PLC
ESGD,iShares MSCI EAFE ESG Optimized ETF,31/08/18,United Kingdom — 16.8%,easyJet PLC,"16,193","3,20,964",,,easyjet,EJT1.F,EASYJET PLC
ESGD,iShares MSCI EAFE ESG Optimized ETF,31/08/18,United Kingdom — 16.8%,Experian PLC.,"14,314","3,57,209",,,experian,EXPN,EXPERIAN PLC.
ESGD,iShares MSCI EAFE ESG Optimized ETF,31/08/18,United Kingdom — 16.8%,Ferguson PLC,"13,018","10,45,834",,,ferguson,FERGU,FERGUSON PLC
ESGD,iShares MSCI EAFE ESG Optimized ETF,31/08/18,United Kingdom — 16.8%,GlaxoSmithKline PLC,"1,29,622","26,28,902",,,glaxosmithkline,GSK,GLAXOSMITHKLINE PLC
ESGD,iShares MSCI EAFE ESG Optimized ETF,31/08/18,United Kingdom — 16.8%,Glencore PLC,"2,57,849","10,50,829",,,glencore,GLNCY,GLENCORE PLC
ESGD,iShares MSCI EAFE ESG Optimized ETF,31/08/18,United Kingdom — 16.8%,Hammerson PLC,"56,942","3,48,663",,,hammerson,H2V.SG,HAMMERSON PLC
ESGD,iShares MSCI EAFE ESG Optimized ETF,31/08/18,United Kingdom — 16.8%,HSBC Holdings PLC,"4,46,750","38,84,055",,,hsbc,HSBA,HSBC HOLDINGS PLC
ESGD,iShares MSCI EAFE ESG Optimized ETF,31/08/18,United Kingdom — 16.8%,Informa PLC,"50,004","4,95,504",,,informa,INF,INFORMA PLC
ESGD,iShares MSCI EAFE ESG Optimized ETF,31/08/18,United Kingdom — 16.8%,InterContinental Hotels Group PLC,"9,504","5,87,377",,,intercontinental hotels,IHG,INTERCONTINENTAL HOTELS GROUP PLC
ESGD,iShares MSCI EAFE ESG Optimized ETF,31/08/18,United Kingdom — 16.8%,Intertek Group PLC,"6,788","4,52,957",,,intertek,ITRK,INTERTEK GROUP PLC
ESGD,iShares MSCI EAFE ESG Optimized ETF,31/08/18,United Kingdom — 16.8%,Investec PLC,"55,532","3,65,508",,,investec,IVKA.SG,INVESTEC PLC
ESGD,iShares MSCI EAFE ESG Optimized ETF,31/08/18,United Kingdom — 16.8%,ITV PLC,"1,86,374","3,89,158",,,itv,ITVPY,ITV PLC
ESGD,iShares MSCI EAFE ESG Optimized ETF,31/08/18,United Kingdom — 16.8%,J Sainsbury PLC,"1,63,845","6,90,408",,,j sainsbury,JSNSF,J SAINSBURY PLC
ESGD,iShares MSCI EAFE ESG Optimized ETF,31/08/18,United Kingdom — 16.8%,John Wood Group PLC,"52,173","4,87,296",,,john wood,WDGJY,JOHN WOOD GROUP PLC
ESGD,iShares MSCI EAFE ESG Optimized ETF,31/08/18,United Kingdom — 16.8%,Johnson Matthey PLC,"9,900","4,49,848",,,johnson matthey,JMT2.SG,JOHNSON MATTHEY PLC
ESGD,iShares MSCI EAFE ESG Optimized ETF,31/08/18,United Kingdom — 16.8%,Kingfisher PLC,"1,40,175","4,98,296",,,kingfisher,KGF,KINGFISHER PLC
ESGD,iShares MSCI EAFE ESG Optimized ETF,31/08/18,United Kingdom — 16.8%,Legal & General Group PLC,"1,87,778","6,20,656",,,legal and general,LGEN,LEGAL & GENERAL GROUP PLC
ESGD,iShares MSCI EAFE ESG Optimized ETF,31/08/18,United Kingdom — 16.8%,Lloyds Banking Group PLC.,"7,53,161","5,80,500",,,lloyds banking,LLOY,LLOYDS BANKING GROUP PLC.
ESGD,iShares MSCI EAFE ESG Optimized ETF,31/08/18,United Kingdom — 16.8%,London Stock Exchange Group PLC,"7,280","4,37,531",,,london stock exchange,LSEG,LONDON STOCK EXCHANGE GROUP PLC
ESGD,iShares MSCI EAFE ESG Optimized ETF,31/08/18,United Kingdom — 16.8%,Marks &Spencer Group PLC,"1,36,879","5,36,572",,,marks and spencer,MKS,MARKS &SPENCER GROUP PLC
ESGD,iShares MSCI EAFE ESG Optimized ETF,31/08/18,United Kingdom — 16.8%,Mediclinic International PLC,"60,152","3,85,518",,,mediclinic international,MEDIC,MEDICLINIC INTERNATIONAL PLC
ESGD,iShares MSCI EAFE ESG Optimized ETF,31/08/18,United Kingdom — 16.8%,Meggitt PLC,"53,095","3,71,413",,,meggitt,MEGGI,MEGGITT PLC
ESGD,iShares MSCI EAFE ESG Optimized ETF,31/08/18,United Kingdom — 16.8%,Merlin Entertainments PLC,"71,733","3,46,741",,,merlin entertainments,MERLI,MERLIN ENTERTAINMENTS PLC
ESGD,iShares MSCI EAFE ESG Optimized ETF,31/08/18,United Kingdom — 16.8%,Micro Focus International PLC,"22,070","3,74,345",,,micro focus international,MICRO3,MICRO FOCUS INTERNATIONAL PLC
ESGD,iShares MSCI EAFE ESG Optimized ETF,31/08/18,United Kingdom — 16.8%,Mondi PLC,"14,482","4,03,753",,,mondi,MNDI,MONDI PLC
ESGD,iShares MSCI EAFE ESG Optimized ETF,31/08/18,United Kingdom — 16.8%,National Grid PLC,"1,51,203","15,91,861",,,national grid,NG.,NATIONAL GRID PLC
ESGD,iShares MSCI EAFE ESG Optimized ETF,31/08/18,United Kingdom — 16.8%,Next PLC,"5,173","3,69,798",,,next,NXT,NEXT PLC
ESGD,iShares MSCI EAFE ESG Optimized ETF,31/08/18,United Kingdom — 16.8%,Pearson PLC,"28,893","3,44,517",,,pearson,PSON,PEARSON PLC
ESGD,iShares MSCI EAFE ESG Optimized ETF,31/08/18,United Kingdom — 16.8%,Prudential PLC,"56,871","12,82,478",,,prudential,PRU,PRUDENTIAL PLC
ESGD,iShares MSCI EAFE ESG Optimized ETF,31/08/18,United Kingdom — 16.8%,Reckitt Benckiser Group PLC,"17,238","14,69,549",,,reckitt benckiser,RKT,RECKITT BENCKISER GROUP PLC
ESGD,iShares MSCI EAFE ESG Optimized ETF,31/08/18,United Kingdom — 16.8%,RELX PLC,"59,412","13,20,474",,,relx,REL,RELX PLC
ESGD,iShares MSCI EAFE ESG Optimized ETF,31/08/18,United Kingdom — 16.8%,Rio Tinto PLC,"34,041","16,18,916",,,rio tinto,RIO,RIO TINTO PLC
ESGD,iShares MSCI EAFE ESG Optimized ETF,31/08/18,United Kingdom — 16.8%,Rolls-Royce Holdings PLC,"35,001","4,57,200",,,rolls royce,RR.,ROLLS-ROYCE HOLDINGS PLC
ESGD,iShares MSCI EAFE ESG Optimized ETF,31/08/18,United Kingdom — 16.8%,Royal Mail PLC,"55,861","3,25,272",,,royal mail,ROYAL3,ROYAL MAIL PLC
ESGD,iShares MSCI EAFE ESG Optimized ETF,31/08/18,United Kingdom — 16.8%,Schroders PLC,"21,963","8,77,802",,,schroders,SDR,SCHRODERS PLC
ESGD,iShares MSCI EAFE ESG Optimized ETF,31/08/18,United Kingdom — 16.8%,Segro PLC,"85,719","7,33,322",,,segro,SGROL.XC,SEGRO PLC
ESGD,iShares MSCI EAFE ESG Optimized ETF,31/08/18,United Kingdom — 16.8%,Shire PLC,"22,125","12,93,632",,,shire,SHIRE,SHIRE PLC
ESGD,iShares MSCI EAFE ESG Optimized ETF,31/08/18,United Kingdom — 16.8%,Sky PLC,"30,883","6,18,359",,,sky,SKYPL,SKY PLC
ESGD,iShares MSCI EAFE ESG Optimized ETF,31/08/18,United Kingdom — 16.8%,SSE PLC,"48,587","7,91,281",,,sse,SSE,SSE PLC
ESGD,iShares MSCI EAFE ESG Optimized ETF,31/08/18,United Kingdom — 16.8%,Standard Chartered PLC,"97,297","7,93,042",,,standard chartered,STAN,STANDARD CHARTERED PLC
ESGD,iShares MSCI EAFE ESG Optimized ETF,31/08/18,United Kingdom — 16.8%,Standard Life Aberdeen PLC,"79,150","3,26,011",,,standard life aberdeen,T3V2.SG,STANDARD LIFE ABERDEEN PLC
ESGD,iShares MSCI EAFE ESG Optimized ETF,31/08/18,United Kingdom — 16.8%,Taylor Wimpey PLC,"1,54,734","3,36,567",,,taylor wimpey,TWODF,TAYLOR WIMPEY PLC
ESGD,iShares MSCI EAFE ESG Optimized ETF,31/08/18,United Kingdom — 16.8%,Tesco PLC,"2,43,365","7,79,713",,,tesco,TSCO,TESCO PLC
ESGD,iShares MSCI EAFE ESG Optimized ETF,31/08/18,United Kingdom — 16.8%,Travis Perkins PLC,"24,645","3,68,532",,,travis perkins,TPK.L,TRAVIS PERKINS PLC
ESGD,iShares MSCI EAFE ESG Optimized ETF,31/08/18,United Kingdom — 16.8%,Unilever PLC,"31,682","18,08,567",,,unilever,ULVR,UNILEVER PLC
ESGD,iShares MSCI EAFE ESG Optimized ETF,31/08/18,United Kingdom — 16.8%,United Utilities Group PLC,"31,312","3,01,815",,,united utilities,UU.,UNITED UTILITIES GROUP PLC
ESGD,iShares MSCI EAFE ESG Optimized ETF,31/08/18,United Kingdom — 16.8%,Vodafone Group PLC,"8,04,049","17,19,127",,,vodafone,VOD,VODAFONE GROUP PLC
ESGD,iShares MSCI EAFE ESG Optimized ETF,31/08/18,United Kingdom — 16.8%,Whitbread PLC,"6,640","3,96,650",,,whitbread,WTB,WHITBREAD PLC
ESGD,iShares MSCI EAFE ESG Optimized ETF,31/08/18,United Kingdom — 16.8%,Wm Morrison Supermarkets PLC,"1,07,775","3,68,762",,,wm morrison supermarkets,WMMOR,WM MORRISON SUPERMARKETS PLC
ESGD,iShares MSCI EAFE ESG Optimized ETF,31/08/18,United Kingdom — 16.8%,WPP PLC,"47,633","7,91,532","6,05,58,684",357669975,wpp,WPP,WPP PLC
ESGD,iShares MSCI EAFE ESG OPTIMIZED ETF,31/08/18,GERMANY — 0.1%,"Bayerische Motoren Werke AG, Preference Shares, NVS","1,767","1,48,539",,,bayerische motoren werke preference shares,BMW.DE,"BAYERISCHE MOTOREN WERKE AG, PREFERENCE SHARES, NVS"
ESGD,iShares MSCI EAFE ESG OPTIMIZED ETF,31/08/18,GERMANY — 0.1%,"Sartorius AG, Preference Shares, NVS","2,294","4,17,442","5,65,981",,sartorius preference shares,SARTO,"SARTORIUS AG, PREFERENCE SHARES, NVS"
ESGD,iShares MSCI EAFE ESG OPTIMIZED ETF,31/08/18,ITALY — 0.1%,"Telecom Italia SpA/Milano, Preference Shares, NVS","4,94,958","2,75,791","2,75,791","8,41,772",telecom italia milano preference shares,TITRM.XC,"TELECOM ITALIA SPA/MILANO, PREFERENCE SHARES, NVS"
ESGD,iShares MSCI EAFE ESG OPTIMIZED ETF,31/08/18,MONEY MARKET FUNDS — 0.1%,"BlackRock Cash Funds: Institutional, SL Agency Shares, 2.15%(a)(f)(g)","3,18,295","3,18,391",,,blackrock cash funds institutional sl agency shares 2 15 a f g,BLACK19,"BLACKROCK CASH FUNDS: INSTITUTIONAL, SL AGENCY SHARES, 2.15%(A)(F)(G)"
ESGD,iShares MSCI EAFE ESG OPTIMIZED ETF,31/08/18,MONEY MARKET FUNDS — 0.1%,"BlackRock Cash Funds: Treasury, SL Agency Shares, 1.89%(a)(f)","1,96,954","1,96,954","5,15,345","5,15,345",blackrock cash funds treasury sl agency shares 1 89 a f,BLACK20,"BLACKROCK CASH FUNDS: TREASURY, SL AGENCY SHARES, 1.89%(A)(F)"
ESGE,iShares MSCI Emerging Markets ESG Optimized ETF,31/08/18,Brazil — 3.4%,Ambev SA,"3,72,400","17,03,779",,,ambev,ABEVN.MX,AMBEV SA
ESGE,iShares MSCI Emerging Markets ESG Optimized ETF,31/08/18,Brazil — 3.4%,Atacadao Distribuicao Comercio e Industria Ltda,"88,200","3,11,262",,,atacadao distribuicao comercio e industria ltda,ATACA,ATACADAO DISTRIBUICAO COMERCIO E INDUSTRIA LTDA
ESGE,iShares MSCI Emerging Markets ESG Optimized ETF,31/08/18,Brazil — 3.4%,"B3 SA - Brasil, Bolsa, Balcao","3,33,200","17,59,771",,,b3 brasil bolsa balcao,B3SA3,"B3 SA - BRASIL, BOLSA, BALCAO"
ESGE,iShares MSCI Emerging Markets ESG Optimized ETF,31/08/18,Brazil — 3.4%,Banco Bradesco SA,"76,202","4,64,414",,,banco bradesco,BBDC3,BANCO BRADESCO SA
ESGE,iShares MSCI Emerging Markets ESG Optimized ETF,31/08/18,Brazil — 3.4%,Banco do Brasil SA,"80,000","5,84,452",,,banco do brasil,BBAS3,BANCO DO BRASIL SA
ESGE,iShares MSCI Emerging Markets ESG Optimized ETF,31/08/18,Brazil — 3.4%,"Banco Santander Brasil SA, NVS","69,800","5,86,170",,,banco santander brasil,BSBR,"BANCO SANTANDER BRASIL SA, NVS"
ESGE,iShares MSCI Emerging Markets ESG Optimized ETF,31/08/18,Brazil — 3.4%,Cielo SA,"98,000","3,59,166",,,cielo,CIELO,CIELO SA
ESGE,iShares MSCI Emerging Markets ESG Optimized ETF,31/08/18,Brazil — 3.4%,Cosan SA,"1,32,600","11,19,992",,,cosan,9CI0.MU,COSAN SA
ESGE,iShares MSCI Emerging Markets ESG Optimized ETF,31/08/18,Brazil — 3.4%,EDP - Energias do Brasil SA,"2,54,800","8,29,317",,,edp energias do brasil,EDPEN2,EDP - ENERGIAS DO BRASIL SA
ESGE,iShares MSCI Emerging Markets ESG Optimized ETF,31/08/18,Brazil — 3.4%,"Klabin SA, NVS","68,600","3,55,479",,,klabin,KLBN4F.SA,"KLABIN SA, NVS"
ESGE,iShares MSCI Emerging Markets ESG Optimized ETF,31/08/18,Brazil — 3.4%,Localiza Rent a Car SA,"68,630","3,58,633",,,localiza rent a car,RENT3,LOCALIZA RENT A CAR SA
ESGE,iShares MSCI Emerging Markets ESG Optimized ETF,31/08/18,Brazil — 3.4%,Natura Cosmeticos SA,"88,200","6,20,810",,,natura cosmeticos,NATU3,NATURA COSMETICOS SA
ESGE,iShares MSCI Emerging Markets ESG Optimized ETF,31/08/18,Brazil — 3.4%,Ultrapar Participacoes SA,"1,32,600","13,25,002",,,ultrapar participacoes,UGP.BA,ULTRAPAR PARTICIPACOES SA
ESGE,iShares MSCI Emerging Markets ESG Optimized ETF,31/08/18,Brazil — 3.4%,WEG SA,"1,66,680","7,74,315","1,11,52,562",,weg,WEGZY,WEG SA
ESGE,iShares MSCI Emerging Markets ESG Optimized ETF,31/08/18,Chile — 0.9%,Banco Santander Chile,"1,79,32,236","13,77,521",,,banco santander chile,BSANTANDER,BANCO SANTANDER CHILE
ESGE,iShares MSCI Emerging Markets ESG Optimized ETF,31/08/18,Chile — 0.9%,Empresas COPEC SA,"1,07,506","16,47,403","30,24,924",,empresas copec,COPEC.SN,EMPRESAS COPEC SA
ESGE,iShares MSCI Emerging Markets ESG Optimized ETF,31/08/18,China — 27.9%,3SBio Inc.,"1,96,000","3,74,075",,,3sbio,83B.SG,3SBIO INC.
ESGE,iShares MSCI Emerging Markets ESG Optimized ETF,31/08/18,China — 27.9%,"58.com Inc., ADR","4,508","3,42,969",,,58 com adr,COMIN4,"58.COM INC., ADR"
ESGE,iShares MSCI Emerging Markets ESG Optimized ETF,31/08/18,China — 27.9%,AAC Technologies Holdings Inc.,"49,000","5,43,133",,,aac technologies,2018,AAC TECHNOLOGIES HOLDINGS INC.
ESGE,iShares MSCI Emerging Markets ESG Optimized ETF,31/08/18,China — 27.9%,"Agricultural Bank of China Ltd., Class H","16,66,000","8,06,584",,,agricultural bank of china class h,EK7.DU,"AGRICULTURAL BANK OF CHINA LTD., CLASS H"
ESGE,iShares MSCI Emerging Markets ESG Optimized ETF,31/08/18,China — 27.9%,"Air China Ltd., Class H","4,12,000","3,86,337",,,air china class h,AICAF,"AIR CHINA LTD., CLASS H"
ESGE,iShares MSCI Emerging Markets ESG Optimized ETF,31/08/18,China — 27.9%,"Alibaba Group Holding Ltd., ADR (b)(c)","67,032","1,17,31,270",,,alibaba holding adr b c,AHL1.F,"ALIBABA GROUP HOLDING LTD., ADR (B)(C)"
ESGE,iShares MSCI Emerging Markets ESG Optimized ETF,31/08/18,China — 27.9%,Alibaba Pictures Group Ltd.,"58,80,000","7,11,692",,,alibaba pictures,CBW.SG,ALIBABA PICTURES GROUP LTD.
ESGE,iShares MSCI Emerging Markets ESG Optimized ETF,31/08/18,China — 27.9%,"Baidu Inc., ADR","13,132","29,74,135",,,baidu adr,BIDU,"BAIDU INC., ADR"
ESGE,iShares MSCI Emerging Markets ESG Optimized ETF,31/08/18,China — 27.9%,"Bank of China Ltd., Class H","18,62,000","8,37,424",,,bank of china class h,W8V0.F,"BANK OF CHINA LTD., CLASS H"
ESGE,iShares MSCI Emerging Markets ESG Optimized ETF,31/08/18,China — 27.9%,"BBMG Corp., Class H","16,66,000","6,19,796",,,bbmg class h,9BM.F,"BBMG CORP., CLASS H"
ESGE,iShares MSCI Emerging Markets ESG Optimized ETF,31/08/18,China — 27.9%,Beijing Enterprises Water Group Ltd.,"5,90,000","3,21,727",,,beijing enterprises water,HUN2.MU,BEIJING ENTERPRISES WATER GROUP LTD.
ESGE,iShares MSCI Emerging Markets ESG Optimized ETF,31/08/18,China — 27.9%,BOC Aviation Ltd.,"39,200","2,87,174",,,boc aviation,2588,BOC AVIATION LTD.
ESGE,iShares MSCI Emerging Markets ESG Optimized ETF,31/08/18,China — 27.9%,Brilliance China Automotive Holdings Ltd.,"1,84,000","2,91,628",,,brilliance china automotive,BCAUF,BRILLIANCE CHINA AUTOMOTIVE HOLDINGS LTD.
ESGE,iShares MSCI Emerging Markets ESG Optimized ETF,31/08/18,China — 27.9%,"BYD Co. Ltd., Class H","1,47,000","8,73,696",,,byd class h,BYDDF,"BYD CO. LTD., CLASS H"
ESGE,iShares MSCI Emerging Markets ESG Optimized ETF,31/08/18,China — 27.9%,BYD Electronic International Co. Ltd.,"2,94,000","3,09,024",,,byd electronic international,4BY0.SG,BYD ELECTRONIC INTERNATIONAL CO. LTD.
ESGE,iShares MSCI Emerging Markets ESG Optimized ETF,31/08/18,China — 27.9%,CAR Inc.,"8,82,000","7,07,946",,,car,CAR,CAR INC.
ESGE,iShares MSCI Emerging Markets ESG Optimized ETF,31/08/18,China — 27.9%,China Agri-Industries Holdings Ltd.,"8,16,000","3,24,367",,,china agri industries,CHINA25,CHINA AGRI-INDUSTRIES HOLDINGS LTD.
ESGE,iShares MSCI Emerging Markets ESG Optimized ETF,31/08/18,China — 27.9%,"China CITIC Bank Corp. Ltd., Class H","18,62,000","11,62,430",,,china citic bank class h,CHCJY,"CHINA CITIC BANK CORP. LTD., CLASS H"
ESGE,iShares MSCI Emerging Markets ESG Optimized ETF,31/08/18,China — 27.9%,"China Construction Bank Corp., Class H","63,70,000","56,40,472",,,china construction bank class h,CICHF,"CHINA CONSTRUCTION BANK CORP., CLASS H"
ESGE,iShares MSCI Emerging Markets ESG Optimized ETF,31/08/18,China — 27.9%,"China Everbright Bank Co. Ltd., Class H","20,58,000","8,60,024",,,china everbright bank class h,C0V.BE,"CHINA EVERBRIGHT BANK CO. LTD., CLASS H"
ESGE,iShares MSCI Emerging Markets ESG Optimized ETF,31/08/18,China — 27.9%,China Everbright International Ltd.,"5,56,000","4,68,239",,,china everbright international,CHINA17,CHINA EVERBRIGHT INTERNATIONAL LTD.
ESGE,iShares MSCI Emerging Markets ESG Optimized ETF,31/08/18,China — 27.9%,China Everbright Ltd.,"2,40,000","4,20,135",,,china everbright,EVI.SG,CHINA EVERBRIGHT LTD.
ESGE,iShares MSCI Emerging Markets ESG Optimized ETF,31/08/18,China — 27.9%,China Evergrande Group (b)(c),"92,000","3,29,957",,,china evergrande b c,CHINA26,CHINA EVERGRANDE GROUP (B)(C)
ESGE,iShares MSCI Emerging Markets ESG Optimized ETF,31/08/18,China — 27.9%,China First Capital Group Ltd.,"3,92,000","2,09,762",,,china first capital,CHINA22,CHINA FIRST CAPITAL GROUP LTD.
ESGE,iShares MSCI Emerging Markets ESG Optimized ETF,31/08/18,China — 27.9%,"China International Capital Corp. Ltd., Class H","2,74,400","5,02,030",,,china international capital class h,CIM.SG,"CHINA INTERNATIONAL CAPITAL CORP. LTD., CLASS H"
ESGE,iShares MSCI Emerging Markets ESG Optimized ETF,31/08/18,China — 27.9%,"China International Marine Containers Group Co. Ltd., Class H","3,03,800","3,23,196",,,china international marine containers class h,CHINA27,"CHINA INTERNATIONAL MARINE CONTAINERS GROUP CO. LTD., CLASS H"
ESGE,iShares MSCI Emerging Markets ESG Optimized ETF,31/08/18,China — 27.9%,"China Life Insurance Co. Ltd., Class H","1,96,000","4,42,997",,,china life insurance class h,CHL.F,"CHINA LIFE INSURANCE CO. LTD., CLASS H"
ESGE,iShares MSCI Emerging Markets ESG Optimized ETF,31/08/18,China — 27.9%,"China Longyuan Power Group Corp. Ltd., Class H","9,42,000","7,93,311",,,china longyuan power class h,6WX.MU,"CHINA LONGYUAN POWER GROUP CORP. LTD., CLASS H"
ESGE,iShares MSCI Emerging Markets ESG Optimized ETF,31/08/18,China — 27.9%,China Mengniu Dairy Co. Ltd.,"1,93,000","5,56,951",,,china mengniu dairy,2319,CHINA MENGNIU DAIRY CO. LTD.
ESGE,iShares MSCI Emerging Markets ESG Optimized ETF,31/08/18,China — 27.9%,"China Merchants Bank Co. Ltd., Class H","4,90,000","18,79,117",,,china merchants bank class h,600036.SS,"CHINA MERCHANTS BANK CO. LTD., CLASS H"
ESGE,iShares MSCI Emerging Markets ESG Optimized ETF,31/08/18,China — 27.9%,"China Minsheng Banking Corp. Ltd., Class H","14,21,000","10,17,470",,,china minsheng banking class h,CMAKY,"CHINA MINSHENG BANKING CORP. LTD., CLASS H"
ESGE,iShares MSCI Emerging Markets ESG Optimized ETF,31/08/18,China — 27.9%,"China Molybdenum Co. Ltd., Class H","15,30,000","6,27,680",,,china molybdenum class h,D7N.SG,"CHINA MOLYBDENUM CO. LTD., CLASS H"
ESGE,iShares MSCI Emerging Markets ESG Optimized ETF,31/08/18,China — 27.9%,"China National Building Material Co. Ltd., Class H","3,82,000","3,57,232",,,china national building material class h,D1Y.MU,"CHINA NATIONAL BUILDING MATERIAL CO. LTD., CLASS H"
ESGE,iShares MSCI Emerging Markets ESG Optimized ETF,31/08/18,China — 27.9%,"China Oilfield Services Ltd., Class H","3,92,000","3,47,605",,,china oilfield services class h,CO9.F,"CHINA OILFIELD SERVICES LTD., CLASS H"
ESGE,iShares MSCI Emerging Markets ESG Optimized ETF,31/08/18,China — 27.9%,"China Pacific Insurance Group Co. Ltd., Class H","1,56,800","5,84,337",,,china pacific insurance class h,75CB.F,"CHINA PACIFIC INSURANCE GROUP CO. LTD., CLASS H"
ESGE,iShares MSCI Emerging Markets ESG Optimized ETF,31/08/18,China — 27.9%,"China Shenhua Energy Co. Ltd., Class H","3,61,500","8,06,005",,,china shenhua energy class h,IKFC.F,"CHINA SHENHUA ENERGY CO. LTD., CLASS H"
ESGE,iShares MSCI Emerging Markets ESG Optimized ETF,31/08/18,China — 27.9%,China Travel International Investment Hong Kong Ltd.,"19,60,000","6,36,777",,,china travel international investment hong kong,CTI.SG,CHINA TRAVEL INTERNATIONAL INVESTMENT HONG KONG LTD.
ESGE,iShares MSCI Emerging Markets ESG Optimized ETF,31/08/18,China — 27.9%,"China Vanke Co. Ltd., Class H","1,07,800","3,73,576",,,china vanke class h,CHVKY,"CHINA VANKE CO. LTD., CLASS H"
ESGE,iShares MSCI Emerging Markets ESG Optimized ETF,31/08/18,China — 27.9%,"Chongqing Rural Commercial Bank Co. Ltd., Class H","5,88,000","3,16,890",,,chongqing rural commercial bank class h,C3B.F,"CHONGQING RURAL COMMERCIAL BANK CO. LTD., CLASS H"
ESGE,iShares MSCI Emerging Markets ESG Optimized ETF,31/08/18,China — 27.9%,CNOOC Ltd.,"3,92,000","6,93,213",,,cnooc,CNOOC,CNOOC LTD.
ESGE,iShares MSCI Emerging Markets ESG Optimized ETF,31/08/18,China — 27.9%,Country Garden Holdings Co. Ltd.,"2,94,000","4,37,503",,,country garden,DZJ.SG,COUNTRY GARDEN HOLDINGS CO. LTD.
ESGE,iShares MSCI Emerging Markets ESG Optimized ETF,31/08/18,China — 27.9%,CSPC Pharmaceutical Group Ltd.,"3,92,000","9,88,877",,,cspc pharmaceutical,1093,CSPC PHARMACEUTICAL GROUP LTD.
ESGE,iShares MSCI Emerging Markets ESG Optimized ETF,31/08/18,China — 27.9%,"Ctrip.com International Ltd., ADR","10,584","4,14,364",,,ctrip com international adr,0I50.L,"CTRIP.COM INTERNATIONAL LTD., ADR"
ESGE,iShares MSCI Emerging Markets ESG Optimized ETF,31/08/18,China — 27.9%,Fosun International Ltd.,"1,96,000","3,54,598",,,fosun international,656,FOSUN INTERNATIONAL LTD.
ESGE,iShares MSCI Emerging Markets ESG Optimized ETF,31/08/18,China — 27.9%,GCL-Poly Energy Holdings Ltd.,"48,02,000","3,24,257",,,gcl poly energy,3GY.SG,GCL-POLY ENERGY HOLDINGS LTD.
ESGE,iShares MSCI Emerging Markets ESG Optimized ETF,31/08/18,China — 27.9%,"GDS Holdings Ltd., ADR","8,330","3,17,956",,,gds adr,G401.F,"GDS HOLDINGS LTD., ADR"
ESGE,iShares MSCI Emerging Markets ESG Optimized ETF,31/08/18,China — 27.9%,Geely Automobile Holdings Ltd.,"9,18,000","19,50,877",,,geely automobile,175,GEELY AUTOMOBILE HOLDINGS LTD.
ESGE,iShares MSCI Emerging Markets ESG Optimized ETF,31/08/18,China — 27.9%,Genscript Biotech Corp.,"1,96,000","4,22,021",,,genscript biotech,1548,GENSCRIPT BIOTECH CORP.
ESGE,iShares MSCI Emerging Markets ESG Optimized ETF,31/08/18,China — 27.9%,Greentown China Holdings Ltd.,"3,43,000","3,45,233",,,greentown china,G7C.SG,GREENTOWN CHINA HOLDINGS LTD.
ESGE,iShares MSCI Emerging Markets ESG Optimized ETF,31/08/18,China — 27.9%,"Guangzhou Automobile Group Co. Ltd., Class H","6,13,200","6,65,630",,,guangzhou automobile class h,GUANG3,"GUANGZHOU AUTOMOBILE GROUP CO. LTD., CLASS H"
ESGE,iShares MSCI Emerging Markets ESG Optimized ETF,31/08/18,China — 27.9%,HengTen Networks Group Ltd. (b)(c),"1,09,76,000","4,61,476",,,hengten networks b c,HENGT,HENGTEN NETWORKS GROUP LTD. (B)(C)
ESGE,iShares MSCI Emerging Markets ESG Optimized ETF,31/08/18,China — 27.9%,"Huaneng Renewables Corp. Ltd., Class H","18,68,000","5,97,368",,,huaneng renewables class h,HUANE2,"HUANENG RENEWABLES CORP. LTD., CLASS H"
ESGE,iShares MSCI Emerging Markets ESG Optimized ETF,31/08/18,China — 27.9%,"Industrial & Commercial Bank of China Ltd., Class H","41,32,000","30,42,842",,,industrial and commercial bank of china class h,INDUS4,"INDUSTRIAL & COMMERCIAL BANK OF CHINA LTD., CLASS H"
ESGE,iShares MSCI Emerging Markets ESG Optimized ETF,31/08/18,China — 27.9%,"JD.com Inc., ADR","21,168","6,62,558",,,jd com adr,JD,"JD.COM INC., ADR"
ESGE,iShares MSCI Emerging Markets ESG Optimized ETF,31/08/18,China — 27.9%,Kingboard Holdings Ltd.,"96,500","3,43,023",,,kingboard,KBDCF,KINGBOARD HOLDINGS LTD.
ESGE,iShares MSCI Emerging Markets ESG Optimized ETF,31/08/18,China — 27.9%,Kingboard Laminates Holdings Ltd.,"3,43,000","3,23,820",,,kingboard laminates,KLN.SG,KINGBOARD LAMINATES HOLDINGS LTD.
ESGE,iShares MSCI Emerging Markets ESG Optimized ETF,31/08/18,China — 27.9%,Kingdee International Software Group Co. Ltd.,"7,84,000","8,92,986",,,kingdee international software,KDIC.SG,KINGDEE INTERNATIONAL SOFTWARE GROUP CO. LTD.
ESGE,iShares MSCI Emerging Markets ESG Optimized ETF,31/08/18,China — 27.9%,Lee & Man Paper Manufacturing Ltd.,"2,94,000","2,81,680",,,lee and man paper manufacturing,LMP.MU,LEE & MAN PAPER MANUFACTURING LTD.
ESGE,iShares MSCI Emerging Markets ESG Optimized ETF,31/08/18,China — 27.9%,"Legend Holdings Corp., Class H","2,25,400","6,97,833",,,legend class h,1PC.F,"LEGEND HOLDINGS CORP., CLASS H"
ESGE,iShares MSCI Emerging Markets ESG Optimized ETF,31/08/18,China — 27.9%,Lenovo Group Ltd.,"23,52,000","15,34,258",,,lenovo,992,LENOVO GROUP LTD.
ESGE,iShares MSCI Emerging Markets ESG Optimized ETF,31/08/18,China — 27.9%,MMG Ltd.,"15,68,000","7,85,109",,,mmg,OMS1.SG,MMG LTD.
ESGE,iShares MSCI Emerging Markets ESG Optimized ETF,31/08/18,China — 27.9%,"Momo Inc., ADR","9,016","4,17,351",,,momo adr,8454.TW,"MOMO INC., ADR"
ESGE,iShares MSCI Emerging Markets ESG Optimized ETF,31/08/18,China — 27.9%,"NetEase Inc., ADR","1,862","3,68,136",,,netease adr,NTES,"NETEASE INC., ADR"
ESGE,iShares MSCI Emerging Markets ESG Optimized ETF,31/08/18,China — 27.9%,"New Oriental Education & Technology Group Inc., ADR","6,566","5,16,088",,,new oriental education and technology adr,EDU,"NEW ORIENTAL EDUCATION & TECHNOLOGY GROUP INC., ADR"
ESGE,iShares MSCI Emerging Markets ESG Optimized ETF,31/08/18,China — 27.9%,"Ping An Insurance Group Co. of China Ltd., Class H","3,92,000","37,75,714",,,ping an insurance of china class h,PINGA3,"PING AN INSURANCE GROUP CO. OF CHINA LTD., CLASS H"
ESGE,iShares MSCI Emerging Markets ESG Optimized ETF,31/08/18,China — 27.9%,Semiconductor Manufacturing International Corp.,"2,98,500","3,52,165",,,semiconductor manufacturing international,688981.SS,SEMICONDUCTOR MANUFACTURING INTERNATIONAL CORP.
ESGE,iShares MSCI Emerging Markets ESG Optimized ETF,31/08/18,China — 27.9%,"Shanghai Fosun Pharmaceutical Group Co. Ltd., Class H","1,67,500","6,76,496",,,shanghai fosun pharmaceutical class h,SHANG3,"SHANGHAI FOSUN PHARMACEUTICAL GROUP CO. LTD., CLASS H"
ESGE,iShares MSCI Emerging Markets ESG Optimized ETF,31/08/18,China — 27.9%,"Shanghai Pharmaceuticals Holding Co. Ltd., Class H","3,43,000","9,00,228",,,shanghai pharmaceuticals holding class h,SHPMF,"SHANGHAI PHARMACEUTICALS HOLDING CO. LTD., CLASS H"
ESGE,iShares MSCI Emerging Markets ESG Optimized ETF,31/08/18,China — 27.9%,Shenzhou International Group Holdings Ltd.,"98,000","12,86,040",,,shenzhou international,2313,SHENZHOU INTERNATIONAL GROUP HOLDINGS LTD.
ESGE,iShares MSCI Emerging Markets ESG Optimized ETF,31/08/18,China — 27.9%,Shui On Land Ltd.,"29,58,000","7,04,743",,,shui on land,OL5.SG,SHUI ON LAND LTD.
ESGE,iShares MSCI Emerging Markets ESG Optimized ETF,31/08/18,China — 27.9%,Sino Biopharmaceutical Ltd.,"4,90,000","6,20,546",,,sino biopharmaceutical,1177,SINO BIOPHARMACEUTICAL LTD.
ESGE,iShares MSCI Emerging Markets ESG Optimized ETF,31/08/18,China — 27.9%,"Sinopharm Group Co. Ltd., Class H","88,000","4,37,819",,,sinopharm class h,SHTDY,"SINOPHARM GROUP CO. LTD., CLASS H"
ESGE,iShares MSCI Emerging Markets ESG Optimized ETF,31/08/18,China — 27.9%,"Sinotrans Ltd., Class H","19,60,000","8,21,567",,,sinotrans class h,SIY.F,"SINOTRANS LTD., CLASS H"
ESGE,iShares MSCI Emerging Markets ESG Optimized ETF,31/08/18,China — 27.9%,SOHO China Ltd.,"16,66,000","6,68,616",,,soho china,45S.SG,SOHO CHINA LTD.
ESGE,iShares MSCI Emerging Markets ESG Optimized ETF,31/08/18,China — 27.9%,Sunac China Holdings Ltd.,"2,06,000","6,74,515",,,sunac china,SCNR.SG,SUNAC CHINA HOLDINGS LTD.
ESGE,iShares MSCI Emerging Markets ESG Optimized ETF,31/08/18,China — 27.9%,"TAL Education Group, Class A, ADR","11,368","3,36,493",,,tal education adr,TAL,"TAL EDUCATION GROUP, CLASS A, ADR"
ESGE,iShares MSCI Emerging Markets ESG Optimized ETF,31/08/18,China — 27.9%,Tencent Holdings Ltd.,"4,01,800","1,74,05,242",,,tencent,700,TENCENT HOLDINGS LTD.
ESGE,iShares MSCI Emerging Markets ESG Optimized ETF,31/08/18,China — 27.9%,"Tong Ren Tang Technologies Co. Ltd., Class H","1,96,000","2,84,177",,,tong ren tang technologies class h,TNG.F,"TONG REN TANG TECHNOLOGIES CO. LTD., CLASS H"
ESGE,iShares MSCI Emerging Markets ESG Optimized ETF,31/08/18,China — 27.9%,Towngas China Co. Ltd.,"4,96,000","4,56,890",,,towngas china,PGJ.SG,TOWNGAS CHINA CO. LTD.
ESGE,iShares MSCI Emerging Markets ESG Optimized ETF,31/08/18,China — 27.9%,"TravelSky Technology Ltd., Class H","2,08,000","5,32,661",,,travelsky technology class h,TVL.F,"TRAVELSKY TECHNOLOGY LTD., CLASS H"
ESGE,iShares MSCI Emerging Markets ESG Optimized ETF,31/08/18,China — 27.9%,"Vipshop Holdings Ltd., ADR (b)(c)","44,198","3,08,502",,,vipshop adr b c,1VPA.F,"VIPSHOP HOLDINGS LTD., ADR (B)(C)"
ESGE,iShares MSCI Emerging Markets ESG Optimized ETF,31/08/18,China — 27.9%,Wuxi Biologics Cayman Inc. (a)(b),"98,000","9,67,652",,,wuxi biologics cayman a b,WUXIB2,WUXI BIOLOGICS CAYMAN INC. (A)(B)
ESGE,iShares MSCI Emerging Markets ESG Optimized ETF,31/08/18,China — 27.9%,"Xinjiang Goldwind Science & Technology Co. Ltd., Class H","3,21,400","3,43,967",,,xinjiang goldwind science and technology class h,CXGH.BE,"XINJIANG GOLDWIND SCIENCE & TECHNOLOGY CO. LTD., CLASS H"
ESGE,iShares MSCI Emerging Markets ESG Optimized ETF,31/08/18,China — 27.9%,Xinyi Solar Holdings Ltd.,"9,80,000","2,92,168",,,xinyi solar,968,XINYI SOLAR HOLDINGS LTD.
ESGE,iShares MSCI Emerging Markets ESG Optimized ETF,31/08/18,China — 27.9%,"Yanzhou Coal Mining Co. Ltd., Class H","1,84,000","2,12,626",,,yanzhou coal mining class h,YZC.SG,"YANZHOU COAL MINING CO. LTD., CLASS H"
ESGE,iShares MSCI Emerging Markets ESG Optimized ETF,31/08/18,China — 27.9%,Yuzhou Properties Co. Ltd,"5,88,000","3,12,395",,,yuzhou properties,YUZHO,YUZHOU PROPERTIES CO. LTD
ESGE,iShares MSCI Emerging Markets ESG Optimized ETF,31/08/18,China — 27.9%,"YY Inc., ADR","4,508","3,44,547",,,yy adr,YYINC,"YY INC., ADR"
ESGE,iShares MSCI Emerging Markets ESG Optimized ETF,31/08/18,China — 27.9%,Zhongsheng Group Holdings Ltd.,"1,47,000","3,22,509","9,19,76,505",,zhongsheng,881,ZHONGSHENG GROUP HOLDINGS LTD.
ESGE,iShares MSCI Emerging Markets ESG Optimized ETF,31/08/18,Colombia — 0.8%,Bancolombia SA,"27,440","2,94,633",,,bancolombia,BANCO6,BANCOLOMBIA SA
ESGE,iShares MSCI Emerging Markets ESG Optimized ETF,31/08/18,Colombia — 0.8%,Cementos Argos SA,"5,94,762","17,56,197",,,cementos argos,CEMARGOS.CL,CEMENTOS ARGOS SA
ESGE,iShares MSCI Emerging Markets ESG Optimized ETF,31/08/18,Colombia — 0.8%,Grupo Argos SA/Colombia,"92,120","5,75,985","26,26,815",,grupo argos colombia,GRUPO8,GRUPO ARGOS SA/COLOMBIA
ESGE,iShares MSCI Emerging Markets ESG Optimized ETF,31/08/18,Czech Republic — 0.4%,Komercni Banka AS,"27,930","11,67,581","11,67,581",,komercni banka as,KONN.SG,KOMERCNI BANKA AS
ESGE,iShares MSCI Emerging Markets ESG Optimized ETF,31/08/18,Egypt — 0.1%,Commercial International Bank Egypt SAE,"67,640","3,32,585","3,32,585",,commercial international bank egypt sae,CIN.BE,COMMERCIAL INTERNATIONAL BANK EGYPT SAE
ESGE,iShares MSCI Emerging Markets ESG Optimized ETF,31/08/18,Greece — 0.3%,Hellenic Telecommunications Organization SA,"70,952","9,07,253","9,07,253",,hellenic telecommunications organization,HELLE,HELLENIC TELECOMMUNICATIONS ORGANIZATION SA
ESGE,iShares MSCI Emerging Markets ESG Optimized ETF,31/08/18,Hungary — 0.7%,MOL Hungarian Oil & Gas PLC,"2,35,298","24,09,623","24,09,623",,mol hungarian oil and gas,MOL,MOL HUNGARIAN OIL & GAS PLC
ESGE,iShares MSCI Emerging Markets ESG Optimized ETF,31/08/18,India — 10.0%,Asian Paints Ltd.,"1,01,430","19,62,709",,,asian paints,ASIANPAINT,ASIAN PAINTS LTD.
ESGE,iShares MSCI Emerging Markets ESG Optimized ETF,31/08/18,India — 10.0%,"Axis Bank Ltd., GDR","42,728","19,46,260",,,axis bank gdr,UZC.F,"AXIS BANK LTD., GDR"
ESGE,iShares MSCI Emerging Markets ESG Optimized ETF,31/08/18,India — 10.0%,Bajaj Finance Ltd.,"18,228","7,34,144",,,bajaj finance,BAJFINANCE,BAJAJ FINANCE LTD.
ESGE,iShares MSCI Emerging Markets ESG Optimized ETF,31/08/18,India — 10.0%,Bharat Petroleum Corp. Ltd.,"61,642","3,14,701",,,bharat petroleum,BHARA,BHARAT PETROLEUM CORP. LTD.
ESGE,iShares MSCI Emerging Markets ESG Optimized ETF,31/08/18,India — 10.0%,Bharti Airtel Ltd.,"88,298","4,77,865",,,bharti airtel,BHARTIARTL,BHARTI AIRTEL LTD.
ESGE,iShares MSCI Emerging Markets ESG Optimized ETF,31/08/18,India — 10.0%,Bharti Infratel Ltd.,"78,988","3,19,510",,,bharti infratel,BHART,BHARTI INFRATEL LTD.
ESGE,iShares MSCI Emerging Markets ESG Optimized ETF,31/08/18,India — 10.0%,Dabur India Ltd.,"2,51,566","16,98,063",,,dabur india,DABUR,DABUR INDIA LTD.
ESGE,iShares MSCI Emerging Markets ESG Optimized ETF,31/08/18,India — 10.0%,Eicher Motors Ltd.,882,"3,48,936",,,eicher motors,EICHERMOT,EICHER MOTORS LTD.
ESGE,iShares MSCI Emerging Markets ESG Optimized ETF,31/08/18,India — 10.0%,HCL Technologies Ltd.,"66,444","9,80,319",,,hcl technologies,HCLTECH,HCL TECHNOLOGIES LTD.
ESGE,iShares MSCI Emerging Markets ESG Optimized ETF,31/08/18,India — 10.0%,Hindalco Industries Ltd.,"1,19,658","4,01,440",,,hindalco industries,HINDALCO,HINDALCO INDUSTRIES LTD.
ESGE,iShares MSCI Emerging Markets ESG Optimized ETF,31/08/18,India — 10.0%,Hindustan Unilever Ltd.,"93,100","23,36,615",,,hindustan unilever,HINDUNILVR,HINDUSTAN UNILEVER LTD.
ESGE,iShares MSCI Emerging Markets ESG Optimized ETF,31/08/18,India — 10.0%,Housing Development Finance Corp. Ltd.,"1,07,604","29,37,079",,,housing development finance,HOUSI,HOUSING DEVELOPMENT FINANCE CORP. LTD.
ESGE,iShares MSCI Emerging Markets ESG Optimized ETF,31/08/18,India — 10.0%,"ICICI Bank Ltd., ADR","52,234","5,03,013",,,icici bank adr,ICBA.F,"ICICI BANK LTD., ADR"
ESGE,iShares MSCI Emerging Markets ESG Optimized ETF,31/08/18,India — 10.0%,Indiabulls Housing Finance Ltd.,"18,718","3,32,326",,,indiabulls housing finance,INDIA,INDIABULLS HOUSING FINANCE LTD.
ESGE,iShares MSCI Emerging Markets ESG Optimized ETF,31/08/18,India — 10.0%,Indian Oil Corp. Ltd.,"2,09,230","4,58,867",,,indian oil,IOC.NS,INDIAN OIL CORP. LTD.
ESGE,iShares MSCI Emerging Markets ESG Optimized ETF,31/08/18,India — 10.0%,"Infosys Ltd., ADR, NVS","1,96,882","40,89,239",,,infosys adr,IOY.F,"INFOSYS LTD., ADR, NVS"
ESGE,iShares MSCI Emerging Markets ESG Optimized ETF,31/08/18,India — 10.0%,"Mahindra & Mahindra Ltd., GDR","1,26,714","16,97,968",,,mahindra and mahindra gdr,MOM.F,"MAHINDRA & MAHINDRA LTD., GDR"
ESGE,iShares MSCI Emerging Markets ESG Optimized ETF,31/08/18,India — 10.0%,Marico Ltd.,"1,26,812","6,60,555",,,marico,MARICO,MARICO LTD.
ESGE,iShares MSCI Emerging Markets ESG Optimized ETF,31/08/18,India — 10.0%,Nestle India Ltd.,"5,978","9,76,207",,,nestle india,NESTLEIND,NESTLE INDIA LTD.
ESGE,iShares MSCI Emerging Markets ESG Optimized ETF,31/08/18,India — 10.0%,Piramal Enterprises Ltd.,"11,858","5,34,959",,,piramal enterprises,PEL.BO,PIRAMAL ENTERPRISES LTD.
ESGE,iShares MSCI Emerging Markets ESG Optimized ETF,31/08/18,India — 10.0%,"Reliance Industries Ltd., GDR","61,348","21,22,641",,,reliance industries gdr,RELIANCE.NS,"RELIANCE INDUSTRIES LTD., GDR"
ESGE,iShares MSCI Emerging Markets ESG Optimized ETF,31/08/18,India — 10.0%,Rural Electrification Corp. Ltd.,"2,01,292","3,39,998",,,rural electrification,RURAL,RURAL ELECTRIFICATION CORP. LTD.
ESGE,iShares MSCI Emerging Markets ESG Optimized ETF,31/08/18,India — 10.0%,Siemens Ltd.,"24,206","3,48,024",,,siemens,SIEMENS,SIEMENS LTD.
ESGE,iShares MSCI Emerging Markets ESG Optimized ETF,31/08/18,India — 10.0%,Tata Consultancy Services Ltd.,"1,09,760","32,16,372",,,tata consultancy services,TCS,TATA CONSULTANCY SERVICES LTD.
ESGE,iShares MSCI Emerging Markets ESG Optimized ETF,31/08/18,India — 10.0%,Tech Mahindra Ltd.,"32,046","3,46,005",,,tech mahindra,TECHM,TECH MAHINDRA LTD.
ESGE,iShares MSCI Emerging Markets ESG Optimized ETF,31/08/18,India — 10.0%,Titan Co. Ltd.,"57,722","7,25,856",,,titan,TITAN,TITAN CO. LTD.
ESGE,iShares MSCI Emerging Markets ESG Optimized ETF,31/08/18,India — 10.0%,"Wipro Ltd., ADR, NVS","1,64,248","8,45,877",,,wipro adr,WIPRO.NS,"WIPRO LTD., ADR, NVS"
ESGE,iShares MSCI Emerging Markets ESG Optimized ETF,31/08/18,India — 10.0%,Yes Bank Ltd.,"2,99,782","14,51,862","3,31,07,410",,yes bank,YESBANK.BO,YES BANK LTD.
ESGE,iShares MSCI Emerging Markets ESG Optimized ETF,31/08/18,Indonesia — 1.8%,Astra International Tbk PT,"29,30,200","14,42,223",,,astra international tbk pt,ASJA.F,ASTRA INTERNATIONAL TBK PT
ESGE,iShares MSCI Emerging Markets ESG Optimized ETF,31/08/18,Indonesia — 1.8%,Bank Central Asia Tbk PT,"1,76,400","2,96,994",,,bank central asia tbk pt,BZG2.F,BANK CENTRAL ASIA TBK PT
ESGE,iShares MSCI Emerging Markets ESG Optimized ETF,31/08/18,Indonesia — 1.8%,Bank Danamon Indonesia Tbk PT,"6,86,000","3,16,687",,,bank danamon indonesia tbk pt,BANKD,BANK DANAMON INDONESIA TBK PT
ESGE,iShares MSCI Emerging Markets ESG Optimized ETF,31/08/18,Indonesia — 1.8%,Bank Mandiri Persero Tbk PT,"17,93,400","8,40,086",,,bank mandiri persero tbk pt,BANKM2,BANK MANDIRI PERSERO TBK PT
ESGE,iShares MSCI Emerging Markets ESG Optimized ETF,31/08/18,Indonesia — 1.8%,Bank Rakyat Indonesia Persero Tbk PT,"28,91,000","6,24,126",,,bank rakyat indonesia persero tbk pt,BANKR,BANK RAKYAT INDONESIA PERSERO TBK PT
ESGE,iShares MSCI Emerging Markets ESG Optimized ETF,31/08/18,Indonesia — 1.8%,Indah Kiat Pulp & Paper Corp. Tbk PT,"2,45,000","3,17,685",,,indah kiat pulp and paper tbk pt,INDAH,INDAH KIAT PULP & PAPER CORP. TBK PT
ESGE,iShares MSCI Emerging Markets ESG Optimized ETF,31/08/18,Indonesia — 1.8%,Kalbe Farma Tbk PT,"75,26,400","6,87,237",,,kalbe farma tbk pt,KALBE,KALBE FARMA TBK PT
ESGE,iShares MSCI Emerging Markets ESG Optimized ETF,31/08/18,Indonesia — 1.8%,Unilever Indonesia Tbk PT,"1,07,800","3,20,912",,,unilever indonesia tbk pt,UTG.F,UNILEVER INDONESIA TBK PT
ESGE,iShares MSCI Emerging Markets ESG Optimized ETF,31/08/18,Indonesia — 1.8%,United Tractors Tbk PT,"4,01,800","9,38,352","57,84,302",,united tractors tbk pt,UNITE6,UNITED TRACTORS TBK PT
ESGE,iShares MSCI Emerging Markets ESG Optimized ETF,31/08/18,Malaysia — 3.4%,Astro Malaysia Holdings Bhd,"11,51,700","4,87,640",,,astro malaysia bhd,ASTRO,ASTRO MALAYSIA HOLDINGS BHD
ESGE,iShares MSCI Emerging Markets ESG Optimized ETF,31/08/18,Malaysia — 3.4%,Axiata Group Bhd,"2,94,000","3,43,400",,,axiata bhd,AXXTF,AXIATA GROUP BHD
ESGE,iShares MSCI Emerging Markets ESG Optimized ETF,31/08/18,Malaysia — 3.4%,CIMB Group Holdings Bhd,"5,19,400","7,69,716",,,cimb bhd,CIMBG,CIMB GROUP HOLDINGS BHD
ESGE,iShares MSCI Emerging Markets ESG Optimized ETF,31/08/18,Malaysia — 3.4%,Malayan Banking Bhd,"1,76,400","4,27,532",,,malayan banking bhd,MALAY,MALAYAN BANKING BHD
ESGE,iShares MSCI Emerging Markets ESG Optimized ETF,31/08/18,Malaysia — 3.4%,Maxis Bhd,"8,03,600","11,30,261",,,maxis bhd,MAXSF,MAXIS BHD
ESGE,iShares MSCI Emerging Markets ESG Optimized ETF,31/08/18,Malaysia — 3.4%,Nestle Malaysia Bhd,"37,200","13,30,673",,,nestle malaysia bhd,NSLYF,NESTLE MALAYSIA BHD
ESGE,iShares MSCI Emerging Markets ESG Optimized ETF,31/08/18,Malaysia — 3.4%,Petronas Dagangan Bhd,"1,07,800","7,13,508",,,petronas dagangan bhd,PETRO,PETRONAS DAGANGAN BHD
ESGE,iShares MSCI Emerging Markets ESG Optimized ETF,31/08/18,Malaysia — 3.4%,Public Bank Bhd,"7,15,400","43,73,001",,,public bank bhd,PUBLI,PUBLIC BANK BHD
ESGE,iShares MSCI Emerging Markets ESG Optimized ETF,31/08/18,Malaysia — 3.4%,Sime Darby Plantation Bhd,"7,44,800","9,71,439",,,sime darby plantation bhd,SDPNF,SIME DARBY PLANTATION BHD
ESGE,iShares MSCI Emerging Markets ESG Optimized ETF,31/08/18,Malaysia — 3.4%,Telekom Malaysia Bhd,"3,82,200","3,07,843",,,telekom malaysia bhd,TELEK2,TELEKOM MALAYSIA BHD
ESGE,iShares MSCI Emerging Markets ESG Optimized ETF,31/08/18,Malaysia — 3.4%,Top Glove Corp. Bhd,"1,42,800","3,87,101","1,12,42,114",,top glove bhd,5OU.F,TOP GLOVE CORP. BHD
ESGE,iShares MSCI Emerging Markets ESG Optimized ETF,31/08/18,Mexico — 2.7%,Alsea SAB de CV,"1,30,400","4,64,163",,,alsea sab de cv,ALSEA.MX,ALSEA SAB DE CV
ESGE,iShares MSCI Emerging Markets ESG Optimized ETF,31/08/18,Mexico — 2.7%,Arca Continental SAB de CV,"1,60,950","9,89,581",,,arca continental sab de cv,EMBVF,ARCA CONTINENTAL SAB DE CV
ESGE,iShares MSCI Emerging Markets ESG Optimized ETF,31/08/18,Mexico — 2.7%,"Cemex SAB de CV, CPO","13,42,600","9,50,047",,,cemex sab de cv cpo,CX,"CEMEX SAB DE CV, CPO"
ESGE,iShares MSCI Emerging Markets ESG Optimized ETF,31/08/18,Mexico — 2.7%,"Coca-Cola Femsa SAB de CV, Series L, NVS","4,70,400","28,27,493",,,coca cola femsa sab de cv series l,CFSL.DU,"COCA-COLA FEMSA SAB DE CV, SERIES L, NVS"
ESGE,iShares MSCI Emerging Markets ESG Optimized ETF,31/08/18,Mexico — 2.7%,"Grupo Financiero Banorte SAB de CV, Series O","2,25,400","15,42,629",,,grupo financiero banorte sab de cv series o,4FN.SG,"GRUPO FINANCIERO BANORTE SAB DE CV, SERIES O"
ESGE,iShares MSCI Emerging Markets ESG Optimized ETF,31/08/18,Mexico — 2.7%,Industrias Penoles SAB de CV,"20,090","3,41,206",,,industrias penoles sab de cv,4FO.MU,INDUSTRIAS PENOLES SAB DE CV
ESGE,iShares MSCI Emerging Markets ESG Optimized ETF,31/08/18,Mexico — 2.7%,Infraestructura Energetica Nova SAB de CV,"1,50,600","6,99,736",,,infraestructura energetica nova sab de cv,INFRA,INFRAESTRUCTURA ENERGETICA NOVA SAB DE CV
ESGE,iShares MSCI Emerging Markets ESG Optimized ETF,31/08/18,Mexico — 2.7%,"Kimberly-Clark de Mexico SAB de CV, Series A","5,97,815","10,49,275","88,64,130",,kimberly clark de mexico sab de cv series a,4FX.HA,"KIMBERLY-CLARK DE MEXICO SAB DE CV, SERIES A"
ESGE,iShares MSCI Emerging Markets ESG Optimized ETF,31/08/18,Peru — 0.1%,Credicorp Ltd.,"1,568","3,41,855","3,41,855",,credicorp,BAP,CREDICORP LTD.
ESGE,iShares MSCI Emerging Markets ESG Optimized ETF,31/08/18,Philippines — 0.5%,Aboitiz Equity Ventures Inc.,"2,90,080","2,89,982",,,aboitiz equity ventures,ABOIF,ABOITIZ EQUITY VENTURES INC.
ESGE,iShares MSCI Emerging Markets ESG Optimized ETF,31/08/18,Philippines — 0.5%,SM Prime Holdings Inc.,"19,69,800","14,36,789","17,26,771",,sm prime,SPHXF,SM PRIME HOLDINGS INC.
ESGE,iShares MSCI Emerging Markets ESG Optimized ETF,31/08/18,Poland — 1.0%,Bank Handlowy w Warszawie SA,"16,546","3,05,704",,,bank handlowy w warszawie,0DOS.L,BANK HANDLOWY W WARSZAWIE SA
ESGE,iShares MSCI Emerging Markets ESG Optimized ETF,31/08/18,Poland — 1.0%,Bank Zachodni WBK SA,"5,586","5,70,674",,,bank zachodni wbk,BANKZ,BANK ZACHODNI WBK SA
ESGE,iShares MSCI Emerging Markets ESG Optimized ETF,31/08/18,Poland — 1.0%,KGHM Polska Miedz SA,"35,280","8,70,389",,,kghm polska miedz,KGH,KGHM POLSKA MIEDZ SA
ESGE,iShares MSCI Emerging Markets ESG Optimized ETF,31/08/18,Poland — 1.0%,mBank SA,"4,410","4,90,792",,,mbank,MBK,MBANK SA
ESGE,iShares MSCI Emerging Markets ESG Optimized ETF,31/08/18,Poland — 1.0%,Polski Koncern Naftowy ORLEN SA,"45,178","12,05,909","34,43,468",,polski koncern naftowy orlen,PKY1.SG,POLSKI KONCERN NAFTOWY ORLEN SA
ESGE,iShares MSCI Emerging Markets ESG Optimized ETF,31/08/18,Qatar — 0.7%,Commercial Bank PQSC (The),"37,926","4,08,570",,,commercial bank pqsc the,COMME2,COMMERCIAL BANK PQSC (THE)
ESGE,iShares MSCI Emerging Markets ESG Optimized ETF,31/08/18,Qatar — 0.7%,Ooredoo QPSC,"41,365","8,27,900",,,ooredoo qpsc,ORDS.QA,OOREDOO QPSC
ESGE,iShares MSCI Emerging Markets ESG Optimized ETF,31/08/18,Qatar — 0.7%,Qatar National Bank QPSC,"24,304","11,82,854","24,19,324",,qatar national bank qpsc,QNBK.QA,QATAR NATIONAL BANK QPSC
ESGE,iShares MSCI Emerging Markets ESG Optimized ETF,31/08/18,Russia — 3.1%,Alrosa PJSC,"2,64,600","3,98,312",,,alrosa pjsc,ALROS,ALROSA PJSC
ESGE,iShares MSCI Emerging Markets ESG Optimized ETF,31/08/18,Russia — 3.1%,Gazprom PJSC,"1,09,760","2,44,359",,,gazprom pjsc,GAZPR,GAZPROM PJSC
ESGE,iShares MSCI Emerging Markets ESG Optimized ETF,31/08/18,Russia — 3.1%,"Gazprom PJSC, ADR, NVS","64,072","2,82,558",,,gazprom pjsc adr,GAZPR3,"GAZPROM PJSC, ADR, NVS"
ESGE,iShares MSCI Emerging Markets ESG Optimized ETF,31/08/18,Russia — 3.1%,Inter RAO UES PJSC,"1,23,48,000","7,40,655",,,inter rao ues pjsc,INTER3,INTER RAO UES PJSC
ESGE,iShares MSCI Emerging Markets ESG Optimized ETF,31/08/18,Russia — 3.1%,LUKOIL PJSC,"33,124","23,11,666",,,lukoil pjsc,LUKOI,LUKOIL PJSC
ESGE,iShares MSCI Emerging Markets ESG Optimized ETF,31/08/18,Russia — 3.1%,"LUKOIL PJSC, ADR, NVS","3,732","2,57,508",,,lukoil pjsc adr,LUKOI3,"LUKOIL PJSC, ADR, NVS"
ESGE,iShares MSCI Emerging Markets ESG Optimized ETF,31/08/18,Russia — 3.1%,"Novatek PJSC, GDR, NVS","12,936","21,60,312",,,novatek pjsc gdr,NOVAT2,"NOVATEK PJSC, GDR, NVS"
ESGE,iShares MSCI Emerging Markets ESG Optimized ETF,31/08/18,Russia — 3.1%,Novolipetsk Steel PJSC,"2,47,940","6,09,821",,,novolipetsk steel pjsc,NOVOL,NOVOLIPETSK STEEL PJSC
ESGE,iShares MSCI Emerging Markets ESG Optimized ETF,31/08/18,Russia — 3.1%,Rosneft Oil Co. PJSC,"2,040","13,196",,,rosneft oil pjsc,ROSNE,ROSNEFT OIL CO. PJSC
ESGE,iShares MSCI Emerging Markets ESG Optimized ETF,31/08/18,Russia — 3.1%,"Rosneft Oil Co. PJSC, GDR, NVS","33,319","2,12,309",,,rosneft oil pjsc gdr,ROSNE2,"ROSNEFT OIL CO. PJSC, GDR, NVS"
ESGE,iShares MSCI Emerging Markets ESG Optimized ETF,31/08/18,Russia — 3.1%,RusHydro PJSC,"4,67,46,000","4,42,032",,,rushydro pjsc,RUSHY,RUSHYDRO PJSC
ESGE,iShares MSCI Emerging Markets ESG Optimized ETF,31/08/18,Russia — 3.1%,Sberbank of Russia PJSC,"73,710","1,99,176",,,sberbank of russia pjsc,SBERB2,SBERBANK OF RUSSIA PJSC
ESGE,iShares MSCI Emerging Markets ESG Optimized ETF,31/08/18,Russia — 3.1%,"Sberbank of Russia PJSC, ADR","1,67,384","18,16,953",,,sberbank of russia pjsc adr,SBERB4,"SBERBANK OF RUSSIA PJSC, ADR"
ESGE,iShares MSCI Emerging Markets ESG Optimized ETF,31/08/18,Russia — 3.1%,Tatneft PJSC,"55,860","6,49,466","1,03,38,323",,tatneft pjsc,TATNE2,TATNEFT PJSC
ESGE,iShares MSCI Emerging Markets ESG Optimized ETF,31/08/18,South Africa — 6.8%,Absa Group Ltd.,"38,220","4,24,036",,,absa,ABG,ABSA GROUP LTD.
ESGE,iShares MSCI Emerging Markets ESG Optimized ETF,31/08/18,South Africa — 6.8%,Clicks Group Ltd.,"23,912","3,31,312",,,clicks,CLS,CLICKS GROUP LTD.
ESGE,iShares MSCI Emerging Markets ESG Optimized ETF,31/08/18,South Africa — 6.8%,Exxaro Resources Ltd.,"51,646","5,24,700",,,exxaro resources,LCQ.SG,EXXARO RESOURCES LTD.
ESGE,iShares MSCI Emerging Markets ESG Optimized ETF,31/08/18,South Africa — 6.8%,FirstRand Ltd.,"2,18,834","10,55,989",,,firstrand,FSR,FIRSTRAND LTD.
ESGE,iShares MSCI Emerging Markets ESG Optimized ETF,31/08/18,South Africa — 6.8%,Foschini Group Ltd. (The),"27,538","3,28,154",,,foschini the,FHNGY,FOSCHINI GROUP LTD. (THE)
ESGE,iShares MSCI Emerging Markets ESG Optimized ETF,31/08/18,South Africa — 6.8%,Growthpoint Properties Ltd.,"6,29,944","10,93,816",,,growthpoint properties,G5JA.SG,GROWTHPOINT PROPERTIES LTD.
ESGE,iShares MSCI Emerging Markets ESG Optimized ETF,31/08/18,South Africa — 6.8%,Imperial Holdings Ltd.,"59,486","8,37,118",,,imperial,IMPER,IMPERIAL HOLDINGS LTD.
ESGE,iShares MSCI Emerging Markets ESG Optimized ETF,31/08/18,South Africa — 6.8%,Investec Ltd.,"2,70,676","17,76,702",,,investec,IYYA.SG,INVESTEC LTD.
ESGE,iShares MSCI Emerging Markets ESG Optimized ETF,31/08/18,South Africa — 6.8%,Kumba Iron Ore Ltd.,"43,022","7,78,411",,,kumba iron ore,KIO,KUMBA IRON ORE LTD.
ESGE,iShares MSCI Emerging Markets ESG Optimized ETF,31/08/18,South Africa — 6.8%,Mondi Ltd.,"31,476","8,81,253",,,mondi,MNDI,MONDI LTD.
ESGE,iShares MSCI Emerging Markets ESG Optimized ETF,31/08/18,South Africa — 6.8%,Mr. Price Group Ltd.,"20,972","3,22,555",,,mr price,MRPLY,MR. PRICE GROUP LTD.
ESGE,iShares MSCI Emerging Markets ESG Optimized ETF,31/08/18,South Africa — 6.8%,"Naspers Ltd., Class N","28,028","62,47,453",,,naspers class n,NPN,"NASPERS LTD., CLASS N"
ESGE,iShares MSCI Emerging Markets ESG Optimized ETF,31/08/18,South Africa — 6.8%,Nedbank Group Ltd.,"16,268","3,08,655",,,nedbank,NED,NEDBANK GROUP LTD.
ESGE,iShares MSCI Emerging Markets ESG Optimized ETF,31/08/18,South Africa — 6.8%,NEPI Rockcastle PLC,"70,560","6,74,236",,,nepi rockcastle,NRP,NEPI ROCKCASTLE PLC
ESGE,iShares MSCI Emerging Markets ESG Optimized ETF,31/08/18,South Africa — 6.8%,Netcare Ltd.,"3,72,204","7,45,615",,,netcare,NH7.SG,NETCARE LTD.
ESGE,iShares MSCI Emerging Markets ESG Optimized ETF,31/08/18,South Africa — 6.8%,Old Mutual Ltd.,"8,96,504","18,60,164",,,old mutual,OMU,OLD MUTUAL LTD.
ESGE,iShares MSCI Emerging Markets ESG Optimized ETF,31/08/18,South Africa — 6.8%,Sanlam Ltd.,"63,210","3,42,297",,,sanlam,SLM,SANLAM LTD.
ESGE,iShares MSCI Emerging Markets ESG Optimized ETF,31/08/18,South Africa — 6.8%,Sasol Ltd.,"9,078","3,56,893",,,sasol,SSL,SASOL LTD.
ESGE,iShares MSCI Emerging Markets ESG Optimized ETF,31/08/18,South Africa — 6.8%,Standard Bank Group Ltd.,"1,05,350","13,39,880",,,standard bank,SBK,STANDARD BANK GROUP LTD.
ESGE,iShares MSCI Emerging Markets ESG Optimized ETF,31/08/18,South Africa — 6.8%,Vodacom Group Ltd.,"2,18,540","18,85,250",,,vodacom,VOD,VODACOM GROUP LTD.
ESGE,iShares MSCI Emerging Markets ESG Optimized ETF,31/08/18,South Africa — 6.8%,Woolworths Holdings Ltd./South Africa,"1,22,402","4,52,974","2,25,67,463",,woolworths south africa,WOOLW2,WOOLWORTHS HOLDINGS LTD./SOUTH AFRICA
ESGE,iShares MSCI Emerging Markets ESG Optimized ETF,31/08/18,South Korea — 0.7%,Amorepacific Corp.,"2,156","5,09,390",,,amorepacific,90430,AMOREPACIFIC CORP.
ESGE,iShares MSCI Emerging Markets ESG Optimized ETF,31/08/18,South Korea — 0.7%,AMOREPACIFIC Group,"6,370","5,51,649",,,amorepacific,90430,AMOREPACIFIC GROUP
ESGE,iShares MSCI Emerging Markets ESG Optimized ETF,31/08/18,South Korea — 0.7%,BNK Financial Group Inc.,"1,86,629","13,98,271",,,bnk financial,138930.KS,BNK FINANCIAL GROUP INC.
ESGE,iShares MSCI Emerging Markets ESG Optimized ETF,31/08/18,South Korea — 0.7%,Celltrion Inc.,"3,528","8,55,734",,,celltrion,68270,CELLTRION INC.
ESGE,iShares MSCI Emerging Markets ESG Optimized ETF,31/08/18,South Korea — 0.7%,CJ CheilJedang Corp.,"2,058","6,33,217",,,cj cheiljedang,97950,CJ CHEILJEDANG CORP.
ESGE,iShares MSCI Emerging Markets ESG Optimized ETF,31/08/18,South Korea — 0.7%,DGB Financial Group Inc.,"1,03,096","9,49,319",,,dgb financial,DGBFI,DGB FINANCIAL GROUP INC.
ESGE,iShares MSCI Emerging Markets ESG Optimized ETF,31/08/18,South Korea — 0.7%,GS Engineering & Construction Corp.,"8,364","3,59,912",,,gs engineering and construction,GSENG2,GS ENGINEERING & CONSTRUCTION CORP.
ESGE,iShares MSCI Emerging Markets ESG Optimized ETF,31/08/18,South Korea — 0.7%,GS Holdings Corp.,"19,600","9,34,968",,,gs,GSHOL,GS HOLDINGS CORP.
ESGE,iShares MSCI Emerging Markets ESG Optimized ETF,31/08/18,South Korea — 0.7%,Hana Financial Group Inc.,"8,526","3,27,054",,,hana financial,86790,HANA FINANCIAL GROUP INC.
ESGE,iShares MSCI Emerging Markets ESG Optimized ETF,31/08/18,South Korea — 0.7%,Hankook Tire Co. Ltd.,"19,110","8,00,864",,,hankook tire,HANKO,HANKOOK TIRE CO. LTD.
ESGE,iShares MSCI Emerging Markets ESG Optimized ETF,31/08/18,South Korea — 0.7%,Hanwha Chemical Corp.,"22,148","4,02,908",,,hanwha chemical,HANWH,HANWHA CHEMICAL CORP.
ESGE,iShares MSCI Emerging Markets ESG Optimized ETF,31/08/18,South Korea — 0.7%,Hyundai Marine & Fire Insurance Co. Ltd.,"11,956","3,99,554",,,hyundai marine and fire insurance,HYUND6,HYUNDAI MARINE & FIRE INSURANCE CO. LTD.
ESGE,iShares MSCI Emerging Markets ESG Optimized ETF,31/08/18,South Korea — 0.7%,Hyundai Motor Co.,"3,136","3,52,154",,,hyundai motor,HYMLF,HYUNDAI MOTOR CO.
ESGE,iShares MSCI Emerging Markets ESG Optimized ETF,31/08/18,South Korea — 0.7%,Kangwon Land Inc.,"13,622","3,54,271",,,kangwon land,035250.KS,KANGWON LAND INC.
ESGE,iShares MSCI Emerging Markets ESG Optimized ETF,31/08/18,South Korea — 0.7%,KB Financial Group Inc.,"44,688","20,75,524",,,kb financial,105560,KB FINANCIAL GROUP INC.
ESGE,iShares MSCI Emerging Markets ESG Optimized ETF,31/08/18,South Korea — 0.7%,LG Chem Ltd.,"5,684","18,68,880",,,lg chem,51910,LG CHEM LTD.
ESGE,iShares MSCI Emerging Markets ESG Optimized ETF,31/08/18,South Korea — 0.7%,LG Corp.,"10,290","6,60,949",,,lg,003550.KS,LG CORP.
ESGE,iShares MSCI Emerging Markets ESG Optimized ETF,31/08/18,South Korea — 0.7%,LG Display Co. Ltd.,"58,996","11,26,232",,,lg display,34220,LG DISPLAY CO. LTD.
ESGE,iShares MSCI Emerging Markets ESG Optimized ETF,31/08/18,South Korea — 0.7%,LG Electronics Inc.,"19,012","13,11,702",,,lg electronics,LGLG.SG,LG ELECTRONICS INC.
ESGE,iShares MSCI Emerging Markets ESG Optimized ETF,31/08/18,South Korea — 0.7%,LG Household & Health Care Ltd.,"1,078","12,25,055",,,lg household and health care,LGHOU,LG HOUSEHOLD & HEALTH CARE LTD.
ESGE,iShares MSCI Emerging Markets ESG Optimized ETF,31/08/18,South Korea — 0.7%,LG Innotek Co. Ltd.,"2,744","3,53,738",,,lg innotek,011070.KS,LG INNOTEK CO. LTD.
ESGE,iShares MSCI Emerging Markets ESG Optimized ETF,31/08/18,South Korea — 0.7%,NAVER Corp.,"1,568","10,59,279",,,naver,35420,NAVER CORP.
ESGE,iShares MSCI Emerging Markets ESG Optimized ETF,31/08/18,South Korea — 0.7%,NCSoft Corp.,"1,078","3,75,264",,,ncsoft,036570.KS,NCSOFT CORP.
ESGE,iShares MSCI Emerging Markets ESG Optimized ETF,31/08/18,South Korea — 0.7%,POSCO,"10,976","32,19,390",,,posco,5490,POSCO
ESGE,iShares MSCI Emerging Markets ESG Optimized ETF,31/08/18,South Korea — 0.7%,Samsung Electro-Mechanics Co. Ltd.,"4,802","6,94,535",,,samsung electro mechanics,9150,SAMSUNG ELECTRO-MECHANICS CO. LTD.
ESGE,iShares MSCI Emerging Markets ESG Optimized ETF,31/08/18,South Korea — 0.7%,Samsung Electronics Co. Ltd.,"3,06,348","1,33,33,837",,,samsung electronics,5930,SAMSUNG ELECTRONICS CO. LTD.
ESGE,iShares MSCI Emerging Markets ESG Optimized ETF,31/08/18,South Korea — 0.7%,Samsung Fire & Marine Insurance Co. Ltd.,"2,352","5,59,924",,,samsung fire and marine insurance,SAMSU,SAMSUNG FIRE & MARINE INSURANCE CO. LTD.
ESGE,iShares MSCI Emerging Markets ESG Optimized ETF,31/08/18,South Korea — 0.7%,Samsung SDI Co. Ltd.,"3,920","8,31,083",,,samsung sdi,6400,SAMSUNG SDI CO. LTD.
ESGE,iShares MSCI Emerging Markets ESG Optimized ETF,31/08/18,South Korea — 0.7%,Shinhan Financial Group Co. Ltd.,"76,636","30,01,688",,,shinhan financial,55550,SHINHAN FINANCIAL GROUP CO. LTD.
ESGE,iShares MSCI Emerging Markets ESG Optimized ETF,31/08/18,South Korea — 0.7%,SK Holdings Co. Ltd.,"4,435","10,47,842",,,sk,34730,SK HOLDINGS CO. LTD.
ESGE,iShares MSCI Emerging Markets ESG Optimized ETF,31/08/18,South Korea — 0.7%,SK Hynix Inc.,"26,068","19,43,713",,,sk hynix,660,SK HYNIX INC.
ESGE,iShares MSCI Emerging Markets ESG Optimized ETF,31/08/18,South Korea — 0.7%,SK Innovation Co. Ltd.,"4,998","8,66,562",,,sk innovation,96770,SK INNOVATION CO. LTD.
ESGE,iShares MSCI Emerging Markets ESG Optimized ETF,31/08/18,South Korea — 0.7%,SK Telecom Co. Ltd.,"4,606","10,86,174",,,sk telecom,17670,SK TELECOM CO. LTD.
ESGE,iShares MSCI Emerging Markets ESG Optimized ETF,31/08/18,South Korea — 0.7%,S-Oil Corp.,"4,704","5,04,989",,,s oil,010950.KS,S-OIL CORP.
ESGE,iShares MSCI Emerging Markets ESG Optimized ETF,31/08/18,South Korea — 0.7%,ViroMed Co. Ltd.,"1,666","3,54,857","4,63,30,482",,viromed,VIROM,VIROMED CO. LTD.
ESGE,iShares MSCI Emerging Markets ESG Optimized ETF,31/08/18,Taiwan — 13.2%,Acer Inc.,"10,78,000","9,01,989",,,acer,2353,ACER INC.
ESGE,iShares MSCI Emerging Markets ESG Optimized ETF,31/08/18,Taiwan — 13.2%,ASE Technology Holding Co. Ltd.,"4,20,186","10,30,116",,,ase technology holding,3711,ASE TECHNOLOGY HOLDING CO. LTD.
ESGE,iShares MSCI Emerging Markets ESG Optimized ETF,31/08/18,Taiwan — 13.2%,Cathay Financial Holding Co. Ltd.,"9,80,000","16,78,268",,,cathay financial holding,2882,CATHAY FINANCIAL HOLDING CO. LTD.
ESGE,iShares MSCI Emerging Markets ESG Optimized ETF,31/08/18,Taiwan — 13.2%,China Steel Corp.,"5,88,000","4,81,465",,,china steel,2002,CHINA STEEL CORP.
ESGE,iShares MSCI Emerging Markets ESG Optimized ETF,31/08/18,Taiwan — 13.2%,Chunghwa Telecom Co. Ltd.,"13,72,000","48,46,557",,,chunghwa telecom,2412,CHUNGHWA TELECOM CO. LTD.
ESGE,iShares MSCI Emerging Markets ESG Optimized ETF,31/08/18,Taiwan — 13.2%,Delta Electronics Inc.,"1,20,000","4,80,547",,,delta electronics,2308,DELTA ELECTRONICS INC.
ESGE,iShares MSCI Emerging Markets ESG Optimized ETF,31/08/18,Taiwan — 13.2%,E.Sun Financial Holding Co. Ltd.,"40,80,514","30,02,429",,,e sun financial holding,2884,E.SUN FINANCIAL HOLDING CO. LTD.
ESGE,iShares MSCI Emerging Markets ESG Optimized ETF,31/08/18,Taiwan — 13.2%,Eva Airways Corp.,"25,48,441","12,94,341",,,eva airways,2618,EVA AIRWAYS CORP.
ESGE,iShares MSCI Emerging Markets ESG Optimized ETF,31/08/18,Taiwan — 13.2%,Far Eastern New Century Corp.,"15,68,000","18,25,037",,,far eastern new century,1402,FAR EASTERN NEW CENTURY CORP.
ESGE,iShares MSCI Emerging Markets ESG Optimized ETF,31/08/18,Taiwan — 13.2%,Far EasTone Telecommunications Co. Ltd.,"1,96,000","4,67,107",,,far eastone telecommunications,4904,FAR EASTONE TELECOMMUNICATIONS CO. LTD.
ESGE,iShares MSCI Emerging Markets ESG Optimized ETF,31/08/18,Taiwan — 13.2%,Fubon Financial Holding Co. Ltd.,"14,28,000","23,66,440",,,fubon financial holding,2881,FUBON FINANCIAL HOLDING CO. LTD.
ESGE,iShares MSCI Emerging Markets ESG Optimized ETF,31/08/18,Taiwan — 13.2%,Hiwin Technologies Corp.,"18,496","1,66,804",,,hiwin technologies,2049.TW,HIWIN TECHNOLOGIES CORP.
ESGE,iShares MSCI Emerging Markets ESG Optimized ETF,31/08/18,Taiwan — 13.2%,Hotai Motor Co. Ltd.,"1,03,000","8,92,007",,,hotai motor,2207,HOTAI MOTOR CO. LTD.
ESGE,iShares MSCI Emerging Markets ESG Optimized ETF,31/08/18,Taiwan — 13.2%,Inventec Corp.,"12,74,000","11,42,722",,,inventec,2356,INVENTEC CORP.
ESGE,iShares MSCI Emerging Markets ESG Optimized ETF,31/08/18,Taiwan — 13.2%,Lite-On Technology Corp.,"4,88,039","5,87,108",,,lite on technology,2301,LITE-ON TECHNOLOGY CORP.
ESGE,iShares MSCI Emerging Markets ESG Optimized ETF,31/08/18,Taiwan — 13.2%,Macronix International,"2,99,721","3,22,018",,,macronix international,2337.TW,MACRONIX INTERNATIONAL
ESGE,iShares MSCI Emerging Markets ESG Optimized ETF,31/08/18,Taiwan — 13.2%,MediaTek Inc.,"1,04,000","8,51,571",,,mediatek,2454,MEDIATEK INC.
ESGE,iShares MSCI Emerging Markets ESG Optimized ETF,31/08/18,Taiwan — 13.2%,President Chain Store Corp.,"1,96,000","21,37,718",,,president chain store,2912.TW,PRESIDENT CHAIN STORE CORP.
ESGE,iShares MSCI Emerging Markets ESG Optimized ETF,31/08/18,Taiwan — 13.2%,Taiwan Semiconductor Manufacturing Co. Ltd.,"20,58,000","1,71,52,792",,,taiwan semiconductor manufacturing,2330,TAIWAN SEMICONDUCTOR MANUFACTURING CO. LTD.
ESGE,iShares MSCI Emerging Markets ESG Optimized ETF,31/08/18,Taiwan — 13.2%,Win Semiconductors Corp.,"98,000","5,31,239",,,win semiconductors,3105.TWO,WIN SEMICONDUCTORS CORP.
ESGE,iShares MSCI Emerging Markets ESG Optimized ETF,31/08/18,Taiwan — 13.2%,Wistron Corp.,"18,86,768","13,36,064","4,34,94,339",,wistron,3231,WISTRON CORP.
ESGE,iShares MSCI Emerging Markets ESG Optimized ETF,31/08/18,Thailand — 3.5%,"BTS Group Holdings PCL, NVDR","75,06,800","21,21,537",,,bts pcl nvdr,BTSGY,"BTS GROUP HOLDINGS PCL, NVDR"
ESGE,iShares MSCI Emerging Markets ESG Optimized ETF,31/08/18,Thailand — 3.5%,"Central Pattana PCL, NVDR","5,09,600","12,84,510",,,central pattana pcl nvdr,CENTR,"CENTRAL PATTANA PCL, NVDR"
ESGE,iShares MSCI Emerging Markets ESG Optimized ETF,31/08/18,Thailand — 3.5%,"Kasikornbank PCL, NVDR","2,64,600","17,05,793",,,kasikornbank pcl nvdr,TFBF.F,"KASIKORNBANK PCL, NVDR"
ESGE,iShares MSCI Emerging Markets ESG Optimized ETF,31/08/18,Thailand — 3.5%,"Minor International PCL, NVDR","14,50,400","17,50,406",,,minor international pcl nvdr,8MI.SG,"MINOR INTERNATIONAL PCL, NVDR"
ESGE,iShares MSCI Emerging Markets ESG Optimized ETF,31/08/18,Thailand — 3.5%,"PTT Exploration & Production PCL, NVDR","1,76,400","7,68,011",,,ptt exploration and production pcl nvdr,PTTG.DU,"PTT EXPLORATION & PRODUCTION PCL, NVDR"
ESGE,iShares MSCI Emerging Markets ESG Optimized ETF,31/08/18,Thailand — 3.5%,"PTT PCL, NVDR","7,09,500","11,38,062",,,ptt pcl nvdr,NVA3.F,"PTT PCL, NVDR"
ESGE,iShares MSCI Emerging Markets ESG Optimized ETF,31/08/18,Thailand — 3.5%,"Siam Cement PCL (The),NVDR","1,47,000","20,30,064",,,siam cement pcl the nvdr,TCM1.F,"SIAM CEMENT PCL (THE),NVDR"
ESGE,iShares MSCI Emerging Markets ESG Optimized ETF,31/08/18,Thailand — 3.5%,"Siam Commercial Bank PCL (The), NVDR","1,56,800","7,09,025","1,15,07,408",,siam commercial bank pcl the nvdr,SIAMC4,"SIAM COMMERCIAL BANK PCL (THE), NVDR"
ESGE,iShares MSCI Emerging Markets ESG Optimized ETF,31/08/18,Turkey — 0.4%,Anadolu Efes Biracilik Ve Malt Sanayii AS,"88,788","2,80,218",,,anadolu efes biracilik ve malt sanayii as,ANADO,ANADOLU EFES BIRACILIK VE MALT SANAYII AS
ESGE,iShares MSCI Emerging Markets ESG Optimized ETF,31/08/18,Turkey — 0.4%,Arcelik AS,"3,00,762","6,02,682",,,arcelik as,RCAA.F,ARCELIK AS
ESGE,iShares MSCI Emerging Markets ESG Optimized ETF,31/08/18,Turkey — 0.4%,Coca-Cola Icecek AS,"95,452","4,11,659","12,94,559",,coca cola icecek as,COCAC2,COCA-COLA ICECEK AS
ESGE,iShares MSCI Emerging Markets ESG Optimized ETF,31/08/18,United Arab Emirates — 0.6%,Abu Dhabi Commercial Bank PJSC,"5,95,350","11,50,779",,,abu dhabi commercial bank pjsc,ABUDH,ABU DHABI COMMERCIAL BANK PJSC
ESGE,iShares MSCI Emerging Markets ESG Optimized ETF,31/08/18,United Arab Emirates — 0.6%,First Abu Dhabi Bank PJSC,"1,79,340","7,22,604","18,73,383",317933179,first abu dhabi bank pjsc,FIRST2,FIRST ABU DHABI BANK PJSC
ESGE,iShares MSCI EM ESG Optimized ETF,31/08/18,BRAZIL — 2.3%,"Banco Bradesco SA, Preference Shares, NVS","3,23,455","22,28,017",,,banco bradesco preference shares,BANCO4,"BANCO BRADESCO SA, PREFERENCE SHARES, NVS"
ESGE,iShares MSCI EM ESG Optimized ETF,31/08/18,BRAZIL — 2.3%,"Cia. Brasileira de Distribuicao, Preference Shares, NVS","41,200","8,16,680",,,cia brasileira de distribuicao preference shares,CIABR2,"CIA. BRASILEIRA DE DISTRIBUICAO, PREFERENCE SHARES, NVS"
ESGE,iShares MSCI EM ESG Optimized ETF,31/08/18,BRAZIL — 2.3%,"Cia. Energetica de Minas Gerais, Preference Shares, NVS","3,92,082","7,09,918",,,cia energetica de minas gerais preference shares,CIDS.DU,"CIA. ENERGETICA DE MINAS GERAIS, PREFERENCE SHARES, NVS"
ESGE,iShares MSCI EM ESG Optimized ETF,31/08/18,BRAZIL — 2.3%,"Itau Unibanco Holding SA, Preference Shares, NVS","2,25,440","23,12,892",,,itau unibanco holding preference shares,BVXB.MU,"ITAU UNIBANCO HOLDING SA, PREFERENCE SHARES, NVS"
ESGE,iShares MSCI EM ESG Optimized ETF,31/08/18,BRAZIL — 2.3%,"Itausa-Investimentos Itau SA, Preference Shares, NVS","4,11,631","9,52,118",,,itausa investimentos itau preference shares,ITAUS2,"ITAUSA-INVESTIMENTOS ITAU SA, PREFERENCE SHARES, NVS"
ESGE,iShares MSCI EM ESG Optimized ETF,31/08/18,BRAZIL — 2.3%,"Telefonica Brasil SA, Preference Shares, NVS","71,400","6,99,534","77,19,159",,telefonica brasil preference shares,TSPA.MU,"TELEFONICA BRASIL SA, PREFERENCE SHARES, NVS"
ESGE,iShares MSCI EM ESG Optimized ETF,31/08/18,CHILE — 0.3%,"Embotelladora Andina SA, Class B, Preference Shares","1,00,488","3,88,588",,,embotelladora andina preference shares,AKO-A,"EMBOTELLADORA ANDINA SA, CLASS B, PREFERENCE SHARES"
ESGE,iShares MSCI EM ESG Optimized ETF,31/08/18,CHILE — 0.3%,"Sociedad Quimica y Minera de Chile SA, Series B, Preference Shares","10,584","4,59,814","8,48,402",,sociedad quimica y minera de chile series b preference shares,QYM.SG,"SOCIEDAD QUIMICA Y MINERA DE CHILE SA, SERIES B, PREFERENCE SHARES"
ESGE,iShares MSCI EM ESG Optimized ETF,31/08/18,SOUTH KOREA — 0.7%,"Samsung Electronics Co. Ltd., Preference Shares, NVS","64,386","22,96,298","22,96,298","1,08,63,859",samsung electronics preference shares,SAMSU5,"SAMSUNG ELECTRONICS CO. LTD., PREFERENCE SHARES, NVS"
ESGE,iShares MSCI EM ESG Optimized ETF,31/08/18,China — 0.0% (RIGHTS),"China Everbright International Ltd., NVS (Expires 09/13/18)(c)","3,26,666","25,388","25,388","25,388",china everbright international expires 09 13 18 c,CHINA28,"CHINA EVERBRIGHT INTERNATIONAL LTD., NVS (EXPIRES 09/13/18)(C)"
ESGE,iShares MSCI EM ESG Optimized ETF,31/08/18,Thailand — 0.0% (WARRANTS),BTS Group Holdings PCL (Expires 08/01/19)(b),"10,34,799",0,0,0,bts pcl expires 08 01 19 b,BTSGR2,BTS GROUP HOLDINGS PCL (EXPIRES 08/01/19)(B)
ESGE,iShares MSCI EM ESG Optimized ETF,31/08/18,MONEY MARKET FUNDS — 5.7%,"BlackRock Cash Funds: Institutional, SL Agency Shares, 2.15%(e)(k)(l)","1,85,97,393","1,86,02,972","1,86,02,972","1,86,02,972",blackrock cash funds institutional sl agency shares 2 15 e k l,BLACK21,"BLACKROCK CASH FUNDS: INSTITUTIONAL, SL AGENCY SHARES, 2.15%(E)(K)(L)"
ESGU,iShares MSCI USA ESG Optimized ETF,31/08/18,Aerospace & Defense — 2.1%,Harris Corp.,954,"1,55,035",,,harris,HARRI,HARRIS CORP.
ESGU,iShares MSCI USA ESG Optimized ETF,31/08/18,Aerospace & Defense — 2.1%,Huntington Ingalls Industries Inc.,440,"1,07,567",,,huntington ingalls industries,HII,HUNTINGTON INGALLS INDUSTRIES INC.
ESGU,iShares MSCI USA ESG Optimized ETF,31/08/18,Aerospace & Defense — 2.1%,Raytheon Co.,"3,016","6,01,511",,,raytheon,RAYTH,RAYTHEON CO.
ESGU,iShares MSCI USA ESG Optimized ETF,31/08/18,Aerospace & Defense — 2.1%,Rockwell Collins Inc.,"4,093","5,56,443",,,rockwell collins,ROCKW,ROCKWELL COLLINS INC.
ESGU,iShares MSCI USA ESG Optimized ETF,31/08/18,Aerospace & Defense — 2.1%,"Spirit AeroSystems Holdings Inc., Class A","1,115","95,332",,,spirit aerosystems,SPR,"SPIRIT AEROSYSTEMS HOLDINGS INC., CLASS A"
ESGU,iShares MSCI USA ESG Optimized ETF,31/08/18,Aerospace & Defense — 2.1%,United Technologies Corp.,"4,141","5,45,370","20,61,258",,united technologies,UNITE2,UNITED TECHNOLOGIES CORP.
ESGU,iShares MSCI USA ESG Optimized ETF,31/08/18,Air Freight & Logistics — 0.5%,Expeditors International of Washington Inc.,"1,909","1,39,892",,,expeditors international of washington,EXPD,EXPEDITORS INTERNATIONAL OF WASHINGTON INC.
ESGU,iShares MSCI USA ESG Optimized ETF,31/08/18,Air Freight & Logistics — 0.5%,"United Parcel Service Inc., Class B","3,257","4,00,220","5,40,112",,united parcel service,UPS,"UNITED PARCEL SERVICE INC., CLASS B"
ESGU,iShares MSCI USA ESG Optimized ETF,31/08/18,Airlines — 0.1%,Delta Air Lines Inc.,"2,392","1,39,884","1,39,884",,delta air lines,DAL,DELTA AIR LINES INC.
ESGU,iShares MSCI USA ESG Optimized ETF,31/08/18,Automobiles — 0.2%,Tesla Inc. (a)(b),737,"2,22,323","2,22,323",,tesla a b,TESLA4,TESLA INC. (A)(B)
ESGU,iShares MSCI USA ESG Optimized ETF,31/08/18,Banks — 5.5%,Bank of America Corp.,"38,028","11,76,206",,,bank of america,BAC,BANK OF AMERICA CORP.
ESGU,iShares MSCI USA ESG Optimized ETF,31/08/18,Banks — 5.5%,BB&T Corp.,"5,007","2,58,662",,,bb and t,BBTCO,BB&T CORP.
ESGU,iShares MSCI USA ESG Optimized ETF,31/08/18,Banks — 5.5%,Citigroup Inc.,"11,085","7,89,695",,,citigroup,C,CITIGROUP INC.
ESGU,iShares MSCI USA ESG Optimized ETF,31/08/18,Banks — 5.5%,Citizens Financial Group Inc.,"3,260","1,34,182",,,citizens financial,CFG,CITIZENS FINANCIAL GROUP INC.
ESGU,iShares MSCI USA ESG Optimized ETF,31/08/18,Banks — 5.5%,Comerica Inc.,"1,742","1,69,810",,,comerica,CMA,COMERICA INC.
ESGU,iShares MSCI USA ESG Optimized ETF,31/08/18,Banks — 5.5%,JPMorgan Chase & Co.,"13,100","15,00,998",,,jpmorgan chase and,JPM,JPMORGAN CHASE & CO.
ESGU,iShares MSCI USA ESG Optimized ETF,31/08/18,Banks — 5.5%,KeyCorp.,"11,532","2,42,979",,,keycorp,KEY,KEYCORP.
ESGU,iShares MSCI USA ESG Optimized ETF,31/08/18,Banks — 5.5%,M&T Bank Corp.,550,"97,432",,,m and t bank,MTB,M&T BANK CORP.
ESGU,iShares MSCI USA ESG Optimized ETF,31/08/18,Banks — 5.5%,People’s United Financial Inc.,"10,874","2,01,278",,,people s united financial,PEOPL,PEOPLE’S UNITED FINANCIAL INC.
ESGU,iShares MSCI USA ESG Optimized ETF,31/08/18,Banks — 5.5%,PNC Financial Services Group Inc. (The),"3,164","4,54,161",,,pnc financial services the,PNCFI4,PNC FINANCIAL SERVICES GROUP INC. (THE)
ESGU,iShares MSCI USA ESG Optimized ETF,31/08/18,Banks — 5.5%,Regions Financial Corp.,"4,982","96,950",,,regions financial,RF,REGIONS FINANCIAL CORP.
ESGU,iShares MSCI USA ESG Optimized ETF,31/08/18,Banks — 5.5%,SVB Financial Group,394,"1,27,163",,,svb financial,SVBFI,SVB FINANCIAL GROUP
ESGU,iShares MSCI USA ESG Optimized ETF,31/08/18,Banks — 5.5%,U.S. Bancorp,"3,700","2,00,207","54,49,723",,u s bancorp,USB,U.S. BANCORP
ESGU,iShares MSCI USA ESG Optimized ETF,31/08/18,Beverages — 2.0%,Coca-Cola Co. (The),"19,257","8,58,285",,,coca cola the,KO,COCA-COLA CO. (THE)
ESGU,iShares MSCI USA ESG Optimized ETF,31/08/18,Beverages — 2.0%,"Molson Coors Brewing Co., Class B","2,027","1,35,282",,,molson coors brewing,TAP,"MOLSON COORS BREWING CO., CLASS B"
ESGU,iShares MSCI USA ESG Optimized ETF,31/08/18,Beverages — 2.0%,PepsiCo Inc.,"8,523","9,54,661","19,48,228",,pepsico,PEP,PEPSICO INC.
ESGU,iShares MSCI USA ESG Optimized ETF,31/08/18,Biotechnology — 2.7%,AbbVie Inc.,"6,258","6,00,643",,,abbvie,ABBV,ABBVIE INC.
ESGU,iShares MSCI USA ESG Optimized ETF,31/08/18,Biotechnology — 2.7%,Amgen Inc.,"2,635","5,26,499",,,amgen,AMGN,AMGEN INC.
ESGU,iShares MSCI USA ESG Optimized ETF,31/08/18,Biotechnology — 2.7%,Biogen Inc.,"1,025","3,62,327",,,biogen,BIIB,BIOGEN INC.
ESGU,iShares MSCI USA ESG Optimized ETF,31/08/18,Biotechnology — 2.7%,Celgene Corp.,"2,853","2,69,466",,,celgene,CELGE,CELGENE CORP.
ESGU,iShares MSCI USA ESG Optimized ETF,31/08/18,Biotechnology — 2.7%,Gilead Sciences Inc.,"6,526","4,94,214",,,gilead sciences,GILD,GILEAD SCIENCES INC.
ESGU,iShares MSCI USA ESG Optimized ETF,31/08/18,Biotechnology — 2.7%,Incyte Corp.,"1,398","1,03,326",,,incyte,INCY,INCYTE CORP.
ESGU,iShares MSCI USA ESG Optimized ETF,31/08/18,Biotechnology — 2.7%,Vertex Pharmaceuticals Inc.,"1,540","2,83,976","26,40,451",,vertex pharmaceuticals,VRTX,VERTEX PHARMACEUTICALS INC.
ESGU,iShares MSCI USA ESG Optimized ETF,31/08/18,Building Products — 0.8%,Allegion PLC,"1,538","1,34,144",,,allegion,ALLE,ALLEGION PLC
ESGU,iShares MSCI USA ESG Optimized ETF,31/08/18,Building Products — 0.8%,Johnson Controls International PLC,"9,433","3,56,284",,,johnson controls international,JCI,JOHNSON CONTROLS INTERNATIONAL PLC
ESGU,iShares MSCI USA ESG Optimized ETF,31/08/18,Building Products — 0.8%,Lennox International Inc.,558,"1,24,328",,,lennox international,LII,LENNOX INTERNATIONAL INC.
ESGU,iShares MSCI USA ESG Optimized ETF,31/08/18,Building Products — 0.8%,Masco Corp.,"2,480","94,166",,,masco,MAS,MASCO CORP.
ESGU,iShares MSCI USA ESG Optimized ETF,31/08/18,Building Products — 0.8%,Owens Corning,"1,869","1,05,823","8,14,745",,owens corning,OC,OWENS CORNING
ESGU,iShares MSCI USA ESG Optimized ETF,31/08/18,Capital Markets — 3.4%,Ameriprise Financial Inc.,939,"1,33,300",,,ameriprise financial,AMP,AMERIPRISE FINANCIAL INC.
ESGU,iShares MSCI USA ESG Optimized ETF,31/08/18,Capital Markets — 3.4%,Bank of New York Mellon Corp. (The),"7,643","3,98,582",,,bank of new york mellon the,BANKO,BANK OF NEW YORK MELLON CORP. (THE)
ESGU,iShares MSCI USA ESG Optimized ETF,31/08/18,Capital Markets — 3.4%,BlackRock Inc.,"1,066","5,10,678",,,blackrock,BLK,BLACKROCK INC.
ESGU,iShares MSCI USA ESG Optimized ETF,31/08/18,Capital Markets — 3.4%,Capital Markets (continued) Charles Schwab Corp. (The),"3,076","1,56,230",,,capital markets continued charles schwab the,CAPIT4,CAPITAL MARKETS (CONTINUED) CHARLES SCHWAB CORP. (THE)
ESGU,iShares MSCI USA ESG Optimized ETF,31/08/18,Capital Markets — 3.4%,CME Group Inc.,"1,441","2,51,786",,,cme,CME,CME GROUP INC.
ESGU,iShares MSCI USA ESG Optimized ETF,31/08/18,Capital Markets — 3.4%,Franklin Resources Inc.,"3,020","95,855",,,franklin resources,BEN,FRANKLIN RESOURCES INC.
ESGU,iShares MSCI USA ESG Optimized ETF,31/08/18,Capital Markets — 3.4%,Goldman Sachs Group Inc. (The),"1,583","3,76,453",,,goldman sachs the,GS,GOLDMAN SACHS GROUP INC. (THE)
ESGU,iShares MSCI USA ESG Optimized ETF,31/08/18,Capital Markets — 3.4%,Moody’s Corp.,"1,079","1,92,084",,,moody s,DUT.SG,MOODY’S CORP.
ESGU,iShares MSCI USA ESG Optimized ETF,31/08/18,Capital Markets — 3.4%,Morgan Stanley,"7,516","3,67,006",,,morgan stanley,MS,MORGAN STANLEY
ESGU,iShares MSCI USA ESG Optimized ETF,31/08/18,Capital Markets — 3.4%,Northern Trust Corp.,"3,318","3,56,552",,,northern trust,NTRS,NORTHERN TRUST CORP.
ESGU,iShares MSCI USA ESG Optimized ETF,31/08/18,Capital Markets — 3.4%,S&P Global Inc.,859,"1,77,856",,,s and p global,SPGI,S&P GLOBAL INC.
ESGU,iShares MSCI USA ESG Optimized ETF,31/08/18,Capital Markets — 3.4%,State Street Corp.,"2,534","2,20,230",,,state street,STT,STATE STREET CORP.
ESGU,iShares MSCI USA ESG Optimized ETF,31/08/18,Capital Markets — 3.4%,T Rowe Price Group Inc.,"1,186","1,37,446","33,74,058",,t rowe price,TROW,T ROWE PRICE GROUP INC.
ESGU,iShares MSCI USA ESG Optimized ETF,31/08/18,Chemicals — 2.3%,Axalta Coating Systems Ltd.,"4,665","1,42,283",,,axalta coating systems,AXTA,AXALTA COATING SYSTEMS LTD.
ESGU,iShares MSCI USA ESG Optimized ETF,31/08/18,Chemicals — 2.3%,DowDuPont Inc.,"9,000","6,31,170",,,dowdupont,DOWDU,DOWDUPONT INC.
ESGU,iShares MSCI USA ESG Optimized ETF,31/08/18,Chemicals — 2.3%,Ecolab Inc.,"5,084","7,65,040",,,ecolab,ECL,ECOLAB INC.
ESGU,iShares MSCI USA ESG Optimized ETF,31/08/18,Chemicals — 2.3%,International Flavors & Fragrances Inc.,"1,555","2,02,601",,,international flavors and fragrances,IFF,INTERNATIONAL FLAVORS & FRAGRANCES INC.
ESGU,iShares MSCI USA ESG Optimized ETF,31/08/18,Chemicals — 2.3%,Mosaic Co. (The),"5,215","1,63,073",,,mosaic the,MOS,MOSAIC CO. (THE)
ESGU,iShares MSCI USA ESG Optimized ETF,31/08/18,Chemicals — 2.3%,PPG Industries Inc.,981,"1,08,440",,,ppg industries,PPG,PPG INDUSTRIES INC.
ESGU,iShares MSCI USA ESG Optimized ETF,31/08/18,Chemicals — 2.3%,Praxair Inc.,860,"1,36,043",,,praxair,PRAXA,PRAXAIR INC.
ESGU,iShares MSCI USA ESG Optimized ETF,31/08/18,Chemicals — 2.3%,Sherwin-Williams Co. (The),355,"1,61,731","23,10,381",,sherwin williams the,SHW,SHERWIN-WILLIAMS CO. (THE)
ESGU,iShares MSCI USA ESG Optimized ETF,31/08/18,Commercial Services & Supplies — 0.2%,Copart Inc.,"2,409","1,54,923","1,54,923",,copart,CPRT,COPART INC.
ESGU,iShares MSCI USA ESG Optimized ETF,31/08/18,Communications Equipment — 1.2%,Cisco Systems Inc.,"20,867","9,96,816",,,cisco systems,CSCO,CISCO SYSTEMS INC.
ESGU,iShares MSCI USA ESG Optimized ETF,31/08/18,Communications Equipment — 1.2%,Motorola Solutions Inc.,"1,677","2,15,260","12,12,076",,motorola solutions,MSI,MOTOROLA SOLUTIONS INC.
ESGU,iShares MSCI USA ESG Optimized ETF,31/08/18,Construction & Engineering — 0.1%,Fluor Corp.,"2,281","1,30,952","1,30,952",,fluor,FLR,FLUOR CORP.
ESGU,iShares MSCI USA ESG Optimized ETF,31/08/18,Consumer Finance — 0.9%,Ally Financial Inc.,"3,524","94,725",,,ally financial,ALLY,ALLY FINANCIAL INC.
ESGU,iShares MSCI USA ESG Optimized ETF,31/08/18,Consumer Finance — 0.9%,American Express Co.,"5,987","6,34,502",,,american express,AXP,AMERICAN EXPRESS CO.
ESGU,iShares MSCI USA ESG Optimized ETF,31/08/18,Consumer Finance — 0.9%,Capital One Financial Corp.,"1,305","1,29,313","8,58,540",,capital one financial,COF,CAPITAL ONE FINANCIAL CORP.
ESGU,iShares MSCI USA ESG Optimized ETF,31/08/18,Containers & Packaging — 0.3%,Ball Corp.,"3,729","1,56,170",,,ball,BALL,BALL CORP.
ESGU,iShares MSCI USA ESG Optimized ETF,31/08/18,Containers & Packaging — 0.3%,WestRock Co.,"1,897","1,04,487","2,60,657",,westrock,WEST,WESTROCK CO.
ESGU,iShares MSCI USA ESG Optimized ETF,31/08/18,Distributors — 0.1%,LKQ Corp.,"3,040","1,04,941","1,04,941",,lkq,LKQ,LKQ CORP.
ESGU,iShares MSCI USA ESG Optimized ETF,31/08/18,Diversified Financial Services — 0.9%,"Berkshire Hathaway Inc., Class B","3,815","7,96,267",,,berkshire hathaway,BRKB,"BERKSHIRE HATHAWAY INC., CLASS B"
ESGU,iShares MSCI USA ESG Optimized ETF,31/08/18,Diversified Financial Services — 0.9%,Voya Financial Inc.,"1,921","96,184","8,92,451",,voya financial,VOYA,VOYA FINANCIAL INC.
ESGU,iShares MSCI USA ESG Optimized ETF,31/08/18,Diversified Telecommunication Services — 1.9%,AT&T Inc.,"29,314","9,36,289",,,at and t,T,AT&T INC.
ESGU,iShares MSCI USA ESG Optimized ETF,31/08/18,Diversified Telecommunication Services — 1.9%,CenturyLink Inc.,"5,445","1,16,305",,,centurylink,CENTU,CENTURYLINK INC.
ESGU,iShares MSCI USA ESG Optimized ETF,31/08/18,Diversified Telecommunication Services — 1.9%,Verizon Communications Inc.,"15,754","8,56,545","19,09,139",,verizon communications,VZ,VERIZON COMMUNICATIONS INC.
ESGU,iShares MSCI USA ESG Optimized ETF,31/08/18,Electric Utilities — 2.1%,American Electric Power Co. Inc.,"2,281","1,63,616",,,american electric power,AEP.SG,AMERICAN ELECTRIC POWER CO. INC.
ESGU,iShares MSCI USA ESG Optimized ETF,31/08/18,Electric Utilities — 2.1%,Eversource Energy,"5,110","3,19,017",,,eversource energy,ES,EVERSOURCE ENERGY
ESGU,iShares MSCI USA ESG Optimized ETF,31/08/18,Electric Utilities — 2.1%,Exelon Corp.,"7,745","3,38,534",,,exelon,EXC,EXELON CORP.
ESGU,iShares MSCI USA ESG Optimized ETF,31/08/18,Electric Utilities — 2.1%,NextEra Energy Inc.,"4,000","6,80,400",,,nextera energy,NEE,NEXTERA ENERGY INC.
ESGU,iShares MSCI USA ESG Optimized ETF,31/08/18,Electric Utilities — 2.1%,Southern Co. (The),"3,947","1,72,800",,,southern the,SO,SOUTHERN CO. (THE)
ESGU,iShares MSCI USA ESG Optimized ETF,31/08/18,Electric Utilities — 2.1%,Xcel Energy Inc.,"8,356","4,01,506","20,75,873",,xcel energy,XEL,XCEL ENERGY INC.
ESGU,iShares MSCI USA ESG Optimized ETF,31/08/18,Electrical Equipment — 0.3%,Acuity Brands Inc.,657,"1,00,416",,,acuity brands,AQ8.SG,ACUITY BRANDS INC.
ESGU,iShares MSCI USA ESG Optimized ETF,31/08/18,Electrical Equipment — 0.3%,Eaton Corp. PLC,"1,255","1,04,340",,,eaton,ETN,EATON CORP. PLC
ESGU,iShares MSCI USA ESG Optimized ETF,31/08/18,Electrical Equipment — 0.3%,Rockwell Automation Inc.,728,"1,31,739","3,36,495",,rockwell automation,ROK,ROCKWELL AUTOMATION INC.
ESGU,iShares MSCI USA ESG Optimized ETF,31/08/18,"Electronic Equipment, Instruments & Components — 1.0%",Corning Inc.,"4,375","1,46,606",,,corning,GLW,CORNING INC.
ESGU,iShares MSCI USA ESG Optimized ETF,31/08/18,"Electronic Equipment, Instruments & Components — 1.0%",FLIR Systems Inc.,"1,586","99,506",,,flir systems,FLIRS,FLIR SYSTEMS INC.
ESGU,iShares MSCI USA ESG Optimized ETF,31/08/18,"Electronic Equipment, Instruments & Components — 1.0%",Keysight Technologies Inc.,"2,702","1,75,333",,,keysight technologies,KEYS,KEYSIGHT TECHNOLOGIES INC.
ESGU,iShares MSCI USA ESG Optimized ETF,31/08/18,"Electronic Equipment, Instruments & Components — 1.0%",TE Connectivity Ltd.,"3,952","3,62,319",,,te connectivity,TEL,TE CONNECTIVITY LTD.
ESGU,iShares MSCI USA ESG Optimized ETF,31/08/18,"Electronic Equipment, Instruments & Components — 1.0%",Trimble Inc.,"4,558","1,91,892","9,75,656",,trimble,TRMB,TRIMBLE INC.
ESGU,iShares MSCI USA ESG Optimized ETF,31/08/18,Energy Equipment & Services — 0.9%,Baker Hughes a GE Co.,"5,628","1,85,555",,,baker hughes a ge,0RR8.L,BAKER HUGHES A GE CO.
ESGU,iShares MSCI USA ESG Optimized ETF,31/08/18,Energy Equipment & Services — 0.9%,National Oilwell Varco Inc.,"3,925","1,84,750",,,national oilwell varco,NATIO2,NATIONAL OILWELL VARCO INC.
ESGU,iShares MSCI USA ESG Optimized ETF,31/08/18,Energy Equipment & Services — 0.9%,Schlumberger Ltd.,"4,744","2,99,631",,,schlumberger,SLB,SCHLUMBERGER LTD.
ESGU,iShares MSCI USA ESG Optimized ETF,31/08/18,Energy Equipment & Services — 0.9%,TechnipFMC PLC,"5,542","1,69,751","8,39,687",,technipfmc,FTI,TECHNIPFMC PLC
ESGU,iShares MSCI USA ESG Optimized ETF,31/08/18,Equity Real Estate Investment Trusts (REITs) —2.8%,American Tower Corp.,"2,813","4,19,475",,,american tower,AMTG.VI,AMERICAN TOWER CORP.
ESGU,iShares MSCI USA ESG Optimized ETF,31/08/18,Equity Real Estate Investment Trusts (REITs) —2.8%,Boston Properties Inc.,"2,105","2,74,597",,,boston properties,0HOX.L,BOSTON PROPERTIES INC.
ESGU,iShares MSCI USA ESG Optimized ETF,31/08/18,Equity Real Estate Investment Trusts (REITs) —2.8%,Crown Castle International Corp.,989,"1,12,776",,,crown castle international,0I4W.L,CROWN CASTLE INTERNATIONAL CORP.
ESGU,iShares MSCI USA ESG Optimized ETF,31/08/18,Equity Real Estate Investment Trusts (REITs) —2.8%,Equinix Inc.,580,"2,52,955",,,equinix,EQIX,EQUINIX INC.
ESGU,iShares MSCI USA ESG Optimized ETF,31/08/18,Equity Real Estate Investment Trusts (REITs) —2.8%,HCP Inc.,"5,394","1,45,800",,,hcp,HCPIN,HCP INC.
ESGU,iShares MSCI USA ESG Optimized ETF,31/08/18,Equity Real Estate Investment Trusts (REITs) —2.8%,Host Hotels & Resorts Inc.,"8,504","1,83,091",,,host hotels and resorts,HST,HOST HOTELS & RESORTS INC.
ESGU,iShares MSCI USA ESG Optimized ETF,31/08/18,Equity Real Estate Investment Trusts (REITs) —2.8%,Iron Mountain Inc.,"5,511","1,98,947",,,iron mountain,IRM,IRON MOUNTAIN INC.
ESGU,iShares MSCI USA ESG Optimized ETF,31/08/18,Equity Real Estate Investment Trusts (REITs) —2.8%,Liberty Property Trust,"5,721","2,50,294",,,liberty property trust,LIBER7,LIBERTY PROPERTY TRUST
ESGU,iShares MSCI USA ESG Optimized ETF,31/08/18,Equity Real Estate Investment Trusts (REITs) —2.8%,Prologis Inc.,"7,073","4,75,164",,,prologis,PLD,PROLOGIS INC.
ESGU,iShares MSCI USA ESG Optimized ETF,31/08/18,Equity Real Estate Investment Trusts (REITs) —2.8%,SBA Communications Corp.,664,"1,03,073",,,sba communications,4SB.SG,SBA COMMUNICATIONS CORP.
ESGU,iShares MSCI USA ESG Optimized ETF,31/08/18,Equity Real Estate Investment Trusts (REITs) —2.8%,UDR Inc.,"3,253","1,30,022",,,udr,UDR,UDR INC.
ESGU,iShares MSCI USA ESG Optimized ETF,31/08/18,Equity Real Estate Investment Trusts (REITs) —2.8%,Weyerhaeuser Co.,"7,346","2,54,980","28,01,174",,weyerhaeuser,WHC.F,WEYERHAEUSER CO.
ESGU,iShares MSCI USA ESG Optimized ETF,31/08/18,Food & Staples Retailing — 0.7%,Costco Wholesale Corp.,"1,461","3,40,603",,,costco wholesale,COST,COSTCO WHOLESALE CORP.
ESGU,iShares MSCI USA ESG Optimized ETF,31/08/18,Food & Staples Retailing — 0.7%,Kroger Co. (The),"4,197","1,32,205",,,kroger the,KR,KROGER CO. (THE)
ESGU,iShares MSCI USA ESG Optimized ETF,31/08/18,Food & Staples Retailing — 0.7%,Walgreens Boots Alliance Inc.,"3,237","2,21,929","6,94,737",,walgreens boots alliance,WALGR,WALGREENS BOOTS ALLIANCE INC.
ESGU,iShares MSCI USA ESG Optimized ETF,31/08/18,Food Products — 1.7%,Archer-Daniels-Midland Co.,"2,357","1,18,793",,,archer daniels midland,ADM,ARCHER-DANIELS-MIDLAND CO.
ESGU,iShares MSCI USA ESG Optimized ETF,31/08/18,Food Products — 1.7%,Bunge Ltd.,"2,901","1,88,507",,,bunge,BUNGE,BUNGE LTD.
ESGU,iShares MSCI USA ESG Optimized ETF,31/08/18,Food Products — 1.7%,Campbell Soup Co.,"2,928","1,15,509",,,campbell soup,CPB,CAMPBELL SOUP CO.
ESGU,iShares MSCI USA ESG Optimized ETF,31/08/18,Food Products — 1.7%,General Mills Inc.,"5,804","2,67,042",,,general mills,GIS,GENERAL MILLS INC.
ESGU,iShares MSCI USA ESG Optimized ETF,31/08/18,Food Products — 1.7%,Hormel Foods Corp.,"2,531","99,089",,,hormel foods,HRL,HORMEL FOODS CORP.
ESGU,iShares MSCI USA ESG Optimized ETF,31/08/18,Food Products — 1.7%,Kellogg Co.,"4,317","3,09,917",,,kellogg,KU9.MU,KELLOGG CO.
ESGU,iShares MSCI USA ESG Optimized ETF,31/08/18,Food Products — 1.7%,Kraft Heinz Co. (The),"3,025","1,76,267",,,kraft heinz the,KHNZ.F,KRAFT HEINZ CO. (THE)
ESGU,iShares MSCI USA ESG Optimized ETF,31/08/18,Food Products — 1.7%,"McCormick & Co. Inc./MD, NVS","1,677","2,09,424",,,mccormick and md,MCCOR3,"MCCORMICK & CO. INC./MD, NVS"
ESGU,iShares MSCI USA ESG Optimized ETF,31/08/18,Food Products — 1.7%,"Mondelez International Inc., Class A","5,628","2,40,428","17,24,976",,mondelez international,MDLZ,"MONDELEZ INTERNATIONAL INC., CLASS A"
ESGU,iShares MSCI USA ESG Optimized ETF,31/08/18,Health Care Equipment & Supplies — 2.1%,Abbott Laboratories,"2,971","1,98,582",,,abbott laboratories,ABT,ABBOTT LABORATORIES
ESGU,iShares MSCI USA ESG Optimized ETF,31/08/18,Health Care Equipment & Supplies — 2.1%,ABIOMED Inc.,300,"1,21,974",,,abiomed,ABIOM,ABIOMED INC.
ESGU,iShares MSCI USA ESG Optimized ETF,31/08/18,Health Care Equipment & Supplies — 2.1%,Align Technology Inc.,478,"1,84,742",,,align technology,ALGN,ALIGN TECHNOLOGY INC.
ESGU,iShares MSCI USA ESG Optimized ETF,31/08/18,Health Care Equipment & Supplies — 2.1%,Becton Dickinson and Co.,"1,975","5,17,193",,,becton dickinson and,BDX.VI,BECTON DICKINSON AND CO.
ESGU,iShares MSCI USA ESG Optimized ETF,31/08/18,Health Care Equipment & Supplies — 2.1%,Cooper Companies Inc. (The),389,"99,498",,,cooper companies the,COOPE,COOPER COMPANIES INC. (THE)
ESGU,iShares MSCI USA ESG Optimized ETF,31/08/18,Health Care Equipment & Supplies — 2.1%,Edwards Lifesciences Corp.,"1,636","2,35,977",,,edwards lifesciences,EW,EDWARDS LIFESCIENCES CORP.
ESGU,iShares MSCI USA ESG Optimized ETF,31/08/18,Health Care Equipment & Supplies — 2.1%,Hologic Inc.,"2,530","1,00,593",,,hologic,HOLX,HOLOGIC INC.
ESGU,iShares MSCI USA ESG Optimized ETF,31/08/18,Health Care Equipment & Supplies — 2.1%,Health Care Equipment & Supplies (continued) IDEXX Laboratories Inc.,764,"1,94,087",,,health care equipment and supplies continued idexx laboratories,HEALT2,HEALTH CARE EQUIPMENT & SUPPLIES (CONTINUED) IDEXX LABORATORIES INC.
ESGU,iShares MSCI USA ESG Optimized ETF,31/08/18,Health Care Equipment & Supplies — 2.1%,Medtronic PLC,"2,971","2,86,434",,,medtronic,MDT,MEDTRONIC PLC
ESGU,iShares MSCI USA ESG Optimized ETF,31/08/18,Health Care Equipment & Supplies — 2.1%,ResMed Inc.,"1,311","1,46,058","20,85,138",,resmed,RMD,RESMED INC.
ESGU,iShares MSCI USA ESG Optimized ETF,31/08/18,Health Care Providers & Services — 3.4%,Aetna Inc.,491,"98,333",,,aetna,AETNA,AETNA INC.
ESGU,iShares MSCI USA ESG Optimized ETF,31/08/18,Health Care Providers & Services — 3.4%,AmerisourceBergen Corp.,"1,106","99,507",,,amerisourcebergen,ABC.VI,AMERISOURCEBERGEN CORP.
ESGU,iShares MSCI USA ESG Optimized ETF,31/08/18,Health Care Providers & Services — 3.4%,Anthem Inc.,371,"98,215",,,anthem,ANTHE,ANTHEM INC.
ESGU,iShares MSCI USA ESG Optimized ETF,31/08/18,Health Care Providers & Services — 3.4%,Cardinal Health Inc.,"4,388","2,29,010",,,cardinal health,CAH,CARDINAL HEALTH INC.
ESGU,iShares MSCI USA ESG Optimized ETF,31/08/18,Health Care Providers & Services — 3.4%,Centene Corp.,707,"1,03,561",,,centene,CNC,CENTENE CORP.
ESGU,iShares MSCI USA ESG Optimized ETF,31/08/18,Health Care Providers & Services — 3.4%,Cigna Corp.,"1,297","2,44,277",,,cigna,CI,CIGNA CORP.
ESGU,iShares MSCI USA ESG Optimized ETF,31/08/18,Health Care Providers & Services — 3.4%,CVS Health Corp.,"4,598","3,45,954",,,cvs health,CVS,CVS HEALTH CORP.
ESGU,iShares MSCI USA ESG Optimized ETF,31/08/18,Health Care Providers & Services — 3.4%,DaVita Inc.,"1,347","93,334",,,davita,DVA,DAVITA INC.
ESGU,iShares MSCI USA ESG Optimized ETF,31/08/18,Health Care Providers & Services — 3.4%,Express Scripts Holding Co.,"1,213","1,06,768",,,express scripts holding,EXPRE,EXPRESS SCRIPTS HOLDING CO.
ESGU,iShares MSCI USA ESG Optimized ETF,31/08/18,Health Care Providers & Services — 3.4%,HCA Healthcare Inc.,"1,539","2,06,395",,,hca healthcare,HCA,HCA HEALTHCARE INC.
ESGU,iShares MSCI USA ESG Optimized ETF,31/08/18,Health Care Providers & Services — 3.4%,Henry Schein Inc.,"2,913","2,26,282",,,henry schein,HSIC,HENRY SCHEIN INC.
ESGU,iShares MSCI USA ESG Optimized ETF,31/08/18,Health Care Providers & Services — 3.4%,Humana Inc.,617,"2,05,621",,,humana,HUM,HUMANA INC.
ESGU,iShares MSCI USA ESG Optimized ETF,31/08/18,Health Care Providers & Services — 3.4%,Laboratory Corp. of America Holdings,692,"1,19,626",,,laboratory of america,LABOR3,LABORATORY CORP. OF AMERICA HOLDINGS
ESGU,iShares MSCI USA ESG Optimized ETF,31/08/18,Health Care Providers & Services — 3.4%,Quest Diagnostics Inc.,"2,299","2,52,844",,,quest diagnostics,DGX,QUEST DIAGNOSTICS INC.
ESGU,iShares MSCI USA ESG Optimized ETF,31/08/18,Health Care Providers & Services — 3.4%,UnitedHealth Group Inc.,"3,296","8,84,844","33,14,571",,unitedhealth,UNH,UNITEDHEALTH GROUP INC.
ESGU,iShares MSCI USA ESG Optimized ETF,31/08/18,"Hotels, Restaurants & Leisure — 1.6%",Hilton Worldwide Holdings Inc.,"3,545","2,75,163",,,hilton worldwide,HLT,HILTON WORLDWIDE HOLDINGS INC.
ESGU,iShares MSCI USA ESG Optimized ETF,31/08/18,"Hotels, Restaurants & Leisure — 1.6%","Marriott International Inc./MD, Class A","2,238","2,83,040",,,marriott international md,MARRI3,"MARRIOTT INTERNATIONAL INC./MD, CLASS A"
ESGU,iShares MSCI USA ESG Optimized ETF,31/08/18,"Hotels, Restaurants & Leisure — 1.6%",McDonald’s Corp.,"2,057","3,33,707",,,mcdonald s,MDOD.XC,MCDONALD’S CORP.
ESGU,iShares MSCI USA ESG Optimized ETF,31/08/18,"Hotels, Restaurants & Leisure — 1.6%",MGM Resorts International,"3,356","97,291",,,mgm resorts international,MGM,MGM RESORTS INTERNATIONAL
ESGU,iShares MSCI USA ESG Optimized ETF,31/08/18,"Hotels, Restaurants & Leisure — 1.6%",Royal Caribbean Cruises Ltd.,822,"1,00,761",,,royal caribbean cruises,RCL,ROYAL CARIBBEAN CRUISES LTD.
ESGU,iShares MSCI USA ESG Optimized ETF,31/08/18,"Hotels, Restaurants & Leisure — 1.6%",Starbucks Corp.,"5,483","2,93,066",,,starbucks,SBUX,STARBUCKS CORP.
ESGU,iShares MSCI USA ESG Optimized ETF,31/08/18,"Hotels, Restaurants & Leisure — 1.6%",Vail Resorts Inc.,542,"1,61,543","15,44,571",,vail resorts,MTN,VAIL RESORTS INC.
ESGU,iShares MSCI USA ESG Optimized ETF,31/08/18,Household Durables — 0.2%,Mohawk Industries Inc.,756,"1,44,842",,,mohawk industries,MHK,MOHAWK INDUSTRIES INC.
ESGU,iShares MSCI USA ESG Optimized ETF,31/08/18,Household Durables — 0.2%,Newell Brands Inc.,"4,541","98,631","2,43,473",,newell brands,NWL,NEWELL BRANDS INC.
ESGU,iShares MSCI USA ESG Optimized ETF,31/08/18,Household Products — 1.8%,Clorox Co. (The),"1,269","1,83,979",,,clorox the,CLX,CLOROX CO. (THE)
ESGU,iShares MSCI USA ESG Optimized ETF,31/08/18,Household Products — 1.8%,Colgate-Palmolive Co.,"4,897","3,25,210",,,colgate palmolive,CL,COLGATE-PALMOLIVE CO.
ESGU,iShares MSCI USA ESG Optimized ETF,31/08/18,Household Products — 1.8%,Kimberly-Clark Corp.,"1,869","2,15,944",,,kimberly clark,KMB,KIMBERLY-CLARK CORP.
ESGU,iShares MSCI USA ESG Optimized ETF,31/08/18,Household Products — 1.8%,Procter & Gamble Co. (The),"12,305","10,20,700","17,45,833",,procter and gamble the,PG,PROCTER & GAMBLE CO. (THE)
ESGU,iShares MSCI USA ESG Optimized ETF,31/08/18,Independent Power and Renewable Electricity Producers — 0.1%,AES Corp./VA,"6,969","93,803","93,803",,aes va,AESCO,AES CORP./VA
ESGU,iShares MSCI USA ESG Optimized ETF,31/08/18,Industrial Conglomerates — 2.3%,3M Co.,"4,231","8,92,403",,,3m,MMM,3M CO.
ESGU,iShares MSCI USA ESG Optimized ETF,31/08/18,Industrial Conglomerates — 2.3%,General Electric Co.,"41,769","5,40,491",,,general electric,POR,GENERAL ELECTRIC CO.
ESGU,iShares MSCI USA ESG Optimized ETF,31/08/18,Industrial Conglomerates — 2.3%,Honeywell International Inc.,"5,007","7,96,413","22,29,307",,honeywell international,HON,HONEYWELL INTERNATIONAL INC.
ESGU,iShares MSCI USA ESG Optimized ETF,31/08/18,Insurance — 2.3%,Allstate Corp. (The),"2,549","2,56,353",,,allstate the,ALL,ALLSTATE CORP. (THE)
ESGU,iShares MSCI USA ESG Optimized ETF,31/08/18,Insurance — 2.3%,American International Group Inc.,"3,804","2,02,259",,,american international,AIG,AMERICAN INTERNATIONAL GROUP INC.
ESGU,iShares MSCI USA ESG Optimized ETF,31/08/18,Insurance — 2.3%,Chubb Ltd.,"1,904","2,57,497",,,chubb,CB,CHUBB LTD.
ESGU,iShares MSCI USA ESG Optimized ETF,31/08/18,Insurance — 2.3%,Marsh & McLennan Companies Inc.,"4,765","4,03,262",,,marsh and mclennan companies,MMC,MARSH & MCLENNAN COMPANIES INC.
ESGU,iShares MSCI USA ESG Optimized ETF,31/08/18,Insurance — 2.3%,Principal Financial Group Inc.,"2,207","1,21,804",,,principal financial,PFG,PRINCIPAL FINANCIAL GROUP INC.
ESGU,iShares MSCI USA ESG Optimized ETF,31/08/18,Insurance — 2.3%,Progressive Corp. (The),"3,045","2,05,629",,,progressive the,PGR,PROGRESSIVE CORP. (THE)
ESGU,iShares MSCI USA ESG Optimized ETF,31/08/18,Insurance — 2.3%,Prudential Financial Inc.,"3,610","3,54,682",,,prudential financial,PRU,PRUDENTIAL FINANCIAL INC.
ESGU,iShares MSCI USA ESG Optimized ETF,31/08/18,Insurance — 2.3%,Travelers Companies Inc. (The),"2,730","3,59,268",,,travelers companies the,PA9.F,TRAVELERS COMPANIES INC. (THE)
ESGU,iShares MSCI USA ESG Optimized ETF,31/08/18,Insurance — 2.3%,Willis Towers Watson PLC,656,"96,609","22,57,363",,willis towers watson,WTW,WILLIS TOWERS WATSON PLC
ESGU,iShares MSCI USA ESG Optimized ETF,31/08/18,Internet & Direct Marketing Retail — 4.2%,Amazon.com Inc.,"1,560","31,39,828",,,amazon com,AMZN,AMAZON.COM INC.
ESGU,iShares MSCI USA ESG Optimized ETF,31/08/18,Internet & Direct Marketing Retail — 4.2%,Booking Holdings Inc.,192,"3,74,698",,,booking,BKNG,BOOKING HOLDINGS INC.
ESGU,iShares MSCI USA ESG Optimized ETF,31/08/18,Internet & Direct Marketing Retail — 4.2%,Netflix Inc.,"1,649","6,06,304","41,20,830",,netflix,NFLX,NETFLIX INC.
ESGU,iShares MSCI USA ESG Optimized ETF,31/08/18,Internet Software & Services — 4.9%,"Alphabet Inc., Class A","1,004","12,36,727",,,alphabet,GOOG,"ALPHABET INC., CLASS A"
ESGU,iShares MSCI USA ESG Optimized ETF,31/08/18,Internet Software & Services — 4.9%,"Alphabet Inc., Class C, NVS","1,454","17,71,248",,,alphabet,GOOG,"ALPHABET INC., CLASS C, NVS"
ESGU,iShares MSCI USA ESG Optimized ETF,31/08/18,Internet Software & Services — 4.9%,eBay Inc.,"2,819","97,566",,,ebay,EBAY,EBAY INC.
ESGU,iShares MSCI USA ESG Optimized ETF,31/08/18,Internet Software & Services — 4.9%,"Facebook Inc., Class A","8,659","15,21,646",,,facebook,FACEB3,"FACEBOOK INC., CLASS A"
ESGU,iShares MSCI USA ESG Optimized ETF,31/08/18,Internet Software & Services — 4.9%,MercadoLibre Inc.,296,"1,01,354",,,mercadolibre,MELI,MERCADOLIBRE INC.
ESGU,iShares MSCI USA ESG Optimized ETF,31/08/18,Internet Software & Services — 4.9%,Twitter Inc.,"2,890","1,01,670","48,30,211",,twitter,TWITT,TWITTER INC.
ESGU,iShares MSCI USA ESG Optimized ETF,31/08/18,IT Services — 4.9%,"Accenture PLC, Class A","4,835","8,17,453",,,accenture,ACN,"ACCENTURE PLC, CLASS A"
ESGU,iShares MSCI USA ESG Optimized ETF,31/08/18,IT Services — 4.9%,Automatic Data Processing Inc.,"2,157","3,16,540",,,automatic data processing,ADP,AUTOMATIC DATA PROCESSING INC.
ESGU,iShares MSCI USA ESG Optimized ETF,31/08/18,IT Services — 4.9%,"Cognizant Technology Solutions Corp., Class A","2,379","1,86,585",,,cognizant technology solutions,CTSH,"COGNIZANT TECHNOLOGY SOLUTIONS CORP., CLASS A"
ESGU,iShares MSCI USA ESG Optimized ETF,31/08/18,IT Services — 4.9%,DXC Technology Co.,"1,104","1,00,563",,,dxc technology,DXC,DXC TECHNOLOGY CO.
ESGU,iShares MSCI USA ESG Optimized ETF,31/08/18,IT Services — 4.9%,International Business Machines Corp.,"5,480","8,02,710",,,international business machines,IBM,INTERNATIONAL BUSINESS MACHINES CORP.
ESGU,iShares MSCI USA ESG Optimized ETF,31/08/18,IT Services — 4.9%,Jack Henry & Associates Inc.,858,"1,35,942",,,jack henry and associates,JKHY,JACK HENRY & ASSOCIATES INC.
ESGU,iShares MSCI USA ESG Optimized ETF,31/08/18,IT Services — 4.9%,"Mastercard Inc., Class A","3,869","8,34,002",,,mastercard,MA,"MASTERCARD INC., CLASS A"
ESGU,iShares MSCI USA ESG Optimized ETF,31/08/18,IT Services — 4.9%,PayPal Holdings Inc.,"4,576","4,22,502",,,paypal,PYPL,PAYPAL HOLDINGS INC.
ESGU,iShares MSCI USA ESG Optimized ETF,31/08/18,IT Services — 4.9%,"Visa Inc., Class A","7,347","10,79,201",,,visa,V,"VISA INC., CLASS A"
ESGU,iShares MSCI USA ESG Optimized ETF,31/08/18,IT Services — 4.9%,Western Union Co. (The),"5,846","1,10,606","48,06,104",,western union the,WU,WESTERN UNION CO. (THE)
ESGU,iShares MSCI USA ESG Optimized ETF,31/08/18,Leisure Products — 0.2%,Hasbro Inc.,"1,423","1,41,318",,,hasbro,HAS,HASBRO INC.
ESGU,iShares MSCI USA ESG Optimized ETF,31/08/18,Leisure Products — 0.2%,Mattel Inc.,"6,380","98,444","2,39,762",,mattel,MAT,MATTEL INC.
ESGU,iShares MSCI USA ESG Optimized ETF,31/08/18,Life Sciences Tools & Services — 1.1%,Agilent Technologies Inc.,"4,609","3,11,292",,,agilent technologies,A,AGILENT TECHNOLOGIES INC.
ESGU,iShares MSCI USA ESG Optimized ETF,31/08/18,Life Sciences Tools & Services — 1.1%,Illumina Inc.,453,"1,60,738",,,illumina,ILMN,ILLUMINA INC.
ESGU,iShares MSCI USA ESG Optimized ETF,31/08/18,Life Sciences Tools & Services — 1.1%,IQVIA Holdings Inc.,"1,135","1,44,247",,,iqvia,IQV,IQVIA HOLDINGS INC.
ESGU,iShares MSCI USA ESG Optimized ETF,31/08/18,Life Sciences Tools & Services — 1.1%,Mettler-Toledo International Inc.,309,"1,80,598",,,mettler toledo international,MTD,METTLER-TOLEDO INTERNATIONAL INC.
ESGU,iShares MSCI USA ESG Optimized ETF,31/08/18,Life Sciences Tools & Services — 1.1%,Thermo Fisher Scientific Inc.,585,"1,39,873",,,thermo fisher scientific,TMO,THERMO FISHER SCIENTIFIC INC.
ESGU,iShares MSCI USA ESG Optimized ETF,31/08/18,Life Sciences Tools & Services — 1.1%,Waters Corp.,841,"1,59,353","10,96,101",,waters,WAT,WATERS CORP.
ESGU,iShares MSCI USA ESG Optimized ETF,31/08/18,Machinery — 2.0%,Caterpillar Inc.,"3,354","4,65,703",,,caterpillar,CAT,CATERPILLAR INC.
ESGU,iShares MSCI USA ESG Optimized ETF,31/08/18,Machinery — 2.0%,Cummins Inc.,"1,971","2,79,488",,,cummins,CMI,CUMMINS INC.
ESGU,iShares MSCI USA ESG Optimized ETF,31/08/18,Machinery — 2.0%,Deere & Co.,"1,478","2,12,537",,,deere and,DCO.SG,DEERE & CO.
ESGU,iShares MSCI USA ESG Optimized ETF,31/08/18,Machinery — 2.0%,Flowserve Corp.,"1,874","97,673",,,flowserve,FLS,FLOWSERVE CORP.
ESGU,iShares MSCI USA ESG Optimized ETF,31/08/18,Machinery — 2.0%,Illinois Tool Works Inc.,705,"97,910",,,illinois tool works,ITW,ILLINOIS TOOL WORKS INC.
ESGU,iShares MSCI USA ESG Optimized ETF,31/08/18,Machinery — 2.0%,Ingersoll-Rand PLC,"2,908","2,94,551",,,ingersoll rand,IR,INGERSOLL-RAND PLC
ESGU,iShares MSCI USA ESG Optimized ETF,31/08/18,Machinery — 2.0%,Parker-Hannifin Corp.,"1,197","2,10,193",,,parker hannifin,PH,PARKER-HANNIFIN CORP.
ESGU,iShares MSCI USA ESG Optimized ETF,31/08/18,Machinery — 2.0%,Snap-on Inc.,541,"95,638",,,snap on,SNA,SNAP-ON INC.
ESGU,iShares MSCI USA ESG Optimized ETF,31/08/18,Machinery — 2.0%,Xylem Inc./NY,"2,387","1,81,197","19,34,890",,xylem ny,XYLEM,XYLEM INC./NY
ESGU,iShares MSCI USA ESG Optimized ETF,31/08/18,Media — 2.1%,"Charter Communications Inc., Class A",511,"1,58,614",,,charter communications,CHTR,"CHARTER COMMUNICATIONS INC., CLASS A"
ESGU,iShares MSCI USA ESG Optimized ETF,31/08/18,Media — 2.1%,"Comcast Corp., Class A","16,241","6,00,755",,,comcast,CMCSA,"COMCAST CORP., CLASS A"
ESGU,iShares MSCI USA ESG Optimized ETF,31/08/18,Media — 2.1%,"Discovery Inc., Class A (a)(b)","3,295","91,700",,,discovery a b,DISCO8,"DISCOVERY INC., CLASS A (A)(B)"
ESGU,iShares MSCI USA ESG Optimized ETF,31/08/18,Media — 2.1%,"Liberty Global PLC, Series C, NVS","7,609","1,96,997",,,liberty global series c,LIBER15,"LIBERTY GLOBAL PLC, SERIES C, NVS"
ESGU,iShares MSCI USA ESG Optimized ETF,31/08/18,Media — 2.1%,Omnicom Group Inc.,"2,182","1,51,256",,,omnicom,OMC,OMNICOM GROUP INC.
ESGU,iShares MSCI USA ESG Optimized ETF,31/08/18,Media — 2.1%,"Twenty-First Century Fox Inc., Class A, NVS","4,589","2,08,341",,,twenty first century fox,TWENT2,"TWENTY-FIRST CENTURY FOX INC., CLASS A, NVS"
ESGU,iShares MSCI USA ESG Optimized ETF,31/08/18,Media — 2.1%,Media (continued) Walt Disney Co. (The),"6,027","6,75,144","20,82,807",,media continued walt disney the,MEDIA,MEDIA (CONTINUED) WALT DISNEY CO. (THE)
ESGU,iShares MSCI USA ESG Optimized ETF,31/08/18,Metals & Mining — 0.2%,Newmont Mining Corp.,"3,482","1,08,046",,,newmont mining,NEWM.VI,NEWMONT MINING CORP.
ESGU,iShares MSCI USA ESG Optimized ETF,31/08/18,Metals & Mining — 0.2%,Nucor Corp.,"1,854","1,15,875","2,23,921",,nucor,NUE,NUCOR CORP.
ESGU,iShares MSCI USA ESG Optimized ETF,31/08/18,Multi-Utilities — 0.7%,CMS Energy Corp.,"4,504","2,21,777",,,cms energy,CMS,CMS ENERGY CORP.
ESGU,iShares MSCI USA ESG Optimized ETF,31/08/18,Multi-Utilities — 0.7%,Consolidated Edison Inc.,"2,231","1,76,093",,,consolidated edison,ED,CONSOLIDATED EDISON INC.
ESGU,iShares MSCI USA ESG Optimized ETF,31/08/18,Multi-Utilities — 0.7%,Dominion Energy Inc.,"1,749","1,23,777",,,dominion energy,D,DOMINION ENERGY INC.
ESGU,iShares MSCI USA ESG Optimized ETF,31/08/18,Multi-Utilities — 0.7%,Sempra Energy,"1,603","1,86,076","7,07,723",,sempra energy,SREN.VI,SEMPRA ENERGY
ESGU,iShares MSCI USA ESG Optimized ETF,31/08/18,Multiline Retail — 0.4%,Macy’s Inc.,"2,546","93,056",,,macy s,M,MACY’S INC.
ESGU,iShares MSCI USA ESG Optimized ETF,31/08/18,Multiline Retail — 0.4%,Nordstrom Inc.,"1,587","99,743",,,nordstrom,NORDS,NORDSTROM INC.
ESGU,iShares MSCI USA ESG Optimized ETF,31/08/18,Multiline Retail — 0.4%,Target Corp.,"2,800","2,45,000","4,37,799",,target,TGT,TARGET CORP.
ESGU,iShares MSCI USA ESG Optimized ETF,31/08/18,"Oil, Gas & Consumable Fuels — 4.5%",Andeavor,762,"1,16,426",,,andeavor,ANDEA,ANDEAVOR
ESGU,iShares MSCI USA ESG Optimized ETF,31/08/18,"Oil, Gas & Consumable Fuels — 4.5%",Apache Corp.,"2,282","1,00,020",,,apache,APACH,APACHE CORP.
ESGU,iShares MSCI USA ESG Optimized ETF,31/08/18,"Oil, Gas & Consumable Fuels — 4.5%",Cheniere Energy Inc.,"1,902","1,27,301",,,cheniere energy,LNG,CHENIERE ENERGY INC.
ESGU,iShares MSCI USA ESG Optimized ETF,31/08/18,"Oil, Gas & Consumable Fuels — 4.5%",ConocoPhillips,"7,268","5,33,689",,,conocophillips,COP,CONOCOPHILLIPS
ESGU,iShares MSCI USA ESG Optimized ETF,31/08/18,"Oil, Gas & Consumable Fuels — 4.5%",Devon Energy Corp.,"3,347","1,43,687",,,devon energy,DVN.MX,DEVON ENERGY CORP.
ESGU,iShares MSCI USA ESG Optimized ETF,31/08/18,"Oil, Gas & Consumable Fuels — 4.5%",EQT Corp.,"1,901","96,989",,,eqt,EQT,EQT CORP.
ESGU,iShares MSCI USA ESG Optimized ETF,31/08/18,"Oil, Gas & Consumable Fuels — 4.5%",Exxon Mobil Corp.,"16,983","13,61,527",,,exxon mobil,XOM,EXXON MOBIL CORP.
ESGU,iShares MSCI USA ESG Optimized ETF,31/08/18,"Oil, Gas & Consumable Fuels — 4.5%",Hess Corp.,"3,941","2,65,387",,,hess,HESSC,HESS CORP.
ESGU,iShares MSCI USA ESG Optimized ETF,31/08/18,"Oil, Gas & Consumable Fuels — 4.5%",Kinder Morgan Inc./DE,"8,205","1,45,229",,,kinder morgan de,KINDE,KINDER MORGAN INC./DE
ESGU,iShares MSCI USA ESG Optimized ETF,31/08/18,"Oil, Gas & Consumable Fuels — 4.5%",Marathon Oil Corp.,"4,817","1,03,614",,,marathon oil,MARAT,MARATHON OIL CORP.
ESGU,iShares MSCI USA ESG Optimized ETF,31/08/18,"Oil, Gas & Consumable Fuels — 4.5%",Marathon Petroleum Corp.,"2,090","1,71,986",,,marathon petroleum,MPC,MARATHON PETROLEUM CORP.
ESGU,iShares MSCI USA ESG Optimized ETF,31/08/18,"Oil, Gas & Consumable Fuels — 4.5%",Noble Energy Inc.,"3,389","1,00,721",,,noble energy,NOBLE,NOBLE ENERGY INC.
ESGU,iShares MSCI USA ESG Optimized ETF,31/08/18,"Oil, Gas & Consumable Fuels — 4.5%",Occidental Petroleum Corp.,"3,446","2,75,232",,,occidental petroleum,OXY,OCCIDENTAL PETROLEUM CORP.
ESGU,iShares MSCI USA ESG Optimized ETF,31/08/18,"Oil, Gas & Consumable Fuels — 4.5%",ONEOK Inc.,"3,042","2,00,498",,,oneok,OKE,ONEOK INC.
ESGU,iShares MSCI USA ESG Optimized ETF,31/08/18,"Oil, Gas & Consumable Fuels — 4.5%",Phillips 66,"2,876","3,40,835",,,phillips 66,PSX,PHILLIPS 66
ESGU,iShares MSCI USA ESG Optimized ETF,31/08/18,"Oil, Gas & Consumable Fuels — 4.5%",Pioneer Natural Resources Co.,560,"97,832",,,pioneer natural resources,PIONE,PIONEER NATURAL RESOURCES CO.
ESGU,iShares MSCI USA ESG Optimized ETF,31/08/18,"Oil, Gas & Consumable Fuels — 4.5%",Valero Energy Corp.,"2,439","2,87,509","44,68,482",,valero energy,VLO,VALERO ENERGY CORP.
ESGU,iShares MSCI USA ESG Optimized ETF,31/08/18,Personal Products — 0.1%,"Estee Lauder Companies Inc. (The), Class A",730,"1,02,288","1,02,288",,estee lauder companies the,ESTEE3,"ESTEE LAUDER COMPANIES INC. (THE), CLASS A"
ESGU,iShares MSCI USA ESG Optimized ETF,31/08/18,Pharmaceuticals — 4.5%,Allergan PLC,968,"1,85,575",,,allergan,ALLER,ALLERGAN PLC
ESGU,iShares MSCI USA ESG Optimized ETF,31/08/18,Pharmaceuticals — 4.5%,Bristol-Myers Squibb Co.,"7,073","4,28,270",,,bristol myers squibb,BMY,BRISTOL-MYERS SQUIBB CO.
ESGU,iShares MSCI USA ESG Optimized ETF,31/08/18,Pharmaceuticals — 4.5%,Eli Lilly & Co.,"4,863","5,13,776",,,eli lilly and,LLY.SG,ELI LILLY & CO.
ESGU,iShares MSCI USA ESG Optimized ETF,31/08/18,Pharmaceuticals — 4.5%,Jazz Pharmaceuticals PLC,560,"95,715",,,jazz pharmaceuticals,JAZZ,JAZZ PHARMACEUTICALS PLC
ESGU,iShares MSCI USA ESG Optimized ETF,31/08/18,Pharmaceuticals — 4.5%,Johnson & Johnson,"10,508","14,15,323",,,johnson and johnson,JNJ,JOHNSON & JOHNSON
ESGU,iShares MSCI USA ESG Optimized ETF,31/08/18,Pharmaceuticals — 4.5%,Merck & Co. Inc.,"11,411","7,82,680",,,merck and,MRK,MERCK & CO. INC.
ESGU,iShares MSCI USA ESG Optimized ETF,31/08/18,Pharmaceuticals — 4.5%,Nektar Therapeutics,"1,571","1,04,456",,,nektar therapeutics,NKTR,NEKTAR THERAPEUTICS
ESGU,iShares MSCI USA ESG Optimized ETF,31/08/18,Pharmaceuticals — 4.5%,Pfizer Inc.,"13,953","5,79,329",,,pfizer,PFE,PFIZER INC.
ESGU,iShares MSCI USA ESG Optimized ETF,31/08/18,Pharmaceuticals — 4.5%,Zoetis Inc.,"4,281","3,87,859","44,92,983",,zoetis,ZTS,ZOETIS INC.
ESGU,iShares MSCI USA ESG Optimized ETF,31/08/18,Professional Services — 0.3%,IHS Markit Ltd.,"2,913","1,60,215",,,ihs markit,IHSMA,IHS MARKIT LTD.
ESGU,iShares MSCI USA ESG Optimized ETF,31/08/18,Professional Services — 0.3%,ManpowerGroup Inc.,"1,582","1,48,281","3,08,496",,manpowergroup,MPW.SG,MANPOWERGROUP INC.
ESGU,iShares MSCI USA ESG Optimized ETF,31/08/18,Real Estate Management & Development — 0.4%,"CBRE Group Inc., Class A","5,310","2,59,181",,,cbre,CBRE,"CBRE GROUP INC., CLASS A"
ESGU,iShares MSCI USA ESG Optimized ETF,31/08/18,Real Estate Management & Development — 0.4%,Jones Lang LaSalle Inc.,632,"96,393","3,55,574",,jones lang lasalle,JLL,JONES LANG LASALLE INC.
ESGU,iShares MSCI USA ESG Optimized ETF,31/08/18,Road & Rail — 1.2%,CSX Corp.,"3,939","2,92,116",,,csx,CSX,CSX CORP.
ESGU,iShares MSCI USA ESG Optimized ETF,31/08/18,Road & Rail — 1.2%,Kansas City Southern,"1,144","1,32,658",,,kansas city southern,KANSA,KANSAS CITY SOUTHERN
ESGU,iShares MSCI USA ESG Optimized ETF,31/08/18,Road & Rail — 1.2%,Norfolk Southern Corp.,"1,834","3,18,823",,,norfolk southern,NSC,NORFOLK SOUTHERN CORP.
ESGU,iShares MSCI USA ESG Optimized ETF,31/08/18,Road & Rail — 1.2%,Union Pacific Corp.,"3,046","4,58,789","12,02,386",,union pacific,UNP,UNION PACIFIC CORP.
ESGU,iShares MSCI USA ESG Optimized ETF,31/08/18,Semiconductors & Semiconductor Equipment — 3.9%,Advanced Micro Devices Inc. (a)(b),"4,772","1,20,111",,,advanced micro devices a b,ADVAN2,ADVANCED MICRO DEVICES INC. (A)(B)
ESGU,iShares MSCI USA ESG Optimized ETF,31/08/18,Semiconductors & Semiconductor Equipment — 3.9%,Analog Devices Inc.,"2,186","2,16,086",,,analog devices,ADI,ANALOG DEVICES INC.
ESGU,iShares MSCI USA ESG Optimized ETF,31/08/18,Semiconductors & Semiconductor Equipment — 3.9%,Applied Materials Inc.,"6,229","2,67,972",,,applied materials,AMAT,APPLIED MATERIALS INC.
ESGU,iShares MSCI USA ESG Optimized ETF,31/08/18,Semiconductors & Semiconductor Equipment — 3.9%,Broadcom Inc.,"1,045","2,28,886",,,broadcom,AVGO,BROADCOM INC.
ESGU,iShares MSCI USA ESG Optimized ETF,31/08/18,Semiconductors & Semiconductor Equipment — 3.9%,Intel Corp.,"20,158","9,76,252",,,intel,INTC,INTEL CORP.
ESGU,iShares MSCI USA ESG Optimized ETF,31/08/18,Semiconductors & Semiconductor Equipment — 3.9%,Lam Research Corp.,661,"1,14,412",,,lam research,LRCX,LAM RESEARCH CORP.
ESGU,iShares MSCI USA ESG Optimized ETF,31/08/18,Semiconductors & Semiconductor Equipment — 3.9%,Micron Technology Inc.,"3,413","1,79,251",,,micron technology,MU,MICRON TECHNOLOGY INC.
ESGU,iShares MSCI USA ESG Optimized ETF,31/08/18,Semiconductors & Semiconductor Equipment — 3.9%,NVIDIA Corp.,"2,614","7,33,698",,,nvidia,NVDA,NVIDIA CORP.
ESGU,iShares MSCI USA ESG Optimized ETF,31/08/18,Semiconductors & Semiconductor Equipment — 3.9%,QUALCOMM Inc.,"4,247","2,91,811",,,qualcomm,QCOM,QUALCOMM INC.
ESGU,iShares MSCI USA ESG Optimized ETF,31/08/18,Semiconductors & Semiconductor Equipment — 3.9%,Skyworks Solutions Inc.,"1,145","1,04,538",,,skyworks solutions,SWKS,SKYWORKS SOLUTIONS INC.
ESGU,iShares MSCI USA ESG Optimized ETF,31/08/18,Semiconductors & Semiconductor Equipment — 3.9%,Texas Instruments Inc.,"5,329","5,98,980","38,31,997",,texas instruments,TII.SG,TEXAS INSTRUMENTS INC.
ESGU,iShares MSCI USA ESG Optimized ETF,31/08/18,Software — 7.1%,Adobe Systems Inc.,"2,298","6,05,546",,,adobe systems,ADBE.VI,ADOBE SYSTEMS INC.
ESGU,iShares MSCI USA ESG Optimized ETF,31/08/18,Software — 7.1%,Autodesk Inc.,"1,632","2,51,899",,,autodesk,ADSK,AUTODESK INC.
ESGU,iShares MSCI USA ESG Optimized ETF,31/08/18,Software — 7.1%,CA Inc.,"2,228","97,586",,,ca,CAN,CA INC.
ESGU,iShares MSCI USA ESG Optimized ETF,31/08/18,Software — 7.1%,Cadence Design Systems Inc.,"2,875","1,35,240",,,cadence design systems,CDNS,CADENCE DESIGN SYSTEMS INC.
ESGU,iShares MSCI USA ESG Optimized ETF,31/08/18,Software — 7.1%,Citrix Systems Inc.,874,"99,653",,,citrix systems,CITRI,CITRIX SYSTEMS INC.
ESGU,iShares MSCI USA ESG Optimized ETF,31/08/18,Software — 7.1%,"Dell Technologies Inc., Class V","1,024","98,478",,,dell technologies class v,DELL,"DELL TECHNOLOGIES INC., CLASS V"
ESGU,iShares MSCI USA ESG Optimized ETF,31/08/18,Software — 7.1%,Intuit Inc.,"1,715","3,76,391",,,intuit,INTU,INTUIT INC.
ESGU,iShares MSCI USA ESG Optimized ETF,31/08/18,Software — 7.1%,Microsoft Corp.,"32,643","36,66,788",,,microsoft,MSFT,MICROSOFT CORP.
ESGU,iShares MSCI USA ESG Optimized ETF,31/08/18,Software — 7.1%,Oracle Corp.,"12,958","6,29,500",,,oracle,ORCL,ORACLE CORP.
ESGU,iShares MSCI USA ESG Optimized ETF,31/08/18,Software — 7.1%,salesforce.com Inc.,"4,712","7,19,428",,,salesforce com,CRM.VI,SALESFORCE.COM INC.
ESGU,iShares MSCI USA ESG Optimized ETF,31/08/18,Software — 7.1%,ServiceNow Inc.,535,"1,05,053",,,servicenow,NOW,SERVICENOW INC.
ESGU,iShares MSCI USA ESG Optimized ETF,31/08/18,Software — 7.1%,Symantec Corp.,"4,980","1,00,397",,,symantec,SYMAN,SYMANTEC CORP.
ESGU,iShares MSCI USA ESG Optimized ETF,31/08/18,Software — 7.1%,"VMware Inc., Class A",664,"1,01,765","69,87,724",,vmware,VMWAR3,"VMWARE INC., CLASS A"
ESGU,iShares MSCI USA ESG Optimized ETF,31/08/18,Specialty Retail — 2.4%,Best Buy Co. Inc.,"2,991","2,37,964",,,best buy,BBY,BEST BUY CO. INC.
ESGU,iShares MSCI USA ESG Optimized ETF,31/08/18,Specialty Retail — 2.4%,Gap Inc. (The),"3,837","1,16,453",,,gap the,GAP,GAP INC. (THE)
ESGU,iShares MSCI USA ESG Optimized ETF,31/08/18,Specialty Retail — 2.4%,Home Depot Inc. (The),"5,417","10,87,571",,,home depot the,HD,HOME DEPOT INC. (THE)
ESGU,iShares MSCI USA ESG Optimized ETF,31/08/18,Specialty Retail — 2.4%,Lowe’s Companies Inc.,"3,224","3,50,610",,,lowe s companies,LOW,LOWE’S COMPANIES INC.
ESGU,iShares MSCI USA ESG Optimized ETF,31/08/18,Specialty Retail — 2.4%,Tiffany & Co.,"2,050","2,51,433",,,tiffany and,TIFFA,TIFFANY & CO.
ESGU,iShares MSCI USA ESG Optimized ETF,31/08/18,Specialty Retail — 2.4%,TJX Companies Inc. (The),"2,033","2,23,569",,,tjx companies the,TJX,TJX COMPANIES INC. (THE)
ESGU,iShares MSCI USA ESG Optimized ETF,31/08/18,Specialty Retail — 2.4%,Tractor Supply Co.,"1,168","1,03,111","23,70,711",,tractor supply,TSCO,TRACTOR SUPPLY CO.
ESGU,iShares MSCI USA ESG Optimized ETF,31/08/18,"Technology Hardware, Storage & Peripherals — 5.0% ",Apple Inc.,"19,017","43,28,840",,,apple,AAPL,APPLE INC.
ESGU,iShares MSCI USA ESG Optimized ETF,31/08/18,"Technology Hardware, Storage & Peripherals — 5.0%",Hewlett Packard Enterprise Co.,"12,366","2,04,410",,,hewlett packard enterprise,HPE,HEWLETT PACKARD ENTERPRISE CO.
ESGU,iShares MSCI USA ESG Optimized ETF,31/08/18,"Technology Hardware, Storage & Peripherals — 5.0%",HP Inc.,"9,298","2,29,195",,,hp,HPQ,HP INC.
ESGU,iShares MSCI USA ESG Optimized ETF,31/08/18,"Technology Hardware, Storage & Peripherals — 5.0%",Seagate Technology PLC,"1,776","95,087",,,seagate technology,STX,SEAGATE TECHNOLOGY PLC
ESGU,iShares MSCI USA ESG Optimized ETF,31/08/18,"Technology Hardware, Storage & Peripherals — 5.0%",Xerox Corp.,"3,501","97,538","49,55,070",,xerox,XRX,XEROX CORP.
ESGU,iShares MSCI USA ESG Optimized ETF,31/08/18,"Textiles, Apparel & Luxury Goods — 1.0%",Hanesbrands Inc.,"5,092","89,314",,,hanesbrands,HBI,HANESBRANDS INC.
ESGU,iShares MSCI USA ESG Optimized ETF,31/08/18,"Textiles, Apparel & Luxury Goods — 1.0%","NIKE Inc., Class B","6,469","5,31,752",,,nike,NKE,"NIKE INC., CLASS B"
ESGU,iShares MSCI USA ESG Optimized ETF,31/08/18,"Textiles, Apparel & Luxury Goods — 1.0%",PVH Corp.,"1,073","1,53,610",,,pvh,PVH,PVH CORP.
ESGU,iShares MSCI USA ESG Optimized ETF,31/08/18,"Textiles, Apparel & Luxury Goods — 1.0%",VF Corp.,"2,509","2,31,154","10,05,830",,vf,VFC,VF CORP.
ESGU,iShares MSCI USA ESG Optimized ETF,31/08/18,Trading Companies & Distributors — 0.2%,Fastenal Co.,"1,685","98,337",,,fastenal,FAST,FASTENAL CO.
ESGU,iShares MSCI USA ESG Optimized ETF,31/08/18,Trading Companies & Distributors — 0.2%,WW Grainger Inc.,402,"1,42,336","2,40,673",98789861,ww grainger,GWW,WW GRAINGER INC.
ESGU,iShares MSCI USA ESG Optimized ETF,31/08/18,MONEY MARKET FUNDS — 0.6%,"BlackRock Cash Funds: Institutional, SL Agency Shares, 2.15%(c)(d)(e)","5,17,430","5,17,585",,,blackrock cash funds institutional sl agency shares 2 15 c d e,BLACK22,"BLACKROCK CASH FUNDS: INSTITUTIONAL, SL AGENCY SHARES, 2.15%(C)(D)(E)"
ESGU,iShares MSCI USA ESG Optimized ETF,31/08/18,MONEY MARKET FUNDS — 0.6%,"BlackRock Cash Funds: Treasury, SL Agency Shares, 1.89%(c)(d)","81,721","81,721","5,99,306","5,99,306",blackrock cash funds treasury sl agency shares 1 89 c d,BLACK23,"BLACKROCK CASH FUNDS: TREASURY, SL AGENCY SHARES, 1.89%(C)(D)"
ESML,iShares MSCI USA Small-Cap ESG Optimized ETF,31/08/18,Aerospace & Defense — 2.2%,Aerovironment Inc.,66,"5,805",,,aerovironment,AVAV,AEROVIRONMENT INC.
ESML,iShares MSCI USA Small-Cap ESG Optimized ETF,31/08/18,Aerospace & Defense — 2.2%,Astronics Corp.,153,"6,657",,,astronics,ATROB,ASTRONICS CORP.
ESML,iShares MSCI USA Small-Cap ESG Optimized ETF,31/08/18,Aerospace & Defense — 2.2%,Axon Enterprise Inc.,213,"14,539",,,axon enterprise,AXON,AXON ENTERPRISE INC.
ESML,iShares MSCI USA Small-Cap ESG Optimized ETF,31/08/18,Aerospace & Defense — 2.2%,BWX Technologies Inc.,629,"38,570",,,bwx technologies,BWXT,BWX TECHNOLOGIES INC.
ESML,iShares MSCI USA Small-Cap ESG Optimized ETF,31/08/18,Aerospace & Defense — 2.2%,Cubic Corp.,196,"14,837",,,cubic,CUBIC,CUBIC CORP.
ESML,iShares MSCI USA Small-Cap ESG Optimized ETF,31/08/18,Aerospace & Defense — 2.2%,Curtiss-Wright Corp.,167,"22,370",,,curtiss wright,CW,CURTISS-WRIGHT CORP.
ESML,iShares MSCI USA Small-Cap ESG Optimized ETF,31/08/18,Aerospace & Defense — 2.2%,Esterline Technologies Corp.,137,"11,775",,,esterline technologies,ESTER,ESTERLINE TECHNOLOGIES CORP.
ESML,iShares MSCI USA Small-Cap ESG Optimized ETF,31/08/18,Aerospace & Defense — 2.2%,HEICO Corp.,98,"8,887",,,heico,HC1.SG,HEICO CORP.
ESML,iShares MSCI USA Small-Cap ESG Optimized ETF,31/08/18,Aerospace & Defense — 2.2%,"HEICO Corp., Class A",165,"12,292",,,heico,HEICO,"HEICO CORP., CLASS A"
ESML,iShares MSCI USA Small-Cap ESG Optimized ETF,31/08/18,Aerospace & Defense — 2.2%,Hexcel Corp.,505,"33,391",,,hexcel,HXL,HEXCEL CORP.
ESML,iShares MSCI USA Small-Cap ESG Optimized ETF,31/08/18,Aerospace & Defense — 2.2%,KeyW Holding Corp. (The),801,"6,817",,,keyw holding the,KEYWH,KEYW HOLDING CORP. (THE)
ESML,iShares MSCI USA Small-Cap ESG Optimized ETF,31/08/18,Aerospace & Defense — 2.2%,KLX Inc.,214,"15,802",,,klx,KLXIN,KLX INC.
ESML,iShares MSCI USA Small-Cap ESG Optimized ETF,31/08/18,Aerospace & Defense — 2.2%,Mercury Systems Inc.,180,"9,812",,,mercury systems,MRCY,MERCURY SYSTEMS INC.
ESML,iShares MSCI USA Small-Cap ESG Optimized ETF,31/08/18,Aerospace & Defense — 2.2%,"Moog Inc., Class A",219,"17,281",,,moog,MOGA,"MOOG INC., CLASS A"
ESML,iShares MSCI USA Small-Cap ESG Optimized ETF,31/08/18,Aerospace & Defense — 2.2%,Teledyne Technologies Inc.,108,"25,624",,,teledyne technologies,TYZ.SG,TELEDYNE TECHNOLOGIES INC.
ESML,iShares MSCI USA Small-Cap ESG Optimized ETF,31/08/18,Aerospace & Defense — 2.2%,Wesco Aircraft Holdings Inc.,607,"7,375","2,51,834",,wesco aircraft,WESCO2,WESCO AIRCRAFT HOLDINGS INC.
ESML,iShares MSCI USA Small-Cap ESG Optimized ETF,31/08/18,Air Freight & Logistics — 0.2%,Echo Global Logistics Inc.,256,"8,499",,,echo global logistics,ECHOG3,ECHO GLOBAL LOGISTICS INC.
ESML,iShares MSCI USA Small-Cap ESG Optimized ETF,31/08/18,Air Freight & Logistics — 0.2%,"Hub Group Inc., Class A",232,"12,261","20,760",,hub,HUBG,"HUB GROUP INC., CLASS A"
ESML,iShares MSCI USA Small-Cap ESG Optimized ETF,31/08/18,Auto Components — 1.1%,Adient PLC,137,"5,931",,,adient,ADNT,ADIENT PLC
ESML,iShares MSCI USA Small-Cap ESG Optimized ETF,31/08/18,Auto Components — 1.1%,American Axle & Manufacturing Holdings Inc.,447,"7,916",,,american axle and manufacturing,AXL,AMERICAN AXLE & MANUFACTURING HOLDINGS INC.
ESML,iShares MSCI USA Small-Cap ESG Optimized ETF,31/08/18,Auto Components — 1.1%,Cooper-Standard Holdings Inc.,82,"11,351",,,cooper standard,CPS,COOPER-STANDARD HOLDINGS INC.
ESML,iShares MSCI USA Small-Cap ESG Optimized ETF,31/08/18,Auto Components — 1.1%,Dana Inc.,283,"5,538",,,dana,4DH.F,DANA INC.
ESML,iShares MSCI USA Small-Cap ESG Optimized ETF,31/08/18,Auto Components — 1.1%,Delphi Technologies PLC,141,"4,968",,,delphi technologies,DELPH2,DELPHI TECHNOLOGIES PLC
ESML,iShares MSCI USA Small-Cap ESG Optimized ETF,31/08/18,Auto Components — 1.1%,Dorman Products Inc.,96,"7,774",,,dorman products,DORM,DORMAN PRODUCTS INC.
ESML,iShares MSCI USA Small-Cap ESG Optimized ETF,31/08/18,Auto Components — 1.1%,Fox Factory Holding Corp.,109,"7,200",,,fox factory holding,FOXF,FOX FACTORY HOLDING CORP.
ESML,iShares MSCI USA Small-Cap ESG Optimized ETF,31/08/18,Auto Components — 1.1%,Gentex Corp.,490,"11,456",,,gentex,GNTX,GENTEX CORP.
ESML,iShares MSCI USA Small-Cap ESG Optimized ETF,31/08/18,Auto Components — 1.1%,Gentherm Inc.,186,"9,151",,,gentherm,THRM,GENTHERM INC.
ESML,iShares MSCI USA Small-Cap ESG Optimized ETF,31/08/18,Auto Components — 1.1%,LCI Industries,60,"5,577",,,lci industries,LCII,LCI INDUSTRIES
ESML,iShares MSCI USA Small-Cap ESG Optimized ETF,31/08/18,Auto Components — 1.1%,Modine Manufacturing Co.,459,"7,734",,,modine manufacturing,MOD,MODINE MANUFACTURING CO.
ESML,iShares MSCI USA Small-Cap ESG Optimized ETF,31/08/18,Auto Components — 1.1%,Tenneco Inc.,389,"16,645",,,tenneco,TENNE,TENNECO INC.
ESML,iShares MSCI USA Small-Cap ESG Optimized ETF,31/08/18,Auto Components — 1.1%,Veoneer Inc.,232,"11,586",,,veoneer,VEONE,VEONEER INC.
ESML,iShares MSCI USA Small-Cap ESG Optimized ETF,31/08/18,Auto Components — 1.1%,Visteon Corp.,112,"12,364","1,25,191",,visteon,VC,VISTEON CORP.
ESML,iShares MSCI USA Small-Cap ESG Optimized ETF,31/08/18,Automobiles — 0.1%,Thor Industries Inc.,103,"9,830","9,830",,thor industries,THO,THOR INDUSTRIES INC.
ESML,iShares MSCI USA Small-Cap ESG Optimized ETF,31/08/18,Banks — 8.1%,Ameris Bancorp.,163,"8,093",,,ameris bancorp,ABCB,AMERIS BANCORP.
ESML,iShares MSCI USA Small-Cap ESG Optimized ETF,31/08/18,Banks — 8.1%,BancFirst Corp.,163,"10,399",,,bancfirst,BF1.F,BANCFIRST CORP.
ESML,iShares MSCI USA Small-Cap ESG Optimized ETF,31/08/18,Banks — 8.1%,BancorpSouth Bank,720,"25,056",,,bancorpsouth bank,BANCO7,BANCORPSOUTH BANK
ESML,iShares MSCI USA Small-Cap ESG Optimized ETF,31/08/18,Banks — 8.1%,Bank of Hawaii Corp.,567,"47,135",,,bank of hawaii,BOH,BANK OF HAWAII CORP.
ESML,iShares MSCI USA Small-Cap ESG Optimized ETF,31/08/18,Banks — 8.1%,Bank OZK,400,"16,184",,,bank ozk,OZK,BANK OZK
ESML,iShares MSCI USA Small-Cap ESG Optimized ETF,31/08/18,Banks — 8.1%,BankUnited Inc.,360,"13,964",,,bankunited,BKU,BANKUNITED INC.
ESML,iShares MSCI USA Small-Cap ESG Optimized ETF,31/08/18,Banks — 8.1%,Banner Corp.,164,"10,550",,,banner,BANR,BANNER CORP.
ESML,iShares MSCI USA Small-Cap ESG Optimized ETF,31/08/18,Banks — 8.1%,BOK Financial Corp.,77,"7,896",,,bok financial,BJR.F,BOK FINANCIAL CORP.
ESML,iShares MSCI USA Small-Cap ESG Optimized ETF,31/08/18,Banks — 8.1%,Bryn Mawr Bank Corp.,115,"5,612",,,bryn mawr bank,BRYNM,BRYN MAWR BANK CORP.
ESML,iShares MSCI USA Small-Cap ESG Optimized ETF,31/08/18,Banks — 8.1%,Cadence BanCorp,202,"5,707",,,cadence bancorp,CADEN3,CADENCE BANCORP
ESML,iShares MSCI USA Small-Cap ESG Optimized ETF,31/08/18,Banks — 8.1%,Chemical Financial Corp.,280,"15,994",,,chemical financial,CHEMI,CHEMICAL FINANCIAL CORP.
ESML,iShares MSCI USA Small-Cap ESG Optimized ETF,31/08/18,Banks — 8.1%,Columbia Banking System Inc.,350,"14,788",,,columbia banking system,COLB,COLUMBIA BANKING SYSTEM INC.
ESML,iShares MSCI USA Small-Cap ESG Optimized ETF,31/08/19,Banks — 8.1%,Commerce Bancshares Inc./MO,79,"5,614",,,commerce bancshares mo,COMME3,COMMERCE BANCSHARES INC./MO
ESML,iShares MSCI USA Small-Cap ESG Optimized ETF,31/08/18,Banks — 8.1%,Community Trust Bancorp. Inc.,112,"5,533",,,community trust bancorp,CTBI,COMMUNITY TRUST BANCORP. INC.
ESML,iShares MSCI USA Small-Cap ESG Optimized ETF,31/08/18,Banks — 8.1%,Cullen/Frost Bankers Inc.,382,"42,360",,,cullen frost bankers,CFR,CULLEN/FROST BANKERS INC.
ESML,iShares MSCI USA Small-Cap ESG Optimized ETF,31/08/18,Banks — 8.1%,CVB Financial Corp.,860,"20,683",,,cvb financial,CVBF,CVB FINANCIAL CORP.
ESML,iShares MSCI USA Small-Cap ESG Optimized ETF,31/08/18,Banks — 8.1%,"FCB Financial Holdings Inc., Class A",168,"8,702",,,fcb financial,FCBFI,"FCB FINANCIAL HOLDINGS INC., CLASS A"
ESML,iShares MSCI USA Small-Cap ESG Optimized ETF,31/08/18,Banks — 8.1%,First Financial Bancorp.,760,"23,864",,,first financial bancorp,FFBC,FIRST FINANCIAL BANCORP.
ESML,iShares MSCI USA Small-Cap ESG Optimized ETF,31/08/19,Banks — 8.1%,First Financial Bankshares Inc.,549,"33,160",,,first financial bankshares,FFIN,FIRST FINANCIAL BANKSHARES INC.
ESML,iShares MSCI USA Small-Cap ESG Optimized ETF,31/08/20,Banks — 8.1%,First Hawaiian Inc.,186,"5,392",,,first hawaiian,FHB,FIRST HAWAIIAN INC.
ESML,iShares MSCI USA Small-Cap ESG Optimized ETF,31/08/18,Banks — 8.1%,"First Interstate BancSystem Inc., Class A",392,"18,208",,,first interstate bancsystem,FIBK,"FIRST INTERSTATE BANCSYSTEM INC., CLASS A"
ESML,iShares MSCI USA Small-Cap ESG Optimized ETF,31/08/18,Banks — 8.1%,Fulton Financial Corp.,"1,815","33,033",,,fulton financial,FULT,FULTON FINANCIAL CORP.
ESML,iShares MSCI USA Small-Cap ESG Optimized ETF,31/08/18,Banks — 8.1%,Glacier Bancorp. Inc.,294,"13,430",,,glacier bancorp,GBCI,GLACIER BANCORP. INC.
ESML,iShares MSCI USA Small-Cap ESG Optimized ETF,31/08/18,Banks — 8.1%,Great Western Bancorp. Inc.,612,"26,647",,,great western bancorp,GREAT2,GREAT WESTERN BANCORP. INC.
ESML,iShares MSCI USA Small-Cap ESG Optimized ETF,31/08/18,Banks — 8.1%,Guaranty Bancorp.,181,"5,656",,,guaranty bancorp,GUARA,GUARANTY BANCORP.
ESML,iShares MSCI USA Small-Cap ESG Optimized ETF,31/08/18,Banks — 8.1%,Hancock Whitney Corp.,193,"9,949",,,hancock whitney,HWC,HANCOCK WHITNEY CORP.
ESML,iShares MSCI USA Small-Cap ESG Optimized ETF,31/08/18,Banks — 8.1%,Heartland Financial USA Inc.,153,"9,302",,,heartland financial usa,HEART,HEARTLAND FINANCIAL USA INC.
ESML,iShares MSCI USA Small-Cap ESG Optimized ETF,31/08/18,Banks — 8.1%,Heritage Financial Corp./WA,198,"7,187",,,heritage financial wa,HERIT,HERITAGE FINANCIAL CORP./WA
ESML,iShares MSCI USA Small-Cap ESG Optimized ETF,31/08/18,Banks — 8.1%,HomeTrust Bancshares Inc.(a),291,"8,381",,,hometrust bancshares a,HOMET,HOMETRUST BANCSHARES INC.(A)
ESML,iShares MSCI USA Small-Cap ESG Optimized ETF,31/08/18,Banks — 8.1%,Independent Bank Corp./Rockland MA,73,"6,650",,,independent bank rockland ma,INDEP,INDEPENDENT BANK CORP./ROCKLAND MA
ESML,iShares MSCI USA Small-Cap ESG Optimized ETF,31/08/19,Banks — 8.1%,International Bancshares Corp.,"1,027","48,115",,,international bancshares,IBOC,INTERNATIONAL BANCSHARES CORP.
ESML,iShares MSCI USA Small-Cap ESG Optimized ETF,31/08/20,Banks — 8.1%,Investors Bancorp. Inc.,"1,959","25,075",,,investors bancorp,CIBN,INVESTORS BANCORP. INC.
ESML,iShares MSCI USA Small-Cap ESG Optimized ETF,31/08/21,Banks — 8.1%,LegacyTexas Financial Group Inc.,235,"10,873",,,legacytexas financial,LEGAC,LEGACYTEXAS FINANCIAL GROUP INC.
ESML,iShares MSCI USA Small-Cap ESG Optimized ETF,31/08/22,Banks — 8.1%,Live Oak Bancshares Inc.,188,"5,687",,,live oak bancshares,LOB,LIVE OAK BANCSHARES INC.
ESML,iShares MSCI USA Small-Cap ESG Optimized ETF,31/08/18,Banks — 8.1%,MB Financial Inc.,426,"20,644",,,mb financial,MBFIN,MB FINANCIAL INC.
ESML,iShares MSCI USA Small-Cap ESG Optimized ETF,31/08/18,Banks — 8.1%,"National Bank Holdings Corp., Class A",344,"13,812",,,national bank,NB9.F,"NATIONAL BANK HOLDINGS CORP., CLASS A"
ESML,iShares MSCI USA Small-Cap ESG Optimized ETF,31/08/18,Banks — 8.1%,NBT Bancorp. Inc.,140,"5,667",,,nbt bancorp,NBTB,NBT BANCORP. INC.
ESML,iShares MSCI USA Small-Cap ESG Optimized ETF,31/08/19,Banks — 8.1%,Old Line Bancshares Inc.,212,"7,250",,,old line bancshares,OLDLI,OLD LINE BANCSHARES INC.
ESML,iShares MSCI USA Small-Cap ESG Optimized ETF,31/08/20,Banks — 8.1%,Opus Bank,312,"8,845",,,opus bank,OPUSB,OPUS BANK
ESML,iShares MSCI USA Small-Cap ESG Optimized ETF,31/08/21,Banks — 8.1%,PacWest Bancorp.,227,"11,461",,,pacwest bancorp,PACWE,PACWEST BANCORP.
ESML,iShares MSCI USA Small-Cap ESG Optimized ETF,31/08/22,Banks — 8.1%,Pinnacle Financial Partners Inc.,401,"25,885",,,pinnacle financial partners,PNFP,PINNACLE FINANCIAL PARTNERS INC.
ESML,iShares MSCI USA Small-Cap ESG Optimized ETF,31/08/23,Banks — 8.1%,Popular Inc.,288,"14,498",,,popular,BPOP,POPULAR INC.
ESML,iShares MSCI USA Small-Cap ESG Optimized ETF,31/08/24,Banks — 8.1%,QCR Holdings Inc.,180,"7,830",,,qcr,QCRH,QCR HOLDINGS INC.
ESML,iShares MSCI USA Small-Cap ESG Optimized ETF,31/08/25,Banks — 8.1%,ServisFirst Bancshares Inc.,174,"7,499",,,servisfirst bancshares,SFBS,SERVISFIRST BANCSHARES INC.
ESML,iShares MSCI USA Small-Cap ESG Optimized ETF,31/08/26,Banks — 8.1%,"Simmons First National Corp., Class A",543,"17,159",,,simmons first national,SN9.F,"SIMMONS FIRST NATIONAL CORP., CLASS A"
ESML,iShares MSCI USA Small-Cap ESG Optimized ETF,31/08/27,Banks — 8.1%,South State Corp.,155,"12,780",,,south state,SOUTH2,SOUTH STATE CORP.
ESML,iShares MSCI USA Small-Cap ESG Optimized ETF,31/08/28,Banks — 8.1%,State Bank Financial Corp.,620,"20,200",,,state bank financial,STATE2,STATE BANK FINANCIAL CORP.
ESML,iShares MSCI USA Small-Cap ESG Optimized ETF,31/08/29,Banks — 8.1%,Sterling Bancorp./DE,472,"10,785",,,sterling bancorp de,STERL,STERLING BANCORP./DE
ESML,iShares MSCI USA Small-Cap ESG Optimized ETF,31/08/30,Banks — 8.1%,Texas Capital Bancshares Inc.(a),233,"20,714",,,texas capital bancshares a,TEXAS,TEXAS CAPITAL BANCSHARES INC.(A)
ESML,iShares MSCI USA Small-Cap ESG Optimized ETF,31/08/31,Banks — 8.1%,TriState Capital Holdings Inc.,265,"7,884",,,tristate capital,TRIST,TRISTATE CAPITAL HOLDINGS INC.
ESML,iShares MSCI USA Small-Cap ESG Optimized ETF,31/08/32,Banks — 8.1%,Triumph Bancorp. Inc.,140,"5,943",,,triumph bancorp,2THA.SG,TRIUMPH BANCORP. INC.
ESML,iShares MSCI USA Small-Cap ESG Optimized ETF,31/08/33,Banks — 8.1%,Trustmark Corp.,276,"9,792",,,trustmark,TT4.F,TRUSTMARK CORP.
ESML,iShares MSCI USA Small-Cap ESG Optimized ETF,31/08/34,Banks — 8.1%,UMB Financial Corp.,167,"12,565",,,umb financial,UMBF,UMB FINANCIAL CORP.
ESML,iShares MSCI USA Small-Cap ESG Optimized ETF,31/08/35,Banks — 8.1%,Umpqua Holdings Corp.,959,"20,523",,,umpqua,UMPQU,UMPQUA HOLDINGS CORP.
ESML,iShares MSCI USA Small-Cap ESG Optimized ETF,31/08/36,Banks — 8.1%,Union Bankshares Corp.,264,"10,982",,,union bankshares,AUB,UNION BANKSHARES CORP.
ESML,iShares MSCI USA Small-Cap ESG Optimized ETF,31/08/37,Banks — 8.1%,Univest Corp. of Pennsylvania,194,"5,529",,,univest of pennsylvania,UNIVE2,UNIVEST CORP. OF PENNSYLVANIA
ESML,iShares MSCI USA Small-Cap ESG Optimized ETF,31/08/38,Banks — 8.1%,Webster Financial Corp.,354,"23,145",,,webster financial,WBS,WEBSTER FINANCIAL CORP.
ESML,iShares MSCI USA Small-Cap ESG Optimized ETF,31/08/39,Banks — 8.1%,Westamerica Bancorp.,170,"10,885",,,westamerica bancorp,WABC,WESTAMERICA BANCORP.
ESML,iShares MSCI USA Small-Cap ESG Optimized ETF,31/08/18,Banks — 8.1%,Western Alliance Bancorp.,578,"33,322",,,western alliance bancorp,WEA.SG,WESTERN ALLIANCE BANCORP.
ESML,iShares MSCI USA Small-Cap ESG Optimized ETF,31/08/18,Banks — 8.1%,Wintrust Financial Corp.,291,"25,768","9,26,246",,wintrust financial,WTFC,WINTRUST FINANCIAL CORP.
ESML,iShares MSCI USA Small-Cap ESG Optimized ETF,31/08/18,Biotechnology — 5.0%,ACADIA Pharmaceuticals Inc.,526,"7,480",,,acadia pharmaceuticals,ACAD,ACADIA PHARMACEUTICALS INC.
ESML,iShares MSCI USA Small-Cap ESG Optimized ETF,31/08/18,Biotechnology — 5.0%,Acceleron Pharma Inc.,162,"8,751",,,acceleron pharma,ACCEL,ACCELERON PHARMA INC.
ESML,iShares MSCI USA Small-Cap ESG Optimized ETF,31/08/18,Biotechnology — 5.0%,Agios Pharmaceuticals Inc.,159,"12,834",,,agios pharmaceuticals,AGIO,AGIOS PHARMACEUTICALS INC.
ESML,iShares MSCI USA Small-Cap ESG Optimized ETF,31/08/18,Biotechnology — 5.0%,Aimmune Therapeutics Inc.,209,"5,833",,,aimmune therapeutics,AIMMU,AIMMUNE THERAPEUTICS INC.
ESML,iShares MSCI USA Small-Cap ESG Optimized ETF,31/08/18,Biotechnology — 5.0%,Alder Biopharmaceuticals Inc. (a)(b),299,"5,412",,,alder biopharmaceuticals a b,ALDER,ALDER BIOPHARMACEUTICALS INC. (A)(B)
ESML,iShares MSCI USA Small-Cap ESG Optimized ETF,31/08/18,Biotechnology — 5.0%,AMAG Pharmaceuticals Inc. (a)(b),226,"5,514",,,amag pharmaceuticals a b,AMAGP,AMAG PHARMACEUTICALS INC. (A)(B)
ESML,iShares MSCI USA Small-Cap ESG Optimized ETF,31/08/18,Biotechnology — 5.0%,Amicus Therapeutics Inc.,607,"8,182",,,amicus therapeutics,FOLD,AMICUS THERAPEUTICS INC.
ESML,iShares MSCI USA Small-Cap ESG Optimized ETF,31/08/18,Biotechnology — 5.0%,AnaptysBio Inc.,69,"6,116",,,anaptysbio,ANAB,ANAPTYSBIO INC.
ESML,iShares MSCI USA Small-Cap ESG Optimized ETF,31/08/18,Biotechnology — 5.0%,Arena Pharmaceuticals Inc.,156,"6,059",,,arena pharmaceuticals,ARENA,ARENA PHARMACEUTICALS INC.
ESML,iShares MSCI USA Small-Cap ESG Optimized ETF,31/08/18,Biotechnology — 5.0%,Array BioPharma Inc.,593,"9,233",,,array biopharma,ARRAY,ARRAY BIOPHARMA INC.
ESML,iShares MSCI USA Small-Cap ESG Optimized ETF,31/08/18,Biotechnology — 5.0%,Atara Biotherapeutics Inc. (a)(b),154,"6,306",,,atara biotherapeutics a b,ATARA,ATARA BIOTHERAPEUTICS INC. (A)(B)
ESML,iShares MSCI USA Small-Cap ESG Optimized ETF,31/08/18,Biotechnology — 5.0%,Audentes Therapeutics Inc.,163,"5,933",,,audentes therapeutics,AUDEN,AUDENTES THERAPEUTICS INC.
ESML,iShares MSCI USA Small-Cap ESG Optimized ETF,31/08/18,Biotechnology — 5.0%,BioCryst Pharmaceuticals Inc.,797,"5,707",,,biocryst pharmaceuticals,BCRX,BIOCRYST PHARMACEUTICALS INC.
ESML,iShares MSCI USA Small-Cap ESG Optimized ETF,31/08/18,Biotechnology — 5.0%,Bluebird Bio Inc.,167,"28,106",,,bluebird bio,BLUEB,BLUEBIRD BIO INC.
ESML,iShares MSCI USA Small-Cap ESG Optimized ETF,31/08/18,Biotechnology — 5.0%,Blueprint Medicines Corp.,119,"9,124",,,blueprint medicines,BLUEP,BLUEPRINT MEDICINES CORP.
ESML,iShares MSCI USA Small-Cap ESG Optimized ETF,31/08/18,Biotechnology — 5.0%,Clovis Oncology Inc. (a)(b),157,"5,613",,,clovis oncology a b,CLOVI,CLOVIS ONCOLOGY INC. (A)(B)
ESML,iShares MSCI USA Small-Cap ESG Optimized ETF,31/08/18,Biotechnology — 5.0%,Coherus Biosciences Inc.,292,"5,884",,,coherus biosciences,8C5.SG,COHERUS BIOSCIENCES INC.
ESML,iShares MSCI USA Small-Cap ESG Optimized ETF,31/08/18,Biotechnology — 5.0%,Denali Therapeutics Inc.,352,"6,910",,,denali therapeutics,DNLI,DENALI THERAPEUTICS INC.
ESML,iShares MSCI USA Small-Cap ESG Optimized ETF,31/08/18,Biotechnology — 5.0%,Eagle Pharmaceuticals Inc./DE,72,"4,977",,,eagle pharmaceuticals de,EAGLE,EAGLE PHARMACEUTICALS INC./DE
ESML,iShares MSCI USA Small-Cap ESG Optimized ETF,31/08/18,Biotechnology — 5.0%,Editas Medicine Inc. (a)(b),181,"5,942",,,editas medicine a b,EDITA,EDITAS MEDICINE INC. (A)(B)
ESML,iShares MSCI USA Small-Cap ESG Optimized ETF,31/08/18,Biotechnology — 5.0%,Emergent BioSolutions Inc.,99,"6,138",,,emergent biosolutions,EBS,EMERGENT BIOSOLUTIONS INC.
ESML,iShares MSCI USA Small-Cap ESG Optimized ETF,31/08/18,Biotechnology — 5.0%,Enanta Pharmaceuticals Inc.,61,"5,547",,,enanta pharmaceuticals,ENTA,ENANTA PHARMACEUTICALS INC.
ESML,iShares MSCI USA Small-Cap ESG Optimized ETF,31/08/18,Biotechnology — 5.0%,Esperion Therapeutics Inc.,115,"5,691",,,esperion therapeutics,ESPR,ESPERION THERAPEUTICS INC.
ESML,iShares MSCI USA Small-Cap ESG Optimized ETF,31/08/18,Biotechnology — 5.0%,Exact Sciences Corp.,295,"22,093",,,exact sciences,EXAS,EXACT SCIENCES CORP.
ESML,iShares MSCI USA Small-Cap ESG Optimized ETF,31/08/18,Biotechnology — 5.0%,Exelixis Inc.,690,"12,965",,,exelixis,EXEL,EXELIXIS INC.
ESML,iShares MSCI USA Small-Cap ESG Optimized ETF,31/08/18,Biotechnology — 5.0%,FibroGen Inc.,257,"15,716",,,fibrogen,FGEN,FIBROGEN INC.
ESML,iShares MSCI USA Small-Cap ESG Optimized ETF,31/08/18,Biotechnology — 5.0%,Flexion Therapeutics Inc.,265,"6,068",,,flexion therapeutics,FLEXI,FLEXION THERAPEUTICS INC.
ESML,iShares MSCI USA Small-Cap ESG Optimized ETF,31/08/18,Biotechnology — 5.0%,G1 Therapeutics Inc.,98,"5,947",,,g1 therapeutics,GTHER,G1 THERAPEUTICS INC.
ESML,iShares MSCI USA Small-Cap ESG Optimized ETF,31/08/18,Biotechnology — 5.0%,Global Blood Therapeutics Inc.,158,"7,734",,,global blood therapeutics,GLOBA3,GLOBAL BLOOD THERAPEUTICS INC.
ESML,iShares MSCI USA Small-Cap ESG Optimized ETF,31/08/18,Biotechnology — 5.0%,Halozyme Therapeutics Inc.,411,"7,567",,,halozyme therapeutics,HALO,HALOZYME THERAPEUTICS INC.
ESML,iShares MSCI USA Small-Cap ESG Optimized ETF,31/08/18,Biotechnology — 5.0%,Heron Therapeutics Inc.,150,"5,783",,,heron therapeutics,HRTX,HERON THERAPEUTICS INC.
ESML,iShares MSCI USA Small-Cap ESG Optimized ETF,31/08/18,Biotechnology — 5.0%,ImmunoGen Inc.,611,"6,226",,,immunogen,IMMUN,IMMUNOGEN INC.
ESML,iShares MSCI USA Small-Cap ESG Optimized ETF,31/08/18,Biotechnology — 5.0%,Immunomedics Inc.,353,"9,446",,,immunomedics,IMMUN2,IMMUNOMEDICS INC.
ESML,iShares MSCI USA Small-Cap ESG Optimized ETF,31/08/18,Biotechnology — 5.0%,Insmed Inc. (a)(b),310,"6,178",,,insmed a b,INSME,INSMED INC. (A)(B)
ESML,iShares MSCI USA Small-Cap ESG Optimized ETF,31/08/18,Biotechnology — 5.0%,Intercept Pharmaceuticals Inc.,56,"6,261",,,intercept pharmaceuticals,INTER5,INTERCEPT PHARMACEUTICALS INC.
ESML,iShares MSCI USA Small-Cap ESG Optimized ETF,31/08/18,Biotechnology — 5.0%,Ionis Pharmaceuticals Inc.,329,"15,032",,,ionis pharmaceuticals,IONS,IONIS PHARMACEUTICALS INC.
ESML,iShares MSCI USA Small-Cap ESG Optimized ETF,31/08/18,Biotechnology — 5.0%,Iovance Biotherapeutics Inc.,410,"7,257",,,iovance biotherapeutics,IOVA,IOVANCE BIOTHERAPEUTICS INC.
ESML,iShares MSCI USA Small-Cap ESG Optimized ETF,31/08/18,Biotechnology — 5.0%,Ironwood Pharmaceuticals Inc.,414,"7,965",,,ironwood pharmaceuticals,IRWD,IRONWOOD PHARMACEUTICALS INC.
ESML,iShares MSCI USA Small-Cap ESG Optimized ETF,31/08/18,Biotechnology — 5.0%,Karyopharm Therapeutics Inc.,315,"6,631",,,karyopharm therapeutics,KPTI,KARYOPHARM THERAPEUTICS INC.
ESML,iShares MSCI USA Small-Cap ESG Optimized ETF,31/08/18,Biotechnology — 5.0%,Ligand Pharmaceuticals Inc.,68,"17,659",,,ligand pharmaceuticals,LGDN.SG,LIGAND PHARMACEUTICALS INC.
ESML,iShares MSCI USA Small-Cap ESG Optimized ETF,31/08/18,Biotechnology — 5.0%,Loxo Oncology Inc.,69,"11,660",,,loxo oncology,LOXOO,LOXO ONCOLOGY INC.
ESML,iShares MSCI USA Small-Cap ESG Optimized ETF,31/08/18,Biotechnology — 5.0%,Madrigal Pharmaceuticals Inc.,23,"5,502",,,madrigal pharmaceuticals,MDGL,MADRIGAL PHARMACEUTICALS INC.
ESML,iShares MSCI USA Small-Cap ESG Optimized ETF,31/08/18,Biotechnology — 5.0%,MiMedx Group Inc. (a)(b),"1,457","7,722",,,mimedx a b,MIMED,MIMEDX GROUP INC. (A)(B)
ESML,iShares MSCI USA Small-Cap ESG Optimized ETF,31/08/18,Biotechnology — 5.0%,Mirati Therapeutics Inc.,100,"5,655",,,mirati therapeutics,MIRAT,MIRATI THERAPEUTICS INC.
ESML,iShares MSCI USA Small-Cap ESG Optimized ETF,31/08/18,Biotechnology — 5.0%,Momenta Pharmaceuticals Inc.,202,"5,353",,,momenta pharmaceuticals,MOMEN,MOMENTA PHARMACEUTICALS INC.
ESML,iShares MSCI USA Small-Cap ESG Optimized ETF,31/08/18,Biotechnology — 5.0%,Neurocrine Biosciences Inc.,244,"30,000",,,neurocrine biosciences,NBIX,NEUROCRINE BIOSCIENCES INC.
ESML,iShares MSCI USA Small-Cap ESG Optimized ETF,31/08/18,Biotechnology — 5.0%,OPKO Health Inc. (a)(b),"1,543","9,135",,,opko health a b,OPKOH,OPKO HEALTH INC. (A)(B)
ESML,iShares MSCI USA Small-Cap ESG Optimized ETF,31/08/18,Biotechnology — 5.0%,Progenics Pharmaceuticals Inc.,717,"5,614",,,progenics pharmaceuticals,PROGE,PROGENICS PHARMACEUTICALS INC.
ESML,iShares MSCI USA Small-Cap ESG Optimized ETF,31/08/18,Biotechnology — 5.0%,PTC Therapeutics Inc.,130,"5,426",,,ptc therapeutics,PTCT,PTC THERAPEUTICS INC.
ESML,iShares MSCI USA Small-Cap ESG Optimized ETF,31/08/18,Biotechnology — 5.0%,Puma Biotechnology Inc. (a)(b),132,"5,801",,,puma biotechnology a b,PUMAB,PUMA BIOTECHNOLOGY INC. (A)(B)
ESML,iShares MSCI USA Small-Cap ESG Optimized ETF,31/08/18,Biotechnology — 5.0%,REGENXBIO Inc.,85,"5,988",,,regenxbio,RGNX,REGENXBIO INC.
ESML,iShares MSCI USA Small-Cap ESG Optimized ETF,31/08/18,Biotechnology — 5.0%,Repligen Corp.,238,"13,061",,,repligen,RGEN,REPLIGEN CORP.
ESML,iShares MSCI USA Small-Cap ESG Optimized ETF,31/08/18,Biotechnology — 5.0%,Sage Therapeutics Inc.,140,"22,996",,,sage therapeutics,SAGET,SAGE THERAPEUTICS INC.
ESML,iShares MSCI USA Small-Cap ESG Optimized ETF,31/08/18,Biotechnology — 5.0%,Sangamo Therapeutics Inc.,358,"6,533",,,sangamo therapeutics,SGMO,SANGAMO THERAPEUTICS INC.
ESML,iShares MSCI USA Small-Cap ESG Optimized ETF,31/08/18,Biotechnology — 5.0%,Sarepta Therapeutics Inc.,217,"29,955",,,sarepta therapeutics,SRPT,SAREPTA THERAPEUTICS INC.
ESML,iShares MSCI USA Small-Cap ESG Optimized ETF,31/08/18,Biotechnology — 5.0%,Spark Therapeutics Inc. (a)(b),147,"9,057",,,spark therapeutics a b,SPARK,SPARK THERAPEUTICS INC. (A)(B)
ESML,iShares MSCI USA Small-Cap ESG Optimized ETF,31/08/18,Biotechnology — 5.0%,Spectrum Pharmaceuticals Inc.,243,"5,232",,,spectrum pharmaceuticals,SPECT,SPECTRUM PHARMACEUTICALS INC.
ESML,iShares MSCI USA Small-Cap ESG Optimized ETF,31/08/18,Biotechnology — 5.0%,TESARO Inc.,236,"7,658",,,tesaro,TESAR,TESARO INC.
ESML,iShares MSCI USA Small-Cap ESG Optimized ETF,31/08/18,Biotechnology — 5.0%,Ultragenyx Pharmaceutical Inc.,196,"16,607",,,ultragenyx pharmaceutical,RARE,ULTRAGENYX PHARMACEUTICAL INC.
ESML,iShares MSCI USA Small-Cap ESG Optimized ETF,31/08/18,Biotechnology — 5.0%,uniQure NV,148,"6,280",,,uniqure,UQ1.SG,UNIQURE NV
ESML,iShares MSCI USA Small-Cap ESG Optimized ETF,31/08/18,Biotechnology — 5.0%,Vanda Pharmaceuticals Inc.,265,"5,121",,,vanda pharmaceuticals,VNDA,VANDA PHARMACEUTICALS INC.
ESML,iShares MSCI USA Small-Cap ESG Optimized ETF,31/08/18,Biotechnology — 5.0%,ZIOPHARM Oncology Inc. (a)(b),"1,880","5,490","5,69,666",,ziopharm oncology a b,ZIOPH,ZIOPHARM ONCOLOGY INC. (A)(B)
ESML,iShares MSCI USA Small-Cap ESG Optimized ETF,31/08/18,Building Products — 0.6%,AAON Inc.,248,"10,019",,,aaon,AAON,AAON INC.
ESML,iShares MSCI USA Small-Cap ESG Optimized ETF,31/08/18,Building Products — 0.6%,Advanced Drainage Systems Inc.,317,"9,938",,,advanced drainage systems,WMS,ADVANCED DRAINAGE SYSTEMS INC.
ESML,iShares MSCI USA Small-Cap ESG Optimized ETF,31/08/18,Building Products — 0.6%,Armstrong Flooring Inc.,314,"5,498",,,armstrong flooring,AFIIQ,ARMSTRONG FLOORING INC.
ESML,iShares MSCI USA Small-Cap ESG Optimized ETF,31/08/18,Building Products — 0.6%,Armstrong World Industries Inc.,289,"20,172",,,armstrong world industries,AWI,ARMSTRONG WORLD INDUSTRIES INC.
ESML,iShares MSCI USA Small-Cap ESG Optimized ETF,31/08/18,Building Products — 0.6%,Builders FirstSource Inc.,537,"8,388",,,builders firstsource,BLDR,BUILDERS FIRSTSOURCE INC.
ESML,iShares MSCI USA Small-Cap ESG Optimized ETF,31/08/18,Building Products — 0.6%,Trex Co. Inc.,91,"7,708",,,trex,TREX,TREX CO. INC.
ESML,iShares MSCI USA Small-Cap ESG Optimized ETF,31/08/18,Building Products — 0.6%,USG Corp.,216,"9,310","71,033",,usg,USGCO,USG CORP.
ESML,iShares MSCI USA Small-Cap ESG Optimized ETF,31/08/18,Capital Markets — 1.9%,Donnelley Financial Solutions Inc.,313,"6,539",,,donnelley financial solutions,DFIN,DONNELLEY FINANCIAL SOLUTIONS INC.
ESML,iShares MSCI USA Small-Cap ESG Optimized ETF,31/08/18,Capital Markets — 1.9%,"Evercore Inc., Class A",136,"14,436",,,evercore,EVR,"EVERCORE INC., CLASS A"
ESML,iShares MSCI USA Small-Cap ESG Optimized ETF,31/08/18,Capital Markets — 1.9%,FactSet Research Systems Inc.,262,"60,100",,,factset research systems,FDS,FACTSET RESEARCH SYSTEMS INC.
ESML,iShares MSCI USA Small-Cap ESG Optimized ETF,31/08/18,Capital Markets — 1.9%,INTL. FCStone Inc.,140,"7,806",,,intl fcstone,INTLF,INTL. FCSTONE INC.
ESML,iShares MSCI USA Small-Cap ESG Optimized ETF,31/08/18,Capital Markets — 1.9%,Janus Henderson Group PLC,"1,587","44,833",,,janus henderson,JHG,JANUS HENDERSON GROUP PLC
ESML,iShares MSCI USA Small-Cap ESG Optimized ETF,31/08/18,Capital Markets — 1.9%,Legg Mason Inc.,852,"26,582",,,legg mason,LEGGM,LEGG MASON INC.
ESML,iShares MSCI USA Small-Cap ESG Optimized ETF,31/08/18,Capital Markets — 1.9%,LPL Financial Holdings Inc.,330,"21,859",,,lpl financial,LPLA,LPL FINANCIAL HOLDINGS INC.
ESML,iShares MSCI USA Small-Cap ESG Optimized ETF,31/08/18,Capital Markets — 1.9%,MarketAxess Holdings Inc.,89,"16,894",,,marketaxess,MKTX,MARKETAXESS HOLDINGS INC.
ESML,iShares MSCI USA Small-Cap ESG Optimized ETF,31/08/18,Capital Markets — 1.9%,"Moelis & Co., Class A",109,"6,328",,,moelis and,17M.F,"MOELIS & CO., CLASS A"
ESML,iShares MSCI USA Small-Cap ESG Optimized ETF,31/08/18,Capital Markets — 1.9%,Morningstar Inc.,83,"11,813",,,morningstar,MORN,MORNINGSTAR INC.
ESML,iShares MSCI USA Small-Cap ESG Optimized ETF,31/08/18,Capital Markets — 1.9%,"Virtu Financial Inc., Class A",261,"5,690","2,22,880",,virtu financial,VIRT,"VIRTU FINANCIAL INC., CLASS A"
ESML,iShares MSCI USA Small-Cap ESG Optimized ETF,31/08/18,Chemicals — 1.4%,Ferro Corp.,265,"5,817",,,ferro,FER.F,FERRO CORP.
ESML,iShares MSCI USA Small-Cap ESG Optimized ETF,31/08/18,Chemicals — 1.4%,HB Fuller Co.,358,"20,402",,,hb fuller,FUL,HB FULLER CO.
ESML,iShares MSCI USA Small-Cap ESG Optimized ETF,31/08/18,Chemicals — 1.4%,Huntsman Corp.,242,"7,379",,,huntsman,HTR.SG,HUNTSMAN CORP.
ESML,iShares MSCI USA Small-Cap ESG Optimized ETF,31/08/18,Chemicals — 1.4%,Ingevity Corp. (a)(b),65,"6,566",,,ingevity a b,INGEV,INGEVITY CORP. (A)(B)
ESML,iShares MSCI USA Small-Cap ESG Optimized ETF,31/08/18,Chemicals — 1.4%,Innospec Inc.,160,"12,416",,,innospec,IOSP,INNOSPEC INC.
ESML,iShares MSCI USA Small-Cap ESG Optimized ETF,31/08/18,Chemicals — 1.4%,Kraton Corp.,125,"5,879",,,kraton,KRATO,KRATON CORP.
ESML,iShares MSCI USA Small-Cap ESG Optimized ETF,31/08/18,Chemicals — 1.4%,Minerals Technologies Inc.,470,"31,560",,,minerals technologies,MTX,MINERALS TECHNOLOGIES INC.
ESML,iShares MSCI USA Small-Cap ESG Optimized ETF,31/08/18,Chemicals — 1.4%,Platform Specialty Products Corp.,441,"5,848",,,platform specialty products,PLATF,PLATFORM SPECIALTY PRODUCTS CORP.
ESML,iShares MSCI USA Small-Cap ESG Optimized ETF,31/08/18,Chemicals — 1.4%,PolyOne Corp.,126,"5,325",,,polyone,POLYO,POLYONE CORP.
ESML,iShares MSCI USA Small-Cap ESG Optimized ETF,31/08/18,Chemicals — 1.4%,RPM International Inc.,173,"11,677",,,rpm international,RPM,RPM INTERNATIONAL INC.
ESML,iShares MSCI USA Small-Cap ESG Optimized ETF,31/08/18,Chemicals — 1.4%,Scotts Miracle-Gro Co. (The),72,"5,380",,,scotts miracle gro the,SMG,SCOTTS MIRACLE-GRO CO. (THE)
ESML,iShares MSCI USA Small-Cap ESG Optimized ETF,31/08/18,Chemicals — 1.4%,Stepan Co.,95,"8,475",,,stepan,SCL,STEPAN CO.
ESML,iShares MSCI USA Small-Cap ESG Optimized ETF,31/08/18,Chemicals — 1.4%,Trinseo SA,241,"18,593",,,trinseo,TSE,TRINSEO SA
ESML,iShares MSCI USA Small-Cap ESG Optimized ETF,31/08/18,Chemicals — 1.4%,"Tronox Ltd., Class A",375,"6,071",,,tronox,TROX,"TRONOX LTD., CLASS A"
ESML,iShares MSCI USA Small-Cap ESG Optimized ETF,31/08/18,Chemicals — 1.4%,Valvoline Inc.,462,"9,942","1,61,330",,valvoline,VVV,VALVOLINE INC.
ESML,iShares MSCI USA Small-Cap ESG Optimized ETF,31/08/18,Commercial Services & Supplies — 3.1%,ABM Industries Inc.,391,"12,403",,,abm industries,ABM,ABM INDUSTRIES INC.
ESML,iShares MSCI USA Small-Cap ESG Optimized ETF,31/08/18,Commercial Services & Supplies — 3.1%,ACCO Brands Corp.,451,"5,592",,,acco brands,A3B.F,ACCO BRANDS CORP.
ESML,iShares MSCI USA Small-Cap ESG Optimized ETF,31/08/18,Commercial Services & Supplies — 3.1%,"Brady Corp., Class A, NVS",538,"21,762",,,brady,BRADY,"BRADY CORP., CLASS A, NVS"
ESML,iShares MSCI USA Small-Cap ESG Optimized ETF,31/08/18,Commercial Services & Supplies — 3.1%,Brink’s Co. (The),91,"6,834",,,brink s the,BCO,BRINK’S CO. (THE)
ESML,iShares MSCI USA Small-Cap ESG Optimized ETF,31/08/18,Commercial Services & Supplies — 3.1%,Cimpress NV,91,"12,740",,,cimpress,CIMPR,CIMPRESS NV
ESML,iShares MSCI USA Small-Cap ESG Optimized ETF,31/08/18,Commercial Services & Supplies — 3.1%,Clean Harbors Inc.,116,"7,956",,,clean harbors,CLH,CLEAN HARBORS INC.
ESML,iShares MSCI USA Small-Cap ESG Optimized ETF,31/08/18,Commercial Services & Supplies — 3.1%,Covanta Holding Corp.,708,"12,496",,,covanta holding,COVAN,COVANTA HOLDING CORP.
ESML,iShares MSCI USA Small-Cap ESG Optimized ETF,31/08/18,Commercial Services & Supplies — 3.1%,Deluxe Corp.,90,"5,330",,,deluxe,DLX,DELUXE CORP.
ESML,iShares MSCI USA Small-Cap ESG Optimized ETF,31/08/18,Commercial Services & Supplies — 3.1%,Essendant Inc.,362,"5,224",,,essendant,ESSEN,ESSENDANT INC.
ESML,iShares MSCI USA Small-Cap ESG Optimized ETF,31/08/18,Commercial Services & Supplies — 3.1%,Healthcare Services Group Inc.,324,"13,352",,,healthcare services,HCSG,HEALTHCARE SERVICES GROUP INC.
ESML,iShares MSCI USA Small-Cap ESG Optimized ETF,31/08/18,Commercial Services & Supplies — 3.1%,Herman Miller Inc.,393,"15,052",,,herman miller,MHR.SG,HERMAN MILLER INC.
ESML,iShares MSCI USA Small-Cap ESG Optimized ETF,31/08/18,Commercial Services & Supplies — 3.1%,HNI Corp.,130,"5,733",,,hni,HNI,HNI CORP.
ESML,iShares MSCI USA Small-Cap ESG Optimized ETF,31/08/18,Commercial Services & Supplies — 3.1%,Interface Inc.,439,"10,338",,,interface,TILE,INTERFACE INC.
ESML,iShares MSCI USA Small-Cap ESG Optimized ETF,31/08/18,Commercial Services & Supplies — 3.1%,KAR Auction Services Inc.,894,"56,045",,,kar auction services,KARAU,KAR AUCTION SERVICES INC.
ESML,iShares MSCI USA Small-Cap ESG Optimized ETF,31/08/18,Commercial Services & Supplies — 3.1%,Knoll Inc.,276,"6,497",,,knoll,KNOLL,KNOLL INC.
ESML,iShares MSCI USA Small-Cap ESG Optimized ETF,31/08/18,Commercial Services & Supplies — 3.1%,"Matthews International Corp., Class A",399,"20,708",,,matthews international,MATW,"MATTHEWS INTERNATIONAL CORP., CLASS A"
ESML,iShares MSCI USA Small-Cap ESG Optimized ETF,31/08/18,Commercial Services & Supplies — 3.1%,McGrath RentCorp.,172,"9,976",,,mcgrath rentcorp,MGRC,MCGRATH RENTCORP.
ESML,iShares MSCI USA Small-Cap ESG Optimized ETF,31/08/18,Commercial Services & Supplies — 3.1%,Mobile Mini Inc.,213,"9,138",,,mobile mini,MOBIL4,MOBILE MINI INC.
ESML,iShares MSCI USA Small-Cap ESG Optimized ETF,31/08/18,Commercial Services & Supplies — 3.1%,MSA Safety Inc.,94,"9,503",,,msa safety,MSA,MSA SAFETY INC.
ESML,iShares MSCI USA Small-Cap ESG Optimized ETF,31/08/18,Commercial Services & Supplies — 3.1%,Pitney Bowes Inc.,"1,872","13,591",,,pitney bowes,PBI,PITNEY BOWES INC.
ESML,iShares MSCI USA Small-Cap ESG Optimized ETF,31/08/18,Commercial Services & Supplies — 3.1%,Quad/Graphics Inc.,242,"5,510",,,quad graphics,QUAD,QUAD/GRAPHICS INC.
ESML,iShares MSCI USA Small-Cap ESG Optimized ETF,31/08/18,Commercial Services & Supplies — 3.1%,RR Donnelley & Sons Co.,"1,089","5,510",,,rr donnelley and sons,RRDON,RR DONNELLEY & SONS CO.
ESML,iShares MSCI USA Small-Cap ESG Optimized ETF,31/08/18,Commercial Services & Supplies — 3.1%,SP Plus Corp.,240,"9,336",,,sp plus,SPPLU,SP PLUS CORP.
ESML,iShares MSCI USA Small-Cap ESG Optimized ETF,31/08/18,Commercial Services & Supplies — 3.1%,"Steelcase Inc., Class A",521,"7,607",,,steelcase,SCS,"STEELCASE INC., CLASS A"
ESML,iShares MSCI USA Small-Cap ESG Optimized ETF,31/08/18,Commercial Services & Supplies — 3.1%,Team Inc.,280,"6,524",,,team,T9CA.SG,TEAM INC.
ESML,iShares MSCI USA Small-Cap ESG Optimized ETF,31/08/18,Commercial Services & Supplies — 3.1%,Tetra Tech Inc.,364,"25,407",,,tetra tech,TTEK,TETRA TECH INC.
ESML,iShares MSCI USA Small-Cap ESG Optimized ETF,31/08/18,Commercial Services & Supplies — 3.1%,UniFirst Corp./MA,117,"21,668",,,unifirst ma,UNIFI,UNIFIRST CORP./MA
ESML,iShares MSCI USA Small-Cap ESG Optimized ETF,31/08/18,Commercial Services & Supplies — 3.1%,Viad Corp.,221,"13,614","3,55,446",,viad,VIADC,VIAD CORP.
ESML,iShares MSCI USA Small-Cap ESG Optimized ETF,31/08/18,Communications Equipment — 1.2%,ADTRAN Inc.,408,"7,017",,,adtran,QH9.SG,ADTRAN INC.
ESML,iShares MSCI USA Small-Cap ESG Optimized ETF,31/08/18,Communications Equipment — 1.2%,ARRIS International PLC,446,"11,556",,,arris international,ARRIS,ARRIS INTERNATIONAL PLC
ESML,iShares MSCI USA Small-Cap ESG Optimized ETF,31/08/18,Communications Equipment — 1.2%,Ciena Corp.,739,"23,338",,,ciena,CIEN,CIENA CORP.
ESML,iShares MSCI USA Small-Cap ESG Optimized ETF,31/08/18,Communications Equipment — 1.2%,"EchoStar Corp., Class A",120,"5,760",,,echostar,SATS,"ECHOSTAR CORP., CLASS A"
ESML,iShares MSCI USA Small-Cap ESG Optimized ETF,31/08/18,Communications Equipment — 1.2%,Finisar Corp.,335,"6,834",,,finisar,FINIS,FINISAR CORP.
ESML,iShares MSCI USA Small-Cap ESG Optimized ETF,31/08/18,Communications Equipment — 1.2%,Infinera Corp.,652,"5,835",,,infinera,INFIN,INFINERA CORP.
ESML,iShares MSCI USA Small-Cap ESG Optimized ETF,31/08/18,Communications Equipment — 1.2%,InterDigital Inc./PA,156,"12,885",,,interdigital pa,INTER6,INTERDIGITAL INC./PA
ESML,iShares MSCI USA Small-Cap ESG Optimized ETF,31/08/18,Communications Equipment — 1.2%,Lumentum Holdings Inc.,222,"15,074",,,lumentum,LITE,LUMENTUM HOLDINGS INC.
ESML,iShares MSCI USA Small-Cap ESG Optimized ETF,31/08/18,Communications Equipment — 1.2%,NETGEAR Inc.,88,"6,235",,,netgear,NTGR,NETGEAR INC.
ESML,iShares MSCI USA Small-Cap ESG Optimized ETF,31/08/18,Communications Equipment — 1.2%,NetScout Systems Inc.,229,"5,725",,,netscout systems,NTCT,NETSCOUT SYSTEMS INC.
ESML,iShares MSCI USA Small-Cap ESG Optimized ETF,31/08/18,Communications Equipment — 1.2%,Oclaro Inc.,609,"5,810",,,oclaro,OCLAR,OCLARO INC.
ESML,iShares MSCI USA Small-Cap ESG Optimized ETF,31/08/18,Communications Equipment — 1.2%,Plantronics Inc.,254,"17,074",,,plantronics,PLANT,PLANTRONICS INC.
ESML,iShares MSCI USA Small-Cap ESG Optimized ETF,31/08/18,Communications Equipment — 1.2%,Ribbon Communications Inc.,714,"4,941",,,ribbon communications,RBBN,RIBBON COMMUNICATIONS INC.
ESML,iShares MSCI USA Small-Cap ESG Optimized ETF,31/08/18,Communications Equipment — 1.2%,Viavi Solutions Inc.,495,"5,544","1,33,628",,viavi solutions,VIAV,VIAVI SOLUTIONS INC.
ESML,iShares MSCI USA Small-Cap ESG Optimized ETF,31/08/18,Construction & Engineering — 1.6%,AECOM,"1,206","40,570",,,aecom,ACM,AECOM
ESML,iShares MSCI USA Small-Cap ESG Optimized ETF,31/08/18,Construction & Engineering — 1.6%,Aegion Corp.,223,"5,566",,,aegion,AEGIO,AEGION CORP.
ESML,iShares MSCI USA Small-Cap ESG Optimized ETF,31/08/18,Construction & Engineering — 1.6%,Argan Inc.,145,"5,771",,,argan,AGX,ARGAN INC.
ESML,iShares MSCI USA Small-Cap ESG Optimized ETF,31/08/18,Construction & Engineering — 1.6%,Comfort Systems USA Inc.,309,"17,737",,,comfort systems usa,FIX,COMFORT SYSTEMS USA INC.
ESML,iShares MSCI USA Small-Cap ESG Optimized ETF,31/08/18,Construction & Engineering — 1.6%,Dycom Industries Inc.,77,"6,461",,,dycom industries,DY,DYCOM INDUSTRIES INC.
ESML,iShares MSCI USA Small-Cap ESG Optimized ETF,31/08/18,Construction & Engineering — 1.6%,EMCOR Group Inc.,354,"28,355",,,emcor,EME,EMCOR GROUP INC.
ESML,iShares MSCI USA Small-Cap ESG Optimized ETF,31/08/18,Construction & Engineering — 1.6%,Granite Construction Inc.,252,"11,511",,,granite construction,GVA,GRANITE CONSTRUCTION INC.
ESML,iShares MSCI USA Small-Cap ESG Optimized ETF,31/08/18,Construction & Engineering — 1.6%,KBR Inc.,311,"6,525",,,kbr,KBR,KBR INC.
ESML,iShares MSCI USA Small-Cap ESG Optimized ETF,31/08/18,Construction & Engineering — 1.6%,MasTec Inc. (a)(b),135,"5,913",,,mastec a b,MASTE3,MASTEC INC. (A)(B)
ESML,iShares MSCI USA Small-Cap ESG Optimized ETF,31/08/18,Construction & Engineering — 1.6%,MYR Group Inc.,197,"6,850",,,myr,MYRG,MYR GROUP INC.
ESML,iShares MSCI USA Small-Cap ESG Optimized ETF,31/08/18,Construction & Engineering — 1.6%,Quanta Services Inc.,"1,070","37,011",,,quanta services,PWR,QUANTA SERVICES INC.
ESML,iShares MSCI USA Small-Cap ESG Optimized ETF,31/08/18,Construction & Engineering — 1.6%,Valmont Industries Inc.,89,"12,496","1,84,766",,valmont industries,VMI,VALMONT INDUSTRIES INC.
ESML,iShares MSCI USA Small-Cap ESG Optimized ETF,31/08/18,Construction Materials — 0.1%,"Summit Materials Inc., Class A",435,"9,253",,,summit materials,SUMMI,"SUMMIT MATERIALS INC., CLASS A"
ESML,iShares MSCI USA Small-Cap ESG Optimized ETF,31/08/18,Construction Materials — 0.1%,U.S. Concrete Inc.,137,"6,603","15,856",,u s concrete,USCON,U.S. CONCRETE INC.
ESML,iShares MSCI USA Small-Cap ESG Optimized ETF,31/08/18,Consumer Finance — 0.4%,Credit Acceptance Corp.,16,"7,307",,,credit acceptance,2D5.SG,CREDIT ACCEPTANCE CORP.
ESML,iShares MSCI USA Small-Cap ESG Optimized ETF,31/08/18,Consumer Finance — 0.4%,Encore Capital Group Inc.,179,"6,936",,,encore capital,ECPG,ENCORE CAPITAL GROUP INC.
ESML,iShares MSCI USA Small-Cap ESG Optimized ETF,31/08/18,Consumer Finance — 0.4%,"Green Dot Corp., Class A",124,"10,623",,,green dot,GDOT,"GREEN DOT CORP., CLASS A"
ESML,iShares MSCI USA Small-Cap ESG Optimized ETF,31/08/18,Consumer Finance — 0.4%,OneMain Holdings Inc.,156,"5,725",,,onemain,OMF,ONEMAIN HOLDINGS INC.
ESML,iShares MSCI USA Small-Cap ESG Optimized ETF,31/08/18,Consumer Finance — 0.4%,PRA Group Inc. (a)(b),299,"10,929",,,pra a b,PRAGR,PRA GROUP INC. (A)(B)
ESML,iShares MSCI USA Small-Cap ESG Optimized ETF,31/08/18,Consumer Finance — 0.4%,SLM Corp.,637,"7,466","48,986",,slm,SLM,SLM CORP.
ESML,iShares MSCI USA Small-Cap ESG Optimized ETF,31/08/18,Containers & Packaging — 1.0%,AptarGroup Inc.,310,"32,460",,,aptargroup,ATR,APTARGROUP INC.
ESML,iShares MSCI USA Small-Cap ESG Optimized ETF,31/08/18,Containers & Packaging — 1.0%,Bemis Co. Inc.,164,"8,082",,,bemis,BEMIS,BEMIS CO. INC.
ESML,iShares MSCI USA Small-Cap ESG Optimized ETF,31/08/18,Containers & Packaging — 1.0%,Berry Global Group Inc.,263,"12,553",,,berry global,BERRY,BERRY GLOBAL GROUP INC.
ESML,iShares MSCI USA Small-Cap ESG Optimized ETF,31/08/18,Containers & Packaging — 1.0%,"Greif Inc., Class A, NVS",155,"8,553",,,greif,GREIF,"GREIF INC., CLASS A, NVS"
ESML,iShares MSCI USA Small-Cap ESG Optimized ETF,31/08/18,Containers & Packaging — 1.0%,Owens-Illinois Inc.,"1,174","20,745",,,owens illinois,OWENS,OWENS-ILLINOIS INC.
ESML,iShares MSCI USA Small-Cap ESG Optimized ETF,31/08/18,Containers & Packaging — 1.0%,Sonoco Products Co.,501,"28,076","1,10,469",,sonoco products,SON,SONOCO PRODUCTS CO.
ESML,iShares MSCI USA Small-Cap ESG Optimized ETF,31/08/18,Distributors — 0.3%,Pool Corp.,240,"39,422","39,422",,pool,POOL,POOL CORP.
ESML,iShares MSCI USA Small-Cap ESG Optimized ETF,31/08/18,Diversified Consumer Services — 1.7%,American Public Education Inc.,154,"5,352",,,american public education,APEI,AMERICAN PUBLIC EDUCATION INC.
ESML,iShares MSCI USA Small-Cap ESG Optimized ETF,31/08/18,Diversified Consumer Services — 1.7%,Bright Horizons Family Solutions Inc.,494,"58,999",,,bright horizons family solutions,BFAM,BRIGHT HORIZONS FAMILY SOLUTIONS INC.
ESML,iShares MSCI USA Small-Cap ESG Optimized ETF,31/08/18,Diversified Consumer Services — 1.7%,Carriage Services Inc.,809,"18,421",,,carriage services,CSV,CARRIAGE SERVICES INC.
ESML,iShares MSCI USA Small-Cap ESG Optimized ETF,31/08/18,Diversified Consumer Services — 1.7%,"Graham Holdings Co., Class B",15,"8,440",,,graham,GHC,"GRAHAM HOLDINGS CO., CLASS B"
ESML,iShares MSCI USA Small-Cap ESG Optimized ETF,31/08/18,Diversified Consumer Services — 1.7%,Grand Canyon Education Inc.,102,"12,152",,,grand canyon education,LOPE,GRAND CANYON EDUCATION INC.
ESML,iShares MSCI USA Small-Cap ESG Optimized ETF,31/08/18,Diversified Consumer Services — 1.7%,Houghton Mifflin Harcourt Co.,924,"5,960",,,houghton mifflin harcourt,HOUGH,HOUGHTON MIFFLIN HARCOURT CO.
ESML,iShares MSCI USA Small-Cap ESG Optimized ETF,31/08/18,Diversified Consumer Services — 1.7%,Service Corp. International/U.S.,798,"33,484",,,service international u s,SERVI2,SERVICE CORP. INTERNATIONAL/U.S.
ESML,iShares MSCI USA Small-Cap ESG Optimized ETF,31/08/18,Diversified Consumer Services — 1.7%,ServiceMaster Global Holdings Inc.,657,"39,597",,,servicemaster global,SERVI3,SERVICEMASTER GLOBAL HOLDINGS INC.
ESML,iShares MSCI USA Small-Cap ESG Optimized ETF,31/08/18,Diversified Consumer Services — 1.7%,Sotheby’s,165,"7,923",,,sotheby s,SOTHE,SOTHEBY’S
ESML,iShares MSCI USA Small-Cap ESG Optimized ETF,31/08/18,Diversified Consumer Services — 1.7%,Weight Watchers International Inc.,128,"9,587","1,99,915",,weight watchers international,WEIGH,WEIGHT WATCHERS INTERNATIONAL INC.
ESML,iShares MSCI USA Small-Cap ESG Optimized ETF,31/08/18,Diversified Financial Services — 0.1%,On Deck Capital Inc.,652,"5,359",,,on deck capital,ONDEC,ON DECK CAPITAL INC.
ESML,iShares MSCI USA Small-Cap ESG Optimized ETF,31/08/18,Diversified Financial Services — 0.1%,Texas Pacific Land Trust,11,"9,181","14,540",,texas pacific land trust,TPL,TEXAS PACIFIC LAND TRUST
ESML,iShares MSCI USA Small-Cap ESG Optimized ETF,31/08/18,Diversified Telecommunication Services — 0.2%,Cogent Communications Holdings Inc.,105,"5,743",,,cogent communications,CCOI,COGENT COMMUNICATIONS HOLDINGS INC.
ESML,iShares MSCI USA Small-Cap ESG Optimized ETF,31/08/18,Diversified Telecommunication Services — 0.2%,Consolidated Communications Holdings Inc.,462,"5,456",,,consolidated communications,CONSO,CONSOLIDATED COMMUNICATIONS HOLDINGS INC.
ESML,iShares MSCI USA Small-Cap ESG Optimized ETF,31/08/18,Diversified Telecommunication Services — 0.2%,Iridium Communications Inc.,327,"6,622",,,iridium communications,IRDM,IRIDIUM COMMUNICATIONS INC.
ESML,iShares MSCI USA Small-Cap ESG Optimized ETF,31/08/18,Diversified Telecommunication Services — 0.2%,Vonage Holdings Corp.,504,"7,147","24,968",,vonage,VONAG,VONAGE HOLDINGS CORP.
ESML,iShares MSCI USA Small-Cap ESG Optimized ETF,31/08/18,Electric Utilities — 0.8%,Hawaiian Electric Industries Inc.,700,"24,689",,,hawaiian electric industries,HE,HAWAIIAN ELECTRIC INDUSTRIES INC.
ESML,iShares MSCI USA Small-Cap ESG Optimized ETF,31/08/18,Electric Utilities — 0.8%,IDACORP Inc.,441,"43,152",,,idacorp,IDA,IDACORP INC.
ESML,iShares MSCI USA Small-Cap ESG Optimized ETF,31/08/18,Electric Utilities — 0.8%,Portland General Electric Co.,545,"25,288","93,129",,portland general electric,POR,PORTLAND GENERAL ELECTRIC CO.
ESML,iShares MSCI USA Small-Cap ESG Optimized ETF,31/08/18,Electrical Equipment — 0.9%,Atkore International Group Inc.,326,"8,926",,,atkore international,ATKOR,ATKORE INTERNATIONAL GROUP INC.
ESML,iShares MSCI USA Small-Cap ESG Optimized ETF,31/08/18,Electrical Equipment — 0.9%,EnerSys,264,"21,909",,,enersys,ENS,ENERSYS
ESML,iShares MSCI USA Small-Cap ESG Optimized ETF,31/08/18,Electrical Equipment — 0.9%,Generac Holdings Inc.,176,"9,766",,,generac,GNRC,GENERAC HOLDINGS INC.
ESML,iShares MSCI USA Small-Cap ESG Optimized ETF,31/08/18,Electrical Equipment — 0.9%,Hubbell Inc.,192,"24,261",,,hubbell,HUBB,HUBBELL INC.
ESML,iShares MSCI USA Small-Cap ESG Optimized ETF,31/08/18,Electrical Equipment — 0.9%,nVent Electric PLC,290,"8,146",,,nvent electric,NVT,NVENT ELECTRIC PLC
ESML,iShares MSCI USA Small-Cap ESG Optimized ETF,31/08/18,Electrical Equipment — 0.9%,Regal Beloit Corp.,221,"18,498",,,regal beloit,RB8.SG,REGAL BELOIT CORP.
ESML,iShares MSCI USA Small-Cap ESG Optimized ETF,31/08/18,Electrical Equipment — 0.9%,Sunrun Inc.,403,"5,287",,,sunrun,RUN,SUNRUN INC.
ESML,iShares MSCI USA Small-Cap ESG Optimized ETF,31/08/18,Electrical Equipment — 0.9%,Vicor Corp.,97,"6,058","1,02,851",,vicor,VCV.SG,VICOR CORP.
ESML,iShares MSCI USA Small-Cap ESG Optimized ETF,31/08/18,"Electronic Equipment, Instruments &Components — 3.1%",Anixter International Inc.,120,"8,652",,,anixter international,ANIXT,ANIXTER INTERNATIONAL INC.
ESML,iShares MSCI USA Small-Cap ESG Optimized ETF,31/08/18,"Electronic Equipment, Instruments &Components — 3.1%",Badger Meter Inc.,269,"14,782",,,badger meter,BMI,BADGER METER INC.
ESML,iShares MSCI USA Small-Cap ESG Optimized ETF,31/08/18,"Electronic Equipment, Instruments &Components — 3.1%",Belden Inc.,154,"11,199",,,belden,BDC,BELDEN INC.
ESML,iShares MSCI USA Small-Cap ESG Optimized ETF,31/08/18,"Electronic Equipment, Instruments &Components — 3.1%",Benchmark Electronics Inc.,209,"5,403",,,benchmark electronics,BHE,BENCHMARK ELECTRONICS INC.
ESML,iShares MSCI USA Small-Cap ESG Optimized ETF,31/08/18,"Electronic Equipment, Instruments &Components — 3.1%",Coherent Inc.,96,"18,298",,,coherent,COHR,COHERENT INC.
ESML,iShares MSCI USA Small-Cap ESG Optimized ETF,31/08/18,"Electronic Equipment, Instruments &Components — 3.1%",CTS Corp.,338,"12,489",,,cts,CTS,CTS CORP.
ESML,iShares MSCI USA Small-Cap ESG Optimized ETF,31/08/18,"Electronic Equipment, Instruments &Components — 3.1%","Dolby Laboratories Inc., Class A",270,"18,951",,,dolby laboratories,DLB,"DOLBY LABORATORIES INC., CLASS A"
ESML,iShares MSCI USA Small-Cap ESG Optimized ETF,31/08/18,"Electronic Equipment, Instruments &Components — 3.1%",Fabrinet,154,"7,372",,,fabrinet,FN,FABRINET
ESML,iShares MSCI USA Small-Cap ESG Optimized ETF,31/08/18,"Electronic Equipment, Instruments &Components — 3.1%",Insight Enterprises Inc.,195,"10,752",,,insight enterprises,NSIT,INSIGHT ENTERPRISES INC.
ESML,iShares MSCI USA Small-Cap ESG Optimized ETF,31/08/18,"Electronic Equipment, Instruments &Components — 3.1%",Itron Inc.,134,"8,898",,,itron,ITRI,ITRON INC.
ESML,iShares MSCI USA Small-Cap ESG Optimized ETF,31/08/18,"Electronic Equipment, Instruments &Components — 3.1%",Jabil Inc.,203,"6,001",,,jabil,JBL,JABIL INC.
ESML,iShares MSCI USA Small-Cap ESG Optimized ETF,31/08/18,"Electronic Equipment, Instruments &Components — 3.1%",KEMET Corp.,272,"7,028",,,kemet,KEMET,KEMET CORP.
ESML,iShares MSCI USA Small-Cap ESG Optimized ETF,31/08/18,"Electronic Equipment, Instruments &Components — 3.1%",Littelfuse Inc.,85,"19,003",,,littelfuse,LFUS,LITTELFUSE INC.
ESML,iShares MSCI USA Small-Cap ESG Optimized ETF,31/08/18,"Electronic Equipment, Instruments &Components — 3.1%",Methode Electronics Inc.,430,"17,050",,,methode electronics,MEI,METHODE ELECTRONICS INC.
ESML,iShares MSCI USA Small-Cap ESG Optimized ETF,31/08/18,"Electronic Equipment, Instruments &Components — 3.1%",MTS Systems Corp.,189,"10,225",,,mts systems,MTSSY,MTS SYSTEMS CORP.
ESML,iShares MSCI USA Small-Cap ESG Optimized ETF,31/08/18,"Electronic Equipment, Instruments &Components — 3.1%",National Instruments Corp.,982,"46,890",,,national instruments,NATIO3,NATIONAL INSTRUMENTS CORP.
ESML,iShares MSCI USA Small-Cap ESG Optimized ETF,31/08/18,"Electronic Equipment, Instruments &Components — 3.1%",Novanta Inc.,126,"9,652",,,novanta,NOVT,NOVANTA INC.
ESML,iShares MSCI USA Small-Cap ESG Optimized ETF,31/08/18,"Electronic Equipment, Instruments &Components — 3.1%",OSI Systems Inc.,205,"15,967",,,osi systems,OSIS,OSI SYSTEMS INC.
ESML,iShares MSCI USA Small-Cap ESG Optimized ETF,31/08/18,"Electronic Equipment, Instruments &Components — 3.1%",Plexus Corp.,263,"16,645",,,plexus,PLXS,PLEXUS CORP.
ESML,iShares MSCI USA Small-Cap ESG Optimized ETF,31/08/18,"Electronic Equipment, Instruments &Components — 3.1%",Rogers Corp.,89,"12,288",,,rogers,ROG,ROGERS CORP.
ESML,iShares MSCI USA Small-Cap ESG Optimized ETF,31/08/18,"Electronic Equipment, Instruments &Components — 3.1%",Sanmina Corp.,183,"5,636",,,sanmina,SAYN.SG,SANMINA CORP.
ESML,iShares MSCI USA Small-Cap ESG Optimized ETF,31/08/18,"Electronic Equipment, Instruments &Components — 3.1%",SYNNEX Corp.,137,"13,285",,,synnex,SUX.SG,SYNNEX CORP.
ESML,iShares MSCI USA Small-Cap ESG Optimized ETF,31/08/18,"Electronic Equipment, Instruments &Components — 3.1%",Tech Data Corp.,184,"13,386",,,tech data,TECHD,TECH DATA CORP.
ESML,iShares MSCI USA Small-Cap ESG Optimized ETF,31/08/18,"Electronic Equipment, Instruments &Components — 3.1%",TTM Technologies Inc.,313,"5,853",,,ttm technologies,TTMI,TTM TECHNOLOGIES INC.
ESML,iShares MSCI USA Small-Cap ESG Optimized ETF,31/08/18,"Electronic Equipment, Instruments &Components — 3.1%",Vishay Intertechnology Inc.,564,"13,423",,,vishay intertechnology,VSH,VISHAY INTERTECHNOLOGY INC.
ESML,iShares MSCI USA Small-Cap ESG Optimized ETF,31/08/18,"Electronic Equipment, Instruments &Components — 3.1%","Zebra Technologies Corp., Class A",188,"32,287","3,61,415",,zebra technologies,ZBRA,"ZEBRA TECHNOLOGIES CORP., CLASS A"
ESML,iShares MSCI USA Small-Cap ESG Optimized ETF,31/08/18,Energy Equipment & Services — 1.8%,Apergy Corp.,267,"12,074",,,apergy,APERG,APERGY CORP.
ESML,iShares MSCI USA Small-Cap ESG Optimized ETF,31/08/18,Energy Equipment & Services — 1.8%,Archrock Inc.,631,"7,982",,,archrock,AROC,ARCHROCK INC.
ESML,iShares MSCI USA Small-Cap ESG Optimized ETF,31/08/18,Energy Equipment & Services — 1.8%,C&J Energy Services Inc.,358,"7,500",,,c and j energy services,CJENE,C&J ENERGY SERVICES INC.
ESML,iShares MSCI USA Small-Cap ESG Optimized ETF,31/08/18,Energy Equipment & Services — 1.8%,"Cactus Inc., Class A",173,"5,913",,,cactus,WHD,"CACTUS INC., CLASS A"
ESML,iShares MSCI USA Small-Cap ESG Optimized ETF,31/08/18,Energy Equipment & Services — 1.8%,Core Laboratories NV,350,"40,092",,,core laboratories,CLB,CORE LABORATORIES NV
ESML,iShares MSCI USA Small-Cap ESG Optimized ETF,31/08/18,Energy Equipment & Services — 1.8%,Dril-Quip Inc. (a)(b),109,"5,739",,,dril quip a b,DRILQ,DRIL-QUIP INC. (A)(B)
ESML,iShares MSCI USA Small-Cap ESG Optimized ETF,31/08/18,Energy Equipment & Services — 1.8%,"Ensco PLC, Class A","1,059","7,244",,,ensco,ENSCO,"ENSCO PLC, CLASS A"
ESML,iShares MSCI USA Small-Cap ESG Optimized ETF,31/08/18,Energy Equipment & Services — 1.8%,Forum Energy Technologies Inc.,475,"5,676",,,forum energy technologies,FET,FORUM ENERGY TECHNOLOGIES INC.
ESML,iShares MSCI USA Small-Cap ESG Optimized ETF,31/08/18,Energy Equipment & Services — 1.8%,Helix Energy Solutions Group Inc.,620,"5,803",,,helix energy solutions,HLX,HELIX ENERGY SOLUTIONS GROUP INC.
ESML,iShares MSCI USA Small-Cap ESG Optimized ETF,31/08/18,Energy Equipment & Services — 1.8%,Keane Group Inc.,411,"5,047",,,keane,KEANE,KEANE GROUP INC.
ESML,iShares MSCI USA Small-Cap ESG Optimized ETF,31/08/18,Energy Equipment & Services — 1.8%,McDermott International Inc. (a)(b),760,"14,698",,,mcdermott international a b,MCDER,MCDERMOTT INTERNATIONAL INC. (A)(B)
ESML,iShares MSCI USA Small-Cap ESG Optimized ETF,31/08/18,Energy Equipment & Services — 1.8%,Natural Gas Services Group Inc.,248,"5,481",,,natural gas services,NGS,NATURAL GAS SERVICES GROUP INC.
ESML,iShares MSCI USA Small-Cap ESG Optimized ETF,31/08/18,Energy Equipment & Services — 1.8%,NCS Multistage Holdings Inc. (a)(b),350,"5,695",,,ncs multistage a b,NCSMU,NCS MULTISTAGE HOLDINGS INC. (A)(B)
ESML,iShares MSCI USA Small-Cap ESG Optimized ETF,31/08/18,Energy Equipment & Services — 1.8%,Newpark Resources Inc.,729,"7,655",,,newpark resources,NWP.SG,NEWPARK RESOURCES INC.
ESML,iShares MSCI USA Small-Cap ESG Optimized ETF,31/08/18,Energy Equipment & Services — 1.8%,Oceaneering International Inc.,515,"14,559",,,oceaneering international,OII,OCEANEERING INTERNATIONAL INC.
ESML,iShares MSCI USA Small-Cap ESG Optimized ETF,31/08/18,Energy Equipment & Services — 1.8%,Oil States International Inc.,264,"8,936",,,oil states international,OIS,OIL STATES INTERNATIONAL INC.
ESML,iShares MSCI USA Small-Cap ESG Optimized ETF,31/08/18,Energy Equipment & Services — 1.8%,Patterson-UTI Energy Inc.,523,"8,959",,,patterson uti energy,PTEN,PATTERSON-UTI ENERGY INC.
ESML,iShares MSCI USA Small-Cap ESG Optimized ETF,31/08/18,Energy Equipment & Services — 1.8%,Superior Energy Services Inc.,590,"5,310",,,superior energy services,SUPER3,SUPERIOR ENERGY SERVICES INC.
ESML,iShares MSCI USA Small-Cap ESG Optimized ETF,31/08/18,Energy Equipment & Services — 1.8%,Tidewater Inc.,180,"5,760",,,tidewater,TDW,TIDEWATER INC.
ESML,iShares MSCI USA Small-Cap ESG Optimized ETF,31/08/18,Energy Equipment & Services — 1.8%,U.S. Silica Holdings Inc.,425,"9,006",,,u s silica,USSIL,U.S. SILICA HOLDINGS INC.
ESML,iShares MSCI USA Small-Cap ESG Optimized ETF,31/08/18,Energy Equipment & Services — 1.8%,Unit Corp. (a)(b),209,"5,495",,,unit a b,UNITC,UNIT CORP. (A)(B)
ESML,iShares MSCI USA Small-Cap ESG Optimized ETF,31/08/18,Energy Equipment & Services — 1.8%,Weatherford International PLC (a)(b),"4,134","10,004","2,04,628",,weatherford international a b,WEATH,WEATHERFORD INTERNATIONAL PLC (A)(B)
ESML,iShares MSCI USA Small-Cap ESG Optimized ETF,31/08/18,Equity Real Estate Investment Trusts (REITs) — 8.8%,Acadia Realty Trust,195,"5,561",,,acadia realty trust,AKR,ACADIA REALTY TRUST
ESML,iShares MSCI USA Small-Cap ESG Optimized ETF,31/08/18,Equity Real Estate Investment Trusts (REITs) — 8.8%,American Campus Communities Inc.,874,"36,647",,,american campus communities,AMERI,AMERICAN CAMPUS COMMUNITIES INC.
ESML,iShares MSCI USA Small-Cap ESG Optimized ETF,31/08/18,Equity Real Estate Investment Trusts (REITs) — 8.8%,"Apartment Investment & Management Co., Class A",195,"8,541",,,apartment investment and management,AIV.DU,"APARTMENT INVESTMENT & MANAGEMENT CO., CLASS A"
ESML,iShares MSCI USA Small-Cap ESG Optimized ETF,31/08/18,Equity Real Estate Investment Trusts (REITs) — 8.8%,Brandywine Realty Trust,"3,107","52,073",,,brandywine realty trust,BDN,BRANDYWINE REALTY TRUST
ESML,iShares MSCI USA Small-Cap ESG Optimized ETF,31/08/18,Equity Real Estate Investment Trusts (REITs) — 8.8%,Brixmor Property Group Inc.,"1,952","35,566",,,brixmor property,BRX,BRIXMOR PROPERTY GROUP INC.
ESML,iShares MSCI USA Small-Cap ESG Optimized ETF,31/08/18,Equity Real Estate Investment Trusts (REITs) — 8.8%,"CatchMark Timber Trust Inc., Class A",437,"5,480",,,catchmark timber trust,CATCH,"CATCHMARK TIMBER TRUST INC., CLASS A"
ESML,iShares MSCI USA Small-Cap ESG Optimized ETF,31/08/18,Equity Real Estate Investment Trusts (REITs) — 8.8%,CBL & Associates Properties Inc.,"1,206","5,379",,,cbl and associates properties,CBL,CBL & ASSOCIATES PROPERTIES INC.
ESML,iShares MSCI USA Small-Cap ESG Optimized ETF,31/08/18,Equity Real Estate Investment Trusts (REITs) — 8.8%,Chatham Lodging Trust,264,"5,663",,,chatham lodging trust,CLDT,CHATHAM LODGING TRUST
ESML,iShares MSCI USA Small-Cap ESG Optimized ETF,31/08/18,Equity Real Estate Investment Trusts (REITs) — 8.8%,Colony Capital Inc.,"1,378","8,447",,,colony capital,COLON2,COLONY CAPITAL INC.
ESML,iShares MSCI USA Small-Cap ESG Optimized ETF,31/08/18,Equity Real Estate Investment Trusts (REITs) — 8.8%,CorePoint Lodging Inc.,249,"5,192",,,corepoint lodging,COREP,COREPOINT LODGING INC.
ESML,iShares MSCI USA Small-Cap ESG Optimized ETF,31/08/18,Equity Real Estate Investment Trusts (REITs) — 8.8%,CoreSite Realty Corp.,281,"32,728",,,coresite realty,CORES,CORESITE REALTY CORP.
ESML,iShares MSCI USA Small-Cap ESG Optimized ETF,31/08/18,Equity Real Estate Investment Trusts (REITs) — 8.8%,Corporate Office Properties Trust,"1,353","41,645",,,corporate office properties trust,CORPO,CORPORATE OFFICE PROPERTIES TRUST
ESML,iShares MSCI USA Small-Cap ESG Optimized ETF,31/08/18,Equity Real Estate Investment Trusts (REITs) — 8.8%,Cousins Properties Inc.,"2,293","21,440",,,cousins properties,CPZ1.SG,COUSINS PROPERTIES INC.
ESML,iShares MSCI USA Small-Cap ESG Optimized ETF,31/08/18,Equity Real Estate Investment Trusts (REITs) — 8.8%,CubeSmart,422,"12,892",,,cubesmart,CUBE,CUBESMART
ESML,iShares MSCI USA Small-Cap ESG Optimized ETF,31/08/18,Equity Real Estate Investment Trusts (REITs) — 8.8%,CyrusOne Inc.,582,"38,971",,,cyrusone,CYRUS,CYRUSONE INC.
ESML,iShares MSCI USA Small-Cap ESG Optimized ETF,31/08/18,Equity Real Estate Investment Trusts (REITs) — 8.8%,DDR Corp.,380,"5,316",,,ddr,DDRCO,DDR CORP.
ESML,iShares MSCI USA Small-Cap ESG Optimized ETF,31/08/18,Equity Real Estate Investment Trusts (REITs) — 8.8%,DiamondRock Hospitality Co.,"1,033","12,355",,,diamondrock hospitality,HBO.SG,DIAMONDROCK HOSPITALITY CO.
ESML,iShares MSCI USA Small-Cap ESG Optimized ETF,31/08/18,Equity Real Estate Investment Trusts (REITs) — 8.8%,Douglas Emmett Inc.,"1,450","56,637",,,douglas emmett,DEI,DOUGLAS EMMETT INC.
ESML,iShares MSCI USA Small-Cap ESG Optimized ETF,31/08/18,Equity Real Estate Investment Trusts (REITs) — 8.8%,Easterly Government Properties Inc.,"1,852","37,503",,,easterly government properties,DEA,EASTERLY GOVERNMENT PROPERTIES INC.
ESML,iShares MSCI USA Small-Cap ESG Optimized ETF,31/08/18,Equity Real Estate Investment Trusts (REITs) — 8.8%,Education Realty Trust Inc.,259,"10,718",,,education realty trust,EDUCA,EDUCATION REALTY TRUST INC.
ESML,iShares MSCI USA Small-Cap ESG Optimized ETF,31/08/18,Equity Real Estate Investment Trusts (REITs) — 8.8%,EPR Properties,117,"8,211",,,epr properties,EPR,EPR PROPERTIES
ESML,iShares MSCI USA Small-Cap ESG Optimized ETF,31/08/18,Equity Real Estate Investment Trusts (REITs) — 8.8%,First Industrial Realty Trust Inc.,226,"7,336",,,first industrial realty trust,FR,FIRST INDUSTRIAL REALTY TRUST INC.
ESML,iShares MSCI USA Small-Cap ESG Optimized ETF,31/08/18,Equity Real Estate Investment Trusts (REITs) — 8.8%,"Forest City Realty Trust Inc., Class A","1,654","41,598",,,forest city realty trust,FORES2,"FOREST CITY REALTY TRUST INC., CLASS A"
ESML,iShares MSCI USA Small-Cap ESG Optimized ETF,31/08/18,Equity Real Estate Investment Trusts (REITs) — 8.8%,Four Corners Property Trust Inc.,378,"10,183",,,four corners property trust,FCPT,FOUR CORNERS PROPERTY TRUST INC.
ESML,iShares MSCI USA Small-Cap ESG Optimized ETF,31/08/18,Equity Real Estate Investment Trusts (REITs) — 8.8%,Franklin Street Properties Corp.,"1,864","15,975",,,franklin street properties,FSP,FRANKLIN STREET PROPERTIES CORP.
ESML,iShares MSCI USA Small-Cap ESG Optimized ETF,31/08/18,Equity Real Estate Investment Trusts (REITs) — 8.8%,Gaming and Leisure Properties Inc.,236,"8,447",,,gaming and leisure properties,GLPI,GAMING AND LEISURE PROPERTIES INC.
ESML,iShares MSCI USA Small-Cap ESG Optimized ETF,31/08/18,Equity Real Estate Investment Trusts (REITs) — 8.8%,Government Properties Income Trust,496,"8,387",,,government properties income trust,GOVER,GOVERNMENT PROPERTIES INCOME TRUST
ESML,iShares MSCI USA Small-Cap ESG Optimized ETF,31/08/18,Equity Real Estate Investment Trusts (REITs) — 8.8%,Gramercy Property Trust,784,"21,442",,,gramercy property trust,GRAME,GRAMERCY PROPERTY TRUST
ESML,iShares MSCI USA Small-Cap ESG Optimized ETF,31/08/18,Equity Real Estate Investment Trusts (REITs) — 8.8%,Hospitality Properties Trust,358,"10,378",,,hospitality properties trust,HOSPI,HOSPITALITY PROPERTIES TRUST
ESML,iShares MSCI USA Small-Cap ESG Optimized ETF,31/08/18,Equity Real Estate Investment Trusts (REITs) — 8.8%,Hudson Pacific Properties Inc.,487,"16,480",,,hudson pacific properties,HPP,HUDSON PACIFIC PROPERTIES INC.
ESML,iShares MSCI USA Small-Cap ESG Optimized ETF,31/08/18,Equity Real Estate Investment Trusts (REITs) — 8.8%,InfraREIT Inc. (a)(b),326,"6,810",,,infrareit a b,INFRA2,INFRAREIT INC. (A)(B)
ESML,iShares MSCI USA Small-Cap ESG Optimized ETF,31/08/18,Equity Real Estate Investment Trusts (REITs) — 8.8%,JBG SMITH Properties,648,"24,274",,,jbg smith properties,JBGS,JBG SMITH PROPERTIES
ESML,iShares MSCI USA Small-Cap ESG Optimized ETF,31/08/18,Equity Real Estate Investment Trusts (REITs) — 8.8%,Kilroy Realty Corp.,829,"60,633",,,kilroy realty,KRC.SG,KILROY REALTY CORP.
ESML,iShares MSCI USA Small-Cap ESG Optimized ETF,31/08/18,Equity Real Estate Investment Trusts (REITs) — 8.8%,Kite Realty Group Trust,350,"6,118",,,kite realty trust,KRG,KITE REALTY GROUP TRUST
ESML,iShares MSCI USA Small-Cap ESG Optimized ETF,31/08/18,Equity Real Estate Investment Trusts (REITs) — 8.8%,"Lamar Advertising Co., Class A",75,"5,779",,,lamar advertising,LAMR,"LAMAR ADVERTISING CO., CLASS A"
ESML,iShares MSCI USA Small-Cap ESG Optimized ETF,31/08/18,Equity Real Estate Investment Trusts (REITs) — 8.8%,LaSalle Hotel Properties,220,"7,724",,,lasalle hotel properties,LASAL,LASALLE HOTEL PROPERTIES
ESML,iShares MSCI USA Small-Cap ESG Optimized ETF,31/08/18,Equity Real Estate Investment Trusts (REITs) — 8.8%,Equity Real Estate Investment Trusts (REITs) (continued) Life Storage Inc.,161,"15,714",,,equity real estate investment trusts reits continued life storage,EQUIT2,EQUITY REAL ESTATE INVESTMENT TRUSTS (REITS) (CONTINUED) LIFE STORAGE INC.
ESML,iShares MSCI USA Small-Cap ESG Optimized ETF,31/08/18,Equity Real Estate Investment Trusts (REITs) — 8.8%,"MGM Growth Properties LLC, Class A",214,"6,576",,,mgm growth properties,MGMGR,"MGM GROWTH PROPERTIES LLC, CLASS A"
ESML,iShares MSCI USA Small-Cap ESG Optimized ETF,31/08/18,Equity Real Estate Investment Trusts (REITs) — 8.8%,National Health Investors Inc.,134,"10,620",,,national health investors,NHI,NATIONAL HEALTH INVESTORS INC.
ESML,iShares MSCI USA Small-Cap ESG Optimized ETF,31/08/18,Equity Real Estate Investment Trusts (REITs) — 8.8%,NorthStar Realty Europe Corp.,407,"5,584",,,northstar realty europe,NORTH2,NORTHSTAR REALTY EUROPE CORP.
ESML,iShares MSCI USA Small-Cap ESG Optimized ETF,31/08/18,Equity Real Estate Investment Trusts (REITs) — 8.8%,Outfront Media Inc.,454,"9,021",,,outfront media,OUT,OUTFRONT MEDIA INC.
ESML,iShares MSCI USA Small-Cap ESG Optimized ETF,31/08/18,Equity Real Estate Investment Trusts (REITs) — 8.8%,Paramount Group Inc.,757,"12,021",,,paramount,PGRE,PARAMOUNT GROUP INC.
ESML,iShares MSCI USA Small-Cap ESG Optimized ETF,31/08/18,Equity Real Estate Investment Trusts (REITs) — 8.8%,Park Hotels & Resorts Inc.,445,"14,885",,,park hotels and resorts,PK,PARK HOTELS & RESORTS INC.
ESML,iShares MSCI USA Small-Cap ESG Optimized ETF,31/08/18,Equity Real Estate Investment Trusts (REITs) — 8.8%,"Piedmont Office Realty Trust Inc., Class A",294,"5,833",,,piedmont office realty trust,PIEDM,"PIEDMONT OFFICE REALTY TRUST INC., CLASS A"
ESML,iShares MSCI USA Small-Cap ESG Optimized ETF,31/08/18,Equity Real Estate Investment Trusts (REITs) — 8.8%,PotlatchDeltic Corp.,231,"11,157",,,potlatchdeltic,PCH,POTLATCHDELTIC CORP.
ESML,iShares MSCI USA Small-Cap ESG Optimized ETF,31/08/18,Equity Real Estate Investment Trusts (REITs) — 8.8%,"QTS Realty Trust Inc., Class A",288,"13,170",,,qts realty trust,QTSRE,"QTS REALTY TRUST INC., CLASS A"
ESML,iShares MSCI USA Small-Cap ESG Optimized ETF,31/08/18,Equity Real Estate Investment Trusts (REITs) — 8.8%,Rayonier Inc.,471,"16,405",,,rayonier,RA6.SG,RAYONIER INC.
ESML,iShares MSCI USA Small-Cap ESG Optimized ETF,31/08/18,Equity Real Estate Investment Trusts (REITs) — 8.8%,Rexford Industrial Realty Inc.,374,"12,155",,,rexford industrial realty,REXR,REXFORD INDUSTRIAL REALTY INC.
ESML,iShares MSCI USA Small-Cap ESG Optimized ETF,31/08/18,Equity Real Estate Investment Trusts (REITs) — 8.8%,RLJ Lodging Trust,574,"12,576",,,rlj lodging trust,RLJ,RLJ LODGING TRUST
ESML,iShares MSCI USA Small-Cap ESG Optimized ETF,31/08/18,Equity Real Estate Investment Trusts (REITs) — 8.8%,Sabra Health Care REIT Inc.,876,"20,656",,,sabra health care reit,SBRA,SABRA HEALTH CARE REIT INC.
ESML,iShares MSCI USA Small-Cap ESG Optimized ETF,31/08/18,Equity Real Estate Investment Trusts (REITs) — 8.8%,Select Income REIT,926,"19,029",,,select income reit,SELEC2,SELECT INCOME REIT
ESML,iShares MSCI USA Small-Cap ESG Optimized ETF,31/08/18,Equity Real Estate Investment Trusts (REITs) — 8.8%,Senior Housing Properties Trust,345,"6,593",,,senior housing properties trust,SENIO,SENIOR HOUSING PROPERTIES TRUST
ESML,iShares MSCI USA Small-Cap ESG Optimized ETF,31/08/18,Equity Real Estate Investment Trusts (REITs) — 8.8%,STORE Capital Corp.,211,"6,079",,,store capital,STORE,STORE CAPITAL CORP.
ESML,iShares MSCI USA Small-Cap ESG Optimized ETF,31/08/18,Equity Real Estate Investment Trusts (REITs) — 8.8%,Sunstone Hotel Investors Inc.,477,"8,004",,,sunstone hotel investors,SHO-PH,SUNSTONE HOTEL INVESTORS INC.
ESML,iShares MSCI USA Small-Cap ESG Optimized ETF,31/08/18,Equity Real Estate Investment Trusts (REITs) — 8.8%,Tier REIT Inc.,556,"13,255",,,tier reit,TIERR,TIER REIT INC.
ESML,iShares MSCI USA Small-Cap ESG Optimized ETF,31/08/18,Equity Real Estate Investment Trusts (REITs) — 8.8%,Uniti Group Inc.,816,"16,989",,,uniti,UNIT,UNITI GROUP INC.
ESML,iShares MSCI USA Small-Cap ESG Optimized ETF,31/08/18,Equity Real Estate Investment Trusts (REITs) — 8.8%,VICI Properties Inc.,"1,655","34,606",,,vici properties,VICI,VICI PROPERTIES INC.
ESML,iShares MSCI USA Small-Cap ESG Optimized ETF,31/08/18,Equity Real Estate Investment Trusts (REITs) — 8.8%,Washington Prime Group Inc.,890,"6,889",,,washington prime,WASHI,WASHINGTON PRIME GROUP INC.
ESML,iShares MSCI USA Small-Cap ESG Optimized ETF,31/08/18,Equity Real Estate Investment Trusts (REITs) — 8.8%,Washington REIT,380,"11,993",,,washington reit,WASHI2,WASHINGTON REIT
ESML,iShares MSCI USA Small-Cap ESG Optimized ETF,31/08/18,Equity Real Estate Investment Trusts (REITs) — 8.8%,WP Carey Inc.,416,"27,697","10,16,036",,wp carey,WPCAR,WP CAREY INC.
ESML,iShares MSCI USA Small-Cap ESG Optimized ETF,31/08/18,Food & Staples Retailing — 0.9%,Casey’s General Stores Inc.,60,"6,850",,,casey s general stores,CASY,CASEY’S GENERAL STORES INC.
ESML,iShares MSCI USA Small-Cap ESG Optimized ETF,31/08/18,Food & Staples Retailing — 0.9%,Performance Food Group Co.,501,"16,583",,,performance food,P5F.SG,PERFORMANCE FOOD GROUP CO.
ESML,iShares MSCI USA Small-Cap ESG Optimized ETF,31/08/18,Food & Staples Retailing — 0.9%,PriceSmart Inc.,172,"14,938",,,pricesmart,PSMT,PRICESMART INC.
ESML,iShares MSCI USA Small-Cap ESG Optimized ETF,31/08/18,Food & Staples Retailing — 0.9%,Rite Aid Corp. (a)(b),"3,919","5,369",,,rite aid a b,RITEA,RITE AID CORP. (A)(B)
ESML,iShares MSCI USA Small-Cap ESG Optimized ETF,31/08/18,Food & Staples Retailing — 0.9%,SpartanNash Co.,271,"5,786",,,spartannash,SRJ.SG,SPARTANNASH CO.
ESML,iShares MSCI USA Small-Cap ESG Optimized ETF,31/08/18,Food & Staples Retailing — 0.9%,Sprouts Farmers Market Inc.,263,"6,962",,,sprouts farmers market,SFM,SPROUTS FARMERS MARKET INC.
ESML,iShares MSCI USA Small-Cap ESG Optimized ETF,31/08/18,Food & Staples Retailing — 0.9%,U.S. Foods Holding Corp.,867,"28,255",,,u s foods holding,USFOO,U.S. FOODS HOLDING CORP.
ESML,iShares MSCI USA Small-Cap ESG Optimized ETF,31/08/18,Food & Staples Retailing — 0.9%,United Natural Foods Inc.,405,"14,382","99,125",,united natural foods,UNFI,UNITED NATURAL FOODS INC.
ESML,iShares MSCI USA Small-Cap ESG Optimized ETF,31/08/18,Food Products — 1.3%,Darling Ingredients Inc.,815,"16,121",,,darling ingredients,DAR,DARLING INGREDIENTS INC.
ESML,iShares MSCI USA Small-Cap ESG Optimized ETF,31/08/18,Food Products — 1.3%,Dean Foods Co.,687,"5,235",,,dean foods,DEANF,DEAN FOODS CO.
ESML,iShares MSCI USA Small-Cap ESG Optimized ETF,31/08/18,Food Products — 1.3%,Flowers Foods Inc.,312,"6,287",,,flowers foods,FLO,FLOWERS FOODS INC.
ESML,iShares MSCI USA Small-Cap ESG Optimized ETF,31/08/18,Food Products — 1.3%,Fresh Del Monte Produce Inc.,142,"5,316",,,fresh del monte produce,FDP,FRESH DEL MONTE PRODUCE INC.
ESML,iShares MSCI USA Small-Cap ESG Optimized ETF,31/08/18,Food Products — 1.3%,Freshpet Inc.,222,"8,247",,,freshpet,FRPT,FRESHPET INC.
ESML,iShares MSCI USA Small-Cap ESG Optimized ETF,31/08/18,Food Products — 1.3%,Hain Celestial Group Inc. (The),424,"12,109",,,hain celestial the,HF1.F,HAIN CELESTIAL GROUP INC. (THE)
ESML,iShares MSCI USA Small-Cap ESG Optimized ETF,31/08/18,Food Products — 1.3%,Lamb Weston Holdings Inc.,731,"49,416",,,lamb weston,LW,LAMB WESTON HOLDINGS INC.
ESML,iShares MSCI USA Small-Cap ESG Optimized ETF,31/08/18,Food Products — 1.3%,Pinnacle Foods Inc.,328,"21,786",,,pinnacle foods,PINNA,PINNACLE FOODS INC.
ESML,iShares MSCI USA Small-Cap ESG Optimized ETF,31/08/18,Food Products — 1.3%,Post Holdings Inc.,144,"14,005",,,post,POST,POST HOLDINGS INC.
ESML,iShares MSCI USA Small-Cap ESG Optimized ETF,31/08/18,Food Products — 1.3%,Simply Good Foods Co. (The),388,"6,984",,,simply good foods the,SIMPL,SIMPLY GOOD FOODS CO. (THE)
ESML,iShares MSCI USA Small-Cap ESG Optimized ETF,31/08/18,Food Products — 1.3%,TreeHouse Foods Inc.,169,"8,805","1,54,311",,treehouse foods,THS,TREEHOUSE FOODS INC.
ESML,iShares MSCI USA Small-Cap ESG Optimized ETF,31/08/18,Gas Utilities — 0.7%,Chesapeake Utilities Corp.,131,"11,266",,,chesapeake utilities,CPK,CHESAPEAKE UTILITIES CORP.
ESML,iShares MSCI USA Small-Cap ESG Optimized ETF,31/08/18,Gas Utilities — 0.7%,National Fuel Gas Co.,105,"5,830",,,national fuel gas,NFG,NATIONAL FUEL GAS CO.
ESML,iShares MSCI USA Small-Cap ESG Optimized ETF,31/08/18,Gas Utilities — 0.7%,New Jersey Resources Corp.,220,"10,032",,,new jersey resources,NJR,NEW JERSEY RESOURCES CORP.
ESML,iShares MSCI USA Small-Cap ESG Optimized ETF,31/08/18,Gas Utilities — 0.7%,ONE Gas Inc.,157,"12,329",,,one gas,OGS,ONE GAS INC.
ESML,iShares MSCI USA Small-Cap ESG Optimized ETF,31/08/18,Gas Utilities — 0.7%,South Jersey Industries Inc.,600,"19,908",,,south jersey industries,SOUTH3,SOUTH JERSEY INDUSTRIES INC.
ESML,iShares MSCI USA Small-Cap ESG Optimized ETF,31/08/18,Gas Utilities — 0.7%,Southwest Gas Holdings Inc.,224,"17,320",,,southwest gas,SWX,SOUTHWEST GAS HOLDINGS INC.
ESML,iShares MSCI USA Small-Cap ESG Optimized ETF,31/08/18,Gas Utilities — 0.7%,Spire Inc.,78,"5,815","82,500",,spire,SR,SPIRE INC.
ESML,iShares MSCI USA Small-Cap ESG Optimized ETF,31/08/18,Health Care Equipment & Supplies — 3.5%,AngioDynamics Inc. (a)(b),325,"7,286",,,angiodynamics a b,ANGIO,ANGIODYNAMICS INC. (A)(B)
ESML,iShares MSCI USA Small-Cap ESG Optimized ETF,31/08/18,Health Care Equipment & Supplies — 3.5%,AtriCure Inc. (a)(b),236,"8,154",,,atricure a b,ATRIC,ATRICURE INC. (A)(B)
ESML,iShares MSCI USA Small-Cap ESG Optimized ETF,31/08/18,Health Care Equipment & Supplies — 3.5%,Avanos Medical Inc.,101,"7,282",,,avanos medical,AVNS,AVANOS MEDICAL INC.
ESML,iShares MSCI USA Small-Cap ESG Optimized ETF,31/08/18,Health Care Equipment & Supplies — 3.5%,Cantel Medical Corp.,92,"8,924",,,cantel medical,CANTE,CANTEL MEDICAL CORP.
ESML,iShares MSCI USA Small-Cap ESG Optimized ETF,31/08/18,Health Care Equipment & Supplies — 3.5%,Cardiovascular Systems Inc.,185,"7,128",,,cardiovascular systems,CARDI,CARDIOVASCULAR SYSTEMS INC.
ESML,iShares MSCI USA Small-Cap ESG Optimized ETF,31/08/18,Health Care Equipment & Supplies — 3.5%,Cerus Corp.,816,"6,348",,,cerus,CU2.SG,CERUS CORP.
ESML,iShares MSCI USA Small-Cap ESG Optimized ETF,31/08/18,Health Care Equipment & Supplies — 3.5%,CryoLife Inc.,204,"7,079",,,cryolife,CYL.SG,CRYOLIFE INC.
ESML,iShares MSCI USA Small-Cap ESG Optimized ETF,31/08/18,Health Care Equipment & Supplies — 3.5%,DexCom Inc. (a)(b),250,"36,095",,,dexcom a b,DEXCO2,DEXCOM INC. (A)(B)
ESML,iShares MSCI USA Small-Cap ESG Optimized ETF,31/08/18,Health Care Equipment & Supplies — 3.5%,GenMark Diagnostics Inc.,761,"6,514",,,genmark diagnostics,GENMA2,GENMARK DIAGNOSTICS INC.
ESML,iShares MSCI USA Small-Cap ESG Optimized ETF,31/08/18,Health Care Equipment & Supplies — 3.5%,Glaukos Corp.,157,"10,734",,,glaukos,GKOS,GLAUKOS CORP.
ESML,iShares MSCI USA Small-Cap ESG Optimized ETF,31/08/18,Health Care Equipment & Supplies — 3.5%,"Globus Medical Inc., Class A",220,"11,719",,,globus medical,GMED,"GLOBUS MEDICAL INC., CLASS A"
ESML,iShares MSCI USA Small-Cap ESG Optimized ETF,31/08/18,Health Care Equipment & Supplies — 3.5%,Haemonetics Corp.,207,"23,109",,,haemonetics,HAE,HAEMONETICS CORP.
ESML,iShares MSCI USA Small-Cap ESG Optimized ETF,31/08/18,Health Care Equipment & Supplies — 3.5%,Heska Corp.,55,"5,885",,,heska,HESKA,HESKA CORP.
ESML,iShares MSCI USA Small-Cap ESG Optimized ETF,31/08/18,Health Care Equipment & Supplies — 3.5%,Hill-Rom Holdings Inc.,91,"8,852",,,hill rom,HILLR,HILL-ROM HOLDINGS INC.
ESML,iShares MSCI USA Small-Cap ESG Optimized ETF,31/08/18,Health Care Equipment & Supplies — 3.5%,Inogen Inc.,48,"12,716",,,inogen,6IO.SG,INOGEN INC.
ESML,iShares MSCI USA Small-Cap ESG Optimized ETF,31/08/18,Health Care Equipment & Supplies — 3.5%,Insulet Corp. (a)(b),139,"14,494",,,insulet a b,INSUL,INSULET CORP. (A)(B)
ESML,iShares MSCI USA Small-Cap ESG Optimized ETF,31/08/18,Health Care Equipment & Supplies — 3.5%,Integer Holdings Corp.,77,"6,152",,,integer,ITGR,INTEGER HOLDINGS CORP.
ESML,iShares MSCI USA Small-Cap ESG Optimized ETF,31/08/18,Health Care Equipment & Supplies — 3.5%,Integra LifeSciences Holdings Corp.,97,"5,769",,,integra lifesciences,IART,INTEGRA LIFESCIENCES HOLDINGS CORP.
ESML,iShares MSCI USA Small-Cap ESG Optimized ETF,31/08/18,Health Care Equipment & Supplies — 3.5%,iRhythm Technologies Inc.,69,"6,423",,,irhythm technologies,IRTC,IRHYTHM TECHNOLOGIES INC.
ESML,iShares MSCI USA Small-Cap ESG Optimized ETF,31/08/18,Health Care Equipment & Supplies — 3.5%,LeMaitre Vascular Inc.,150,"5,627",,,lemaitre vascular,LMAT,LEMAITRE VASCULAR INC.
ESML,iShares MSCI USA Small-Cap ESG Optimized ETF,31/08/18,Health Care Equipment & Supplies — 3.5%,LivaNova PLC,163,"20,465",,,livanova,LIVN,LIVANOVA PLC
ESML,iShares MSCI USA Small-Cap ESG Optimized ETF,31/08/18,Health Care Equipment & Supplies — 3.5%,Merit Medical Systems Inc.,256,"15,066",,,merit medical systems,MMSI,MERIT MEDICAL SYSTEMS INC.
ESML,iShares MSCI USA Small-Cap ESG Optimized ETF,31/08/18,Health Care Equipment & Supplies — 3.5%,Neogen Corp.,66,"6,167",,,neogen,NG2.SG,NEOGEN CORP.
ESML,iShares MSCI USA Small-Cap ESG Optimized ETF,31/08/18,Health Care Equipment & Supplies — 3.5%,Nevro Corp.,93,"6,270",,,nevro,NEVRO,NEVRO CORP.
ESML,iShares MSCI USA Small-Cap ESG Optimized ETF,31/08/18,Health Care Equipment & Supplies — 3.5%,Novocure Ltd.,161,"7,253",,,novocure,NVCR,NOVOCURE LTD.
ESML,iShares MSCI USA Small-Cap ESG Optimized ETF,31/08/18,Health Care Equipment & Supplies — 3.5%,NuVasive Inc.,116,"8,142",,,nuvasive,NUVAS,NUVASIVE INC.
ESML,iShares MSCI USA Small-Cap ESG Optimized ETF,31/08/18,Health Care Equipment & Supplies — 3.5%,OraSure Technologies Inc.,342,"5,475",,,orasure technologies,OSUR,ORASURE TECHNOLOGIES INC.
ESML,iShares MSCI USA Small-Cap ESG Optimized ETF,31/08/18,Health Care Equipment & Supplies — 3.5%,Orthofix Medical Inc.,119,"6,374",,,orthofix medical,OFIX,ORTHOFIX MEDICAL INC.
ESML,iShares MSCI USA Small-Cap ESG Optimized ETF,31/08/18,Health Care Equipment & Supplies — 3.5%,Penumbra Inc.,119,"16,523",,,penumbra,PEN,PENUMBRA INC.
ESML,iShares MSCI USA Small-Cap ESG Optimized ETF,31/08/18,Health Care Equipment & Supplies — 3.5%,Quidel Corp.,126,"9,687",,,quidel,QL1A.SG,QUIDEL CORP.
ESML,iShares MSCI USA Small-Cap ESG Optimized ETF,31/08/18,Health Care Equipment & Supplies — 3.5%,STAAR Surgical Co.,161,"7,680",,,staar surgical,STAA,STAAR SURGICAL CO.
ESML,iShares MSCI USA Small-Cap ESG Optimized ETF,31/08/18,Health Care Equipment & Supplies — 3.5%,STERIS PLC,321,"36,729",,,steris,STE,STERIS PLC
ESML,iShares MSCI USA Small-Cap ESG Optimized ETF,31/08/18,Health Care Equipment & Supplies — 3.5%,Tactile Systems Technology Inc.,93,"6,293",,,tactile systems technology,TCMD,TACTILE SYSTEMS TECHNOLOGY INC.
ESML,iShares MSCI USA Small-Cap ESG Optimized ETF,31/08/18,Health Care Equipment & Supplies — 3.5%,Varex Imaging Corp.,186,"5,840",,,varex imaging,VI4.SG,VAREX IMAGING CORP.
ESML,iShares MSCI USA Small-Cap ESG Optimized ETF,31/08/18,Health Care Equipment & Supplies — 3.5%,West Pharmaceutical Services Inc.,371,"43,426","4,07,680",,west pharmaceutical services,WST,WEST PHARMACEUTICAL SERVICES INC.
ESML,iShares MSCI USA Small-Cap ESG Optimized ETF,31/08/18,Health Care Providers &Services — 3.3%,Acadia Healthcare Co. Inc. (a)(b),189,"7,849",,,acadia healthcare a b,ACADI,ACADIA HEALTHCARE CO. INC. (A)(B)
ESML,iShares MSCI USA Small-Cap ESG Optimized ETF,31/08/18,Health Care Providers &Services — 3.3%,Addus HomeCare Corp.,95,"6,166",,,addus homecare,ADUS,ADDUS HOMECARE CORP.
ESML,iShares MSCI USA Small-Cap ESG Optimized ETF,31/08/18,Health Care Providers &Services — 3.3%,Amedisys Inc.,126,"15,751",,,amedisys,AMED,AMEDISYS INC.
ESML,iShares MSCI USA Small-Cap ESG Optimized ETF,31/08/18,Health Care Providers &Services — 3.3%,AMN Healthcare Services Inc.,269,"15,683",,,amn healthcare services,AMN,AMN HEALTHCARE SERVICES INC.
ESML,iShares MSCI USA Small-Cap ESG Optimized ETF,31/08/18,Health Care Providers &Services — 3.3%,BioTelemetry Inc.,169,"10,444",,,biotelemetry,BIOTE,BIOTELEMETRY INC.
ESML,iShares MSCI USA Small-Cap ESG Optimized ETF,31/08/18,Health Care Providers &Services — 3.3%,Brookdale Senior Living Inc.,953,"9,454",,,brookdale senior living,BKD,BROOKDALE SENIOR LIVING INC.
ESML,iShares MSCI USA Small-Cap ESG Optimized ETF,31/08/18,Health Care Providers &Services — 3.3%,Chemed Corp.,41,"13,265",,,chemed,CHE,CHEMED CORP.
ESML,iShares MSCI USA Small-Cap ESG Optimized ETF,31/08/18,Health Care Providers &Services — 3.3%,Civitas Solutions Inc.,356,"5,696",,,civitas solutions,CIVIT,CIVITAS SOLUTIONS INC.
ESML,iShares MSCI USA Small-Cap ESG Optimized ETF,31/08/18,Health Care Providers &Services — 3.3%,CorVel Corp.,136,"8,085",,,corvel,CRVL,CORVEL CORP.
ESML,iShares MSCI USA Small-Cap ESG Optimized ETF,31/08/18,Health Care Providers &Services — 3.3%,Cross Country Healthcare Inc.,572,"5,726",,,cross country healthcare,CCRN,CROSS COUNTRY HEALTHCARE INC.
ESML,iShares MSCI USA Small-Cap ESG Optimized ETF,31/08/18,Health Care Providers &Services — 3.3%,Diplomat Pharmacy Inc.,296,"6,115",,,diplomat pharmacy,DIPLO,DIPLOMAT PHARMACY INC.
ESML,iShares MSCI USA Small-Cap ESG Optimized ETF,31/08/18,Health Care Providers &Services — 3.3%,Encompass Health Corp.,420,"34,268",,,encompass health,EHC,ENCOMPASS HEALTH CORP.
ESML,iShares MSCI USA Small-Cap ESG Optimized ETF,31/08/18,Health Care Providers &Services — 3.3%,Ensign Group Inc. (The),154,"6,017",,,ensign the,ENSIG,ENSIGN GROUP INC. (THE)
ESML,iShares MSCI USA Small-Cap ESG Optimized ETF,31/08/18,Health Care Providers &Services — 3.3%,Envision Healthcare Corp.,411,"18,643",,,envision healthcare,ENVIS,ENVISION HEALTHCARE CORP.
ESML,iShares MSCI USA Small-Cap ESG Optimized ETF,31/08/18,Health Care Providers &Services — 3.3%,HealthEquity Inc.,126,"11,870",,,healthequity,HQY,HEALTHEQUITY INC.
ESML,iShares MSCI USA Small-Cap ESG Optimized ETF,31/08/18,Health Care Providers &Services — 3.3%,LHC Group Inc.,94,"9,299",,,lhc,LHCGR,LHC GROUP INC.
ESML,iShares MSCI USA Small-Cap ESG Optimized ETF,31/08/18,Health Care Providers &Services — 3.3%,LifePoint Health Inc.,98,"6,311",,,lifepoint health,LIFEP,LIFEPOINT HEALTH INC.
ESML,iShares MSCI USA Small-Cap ESG Optimized ETF,31/08/18,Health Care Providers &Services — 3.3%,Magellan Health Inc.,73,"5,366",,,magellan health,MAGEL,MAGELLAN HEALTH INC.
ESML,iShares MSCI USA Small-Cap ESG Optimized ETF,31/08/18,Health Care Providers &Services — 3.3%,MEDNAX Inc.,376,"17,804",,,mednax,PDC.SG,MEDNAX INC.
ESML,iShares MSCI USA Small-Cap ESG Optimized ETF,31/08/18,Health Care Providers &Services — 3.3%,Molina Healthcare Inc.,118,"16,284",,,molina healthcare,MOH,MOLINA HEALTHCARE INC.
ESML,iShares MSCI USA Small-Cap ESG Optimized ETF,31/08/18,Health Care Providers &Services — 3.3%,National Research Corp.,236,"9,239",,,national research,NR1A.SG,NATIONAL RESEARCH CORP.
ESML,iShares MSCI USA Small-Cap ESG Optimized ETF,31/08/18,Health Care Providers &Services — 3.3%,Owens & Minor Inc.,521,"8,847",,,owens and minor,OMI,OWENS & MINOR INC.
ESML,iShares MSCI USA Small-Cap ESG Optimized ETF,31/08/18,Health Care Providers &Services — 3.3%,Patterson Companies Inc.,"1,071","24,151",,,patterson companies,PATTE,PATTERSON COMPANIES INC.
ESML,iShares MSCI USA Small-Cap ESG Optimized ETF,31/08/18,Health Care Providers &Services — 3.3%,"Premier Inc., Class A",534,"23,619",,,premier,PINC,"PREMIER INC., CLASS A"
ESML,iShares MSCI USA Small-Cap ESG Optimized ETF,31/08/18,Health Care Providers &Services — 3.3%,Providence Service Corp. (The),174,"11,682",,,providence service the,PROVI,PROVIDENCE SERVICE CORP. (THE)
ESML,iShares MSCI USA Small-Cap ESG Optimized ETF,31/08/18,Health Care Providers &Services — 3.3%,R1 RCM Inc.,698,"6,959",,,r1 rcm,RRCMI,R1 RCM INC.
ESML,iShares MSCI USA Small-Cap ESG Optimized ETF,31/08/18,Health Care Providers &Services — 3.3%,Select Medical Holdings Corp.,563,"11,147",,,select medical,SEM,SELECT MEDICAL HOLDINGS CORP.
ESML,iShares MSCI USA Small-Cap ESG Optimized ETF,31/08/18,Health Care Providers &Services — 3.3%,Tenet Healthcare Corp.,211,"7,115",,,tenet healthcare,THC,TENET HEALTHCARE CORP.
ESML,iShares MSCI USA Small-Cap ESG Optimized ETF,31/08/18,Health Care Providers &Services — 3.3%,Tivity Health Inc.,329,"11,318",,,tivity health,TIVIT,TIVITY HEALTH INC.
ESML,iShares MSCI USA Small-Cap ESG Optimized ETF,31/08/18,Health Care Providers &Services — 3.3%,U.S. Physical Therapy Inc.,122,"15,281",,,u s physical therapy,USPH,U.S. PHYSICAL THERAPY INC.
ESML,iShares MSCI USA Small-Cap ESG Optimized ETF,31/08/18,Health Care Providers &Services — 3.3%,WellCare Health Plans Inc.,48,"14,523","3,73,977",,wellcare health plans,WELLC,WELLCARE HEALTH PLANS INC.
ESML,iShares MSCI USA Small-Cap ESG Optimized ETF,31/08/18,Health Care Technology — 0.6%,Allscripts Healthcare Solutions Inc.,"1,267","18,511",,,allscripts healthcare solutions,AL21.SG,ALLSCRIPTS HEALTHCARE SOLUTIONS INC.
ESML,iShares MSCI USA Small-Cap ESG Optimized ETF,31/08/18,Health Care Technology — 0.6%,athenahealth Inc. (a)(b),139,"21,392",,,athenahealth a b,ATHEN,ATHENAHEALTH INC. (A)(B)
ESML,iShares MSCI USA Small-Cap ESG Optimized ETF,31/08/18,Health Care Technology — 0.6%,Medidata Solutions Inc.,202,"17,166",,,medidata solutions,MEDID,MEDIDATA SOLUTIONS INC.
ESML,iShares MSCI USA Small-Cap ESG Optimized ETF,31/08/18,Health Care Technology — 0.6%,Teladoc Health Inc. (a)(b),189,"14,657","71,726",,teladoc health a b,TELAD,TELADOC HEALTH INC. (A)(B)
ESML,iShares MSCI USA Small-Cap ESG Optimized ETF,31/08/18,"Hotels, Restaurants & Leisure — 2.5%",BBX Capital Corp.,607,"4,510",,,bbx capital,BBXCA,BBX CAPITAL CORP.
ESML,iShares MSCI USA Small-Cap ESG Optimized ETF,31/08/18,"Hotels, Restaurants & Leisure — 2.5%",BJ’s Restaurants Inc.,87,"6,586",,,bj s restaurants,BJRI,BJ’S RESTAURANTS INC.
ESML,iShares MSCI USA Small-Cap ESG Optimized ETF,31/08/18,"Hotels, Restaurants & Leisure — 2.5%",Boyd Gaming Corp.,451,"16,425",,,boyd gaming,BYD,BOYD GAMING CORP.
ESML,iShares MSCI USA Small-Cap ESG Optimized ETF,31/08/18,"Hotels, Restaurants & Leisure — 2.5%",Brinker International Inc.,289,"12,797",,,brinker international,EAT,BRINKER INTERNATIONAL INC.
ESML,iShares MSCI USA Small-Cap ESG Optimized ETF,31/08/18,"Hotels, Restaurants & Leisure — 2.5%",Caesars Entertainment Corp. (a)(b),"2,141","21,838",,,caesars entertainment a b,CAESA,CAESARS ENTERTAINMENT CORP. (A)(B)
ESML,iShares MSCI USA Small-Cap ESG Optimized ETF,31/08/18,"Hotels, Restaurants & Leisure — 2.5%",Cheesecake Factory Inc. (The),111,"5,902",,,cheesecake factory the,CHEES,CHEESECAKE FACTORY INC. (THE)
ESML,iShares MSCI USA Small-Cap ESG Optimized ETF,31/08/18,"Hotels, Restaurants & Leisure — 2.5%",Churchill Downs Inc.,73,"20,630",,,churchill downs,CHDN,CHURCHILL DOWNS INC.
ESML,iShares MSCI USA Small-Cap ESG Optimized ETF,31/08/18,"Hotels, Restaurants & Leisure — 2.5%",Cracker Barrel Old Country Store Inc.,41,"6,113",,,cracker barrel old country store,CBRL,CRACKER BARREL OLD COUNTRY STORE INC.
ESML,iShares MSCI USA Small-Cap ESG Optimized ETF,31/08/18,"Hotels, Restaurants & Leisure — 2.5%",Dave & Buster’s Entertainment Inc.,180,"10,471",,,dave and buster s entertainment,DAVEB,DAVE & BUSTER’S ENTERTAINMENT INC.
ESML,iShares MSCI USA Small-Cap ESG Optimized ETF,31/08/18,"Hotels, Restaurants & Leisure — 2.5%",Dine Brands Global Inc.,88,"7,341",,,dine brands global,IHP.F,DINE BRANDS GLOBAL INC.
ESML,iShares MSCI USA Small-Cap ESG Optimized ETF,31/08/18,"Hotels, Restaurants & Leisure — 2.5%",Dunkin’ Brands Group Inc.,490,"35,716",,,dunkin brands,DUNKI,DUNKIN’ BRANDS GROUP INC.
ESML,iShares MSCI USA Small-Cap ESG Optimized ETF,31/08/18,"Hotels, Restaurants & Leisure — 2.5%",El Pollo Loco Holdings Inc.,"1,107","13,173",,,el pollo loco,LOCO,EL POLLO LOCO HOLDINGS INC.
ESML,iShares MSCI USA Small-Cap ESG Optimized ETF,31/08/18,"Hotels, Restaurants & Leisure — 2.5%",Eldorado Resorts Inc.,202,"9,706",,,eldorado resorts,ELDOR,ELDORADO RESORTS INC.
ESML,iShares MSCI USA Small-Cap ESG Optimized ETF,31/08/18,"Hotels, Restaurants & Leisure — 2.5%","International Speedway Corp., Class A",194,"8,565",,,international speedway,INTER7,"INTERNATIONAL SPEEDWAY CORP., CLASS A"
ESML,iShares MSCI USA Small-Cap ESG Optimized ETF,31/08/18,"Hotels, Restaurants & Leisure — 2.5%",Jack in the Box Inc.,90,"8,158",,,jack in the box,JACK,JACK IN THE BOX INC.
ESML,iShares MSCI USA Small-Cap ESG Optimized ETF,31/08/18,"Hotels, Restaurants & Leisure — 2.5%",Marriott Vacations Worldwide Corp.,136,"16,184",,,marriott vacations worldwide,VAC,MARRIOTT VACATIONS WORLDWIDE CORP.
ESML,iShares MSCI USA Small-Cap ESG Optimized ETF,31/08/18,"Hotels, Restaurants & Leisure — 2.5%","Planet Fitness Inc., Class A",180,"9,247",,,planet fitness,PLNT,"PLANET FITNESS INC., CLASS A"
ESML,iShares MSCI USA Small-Cap ESG Optimized ETF,31/08/18,"Hotels, Restaurants & Leisure — 2.5%",PlayAGS Inc.,186,"5,959",,,playags,PLAYA,PLAYAGS INC.
ESML,iShares MSCI USA Small-Cap ESG Optimized ETF,31/08/18,"Hotels, Restaurants & Leisure — 2.5%",Red Robin Gourmet Burgers Inc.,141,"5,823",,,red robin gourmet burgers,RRGB,RED ROBIN GOURMET BURGERS INC.
ESML,iShares MSCI USA Small-Cap ESG Optimized ETF,31/08/18,"Hotels, Restaurants & Leisure — 2.5%","Scientific Games Corp./DE, Class A",187,"5,666",,,scientific games de,SCIEN,"SCIENTIFIC GAMES CORP./DE, CLASS A"
ESML,iShares MSCI USA Small-Cap ESG Optimized ETF,31/08/18,"Hotels, Restaurants & Leisure — 2.5%","Shake Shack Inc., Class A",182,"11,002",,,shake shack,SHAK,"SHAKE SHACK INC., CLASS A"
ESML,iShares MSCI USA Small-Cap ESG Optimized ETF,31/08/18,"Hotels, Restaurants & Leisure — 2.5%",Six Flags Entertainment Corp.,261,"17,631",,,six flags entertainment,FUN,SIX FLAGS ENTERTAINMENT CORP.
ESML,iShares MSCI USA Small-Cap ESG Optimized ETF,31/08/18,"Hotels, Restaurants & Leisure — 2.5%",Wendy’s Co. (The),860,"15,179",,,wendy s the,WEN,WENDY’S CO. (THE)
ESML,iShares MSCI USA Small-Cap ESG Optimized ETF,31/08/18,"Hotels, Restaurants & Leisure — 2.5%",Wyndham Hotels & Resorts Inc.,244,"13,847","2,88,469",,wyndham hotels and resorts,WH,WYNDHAM HOTELS & RESORTS INC.
ESML,iShares MSCI USA Small-Cap ESG Optimized ETF,31/08/18,Household Durables — 1.0%,Century Communities Inc.,195,"5,704",,,century communities,CCS,CENTURY COMMUNITIES INC.
ESML,iShares MSCI USA Small-Cap ESG Optimized ETF,31/08/18,Household Durables — 1.0%,Ethan Allen Interiors Inc.,245,"5,451",,,ethan allen interiors,ETD,ETHAN ALLEN INTERIORS INC.
ESML,iShares MSCI USA Small-Cap ESG Optimized ETF,31/08/18,Household Durables — 1.0%,Green Brick Partners Inc.,527,"5,507",,,green brick partners,GRBK,GREEN BRICK PARTNERS INC.
ESML,iShares MSCI USA Small-Cap ESG Optimized ETF,31/08/18,Household Durables — 1.0%,Helen of Troy Ltd. (a)(b),162,"19,270",,,helen of troy a b,HELEN,HELEN OF TROY LTD. (A)(B)
ESML,iShares MSCI USA Small-Cap ESG Optimized ETF,31/08/18,Household Durables — 1.0%,Hooker Furniture Corp.,119,"5,004",,,hooker furniture,HOOKE,HOOKER FURNITURE CORP.
ESML,iShares MSCI USA Small-Cap ESG Optimized ETF,31/08/18,Household Durables — 1.0%,iRobot Corp. (a)(b),149,"16,911",,,irobot a b,IROBO,IROBOT CORP. (A)(B)
ESML,iShares MSCI USA Small-Cap ESG Optimized ETF,31/08/18,Household Durables — 1.0%,KB Home,400,"9,940",,,kb home,KBH,KB HOME
ESML,iShares MSCI USA Small-Cap ESG Optimized ETF,31/08/18,Household Durables — 1.0%,La-Z-Boy Inc.,227,"7,548",,,la z boy,LZB,LA-Z-BOY INC.
ESML,iShares MSCI USA Small-Cap ESG Optimized ETF,31/08/18,Household Durables — 1.0%,LGI Homes Inc. (a)(b),126,"7,258",,,lgi homes a b,LGIHO,LGI HOMES INC. (A)(B)
ESML,iShares MSCI USA Small-Cap ESG Optimized ETF,31/08/18,Household Durables — 1.0%,MDC Holdings Inc.,182,"5,769",,,mdc,MDCHO,MDC HOLDINGS INC.
ESML,iShares MSCI USA Small-Cap ESG Optimized ETF,31/08/18,Household Durables — 1.0%,Meritage Homes Corp.,122,"5,264",,,meritage homes,MEY.SG,MERITAGE HOMES CORP.
ESML,iShares MSCI USA Small-Cap ESG Optimized ETF,31/08/18,Household Durables — 1.0%,Tempur Sealy International Inc.,112,"6,204",,,tempur sealy international,TPD.SG,TEMPUR SEALY INTERNATIONAL INC.
ESML,iShares MSCI USA Small-Cap ESG Optimized ETF,31/08/18,Household Durables — 1.0%,TopBuild Corp.,77,"4,796",,,topbuild,BLD,TOPBUILD CORP.
ESML,iShares MSCI USA Small-Cap ESG Optimized ETF,31/08/18,Household Durables — 1.0%,TRI Pointe Group Inc.,366,"5,303",,,tri pointe,TRIPO,TRI POINTE GROUP INC.
ESML,iShares MSCI USA Small-Cap ESG Optimized ETF,31/08/18,Household Durables — 1.0%,Tupperware Brands Corp.,205,"6,667","1,16,596",,tupperware brands,TUPPE,TUPPERWARE BRANDS CORP.
ESML,iShares MSCI USA Small-Cap ESG Optimized ETF,31/08/18,Household Products — 0.1%,Energizer Holdings Inc.,128,"8,140",,,energizer,ENR,ENERGIZER HOLDINGS INC.
ESML,iShares MSCI USA Small-Cap ESG Optimized ETF,31/08/18,Household Products — 0.1%,Spectrum Brands Holdings Inc.,100,"8,685","16,825",,spectrum brands,SPB,SPECTRUM BRANDS HOLDINGS INC.
ESML,iShares MSCI USA Small-Cap ESG Optimized ETF,31/08/18,Independent Power and Renewable Electricity Producers — 0.9%,NextEra Energy Partners LP,208,"10,088",,,nextera energy partners lp,NEXTE,NEXTERA ENERGY PARTNERS LP
ESML,iShares MSCI USA Small-Cap ESG Optimized ETF,31/08/18,Independent Power and Renewable Electricity Producers — 0.9%,NRG Energy Inc.,778,"27,534",,,nrg energy,NRG,NRG ENERGY INC.
ESML,iShares MSCI USA Small-Cap ESG Optimized ETF,31/08/18,Independent Power and Renewable Electricity Producers — 0.9%,"NRG Yield Inc., Class C",771,"15,304",,,nrg yield,NRGYI,"NRG YIELD INC., CLASS C"
ESML,iShares MSCI USA Small-Cap ESG Optimized ETF,31/08/18,Independent Power and Renewable Electricity Producers — 0.9%,Ormat Technologies Inc.,399,"21,007",,,ormat technologies,ORA,ORMAT TECHNOLOGIES INC.
ESML,iShares MSCI USA Small-Cap ESG Optimized ETF,31/08/18,Independent Power and Renewable Electricity Producers — 0.9%,"Pattern Energy Group Inc., Class A","1,134","23,111",,,pattern energy,PATTE3,"PATTERN ENERGY GROUP INC., CLASS A"
ESML,iShares MSCI USA Small-Cap ESG Optimized ETF,31/08/18,Independent Power and Renewable Electricity Producers — 0.9%,"TerraForm Power Inc., Class A",928,"10,375","1,07,419",,terraform power,TERRA3,"TERRAFORM POWER INC., CLASS A"
ESML,iShares MSCI USA Small-Cap ESG Optimized ETF,31/08/18,Industrial Conglomerates — 0.4%,Carlisle Companies Inc.,296,"37,536",,,carlisle companies,CSL,CARLISLE COMPANIES INC.
ESML,iShares MSCI USA Small-Cap ESG Optimized ETF,31/08/18,Industrial Conglomerates — 0.4%,Raven Industries Inc.,244,"11,809","49,345",,raven industries,RAVEN,RAVEN INDUSTRIES INC.
ESML,iShares MSCI USA Small-Cap ESG Optimized ETF,31/08/18,Insurance — 1.6%,American Equity Investment Life Holding Co.,150,"5,564",,,american equity investment life holding,AMERI2,AMERICAN EQUITY INVESTMENT LIFE HOLDING CO.
ESML,iShares MSCI USA Small-Cap ESG Optimized ETF,31/08/18,Insurance — 1.6%,AmTrust Financial Services Inc.,386,"5,612",,,amtrust financial services,AFFS,AMTRUST FINANCIAL SERVICES INC.
ESML,iShares MSCI USA Small-Cap ESG Optimized ETF,31/08/18,Insurance — 1.6%,Aspen Insurance Holdings Ltd.,349,"14,361",,,aspen insurance,8ZV.F,ASPEN INSURANCE HOLDINGS LTD.
ESML,iShares MSCI USA Small-Cap ESG Optimized ETF,31/08/18,Insurance — 1.6%,Assured Guaranty Ltd.,235,"9,574",,,assured guaranty,AGO,ASSURED GUARANTY LTD.
ESML,iShares MSCI USA Small-Cap ESG Optimized ETF,31/08/18,Insurance — 1.6%,Brown & Brown Inc.,543,"16,551",,,brown and brown,BRO,BROWN & BROWN INC.
ESML,iShares MSCI USA Small-Cap ESG Optimized ETF,31/08/18,Insurance — 1.6%,CNO Financial Group Inc.,330,"7,131",,,cno financial,CNO,CNO FINANCIAL GROUP INC.
ESML,iShares MSCI USA Small-Cap ESG Optimized ETF,31/08/18,Insurance — 1.6%,"Crawford & Co., Class A, NVS",722,"6,159",,,crawford and,CWK0.F,"CRAWFORD & CO., CLASS A, NVS"
ESML,iShares MSCI USA Small-Cap ESG Optimized ETF,31/08/18,Insurance — 1.6%,"Erie Indemnity Co., Class A, NVS",82,"10,129",,,erie indemnity,ERIE,"ERIE INDEMNITY CO., CLASS A, NVS"
ESML,iShares MSCI USA Small-Cap ESG Optimized ETF,31/08/18,Insurance — 1.6%,First American Financial Corp.,630,"35,822",,,first american financial,FAF,FIRST AMERICAN FINANCIAL CORP.
ESML,iShares MSCI USA Small-Cap ESG Optimized ETF,31/08/18,Insurance — 1.6%,"Genworth Financial Inc., Class A","1,930","8,975",,,genworth financial,GNW,"GENWORTH FINANCIAL INC., CLASS A"
ESML,iShares MSCI USA Small-Cap ESG Optimized ETF,31/08/18,Insurance — 1.6%,Hanover Insurance Group Inc. (The),141,"17,271",,,hanover insurance the,HANOV,HANOVER INSURANCE GROUP INC. (THE)
ESML,iShares MSCI USA Small-Cap ESG Optimized ETF,31/08/18,Insurance — 1.6%,Horace Mann Educators Corp.,134,"6,204",,,horace mann educators,HM9.F,HORACE MANN EDUCATORS CORP.
ESML,iShares MSCI USA Small-Cap ESG Optimized ETF,31/08/18,Insurance — 1.6%,Kemper Corp.,70,"5,695",,,kemper,KMPR,KEMPER CORP.
ESML,iShares MSCI USA Small-Cap ESG Optimized ETF,31/08/18,Insurance — 1.6%,Old Republic International Corp.,286,"6,343",,,old republic international,ORI,OLD REPUBLIC INTERNATIONAL CORP.
ESML,iShares MSCI USA Small-Cap ESG Optimized ETF,31/08/18,Insurance — 1.6%,ProAssurance Corp.,179,"8,655",,,proassurance,PRK.F,PROASSURANCE CORP.
ESML,iShares MSCI USA Small-Cap ESG Optimized ETF,31/08/18,Insurance — 1.6%,Universal Insurance Holdings Inc.,135,"6,021",,,universal insurance,UVE,UNIVERSAL INSURANCE HOLDINGS INC.
ESML,iShares MSCI USA Small-Cap ESG Optimized ETF,31/08/18,Insurance — 1.6%,White Mountains Insurance Group Ltd.,11,"10,207","1,80,274",,white mountains insurance,WTM,WHITE MOUNTAINS INSURANCE GROUP LTD.
ESML,iShares MSCI USA Small-Cap ESG Optimized ETF,31/08/18,Internet & Direct Marketing Retail — 0.5%,Groupon Inc.,"1,202","5,133",,,groupon,GRPN,GROUPON INC.
ESML,iShares MSCI USA Small-Cap ESG Optimized ETF,31/08/18,Internet & Direct Marketing Retail — 0.5%,Nutrisystem Inc.,172,"6,364",,,nutrisystem,NUTRI,NUTRISYSTEM INC.
ESML,iShares MSCI USA Small-Cap ESG Optimized ETF,31/08/18,Internet & Direct Marketing Retail — 0.5%,Shutterfly Inc.,208,"16,157",,,shutterfly,SHUTT2,SHUTTERFLY INC.
ESML,iShares MSCI USA Small-Cap ESG Optimized ETF,31/08/18,Internet & Direct Marketing Retail — 0.5%,"Wayfair Inc., Class A (a)(b)",181,"24,466","52,120",,wayfair a b,W,"WAYFAIR INC., CLASS A (A)(B)"
ESML,iShares MSCI USA Small-Cap ESG Optimized ETF,31/08/18,Internet Software & Services — 2.6%,2U Inc. (a)(b),173,"15,459",,,2u a b,UINCA,2U INC. (A)(B)
ESML,iShares MSCI USA Small-Cap ESG Optimized ETF,31/08/18,Internet Software & Services — 2.6%,"ANGI Homeservices Inc., Class A",277,"6,000",,,angi homeservices,ANGIH,"ANGI HOMESERVICES INC., CLASS A"
ESML,iShares MSCI USA Small-Cap ESG Optimized ETF,31/08/18,Internet Software & Services — 2.6%,Benefitfocus Inc.,142,"6,262",,,benefitfocus,BENEF,BENEFITFOCUS INC.
ESML,iShares MSCI USA Small-Cap ESG Optimized ETF,31/08/18,Internet Software & Services — 2.6%,"Box Inc., Class A",228,"5,600",,,box,BOX,"BOX INC., CLASS A"
ESML,iShares MSCI USA Small-Cap ESG Optimized ETF,31/08/18,Internet Software & Services — 2.6%,Carbonite Inc. (a)(b),139,"5,776",,,carbonite a b,CARBO,CARBONITE INC. (A)(B)
ESML,iShares MSCI USA Small-Cap ESG Optimized ETF,31/08/18,Internet Software & Services — 2.6%,Cloudera Inc.,411,"6,169",,,cloudera,CLOUD,CLOUDERA INC.
ESML,iShares MSCI USA Small-Cap ESG Optimized ETF,31/08/18,Internet Software & Services — 2.6%,Coupa Software Inc. (a)(b),161,"11,545",,,coupa software a b,COUPA,COUPA SOFTWARE INC. (A)(B)
ESML,iShares MSCI USA Small-Cap ESG Optimized ETF,31/08/18,Internet Software & Services — 2.6%,Envestnet Inc.,121,"7,647",,,envestnet,ENVES,ENVESTNET INC.
ESML,iShares MSCI USA Small-Cap ESG Optimized ETF,31/08/18,Internet Software & Services — 2.6%,Etsy Inc.,375,"18,259",,,etsy,ETSY,ETSY INC.
ESML,iShares MSCI USA Small-Cap ESG Optimized ETF,31/08/18,Internet Software & Services — 2.6%,Five9 Inc.,229,"11,004",,,five9,FIVN,FIVE9 INC.
ESML,iShares MSCI USA Small-Cap ESG Optimized ETF,31/08/18,Internet Software & Services — 2.6%,Gogo Inc. (a)(b),"1,217","5,464",,,gogo a b,GOGOI,GOGO INC. (A)(B)
ESML,iShares MSCI USA Small-Cap ESG Optimized ETF,31/08/18,Internet Software & Services — 2.6%,GrubHub Inc. (a)(b),218,"31,416",,,grubhub a b,GRUBH,GRUBHUB INC. (A)(B)
ESML,iShares MSCI USA Small-Cap ESG Optimized ETF,31/08/18,Internet Software & Services — 2.6%,Limelight Networks Inc.,"1,375","6,971",,,limelight networks,LIMEL,LIMELIGHT NETWORKS INC.
ESML,iShares MSCI USA Small-Cap ESG Optimized ETF,31/08/18,Internet Software & Services — 2.6%,LivePerson Inc.,286,"7,694",,,liveperson,LPSN,LIVEPERSON INC.
ESML,iShares MSCI USA Small-Cap ESG Optimized ETF,31/08/18,Internet Software & Services — 2.6%,LogMeIn Inc.,224,"19,253",,,logmein,LOGME,LOGMEIN INC.
ESML,iShares MSCI USA Small-Cap ESG Optimized ETF,31/08/18,Internet Software & Services — 2.6%,"MINDBODY Inc., Class A",336,"12,466",,,mindbody,MINDB,"MINDBODY INC., CLASS A"
ESML,iShares MSCI USA Small-Cap ESG Optimized ETF,31/08/18,Internet Software & Services — 2.6%,New Relic Inc.,170,"17,469",,,new relic,NEWRE,NEW RELIC INC.
ESML,iShares MSCI USA Small-Cap ESG Optimized ETF,31/08/18,Internet Software & Services — 2.6%,"Nutanix Inc., Class A (a)(b)",426,"23,992",,,nutanix a b,NUTAN,"NUTANIX INC., CLASS A (A)(B)"
ESML,iShares MSCI USA Small-Cap ESG Optimized ETF,31/08/18,Internet Software & Services — 2.6%,Pandora Media Inc.,755,"6,976",,,pandora media,PANDO,PANDORA MEDIA INC.
ESML,iShares MSCI USA Small-Cap ESG Optimized ETF,31/08/18,Internet Software & Services — 2.6%,Quotient Technology Inc.,514,"7,684",,,quotient technology,QUOTI,QUOTIENT TECHNOLOGY INC.
ESML,iShares MSCI USA Small-Cap ESG Optimized ETF,31/08/18,Internet Software & Services — 2.6%,SendGrid Inc.,179,"6,492",,,sendgrid,SENDG,SENDGRID INC.
ESML,iShares MSCI USA Small-Cap ESG Optimized ETF,31/08/18,Internet Software & Services — 2.6%,SPS Commerce Inc.,79,"7,764",,,sps commerce,SPSC,SPS COMMERCE INC.
ESML,iShares MSCI USA Small-Cap ESG Optimized ETF,31/08/18,Internet Software & Services — 2.6%,Stamps.com Inc.,34,"8,447",,,stamps com,STAMP,STAMPS.COM INC.
ESML,iShares MSCI USA Small-Cap ESG Optimized ETF,31/08/18,Internet Software & Services — 2.6%,"Trade Desk Inc. (The), Class A",83,"11,776",,,trade desk the,TRADE,"TRADE DESK INC. (THE), CLASS A"
ESML,iShares MSCI USA Small-Cap ESG Optimized ETF,31/08/18,Internet Software & Services — 2.6%,"Twilio Inc., Class A",245,"19,762",,,twilio,TWLO,"TWILIO INC., CLASS A"
ESML,iShares MSCI USA Small-Cap ESG Optimized ETF,31/08/18,Internet Software & Services — 2.6%,Yelp Inc.,135,"6,361","2,93,708",,yelp,YELP,YELP INC.
ESML,iShares MSCI USA Small-Cap ESG Optimized ETF,31/08/18,IT Services — 2.6%,Acxiom Corp.,189,"8,635",,,acxiom,ACXIO,ACXIOM CORP.
ESML,iShares MSCI USA Small-Cap ESG Optimized ETF,31/08/18,IT Services — 2.6%,Black Knight Inc. (a)(b),453,"24,190",,,black knight a b,BLACK24,BLACK KNIGHT INC. (A)(B)
ESML,iShares MSCI USA Small-Cap ESG Optimized ETF,31/08/18,IT Services — 2.6%,Booz Allen Hamilton Holding Corp.,592,"30,287",,,booz allen hamilton holding,BAH,BOOZ ALLEN HAMILTON HOLDING CORP.
ESML,iShares MSCI USA Small-Cap ESG Optimized ETF,31/08/18,IT Services — 2.6%,"CACI International Inc., Class A",78,"15,210",,,caci international,CACI,"CACI INTERNATIONAL INC., CLASS A"
ESML,iShares MSCI USA Small-Cap ESG Optimized ETF,31/08/18,IT Services — 2.6%,"Cardtronics PLC, Class A",152,"5,334",,,cardtronics,CARDT,"CARDTRONICS PLC, CLASS A"
ESML,iShares MSCI USA Small-Cap ESG Optimized ETF,31/08/18,IT Services — 2.6%,Conduent Inc.,873,"20,236",,,conduent,4C0.SG,CONDUENT INC.
ESML,iShares MSCI USA Small-Cap ESG Optimized ETF,31/08/18,IT Services — 2.6%,CSG Systems International Inc.,141,"5,266",,,csg systems international,CSGS,CSG SYSTEMS INTERNATIONAL INC.
ESML,iShares MSCI USA Small-Cap ESG Optimized ETF,31/08/18,IT Services — 2.6%,EPAM Systems Inc.,102,"14,579",,,epam systems,EPAM,EPAM SYSTEMS INC.
ESML,iShares MSCI USA Small-Cap ESG Optimized ETF,31/08/18,IT Services — 2.6%,Euronet Worldwide Inc.,75,"7,335",,,euronet worldwide,EEFT,EURONET WORLDWIDE INC.
ESML,iShares MSCI USA Small-Cap ESG Optimized ETF,31/08/18,IT Services — 2.6%,Everi Holdings Inc.,716,"6,208",,,everi,EVERI,EVERI HOLDINGS INC.
ESML,iShares MSCI USA Small-Cap ESG Optimized ETF,31/08/18,IT Services — 2.6%,ExlService Holdings Inc.,100,"6,408",,,exlservice,EXLS,EXLSERVICE HOLDINGS INC.
ESML,iShares MSCI USA Small-Cap ESG Optimized ETF,31/08/18,IT Services — 2.6%,MoneyGram International Inc.,837,"5,449",,,moneygram international,MONEY,MONEYGRAM INTERNATIONAL INC.
ESML,iShares MSCI USA Small-Cap ESG Optimized ETF,31/08/18,IT Services — 2.6%,Perspecta Inc.,406,"9,444",,,perspecta,PERSP,PERSPECTA INC.
ESML,iShares MSCI USA Small-Cap ESG Optimized ETF,31/08/18,IT Services — 2.6%,Science Applications International Corp.,192,"17,322",,,science applications international,SAIC,SCIENCE APPLICATIONS INTERNATIONAL CORP.
ESML,iShares MSCI USA Small-Cap ESG Optimized ETF,31/08/18,IT Services — 2.6%,ServiceSource International Inc.,"1,695","5,407",,,servicesource international,SERVI4,SERVICESOURCE INTERNATIONAL INC.
ESML,iShares MSCI USA Small-Cap ESG Optimized ETF,31/08/18,IT Services — 2.6%,Sykes Enterprises Inc.,456,"13,790",,,sykes enterprises,SYKES,SYKES ENTERPRISES INC.
ESML,iShares MSCI USA Small-Cap ESG Optimized ETF,31/08/18,IT Services — 2.6%,Teradata Corp.,909,"37,696",,,teradata,TDC,TERADATA CORP.
ESML,iShares MSCI USA Small-Cap ESG Optimized ETF,31/08/18,IT Services — 2.6%,Travelport Worldwide Ltd.,"1,041","19,331",,,travelport worldwide,TRAVE,TRAVELPORT WORLDWIDE LTD.
ESML,iShares MSCI USA Small-Cap ESG Optimized ETF,31/08/18,IT Services — 2.6%,TTEC Holdings Inc.,216,"5,659",,,ttec,TTEC,TTEC HOLDINGS INC.
ESML,iShares MSCI USA Small-Cap ESG Optimized ETF,31/08/18,IT Services — 2.6%,Virtusa Corp.,158,"9,205",,,virtusa,VIRTU,VIRTUSA CORP.
ESML,iShares MSCI USA Small-Cap ESG Optimized ETF,31/08/18,IT Services — 2.6%,WEX Inc.,160,"30,435","2,97,426",,wex,WEX,WEX INC.
ESML,iShares MSCI USA Small-Cap ESG Optimized ETF,31/08/18,Leisure Products — 0.1%,Brunswick Corp./DE,85,"5,646",,,brunswick de,BRUNS,BRUNSWICK CORP./DE
ESML,iShares MSCI USA Small-Cap ESG Optimized ETF,31/08/18,Leisure Products — 0.1%,Callaway Golf Co.,497,"11,336","16,982",,callaway golf,CLY.SG,CALLAWAY GOLF CO.
ESML,iShares MSCI USA Small-Cap ESG Optimized ETF,31/08/18,Life Sciences Tools & Services — 1.1%,Accelerate Diagnostics Inc. (a)(b),252,"6,199",,,accelerate diagnostics a b,ACCEL2,ACCELERATE DIAGNOSTICS INC. (A)(B)
ESML,iShares MSCI USA Small-Cap ESG Optimized ETF,31/08/18,Life Sciences Tools & Services — 1.1%,"Bio-Rad Laboratories Inc., Class A",35,"11,385",,,bio rad laboratories,BIO,"BIO-RAD LABORATORIES INC., CLASS A"
ESML,iShares MSCI USA Small-Cap ESG Optimized ETF,31/08/18,Life Sciences Tools & Services — 1.1%,Bio-Techne Corp.,45,"8,648",,,bio techne,TECH,BIO-TECHNE CORP.
ESML,iShares MSCI USA Small-Cap ESG Optimized ETF,31/08/18,Life Sciences Tools & Services — 1.1%,Bruker Corp.,544,"19,356",,,bruker,BRKR,BRUKER CORP.
ESML,iShares MSCI USA Small-Cap ESG Optimized ETF,31/08/18,Life Sciences Tools & Services — 1.1%,Charles River Laboratories International Inc.,50,"6,176",,,charles river laboratories international,CRL,CHARLES RIVER LABORATORIES INTERNATIONAL INC.
ESML,iShares MSCI USA Small-Cap ESG Optimized ETF,31/08/18,Life Sciences Tools & Services — 1.1%,Luminex Corp.,398,"11,228",,,luminex,LUMIN,LUMINEX CORP.
ESML,iShares MSCI USA Small-Cap ESG Optimized ETF,31/08/18,Life Sciences Tools & Services — 1.1%,NeoGenomics Inc.,477,"6,606",,,neogenomics,NEO,NEOGENOMICS INC.
ESML,iShares MSCI USA Small-Cap ESG Optimized ETF,31/08/18,Life Sciences Tools & Services — 1.1%,PerkinElmer Inc.,447,"41,316",,,perkinelmer,PKN.SG,PERKINELMER INC.
ESML,iShares MSCI USA Small-Cap ESG Optimized ETF,31/08/18,Life Sciences Tools & Services — 1.1%,PRA Health Sciences Inc.,125,"13,200",,,pra health sciences,PRAHE,PRA HEALTH SCIENCES INC.
ESML,iShares MSCI USA Small-Cap ESG Optimized ETF,31/08/18,Life Sciences Tools & Services — 1.1%,Syneos Health Inc.,150,"7,477","1,31,591",,syneos health,SYNEO,SYNEOS HEALTH INC.
ESML,iShares MSCI USA Small-Cap ESG Optimized ETF,31/08/18,Machinery — 4.1%,"Actuant Corp., Class A",332,"9,777",,,actuant,ACTUA,"ACTUANT CORP., CLASS A"
ESML,iShares MSCI USA Small-Cap ESG Optimized ETF,31/08/18,Machinery — 4.1%,Alamo Group Inc.,80,"7,624",,,alamo,ALG,ALAMO GROUP INC.
ESML,iShares MSCI USA Small-Cap ESG Optimized ETF,31/08/18,Machinery — 4.1%,Allison Transmission Holdings Inc.,386,"19,169",,,allison transmission,ALSN,ALLISON TRANSMISSION HOLDINGS INC.
ESML,iShares MSCI USA Small-Cap ESG Optimized ETF,31/08/18,Machinery — 4.1%,Barnes Group Inc.,265,"18,036",,,barnes,BARNE,BARNES GROUP INC.
ESML,iShares MSCI USA Small-Cap ESG Optimized ETF,31/08/18,Machinery — 4.1%,Briggs & Stratton Corp.,644,"12,983",,,briggs and stratton,BRIGG,BRIGGS & STRATTON CORP.
ESML,iShares MSCI USA Small-Cap ESG Optimized ETF,31/08/18,Machinery — 4.1%,Chart Industries Inc.,140,"10,577",,,chart industries,GTLS,CHART INDUSTRIES INC.
ESML,iShares MSCI USA Small-Cap ESG Optimized ETF,31/08/18,Machinery — 4.1%,Crane Co.,72,"6,572",,,crane,CR,CRANE CO.
ESML,iShares MSCI USA Small-Cap ESG Optimized ETF,31/08/18,Machinery — 4.1%,Donaldson Co. Inc.,799,"40,429",,,donaldson,DCI,DONALDSON CO. INC.
ESML,iShares MSCI USA Small-Cap ESG Optimized ETF,31/08/18,Machinery — 4.1%,ESCO Technologies Inc.,203,"13,733",,,esco technologies,ESE,ESCO TECHNOLOGIES INC.
ESML,iShares MSCI USA Small-Cap ESG Optimized ETF,31/08/18,Machinery — 4.1%,Evoqua Water Technologies Corp.,416,"8,062",,,evoqua water technologies,EVOQU,EVOQUA WATER TECHNOLOGIES CORP.
ESML,iShares MSCI USA Small-Cap ESG Optimized ETF,31/08/18,Machinery — 4.1%,Federal Signal Corp.,222,"5,779",,,federal signal,FSS,FEDERAL SIGNAL CORP.
ESML,iShares MSCI USA Small-Cap ESG Optimized ETF,31/08/18,Machinery — 4.1%,Franklin Electric Co. Inc.,404,"19,756",,,franklin electric,FELE,FRANKLIN ELECTRIC CO. INC.
ESML,iShares MSCI USA Small-Cap ESG Optimized ETF,31/08/18,Machinery — 4.1%,Gardner Denver Holdings Inc.,262,"7,325",,,gardner denver,GARDN,GARDNER DENVER HOLDINGS INC.
ESML,iShares MSCI USA Small-Cap ESG Optimized ETF,31/08/18,Machinery — 4.1%,Gates Industrial Corp. PLC,313,"5,706",,,gates industrial,GTES,GATES INDUSTRIAL CORP. PLC
ESML,iShares MSCI USA Small-Cap ESG Optimized ETF,31/08/18,Machinery — 4.1%,Graco Inc.,143,"6,722",,,graco,GGG,GRACO INC.
ESML,iShares MSCI USA Small-Cap ESG Optimized ETF,31/08/18,Machinery — 4.1%,Harsco Corp.,214,"6,045",,,harsco,HA7.SG,HARSCO CORP.
ESML,iShares MSCI USA Small-Cap ESG Optimized ETF,31/08/18,Machinery — 4.1%,Hillenbrand Inc.,395,"20,204",,,hillenbrand,HI,HILLENBRAND INC.
ESML,iShares MSCI USA Small-Cap ESG Optimized ETF,31/08/18,Machinery — 4.1%,Hyster-Yale Materials Handling Inc.,93,"5,738",,,hyster yale materials handling,HYSTE,HYSTER-YALE MATERIALS HANDLING INC.
ESML,iShares MSCI USA Small-Cap ESG Optimized ETF,31/08/18,Machinery — 4.1%,ITT Inc.,273,"16,137",,,itt,ITT,ITT INC.
ESML,iShares MSCI USA Small-Cap ESG Optimized ETF,31/08/18,Machinery — 4.1%,John Bean Technologies Corp.,90,"10,647",,,john bean technologies,JBT.SG,JOHN BEAN TECHNOLOGIES CORP.
ESML,iShares MSCI USA Small-Cap ESG Optimized ETF,31/08/18,Machinery — 4.1%,Kennametal Inc.,237,"9,679",,,kennametal,KMT,KENNAMETAL INC.
ESML,iShares MSCI USA Small-Cap ESG Optimized ETF,31/08/18,Machinery — 4.1%,Lindsay Corp.,76,"7,279",,,lindsay,LNN,LINDSAY CORP.
ESML,iShares MSCI USA Small-Cap ESG Optimized ETF,31/08/18,Machinery — 4.1%,Lydall Inc.,133,"5,692",,,lydall,LYDAL,LYDALL INC.
ESML,iShares MSCI USA Small-Cap ESG Optimized ETF,31/08/18,Machinery — 4.1%,Meritor Inc.,436,"9,444",,,meritor,MERIT3,MERITOR INC.
ESML,iShares MSCI USA Small-Cap ESG Optimized ETF,31/08/18,Machinery — 4.1%,Navistar International Corp.,289,"12,592",,,navistar international,NAVIS,NAVISTAR INTERNATIONAL CORP.
ESML,iShares MSCI USA Small-Cap ESG Optimized ETF,31/08/18,Machinery — 4.1%,Nordson Corp.,83,"11,539",,,nordson,NDSN,NORDSON CORP.
ESML,iShares MSCI USA Small-Cap ESG Optimized ETF,31/08/18,Machinery — 4.1%,Oshkosh Corp.,359,"25,223",,,oshkosh,OSK,OSHKOSH CORP.
ESML,iShares MSCI USA Small-Cap ESG Optimized ETF,31/08/18,Machinery — 4.1%,Proto Labs Inc.,88,"13,680",,,proto labs,PRLB,PROTO LABS INC.
ESML,iShares MSCI USA Small-Cap ESG Optimized ETF,31/08/18,Machinery — 4.1%,Spartan Motors Inc.,362,"5,231",,,spartan motors,SPART,SPARTAN MOTORS INC.
ESML,iShares MSCI USA Small-Cap ESG Optimized ETF,31/08/18,Machinery — 4.1%,Tennant Co.,103,"7,885",,,tennant,TNC,TENNANT CO.
ESML,iShares MSCI USA Small-Cap ESG Optimized ETF,31/08/18,Machinery — 4.1%,Terex Corp.,261,"10,114",,,terex,TEX,TEREX CORP.
ESML,iShares MSCI USA Small-Cap ESG Optimized ETF,31/08/18,Machinery — 4.1%,Timken Co. (The),116,"5,643",,,timken the,TKR,TIMKEN CO. (THE)
ESML,iShares MSCI USA Small-Cap ESG Optimized ETF,31/08/18,Machinery — 4.1%,Toro Co. (The),427,"25,957",,,toro the,TTC,TORO CO. (THE)
ESML,iShares MSCI USA Small-Cap ESG Optimized ETF,31/08/18,Machinery — 4.1%,TriMas Corp.,198,"6,079",,,trimas,MQ1.F,TRIMAS CORP.
ESML,iShares MSCI USA Small-Cap ESG Optimized ETF,31/08/18,Machinery — 4.1%,Trinity Industries Inc.,153,"5,484",,,trinity industries,TRN,TRINITY INDUSTRIES INC.
ESML,iShares MSCI USA Small-Cap ESG Optimized ETF,31/08/18,Machinery — 4.1%,Wabash National Corp.,287,"5,235",,,wabash national,WNC,WABASH NATIONAL CORP.
ESML,iShares MSCI USA Small-Cap ESG Optimized ETF,31/08/18,Machinery — 4.1%,"Watts Water Technologies Inc., Class A",144,"11,873",,,watts water technologies,WTS,"WATTS WATER TECHNOLOGIES INC., CLASS A"
ESML,iShares MSCI USA Small-Cap ESG Optimized ETF,31/08/18,Machinery — 4.1%,Welbilt Inc.,656,"14,517",,,welbilt,WELBI,WELBILT INC.
ESML,iShares MSCI USA Small-Cap ESG Optimized ETF,31/08/18,Machinery — 4.1%,Woodward Inc.,287,"23,121","4,67,288",,woodward,WWD,WOODWARD INC.
ESML,iShares MSCI USA Small-Cap ESG Optimized ETF,31/08/18,Media — 1.8%,Cable One Inc.,22,"18,430",,,cable one,CABO,CABLE ONE INC.
ESML,iShares MSCI USA Small-Cap ESG Optimized ETF,31/08/18,Media — 1.8%,Cinemark Holdings Inc.,900,"33,588",,,cinemark,CNK,CINEMARK HOLDINGS INC.
ESML,iShares MSCI USA Small-Cap ESG Optimized ETF,31/08/18,Media — 1.8%,Gannett Co. Inc.,915,"9,406",,,gannett,GCI,GANNETT CO. INC.
ESML,iShares MSCI USA Small-Cap ESG Optimized ETF,31/08/18,Media — 1.8%,"GCI Liberty Inc., Class A",233,"11,436",,,gci liberty,GLIBK,"GCI LIBERTY INC., CLASS A"
ESML,iShares MSCI USA Small-Cap ESG Optimized ETF,31/08/18,Media — 1.8%,Hemisphere Media Group Inc.,927,"12,700",,,hemisphere media,HEMIS,HEMISPHERE MEDIA GROUP INC.
ESML,iShares MSCI USA Small-Cap ESG Optimized ETF,31/08/18,Media — 1.8%,IMAX Corp.,411,"9,658",,,imax,IMAX,IMAX CORP.
ESML,iShares MSCI USA Small-Cap ESG Optimized ETF,31/08/18,Media — 1.8%,"John Wiley & Sons Inc., Class A",276,"17,816",,,john wiley and sons,WLY,"JOHN WILEY & SONS INC., CLASS A"
ESML,iShares MSCI USA Small-Cap ESG Optimized ETF,31/08/18,Media — 1.8%,"Liberty Latin America Ltd., Class C, NVS (a)(b)",389,"7,636",,,liberty latin america a b,LILA,"LIBERTY LATIN AMERICA LTD., CLASS C, NVS (A)(B)"
ESML,iShares MSCI USA Small-Cap ESG Optimized ETF,31/08/18,Media — 1.8%,"Lions Gate Entertainment Corp., Class A",412,"9,690",,,lions gate entertainment,LIONS,"LIONS GATE ENTERTAINMENT CORP., CLASS A"
ESML,iShares MSCI USA Small-Cap ESG Optimized ETF,31/08/18,Media — 1.8%,Loral Space & Communications Inc.,141,"6,253",,,loral space and communications,LORAL,LORAL SPACE & COMMUNICATIONS INC.
ESML,iShares MSCI USA Small-Cap ESG Optimized ETF,31/08/18,Media — 1.8%,Meredith Corp.,108,"5,578",,,meredith,MERED,MEREDITH CORP.
ESML,iShares MSCI USA Small-Cap ESG Optimized ETF,31/08/18,Media — 1.8%,National CineMedia Inc.,620,"5,642",,,national cinemedia,NCMI,NATIONAL CINEMEDIA INC.
ESML,iShares MSCI USA Small-Cap ESG Optimized ETF,31/08/18,Media — 1.8%,"New York Times Co. (The), Class A",780,"18,174",,,new york times the,NYT,"NEW YORK TIMES CO. (THE), CLASS A"
ESML,iShares MSCI USA Small-Cap ESG Optimized ETF,31/08/18,Media — 1.8%,"Nexstar Media Group Inc., Class A",88,"7,216",,,nexstar media,NXST,"NEXSTAR MEDIA GROUP INC., CLASS A"
ESML,iShares MSCI USA Small-Cap ESG Optimized ETF,31/08/18,Media — 1.8%,"Scholastic Corp., NVS",151,"6,348",,,scholastic,SCHL,"SCHOLASTIC CORP., NVS"
ESML,iShares MSCI USA Small-Cap ESG Optimized ETF,31/08/18,Media — 1.8%,"Sinclair Broadcast Group Inc., Class A",199,"5,761",,,sinclair broadcast,SINCL,"SINCLAIR BROADCAST GROUP INC., CLASS A"
ESML,iShares MSCI USA Small-Cap ESG Optimized ETF,31/08/18,Media — 1.8%,TEGNA Inc.,495,"5,762",,,tegna,TGNA,TEGNA INC.
ESML,iShares MSCI USA Small-Cap ESG Optimized ETF,31/08/18,Media — 1.8%,"Tribune Media Co., Class A",165,"6,087",,,tribune media,TRIBU,"TRIBUNE MEDIA CO., CLASS A"
ESML,iShares MSCI USA Small-Cap ESG Optimized ETF,31/08/18,Media — 1.8%,"World Wrestling Entertainment Inc., Class A",94,"8,217","2,05,398",,world wrestling entertainment,WORLD3,"WORLD WRESTLING ENTERTAINMENT INC., CLASS A"
ESML,iShares MSCI USA Small-Cap ESG Optimized ETF,31/08/18,Metals & Mining — 1.2%,Alcoa Corp.,672,"30,018",,,alcoa,AA,ALCOA CORP.
ESML,iShares MSCI USA Small-Cap ESG Optimized ETF,31/08/18,Metals & Mining — 1.2%,Century Aluminum Co.,459,"5,793",,,century aluminum,EY3.SG,CENTURY ALUMINUM CO.
ESML,iShares MSCI USA Small-Cap ESG Optimized ETF,31/08/18,Metals & Mining — 1.2%,Cleveland-Cliffs Inc.,928,"9,326",,,cleveland cliffs,CLF,CLEVELAND-CLIFFS INC.
ESML,iShares MSCI USA Small-Cap ESG Optimized ETF,31/08/18,Metals & Mining — 1.2%,Commercial Metals Co.,528,"11,405",,,commercial metals,CMC,COMMERCIAL METALS CO.
ESML,iShares MSCI USA Small-Cap ESG Optimized ETF,31/08/18,Metals & Mining — 1.2%,Compass Minerals International Inc.,142,"8,882",,,compass minerals international,CMP,COMPASS MINERALS INTERNATIONAL INC.
ESML,iShares MSCI USA Small-Cap ESG Optimized ETF,31/08/18,Metals & Mining — 1.2%,Reliance Steel & Aluminum Co.,337,"29,619",,,reliance steel and aluminum,RS,RELIANCE STEEL & ALUMINUM CO.
ESML,iShares MSCI USA Small-Cap ESG Optimized ETF,31/08/18,Metals & Mining — 1.2%,Royal Gold Inc.,352,"26,843",,,royal gold,RGLD,ROYAL GOLD INC.
ESML,iShares MSCI USA Small-Cap ESG Optimized ETF,31/08/18,Metals & Mining — 1.2%,"Schnitzer Steel Industries Inc., Class A",436,"11,489",,,schnitzer steel industries,SCHNI2,"SCHNITZER STEEL INDUSTRIES INC., CLASS A"
ESML,iShares MSCI USA Small-Cap ESG Optimized ETF,31/08/18,Metals & Mining — 1.2%,Metals & Mining (continued) U.S. Steel Corp.,317,"9,409","1,42,784",,metals and mining continued u s steel,METAL,METALS & MINING (CONTINUED) U.S. STEEL CORP.
ESML,iShares MSCI USA Small-Cap ESG Optimized ETF,31/08/18,Mortgage Real Estate Investment — 0.8%,Apollo Commercial Real Estate Finance Inc.,770,"14,961",,,apollo commercial real estate finance,ARI,APOLLO COMMERCIAL REAL ESTATE FINANCE INC.
ESML,iShares MSCI USA Small-Cap ESG Optimized ETF,31/08/18,Mortgage Real Estate Investment — 0.8%,Chimera Investment Corp.,426,"7,936",,,chimera investment,4CR0.F,CHIMERA INVESTMENT CORP.
ESML,iShares MSCI USA Small-Cap ESG Optimized ETF,31/08/18,Mortgage Real Estate Investment — 0.8%,Dynex Capital Inc.,851,"5,455",,,dynex capital,DX,DYNEX CAPITAL INC.
ESML,iShares MSCI USA Small-Cap ESG Optimized ETF,31/08/18,Mortgage Real Estate Investment — 0.8%,Granite Point Mortgage Trust Inc.,378,"7,235",,,granite point mortgage trust,GPMT,GRANITE POINT MORTGAGE TRUST INC.
ESML,iShares MSCI USA Small-Cap ESG Optimized ETF,31/08/18,Mortgage Real Estate Investment — 0.8%,Hannon Armstrong Sustainable Infrastructure Capital Inc.,341,"7,352",,,hannon armstrong sustainable infrastructure capital,6HA.HA,HANNON ARMSTRONG SUSTAINABLE INFRASTRUCTURE CAPITAL INC.
ESML,iShares MSCI USA Small-Cap ESG Optimized ETF,31/08/18,Mortgage Real Estate Investment — 0.8%,Invesco Mortgage Capital Inc.,357,"5,794",,,invesco mortgage capital,IVR,INVESCO MORTGAGE CAPITAL INC.
ESML,iShares MSCI USA Small-Cap ESG Optimized ETF,31/08/18,Mortgage Real Estate Investment — 0.8%,MTGE Investment Corp.,292,"5,723",,,mtge investment,MTGEI,MTGE INVESTMENT CORP.
ESML,iShares MSCI USA Small-Cap ESG Optimized ETF,31/08/18,Mortgage Real Estate Investment — 0.8%,New Residential Investment Corp.,449,"8,338",,,new residential investment,14N1.SG,NEW RESIDENTIAL INVESTMENT CORP.
ESML,iShares MSCI USA Small-Cap ESG Optimized ETF,31/08/18,Mortgage Real Estate Investment — 0.8%,Starwood Property Trust Inc.,"1,262","27,802","90,596",,starwood property trust,STWD,STARWOOD PROPERTY TRUST INC.
ESML,iShares MSCI USA Small-Cap ESG Optimized ETF,31/08/18,Multi-Utilities — 0.5%,Avista Corp.,743,"38,123",,,avista,AVA,AVISTA CORP.
ESML,iShares MSCI USA Small-Cap ESG Optimized ETF,31/08/18,Multi-Utilities — 0.5%,MDU Resources Group Inc.,484,"13,499","51,622",,mdu resources,MDU,MDU RESOURCES GROUP INC.
ESML,iShares MSCI USA Small-Cap ESG Optimized ETF,31/08/18,Multiline Retail — 0.1%,Big Lots Inc.,190,"8,180","8,180",,big lots,BIGGQ,BIG LOTS INC.
ESML,iShares MSCI USA Small-Cap ESG Optimized ETF,31/08/18,"Oil, Gas & Consumable Fuels — 2.9%",California Resources Corp.,178,"7,394",,,california resources,CRC,CALIFORNIA RESOURCES CORP.
ESML,iShares MSCI USA Small-Cap ESG Optimized ETF,31/08/18,"Oil, Gas & Consumable Fuels — 2.9%",Callon Petroleum Co. (a)(b),829,"9,368",,,callon petroleum a b,CALLO,CALLON PETROLEUM CO. (A)(B)
ESML,iShares MSCI USA Small-Cap ESG Optimized ETF,31/08/18,"Oil, Gas & Consumable Fuels — 2.9%",Carrizo Oil &Gas Inc.,233,"5,643",,,carrizo oil and gas,CARRI,CARRIZO OIL &GAS INC.
ESML,iShares MSCI USA Small-Cap ESG Optimized ETF,31/08/18,"Oil, Gas & Consumable Fuels — 2.9%","Centennial Resource Development Inc./DE, Class A",306,"5,897",,,centennial resource development de,CENTE2,"CENTENNIAL RESOURCE DEVELOPMENT INC./DE, CLASS A"
ESML,iShares MSCI USA Small-Cap ESG Optimized ETF,31/08/18,"Oil, Gas & Consumable Fuels — 2.9%",Chesapeake Energy Corp.,"2,734","12,112",,,chesapeake energy,CS1.BE,CHESAPEAKE ENERGY CORP.
ESML,iShares MSCI USA Small-Cap ESG Optimized ETF,31/08/18,"Oil, Gas & Consumable Fuels — 2.9%",CNX Resources Corp.,558,"8,895",,,cnx resources,CNX,CNX RESOURCES CORP.
ESML,iShares MSCI USA Small-Cap ESG Optimized ETF,31/08/18,"Oil, Gas & Consumable Fuels — 2.9%",CONSOL Energy Inc.,135,"5,792",,,consol energy,CONSO2,CONSOL ENERGY INC.
ESML,iShares MSCI USA Small-Cap ESG Optimized ETF,31/08/18,"Oil, Gas & Consumable Fuels — 2.9%",Delek U.S. Holdings Inc.,278,"15,151",,,delek u s,DELEK,DELEK U.S. HOLDINGS INC.
ESML,iShares MSCI USA Small-Cap ESG Optimized ETF,31/08/18,"Oil, Gas & Consumable Fuels — 2.9%",Denbury Resources Inc.,"2,136","11,898",,,denbury resources,DENBU2,DENBURY RESOURCES INC.
ESML,iShares MSCI USA Small-Cap ESG Optimized ETF,31/08/18,"Oil, Gas & Consumable Fuels — 2.9%",Energen Corp.,348,"26,987",,,energen,ENERG4,ENERGEN CORP.
ESML,iShares MSCI USA Small-Cap ESG Optimized ETF,31/08/18,"Oil, Gas & Consumable Fuels — 2.9%",EnLink Midstream LLC,321,"5,232",,,enlink midstream,ENLIN,ENLINK MIDSTREAM LLC
ESML,iShares MSCI USA Small-Cap ESG Optimized ETF,31/08/18,"Oil, Gas & Consumable Fuels — 2.9%",Green Plains Inc.,320,"5,680",,,green plains,GPRE,GREEN PLAINS INC.
ESML,iShares MSCI USA Small-Cap ESG Optimized ETF,31/08/18,"Oil, Gas & Consumable Fuels — 2.9%",Gulfport Energy Corp.,541,"6,362",,,gulfport energy,GPOR,GULFPORT ENERGY CORP.
ESML,iShares MSCI USA Small-Cap ESG Optimized ETF,31/08/18,"Oil, Gas & Consumable Fuels — 2.9%",Kosmos Energy Ltd.,"1,815","16,408",,,kosmos energy,KOS,KOSMOS ENERGY LTD.
ESML,iShares MSCI USA Small-Cap ESG Optimized ETF,31/08/18,"Oil, Gas & Consumable Fuels — 2.9%",Laredo Petroleum Inc. (a)(b),697,"5,778",,,laredo petroleum a b,LARED,LAREDO PETROLEUM INC. (A)(B)
ESML,iShares MSCI USA Small-Cap ESG Optimized ETF,31/08/18,"Oil, Gas & Consumable Fuels — 2.9%",Matador Resources Co.,179,"5,860",,,matador resources,7MR.SG,MATADOR RESOURCES CO.
ESML,iShares MSCI USA Small-Cap ESG Optimized ETF,31/08/18,"Oil, Gas & Consumable Fuels — 2.9%",Murphy Oil Corp.,222,"6,844",,,murphy oil,MUR,MURPHY OIL CORP.
ESML,iShares MSCI USA Small-Cap ESG Optimized ETF,31/08/18,"Oil, Gas & Consumable Fuels — 2.9%",Oasis Petroleum Inc.,985,"13,258",,,oasis petroleum,OS70.SG,OASIS PETROLEUM INC.
ESML,iShares MSCI USA Small-Cap ESG Optimized ETF,31/08/18,"Oil, Gas & Consumable Fuels — 2.9%","PBF Energy Inc., Class A",349,"18,120",,,pbf energy,PBF,"PBF ENERGY INC., CLASS A"
ESML,iShares MSCI USA Small-Cap ESG Optimized ETF,31/08/18,"Oil, Gas & Consumable Fuels — 2.9%",PDC Energy Inc.,215,"11,328",,,pdc energy,PDCEN,PDC ENERGY INC.
ESML,iShares MSCI USA Small-Cap ESG Optimized ETF,31/08/18,"Oil, Gas & Consumable Fuels — 2.9%",Peabody Energy Corp.,421,"17,392",,,peabody energy,PBE.SG,PEABODY ENERGY CORP.
ESML,iShares MSCI USA Small-Cap ESG Optimized ETF,31/08/18,"Oil, Gas & Consumable Fuels — 2.9%",QEP Resources Inc.,820,"8,175",,,qep resources,QEPRE2,QEP RESOURCES INC.
ESML,iShares MSCI USA Small-Cap ESG Optimized ETF,31/08/18,"Oil, Gas & Consumable Fuels — 2.9%",Range Resources Corp.,725,"11,904",,,range resources,RRC,RANGE RESOURCES CORP.
ESML,iShares MSCI USA Small-Cap ESG Optimized ETF,31/08/18,"Oil, Gas & Consumable Fuels — 2.9%",Renewable Energy Group Inc.,226,"6,091",,,renewable energy,RENEW2,RENEWABLE ENERGY GROUP INC.
ESML,iShares MSCI USA Small-Cap ESG Optimized ETF,31/08/18,"Oil, Gas & Consumable Fuels — 2.9%","SemGroup Corp., Class A",212,"5,130",,,semgroup,SEMGR,"SEMGROUP CORP., CLASS A"
ESML,iShares MSCI USA Small-Cap ESG Optimized ETF,31/08/18,"Oil, Gas & Consumable Fuels — 2.9%",SM Energy Co.,397,"11,946",,,sm energy,SM,SM ENERGY CO.
ESML,iShares MSCI USA Small-Cap ESG Optimized ETF,31/08/18,"Oil, Gas & Consumable Fuels — 2.9%",Southwestern Energy Co.,"2,099","11,796",,,southwestern energy,SOUTH4,SOUTHWESTERN ENERGY CO.
ESML,iShares MSCI USA Small-Cap ESG Optimized ETF,31/08/18,"Oil, Gas & Consumable Fuels — 2.9%",SRC Energy Inc. (a)(b),628,"5,847",,,src energy a b,SRCEN,SRC ENERGY INC. (A)(B)
ESML,iShares MSCI USA Small-Cap ESG Optimized ETF,31/08/18,"Oil, Gas & Consumable Fuels — 2.9%",Talos Energy Inc.,187,"6,455",,,talos energy,TALO,TALOS ENERGY INC.
ESML,iShares MSCI USA Small-Cap ESG Optimized ETF,31/08/18,"Oil, Gas & Consumable Fuels — 2.9%",Whiting Petroleum Corp.,256,"13,033",,,whiting petroleum,WHITI,WHITING PETROLEUM CORP.
ESML,iShares MSCI USA Small-Cap ESG Optimized ETF,31/08/18,"Oil, Gas & Consumable Fuels — 2.9%",World Fuel Services Corp.,395,"11,072",,,world fuel services,WFK.BE,WORLD FUEL SERVICES CORP.
ESML,iShares MSCI USA Small-Cap ESG Optimized ETF,31/08/18,"Oil, Gas & Consumable Fuels — 2.9%",WPX Energy Inc.,"1,052","20,062","3,32,910",,wpx energy,WPXEN,WPX ENERGY INC.
ESML,iShares MSCI USA Small-Cap ESG Optimized ETF,31/08/18,Paper & Forest Products — 0.5%,Boise Cascade Co.,519,"22,680",,,boise cascade,BCC,BOISE CASCADE CO.
ESML,iShares MSCI USA Small-Cap ESG Optimized ETF,31/08/18,Paper & Forest Products — 0.5%,Clearwater Paper Corp.,192,"5,578",,,clearwater paper,5WC.MU,CLEARWATER PAPER CORP.
ESML,iShares MSCI USA Small-Cap ESG Optimized ETF,31/08/18,Paper & Forest Products — 0.5%,Domtar Corp.,253,"12,878",,,domtar,DOMTA,DOMTAR CORP.
ESML,iShares MSCI USA Small-Cap ESG Optimized ETF,31/08/18,Paper & Forest Products — 0.5%,KapStone Paper and Packaging Corp.,270,"9,274",,,kapstone paper and packaging,KAPST,KAPSTONE PAPER AND PACKAGING CORP.
ESML,iShares MSCI USA Small-Cap ESG Optimized ETF,31/08/18,Paper & Forest Products — 0.5%,Louisiana-Pacific Corp.,351,"10,235","60,645",,louisiana pacific,LPX,LOUISIANA-PACIFIC CORP.
ESML,iShares MSCI USA Small-Cap ESG Optimized ETF,31/08/18,Personal Products — 0.5%,Edgewell Personal Care Co.,144,"8,132",,,edgewell personal care,EPC,EDGEWELL PERSONAL CARE CO.
ESML,iShares MSCI USA Small-Cap ESG Optimized ETF,31/08/18,Personal Products — 0.5%,Herbalife Nutrition Ltd.,332,"18,788",,,herbalife nutrition,HOO.SG,HERBALIFE NUTRITION LTD.
ESML,iShares MSCI USA Small-Cap ESG Optimized ETF,31/08/18,Personal Products — 0.5%,Medifast Inc.,76,"17,385",,,medifast,MED,MEDIFAST INC.
ESML,iShares MSCI USA Small-Cap ESG Optimized ETF,31/08/18,Personal Products — 0.5%,"Nu Skin Enterprises Inc., Class A",94,"7,482",,,nu skin enterprises,NUS,"NU SKIN ENTERPRISES INC., CLASS A"
ESML,iShares MSCI USA Small-Cap ESG Optimized ETF,31/08/18,Personal Products — 0.5%,USANA Health Sciences Inc.,43,"5,674","57,461",,usana health sciences,USNA,USANA HEALTH SCIENCES INC.
ESML,iShares MSCI USA Small-Cap ESG Optimized ETF,31/08/18,Pharmaceuticals — 1.5%,Aclaris Therapeutics Inc.,349,"5,556",,,aclaris therapeutics,ACRS,ACLARIS THERAPEUTICS INC.
ESML,iShares MSCI USA Small-Cap ESG Optimized ETF,31/08/18,Pharmaceuticals — 1.5%,Aerie Pharmaceuticals Inc.,123,"7,546",,,aerie pharmaceuticals,AERIE,AERIE PHARMACEUTICALS INC.
ESML,iShares MSCI USA Small-Cap ESG Optimized ETF,31/08/18,Pharmaceuticals — 1.5%,Akorn Inc.,326,"5,115",,,akorn,AKORN,AKORN INC.
ESML,iShares MSCI USA Small-Cap ESG Optimized ETF,31/08/18,Pharmaceuticals — 1.5%,Amneal Pharmaceuticals Inc.,302,"6,976",,,amneal pharmaceuticals,AMRX,AMNEAL PHARMACEUTICALS INC.
ESML,iShares MSCI USA Small-Cap ESG Optimized ETF,31/08/18,Pharmaceuticals — 1.5%,Assembly Biosciences Inc.,154,"6,160",,,assembly biosciences,ASMB,ASSEMBLY BIOSCIENCES INC.
ESML,iShares MSCI USA Small-Cap ESG Optimized ETF,31/08/18,Pharmaceuticals — 1.5%,Catalent Inc.,466,"19,479",,,catalent,CATAL,CATALENT INC.
ESML,iShares MSCI USA Small-Cap ESG Optimized ETF,31/08/18,Pharmaceuticals — 1.5%,Corcept Therapeutics Inc.,419,"6,293",,,corcept therapeutics,CORT,CORCEPT THERAPEUTICS INC.
ESML,iShares MSCI USA Small-Cap ESG Optimized ETF,31/08/18,Pharmaceuticals — 1.5%,Cymabay Therapeutics Inc.,473,"6,447",,,cymabay therapeutics,CYMAB,CYMABAY THERAPEUTICS INC.
ESML,iShares MSCI USA Small-Cap ESG Optimized ETF,31/08/18,Pharmaceuticals — 1.5%,Endo International PLC,517,"8,866",,,endo international,ENDOI,ENDO INTERNATIONAL PLC
ESML,iShares MSCI USA Small-Cap ESG Optimized ETF,31/08/18,Pharmaceuticals — 1.5%,Endocyte Inc.,324,"6,389",,,endocyte,ENDOC,ENDOCYTE INC.
ESML,iShares MSCI USA Small-Cap ESG Optimized ETF,31/08/18,Pharmaceuticals — 1.5%,Horizon Pharma PLC,490,"10,359",,,horizon pharma,HORIZ,HORIZON PHARMA PLC
ESML,iShares MSCI USA Small-Cap ESG Optimized ETF,31/08/18,Pharmaceuticals — 1.5%,Intersect ENT Inc.,212,"6,212",,,intersect ent,INTER8,INTERSECT ENT INC.
ESML,iShares MSCI USA Small-Cap ESG Optimized ETF,31/08/18,Pharmaceuticals — 1.5%,Intra-Cellular Therapies Inc.,284,"6,231",,,intra cellular therapies,INTRA,INTRA-CELLULAR THERAPIES INC.
ESML,iShares MSCI USA Small-Cap ESG Optimized ETF,31/08/18,Pharmaceuticals — 1.5%,Mallinckrodt PLC,160,"5,514",,,mallinckrodt,MALLI,MALLINCKRODT PLC
ESML,iShares MSCI USA Small-Cap ESG Optimized ETF,31/08/18,Pharmaceuticals — 1.5%,Medicines Co. (The),251,"9,942",,,medicines the,MEDIC2,MEDICINES CO. (THE)
ESML,iShares MSCI USA Small-Cap ESG Optimized ETF,31/08/18,Pharmaceuticals — 1.5%,MyoKardia Inc.,112,"6,905",,,myokardia,MYOKA,MYOKARDIA INC.
ESML,iShares MSCI USA Small-Cap ESG Optimized ETF,31/08/18,Pharmaceuticals — 1.5%,Pacira Pharmaceuticals Inc./DE,124,"5,847",,,pacira pharmaceuticals de,PACIR,PACIRA PHARMACEUTICALS INC./DE
ESML,iShares MSCI USA Small-Cap ESG Optimized ETF,31/08/18,Pharmaceuticals — 1.5%,Prestige Consumer Healthcare Inc.,160,"6,160",,,prestige consumer healthcare,PBH,PRESTIGE CONSUMER HEALTHCARE INC.
ESML,iShares MSCI USA Small-Cap ESG Optimized ETF,31/08/18,Pharmaceuticals — 1.5%,"Reata Pharmaceuticals Inc., Series A",80,"6,909",,,reata pharmaceuticals series a,REATA,"REATA PHARMACEUTICALS INC., SERIES A"
ESML,iShares MSCI USA Small-Cap ESG Optimized ETF,31/08/18,Pharmaceuticals — 1.5%,Revance Therapeutics Inc.,207,"5,672",,,revance therapeutics,REVAN,REVANCE THERAPEUTICS INC.
ESML,iShares MSCI USA Small-Cap ESG Optimized ETF,31/08/18,Pharmaceuticals — 1.5%,Supernus Pharmaceuticals Inc.,155,"6,866",,,supernus pharmaceuticals,SUPN,SUPERNUS PHARMACEUTICALS INC.
ESML,iShares MSCI USA Small-Cap ESG Optimized ETF,31/08/18,Pharmaceuticals — 1.5%,Theravance Biopharma Inc.,240,"6,953",,,theravance biopharma,TBPH,THERAVANCE BIOPHARMA INC.
ESML,iShares MSCI USA Small-Cap ESG Optimized ETF,31/08/18,Pharmaceuticals — 1.5%,Zogenix Inc. (a)(b),135,"6,520","1,68,917",,zogenix a b,ZOGEN,ZOGENIX INC. (A)(B)
ESML,iShares MSCI USA Small-Cap ESG Optimized ETF,31/08/18,Professional Services — 1.4%,ASGN Inc.,161,"14,907",,,asgn,ASGN,ASGN INC.
ESML,iShares MSCI USA Small-Cap ESG Optimized ETF,31/08/18,Professional Services — 1.4%,Dun & Bradstreet Corp. (The),82,"11,719",,,dun and bradstreet the,DUNBR,DUN & BRADSTREET CORP. (THE)
ESML,iShares MSCI USA Small-Cap ESG Optimized ETF,31/08/18,Professional Services — 1.4%,Exponent Inc.,108,"5,654",,,exponent,EXPO,EXPONENT INC.
ESML,iShares MSCI USA Small-Cap ESG Optimized ETF,31/08/18,Professional Services — 1.4%,FTI Consulting Inc.,176,"13,415",,,fti consulting,FCN,FTI CONSULTING INC.
ESML,iShares MSCI USA Small-Cap ESG Optimized ETF,31/08/18,Professional Services — 1.4%,GP Strategies Corp.,294,"5,601",,,gp strategies,GPSTR,GP STRATEGIES CORP.
ESML,iShares MSCI USA Small-Cap ESG Optimized ETF,31/08/18,Professional Services — 1.4%,ICF International Inc.,135,"11,023",,,icf international,ICFI,ICF INTERNATIONAL INC.
ESML,iShares MSCI USA Small-Cap ESG Optimized ETF,31/08/18,Professional Services — 1.4%,Insperity Inc.,134,"16,060",,,insperity,NSP,INSPERITY INC.
ESML,iShares MSCI USA Small-Cap ESG Optimized ETF,31/08/18,Professional Services — 1.4%,"Kelly Services Inc., Class A, NVS",617,"15,554",,,kelly services,KELYA,"KELLY SERVICES INC., CLASS A, NVS"
ESML,iShares MSCI USA Small-Cap ESG Optimized ETF,31/08/18,Professional Services — 1.4%,Korn/Ferry International,156,"10,472",,,korn ferry international,KORNF,KORN/FERRY INTERNATIONAL
ESML,iShares MSCI USA Small-Cap ESG Optimized ETF,31/08/18,Professional Services — 1.4%,Navigant Consulting Inc.,244,"5,829",,,navigant consulting,NAVIG2,NAVIGANT CONSULTING INC.
ESML,iShares MSCI USA Small-Cap ESG Optimized ETF,31/08/18,Professional Services — 1.4%,Resources Connection Inc.,348,"5,759",,,resources connection,RGP,RESOURCES CONNECTION INC.
ESML,iShares MSCI USA Small-Cap ESG Optimized ETF,31/08/18,Professional Services — 1.4%,TriNet Group Inc.,282,"16,658",,,trinet,TNET,TRINET GROUP INC.
ESML,iShares MSCI USA Small-Cap ESG Optimized ETF,31/08/18,Professional Services — 1.4%,TrueBlue Inc.,380,"11,134",,,trueblue,TBI,TRUEBLUE INC.
ESML,iShares MSCI USA Small-Cap ESG Optimized ETF,31/08/18,Professional Services — 1.4%,WageWorks Inc.,234,"12,519","1,56,304",,wageworks,WAGEW,WAGEWORKS INC.
ESML,iShares MSCI USA Small-Cap ESG Optimized ETF,31/08/18,Real Estate Management & Development — 0.7%,"HFF Inc., Class A",123,"5,585",,,hff,HFFIN,"HFF INC., CLASS A"
ESML,iShares MSCI USA Small-Cap ESG Optimized ETF,31/08/18,Real Estate Management & Development — 0.7%,Howard Hughes Corp. (The),211,"27,508",,,howard hughes the,HOWAR,HOWARD HUGHES CORP. (THE)
ESML,iShares MSCI USA Small-Cap ESG Optimized ETF,31/08/18,Real Estate Management & Development — 0.7%,Kennedy-Wilson Holdings Inc.,342,"7,336",,,kennedy wilson,KW,KENNEDY-WILSON HOLDINGS INC.
ESML,iShares MSCI USA Small-Cap ESG Optimized ETF,31/08/18,Real Estate Management & Development — 0.7%,Marcus & Millichap Inc.,382,"13,909",,,marcus and millichap,MMI,MARCUS & MILLICHAP INC.
ESML,iShares MSCI USA Small-Cap ESG Optimized ETF,31/08/18,Real Estate Management & Development — 0.7%,Realogy Holdings Corp.,417,"8,920",,,realogy,REALO,REALOGY HOLDINGS CORP.
ESML,iShares MSCI USA Small-Cap ESG Optimized ETF,31/08/18,Real Estate Management & Development — 0.7%,"RMR Group Inc. (The), Class A",65,"6,139",,,rmr the,RMRGR,"RMR GROUP INC. (THE), CLASS A"
ESML,iShares MSCI USA Small-Cap ESG Optimized ETF,31/08/18,Real Estate Management & Development — 0.7%,St. Joe Co. (The) (a)(b),382,"6,570","75,967",,st joe the a b,STJOE,ST. JOE CO. (THE) (A)(B)
ESML,iShares MSCI USA Small-Cap ESG Optimized ETF,31/08/18,Road & Rail — 0.7%,ArcBest Corp.,121,"5,820",,,arcbest,ARCB,ARCBEST CORP.
ESML,iShares MSCI USA Small-Cap ESG Optimized ETF,31/08/18,Road & Rail — 0.7%,Avis Budget Group Inc.,275,"8,555",,,avis budget,CAR,AVIS BUDGET GROUP INC.
ESML,iShares MSCI USA Small-Cap ESG Optimized ETF,31/08/18,Road & Rail — 0.7%,"Genesee & Wyoming Inc., Class A",209,"18,369",,,genesee and wyoming,GENES3,"GENESEE & WYOMING INC., CLASS A"
ESML,iShares MSCI USA Small-Cap ESG Optimized ETF,31/08/18,Road & Rail — 0.7%,Hertz Global Holdings Inc.,261,"4,596",,,hertz global,HTZ,HERTZ GLOBAL HOLDINGS INC.
ESML,iShares MSCI USA Small-Cap ESG Optimized ETF,31/08/18,Road & Rail — 0.7%,Landstar System Inc.,72,"8,338",,,landstar system,LSTR,LANDSTAR SYSTEM INC.
ESML,iShares MSCI USA Small-Cap ESG Optimized ETF,31/08/18,Road & Rail — 0.7%,Ryder System Inc.,415,"31,889",,,ryder system,R,RYDER SYSTEM INC.
ESML,iShares MSCI USA Small-Cap ESG Optimized ETF,31/08/18,Road & Rail — 0.7%,Werner Enterprises Inc.,161,"5,965","83,532",,werner enterprises,WERN,WERNER ENTERPRISES INC.
ESML,iShares MSCI USA Small-Cap ESG Optimized ETF,31/08/18,Semiconductors & Semiconductor Equipment — 2.4%,Brooks Automation Inc.,329,"12,966",,,brooks automation,0HQ1.L,BROOKS AUTOMATION INC.
ESML,iShares MSCI USA Small-Cap ESG Optimized ETF,31/08/18,Semiconductors & Semiconductor Equipment — 2.4%,Cabot Microelectronics Corp.,185,"20,855",,,cabot microelectronics,CABOT,CABOT MICROELECTRONICS CORP.
ESML,iShares MSCI USA Small-Cap ESG Optimized ETF,31/08/18,Semiconductors & Semiconductor Equipment — 2.4%,Cirrus Logic Inc.,444,"19,514",,,cirrus logic,CRUS,CIRRUS LOGIC INC.
ESML,iShares MSCI USA Small-Cap ESG Optimized ETF,31/08/18,Semiconductors & Semiconductor Equipment — 2.4%,Cree Inc.,480,"23,093",,,cree,CREEI,CREE INC.
ESML,iShares MSCI USA Small-Cap ESG Optimized ETF,31/08/18,Semiconductors & Semiconductor Equipment — 2.4%,Cypress Semiconductor Corp.,335,"5,765",,,cypress semiconductor,CYPRE,CYPRESS SEMICONDUCTOR CORP.
ESML,iShares MSCI USA Small-Cap ESG Optimized ETF,31/08/18,Semiconductors & Semiconductor Equipment — 2.4%,Entegris Inc.,506,"17,153",,,entegris,ENTG,ENTEGRIS INC.
ESML,iShares MSCI USA Small-Cap ESG Optimized ETF,31/08/18,Semiconductors & Semiconductor Equipment — 2.4%,First Solar Inc.,296,"15,416",,,first solar,FSLR,FIRST SOLAR INC.
ESML,iShares MSCI USA Small-Cap ESG Optimized ETF,31/08/18,Semiconductors & Semiconductor Equipment — 2.4%,Ichor Holdings Ltd. (a)(b),239,"6,197",,,ichor a b,ICHOR,ICHOR HOLDINGS LTD. (A)(B)
ESML,iShares MSCI USA Small-Cap ESG Optimized ETF,31/08/18,Semiconductors & Semiconductor Equipment — 2.4%,Inphi Corp.,164,"6,080",,,inphi,INPHI,INPHI CORP.
ESML,iShares MSCI USA Small-Cap ESG Optimized ETF,31/08/18,Semiconductors & Semiconductor Equipment — 2.4%,Integrated Device Technology Inc.,368,"15,636",,,integrated device technology,INTEG,INTEGRATED DEVICE TECHNOLOGY INC.
ESML,iShares MSCI USA Small-Cap ESG Optimized ETF,31/08/18,Semiconductors & Semiconductor Equipment — 2.4%,Kulicke & Soffa Industries Inc.,554,"14,288",,,kulicke and soffa industries,KLIC,KULICKE & SOFFA INDUSTRIES INC.
ESML,iShares MSCI USA Small-Cap ESG Optimized ETF,31/08/18,Semiconductors & Semiconductor Equipment — 2.4%,Mellanox Technologies Ltd. (a)(b),166,"13,811",,,mellanox technologies a b,MELLA,MELLANOX TECHNOLOGIES LTD. (A)(B)
ESML,iShares MSCI USA Small-Cap ESG Optimized ETF,31/08/18,Semiconductors & Semiconductor Equipment — 2.4%,MKS Instruments Inc.,90,"8,361",,,mks instruments,MKT.SG,MKS INSTRUMENTS INC.
ESML,iShares MSCI USA Small-Cap ESG Optimized ETF,31/08/18,Semiconductors & Semiconductor Equipment — 2.4%,Nanometrics Inc.,268,"11,741",,,nanometrics,NANOM,NANOMETRICS INC.
ESML,iShares MSCI USA Small-Cap ESG Optimized ETF,31/08/18,Semiconductors & Semiconductor Equipment — 2.4%,NVE Corp.,49,"5,570",,,nve,NVK.SG,NVE CORP.
ESML,iShares MSCI USA Small-Cap ESG Optimized ETF,31/08/18,Semiconductors & Semiconductor Equipment — 2.4%,Power Integrations Inc.,109,"7,995",,,power integrations,POWI,POWER INTEGRATIONS INC.
ESML,iShares MSCI USA Small-Cap ESG Optimized ETF,31/08/18,Semiconductors & Semiconductor Equipment — 2.4%,Rambus Inc.,502,"6,135",,,rambus,RMBS,RAMBUS INC.
ESML,iShares MSCI USA Small-Cap ESG Optimized ETF,31/08/18,Semiconductors & Semiconductor Equipment — 2.4%,Semtech Corp.,192,"11,472",,,semtech,SMTC,SEMTECH CORP.
ESML,iShares MSCI USA Small-Cap ESG Optimized ETF,31/08/18,Semiconductors & Semiconductor Equipment — 2.4%,Silicon Laboratories Inc.,151,"14,798",,,silicon laboratories,SLAB,SILICON LABORATORIES INC.
ESML,iShares MSCI USA Small-Cap ESG Optimized ETF,31/08/18,Semiconductors & Semiconductor Equipment — 2.4%,SolarEdge Technologies Inc. (a)(b),119,"5,706",,,solaredge technologies a b,SOLAR2,SOLAREDGE TECHNOLOGIES INC. (A)(B)
ESML,iShares MSCI USA Small-Cap ESG Optimized ETF,31/08/18,Semiconductors & Semiconductor Equipment — 2.4%,Teradyne Inc.,356,"14,664",,,teradyne,TER,TERADYNE INC.
ESML,iShares MSCI USA Small-Cap ESG Optimized ETF,31/08/18,Semiconductors & Semiconductor Equipment — 2.4%,Universal Display Corp.,123,"15,055",,,universal display,OLED,UNIVERSAL DISPLAY CORP.
ESML,iShares MSCI USA Small-Cap ESG Optimized ETF,31/08/18,Semiconductors & Semiconductor Equipment — 2.4%,Versum Materials Inc.,225,"8,953","2,81,224",,versum materials,VERSU,VERSUM MATERIALS INC.
ESML,iShares MSCI USA Small-Cap ESG Optimized ETF,31/08/18,Software — 4.0%,8x8 Inc.,247,"5,607",,,8x8,EGHT,8X8 INC.
ESML,iShares MSCI USA Small-Cap ESG Optimized ETF,31/08/18,Software — 4.0%,ACI Worldwide Inc.,582,"16,535",,,aci worldwide,ACIW,ACI WORLDWIDE INC.
ESML,iShares MSCI USA Small-Cap ESG Optimized ETF,31/08/18,Software — 4.0%,Aspen Technology Inc. (a)(b),93,"10,729",,,aspen technology a b,ASPEN,ASPEN TECHNOLOGY INC. (A)(B)
ESML,iShares MSCI USA Small-Cap ESG Optimized ETF,31/08/18,Software — 4.0%,Avaya Holdings Corp.,448,"10,465",,,avaya,AVAYA,AVAYA HOLDINGS CORP.
ESML,iShares MSCI USA Small-Cap ESG Optimized ETF,31/08/18,Software — 4.0%,Blackbaud Inc.,207,"21,646",,,blackbaud,BLKB,BLACKBAUD INC.
ESML,iShares MSCI USA Small-Cap ESG Optimized ETF,31/08/18,Software — 4.0%,Blackline Inc.,198,"10,447",,,blackline,BL,BLACKLINE INC.
ESML,iShares MSCI USA Small-Cap ESG Optimized ETF,31/08/18,Software — 4.0%,Ellie Mae Inc.,71,"7,481",,,ellie mae,ELLIE,ELLIE MAE INC.
ESML,iShares MSCI USA Small-Cap ESG Optimized ETF,31/08/18,Software — 4.0%,Everbridge Inc.,101,"6,081",,,everbridge,EVERB,EVERBRIDGE INC.
ESML,iShares MSCI USA Small-Cap ESG Optimized ETF,31/08/18,Software — 4.0%,Fair Isaac Corp.,180,"41,576",,,fair isaac,FICO,FAIR ISAAC CORP.
ESML,iShares MSCI USA Small-Cap ESG Optimized ETF,31/08/18,Software — 4.0%,FireEye Inc.,429,"7,121",,,fireeye,FIREE,FIREEYE INC.
ESML,iShares MSCI USA Small-Cap ESG Optimized ETF,31/08/18,Software — 4.0%,Guidewire Software Inc.,121,"12,169",,,guidewire software,GWRE,GUIDEWIRE SOFTWARE INC.
ESML,iShares MSCI USA Small-Cap ESG Optimized ETF,31/08/18,Software — 4.0%,HubSpot Inc.,98,"14,083",,,hubspot,HUBS,HUBSPOT INC.
ESML,iShares MSCI USA Small-Cap ESG Optimized ETF,31/08/18,Software — 4.0%,Manhattan Associates Inc.,283,"16,411",,,manhattan associates,MANH,MANHATTAN ASSOCIATES INC.
ESML,iShares MSCI USA Small-Cap ESG Optimized ETF,31/08/18,Software — 4.0%,Nuance Communications Inc. (a)(b),487,"7,948",,,nuance communications a b,NUANC,NUANCE COMMUNICATIONS INC. (A)(B)
ESML,iShares MSCI USA Small-Cap ESG Optimized ETF,31/08/18,Software — 4.0%,OneSpan Inc.,313,"5,869",,,onespan,OSPN,ONESPAN INC.
ESML,iShares MSCI USA Small-Cap ESG Optimized ETF,31/08/18,Software — 4.0%,Paycom Software Inc. (a)(b),168,"26,060",,,paycom software a b,PAYCO,PAYCOM SOFTWARE INC. (A)(B)
ESML,iShares MSCI USA Small-Cap ESG Optimized ETF,31/08/18,Software — 4.0%,Paylocity Holding Corp.,225,"17,874",,,paylocity holding,PCTY,PAYLOCITY HOLDING CORP.
ESML,iShares MSCI USA Small-Cap ESG Optimized ETF,31/08/18,Software — 4.0%,Proofpoint Inc.,114,"13,526",,,proofpoint,PROOF,PROOFPOINT INC.
ESML,iShares MSCI USA Small-Cap ESG Optimized ETF,31/08/18,Software — 4.0%,PTC Inc.,434,"43,374",,,ptc,PTC,PTC INC.
ESML,iShares MSCI USA Small-Cap ESG Optimized ETF,31/08/18,Software — 4.0%,Qualys Inc.,127,"11,563",,,qualys,QLYS,QUALYS INC.
ESML,iShares MSCI USA Small-Cap ESG Optimized ETF,31/08/18,Software — 4.0%,Rapid7 Inc.,178,"6,791",,,rapid7,RPD,RAPID7 INC.
ESML,iShares MSCI USA Small-Cap ESG Optimized ETF,31/08/18,Software — 4.0%,"RingCentral Inc., Class A",263,"24,498",,,ringcentral,RNG,"RINGCENTRAL INC., CLASS A"
ESML,iShares MSCI USA Small-Cap ESG Optimized ETF,31/08/18,Software — 4.0%,SailPoint Technologies Holding Inc.,197,"6,093",,,sailpoint technologies holding,SAILP,SAILPOINT TECHNOLOGIES HOLDING INC.
ESML,iShares MSCI USA Small-Cap ESG Optimized ETF,31/08/18,Software — 4.0%,"Tableau Software Inc., Class A",223,"24,945",,,tableau software,TABLE,"TABLEAU SOFTWARE INC., CLASS A"
ESML,iShares MSCI USA Small-Cap ESG Optimized ETF,31/08/18,Software — 4.0%,TiVo Corp.,617,"8,422",,,tivo,TIVOC,TIVO CORP.
ESML,iShares MSCI USA Small-Cap ESG Optimized ETF,31/08/18,Software — 4.0%,Tyler Technologies Inc.,46,"11,360",,,tyler technologies,TYL,TYLER TECHNOLOGIES INC.
ESML,iShares MSCI USA Small-Cap ESG Optimized ETF,31/08/18,Software — 4.0%,Ultimate Software Group Inc. (The),99,"30,657",,,ultimate software the,ULTIM,ULTIMATE SOFTWARE GROUP INC. (THE)
ESML,iShares MSCI USA Small-Cap ESG Optimized ETF,31/08/18,Software — 4.0%,Varonis Systems Inc.,84,"6,208",,,varonis systems,VRNS,VARONIS SYSTEMS INC.
ESML,iShares MSCI USA Small-Cap ESG Optimized ETF,31/08/18,Software — 4.0%,Workiva Inc.,222,"8,181",,,workiva,WK,WORKIVA INC.
ESML,iShares MSCI USA Small-Cap ESG Optimized ETF,31/08/18,Software — 4.0%,Zendesk Inc.,307,"21,149",,,zendesk,ZENDE,ZENDESK INC.
ESML,iShares MSCI USA Small-Cap ESG Optimized ETF,31/08/18,Software — 4.0%,"Zynga Inc., Class A","1,533","6,377","4,61,246",,zynga,ZYNGA,"ZYNGA INC., CLASS A"
ESML,iShares MSCI USA Small-Cap ESG Optimized ETF,31/08/18,Specialty Retail — 2.9%,Aaron’s Inc.,326,"16,209",,,aaron s,AARON,AARON’S INC.
ESML,iShares MSCI USA Small-Cap ESG Optimized ETF,31/08/18,Specialty Retail — 2.9%,American Eagle Outfitters Inc.,801,"20,794",,,american eagle outfitters,AEO,AMERICAN EAGLE OUTFITTERS INC.
ESML,iShares MSCI USA Small-Cap ESG Optimized ETF,31/08/18,Specialty Retail — 2.9%,Asbury Automotive Group Inc. (a)(b),112,"8,344",,,asbury automotive a b,ASBUR,ASBURY AUTOMOTIVE GROUP INC. (A)(B)
ESML,iShares MSCI USA Small-Cap ESG Optimized ETF,31/08/18,Specialty Retail — 2.9%,At Home Group Inc.,170,"5,850",,,at home,ATHOM,AT HOME GROUP INC.
ESML,iShares MSCI USA Small-Cap ESG Optimized ETF,31/08/18,Specialty Retail — 2.9%,AutoNation Inc.,197,"8,934",,,autonation,AN,AUTONATION INC.
ESML,iShares MSCI USA Small-Cap ESG Optimized ETF,31/08/18,Specialty Retail — 2.9%,Buckle Inc. (The),216,"5,562",,,buckle the,BKE,BUCKLE INC. (THE)
ESML,iShares MSCI USA Small-Cap ESG Optimized ETF,31/08/18,Specialty Retail — 2.9%,Burlington Stores Inc.,192,"32,290",,,burlington stores,BURL,BURLINGTON STORES INC.
ESML,iShares MSCI USA Small-Cap ESG Optimized ETF,31/08/18,Specialty Retail — 2.9%,Caleres Inc.,225,"9,108",,,caleres,CAL,CALERES INC.
ESML,iShares MSCI USA Small-Cap ESG Optimized ETF,31/08/18,Specialty Retail — 2.9%,"DSW Inc., Class A",220,"7,317",,,dsw,DSWIN,"DSW INC., CLASS A"
ESML,iShares MSCI USA Small-Cap ESG Optimized ETF,31/08/18,Specialty Retail — 2.9%,Five Below Inc.,166,"19,334",,,five below,FIVE,FIVE BELOW INC.
ESML,iShares MSCI USA Small-Cap ESG Optimized ETF,31/08/18,Specialty Retail — 2.9%,"Floor & Decor Holdings Inc., Class A (a)(b)",149,"5,477",,,floor and decor a b,FND,"FLOOR & DECOR HOLDINGS INC., CLASS A (A)(B)"
ESML,iShares MSCI USA Small-Cap ESG Optimized ETF,31/08/18,Specialty Retail — 2.9%,Foot Locker Inc.,426,"21,002",,,foot locker,FL,FOOT LOCKER INC.
ESML,iShares MSCI USA Small-Cap ESG Optimized ETF,31/08/18,Specialty Retail — 2.9%,"GameStop Corp., Class A",528,"7,007",,,gamestop,GME,"GAMESTOP CORP., CLASS A"
ESML,iShares MSCI USA Small-Cap ESG Optimized ETF,31/08/18,Specialty Retail — 2.9%,"GNC Holdings Inc., Class A","1,802","5,586",,,gnc,GNCHO,"GNC HOLDINGS INC., CLASS A"
ESML,iShares MSCI USA Small-Cap ESG Optimized ETF,31/08/18,Specialty Retail — 2.9%,Group 1 Automotive Inc.,90,"6,938",,,1 automotive,GPI,GROUP 1 AUTOMOTIVE INC.
ESML,iShares MSCI USA Small-Cap ESG Optimized ETF,31/08/18,Specialty Retail — 2.9%,Hibbett Sports Inc. (a)(b),196,"4,028",,,hibbett sports a b,HIBBE,HIBBETT SPORTS INC. (A)(B)
ESML,iShares MSCI USA Small-Cap ESG Optimized ETF,31/08/18,Specialty Retail — 2.9%,"Lithia Motors Inc., Class A",103,"8,899",,,lithia motors,LAD,"LITHIA MOTORS INC., CLASS A"
ESML,iShares MSCI USA Small-Cap ESG Optimized ETF,31/08/18,Specialty Retail — 2.9%,MarineMax Inc.,272,"6,120",,,marinemax,HZO,MARINEMAX INC.
ESML,iShares MSCI USA Small-Cap ESG Optimized ETF,31/08/18,Specialty Retail — 2.9%,Michaels Companies Inc. (The),384,"6,524",,,michaels companies the,MICHA3,MICHAELS COMPANIES INC. (THE)
ESML,iShares MSCI USA Small-Cap ESG Optimized ETF,31/08/18,Specialty Retail — 2.9%,Monro Inc.,141,"10,004",,,monro,MNRO,MONRO INC.
ESML,iShares MSCI USA Small-Cap ESG Optimized ETF,31/08/18,Specialty Retail — 2.9%,Murphy USA Inc.,136,"11,285",,,murphy usa,MUSA,MURPHY USA INC.
ESML,iShares MSCI USA Small-Cap ESG Optimized ETF,31/08/18,Specialty Retail — 2.9%,National Vision Holdings Inc.,179,"7,921",,,national vision,EYE,NATIONAL VISION HOLDINGS INC.
ESML,iShares MSCI USA Small-Cap ESG Optimized ETF,31/08/18,Specialty Retail — 2.9%,Office Depot Inc.,"2,314","7,752",,,office depot,OFFIC,OFFICE DEPOT INC.
ESML,iShares MSCI USA Small-Cap ESG Optimized ETF,31/08/18,Specialty Retail — 2.9%,Rent-A-Center Inc./TX,386,"5,690",,,rent a center tx,RENTA,RENT-A-CENTER INC./TX
ESML,iShares MSCI USA Small-Cap ESG Optimized ETF,31/08/18,Specialty Retail — 2.9%,RH,55,"8,745",,,rh,RH,RH
ESML,iShares MSCI USA Small-Cap ESG Optimized ETF,31/08/18,Specialty Retail — 2.9%,Sally Beauty Holdings Inc.,449,"6,915",,,sally beauty,S7V.SG,SALLY BEAUTY HOLDINGS INC.
ESML,iShares MSCI USA Small-Cap ESG Optimized ETF,31/08/18,Specialty Retail — 2.9%,Signet Jewelers Ltd.,286,"18,361",,,signet jewelers,SIG,SIGNET JEWELERS LTD.
ESML,iShares MSCI USA Small-Cap ESG Optimized ETF,31/08/18,Specialty Retail — 2.9%,Sleep Number Corp. (a)(b),187,"6,302",,,sleep number a b,SLEEP,SLEEP NUMBER CORP. (A)(B)
ESML,iShares MSCI USA Small-Cap ESG Optimized ETF,31/08/18,Specialty Retail — 2.9%,Tailored Brands Inc.,258,"6,073",,,tailored brands,TAILO,TAILORED BRANDS INC.
ESML,iShares MSCI USA Small-Cap ESG Optimized ETF,31/08/18,Specialty Retail — 2.9%,Williams-Sonoma Inc.,394,"27,671",,,williams sonoma,WSM,WILLIAMS-SONOMA INC.
ESML,iShares MSCI USA Small-Cap ESG Optimized ETF,31/08/18,Specialty Retail — 2.9%,Zumiez Inc. (a)(b),190,"5,918","3,27,960",,zumiez a b,ZUMIE,ZUMIEZ INC. (A)(B)
ESML,iShares MSCI USA Small-Cap ESG Optimized ETF,31/08/18,"Technology Hardware, Storage & Peripherals — 0.3%",3D Systems Corp.,305,"6,207",,,3d systems,SYV.SG,3D SYSTEMS CORP.
ESML,iShares MSCI USA Small-Cap ESG Optimized ETF,31/08/18,"Technology Hardware, Storage & Peripherals — 0.3%",Cray Inc.,264,"5,729",,,cray,CRAYI,CRAY INC.
ESML,iShares MSCI USA Small-Cap ESG Optimized ETF,31/08/18,"Technology Hardware, Storage & Peripherals — 0.3%",NCR Corp. (a)(b),340,"9,659",,,ncr a b,NCRCO,NCR CORP. (A)(B)
ESML,iShares MSCI USA Small-Cap ESG Optimized ETF,31/08/18,"Technology Hardware, Storage & Peripherals — 0.3%","Pure Storage Inc., Class A",344,"9,233","30,828",,pure storage,PSTG,"PURE STORAGE INC., CLASS A"
ESML,iShares MSCI USA Small-Cap ESG Optimized ETF,31/08/18,"Textiles, Apparel & Luxury Goods — 1.0%",Carter’s Inc.,92,"9,746",,,carter s,CRI,CARTER’S INC.
ESML,iShares MSCI USA Small-Cap ESG Optimized ETF,31/08/18,"Textiles, Apparel & Luxury Goods — 1.0%",Columbia Sportswear Co.,283,"25,668",,,columbia sportswear,COLM,COLUMBIA SPORTSWEAR CO.
ESML,iShares MSCI USA Small-Cap ESG Optimized ETF,31/08/18,"Textiles, Apparel & Luxury Goods — 1.0%",Crocs Inc. (a)(b),430,"8,884",,,crocs a b,CROCS,CROCS INC. (A)(B)
ESML,iShares MSCI USA Small-Cap ESG Optimized ETF,31/08/18,"Textiles, Apparel & Luxury Goods — 1.0%",Deckers Outdoor Corp.,189,"23,028",,,deckers outdoor,DECK,DECKERS OUTDOOR CORP.
ESML,iShares MSCI USA Small-Cap ESG Optimized ETF,31/08/18,"Textiles, Apparel & Luxury Goods — 1.0%",Fossil Group Inc.,242,"5,486",,,fossil,FOSL,FOSSIL GROUP INC.
ESML,iShares MSCI USA Small-Cap ESG Optimized ETF,31/08/18,"Textiles, Apparel & Luxury Goods — 1.0%",Movado Group Inc.,194,"8,264",,,movado,MOV,MOVADO GROUP INC.
ESML,iShares MSCI USA Small-Cap ESG Optimized ETF,31/08/18,"Textiles, Apparel & Luxury Goods — 1.0%","Skechers U.S.A. Inc., Class A",229,"6,751",,,skechers u s a,SKAA.SG,"SKECHERS U.S.A. INC., CLASS A"
ESML,iShares MSCI USA Small-Cap ESG Optimized ETF,31/08/18,"Textiles, Apparel & Luxury Goods — 1.0%",Wolverine World Wide Inc.,597,"23,390","1,11,217",,wolverine world wide,WWW,WOLVERINE WORLD WIDE INC.
ESML,iShares MSCI USA Small-Cap ESG Optimized ETF,31/08/18,Thrifts & Mortgage Finance — 1.1%,Essent Group Ltd.,153,"6,634",,,essent,ESNT,ESSENT GROUP LTD.
ESML,iShares MSCI USA Small-Cap ESG Optimized ETF,31/08/18,Thrifts & Mortgage Finance — 1.1%,"Federal Agricultural Mortgage Corp., Class C,NVS",91,"7,013",,,federal agricultural mortgage,AGM,"FEDERAL AGRICULTURAL MORTGAGE CORP., CLASS C,NVS"
ESML,iShares MSCI USA Small-Cap ESG Optimized ETF,31/08/18,Thrifts & Mortgage Finance — 1.1%,First Defiance Financial Corp.,178,"5,694",,,first defiance financial,FIRST6,FIRST DEFIANCE FINANCIAL CORP.
ESML,iShares MSCI USA Small-Cap ESG Optimized ETF,31/08/18,Thrifts & Mortgage Finance — 1.1%,Flagstar Bancorp. Inc.,197,"6,511",,,flagstar bancorp,FLAGS,FLAGSTAR BANCORP. INC.
ESML,iShares MSCI USA Small-Cap ESG Optimized ETF,31/08/18,Thrifts & Mortgage Finance — 1.1%,HomeStreet Inc.,484,"14,254",,,homestreet,HOMES,HOMESTREET INC.
ESML,iShares MSCI USA Small-Cap ESG Optimized ETF,31/08/18,Thrifts & Mortgage Finance — 1.1%,Lending Tree Inc.,25,"6,334",,,lending tree,LENDI,LENDING TREE INC.
ESML,iShares MSCI USA Small-Cap ESG Optimized ETF,31/08/18,Thrifts & Mortgage Finance — 1.1%,Meta Financial Group Inc.,65,"5,629",,,meta financial,FM7.SG,META FINANCIAL GROUP INC.
ESML,iShares MSCI USA Small-Cap ESG Optimized ETF,31/08/18,Thrifts & Mortgage Finance — 1.1%,MGIC Investment Corp.,"1,761","22,400",,,mgic investment,MTG,MGIC INVESTMENT CORP.
ESML,iShares MSCI USA Small-Cap ESG Optimized ETF,31/08/18,Thrifts & Mortgage Finance — 1.1%,"NMI Holdings Inc., Class A",260,"5,616",,,nmi,NMIH,"NMI HOLDINGS INC., CLASS A"
ESML,iShares MSCI USA Small-Cap ESG Optimized ETF,31/08/18,Thrifts & Mortgage Finance — 1.1%,OceanFirst Financial Corp.,386,"11,271",,,oceanfirst financial,OCFC,OCEANFIRST FINANCIAL CORP.
ESML,iShares MSCI USA Small-Cap ESG Optimized ETF,31/08/18,Thrifts & Mortgage Finance — 1.1%,Radian Group Inc.,359,"7,298",,,radian,RDN,RADIAN GROUP INC.
ESML,iShares MSCI USA Small-Cap ESG Optimized ETF,31/08/18,Thrifts & Mortgage Finance — 1.1%,TFS Financial Corp.,468,"7,226",,,tfs financial,PWT.F,TFS FINANCIAL CORP.
ESML,iShares MSCI USA Small-Cap ESG Optimized ETF,31/08/18,Thrifts & Mortgage Finance — 1.1%,Walker & Dunlop Inc.,103,"5,614",,,walker and dunlop,WD,WALKER & DUNLOP INC.
ESML,iShares MSCI USA Small-Cap ESG Optimized ETF,31/08/18,Thrifts & Mortgage Finance — 1.1%,Washington Federal Inc.,355,"12,105",,,washington federal,WASHI3,WASHINGTON FEDERAL INC.
ESML,iShares MSCI USA Small-Cap ESG Optimized ETF,31/08/18,Thrifts & Mortgage Finance — 1.1%,WSFS Financial Corp.,157,"7,662","1,31,261",,wsfs financial,WSFS,WSFS FINANCIAL CORP.
ESML,iShares MSCI USA Small-Cap ESG Optimized ETF,31/08/18,Trading Companies & Distributors — 1.1%,Air Lease Corp.,136,"6,285",,,air lease,AL,AIR LEASE CORP.
ESML,iShares MSCI USA Small-Cap ESG Optimized ETF,31/08/18,Trading Companies & Distributors — 1.1%,Aircastle Ltd.,262,"5,481",,,aircastle,AIRCA,AIRCASTLE LTD.
ESML,iShares MSCI USA Small-Cap ESG Optimized ETF,31/08/18,Trading Companies & Distributors — 1.1%,Beacon Roofing Supply Inc.,284,"10,531",,,beacon roofing supply,BEACO,BEACON ROOFING SUPPLY INC.
ESML,iShares MSCI USA Small-Cap ESG Optimized ETF,31/08/18,Trading Companies & Distributors — 1.1%,Foundation Building Materials Inc.,394,"5,441",,,foundation building materials,FOUND,FOUNDATION BUILDING MATERIALS INC.
ESML,iShares MSCI USA Small-Cap ESG Optimized ETF,31/08/18,Trading Companies & Distributors — 1.1%,GATX Corp.,189,"15,961",,,gatx,GATX,GATX CORP.
ESML,iShares MSCI USA Small-Cap ESG Optimized ETF,31/08/18,Trading Companies & Distributors — 1.1%,Herc Holdings Inc.,105,"5,521",,,herc,HRI,HERC HOLDINGS INC.
ESML,iShares MSCI USA Small-Cap ESG Optimized ETF,31/08/18,Trading Companies & Distributors — 1.1%,"MSC Industrial Direct Co. Inc., Class A",70,"5,984",,,msc industrial direct,MSM,"MSC INDUSTRIAL DIRECT CO. INC., CLASS A"
ESML,iShares MSCI USA Small-Cap ESG Optimized ETF,31/08/18,Trading Companies & Distributors — 1.1%,Nexeo Solutions Inc.,944,"9,449",,,nexeo solutions,NEXEO,NEXEO SOLUTIONS INC.
ESML,iShares MSCI USA Small-Cap ESG Optimized ETF,31/08/18,Trading Companies & Distributors — 1.1%,NOW Inc.,323,"5,552",,,now,11N.SG,NOW INC.
ESML,iShares MSCI USA Small-Cap ESG Optimized ETF,31/08/18,Trading Companies & Distributors — 1.1%,"Rush Enterprises Inc., Class A",138,"5,928",,,rush enterprises,RUSHA,"RUSH ENTERPRISES INC., CLASS A"
ESML,iShares MSCI USA Small-Cap ESG Optimized ETF,31/08/18,Trading Companies & Distributors — 1.1%,SiteOne Landscape Supply Inc.,150,"13,555",,,siteone landscape supply,SITE,SITEONE LANDSCAPE SUPPLY INC.
ESML,iShares MSCI USA Small-Cap ESG Optimized ETF,31/08/18,Trading Companies & Distributors — 1.1%,Triton International Ltd.,146,"5,516",,,triton international,TRITO,TRITON INTERNATIONAL LTD.
ESML,iShares MSCI USA Small-Cap ESG Optimized ETF,31/08/18,Trading Companies & Distributors — 1.1%,Veritiv Corp.,116,"5,539",,,veritiv,VERIT,VERITIV CORP.
ESML,iShares MSCI USA Small-Cap ESG Optimized ETF,31/08/18,Trading Companies & Distributors — 1.1%,Watsco Inc.,45,"7,875",,,watsco,WSO,WATSCO INC.
ESML,iShares MSCI USA Small-Cap ESG Optimized ETF,31/08/18,Trading Companies & Distributors — 1.1%,WESCO International Inc.,288,"17,611","1,26,229",,wesco international,WCC,WESCO INTERNATIONAL INC.
ESML,iShares MSCI USA Small-Cap ESG Optimized ETF,31/08/18,Transportation Infrastructure — 0.2%,Macquarie Infrastructure Corp.,483,"22,720","22,720",12185315,macquarie infrastructure,MACQU,MACQUARIE INFRASTRUCTURE CORP.
ESML,iShares MSCI USA Small-Cap ESG Optimized ETF,31/08/18,Water Utilities — 0.1%,Aqua America Inc.,315,"11,712","11,712",,aqua america,AQUAA,AQUA AMERICA INC.
ESML,iShares MSCI USA Small-Cap ESG Optimized ETF,31/08/18,Wireless Telecommunication Services — 0.1%,Boingo Wireless Inc.,319,"10,552",,,boingo wireless,BOING,BOINGO WIRELESS INC.
ESML,iShares MSCI USA Small-Cap ESG Optimized ETF,31/08/18,Wireless Telecommunication Services — 0.1%,Shenandoah Telecommunications Co.,165,"6,295","16,847",11427747,shenandoah telecommunications,SHEN,SHENANDOAH TELECOMMUNICATIONS CO.
ESML,iShares MSCI USA Small-Cap ESG Optimized ETF,31/08/18,MONEY MARKET FUNDS — 6.6%,"BlackRock Cash Funds: Institutional, SL Agency Shares, 2.15%(c)(d)(e)","7,29,442","7,29,661",,,blackrock cash funds institutional sl agency shares 2 15 c d e,BLACK22,"BLACKROCK CASH FUNDS: INSTITUTIONAL, SL AGENCY SHARES, 2.15%(C)(D)(E)"
ESML,iShares MSCI USA Small-Cap ESG Optimized ETF,31/08/18,MONEY MARKET FUNDS — 6.6%,"BlackRock Cash Funds: Treasury, SL Agency Shares, 1.89%(c)(d)","27,907","27,907","7,57,568","7,57,568",blackrock cash funds treasury sl agency shares 1 89 c d,BLACK23,"BLACKROCK CASH FUNDS: TREASURY, SL AGENCY SHARES, 1.89%(C)(D)"
ICLN,iShares Global Clean Energy ETF,30/09/18,Austria — 9.7%,Verbund AG,"3,24,993","1,60,12,668","1,60,12,668",,verbund,VER,VERBUND AG
ICLN,iShares Global Clean Energy ETF,30/09/18,Canada — 6.7%,"Boralex Inc., Class A","2,46,512","34,38,505",,,boralex,BLX,"BORALEX INC., CLASS A"
ICLN,iShares Global Clean Energy ETF,30/09/18,Canada — 6.7%,Canadian Solar Inc. (a)(b),"1,92,499","27,91,235",,,canadian solar a b,CANAD5,CANADIAN SOLAR INC. (A)(B)
ICLN,iShares Global Clean Energy ETF,30/09/18,Canada — 6.7%,Innergex Renewable Energy Inc.,"4,80,221","48,22,272","1,10,52,012",,innergex renewable energy,INNER,INNERGEX RENEWABLE ENERGY INC.
ICLN,iShares Global Clean Energy ETF,30/09/18,China — 24.0%,Beijing Enterprises Clean Energy Group Ltd. (a)(b),"14,77,80,000","26,62,907",,,beijing enterprises clean energy a b,BEIJI,BEIJING ENTERPRISES CLEAN ENERGY GROUP LTD. (A)(B)
ICLN,iShares Global Clean Energy ETF,30/09/18,China — 24.0%,"China Everbright Greentech Ltd., Class L (b)(c)","24,93,000","21,28,237",,,china everbright greentech class l b c,CHINA29,"CHINA EVERBRIGHT GREENTECH LTD., CLASS L (B)(C)"
ICLN,iShares Global Clean Energy ETF,30/09/18,China — 24.0%,China Everbright International Ltd.,"68,88,000","59,50,604",,,china everbright international,CHINA17,CHINA EVERBRIGHT INTERNATIONAL LTD.
ICLN,iShares Global Clean Energy ETF,30/09/18,China — 24.0%,"China Longyuan Power Group Corp. Ltd., Class H","1,10,11,000","92,59,208",,,china longyuan power class h,6WX.MU,"CHINA LONGYUAN POWER GROUP CORP. LTD., CLASS H"
ICLN,iShares Global Clean Energy ETF,30/09/18,China — 24.0%,GCL-Poly Energy Holdings Ltd.,"5,28,85,000","37,17,204",,,gcl poly energy,3GY.SG,GCL-POLY ENERGY HOLDINGS LTD.
ICLN,iShares Global Clean Energy ETF,30/09/18,China — 24.0%,"Huaneng Renewables Corp. Ltd., Class H","2,03,84,000","60,69,690",,,huaneng renewables class h,HUANE2,"HUANENG RENEWABLES CORP. LTD., CLASS H"
ICLN,iShares Global Clean Energy ETF,30/09/18,China — 24.0%,"JinkoSolar Holding Co. Ltd., ADR (a)(b)","1,13,972","12,27,479",,,jinkosolar holding adr a b,JKS,"JINKOSOLAR HOLDING CO. LTD., ADR (A)(B)"
ICLN,iShares Global Clean Energy ETF,30/09/18,China — 24.0%,"Xinjiang Goldwind Science & Technology Co. Ltd., Class H","28,01,400","30,10,872",,,xinjiang goldwind science and technology class h,CXGH.BE,"XINJIANG GOLDWIND SCIENCE & TECHNOLOGY CO. LTD., CLASS H"
ICLN,iShares Global Clean Energy ETF,30/09/18,China — 24.0%,Xinyi Solar Holdings Ltd.,"1,88,78,000","58,14,257","3,98,40,458",,xinyi solar,968,XINYI SOLAR HOLDINGS LTD.
ICLN,iShares Global Clean Energy ETF,30/09/18,Denmark — 5.6%,Vestas Wind Systems A/S,"1,36,798","92,55,734","92,55,734",,vestas wind systems a s,VWS.CO,VESTAS WIND SYSTEMS A/S
ICLN,iShares Global Clean Energy ETF,30/09/18,Germany — 2.4%,Nordex SE (a)(b),"2,67,557","28,79,570",,,nordex se a b,NORDE2,NORDEX SE (A)(B)
ICLN,iShares Global Clean Energy ETF,30/09/18,Germany — 2.4%,SMA Solar Technology AG,"47,714","11,18,371","39,97,941",,sma solar technology,S92,SMA SOLAR TECHNOLOGY AG
ICLN,iShares Global Clean Energy ETF,30/09/18,New Zealand — 11.6%,Contact Energy Ltd.,"24,29,945","93,91,736",,,contact energy,CEN,CONTACT ENERGY LTD.
ICLN,iShares Global Clean Energy ETF,30/09/18,New Zealand — 11.6%,Meridian Energy Ltd.,"44,88,345","97,74,679","1,91,66,415",,meridian energy,MEL,MERIDIAN ENERGY LTD.
ICLN,iShares Global Clean Energy ETF,30/09/18,Spain — 4.4%,Siemens Gamesa Renewable Energy SA (a)(b),"5,76,995","73,04,956","73,04,956",,siemens gamesa renewable energy a b,SIEME3,SIEMENS GAMESA RENEWABLE ENERGY SA (A)(B)
ICLN,iShares Global Clean Energy ETF,30/09/18,United Kingdom — 3.1%,Atlantica Yield PLC,"2,50,572","51,56,772","51,56,772",,atlantica yield,ATLAN2,ATLANTICA YIELD PLC
ICLN,iShares Global Clean Energy ETF,30/09/18,United States — 26.0%,Covanta Holding Corp.,"5,64,655","91,75,644",,,covanta holding,COVAN,COVANTA HOLDING CORP.
ICLN,iShares Global Clean Energy ETF,30/09/18,United States — 26.0%,First Solar Inc. (a)(b),"1,33,884","64,82,663",,,first solar a b,FIRST7,FIRST SOLAR INC. (A)(B)
ICLN,iShares Global Clean Energy ETF,30/09/18,United States — 26.0%,Ormat Technologies Inc.,"1,54,846","83,78,717",,,ormat technologies,ORA,ORMAT TECHNOLOGIES INC.
ICLN,iShares Global Clean Energy ETF,30/09/18,United States — 26.0%,"Pattern Energy Group Inc., Class A","3,79,827","75,47,163",,,pattern energy,PATTE3,"PATTERN ENERGY GROUP INC., CLASS A"
ICLN,iShares Global Clean Energy ETF,30/09/18,United States — 26.0%,SolarEdge Technologies Inc. (a)(b),"1,55,732","58,63,310",,,solaredge technologies a b,SOLAR2,SOLAREDGE TECHNOLOGIES INC. (A)(B)
ICLN,iShares Global Clean Energy ETF,30/09/18,United States — 26.0%,Sunrun Inc. (a)(b),"2,86,726","35,66,871",,,sunrun a b,SUNRU2,SUNRUN INC. (A)(B)
ICLN,iShares Global Clean Energy ETF,30/09/18,United States — 26.0%,"TerraForm Power Inc., Class A","1,78,885","20,66,122","4,30,80,490","15,48,67,446",terraform power,TERRA3,"TERRAFORM POWER INC., CLASS A"
ICLN,iShares Global Clean Energy ETF,30/09/18,BRAZIL — 5.5%,"Cia. Energetica de Minas Gerais, ADR, Preference Shares","39,91,041","68,24,680",,,cia energetica de minas gerais adr preference shares,CIDS.DU,"CIA. ENERGETICA DE MINAS GERAIS, ADR, PREFERENCE SHARES"
ICLN,iShares Global Clean Energy ETF,30/09/18,BRAZIL — 5.5%,"Cia. Paranaense de Energia, Class B, ADR, Preference Shares","4,36,761","23,01,731","91,26,411","91,26,411",cia paranaense de energia adr preference shares,CIAPA3,"CIA. PARANAENSE DE ENERGIA, CLASS B, ADR, PREFERENCE SHARES"
ICLN,iShares Global Clean Energy ETF,30/09/18,MONEY MARKET FUNDS — 19.0%,"BlackRock Cash Funds: Institutional, SL Agency Shares, 2.24%(c)(d)(e)(f)","3,14,78,598","3,14,88,042",,,blackrock cash funds institutional sl agency shares 2 24 c d e f,BLACK25,"BLACKROCK CASH FUNDS: INSTITUTIONAL, SL AGENCY SHARES, 2.24%(C)(D)(E)(F)"
ICLN,iShares Global Clean Energy ETF,30/09/18,MONEY MARKET FUNDS — 19.0%,"BlackRock Cash Funds: Treasury, SL Agency Shares, 1.97%(c)(d)(e)","65,043","65,043","3,15,53,085","3,15,53,085",blackrock cash funds treasury sl agency shares 1 97 c d e,BLACK26,"BLACKROCK CASH FUNDS: TREASURY, SL AGENCY SHARES, 1.97%(C)(D)(E)"
SDG,iShares MSCI Global Sustainable Development Goals ETF,31/08/18,Australia — 0.7%,CSL Ltd.,"1,378","2,26,530",,,csl,CSL,CSL LTD.
SDG,iShares MSCI Global Sustainable Development Goals ETF,31/08/18,Australia — 0.7%,GPT Group (The),"12,246","45,787","2,72,317",,gpt the,GPTGR,GPT GROUP (THE)
SDG,iShares MSCI Global Sustainable Development Goals ETF,31/08/18,Belgium — 4.1%,Umicore SA,"27,872","15,57,892","15,57,892",,umicore,UMICY,UMICORE SA
SDG,iShares MSCI Global Sustainable Development Goals ETF,31/08/18,Canada — 0.1%,First Capital Realty Inc.,"2,873","45,036","45,036",,first capital realty,FIRST8,FIRST CAPITAL REALTY INC.
SDG,iShares MSCI Global Sustainable Development Goals ETF,31/08/18,China — 7.4%,3SBio Inc.,"7,000","13,360",,,3sbio,83B.SG,3SBIO INC.
SDG,iShares MSCI Global Sustainable Development Goals ETF,31/08/18,China — 7.4%,Beijing Enterprises Water Group Ltd.,"7,80,000","4,25,333",,,beijing enterprises water,HUN2.MU,BEIJING ENTERPRISES WATER GROUP LTD.
SDG,iShares MSCI Global Sustainable Development Goals ETF,31/08/18,China — 7.4%,"BYD Co. Ltd., Class H","52,000","3,09,062",,,byd class h,BYDDF,"BYD CO. LTD., CLASS H"
SDG,iShares MSCI Global Sustainable Development Goals ETF,31/08/18,China — 7.4%,China Everbright International Ltd.,"1,69,000","1,42,324",,,china everbright international,CHINA17,CHINA EVERBRIGHT INTERNATIONAL LTD.
SDG,iShares MSCI Global Sustainable Development Goals ETF,31/08/18,China — 7.4%,"China Longyuan Power Group Corp. Ltd., Class H","2,60,000","2,18,961",,,china longyuan power class h,6WX.MU,"CHINA LONGYUAN POWER GROUP CORP. LTD., CLASS H"
SDG,iShares MSCI Global Sustainable Development Goals ETF,31/08/18,China — 7.4%,China Medical System Holdings Ltd.,"12,000","19,875",,,china medical system,2M7C.SG,CHINA MEDICAL SYSTEM HOLDINGS LTD.
SDG,iShares MSCI Global Sustainable Development Goals ETF,31/08/18,China — 7.4%,China Mengniu Dairy Co. Ltd.,"78,000","2,25,089",,,china mengniu dairy,2319,CHINA MENGNIU DAIRY CO. LTD.
SDG,iShares MSCI Global Sustainable Development Goals ETF,31/08/18,China — 7.4%,"China Vanke Co. Ltd., Class H","98,800","3,42,387",,,china vanke class h,CHVKY,"CHINA VANKE CO. LTD., CLASS H"
SDG,iShares MSCI Global Sustainable Development Goals ETF,31/08/18,China — 7.4%,GCL-Poly Energy Holdings Ltd.,"48,36,000","3,26,553",,,gcl poly energy,3GY.SG,GCL-POLY ENERGY HOLDINGS LTD.
SDG,iShares MSCI Global Sustainable Development Goals ETF,31/08/18,China — 7.4%,"Huaneng Renewables Corp. Ltd., Class H","4,68,000","1,49,662",,,huaneng renewables class h,HUANE2,"HUANENG RENEWABLES CORP. LTD., CLASS H"
SDG,iShares MSCI Global Sustainable Development Goals ETF,31/08/18,China — 7.4%,"New Oriental Education & Technology Group Inc., ADR","3,640","2,86,104",,,new oriental education and technology adr,EDU,"NEW ORIENTAL EDUCATION & TECHNOLOGY GROUP INC., ADR"
SDG,iShares MSCI Global Sustainable Development Goals ETF,31/08/18,China — 7.4%,Shui On Land Ltd.,"5,85,000","1,39,376",,,shui on land,OL5.SG,SHUI ON LAND LTD.
SDG,iShares MSCI Global Sustainable Development Goals ETF,31/08/18,China — 7.4%,Sino Biopharmaceutical Ltd.,"42,000","53,190",,,sino biopharmaceutical,1177,SINO BIOPHARMACEUTICAL LTD.
SDG,iShares MSCI Global Sustainable Development Goals ETF,31/08/18,China — 7.4%,"Xinjiang Goldwind Science & Technology Co. Ltd., Class H","70,200","75,129",,,xinjiang goldwind science and technology class h,CXGH.BE,"XINJIANG GOLDWIND SCIENCE & TECHNOLOGY CO. LTD., CLASS H"
SDG,iShares MSCI Global Sustainable Development Goals ETF,31/08/18,China — 7.4%,Xinyi Solar Holdings Ltd.,"2,60,000","77,514","28,03,919",,xinyi solar,968,XINYI SOLAR HOLDINGS LTD.
SDG,iShares MSCI Global Sustainable Development Goals ETF,31/08/18,Denmark — 6.1%,Genmab A/S,104,"18,032",,,genmab a s,GMAB,GENMAB A/S
SDG,iShares MSCI Global Sustainable Development Goals ETF,31/08/18,Denmark — 6.1%,H Lundbeck A/S,715,"42,046",,,h lundbeck a s,HLBBF,H LUNDBECK A/S
SDG,iShares MSCI Global Sustainable Development Goals ETF,31/08/18,Denmark — 6.1%,"Novo Nordisk A/S, Class B","14,560","7,15,207",,,novo nordisk a s,NVO,"NOVO NORDISK A/S, CLASS B"
SDG,iShares MSCI Global Sustainable Development Goals ETF,31/08/18,Denmark — 6.1%,Vestas Wind Systems A/S,"22,217","15,51,612","23,26,897",,vestas wind systems a s,VWS.CO,VESTAS WIND SYSTEMS A/S
SDG,iShares MSCI Global Sustainable Development Goals ETF,31/08/18,France — 10.2%,Covivio,504,"52,806",,,covivio,COV,COVIVIO
SDG,iShares MSCI Global Sustainable Development Goals ETF,31/08/18,France — 10.2%,"Danone SA, NVS","10,387","8,19,623",,,danone,BN,"DANONE SA, NVS"
SDG,iShares MSCI Global Sustainable Development Goals ETF,31/08/18,France — 10.2%,Gecina SA,247,"42,504",,,gecina,GFC,GECINA SA
SDG,iShares MSCI Global Sustainable Development Goals ETF,31/08/18,France — 10.2%,"Ipsen SA, NVS",212,"37,776",,,ipsen,IPN,"IPSEN SA, NVS"
SDG,iShares MSCI Global Sustainable Development Goals ETF,31/08/18,France — 10.2%,Klepierre SA,"2,834","1,01,889",,,klepierre,LIP.XC,KLEPIERRE SA
SDG,iShares MSCI Global Sustainable Development Goals ETF,31/08/18,France — 10.2%,Suez,"89,882","13,02,515",,,suez,SUEZ,SUEZ
SDG,iShares MSCI Global Sustainable Development Goals ETF,31/08/18,France — 10.2%,"Veolia Environnement SA, NVS","70,694","14,93,704","38,50,817",,veolia environnement,VIE.PA,"VEOLIA ENVIRONNEMENT SA, NVS"
SDG,iShares MSCI Global Sustainable Development Goals ETF,31/08/18,Germany — 3.2%,KION Group AG,"5,343","3,65,659",,,kion,KGXD.XC,KION GROUP AG
SDG,iShares MSCI Global Sustainable Development Goals ETF,31/08/18,Germany — 3.2%,OSRAM Licht AG,"9,412","4,23,579",,,osram licht,OSAGF,OSRAM LICHT AG
SDG,iShares MSCI Global Sustainable Development Goals ETF,31/08/18,Germany — 3.2%,Vonovia SE,"8,307","4,27,105","12,16,343",,vonovia se,VNA,VONOVIA SE
SDG,iShares MSCI Global Sustainable Development Goals ETF,31/08/18,Hong Kong — 2.1%,Swire Properties Ltd.,"10,200","40,091",,,swire properties,SW9.SG,SWIRE PROPERTIES LTD.
SDG,iShares MSCI Global Sustainable Development Goals ETF,31/08/18,Hong Kong — 2.1%,WH Group Ltd.,"9,81,500","7,40,292","7,80,383",,wh,288,WH GROUP LTD.
SDG,iShares MSCI Global Sustainable Development Goals ETF,31/08/18,India — 0.3%,Godrej Consumer Products Ltd.,840,"17,199",,,godrej consumer products,GODREJCP,GODREJ CONSUMER PRODUCTS LTD.
SDG,iShares MSCI Global Sustainable Development Goals ETF,31/08/18,India — 0.3%,Hindustan Unilever Ltd.,"2,106","52,856",,,hindustan unilever,HINDUNILVR,HINDUSTAN UNILEVER LTD.
SDG,iShares MSCI Global Sustainable Development Goals ETF,31/08/18,India — 0.3%,Marico Ltd.,"2,145","11,173",,,marico,MARICO,MARICO LTD.
SDG,iShares MSCI Global Sustainable Development Goals ETF,31/08/18,India — 0.3%,Nestle India Ltd.,90,"14,697","95,925",,nestle india,NESTLEIND,NESTLE INDIA LTD.
SDG,iShares MSCI Global Sustainable Development Goals ETF,31/08/18,Indonesia — 0.1%,Indofood CBP Sukses Makmur Tbk PT,"35,600","20,966",,,indofood cbp sukses makmur tbk pt,INDOF,INDOFOOD CBP SUKSES MAKMUR TBK PT
SDG,iShares MSCI Global Sustainable Development Goals ETF,31/08/18,Indonesia — 0.1%,Unilever Indonesia Tbk PT,"5,600","16,671","37,637",,unilever indonesia tbk pt,UTG.F,UNILEVER INDONESIA TBK PT
SDG,iShares MSCI Global Sustainable Development Goals ETF,31/08/18,Japan — 14.0%,Central Japan Railway Co.,"5,900","11,87,343",,,central japan railway,9022,CENTRAL JAPAN RAILWAY CO.
SDG,iShares MSCI Global Sustainable Development Goals ETF,31/08/18,Japan — 14.0%,Chugai Pharmaceutical Co. Ltd.,"1,400","81,309",,,chugai pharmaceutical,4519,CHUGAI PHARMACEUTICAL CO. LTD.
SDG,iShares MSCI Global Sustainable Development Goals ETF,31/08/18,Japan — 14.0%,Daiichi Sankyo Co. Ltd.,"7,000","2,73,851",,,daiichi sankyo,4568,DAIICHI SANKYO CO. LTD.
SDG,iShares MSCI Global Sustainable Development Goals ETF,31/08/18,Japan — 14.0%,East Japan Railway Co.,"16,900","15,32,484",,,east japan railway,9020,EAST JAPAN RAILWAY CO.
SDG,iShares MSCI Global Sustainable Development Goals ETF,31/08/18,Japan — 14.0%,Japan Retail Fund Investment Corp.,28,"50,755",,,japan retail fund investment,JAPAN,JAPAN RETAIL FUND INVESTMENT CORP.
SDG,iShares MSCI Global Sustainable Development Goals ETF,31/08/18,Japan — 14.0%,Kyowa Hakko Kirin Co. Ltd.,"2,800","49,745",,,kyowa hakko kirin,KY4.SG,KYOWA HAKKO KIRIN CO. LTD.
SDG,iShares MSCI Global Sustainable Development Goals ETF,31/08/18,Japan — 14.0%,NH Foods Ltd.,"14,000","5,11,972",,,nh foods,2282.T,NH FOODS LTD.
SDG,iShares MSCI Global Sustainable Development Goals ETF,31/08/18,Japan — 14.0%,Nippon Prologis REIT Inc.,14,"27,335",,,nippon prologis reit,NPONF,NIPPON PROLOGIS REIT INC.
SDG,iShares MSCI Global Sustainable Development Goals ETF,31/08/18,Japan — 14.0%,Nisshin Seifun Group Inc.,"6,500","1,30,311",,,nisshin seifun,NFR.SG,NISSHIN SEIFUN GROUP INC.
SDG,iShares MSCI Global Sustainable Development Goals ETF,31/08/18,Japan — 14.0%,Nissin Foods Holdings Co. Ltd.,"1,500","95,910",,,nissin foods,2897,NISSIN FOODS HOLDINGS CO. LTD.
SDG,iShares MSCI Global Sustainable Development Goals ETF,31/08/18,Japan — 14.0%,Ono Pharmaceutical Co. Ltd.,"2,800","73,734",,,ono pharmaceutical,4528,ONO PHARMACEUTICAL CO. LTD.
SDG,iShares MSCI Global Sustainable Development Goals ETF,31/08/18,Japan — 14.0%,Shionogi & Co. Ltd.,"1,500","87,334",,,shionogi and,SH0.SG,SHIONOGI & CO. LTD.
SDG,iShares MSCI Global Sustainable Development Goals ETF,31/08/18,Japan — 14.0%,Sysmex Corp.,"1,400","1,21,712",,,sysmex,6869,SYSMEX CORP.
SDG,iShares MSCI Global Sustainable Development Goals ETF,31/08/18,Japan — 14.0%,Terumo Corp.,"1,700","93,980",,,terumo,4543,TERUMO CORP.
SDG,iShares MSCI Global Sustainable Development Goals ETF,31/08/18,Japan — 14.0%,TOTO Ltd.,"7,800","3,30,613",,,toto,TOTDF,TOTO LTD.
SDG,iShares MSCI Global Sustainable Development Goals ETF,31/08/18,Japan — 14.0%,Toyo Suisan Kaisha Ltd.,"4,200","1,55,107",,,toyo suisan kaisha,TSUKY,TOYO SUISAN KAISHA LTD.
SDG,iShares MSCI Global Sustainable Development Goals ETF,31/08/18,Japan — 14.0%,Unicharm Corp.,"5,200","1,70,324",,,unicharm,8113,UNICHARM CORP.
SDG,iShares MSCI Global Sustainable Development Goals ETF,31/08/18,Japan — 14.0%,Yokogawa Electric Corp.,"16,900","3,47,343","53,21,162",,yokogawa electric,6841,YOKOGAWA ELECTRIC CORP.
SDG,iShares MSCI Global Sustainable Development Goals ETF,31/08/18,Mexico — 0.3%,"Gruma SAB de CV, Series B","4,615","58,422",,,gruma sab de cv series b,GRUMAB.MX,"GRUMA SAB DE CV, SERIES B"
SDG,iShares MSCI Global Sustainable Development Goals ETF,31/08/18,Mexico — 0.3%,"Kimberly-Clark de Mexico SAB de CV, Series A","29,900","52,480","1,10,902",,kimberly clark de mexico sab de cv series a,4FX.HA,"KIMBERLY-CLARK DE MEXICO SAB DE CV, SERIES A"
SDG,iShares MSCI Global Sustainable Development Goals ETF,31/08/18,Norway — 0.5%,Marine Harvest ASA,"9,230","1,99,937","1,99,937",,marine harvest asa,0OAW.IL,MARINE HARVEST ASA
SDG,iShares MSCI Global Sustainable Development Goals ETF,31/08/18,Singapore — 0.2%,CapitaLand Commercial Trust,"20,895","26,995",,,capitaland commercial trust,CAPIT3,CAPITALAND COMMERCIAL TRUST
SDG,iShares MSCI Global Sustainable Development Goals ETF,31/08/18,Singapore — 0.2%,CapitaLand Mall Trust,"31,000","48,421","75,416",,capitaland mall trust,CAPIT2,CAPITALAND MALL TRUST
SDG,iShares MSCI Global Sustainable Development Goals ETF,31/08/18,South Africa — 0.1%,Pioneer Foods Group Ltd.,"5,668","40,814","40,814",,pioneer foods,PIONE2,PIONEER FOODS GROUP LTD.
SDG,iShares MSCI Global Sustainable Development Goals ETF,31/08/18,South Korea — 1.3%,Samsung SDI Co. Ltd.,"2,301","4,87,837","4,87,837",,samsung sdi,6400,SAMSUNG SDI CO. LTD.
SDG,iShares MSCI Global Sustainable Development Goals ETF,31/08/18,Spain — 1.3%,Siemens Gamesa Renewable Energy SA,"32,410","4,84,749","4,84,749",,siemens gamesa renewable energy,SIEME2,SIEMENS GAMESA RENEWABLE ENERGY SA
SDG,iShares MSCI Global Sustainable Development Goals ETF,31/08/18,Sweden — 1.5%,"Essity AB, Class B","21,450","5,56,414","5,56,414",,essity ab,ESSITY-B.ST,"ESSITY AB, CLASS B"
SDG,iShares MSCI Global Sustainable Development Goals ETF,31/08/18,Switzerland — 0.6%,"Geberit AG,Registered",494,"2,25,163","2,25,163",,geberit registered,UBS,"GEBERIT AG,REGISTERED"
SDG,iShares MSCI Global Sustainable Development Goals ETF,31/08/18,Taiwan — 3.6%,Innolux Corp.,"26,26,000","9,78,925",,,innolux,3481,INNOLUX CORP.
SDG,iShares MSCI Global Sustainable Development Goals ETF,31/08/18,Taiwan — 3.6%,Standard Foods Corp.,"12,000","20,316",,,standard foods,1227.TW,STANDARD FOODS CORP.
SDG,iShares MSCI Global Sustainable Development Goals ETF,31/08/18,Taiwan — 3.6%,Uni-President Enterprises Corp.,"1,43,000","3,61,283","13,60,524",,uni president enterprises,1216,UNI-PRESIDENT ENTERPRISES CORP.
SDG,iShares MSCI Global Sustainable Development Goals ETF,31/08/18,Thailand — 0.0%,"Energy Absolute PCL, NVDR","9,800","11,603","11,603",,energy absolute pcl nvdr,ENERG3,"ENERGY ABSOLUTE PCL, NVDR"
SDG,iShares MSCI Global Sustainable Development Goals ETF,31/08/18,United Kingdom — 10.7%,Barratt Developments PLC,"70,720","4,98,197",,,barratt developments,3BA.SG,BARRATT DEVELOPMENTS PLC
SDG,iShares MSCI Global Sustainable Development Goals ETF,31/08/18,United Kingdom — 10.7%,Berkeley Group Holdings PLC,"6,708","3,17,623",,,berkeley,BKGL.XC,BERKELEY GROUP HOLDINGS PLC
SDG,iShares MSCI Global Sustainable Development Goals ETF,31/08/18,United Kingdom — 10.7%,Johnson Matthey PLC,"31,837","14,46,649",,,johnson matthey,JMT2.SG,JOHNSON MATTHEY PLC
SDG,iShares MSCI Global Sustainable Development Goals ETF,31/08/18,United Kingdom — 10.7%,Pearson PLC,"72,501","8,64,495",,,pearson,PSON,PEARSON PLC
SDG,iShares MSCI Global Sustainable Development Goals ETF,31/08/18,United Kingdom — 10.7%,Shire PLC,"9,516","5,56,393",,,shire,SHIRE,SHIRE PLC
SDG,iShares MSCI Global Sustainable Development Goals ETF,31/08/18,United Kingdom — 10.7%,Taylor Wimpey PLC,"1,78,841","3,89,003","40,72,360",,taylor wimpey,TWODF,TAYLOR WIMPEY PLC
SDG,iShares MSCI Global Sustainable Development Goals ETF,31/08/18,United States — 31.1%,AbbVie Inc.,"14,794","14,19,928",,,abbvie,ABBV,ABBVIE INC.
SDG,iShares MSCI Global Sustainable Development Goals ETF,31/08/18,United States — 31.1%,ABIOMED Inc.,78,"31,713",,,abiomed,ABIOM,ABIOMED INC.
SDG,iShares MSCI Global Sustainable Development Goals ETF,31/08/18,United States — 31.1%,Acuity Brands Inc.,"2,223","3,39,763",,,acuity brands,AQ8.SG,ACUITY BRANDS INC.
SDG,iShares MSCI Global Sustainable Development Goals ETF,31/08/18,United States — 31.1%,Akamai Technologies Inc.,"5,317","3,99,519",,,akamai technologies,AKAM,AKAMAI TECHNOLOGIES INC.
SDG,iShares MSCI Global Sustainable Development Goals ETF,31/08/18,United States — 31.1%,Amgen Inc.,"4,706","9,40,306",,,amgen,AMGN,AMGEN INC.
SDG,iShares MSCI Global Sustainable Development Goals ETF,31/08/18,United States — 31.1%,Arista Networks Inc.,663,"1,98,224",,,arista networks,ANET,ARISTA NETWORKS INC.
SDG,iShares MSCI Global Sustainable Development Goals ETF,31/08/18,United States — 31.1%,BioMarin Pharmaceutical Inc.,767,"76,685",,,biomarin pharmaceutical,BMRN,BIOMARIN PHARMACEUTICAL INC.
SDG,iShares MSCI Global Sustainable Development Goals ETF,31/08/18,United States — 31.1%,Cadence Design Systems Inc.,"6,864","3,22,882",,,cadence design systems,CDNS,CADENCE DESIGN SYSTEMS INC.
SDG,iShares MSCI Global Sustainable Development Goals ETF,31/08/18,United States — 31.1%,Celgene Corp.,"8,385","7,91,963",,,celgene,CELGE,CELGENE CORP.
SDG,iShares MSCI Global Sustainable Development Goals ETF,31/08/18,United States — 31.1%,Citrix Systems Inc.,"3,822","4,35,784",,,citrix systems,CITRI,CITRIX SYSTEMS INC.
SDG,iShares MSCI Global Sustainable Development Goals ETF,31/08/18,United States — 31.1%,Cognex Corp.,"2,132","1,14,702",,,cognex,CGNX,COGNEX CORP.
SDG,iShares MSCI Global Sustainable Development Goals ETF,31/08/18,United States — 31.1%,Colgate-Palmolive Co.,"6,760","4,48,932",,,colgate palmolive,CL,COLGATE-PALMOLIVE CO.
SDG,iShares MSCI Global Sustainable Development Goals ETF,31/08/18,United States — 31.1%,Digital Realty Trust Inc.,"2,470","3,06,972",,,digital realty trust,DLR,DIGITAL REALTY TRUST INC.
SDG,iShares MSCI Global Sustainable Development Goals ETF,31/08/18,United States — 31.1%,Edwards Lifesciences Corp.,"1,066","1,53,760",,,edwards lifesciences,EW,EDWARDS LIFESCIENCES CORP.
SDG,iShares MSCI Global Sustainable Development Goals ETF,31/08/18,United States — 31.1%,Gilead Sciences Inc.,"18,668","14,13,728",,,gilead sciences,GILD,GILEAD SCIENCES INC.
SDG,iShares MSCI Global Sustainable Development Goals ETF,31/08/18,United States — 31.1%,Hormel Foods Corp.,"6,084","2,38,189",,,hormel foods,HRL,HORMEL FOODS CORP.
SDG,iShares MSCI Global Sustainable Development Goals ETF,31/08/18,United States — 31.1%,Incyte Corp.,"1,066","78,788",,,incyte,INCY,INCYTE CORP.
SDG,iShares MSCI Global Sustainable Development Goals ETF,31/08/18,United States — 31.1%,Jazz Pharmaceuticals PLC,533,"91,100",,,jazz pharmaceuticals,JAZZ,JAZZ PHARMACEUTICALS PLC
SDG,iShares MSCI Global Sustainable Development Goals ETF,31/08/18,United States — 31.1%,Kimberly-Clark Corp.,"8,502","9,82,321",,,kimberly clark,KMB,KIMBERLY-CLARK CORP.
SDG,iShares MSCI Global Sustainable Development Goals ETF,31/08/18,United States — 31.1%,Procter & Gamble Co. (The),"17,836","14,79,496",,,procter and gamble the,PG,PROCTER & GAMBLE CO. (THE)
SDG,iShares MSCI Global Sustainable Development Goals ETF,31/08/18,United States — 31.1%,Rockwell Automation Inc.,"3,042","5,50,480",,,rockwell automation,ROK,ROCKWELL AUTOMATION INC.
SDG,iShares MSCI Global Sustainable Development Goals ETF,31/08/18,United States — 31.1%,ServiceNow Inc.,"1,521","2,98,663",,,servicenow,NOW,SERVICENOW INC.
SDG,iShares MSCI Global Sustainable Development Goals ETF,31/08/18,United States — 31.1%,Vertex Pharmaceuticals Inc.,767,"1,41,435",,,vertex pharmaceuticals,VRTX,VERTEX PHARMACEUTICALS INC.
SDG,iShares MSCI Global Sustainable Development Goals ETF,31/08/18,United States — 31.1%,"VMware Inc., Class A","1,287","1,97,246",,,vmware,VMWAR3,"VMWARE INC., CLASS A"
SDG,iShares MSCI Global Sustainable Development Goals ETF,31/08/18,United States — 31.1%,Xylem Inc./NY,"4,615","3,50,325","1,18,02,904","3,77,36,951",xylem ny,XYLEM,XYLEM INC./NY
SDG,iShares MSCI Global Sustainable Development Goals ETF,31/08/18,CHINA — 0.0% (Rights),"China Everbright International Ltd., NVS (Expires 09/13/18)","40,000","3,109","3,109","3,109",china everbright international expires 09 13 18,CHINA30,"CHINA EVERBRIGHT INTERNATIONAL LTD., NVS (EXPIRES 09/13/18)"
SDG,iShares MSCI Global Sustainable Development Goals ETF,31/08/18,MONEY MARKET FUNDS — 1.3%,"BlackRock Cash Funds: Institutional, SL Agency Shares, 2.15%(c)(d)(e)","4,82,597","4,82,741","4,82,741","4,82,741",blackrock cash funds institutional sl agency shares 2 15 c d e,BLACK22,"BLACKROCK CASH FUNDS: INSTITUTIONAL, SL AGENCY SHARES, 2.15%(C)(D)(E)"
SUSA,iShares MSCI USA ESG Optimized ETF,30/04/18,AEROSPACE & DEFENSE — 2.48%,Rockwell Collins Inc.,"1,27,574","1,69,08,658","1,69,08,658",,rockwell collins,ROCKW,ROCKWELL COLLINS INC.
SUSA,iShares MSCI USA ESG Optimized ETF,30/04/18,AIR FREIGHT & LOGISTICS — 0.49%,Expeditors International of Washington Inc.,"52,166","33,31,321","33,31,321",,expeditors international of washington,EXPD,EXPEDITORS INTERNATIONAL OF WASHINGTON INC.
SUSA,iShares MSCI USA ESG Optimized ETF,30/04/18,AUTOMOBILES — 1.10%,"Tesla Inc. a,b","25,432","74,74,465","74,74,465",,tesla a b,TESLA,"TESLA INC. A,B"
SUSA,iShares MSCI USA ESG Optimized ETF,30/04/18,BANKS — 2.32%,Comerica Inc.,"59,898","56,65,153",,,comerica,CMA,COMERICA INC.
SUSA,iShares MSCI USA ESG Optimized ETF,30/04/18,BANKS — 2.32%,KeyCorp,"79,842","15,90,453",,,keycorp,KEY,KEYCORP
SUSA,iShares MSCI USA ESG Optimized ETF,30/04/18,BANKS — 2.32%,People’s United Financial Inc.,"2,99,584","54,79,391",,,people s united financial,PEOPL,PEOPLE’S UNITED FINANCIAL INC.
SUSA,iShares MSCI USA ESG Optimized ETF,30/04/18,BANKS — 2.32%,PNC Financial Services Group Inc. (The) c,"6,723","9,78,936",,,pnc financial services the c,PNCFI2,PNC FINANCIAL SERVICES GROUP INC. (THE) C
SUSA,iShares MSCI USA ESG Optimized ETF,30/04/18,BANKS — 2.32%,SVB Financial Group a,"7,041","21,09,554","1,58,23,487",,svb financial a,SVBFI2,SVB FINANCIAL GROUP A
SUSA,iShares MSCI USA ESG Optimized ETF,30/04/18,BEVERAGES — 2.31%,Coca-Cola Co. (The),"1,44,192","62,30,536",,,coca cola the,KO,COCA-COLA CO. (THE)
SUSA,iShares MSCI USA ESG Optimized ETF,30/04/18,BEVERAGES — 2.31%,PepsiCo Inc.,"94,105","94,98,959","1,57,29,495",,pepsico,PEP,PEPSICO INC.
SUSA,iShares MSCI USA ESG Optimized ETF,30/04/18,BIOTECHNOLOGY — 1.71%,AbbVie Inc.,"16,503","15,93,365",,,abbvie,ABBV,ABBVIE INC.
SUSA,iShares MSCI USA ESG Optimized ETF,30/04/18,BIOTECHNOLOGY — 1.71%,Biogen Inc. a,"9,295","25,43,112",,,biogen a,BIOGE,BIOGEN INC. A
SUSA,iShares MSCI USA ESG Optimized ETF,30/04/18,BIOTECHNOLOGY — 1.71%,Gilead Sciences Inc.,"38,113","27,52,902",,,gilead sciences,GILD,GILEAD SCIENCES INC.
SUSA,iShares MSCI USA ESG Optimized ETF,30/04/18,BIOTECHNOLOGY — 1.71%,"TESARO Inc. a,b","11,671","5,94,171",,,tesaro a b,TESAR2,"TESARO INC. A,B"
SUSA,iShares MSCI USA ESG Optimized ETF,30/04/18,BIOTECHNOLOGY — 1.71%,Vertex Pharmaceuticals Inc. a,"27,416","41,99,034","1,16,82,584",,vertex pharmaceuticals a,VERTE,VERTEX PHARMACEUTICALS INC. A
SUSA,iShares MSCI USA ESG Optimized ETF,30/04/18,BUILDING PRODUCTS — 0.50%,Johnson Controls International PLC,"99,707","33,77,076","33,77,076",,johnson controls international,JCI,JOHNSON CONTROLS INTERNATIONAL PLC
SUSA,iShares MSCI USA ESG Optimized ETF,30/04/18,CAPITAL MARKETS — 6.70%,Bank of New York Mellon Corp. (The),"30,629","16,69,587",,,bank of new york mellon the,BANKO,BANK OF NEW YORK MELLON CORP. (THE)
SUSA,iShares MSCI USA ESG Optimized ETF,30/04/18,CAPITAL MARKETS — 6.70%,BlackRock Inc. c,"33,598","1,75,21,357",,,blackrock c,BLACK4,BLACKROCK INC. C
SUSA,iShares MSCI USA ESG Optimized ETF,30/04/18,CAPITAL MARKETS — 6.70%,Franklin Resources Inc.,"61,526","20,69,735",,,franklin resources,BEN,FRANKLIN RESOURCES INC.
SUSA,iShares MSCI USA ESG Optimized ETF,30/04/18,CAPITAL MARKETS — 6.70%,Northern Trust Corp.,"1,36,626","1,45,84,825",,,northern trust,NTRS,NORTHERN TRUST CORP.
SUSA,iShares MSCI USA ESG Optimized ETF,30/04/18,CAPITAL MARKETS — 6.70%,State Street Corp.,"98,627","98,41,002","4,56,86,506",,state street,STT,STATE STREET CORP.
SUSA,iShares MSCI USA ESG Optimized ETF,30/04/18,CHEMICALS — 5.96%,Ecolab Inc.,"2,50,747","3,63,00,643",,,ecolab,ECL,ECOLAB INC.
SUSA,iShares MSCI USA ESG Optimized ETF,30/04/18,CHEMICALS — 5.96%,International Flavors & Fragrances Inc.,"30,454","43,01,932","4,06,02,575",,international flavors and fragrances,IFF,INTERNATIONAL FLAVORS & FRAGRANCES INC.
SUSA,iShares MSCI USA ESG Optimized ETF,30/04/18,COMMUNICATIONS EQUIPMENT — 2.24%,Cisco Systems Inc.,"2,89,402","1,28,17,615",,,cisco systems,CSCO,CISCO SYSTEMS INC.
SUSA,iShares MSCI USA ESG Optimized ETF,30/04/18,COMMUNICATIONS EQUIPMENT — 2.24%,Motorola Solutions Inc.,"22,110","24,28,341","1,52,45,956",,motorola solutions,MSI,MOTOROLA SOLUTIONS INC.
SUSA,iShares MSCI USA ESG Optimized ETF,30/04/18,CONSUMER FINANCE — 1.28%,American Express Co.,"88,484","87,37,795","87,37,795",,american express,AXP,AMERICAN EXPRESS CO.
SUSA,iShares MSCI USA ESG Optimized ETF,30/04/18,ELECTRIC UTILITIES — 1.62%,Edison International,"17,330","11,35,462",,,edison international,EIX,EDISON INTERNATIONAL
SUSA,iShares MSCI USA ESG Optimized ETF,30/04/18,ELECTRIC UTILITIES — 1.62%,Eversource Energy,"93,470","56,31,567",,,eversource energy,ES,EVERSOURCE ENERGY
SUSA,iShares MSCI USA ESG Optimized ETF,30/04/18,ELECTRIC UTILITIES — 1.62%,Xcel Energy Inc.,"91,261","42,74,665","1,10,41,694",,xcel energy,XEL,XCEL ENERGY INC.
SUSA,iShares MSCI USA ESG Optimized ETF,30/04/18,"ELECTRONIC EQUIPMENT, INSTRUMENTS & COMPONENTS — 0.64%",Corning Inc.,"56,242","15,19,659",,,corning,GLW,CORNING INC.
SUSA,iShares MSCI USA ESG Optimized ETF,30/04/18,"ELECTRONIC EQUIPMENT, INSTRUMENTS & COMPONENTS — 0.64%",TE Connectivity Ltd.,"31,168","28,59,664","43,79,323",,te connectivity,TEL,TE CONNECTIVITY LTD.
SUSA,iShares MSCI USA ESG Optimized ETF,30/04/18,ENERGY EQUIPMENT & SERVICES — 1.69%,Baker Hughes a GE Co.,"1,34,682","48,63,367",,,baker hughes a ge,0RR8.L,BAKER HUGHES A GE CO.
SUSA,iShares MSCI USA ESG Optimized ETF,30/04/18,ENERGY EQUIPMENT & SERVICES — 1.69%,National Oilwell Varco Inc.,"20,903","8,08,319",,,national oilwell varco,NATIO2,NATIONAL OILWELL VARCO INC.
SUSA,iShares MSCI USA ESG Optimized ETF,30/04/18,ENERGY EQUIPMENT & SERVICES — 1.69%,TechnipFMC PLC,"1,77,554","58,52,180","1,15,23,866",,technipfmc,FTI,TECHNIPFMC PLC
SUSA,iShares MSCI USA ESG Optimized ETF,30/04/18,EQUITY REAL ESTATE INVESTMENT TRUSTS (REITS) — 3.88%,American Tower Corp.,"25,365","34,58,772",,,american tower,AMTG.VI,AMERICAN TOWER CORP.
SUSA,iShares MSCI USA ESG Optimized ETF,30/04/18,EQUITY REAL ESTATE INVESTMENT TRUSTS (REITS) — 3.88%,Equinix Inc.,"8,918","37,52,605",,,equinix,EQIX,EQUINIX INC.
SUSA,iShares MSCI USA ESG Optimized ETF,30/04/18,EQUITY REAL ESTATE INVESTMENT TRUSTS (REITS) — 3.88%,Liberty Property Trust,"1,74,278","72,88,306",,,liberty property trust,LIBER7,LIBERTY PROPERTY TRUST
SUSA,iShares MSCI USA ESG Optimized ETF,30/04/18,EQUITY REAL ESTATE INVESTMENT TRUSTS (REITS) — 3.88%,Prologis Inc.,"1,84,423","1,19,70,897","2,64,70,580",,prologis,PLD,PROLOGIS INC.
SUSA,iShares MSCI USA ESG Optimized ETF,30/04/18,FOOD PRODUCTS — 4.43%,Bunge Ltd.,"1,03,199","74,54,064",,,bunge,BUNGE,BUNGE LTD.
SUSA,iShares MSCI USA ESG Optimized ETF,30/04/18,FOOD PRODUCTS — 4.43%,Campbell Soup Co.,"84,412","34,42,321",,,campbell soup,CPB,CAMPBELL SOUP CO.
SUSA,iShares MSCI USA ESG Optimized ETF,30/04/18,FOOD PRODUCTS — 4.43%,General Mills Inc.,"1,12,896","49,38,071",,,general mills,GIS,GENERAL MILLS INC.
SUSA,iShares MSCI USA ESG Optimized ETF,30/04/18,FOOD PRODUCTS — 4.43%,Kellogg Co.,"2,43,676","1,43,52,517","3,01,86,973",,kellogg,KU9.MU,KELLOGG CO.
SUSA,iShares MSCI USA ESG Optimized ETF,30/04/18,HEALTH CARE PROVIDERS & SERVICES — 4.29%,Cardinal Health Inc.,"1,40,256","90,00,227",,,cardinal health,CAH,CARDINAL HEALTH INC.
SUSA,iShares MSCI USA ESG Optimized ETF,30/04/18,HEALTH CARE PROVIDERS & SERVICES — 4.29%,HCA Healthcare Inc.,"8,884","8,50,554",,,hca healthcare,HCA,HCA HEALTHCARE INC.
SUSA,iShares MSCI USA ESG Optimized ETF,30/04/18,HEALTH CARE PROVIDERS & SERVICES — 4.29%,"Henry Schein Inc. a,b","2,45,122","1,86,29,272",,,henry schein a b,HENRY2,"HENRY SCHEIN INC. A,B"
SUSA,iShares MSCI USA ESG Optimized ETF,30/04/18,HEALTH CARE PROVIDERS & SERVICES — 4.29%,Quest Diagnostics Inc.,"7,779","7,87,235","2,92,67,288",,quest diagnostics,DGX,QUEST DIAGNOSTICS INC.
SUSA,iShares MSCI USA ESG Optimized ETF,30/04/18,"HOTELS, RESTAURANTS & LEISURE — 1.11%",Hilton Worldwide Holdings Inc.,"15,225","12,00,339",,,hilton worldwide,HLT,HILTON WORLDWIDE HOLDINGS INC.
SUSA,iShares MSCI USA ESG Optimized ETF,30/04/18,"HOTELS, RESTAURANTS & LEISURE — 1.11%",Marriott International Inc./MD Class A,"46,638","63,74,482","75,74,821",,marriott international md,MARRI2,MARRIOTT INTERNATIONAL INC./MD CLASS A
SUSA,iShares MSCI USA ESG Optimized ETF,30/04/18,HOUSEHOLD DURABLES — 0.30%,Newell Brands Inc.,"74,314","20,53,296","20,53,296",,newell brands,NWL,NEWELL BRANDS INC.
SUSA,iShares MSCI USA ESG Optimized ETF,30/04/18,HOUSEHOLD PRODUCTS — 2.41%,Clorox Co. (The),"53,762","63,00,906",,,clorox the,CLX,CLOROX CO. (THE)
SUSA,iShares MSCI USA ESG Optimized ETF,30/04/18,HOUSEHOLD PRODUCTS — 2.41%,Kimberly-Clark Corp.,"28,518","29,52,754",,,kimberly clark,KMB,KIMBERLY-CLARK CORP.
SUSA,iShares MSCI USA ESG Optimized ETF,30/04/18,HOUSEHOLD PRODUCTS — 2.41%,Procter & Gamble Co. (The),"99,374","71,88,715","1,64,42,375",,procter and gamble the,PG,PROCTER & GAMBLE CO. (THE)
SUSA,iShares MSCI USA ESG Optimized ETF,30/04/18,INDUSTRIAL CONGLOMERATES — 4.08%,3M Co.,"1,43,122","2,78,21,486","2,78,21,486",,3m,MMM,3M CO.
SUSA,iShares MSCI USA ESG Optimized ETF,30/04/18,INSURANCE — 1.52%,Marsh & McLennan Companies Inc.,"1,27,502","1,03,91,413","1,03,91,413",,marsh and mclennan companies,MMC,MARSH & MCLENNAN COMPANIES INC.
SUSA,iShares MSCI USA ESG Optimized ETF,30/04/18,INTERNET SOFTWARE & SERVICES — 2.44%,Alphabet Inc. Class A a,"15,643","1,59,33,647",,,alphabet a,ALPHA3,ALPHABET INC. CLASS A A
SUSA,iShares MSCI USA ESG Optimized ETF,30/04/18,INTERNET SOFTWARE & SERVICES — 2.44%,Facebook Inc. Class A a,"3,947","6,78,884","1,66,12,531",,facebook a,FACEB2,FACEBOOK INC. CLASS A A
SUSA,iShares MSCI USA ESG Optimized ETF,30/04/18,IT SERVICES — 5.01%,Accenture PLC Class A,"1,80,582","2,73,03,998",,,accenture,ACN,ACCENTURE PLC CLASS A
SUSA,iShares MSCI USA ESG Optimized ETF,30/04/18,IT SERVICES — 5.01%,International Business Machines Corp.,"47,248","68,49,070","3,41,53,068",,international business machines,IBM,INTERNATIONAL BUSINESS MACHINES CORP.
SUSA,iShares MSCI USA ESG Optimized ETF,30/04/18,LEISURE PRODUCTS — 0.24%,Hasbro Inc.,"8,824","7,77,306",,,hasbro,HAS,HASBRO INC.
SUSA,iShares MSCI USA ESG Optimized ETF,30/04/18,LEISURE PRODUCTS — 0.24%,Mattel Inc. b,"56,674","8,38,775","16,16,081",,mattel b,MATTE,MATTEL INC. B
SUSA,iShares MSCI USA ESG Optimized ETF,30/04/18,LIFE SCIENCES TOOLS & SERVICES — 3.61%,Agilent Technologies Inc.,"1,91,031","1,25,58,378",,,agilent technologies,A,AGILENT TECHNOLOGIES INC.
SUSA,iShares MSCI USA ESG Optimized ETF,30/04/18,LIFE SCIENCES TOOLS & SERVICES — 3.61%,"Mettler-Toledo International Inc. a,b","7,820","43,78,652",,,mettler toledo international a b,METTL2,"METTLER-TOLEDO INTERNATIONAL INC. A,B"
SUSA,iShares MSCI USA ESG Optimized ETF,30/04/18,LIFE SCIENCES TOOLS & SERVICES — 3.61%,Waters Corp. a,"40,746","76,76,954","2,46,13,984",,waters a,WATER,WATERS CORP. A
SUSA,iShares MSCI USA ESG Optimized ETF,30/04/18,MACHINERY — 4.34%,Caterpillar Inc.,"70,588","1,01,90,084",,,caterpillar,CAT,CATERPILLAR INC.
SUSA,iShares MSCI USA ESG Optimized ETF,30/04/18,MACHINERY — 4.34%,Cummins Inc.,"87,290","1,39,54,179",,,cummins,CMI,CUMMINS INC.
SUSA,iShares MSCI USA ESG Optimized ETF,30/04/18,MACHINERY — 4.34%,Ingersoll-Rand PLC,"26,177","21,95,989",,,ingersoll rand,IR,INGERSOLL-RAND PLC
SUSA,iShares MSCI USA ESG Optimized ETF,30/04/18,MACHINERY — 4.34%,Xylem Inc./NY,"44,515","32,45,143","2,95,85,395",,xylem ny,XYLEM,XYLEM INC./NY
SUSA,iShares MSCI USA ESG Optimized ETF,30/04/18,MEDIA — 0.98%,Liberty Global PLC Series A a,"25,915","7,81,078",,,liberty global series a a,LIBER11,LIBERTY GLOBAL PLC SERIES A A
SUSA,iShares MSCI USA ESG Optimized ETF,30/04/18,MEDIA — 0.98%,Time Warner Inc.,"24,303","23,03,924",,,time warner,TIMEW,TIME WARNER INC.
SUSA,iShares MSCI USA ESG Optimized ETF,30/04/18,MEDIA — 0.98%,Walt Disney Co. (The),"35,869","35,98,737","66,83,739",,walt disney the,DIS,WALT DISNEY CO. (THE)
SUSA,iShares MSCI USA ESG Optimized ETF,30/04/18,MULTI-UTILITIES — 1.13%,Sempra Energy,"68,904","77,03,467","77,03,467",,sempra energy,SREN.VI,SEMPRA ENERGY
SUSA,iShares MSCI USA ESG Optimized ETF,30/04/18,MULTILINE RETAIL — 0.12%,Nordstrom Inc.,"15,999","8,08,909","8,08,909",,nordstrom,NORDS,NORDSTROM INC.
SUSA,iShares MSCI USA ESG Optimized ETF,30/04/18,"OIL, GAS & CONSUMABLE FUELS — 1.61%",ConocoPhillips,"76,288","49,96,864",,,conocophillips,COP,CONOCOPHILLIPS
SUSA,iShares MSCI USA ESG Optimized ETF,30/04/18,"OIL, GAS & CONSUMABLE FUELS — 1.61%",Hess Corp.,"69,289","39,48,780",,,hess,HESSC,HESS CORP.
SUSA,iShares MSCI USA ESG Optimized ETF,30/04/18,"OIL, GAS & CONSUMABLE FUELS — 1.61%",Marathon Oil Corp.,"61,052","11,14,199",,,marathon oil,MARAT,MARATHON OIL CORP.
SUSA,iShares MSCI USA ESG Optimized ETF,30/04/18,"OIL, GAS & CONSUMABLE FUELS — 1.61%",Noble Energy Inc.,"26,655","9,01,739","1,09,61,582",,noble energy,NOBLE,NOBLE ENERGY INC.
SUSA,iShares MSCI USA ESG Optimized ETF,30/04/18,PHARMACEUTICALS — 2.10%,Merck & Co. Inc.,"1,19,315","70,24,074",,,merck and,MRK,MERCK & CO. INC.
SUSA,iShares MSCI USA ESG Optimized ETF,30/04/18,PHARMACEUTICALS — 2.10%,Zoetis Inc.,"87,169","72,76,868","1,43,00,942",,zoetis,ZTS,ZOETIS INC.
SUSA,iShares MSCI USA ESG Optimized ETF,30/04/18,REAL ESTATE MANAGEMENT & DEVELOPMENT — 1.01%,CBRE Group Inc. Class A a,"1,51,489","68,63,967","68,63,967",,cbre a,CBREG2,CBRE GROUP INC. CLASS A A
SUSA,iShares MSCI USA ESG Optimized ETF,30/04/18,SEMICONDUCTORS & SEMICONDUCTOR EQUIPMENT — 4.18%,Applied Materials Inc.,"91,003","45,20,119",,,applied materials,AMAT,APPLIED MATERIALS INC.
SUSA,iShares MSCI USA ESG Optimized ETF,30/04/18,SEMICONDUCTORS & SEMICONDUCTOR EQUIPMENT — 4.18%,Intel Corp.,"2,35,783","1,21,71,118",,,intel,INTC,INTEL CORP.
SUSA,iShares MSCI USA ESG Optimized ETF,30/04/18,SEMICONDUCTORS & SEMICONDUCTOR EQUIPMENT — 4.18%,NVIDIA Corp.,"26,770","60,20,573",,,nvidia,NVDA,NVIDIA CORP.
SUSA,iShares MSCI USA ESG Optimized ETF,30/04/18,SEMICONDUCTORS & SEMICONDUCTOR EQUIPMENT — 4.18%,Texas Instruments Inc.,"56,918","57,73,193","2,84,85,003",,texas instruments,TII.SG,TEXAS INSTRUMENTS INC.
SUSA,iShares MSCI USA ESG Optimized ETF,30/04/18,SOFTWARE — 8.61%,Autodesk Inc. a,"34,156","43,00,241",,,autodesk a,0HJF.L,AUTODESK INC. A
SUSA,iShares MSCI USA ESG Optimized ETF,30/04/18,SOFTWARE — 8.61%,CA Inc.,"78,585","27,34,758",,,ca,CAN,CA INC.
SUSA,iShares MSCI USA ESG Optimized ETF,30/04/18,SOFTWARE — 8.61%,Cadence Design Systems Inc. a,"36,927","14,79,296",,,cadence design systems a,CADEN,CADENCE DESIGN SYSTEMS INC. A
SUSA,iShares MSCI USA ESG Optimized ETF,30/04/18,SOFTWARE — 8.61%,Microsoft Corp.,"3,79,529","3,54,93,552",,,microsoft,MSFT,MICROSOFT CORP.
SUSA,iShares MSCI USA ESG Optimized ETF,30/04/18,SOFTWARE — 8.61%,Oracle Corp.,"1,55,157","70,86,020",,,oracle,ORCL,ORACLE CORP.
SUSA,iShares MSCI USA ESG Optimized ETF,30/04/18,SOFTWARE — 8.61%,salesforce.com Inc. a,"41,008","49,61,558",,,salesforce com a,SALES,SALESFORCE.COM INC. A
SUSA,iShares MSCI USA ESG Optimized ETF,30/04/18,SOFTWARE — 8.61%,Symantec Corp.,"93,560","26,00,032","5,86,55,457",,symantec,SYMAN,SYMANTEC CORP.
SUSA,iShares MSCI USA ESG Optimized ETF,30/04/18,SPECIALTY RETAIL — 3.99%,Best Buy Co. Inc.,"1,64,783","1,26,10,843",,,best buy,BBY,BEST BUY CO. INC.
SUSA,iShares MSCI USA ESG Optimized ETF,30/04/18,SPECIALTY RETAIL — 3.99%,Gap Inc. (The),"72,045","21,06,596",,,gap the,GAP,GAP INC. (THE)
SUSA,iShares MSCI USA ESG Optimized ETF,30/04/18,SPECIALTY RETAIL — 3.99%,Tiffany & Co.,"1,21,010","1,24,43,458","2,71,60,897",,tiffany and,TIFFA,TIFFANY & CO.
SUSA,iShares MSCI USA ESG Optimized ETF,30/04/18,"TECHNOLOGY HARDWARE, STORAGE & PERIPHERALS — 4.87%",Apple Inc.,"1,53,857","2,54,26,408",,,apple,AAPL,APPLE INC.
SUSA,iShares MSCI USA ESG Optimized ETF,30/04/18,"TECHNOLOGY HARDWARE, STORAGE & PERIPHERALS — 4.87%",Hewlett Packard Enterprise Co.,"2,03,547","34,70,476",,,hewlett packard enterprise,HPE,HEWLETT PACKARD ENTERPRISE CO.
SUSA,iShares MSCI USA ESG Optimized ETF,30/04/18,"TECHNOLOGY HARDWARE, STORAGE & PERIPHERALS — 4.87%",HP Inc.,"2,01,336","43,26,711","3,32,23,595",,hp,HPQ,HP INC.
SUSA,iShares MSCI USA ESG Optimized ETF,30/04/18,"TEXTILES, APPAREL & LUXURY GOODS — 2.38%",Hanesbrands Inc.,"39,859","7,36,196",,,hanesbrands,HBI,HANESBRANDS INC.
SUSA,iShares MSCI USA ESG Optimized ETF,30/04/18,"TEXTILES, APPAREL & LUXURY GOODS — 2.38%",NIKE Inc. Class B,"1,70,062","1,16,30,540",,,nike,NKE,NIKE INC. CLASS B
SUSA,iShares MSCI USA ESG Optimized ETF,30/04/18,"TEXTILES, APPAREL & LUXURY GOODS — 2.38%",PVH Corp.,"17,870","28,53,303",,,pvh,PVH,PVH CORP.
SUSA,iShares MSCI USA ESG Optimized ETF,30/04/18,"TEXTILES, APPAREL & LUXURY GOODS — 2.38%",VF Corp.,"12,019","9,71,976","1,61,92,015",,vf,VFC,VF CORP.
SUSA,iShares MSCI USA ESG Optimized ETF,30/04/18,TRADING COMPANIES & DISTRIBUTORS — 0.16%,WW Grainger Inc.,"3,965","11,15,553","11,15,553","68,04,89,218",ww grainger,GWW,WW GRAINGER INC.
SUSA,iShares MSCI USA ESG Optimized ETF,30/04/18,MONEY MARKET FUNDS — 4.26%,"BlackRock Cash Funds: Institutional, SL Agency Shares, 1.93%(d)(e)","2,85,08,206","2,85,11,057",,,blackrock cash funds institutional sl agency shares 1 93 d e,BLACK27,"BLACKROCK CASH FUNDS: INSTITUTIONAL, SL AGENCY SHARES, 1.93%(D)(E)"
SUSA,iShares MSCI USA ESG Optimized ETF,30/04/18,MONEY MARKET FUNDS — 4.26%,"BlackRock Cash Funds: Treasury, SL Agency Shares, 1.51%(d)(e)","5,57,555","5,57,555","2,90,68,612","2,90,68,612",blackrock cash funds treasury sl agency shares 1 51 d e,BLACK28,"BLACKROCK CASH FUNDS: TREASURY, SL AGENCY SHARES, 1.51%(D)(E)"
