etf_ticker,etf_name,date,sector,security,shares,value,total_value,total_overall_value
CRBN,iShares MSCI ACWI Low Carbon Target ETF,31/07/21,Australia — 1.9%,Afterpay Ltd.,"3,502","2,48,930",,
CRBN,iShares MSCI ACWI Low Carbon Target ETF,31/07/21,Australia — 1.9%,Ampol Ltd.,"16,068","3,34,506",,
CRBN,iShares MSCI ACWI Low Carbon Target ETF,31/07/21,Australia — 1.9%,APA Group,"8,240","57,820",,
CRBN,iShares MSCI ACWI Low Carbon Target ETF,31/07/21,Australia — 1.9%,Aristocrat Leisure Ltd.,"10,040","3,07,678",,
CRBN,iShares MSCI ACWI Low Carbon Target ETF,31/07/21,Australia — 1.9%,ASX Ltd.,"2,060","1,16,698",,
CRBN,iShares MSCI ACWI Low Carbon Target ETF,31/07/21,Australia — 1.9%,Australia & New Zealand Banking Group Ltd.,"38,110","7,75,865",,
CRBN,iShares MSCI ACWI Low Carbon Target ETF,31/07/21,Australia — 1.9%,Brambles Ltd.,"29,664","2,53,973",,
CRBN,iShares MSCI ACWI Low Carbon Target ETF,31/07/21,Australia — 1.9%,Cochlear Ltd.,"1,030","1,86,346",,
CRBN,iShares MSCI ACWI Low Carbon Target ETF,31/07/21,Australia — 1.9%,Coles Group Ltd.,"15,450","1,98,834",,
CRBN,iShares MSCI ACWI Low Carbon Target ETF,31/07/21,Australia — 1.9%,Commonwealth Bank Australia,"20,703","15,17,697",,
CRBN,iShares MSCI ACWI Low Carbon Target ETF,31/07/21,Australia — 1.9%,Computershare Ltd.,"15,370","1,76,720",,
CRBN,iShares MSCI ACWI Low Carbon Target ETF,31/07/21,Australia — 1.9%,Crown Resorts Ltd.,"15,450","98,020",,
CRBN,iShares MSCI ACWI Low Carbon Target ETF,31/07/21,Australia — 1.9%,CSL Ltd.,"6,077","12,93,736",,
CRBN,iShares MSCI ACWI Low Carbon Target ETF,31/07/21,Australia — 1.9%,Dexus/AU,"26,412","1,99,518",,
CRBN,iShares MSCI ACWI Low Carbon Target ETF,31/07/21,Australia — 1.9%,Endeavour Group Ltd./Australia,"15,759","76,674",,
CRBN,iShares MSCI ACWI Low Carbon Target ETF,31/07/21,Australia — 1.9%,Evolution Mining Ltd.,"23,793","72,361",,
CRBN,iShares MSCI ACWI Low Carbon Target ETF,31/07/21,Australia — 1.9%,Fortescue Metals Group Ltd.,"38,625","7,05,779",,
CRBN,iShares MSCI ACWI Low Carbon Target ETF,31/07/21,Australia — 1.9%,Goodman Group,"20,600","3,42,623",,
CRBN,iShares MSCI ACWI Low Carbon Target ETF,31/07/21,Australia — 1.9%,GPT Group (The),"33,063","1,13,363",,
CRBN,iShares MSCI ACWI Low Carbon Target ETF,31/07/21,Australia — 1.9%,Insurance Australia Group Ltd.,"53,869","1,92,105",,
CRBN,iShares MSCI ACWI Low Carbon Target ETF,31/07/21,Australia — 1.9%,James Hardie Industries PLC,"8,446","2,84,956",,
CRBN,iShares MSCI ACWI Low Carbon Target ETF,31/07/21,Australia — 1.9%,Lendlease Corp. Ltd.,"15,553","1,39,601",,
CRBN,iShares MSCI ACWI Low Carbon Target ETF,31/07/21,Australia — 1.9%,Macquarie Group Ltd.,"5,253","6,06,556",,
CRBN,iShares MSCI ACWI Low Carbon Target ETF,31/07/21,Australia — 1.9%,Magellan Financial Group Ltd.,"3,090","1,11,484",,
CRBN,iShares MSCI ACWI Low Carbon Target ETF,31/07/21,Australia — 1.9%,Medibank Pvt Ltd.,"30,076","73,352",,
CRBN,iShares MSCI ACWI Low Carbon Target ETF,31/07/21,Australia — 1.9%,Mirvac Group,"99,292","2,08,404",,
CRBN,iShares MSCI ACWI Low Carbon Target ETF,31/07/21,Australia — 1.9%,National Australia Bank Ltd.,"45,629","8,70,133",,
CRBN,iShares MSCI ACWI Low Carbon Target ETF,31/07/21,Australia — 1.9%,Newcrest Mining Ltd.,"8,652","1,67,222",,
CRBN,iShares MSCI ACWI Low Carbon Target ETF,31/07/21,Australia — 1.9%,Northern Star Resources Ltd.,"21,012","1,56,564",,
CRBN,iShares MSCI ACWI Low Carbon Target ETF,31/07/21,Australia — 1.9%,QBE Insurance Group Ltd.,"21,115","1,69,214",,
CRBN,iShares MSCI ACWI Low Carbon Target ETF,31/07/21,Australia — 1.9%,Ramsay Health Care Ltd.,"3,343","1,58,103",,
CRBN,iShares MSCI ACWI Low Carbon Target ETF,31/07/21,Australia — 1.9%,REA Group Ltd.,"1,854","2,20,856",,
CRBN,iShares MSCI ACWI Low Carbon Target ETF,31/07/21,Australia — 1.9%,Rio Tinto PLC,"16,377","13,91,069",,
CRBN,iShares MSCI ACWI Low Carbon Target ETF,31/07/21,Australia — 1.9%,Scentre Group,"95,996","1,83,280",,
CRBN,iShares MSCI ACWI Low Carbon Target ETF,31/07/21,Australia — 1.9%,Seek Ltd.,"11,021","2,38,406",,
CRBN,iShares MSCI ACWI Low Carbon Target ETF,31/07/21,Australia — 1.9%,Sonic Healthcare Ltd.,"6,386","1,88,683",,
CRBN,iShares MSCI ACWI Low Carbon Target ETF,31/07/21,Australia — 1.9%,Stockland,"70,040","2,26,518",,
CRBN,iShares MSCI ACWI Low Carbon Target ETF,31/07/21,Australia — 1.9%,Suncorp Group Ltd.,"27,913","2,37,061",,
CRBN,iShares MSCI ACWI Low Carbon Target ETF,31/07/21,Australia — 1.9%,Sydney Airport,"37,007","2,12,945",,
CRBN,iShares MSCI ACWI Low Carbon Target ETF,31/07/21,Australia — 1.9%,Tabcorp Holdings Ltd.,"52,130","1,90,280",,
CRBN,iShares MSCI ACWI Low Carbon Target ETF,31/07/21,Australia — 1.9%,Telstra Corp. Ltd.,"49,028","1,36,564",,
CRBN,iShares MSCI ACWI Low Carbon Target ETF,31/07/21,Australia — 1.9%,Transurban Group,"43,775","4,61,729",,
CRBN,iShares MSCI ACWI Low Carbon Target ETF,31/07/21,Australia — 1.9%,Treasury Wine Estates Ltd.,"21,733","1,90,636",,
CRBN,iShares MSCI ACWI Low Carbon Target ETF,31/07/21,Australia — 1.9%,Vicinity Centres,"61,800","70,618",,
CRBN,iShares MSCI ACWI Low Carbon Target ETF,31/07/21,Australia — 1.9%,Wesfarmers Ltd.,"19,055","8,59,126",,
CRBN,iShares MSCI ACWI Low Carbon Target ETF,31/07/21,Australia — 1.9%,Westpac Banking Corp.,"50,385","9,05,038",,
CRBN,iShares MSCI ACWI Low Carbon Target ETF,31/07/21,Australia — 1.9%,Woolworths Group Ltd.,"15,759","4,50,805","1,63,78,449",
CRBN,iShares MSCI ACWI Low Carbon Target ETF,31/07/21,Austria — 0.1%,Erste Group Bank AG,"4,635","1,79,609",,
CRBN,iShares MSCI ACWI Low Carbon Target ETF,31/07/21,Austria — 0.1%,Raiffeisen Bank International AG,"5,211","1,23,213",,
CRBN,iShares MSCI ACWI Low Carbon Target ETF,31/07/21,Austria — 0.1%,Verbund AG,"6,489","5,98,543","9,01,365",
CRBN,iShares MSCI ACWI Low Carbon Target ETF,31/07/21,Belgium — 0.2%,Anheuser-Busch InBev SA/NV,"12,154","7,67,065",,
CRBN,iShares MSCI ACWI Low Carbon Target ETF,31/07/21,Belgium — 0.2%,Groupe Bruxelles Lambert SA,"1,865","2,16,991",,
CRBN,iShares MSCI ACWI Low Carbon Target ETF,31/07/21,Belgium — 0.2%,KBC Group NV,"1,854","1,49,289",,
CRBN,iShares MSCI ACWI Low Carbon Target ETF,31/07/21,Belgium — 0.2%,UCB SA,"1,339","1,44,823",,
CRBN,iShares MSCI ACWI Low Carbon Target ETF,31/07/21,Belgium — 0.2%,Umicore SA,"5,356","3,32,429","16,10,597",
CRBN,iShares MSCI ACWI Low Carbon Target ETF,31/07/21,Brazil — 0.4%,Ambev SA,"79,105","2,52,735",,
CRBN,iShares MSCI ACWI Low Carbon Target ETF,31/07/21,Brazil — 0.4%,"B3 SA Brasil, Bolsa, Balcao","1,08,150","3,16,668",,
CRBN,iShares MSCI ACWI Low Carbon Target ETF,31/07/21,Brazil — 0.4%,Banco Bradesco SA,"27,226","1,07,947",,
CRBN,iShares MSCI ACWI Low Carbon Target ETF,31/07/21,Brazil — 0.4%,Banco do Brasil SA,"20,600","1,25,105",,
CRBN,iShares MSCI ACWI Low Carbon Target ETF,31/07/21,Brazil — 0.4%,CCR SA,"51,500","1,28,546",,
CRBN,iShares MSCI ACWI Low Carbon Target ETF,31/07/21,Brazil — 0.4%,Localiza Rent Car SA,"21,378","2,55,104",,
CRBN,iShares MSCI ACWI Low Carbon Target ETF,31/07/21,Brazil — 0.4%,Lojas Renner SA,"20,646","1,63,717",,
CRBN,iShares MSCI ACWI Low Carbon Target ETF,31/07/21,Brazil — 0.4%,Magazine Luiza SA,"49,543","1,95,956",,
CRBN,iShares MSCI ACWI Low Carbon Target ETF,31/07/21,Brazil — 0.4%,Natura & Co. Holding SA,"20,600","2,12,595",,
CRBN,iShares MSCI ACWI Low Carbon Target ETF,31/07/21,Brazil — 0.4%,Notre Dame Intermedica Participacoes SA,"13,905","2,13,584",,
CRBN,iShares MSCI ACWI Low Carbon Target ETF,31/07/21,Brazil — 0.4%,Suzano SA,"7,592","78,817",,
CRBN,iShares MSCI ACWI Low Carbon Target ETF,31/07/21,Brazil — 0.4%,Telefonica Brasil SA,"10,300","81,498",,
CRBN,iShares MSCI ACWI Low Carbon Target ETF,31/07/21,Brazil — 0.4%,Ultrapar Participacoes SA,"22,682","76,997",,
CRBN,iShares MSCI ACWI Low Carbon Target ETF,31/07/21,Brazil — 0.4%,Vale SA,"69,011","14,41,105",,
CRBN,iShares MSCI ACWI Low Carbon Target ETF,31/07/21,Brazil — 0.4%,WEG SA,"20,600","1,41,243","37,91,617",
CRBN,iShares MSCI ACWI Low Carbon Target ETF,31/07/21,Canada — 3.3%,Agnico Eagle Mines Ltd.,"4,841","3,13,175",,
CRBN,iShares MSCI ACWI Low Carbon Target ETF,31/07/21,Canada — 3.3%,"Alimentation Couche-Tard Inc., Class","12,875","5,18,983",,
CRBN,iShares MSCI ACWI Low Carbon Target ETF,31/07/21,Canada — 3.3%,AltaGas Ltd.,"41,303","8,74,329",,
CRBN,iShares MSCI ACWI Low Carbon Target ETF,31/07/21,Canada — 3.3%,Bank Montreal,"8,343","8,26,075",,
CRBN,iShares MSCI ACWI Low Carbon Target ETF,31/07/21,Canada — 3.3%,Bank Nova Scotia (The),"14,523","9,06,465",,
CRBN,iShares MSCI ACWI Low Carbon Target ETF,31/07/21,Canada — 3.3%,Barrick Gold Corp.,"15,656","3,40,828",,
CRBN,iShares MSCI ACWI Low Carbon Target ETF,31/07/21,Canada — 3.3%,Bausch Health Cos Inc.,"6,283","1,83,817",,
CRBN,iShares MSCI ACWI Low Carbon Target ETF,31/07/21,Canada — 3.3%,BCE Inc.,"3,914","1,95,355",,
CRBN,iShares MSCI ACWI Low Carbon Target ETF,31/07/21,Canada — 3.3%,"Brookfield Asset Management Inc., Class","21,424","11,56,546",,
CRBN,iShares MSCI ACWI Low Carbon Target ETF,31/07/21,Canada — 3.3%,"Brookfield Renewable Corp., Class","6,695","2,84,092",,
CRBN,iShares MSCI ACWI Low Carbon Target ETF,31/07/21,Canada — 3.3%,CAE Inc.,"23,254","7,09,586",,
CRBN,iShares MSCI ACWI Low Carbon Target ETF,31/07/21,Canada — 3.3%,Cameco Corp.,"19,982","3,55,403",,
CRBN,iShares MSCI ACWI Low Carbon Target ETF,31/07/21,Canada — 3.3%,Canadian Imperial Bank Commerce,"4,429","5,15,001",,
CRBN,iShares MSCI ACWI Low Carbon Target ETF,31/07/21,Canada — 3.3%,Canadian National Railway Co.,"7,725","8,39,372",,
CRBN,iShares MSCI ACWI Low Carbon Target ETF,31/07/21,Canada — 3.3%,Canadian Pacific Railway Ltd.,"6,695","4,97,134",,
CRBN,iShares MSCI ACWI Low Carbon Target ETF,31/07/21,Canada — 3.3%,"Canadian Tire Corp. Ltd., Class, NVS","1,648","2,53,541",,
CRBN,iShares MSCI ACWI Low Carbon Target ETF,31/07/21,Canada — 3.3%,Canopy Growth Corp.,"5,047","95,592",,
CRBN,iShares MSCI ACWI Low Carbon Target ETF,31/07/21,Canada — 3.3%,"CCL Industries Inc., Class, NVS","6,489","3,72,145",,
CRBN,iShares MSCI ACWI Low Carbon Target ETF,31/07/21,Canada — 3.3%,CGI Inc.,"1,957","1,78,022",,
CRBN,iShares MSCI ACWI Low Carbon Target ETF,31/07/21,Canada — 3.3%,Constellation Software Inc.,309,"4,94,962",,
CRBN,iShares MSCI ACWI Low Carbon Target ETF,31/07/21,Canada — 3.3%,Dollarama Inc.,"4,532","2,13,414",,
CRBN,iShares MSCI ACWI Low Carbon Target ETF,31/07/21,Canada — 3.3%,Enbridge Inc.,"43,569","17,17,476",,
CRBN,iShares MSCI ACWI Low Carbon Target ETF,31/07/21,Canada — 3.3%,Fairfax Financial Holdings Ltd.,412,"1,73,551",,
CRBN,iShares MSCI ACWI Low Carbon Target ETF,31/07/21,Canada — 3.3%,First Quantum Minerals Ltd.,"16,068","3,44,130",,
CRBN,iShares MSCI ACWI Low Carbon Target ETF,31/07/21,Canada — 3.3%,Franco-Nevada Corp.,"4,223","6,75,457",,
CRBN,iShares MSCI ACWI Low Carbon Target ETF,31/07/21,Canada — 3.3%,George Weston Ltd.,"3,914","4,05,894",,
CRBN,iShares MSCI ACWI Low Carbon Target ETF,31/07/21,Canada — 3.3%,Great-West Lifeco Inc.,"6,798","2,04,550",,
CRBN,iShares MSCI ACWI Low Carbon Target ETF,31/07/21,Canada — 3.3%,Hydro One Ltd.,"22,660","5,59,416",,
CRBN,iShares MSCI ACWI Low Carbon Target ETF,31/07/21,Canada — 3.3%,Imperial Oil Ltd.,"11,536","3,16,047",,
CRBN,iShares MSCI ACWI Low Carbon Target ETF,31/07/21,Canada — 3.3%,Intact Financial Corp.,"1,854","2,52,629",,
CRBN,iShares MSCI ACWI Low Carbon Target ETF,31/07/21,Canada — 3.3%,Inter Pipeline Ltd.,"31,328","5,01,710",,
CRBN,iShares MSCI ACWI Low Carbon Target ETF,31/07/21,Canada — 3.3%,"Ivanhoe Mines Ltd., Class","39,140","2,90,507",,
CRBN,iShares MSCI ACWI Low Carbon Target ETF,31/07/21,Canada — 3.3%,Keyera Corp.,"13,802","3,69,499",,
CRBN,iShares MSCI ACWI Low Carbon Target ETF,31/07/21,Canada — 3.3%,Kirkland Lake Gold Ltd.,"5,150","2,20,225",,
CRBN,iShares MSCI ACWI Low Carbon Target ETF,31/07/21,Canada — 3.3%,Loblaw Companies Ltd.,"3,090","2,09,038",,
CRBN,iShares MSCI ACWI Low Carbon Target ETF,31/07/21,Canada — 3.3%,Lundin Mining Corp.,"39,964","3,64,212",,
CRBN,iShares MSCI ACWI Low Carbon Target ETF,31/07/21,Canada — 3.3%,Magna International Inc.,"2,884","2,41,797",,
CRBN,iShares MSCI ACWI Low Carbon Target ETF,31/07/21,Canada — 3.3%,Manulife Financial Corp.,"18,437","3,56,445",,
CRBN,iShares MSCI ACWI Low Carbon Target ETF,31/07/21,Canada — 3.3%,Metro Inc.,"2,987","1,54,905",,
CRBN,iShares MSCI ACWI Low Carbon Target ETF,31/07/21,Canada — 3.3%,National Bank Canada,"3,193","2,44,389",,
CRBN,iShares MSCI ACWI Low Carbon Target ETF,31/07/21,Canada — 3.3%,Open Text Corp.,"7,004","3,63,786",,
CRBN,iShares MSCI ACWI Low Carbon Target ETF,31/07/21,Canada — 3.3%,Pan American Silver Corp.,"5,356","1,50,385",,
CRBN,iShares MSCI ACWI Low Carbon Target ETF,31/07/21,Canada — 3.3%,Pembina Pipeline Corp.,"30,900","10,21,414",,
CRBN,iShares MSCI ACWI Low Carbon Target ETF,31/07/21,Canada — 3.3%,Power Corp. Canada,"8,093","2,58,307",,
CRBN,iShares MSCI ACWI Low Carbon Target ETF,31/07/21,Canada — 3.3%,Restaurant Brands International Inc.,"2,777","1,89,466",,
CRBN,iShares MSCI ACWI Low Carbon Target ETF,31/07/21,Canada — 3.3%,RioCan REIT,"11,639","2,10,745",,
CRBN,iShares MSCI ACWI Low Carbon Target ETF,31/07/21,Canada — 3.3%,Ritchie Bros Auctioneers Inc.,"2,884","1,72,171",,
CRBN,iShares MSCI ACWI Low Carbon Target ETF,31/07/21,Canada — 3.3%,"Rogers Communications Inc., Class, NVS","5,047","2,57,609",,
CRBN,iShares MSCI ACWI Low Carbon Target ETF,31/07/21,Canada — 3.3%,Royal Bank Canada,"15,656","15,83,419",,
CRBN,iShares MSCI ACWI Low Carbon Target ETF,31/07/21,Canada — 3.3%,"Shaw Communications Inc., Class, NVS","12,360","3,61,012",,
CRBN,iShares MSCI ACWI Low Carbon Target ETF,31/07/21,Canada — 3.3%,"Shopify Inc., Class","1,442","21,64,849",,
CRBN,iShares MSCI ACWI Low Carbon Target ETF,31/07/21,Canada — 3.3%,Sun Life Financial Inc.,"6,077","3,16,514",,
CRBN,iShares MSCI ACWI Low Carbon Target ETF,31/07/21,Canada — 3.3%,TC Energy Corp.,"11,536","5,62,375",,
CRBN,iShares MSCI ACWI Low Carbon Target ETF,31/07/21,Canada — 3.3%,TELUS Corp.,"6,180","1,37,262",,
CRBN,iShares MSCI ACWI Low Carbon Target ETF,31/07/21,Canada — 3.3%,Thomson Reuters Corp.,"5,768","6,11,197",,
CRBN,iShares MSCI ACWI Low Carbon Target ETF,31/07/21,Canada — 3.3%,Toronto-Dominion Bank (The),"20,116","13,37,466",,
CRBN,iShares MSCI ACWI Low Carbon Target ETF,31/07/21,Canada — 3.3%,Wheaton Precious Metals Corp.,"10,403","4,80,543",,
CRBN,iShares MSCI ACWI Low Carbon Target ETF,31/07/21,Canada — 3.3%,WSP Global Inc.,"2,472","2,93,426",,
CRBN,iShares MSCI ACWI Low Carbon Target ETF,31/07/21,Canada — 3.3%,Yamana Gold Inc.,"34,917","1,56,449","2,83,54,109",
CRBN,iShares MSCI ACWI Low Carbon Target ETF,31/07/21,Chile — 0.0%,Falabella SA,"47,380","1,84,179","1,84,179",
CRBN,iShares MSCI ACWI Low Carbon Target ETF,31/07/21,China — 4.1%,"Agricultural Bank China Ltd., Class H","8,24,000","2,74,782",,
CRBN,iShares MSCI ACWI Low Carbon Target ETF,31/07/21,China — 4.1%,Alibaba Group Holding Ltd.,"2,07,568","50,69,381",,
CRBN,iShares MSCI ACWI Low Carbon Target ETF,31/07/21,China — 4.1%,Alibaba Health Information Technology Ltd.,"42,000","65,462",,
CRBN,iShares MSCI ACWI Low Carbon Target ETF,31/07/21,China — 4.1%,ANTA Sports Products Ltd.,"9,000","1,95,942",,
CRBN,iShares MSCI ACWI Low Carbon Target ETF,31/07/21,China — 4.1%,"Baidu Inc., ADR","3,605","5,91,256",,
CRBN,iShares MSCI ACWI Low Carbon Target ETF,31/07/21,China — 4.1%,"Bank China Ltd., Class H","17,51,000","6,08,455",,
CRBN,iShares MSCI ACWI Low Carbon Target ETF,31/07/21,China — 4.1%,"Bank Communications Co. Ltd., Class","3,60,500","2,38,774",,
CRBN,iShares MSCI ACWI Low Carbon Target ETF,31/07/21,China — 4.1%,"Bank Nanjing Co. Ltd., Class","72,100","97,435",,
CRBN,iShares MSCI ACWI Low Carbon Target ETF,31/07/21,China — 4.1%,"Bank Ningbo Co. Ltd., Class","10,300","51,688",,
CRBN,iShares MSCI ACWI Low Carbon Target ETF,31/07/21,China — 4.1%,"BeiGene Ltd., ADR",721,"2,28,261",,
CRBN,iShares MSCI ACWI Low Carbon Target ETF,31/07/21,China — 4.1%,"Bilibili Inc., ADR","3,090","2,64,442",,
CRBN,iShares MSCI ACWI Low Carbon Target ETF,31/07/21,China — 4.1%,"BYD Co. Ltd., Class H","7,000","2,16,359",,
CRBN,iShares MSCI ACWI Low Carbon Target ETF,31/07/21,China — 4.1%,"CGN Power Co. Ltd., Class H","15,17,000","3,27,910",,
CRBN,iShares MSCI ACWI Low Carbon Target ETF,31/07/21,China — 4.1%,"China CITIC Bank Corp. Ltd., Class H","2,06,000","92,190",,
CRBN,iShares MSCI ACWI Low Carbon Target ETF,31/07/21,China — 4.1%,China Conch Venture Holdings Ltd.,"51,500","1,87,762",,
CRBN,iShares MSCI ACWI Low Carbon Target ETF,31/07/21,China — 4.1%,"China Construction Bank Corp., Class H","14,48,000","10,08,595",,
CRBN,iShares MSCI ACWI Low Carbon Target ETF,31/07/21,China — 4.1%,"China Everbright Bank Co. Ltd., Class","2,06,000","1,05,184",,
CRBN,iShares MSCI ACWI Low Carbon Target ETF,31/07/21,China — 4.1%,"China Life Insurance Co. Ltd., Class H","2,06,000","3,43,349",,
CRBN,iShares MSCI ACWI Low Carbon Target ETF,31/07/21,China — 4.1%,China Mengniu Dairy Co. Ltd.,"18,000","97,729",,
CRBN,iShares MSCI ACWI Low Carbon Target ETF,31/07/21,China — 4.1%,"China Merchants Bank Co. Ltd., Class","30,900","2,22,752",,
CRBN,iShares MSCI ACWI Low Carbon Target ETF,31/07/21,China — 4.1%,"China Merchants Bank Co. Ltd., Class H","51,500","3,91,789",,
CRBN,iShares MSCI ACWI Low Carbon Target ETF,31/07/21,China — 4.1%,China Merchants Port Holdings Co. Ltd.,"2,06,000","2,87,036",,
CRBN,iShares MSCI ACWI Low Carbon Target ETF,31/07/21,China — 4.1%,"China Minsheng Banking Corp. Ltd., Class","1,75,100","1,07,866",,
CRBN,iShares MSCI ACWI Low Carbon Target ETF,31/07/21,China — 4.1%,"China Molybdenum Co. Ltd., Class H","3,09,000","2,26,170",,
CRBN,iShares MSCI ACWI Low Carbon Target ETF,31/07/21,China — 4.1%,"China National Nuclear Power Co. Ltd., Class","8,34,398","6,20,739",,
CRBN,iShares MSCI ACWI Low Carbon Target ETF,31/07/21,China — 4.1%,"China Northern Rare Earth Group High-Tech Co. Ltd., Class","20,600","1,53,107",,
CRBN,iShares MSCI ACWI Low Carbon Target ETF,31/07/21,China — 4.1%,"China Oilfield Services Ltd., Class H","4,12,000","2,99,481",,
CRBN,iShares MSCI ACWI Low Carbon Target ETF,31/07/21,China — 4.1%,China Overseas Land & Investment Ltd.,"1,03,000","2,15,882",,
CRBN,iShares MSCI ACWI Low Carbon Target ETF,31/07/21,China — 4.1%,"China Pacific Insurance Group Co. Ltd., Class","20,600","83,079",,
CRBN,iShares MSCI ACWI Low Carbon Target ETF,31/07/21,China — 4.1%,China Resources Beer Holdings Co. Ltd.,"14,000","1,04,975",,
CRBN,iShares MSCI ACWI Low Carbon Target ETF,31/07/21,China — 4.1%,China Resources Gas Group Ltd.,"26,000","1,60,259",,
CRBN,iShares MSCI ACWI Low Carbon Target ETF,31/07/21,China — 4.1%,China Resources Land Ltd.,"22,000","73,521",,
CRBN,iShares MSCI ACWI Low Carbon Target ETF,31/07/21,China — 4.1%,"China Tower Corp. Ltd., Class H","8,24,000","1,09,311",,
CRBN,iShares MSCI ACWI Low Carbon Target ETF,31/07/21,China — 4.1%,"China Vanke Co. Ltd., Class H","31,600","82,320",,
CRBN,iShares MSCI ACWI Low Carbon Target ETF,31/07/21,China — 4.1%,"China Yangtze Power Co. Ltd., Class","1,23,600","3,63,542",,
CRBN,iShares MSCI ACWI Low Carbon Target ETF,31/07/21,China — 4.1%,"Chongqing Rural Commercial Bank Co. Ltd., Class H","2,06,000","76,886",,
CRBN,iShares MSCI ACWI Low Carbon Target ETF,31/07/21,China — 4.1%,"Contemporary Amperex Technology Co. Ltd., Class","2,100","1,79,984",,
CRBN,iShares MSCI ACWI Low Carbon Target ETF,31/07/21,China — 4.1%,Country Garden Holdings Co. Ltd.,"1,03,000","1,00,695",,
CRBN,iShares MSCI ACWI Low Carbon Target ETF,31/07/21,China — 4.1%,Country Garden Services Holdings Co. Ltd.,"15,000","1,21,798",,
CRBN,iShares MSCI ACWI Low Carbon Target ETF,31/07/21,China — 4.1%,CSPC Pharmaceutical Group Ltd.,"2,06,000","2,78,067",,
CRBN,iShares MSCI ACWI Low Carbon Target ETF,31/07/21,China — 4.1%,ENN Energy Holdings Ltd.,"20,600","4,29,887",,
CRBN,iShares MSCI ACWI Low Carbon Target ETF,31/07/21,China — 4.1%,"Foshan Haitian Flavouring & Food Co. Ltd., Class","15,432","2,74,071",,
CRBN,iShares MSCI ACWI Low Carbon Target ETF,31/07/21,China — 4.1%,Fosun International Ltd.,"1,03,000","1,36,354",,
CRBN,iShares MSCI ACWI Low Carbon Target ETF,31/07/21,China — 4.1%,Geely Automobile Holdings Ltd.,"1,03,000","3,45,502",,
CRBN,iShares MSCI ACWI Low Carbon Target ETF,31/07/21,China — 4.1%,"Great Wall Motor Co. Ltd., Class H","51,500","2,48,825",,
CRBN,iShares MSCI ACWI Low Carbon Target ETF,31/07/21,China — 4.1%,"Huazhu Group Ltd., ADR","11,886","5,34,632",,
CRBN,iShares MSCI ACWI Low Carbon Target ETF,31/07/21,China — 4.1%,"Iflytek Co. Ltd., Class","20,600","1,87,114",,
CRBN,iShares MSCI ACWI Low Carbon Target ETF,31/07/21,China — 4.1%,"Industrial & Commercial Bank China Ltd., Class H","9,27,000","5,14,757",,
CRBN,iShares MSCI ACWI Low Carbon Target ETF,31/07/21,China — 4.1%,"Industrial Bank Co. Ltd., Class","1,03,098","2,82,233",,
CRBN,iShares MSCI ACWI Low Carbon Target ETF,31/07/21,China — 4.1%,"Inner Mongolia Yili Industrial Group Co. Ltd., Class","20,600","1,06,595",,
CRBN,iShares MSCI ACWI Low Carbon Target ETF,31/07/21,China — 4.1%,Innovent Biologics Inc.,"14,000","1,43,350",,
CRBN,iShares MSCI ACWI Low Carbon Target ETF,31/07/21,China — 4.1%,"JD.com Inc., ADR","12,154","8,61,476",,
CRBN,iShares MSCI ACWI Low Carbon Target ETF,31/07/21,China — 4.1%,"Jiangsu Expressway Co. Ltd., Class H","2,06,000","2,20,098",,
CRBN,iShares MSCI ACWI Low Carbon Target ETF,31/07/21,China — 4.1%,"Jiangsu Yanghe Brewery Joint-Stock Co. Ltd., Class","10,300","2,60,460",,
CRBN,iShares MSCI ACWI Low Carbon Target ETF,31/07/21,China — 4.1%,"KE Holdings Inc., ADR","5,356","1,17,778",,
CRBN,iShares MSCI ACWI Low Carbon Target ETF,31/07/21,China — 4.1%,Kingdee International Software Group Co. Ltd.,"1,03,000","3,21,688",,
CRBN,iShares MSCI ACWI Low Carbon Target ETF,31/07/21,China — 4.1%,"Kweichow Moutai Co. Ltd., Class",800,"2,08,092",,
CRBN,iShares MSCI ACWI Low Carbon Target ETF,31/07/21,China — 4.1%,"Li Auto Inc., ADR","8,755","2,92,329",,
CRBN,iShares MSCI ACWI Low Carbon Target ETF,31/07/21,China — 4.1%,Li Ning Co. Ltd.,"51,500","5,43,908",,
CRBN,iShares MSCI ACWI Low Carbon Target ETF,31/07/21,China — 4.1%,"Meituan, Class","45,500","12,59,049",,
CRBN,iShares MSCI ACWI Low Carbon Target ETF,31/07/21,China — 4.1%,"Midea Group Co. Ltd., Class","9,700","95,557",,
CRBN,iShares MSCI ACWI Low Carbon Target ETF,31/07/21,China — 4.1%,"Muyuan Foods Co. Ltd., Class","22,636","1,48,214",,
CRBN,iShares MSCI ACWI Low Carbon Target ETF,31/07/21,China — 4.1%,"NetEase Inc., ADR","6,180","6,31,658",,
CRBN,iShares MSCI ACWI Low Carbon Target ETF,31/07/21,China — 4.1%,"New Oriental Education & Technology Group Inc., ADR","20,301","44,053",,
CRBN,iShares MSCI ACWI Low Carbon Target ETF,31/07/21,China — 4.1%,"NIO Inc., ADR","18,540","8,28,367",,
CRBN,iShares MSCI ACWI Low Carbon Target ETF,31/07/21,China — 4.1%,"People’s Insurance Co. Group China Ltd. (The), Class H","4,12,000","1,27,855",,
CRBN,iShares MSCI ACWI Low Carbon Target ETF,31/07/21,China — 4.1%,"PICC Property & Casualty Co. Ltd., Class H","2,06,000","1,66,410",,
CRBN,iShares MSCI ACWI Low Carbon Target ETF,31/07/21,China — 4.1%,"Pinduoduo Inc., ADR","6,283","5,75,586",,
CRBN,iShares MSCI ACWI Low Carbon Target ETF,31/07/21,China — 4.1%,Ping An Healthcare and Technology Co. Ltd.,"10,300","96,372",,
CRBN,iShares MSCI ACWI Low Carbon Target ETF,31/07/21,China — 4.1%,"Ping An Insurance Group Co. China Ltd., Class","10,300","85,682",,
CRBN,iShares MSCI ACWI Low Carbon Target ETF,31/07/21,China — 4.1%,"Ping An Insurance Group Co. China Ltd., Class H","72,500","6,34,436",,
CRBN,iShares MSCI ACWI Low Carbon Target ETF,31/07/21,China — 4.1%,"Sany Heavy Industry Co. Ltd., Class","61,800","2,38,180",,
CRBN,iShares MSCI ACWI Low Carbon Target ETF,31/07/21,China — 4.1%,"SF Holding Co. Ltd., Class","20,600","1,88,870",,
CRBN,iShares MSCI ACWI Low Carbon Target ETF,31/07/21,China — 4.1%,"Shanghai International Airport Co. Ltd., Class","10,300","61,538",,
CRBN,iShares MSCI ACWI Low Carbon Target ETF,31/07/21,China — 4.1%,Shenzhen International Holdings Ltd.,"1,88,000","2,47,808",,
CRBN,iShares MSCI ACWI Low Carbon Target ETF,31/07/21,China — 4.1%,Shenzhen Investment Ltd.,"4,12,000","1,15,783",,
CRBN,iShares MSCI ACWI Low Carbon Target ETF,31/07/21,China — 4.1%,Shenzhou International Group Holdings Ltd.,"10,300","2,28,591",,
CRBN,iShares MSCI ACWI Low Carbon Target ETF,31/07/21,China — 4.1%,"Sichuan Chuantou Energy Co. Ltd., Class","1,13,300","1,91,905",,
CRBN,iShares MSCI ACWI Low Carbon Target ETF,31/07/21,China — 4.1%,Sunac China Holdings Ltd.,"1,03,000","2,67,259",,
CRBN,iShares MSCI ACWI Low Carbon Target ETF,31/07/21,China — 4.1%,Sunny Optical Technology Group Co. Ltd.,"10,300","3,12,724",,
CRBN,iShares MSCI ACWI Low Carbon Target ETF,31/07/21,China — 4.1%,"TAL Education Group, ADR","5,871","35,637",,
CRBN,iShares MSCI ACWI Low Carbon Target ETF,31/07/21,China — 4.1%,Tencent Holdings Ltd.,"72,100","43,48,217",,
CRBN,iShares MSCI ACWI Low Carbon Target ETF,31/07/21,China — 4.1%,"Trip.com Group Ltd., ADR","7,519","1,94,968",,
CRBN,iShares MSCI ACWI Low Carbon Target ETF,31/07/21,China — 4.1%,"Vipshop Holdings Ltd., ADR","7,622","1,26,754",,
CRBN,iShares MSCI ACWI Low Carbon Target ETF,31/07/21,China — 4.1%,"Wens Foodstuffs Group Co. Ltd., Class","42,840","83,446",,
CRBN,iShares MSCI ACWI Low Carbon Target ETF,31/07/21,China — 4.1%,"Wuliangye Yibin Co. Ltd., Class","10,300","3,52,993",,
CRBN,iShares MSCI ACWI Low Carbon Target ETF,31/07/21,China — 4.1%,"WuXi AppTec Co. Ltd., Class H","12,300","2,72,633",,
CRBN,iShares MSCI ACWI Low Carbon Target ETF,31/07/21,China — 4.1%,"Wuxi Biologics Cayman Inc., New","30,000","4,58,228",,
CRBN,iShares MSCI ACWI Low Carbon Target ETF,31/07/21,China — 4.1%,"Xiaomi Corp., Class","1,85,400","6,07,236",,
CRBN,iShares MSCI ACWI Low Carbon Target ETF,31/07/21,China — 4.1%,"XPeng Inc., ADR","5,768","2,33,777",,
CRBN,iShares MSCI ACWI Low Carbon Target ETF,31/07/21,China — 4.1%,"Yantai Jereh Oilfield Services Group Co. Ltd., Class","41,200","2,41,305",,
CRBN,iShares MSCI ACWI Low Carbon Target ETF,31/07/21,China — 4.1%,"Yintai Gold Co. Ltd., Class","77,700","1,09,825",,
CRBN,iShares MSCI ACWI Low Carbon Target ETF,31/07/21,China — 4.1%,Yum China Holdings Inc.,"4,662","2,89,930",,
CRBN,iShares MSCI ACWI Low Carbon Target ETF,31/07/21,China — 4.1%,"Yunnan Aluminium Co. Ltd., Class","60,500","1,33,671",,
CRBN,iShares MSCI ACWI Low Carbon Target ETF,31/07/21,China — 4.1%,"Zai Lab Ltd., ADR","1,957","2,83,002",,
CRBN,iShares MSCI ACWI Low Carbon Target ETF,31/07/21,China — 4.1%,"Zhejiang Expressway Co. Ltd., Class H","2,06,000","1,73,894",,
CRBN,iShares MSCI ACWI Low Carbon Target ETF,31/07/21,China — 4.1%,"Zhejiang Huayou Cobalt Co. Ltd., Class","8,800","1,79,229",,
CRBN,iShares MSCI ACWI Low Carbon Target ETF,31/07/21,China — 4.1%,"Zijin Mining Group Co. Ltd., Class H","2,06,000","2,92,147",,
CRBN,iShares MSCI ACWI Low Carbon Target ETF,31/07/21,China — 4.1%,"ZTO Express Cayman Inc., ADR","6,180","1,67,231","3,54,83,384",
CRBN,iShares MSCI ACWI Low Carbon Target ETF,31/07/21,Colombia — 0.1%,Grupo de Inversiones Suramericana SA,"58,813","2,62,369",,
CRBN,iShares MSCI ACWI Low Carbon Target ETF,31/07/21,Colombia — 0.1%,Interconexion Electrica SA ESP,"41,200","2,31,816","4,94,185",
CRBN,iShares MSCI ACWI Low Carbon Target ETF,31/07/21,Denmark — 0.6%,"Carlsberg A/S, Class","1,090","2,01,416",,
CRBN,iShares MSCI ACWI Low Carbon Target ETF,31/07/21,Denmark — 0.6%,Chr Hansen Holding A/S,"2,369","2,13,063",,
CRBN,iShares MSCI ACWI Low Carbon Target ETF,31/07/21,Denmark — 0.6%,"Coloplast A/S, Class","1,133","2,07,184",,
CRBN,iShares MSCI ACWI Low Carbon Target ETF,31/07/21,Denmark — 0.6%,Danske Bank A/S,"12,772","2,23,842",,
CRBN,iShares MSCI ACWI Low Carbon Target ETF,31/07/21,Denmark — 0.6%,DSV Panalpina A/S,"1,133","2,76,186",,
CRBN,iShares MSCI ACWI Low Carbon Target ETF,31/07/21,Denmark — 0.6%,Genmab A/S,824,"3,72,431",,
CRBN,iShares MSCI ACWI Low Carbon Target ETF,31/07/21,Denmark — 0.6%,"Novo Nordisk A/S, Class","22,145","20,49,991",,
CRBN,iShares MSCI ACWI Low Carbon Target ETF,31/07/21,Denmark — 0.6%,"Novozymes A/S, Class","4,223","3,31,779",,
CRBN,iShares MSCI ACWI Low Carbon Target ETF,31/07/21,Denmark — 0.6%,Orsted A/S,"4,635","6,87,464",,
CRBN,iShares MSCI ACWI Low Carbon Target ETF,31/07/21,Denmark — 0.6%,Pandora A/S,"1,648","2,13,180",,
CRBN,iShares MSCI ACWI Low Carbon Target ETF,31/07/21,Denmark — 0.6%,Vestas Wind Systems A/S,"15,965","5,88,702","53,65,238",
CRBN,iShares MSCI ACWI Low Carbon Target ETF,31/07/21,Finland — 0.3%,"Kesko OYJ, Class","8,240","3,53,183",,
CRBN,iShares MSCI ACWI Low Carbon Target ETF,31/07/21,Finland — 0.3%,"Kone OYJ, Class","4,017","3,32,714",,
CRBN,iShares MSCI ACWI Low Carbon Target ETF,31/07/21,Finland — 0.3%,Neste OYJ,"14,729","9,05,403",,
CRBN,iShares MSCI ACWI Low Carbon Target ETF,31/07/21,Finland — 0.3%,Nokia OYJ,"67,156","4,12,629",,
CRBN,iShares MSCI ACWI Low Carbon Target ETF,31/07/21,Finland — 0.3%,Nordea Bank Abp,"28,119","3,29,285",,
CRBN,iShares MSCI ACWI Low Carbon Target ETF,31/07/21,Finland — 0.3%,"Sampo OYJ, Class","5,871","2,82,563",,
CRBN,iShares MSCI ACWI Low Carbon Target ETF,31/07/21,Finland — 0.3%,Wartsila OYJ Abp,"16,892","2,54,469","28,70,246",
CRBN,iShares MSCI ACWI Low Carbon Target ETF,31/07/21,France — 2.6%,Aeroports de Paris,"1,236","1,49,824",,
CRBN,iShares MSCI ACWI Low Carbon Target ETF,31/07/21,France — 2.6%,Airbus SE,"8,240","11,30,270",,
CRBN,iShares MSCI ACWI Low Carbon Target ETF,31/07/21,France — 2.6%,Alstom SA,"3,914","1,62,338",,
CRBN,iShares MSCI ACWI Low Carbon Target ETF,31/07/21,France — 2.6%,Atos SE,"3,090","1,47,772",,
CRBN,iShares MSCI ACWI Low Carbon Target ETF,31/07/21,France — 2.6%,AXA SA,"32,754","8,48,231",,
CRBN,iShares MSCI ACWI Low Carbon Target ETF,31/07/21,France — 2.6%,BNP Paribas SA,"13,081","7,97,668",,
CRBN,iShares MSCI ACWI Low Carbon Target ETF,31/07/21,France — 2.6%,Bureau Veritas SA,"6,798","2,24,495",,
CRBN,iShares MSCI ACWI Low Carbon Target ETF,31/07/21,France — 2.6%,Capgemini SE,"2,163","4,67,538",,
CRBN,iShares MSCI ACWI Low Carbon Target ETF,31/07/21,France — 2.6%,CNP Assurances,"8,343","1,41,816",,
CRBN,iShares MSCI ACWI Low Carbon Target ETF,31/07/21,France — 2.6%,Danone SA,"7,622","5,60,625",,
CRBN,iShares MSCI ACWI Low Carbon Target ETF,31/07/21,France — 2.6%,Dassault Aviation SA,103,"1,22,637",,
CRBN,iShares MSCI ACWI Low Carbon Target ETF,31/07/21,France — 2.6%,Dassault Systemes SE,"4,588","2,53,084",,
CRBN,iShares MSCI ACWI Low Carbon Target ETF,31/07/21,France — 2.6%,Edenred,"2,814","1,63,482",,
CRBN,iShares MSCI ACWI Low Carbon Target ETF,31/07/21,France — 2.6%,Eiffage SA,"2,060","2,10,006",,
CRBN,iShares MSCI ACWI Low Carbon Target ETF,31/07/21,France — 2.6%,EssilorLuxottica SA,"4,567","8,62,172",,
CRBN,iShares MSCI ACWI Low Carbon Target ETF,31/07/21,France — 2.6%,Eurofins Scientific SE,"1,854","2,21,761",,
CRBN,iShares MSCI ACWI Low Carbon Target ETF,31/07/21,France — 2.6%,Faurecia SE,420,"18,746",,
CRBN,iShares MSCI ACWI Low Carbon Target ETF,31/07/21,France — 2.6%,Gecina SA,889,"1,40,987",,
CRBN,iShares MSCI ACWI Low Carbon Target ETF,31/07/21,France — 2.6%,Getlink SE,"5,871","94,045",,
CRBN,iShares MSCI ACWI Low Carbon Target ETF,31/07/21,France — 2.6%,Hermes International,412,"6,29,856",,
CRBN,iShares MSCI ACWI Low Carbon Target ETF,31/07/21,France — 2.6%,Kering SA,"1,133","10,16,458",,
CRBN,iShares MSCI ACWI Low Carbon Target ETF,31/07/21,France — 2.6%,Klepierre SA,"5,459","1,32,173",,
CRBN,iShares MSCI ACWI Low Carbon Target ETF,31/07/21,France — 2.6%,Legrand SA,"3,708","4,17,876",,
CRBN,iShares MSCI ACWI Low Carbon Target ETF,31/07/21,France — 2.6%,L’Oreal SA,"3,812","17,43,965",,
CRBN,iShares MSCI ACWI Low Carbon Target ETF,31/07/21,France — 2.6%,LVMH Moet Hennessy Louis Vuitton SE,"3,708","29,68,873",,
CRBN,iShares MSCI ACWI Low Carbon Target ETF,31/07/21,France — 2.6%,Orange SA,"13,184","1,46,727",,
CRBN,iShares MSCI ACWI Low Carbon Target ETF,31/07/21,France — 2.6%,Pernod Ricard SA,"3,296","7,27,449",,
CRBN,iShares MSCI ACWI Low Carbon Target ETF,31/07/21,France — 2.6%,Publicis Groupe SA,"3,708","2,34,088",,
CRBN,iShares MSCI ACWI Low Carbon Target ETF,31/07/21,France — 2.6%,Renault SA,"4,532","1,72,128",,
CRBN,iShares MSCI ACWI Low Carbon Target ETF,31/07/21,France — 2.6%,Safran SA,"4,635","6,06,603",,
CRBN,iShares MSCI ACWI Low Carbon Target ETF,31/07/21,France — 2.6%,Sanofi,"15,450","15,92,481",,
CRBN,iShares MSCI ACWI Low Carbon Target ETF,31/07/21,France — 2.6%,Sartorius Stedim Biotech,515,"2,93,985",,
CRBN,iShares MSCI ACWI Low Carbon Target ETF,31/07/21,France — 2.6%,Schneider Electric SE,"8,456","14,16,281",,
CRBN,iShares MSCI ACWI Low Carbon Target ETF,31/07/21,France — 2.6%,SCOR SE,"8,482","2,36,874",,
CRBN,iShares MSCI ACWI Low Carbon Target ETF,31/07/21,France — 2.6%,Societe Generale SA,"12,463","3,64,988",,
CRBN,iShares MSCI ACWI Low Carbon Target ETF,31/07/21,France — 2.6%,Sodexo SA,"2,369","2,01,852",,
CRBN,iShares MSCI ACWI Low Carbon Target ETF,31/07/21,France — 2.6%,Teleperformance,824,"3,47,560",,
CRBN,iShares MSCI ACWI Low Carbon Target ETF,31/07/21,France — 2.6%,Thales SA,"1,957","2,05,396",,
CRBN,iShares MSCI ACWI Low Carbon Target ETF,31/07/21,France — 2.6%,Unibail-Rodamco-Westfield,"2,928","2,43,714",,
CRBN,iShares MSCI ACWI Low Carbon Target ETF,31/07/21,France — 2.6%,Vinci SA,"10,197","10,79,601",,
CRBN,iShares MSCI ACWI Low Carbon Target ETF,31/07/21,France — 2.6%,Vivendi SE,"11,536","3,89,760",,
CRBN,iShares MSCI ACWI Low Carbon Target ETF,31/07/21,France — 2.6%,Worldline SA,"3,771","3,52,966","2,22,39,151",
CRBN,iShares MSCI ACWI Low Carbon Target ETF,31/07/21,Germany — 2.1%,adidas AG,"2,472","8,97,221",,
CRBN,iShares MSCI ACWI Low Carbon Target ETF,31/07/21,Germany — 2.1%,"Allianz SE, Registered","6,180","15,36,121",,
CRBN,iShares MSCI ACWI Low Carbon Target ETF,31/07/21,Germany — 2.1%,Aroundtown SA,"18,231","1,42,695",,
CRBN,iShares MSCI ACWI Low Carbon Target ETF,31/07/21,Germany — 2.1%,BASF SE,"10,712","8,41,732",,
CRBN,iShares MSCI ACWI Low Carbon Target ETF,31/07/21,Germany — 2.1%,"Bayer AG, Registered","14,420","8,59,129",,
CRBN,iShares MSCI ACWI Low Carbon Target ETF,31/07/21,Germany — 2.1%,Bayerische Motoren Werke AG,"6,695","6,65,692",,
CRBN,iShares MSCI ACWI Low Carbon Target ETF,31/07/21,Germany — 2.1%,Beiersdorf AG,"1,460","1,73,410",,
CRBN,iShares MSCI ACWI Low Carbon Target ETF,31/07/21,Germany — 2.1%,Brenntag SE,"2,060","2,05,751",,
CRBN,iShares MSCI ACWI Low Carbon Target ETF,31/07/21,Germany — 2.1%,Continental AG,"2,163","2,93,833",,
CRBN,iShares MSCI ACWI Low Carbon Target ETF,31/07/21,Germany — 2.1%,"Daimler AG, Registered","13,287","11,85,724",,
CRBN,iShares MSCI ACWI Low Carbon Target ETF,31/07/21,Germany — 2.1%,Delivery Hero SE,"2,575","3,84,943",,
CRBN,iShares MSCI ACWI Low Carbon Target ETF,31/07/21,Germany — 2.1%,"Deutsche Bank AG, Registered","29,664","3,73,952",,
CRBN,iShares MSCI ACWI Low Carbon Target ETF,31/07/21,Germany — 2.1%,Deutsche Boerse AG,"2,266","3,78,114",,
CRBN,iShares MSCI ACWI Low Carbon Target ETF,31/07/21,Germany — 2.1%,"Deutsche Post AG, Registered","9,991","6,77,102",,
CRBN,iShares MSCI ACWI Low Carbon Target ETF,31/07/21,Germany — 2.1%,"Deutsche Telekom AG, Registered","45,320","9,40,578",,
CRBN,iShares MSCI ACWI Low Carbon Target ETF,31/07/21,Germany — 2.1%,Deutsche Wohnen SE,"3,193","1,99,346",,
CRBN,iShares MSCI ACWI Low Carbon Target ETF,31/07/21,Germany — 2.1%,E.ON SE,"26,265","3,22,889",,
CRBN,iShares MSCI ACWI Low Carbon Target ETF,31/07/21,Germany — 2.1%,Fresenius Medical Care AG & Co. KGaA,"1,751","1,38,016",,
CRBN,iShares MSCI ACWI Low Carbon Target ETF,31/07/21,Germany — 2.1%,Fresenius SE & Co. KGaA,"5,047","2,65,270",,
CRBN,iShares MSCI ACWI Low Carbon Target ETF,31/07/21,Germany — 2.1%,GEA Group AG,"3,502","1,55,280",,
CRBN,iShares MSCI ACWI Low Carbon Target ETF,31/07/21,Germany — 2.1%,HelloFresh SE,"3,193","2,99,310",,
CRBN,iShares MSCI ACWI Low Carbon Target ETF,31/07/21,Germany — 2.1%,Infineon Technologies AG,"20,916","7,99,287",,
CRBN,iShares MSCI ACWI Low Carbon Target ETF,31/07/21,Germany — 2.1%,KION Group AG,109,"11,575",,
CRBN,iShares MSCI ACWI Low Carbon Target ETF,31/07/21,Germany — 2.1%,Merck KGaA,"1,957","4,00,606",,
CRBN,iShares MSCI ACWI Low Carbon Target ETF,31/07/21,Germany — 2.1%,MTU Aero Engines AG,927,"2,31,877",,
CRBN,iShares MSCI ACWI Low Carbon Target ETF,31/07/21,Germany — 2.1%,"Muenchener Rueckversicherungs-Gesellschaft AG in Muenchen, Registered","2,120","5,72,027",,
CRBN,iShares MSCI ACWI Low Carbon Target ETF,31/07/21,Germany — 2.1%,Puma SE,809,"99,239",,
CRBN,iShares MSCI ACWI Low Carbon Target ETF,31/07/21,Germany — 2.1%,SAP SE,"14,214","20,39,869",,
CRBN,iShares MSCI ACWI Low Carbon Target ETF,31/07/21,Germany — 2.1%,"Siemens AG, Registered","11,330","17,67,854",,
CRBN,iShares MSCI ACWI Low Carbon Target ETF,31/07/21,Germany — 2.1%,Siemens Healthineers AG,"2,575","1,70,005",,
CRBN,iShares MSCI ACWI Low Carbon Target ETF,31/07/21,Germany — 2.1%,Symrise AG,"1,442","2,12,621",,
CRBN,iShares MSCI ACWI Low Carbon Target ETF,31/07/21,Germany — 2.1%,Telefonica Deutschland Holding AG,"48,719","1,31,325",,
CRBN,iShares MSCI ACWI Low Carbon Target ETF,31/07/21,Germany — 2.1%,Vonovia SE,"7,107","4,73,176",,
CRBN,iShares MSCI ACWI Low Carbon Target ETF,31/07/21,Germany — 2.1%,Zalando SE,"3,980","4,42,227","1,82,87,796",
CRBN,iShares MSCI ACWI Low Carbon Target ETF,31/07/21,Greece — 0.0%,OPAP SA,"5,625","81,252","81,252",
CRBN,iShares MSCI ACWI Low Carbon Target ETF,31/07/21,Hong Kong — 0.8%,AIA Group Ltd.,"1,64,800","19,71,957",,
CRBN,iShares MSCI ACWI Low Carbon Target ETF,31/07/21,Hong Kong — 0.8%,BOC Hong Kong Holdings Ltd.,"51,500","1,65,381",,
CRBN,iShares MSCI ACWI Low Carbon Target ETF,31/07/21,Hong Kong — 0.8%,Budweiser Brewing Co. APAC Ltd.,"61,800","1,72,472",,
CRBN,iShares MSCI ACWI Low Carbon Target ETF,31/07/21,Hong Kong — 0.8%,CK Asset Holdings Ltd.,"51,500","3,50,390",,
CRBN,iShares MSCI ACWI Low Carbon Target ETF,31/07/21,Hong Kong — 0.8%,Galaxy Entertainment Group Ltd.,"25,000","1,69,426",,
CRBN,iShares MSCI ACWI Low Carbon Target ETF,31/07/21,Hong Kong — 0.8%,Hang Seng Bank Ltd.,"10,300","1,97,260",,
CRBN,iShares MSCI ACWI Low Carbon Target ETF,31/07/21,Hong Kong — 0.8%,Hong Kong & China Gas Co. Ltd.,"2,45,582","3,99,399",,
CRBN,iShares MSCI ACWI Low Carbon Target ETF,31/07/21,Hong Kong — 0.8%,Hong Kong Exchanges & Clearing Ltd.,"13,800","8,81,954",,
CRBN,iShares MSCI ACWI Low Carbon Target ETF,31/07/21,Hong Kong — 0.8%,Hongkong Land Holdings Ltd.,"30,900","1,40,193",,
CRBN,iShares MSCI ACWI Low Carbon Target ETF,31/07/21,Hong Kong — 0.8%,Link REIT,"30,900","2,95,291",,
CRBN,iShares MSCI ACWI Low Carbon Target ETF,31/07/21,Hong Kong — 0.8%,MTR Corp. Ltd.,"51,500","3,05,326",,
CRBN,iShares MSCI ACWI Low Carbon Target ETF,31/07/21,Hong Kong — 0.8%,Power Assets Holdings Ltd.,"77,000","4,97,820",,
CRBN,iShares MSCI ACWI Low Carbon Target ETF,31/07/21,Hong Kong — 0.8%,Sands China Ltd.,"41,200","1,40,329",,
CRBN,iShares MSCI ACWI Low Carbon Target ETF,31/07/21,Hong Kong — 0.8%,Sino Biopharmaceutical Ltd.,"2,06,000","1,74,996",,
CRBN,iShares MSCI ACWI Low Carbon Target ETF,31/07/21,Hong Kong — 0.8%,Sun Hung Kai Properties Ltd.,"27,500","3,93,398",,
CRBN,iShares MSCI ACWI Low Carbon Target ETF,31/07/21,Hong Kong — 0.8%,Swire Properties Ltd.,"41,200","1,17,179",,
CRBN,iShares MSCI ACWI Low Carbon Target ETF,31/07/21,Hong Kong — 0.8%,Techtronic Industries Co. Ltd.,"22,500","4,01,226","67,73,997",
CRBN,iShares MSCI ACWI Low Carbon Target ETF,31/07/21,India — 1.1%,Adani Green Energy Ltd.,"8,343","98,605",,
CRBN,iShares MSCI ACWI Low Carbon Target ETF,31/07/21,India — 1.1%,Adani Ports & Special Economic Zone Ltd.,"13,184","1,19,803",,
CRBN,iShares MSCI ACWI Low Carbon Target ETF,31/07/21,India — 1.1%,Adani Total Gas Ltd.,"5,938","71,222",,
CRBN,iShares MSCI ACWI Low Carbon Target ETF,31/07/21,India — 1.1%,Asian Paints Ltd.,"9,991","3,97,525",,
CRBN,iShares MSCI ACWI Low Carbon Target ETF,31/07/21,India — 1.1%,Axis Bank Ltd.,"31,209","2,98,004",,
CRBN,iShares MSCI ACWI Low Carbon Target ETF,31/07/21,India — 1.1%,Bajaj Finance Ltd.,"3,319","2,78,638",,
CRBN,iShares MSCI ACWI Low Carbon Target ETF,31/07/21,India — 1.1%,Bandhan Bank Ltd.,"10,624","41,658",,
CRBN,iShares MSCI ACWI Low Carbon Target ETF,31/07/21,India — 1.1%,Bharti Airtel Ltd.,"40,685","3,07,749",,
CRBN,iShares MSCI ACWI Low Carbon Target ETF,31/07/21,India — 1.1%,DLF Ltd.,"30,900","1,40,499",,
CRBN,iShares MSCI ACWI Low Carbon Target ETF,31/07/21,India — 1.1%,Godrej Consumer Products Ltd.,"7,725","1,02,624",,
CRBN,iShares MSCI ACWI Low Carbon Target ETF,31/07/21,India — 1.1%,HCL Technologies Ltd.,"21,424","2,95,422",,
CRBN,iShares MSCI ACWI Low Carbon Target ETF,31/07/21,India — 1.1%,HDFC Life Insurance Co. Ltd.,"7,725","69,004",,
CRBN,iShares MSCI ACWI Low Carbon Target ETF,31/07/21,India — 1.1%,Hero MotoCorp Ltd.,"2,060","76,615",,
CRBN,iShares MSCI ACWI Low Carbon Target ETF,31/07/21,India — 1.1%,Hindustan Unilever Ltd.,"14,008","4,40,145",,
CRBN,iShares MSCI ACWI Low Carbon Target ETF,31/07/21,India — 1.1%,Housing Development Finance Corp. Ltd.,"16,892","5,56,078",,
CRBN,iShares MSCI ACWI Low Carbon Target ETF,31/07/21,India — 1.1%,ICICI Bank Ltd.,"36,874","3,39,181",,
CRBN,iShares MSCI ACWI Low Carbon Target ETF,31/07/21,India — 1.1%,"ICICI Bank Ltd., ADR, NVS","17,613","3,27,426",,
CRBN,iShares MSCI ACWI Low Carbon Target ETF,31/07/21,India — 1.1%,Infosys Ltd.,"50,779","11,06,672",,
CRBN,iShares MSCI ACWI Low Carbon Target ETF,31/07/21,India — 1.1%,ITC Ltd.,"80,031","2,20,668",,
CRBN,iShares MSCI ACWI Low Carbon Target ETF,31/07/21,India — 1.1%,Kotak Mahindra Bank Ltd.,"7,430","1,65,652",,
CRBN,iShares MSCI ACWI Low Carbon Target ETF,31/07/21,India — 1.1%,Larsen & Toubro Ltd.,"17,613","3,80,058",,
CRBN,iShares MSCI ACWI Low Carbon Target ETF,31/07/21,India — 1.1%,"Mahindra & Mahindra Ltd., GDR","3,708","36,914",,
CRBN,iShares MSCI ACWI Low Carbon Target ETF,31/07/21,India — 1.1%,Maruti Suzuki India Ltd.,"1,442","1,35,486",,
CRBN,iShares MSCI ACWI Low Carbon Target ETF,31/07/21,India — 1.1%,Nestle India Ltd.,"1,751","4,16,839",,
CRBN,iShares MSCI ACWI Low Carbon Target ETF,31/07/21,India — 1.1%,Petronet LNG Ltd.,"1,89,726","5,56,815",,
CRBN,iShares MSCI ACWI Low Carbon Target ETF,31/07/21,India — 1.1%,REC Ltd.,"50,573","1,02,855",,
CRBN,iShares MSCI ACWI Low Carbon Target ETF,31/07/21,India — 1.1%,Reliance Industries Ltd.,"35,432","9,71,264",,
CRBN,iShares MSCI ACWI Low Carbon Target ETF,31/07/21,India — 1.1%,SBI Life Insurance Co. Ltd.,"7,725","1,14,294",,
CRBN,iShares MSCI ACWI Low Carbon Target ETF,31/07/21,India — 1.1%,Sun Pharmaceutical Industries Ltd.,"15,965","1,66,235",,
CRBN,iShares MSCI ACWI Low Carbon Target ETF,31/07/21,India — 1.1%,Tata Consultancy Services Ltd.,"13,205","5,62,978",,
CRBN,iShares MSCI ACWI Low Carbon Target ETF,31/07/21,India — 1.1%,Tata Motors Ltd.,"64,790","2,56,578",,
CRBN,iShares MSCI ACWI Low Carbon Target ETF,31/07/21,India — 1.1%,Tech Mahindra Ltd.,"10,815","1,76,061",,
CRBN,iShares MSCI ACWI Low Carbon Target ETF,31/07/21,India — 1.1%,Titan Co. Ltd.,"6,283","1,45,025",,
CRBN,iShares MSCI ACWI Low Carbon Target ETF,31/07/21,India — 1.1%,Wipro Ltd.,"7,725","61,056",,
CRBN,iShares MSCI ACWI Low Carbon Target ETF,31/07/21,India — 1.1%,"Wipro Ltd., ADR","21,428","1,78,495","97,14,143",
CRBN,iShares MSCI ACWI Low Carbon Target ETF,31/07/21,Indonesia — 0.2%,Astra International Tbk PT,"7,82,800","2,55,595",,
CRBN,iShares MSCI ACWI Low Carbon Target ETF,31/07/21,Indonesia — 0.2%,Bank Central Asia Tbk PT,"1,44,200","2,97,680",,
CRBN,iShares MSCI ACWI Low Carbon Target ETF,31/07/21,Indonesia — 0.2%,Bank Mandiri Persero Tbk PT,"3,39,900","1,33,929",,
CRBN,iShares MSCI ACWI Low Carbon Target ETF,31/07/21,Indonesia — 0.2%,Bank Rakyat Indonesia Persero Tbk PT,"6,79,800","1,74,400",,
CRBN,iShares MSCI ACWI Low Carbon Target ETF,31/07/21,Indonesia — 0.2%,Charoen Pokphand Indonesia Tbk PT,"2,26,600","96,012",,
CRBN,iShares MSCI ACWI Low Carbon Target ETF,31/07/21,Indonesia — 0.2%,Gudang Garam Tbk PT,"51,500","1,16,924",,
CRBN,iShares MSCI ACWI Low Carbon Target ETF,31/07/21,Indonesia — 0.2%,Merdeka Copper Gold Tbk PT,"12,05,100","2,46,599",,
CRBN,iShares MSCI ACWI Low Carbon Target ETF,31/07/21,Indonesia — 0.2%,Telkom Indonesia Persero Tbk PT,"16,58,300","3,71,723",,
CRBN,iShares MSCI ACWI Low Carbon Target ETF,31/07/21,Indonesia — 0.2%,Unilever Indonesia Tbk PT,"2,57,500","75,212","17,68,074",
CRBN,iShares MSCI ACWI Low Carbon Target ETF,31/07/21,Ireland — 0.5%,"Flutter Entertainment PLC, Class DI","2,693","4,59,086",,
CRBN,iShares MSCI ACWI Low Carbon Target ETF,31/07/21,Ireland — 0.5%,Horizon Therapeutics PLC,"2,678","2,67,854",,
CRBN,iShares MSCI ACWI Low Carbon Target ETF,31/07/21,Ireland — 0.5%,"Kerry Group PLC, Class","2,369","3,51,278",,
CRBN,iShares MSCI ACWI Low Carbon Target ETF,31/07/21,Ireland — 0.5%,Kingspan Group PLC,"2,781","3,02,417",,
CRBN,iShares MSCI ACWI Low Carbon Target ETF,31/07/21,Ireland — 0.5%,Linde PLC,"5,768","17,73,025",,
CRBN,iShares MSCI ACWI Low Carbon Target ETF,31/07/21,Ireland — 0.5%,Seagate Technology Holdings PLC,"2,781","2,44,450",,
CRBN,iShares MSCI ACWI Low Carbon Target ETF,31/07/21,Ireland — 0.5%,STERIS PLC,824,"1,79,591",,
CRBN,iShares MSCI ACWI Low Carbon Target ETF,31/07/21,Ireland — 0.5%,Trane Technologies PLC,"3,914","7,96,929","43,74,630",
CRBN,iShares MSCI ACWI Low Carbon Target ETF,31/07/21,Israel — 0.3%,Azrieli Group Ltd.,"2,781","2,21,491",,
CRBN,iShares MSCI ACWI Low Carbon Target ETF,31/07/21,Israel — 0.3%,Bank Hapoalim BM,"41,227","3,28,081",,
CRBN,iShares MSCI ACWI Low Carbon Target ETF,31/07/21,Israel — 0.3%,Bank Leumi Le-Israel BM,"41,389","3,16,261",,
CRBN,iShares MSCI ACWI Low Carbon Target ETF,31/07/21,Israel — 0.3%,Check Point Software Technologies Ltd.,"2,060","2,61,826",,
CRBN,iShares MSCI ACWI Low Carbon Target ETF,31/07/21,Israel — 0.3%,Elbit Systems Ltd.,"1,751","2,30,581",,
CRBN,iShares MSCI ACWI Low Carbon Target ETF,31/07/21,Israel — 0.3%,"Israel Discount Bank Ltd., Class","52,905","2,47,834",,
CRBN,iShares MSCI ACWI Low Carbon Target ETF,31/07/21,Israel — 0.3%,Mizrahi Tefahot Bank Ltd.,"7,416","2,24,746",,
CRBN,iShares MSCI ACWI Low Carbon Target ETF,31/07/21,Israel — 0.3%,Nice Ltd.,"1,648","4,58,611",,
CRBN,iShares MSCI ACWI Low Carbon Target ETF,31/07/21,Israel — 0.3%,"Teva Pharmaceutical Industries Ltd., ADR","18,952","1,82,887",,
CRBN,iShares MSCI ACWI Low Carbon Target ETF,31/07/21,Israel — 0.3%,Wix.com Ltd.,824,"2,46,079","27,18,397",
CRBN,iShares MSCI ACWI Low Carbon Target ETF,31/07/21,Italy — 0.7%,Assicurazioni Generali SpA,"20,600","4,10,726",,
CRBN,iShares MSCI ACWI Low Carbon Target ETF,31/07/21,Italy — 0.7%,Atlantia SpA,"12,566","2,27,928",,
CRBN,iShares MSCI ACWI Low Carbon Target ETF,31/07/21,Italy — 0.7%,CNH Industrial NV,"19,158","3,19,892",,
CRBN,iShares MSCI ACWI Low Carbon Target ETF,31/07/21,Italy — 0.7%,Ferrari NV,"1,751","3,81,609",,
CRBN,iShares MSCI ACWI Low Carbon Target ETF,31/07/21,Italy — 0.7%,Intesa Sanpaolo SpA,"2,23,098","6,16,318",,
CRBN,iShares MSCI ACWI Low Carbon Target ETF,31/07/21,Italy — 0.7%,Mediobanca Banca di Credito Finanziario SpA,"16,995","1,98,917",,
CRBN,iShares MSCI ACWI Low Carbon Target ETF,31/07/21,Italy — 0.7%,Moncler SpA,"4,429","3,04,196",,
CRBN,iShares MSCI ACWI Low Carbon Target ETF,31/07/21,Italy — 0.7%,Nexi SpA,"13,596","2,91,298",,
CRBN,iShares MSCI ACWI Low Carbon Target ETF,31/07/21,Italy — 0.7%,Poste Italiane SpA,"31,930","4,22,513",,
CRBN,iShares MSCI ACWI Low Carbon Target ETF,31/07/21,Italy — 0.7%,Recordati Industria Chimica e Farmaceutica SpA,"2,472","1,52,897",,
CRBN,iShares MSCI ACWI Low Carbon Target ETF,31/07/21,Italy — 0.7%,Snam SpA,"1,12,579","6,80,971",,
CRBN,iShares MSCI ACWI Low Carbon Target ETF,31/07/21,Italy — 0.7%,Tenaris SA,"76,735","7,81,848",,
CRBN,iShares MSCI ACWI Low Carbon Target ETF,31/07/21,Italy — 0.7%,Terna SPA,"57,783","4,58,589",,
CRBN,iShares MSCI ACWI Low Carbon Target ETF,31/07/21,Italy — 0.7%,UniCredit SpA,"25,750","3,08,005","55,55,707",
CRBN,iShares MSCI ACWI Low Carbon Target ETF,31/07/21,Japan — 5.8%,Asahi Group Holdings Ltd.,"10,300","4,63,444",,
CRBN,iShares MSCI ACWI Low Carbon Target ETF,31/07/21,Japan — 5.8%,Astellas Pharma Inc.,"31,500","5,01,712",,
CRBN,iShares MSCI ACWI Low Carbon Target ETF,31/07/21,Japan — 5.8%,Canon Inc.,"20,600","4,74,378",,
CRBN,iShares MSCI ACWI Low Carbon Target ETF,31/07/21,Japan — 5.8%,Central Japan Railway Co.,"1,900","2,76,383",,
CRBN,iShares MSCI ACWI Low Carbon Target ETF,31/07/21,Japan — 5.8%,Chiba Bank Ltd. (The),"30,900","1,75,780",,
CRBN,iShares MSCI ACWI Low Carbon Target ETF,31/07/21,Japan — 5.8%,Chugai Pharmaceutical Co. Ltd.,"10,300","3,79,560",,
CRBN,iShares MSCI ACWI Low Carbon Target ETF,31/07/21,Japan — 5.8%,Concordia Financial Group Ltd.,"82,400","2,94,974",,
CRBN,iShares MSCI ACWI Low Carbon Target ETF,31/07/21,Japan — 5.8%,Dai-ichi Life Holdings Inc.,"20,600","3,79,144",,
CRBN,iShares MSCI ACWI Low Carbon Target ETF,31/07/21,Japan — 5.8%,Daiichi Sankyo Co. Ltd.,"30,900","6,11,953",,
CRBN,iShares MSCI ACWI Low Carbon Target ETF,31/07/21,Japan — 5.8%,Daikin Industries Ltd.,"2,900","6,05,615",,
CRBN,iShares MSCI ACWI Low Carbon Target ETF,31/07/21,Japan — 5.8%,Daiwa House Industry Co. Ltd.,"20,600","6,31,600",,
CRBN,iShares MSCI ACWI Low Carbon Target ETF,31/07/21,Japan — 5.8%,Daiwa Securities Group Inc.,"61,800","3,24,966",,
CRBN,iShares MSCI ACWI Low Carbon Target ETF,31/07/21,Japan — 5.8%,Denso Corp.,"3,800","2,61,064",,
CRBN,iShares MSCI ACWI Low Carbon Target ETF,31/07/21,Japan — 5.8%,Dentsu Group Inc.,"10,300","3,57,966",,
CRBN,iShares MSCI ACWI Low Carbon Target ETF,31/07/21,Japan — 5.8%,East Japan Railway Co.,"3,200","2,13,192",,
CRBN,iShares MSCI ACWI Low Carbon Target ETF,31/07/21,Japan — 5.8%,Fanuc Corp.,"2,200","4,92,729",,
CRBN,iShares MSCI ACWI Low Carbon Target ETF,31/07/21,Japan — 5.8%,Fast Retailing Co. Ltd.,500,"3,39,101",,
CRBN,iShares MSCI ACWI Low Carbon Target ETF,31/07/21,Japan — 5.8%,Hitachi Ltd.,"10,300","5,92,448",,
CRBN,iShares MSCI ACWI Low Carbon Target ETF,31/07/21,Japan — 5.8%,Honda Motor Co. Ltd.,"20,600","6,61,628",,
CRBN,iShares MSCI ACWI Low Carbon Target ETF,31/07/21,Japan — 5.8%,Hoya Corp.,"10,300","14,54,046",,
CRBN,iShares MSCI ACWI Low Carbon Target ETF,31/07/21,Japan — 5.8%,Hulic Co. Ltd.,"30,900","3,51,541",,
CRBN,iShares MSCI ACWI Low Carbon Target ETF,31/07/21,Japan — 5.8%,Iida Group Holdings Co. Ltd.,"10,300","2,48,546",,
CRBN,iShares MSCI ACWI Low Carbon Target ETF,31/07/21,Japan — 5.8%,Isuzu Motors Ltd.,"20,600","2,74,797",,
CRBN,iShares MSCI ACWI Low Carbon Target ETF,31/07/21,Japan — 5.8%,Itochu Corp.,"19,200","5,68,305",,
CRBN,iShares MSCI ACWI Low Carbon Target ETF,31/07/21,Japan — 5.8%,Japan Post Holdings Co. Ltd.,"41,200","3,49,724",,
CRBN,iShares MSCI ACWI Low Carbon Target ETF,31/07/21,Japan — 5.8%,Japan Tobacco Inc.,"25,700","5,02,186",,
CRBN,iShares MSCI ACWI Low Carbon Target ETF,31/07/21,Japan — 5.8%,Kajima Corp.,"20,600","2,65,179",,
CRBN,iShares MSCI ACWI Low Carbon Target ETF,31/07/21,Japan — 5.8%,Kansai Paint Co. Ltd.,"4,400","1,08,061",,
CRBN,iShares MSCI ACWI Low Carbon Target ETF,31/07/21,Japan — 5.8%,Kao Corp.,"10,300","6,20,177",,
CRBN,iShares MSCI ACWI Low Carbon Target ETF,31/07/21,Japan — 5.8%,KDDI Corp.,"22,600","6,91,189",,
CRBN,iShares MSCI ACWI Low Carbon Target ETF,31/07/21,Japan — 5.8%,Keisei Electric Railway Co. Ltd.,"10,300","3,06,760",,
CRBN,iShares MSCI ACWI Low Carbon Target ETF,31/07/21,Japan — 5.8%,Keyence Corp.,"2,200","12,25,405",,
CRBN,iShares MSCI ACWI Low Carbon Target ETF,31/07/21,Japan — 5.8%,Kirin Holdings Co. Ltd.,"10,300","1,88,395",,
CRBN,iShares MSCI ACWI Low Carbon Target ETF,31/07/21,Japan — 5.8%,Komatsu Ltd.,"10,300","2,58,108",,
CRBN,iShares MSCI ACWI Low Carbon Target ETF,31/07/21,Japan — 5.8%,Kubota Corp.,"10,300","2,15,388",,
CRBN,iShares MSCI ACWI Low Carbon Target ETF,31/07/21,Japan — 5.8%,Kyocera Corp.,"3,100","1,91,555",,
CRBN,iShares MSCI ACWI Low Carbon Target ETF,31/07/21,Japan — 5.8%,M3 Inc.,"10,300","6,73,689",,
CRBN,iShares MSCI ACWI Low Carbon Target ETF,31/07/21,Japan — 5.8%,Marubeni Corp.,"61,800","5,26,005",,
CRBN,iShares MSCI ACWI Low Carbon Target ETF,31/07/21,Japan — 5.8%,Medipal Holdings Corp.,"20,600","3,87,964",,
CRBN,iShares MSCI ACWI Low Carbon Target ETF,31/07/21,Japan — 5.8%,Mitsubishi Electric Corp.,"30,900","4,19,228",,
CRBN,iShares MSCI ACWI Low Carbon Target ETF,31/07/21,Japan — 5.8%,Mitsubishi Estate Co. Ltd.,"20,600","3,23,150",,
CRBN,iShares MSCI ACWI Low Carbon Target ETF,31/07/21,Japan — 5.8%,Mitsubishi HC Capital Inc.,"30,900","1,68,539",,
CRBN,iShares MSCI ACWI Low Carbon Target ETF,31/07/21,Japan — 5.8%,Mitsubishi Heavy Industries Ltd.,"10,300","2,97,600",,
CRBN,iShares MSCI ACWI Low Carbon Target ETF,31/07/21,Japan — 5.8%,Mitsubishi UFJ Financial Group Inc.,"1,85,400","9,79,408",,
CRBN,iShares MSCI ACWI Low Carbon Target ETF,31/07/21,Japan — 5.8%,Mitsui & Co. Ltd.,"72,100","16,54,869",,
CRBN,iShares MSCI ACWI Low Carbon Target ETF,31/07/21,Japan — 5.8%,Mitsui Fudosan Co. Ltd.,"10,300","2,40,889",,
CRBN,iShares MSCI ACWI Low Carbon Target ETF,31/07/21,Japan — 5.8%,Mizuho Financial Group Inc.,"41,200","5,88,732",,
CRBN,iShares MSCI ACWI Low Carbon Target ETF,31/07/21,Japan — 5.8%,MS&AD Insurance Group Holdings Inc.,"10,300","3,18,384",,
CRBN,iShares MSCI ACWI Low Carbon Target ETF,31/07/21,Japan — 5.8%,Murata Manufacturing Co. Ltd.,"10,300","8,54,753",,
CRBN,iShares MSCI ACWI Low Carbon Target ETF,31/07/21,Japan — 5.8%,Nexon Co. Ltd.,"10,300","2,11,934",,
CRBN,iShares MSCI ACWI Low Carbon Target ETF,31/07/21,Japan — 5.8%,Nidec Corp.,"10,300","11,56,108",,
CRBN,iShares MSCI ACWI Low Carbon Target ETF,31/07/21,Japan — 5.8%,Nintendo Co. Ltd.,"1,200","6,16,924",,
CRBN,iShares MSCI ACWI Low Carbon Target ETF,31/07/21,Japan — 5.8%,Nippon Paint Holdings Co. Ltd.,"12,900","1,64,658",,
CRBN,iShares MSCI ACWI Low Carbon Target ETF,31/07/21,Japan — 5.8%,Nippon Telegraph & Telephone Corp.,"20,600","5,27,527",,
CRBN,iShares MSCI ACWI Low Carbon Target ETF,31/07/21,Japan — 5.8%,Nomura Holdings Inc.,"61,800","3,09,469",,
CRBN,iShares MSCI ACWI Low Carbon Target ETF,31/07/21,Japan — 5.8%,NTT Data Corp.,"20,600","3,19,084",,
CRBN,iShares MSCI ACWI Low Carbon Target ETF,31/07/21,Japan — 5.8%,Obayashi Corp.,"30,900","2,52,677",,
CRBN,iShares MSCI ACWI Low Carbon Target ETF,31/07/21,Japan — 5.8%,Olympus Corp.,"20,600","4,23,935",,
CRBN,iShares MSCI ACWI Low Carbon Target ETF,31/07/21,Japan — 5.8%,Omron Corp.,"2,100","1,79,708",,
CRBN,iShares MSCI ACWI Low Carbon Target ETF,31/07/21,Japan — 5.8%,Oriental Land Co. Ltd.,"2,200","3,01,401",,
CRBN,iShares MSCI ACWI Low Carbon Target ETF,31/07/21,Japan — 5.8%,ORIX Corp.,"10,300","1,80,203",,
CRBN,iShares MSCI ACWI Low Carbon Target ETF,31/07/21,Japan — 5.8%,Otsuka Holdings Co. Ltd.,"10,300","4,09,415",,
CRBN,iShares MSCI ACWI Low Carbon Target ETF,31/07/21,Japan — 5.8%,Panasonic Corp.,"30,900","3,73,119",,
CRBN,iShares MSCI ACWI Low Carbon Target ETF,31/07/21,Japan — 5.8%,Rakuten Group Inc.,"30,900","3,40,025",,
CRBN,iShares MSCI ACWI Low Carbon Target ETF,31/07/21,Japan — 5.8%,Recruit Holdings Co. Ltd.,"20,600","10,67,711",,
CRBN,iShares MSCI ACWI Low Carbon Target ETF,31/07/21,Japan — 5.8%,Renesas Electronics Corp.,"30,900","3,35,377",,
CRBN,iShares MSCI ACWI Low Carbon Target ETF,31/07/21,Japan — 5.8%,Resona Holdings Inc.,"82,400","3,09,386",,
CRBN,iShares MSCI ACWI Low Carbon Target ETF,31/07/21,Japan — 5.8%,Ricoh Co. Ltd.,"25,300","2,76,449",,
CRBN,iShares MSCI ACWI Low Carbon Target ETF,31/07/21,Japan — 5.8%,Santen Pharmaceutical Co. Ltd.,"20,600","2,79,127",,
CRBN,iShares MSCI ACWI Low Carbon Target ETF,31/07/21,Japan — 5.8%,SBI Holdings Inc.,"10,300","2,46,561",,
CRBN,iShares MSCI ACWI Low Carbon Target ETF,31/07/21,Japan — 5.8%,Secom Co. Ltd.,"2,800","2,11,934",,
CRBN,iShares MSCI ACWI Low Carbon Target ETF,31/07/21,Japan — 5.8%,Sekisui House Ltd.,"10,300","2,03,997",,
CRBN,iShares MSCI ACWI Low Carbon Target ETF,31/07/21,Japan — 5.8%,Seven & i Holdings Co. Ltd.,"10,300","4,59,590",,
CRBN,iShares MSCI ACWI Low Carbon Target ETF,31/07/21,Japan — 5.8%,Shimizu Corp.,"41,200","3,03,419",,
CRBN,iShares MSCI ACWI Low Carbon Target ETF,31/07/21,Japan — 5.8%,Shin-Etsu Chemical Co. Ltd.,"6,700","10,92,965",,
CRBN,iShares MSCI ACWI Low Carbon Target ETF,31/07/21,Japan — 5.8%,Shiseido Co. Ltd.,"10,300","6,88,407",,
CRBN,iShares MSCI ACWI Low Carbon Target ETF,31/07/21,Japan — 5.8%,Shizuoka Bank Ltd. (The),"20,600","1,48,766",,
CRBN,iShares MSCI ACWI Low Carbon Target ETF,31/07/21,Japan — 5.8%,SMC Corp.,600,"3,56,684",,
CRBN,iShares MSCI ACWI Low Carbon Target ETF,31/07/21,Japan — 5.8%,Softbank Corp.,"30,900","4,03,591",,
CRBN,iShares MSCI ACWI Low Carbon Target ETF,31/07/21,Japan — 5.8%,SoftBank Group Corp.,"20,600","12,95,444",,
CRBN,iShares MSCI ACWI Low Carbon Target ETF,31/07/21,Japan — 5.8%,Sony Group Corp.,"20,600","21,52,009",,
CRBN,iShares MSCI ACWI Low Carbon Target ETF,31/07/21,Japan — 5.8%,Subaru Corp.,"13,300","2,61,305",,
CRBN,iShares MSCI ACWI Low Carbon Target ETF,31/07/21,Japan — 5.8%,Sumitomo Corp.,"20,600","2,79,952",,
CRBN,iShares MSCI ACWI Low Carbon Target ETF,31/07/21,Japan — 5.8%,Sumitomo Mitsui Financial Group Inc.,"20,600","6,94,407",,
CRBN,iShares MSCI ACWI Low Carbon Target ETF,31/07/21,Japan — 5.8%,Sumitomo Mitsui Trust Holdings Inc.,"10,300","3,38,106",,
CRBN,iShares MSCI ACWI Low Carbon Target ETF,31/07/21,Japan — 5.8%,Sumitomo Realty & Development Co. Ltd.,"10,300","3,35,710",,
CRBN,iShares MSCI ACWI Low Carbon Target ETF,31/07/21,Japan — 5.8%,T&D Holdings Inc.,"20,600","2,63,572",,
CRBN,iShares MSCI ACWI Low Carbon Target ETF,31/07/21,Japan — 5.8%,Taisei Corp.,"10,300","3,47,124",,
CRBN,iShares MSCI ACWI Low Carbon Target ETF,31/07/21,Japan — 5.8%,Takeda Pharmaceutical Co. Ltd.,"23,375","7,78,072",,
CRBN,iShares MSCI ACWI Low Carbon Target ETF,31/07/21,Japan — 5.8%,Terumo Corp.,"10,300","3,99,751",,
CRBN,iShares MSCI ACWI Low Carbon Target ETF,31/07/21,Japan — 5.8%,Tokio Marine Holdings Inc.,"10,300","4,90,909",,
CRBN,iShares MSCI ACWI Low Carbon Target ETF,31/07/21,Japan — 5.8%,Tokyo Electron Ltd.,"1,900","7,83,608",,
CRBN,iShares MSCI ACWI Low Carbon Target ETF,31/07/21,Japan — 5.8%,Toshiba Corp.,"10,300","4,43,327",,
CRBN,iShares MSCI ACWI Low Carbon Target ETF,31/07/21,Japan — 5.8%,Toyota Industries Corp.,"10,300","8,64,016",,
CRBN,iShares MSCI ACWI Low Carbon Target ETF,31/07/21,Japan — 5.8%,Toyota Motor Corp.,"30,900","27,74,062",,
CRBN,iShares MSCI ACWI Low Carbon Target ETF,31/07/21,Japan — 5.8%,Toyota Tsusho Corp.,"10,300","4,86,313",,
CRBN,iShares MSCI ACWI Low Carbon Target ETF,31/07/21,Japan — 5.8%,Unicharm Corp.,"10,300","4,13,414",,
CRBN,iShares MSCI ACWI Low Carbon Target ETF,31/07/21,Japan — 5.8%,Yaskawa Electric Corp.,"10,300","5,10,022",,
CRBN,iShares MSCI ACWI Low Carbon Target ETF,31/07/21,Japan — 5.8%,Yokogawa Electric Corp.,"10,300","1,58,457",,
CRBN,iShares MSCI ACWI Low Carbon Target ETF,31/07/21,Japan — 5.8%,Z Holdings Corp.,"51,500","2,57,767","4,97,67,707",
CRBN,iShares MSCI ACWI Low Carbon Target ETF,31/07/21,Kuwait — 0.1%,Agility Public Warehousing Co. KSC,"41,097","1,34,870",,
CRBN,iShares MSCI ACWI Low Carbon Target ETF,31/07/21,Kuwait — 0.1%,Kuwait Finance House KSCP,"61,922","1,61,787",,
CRBN,iShares MSCI ACWI Low Carbon Target ETF,31/07/21,Kuwait — 0.1%,Mobile Telecommunications Co. KSCP,"1,98,527","3,90,512",,
CRBN,iShares MSCI ACWI Low Carbon Target ETF,31/07/21,Kuwait — 0.1%,National Bank Kuwait SAKP,"63,723","1,89,610","8,76,779",
CRBN,iShares MSCI ACWI Low Carbon Target ETF,31/07/21,Malaysia — 0.2%,Dialog Group Bhd,"7,82,800","5,10,071",,
CRBN,iShares MSCI ACWI Low Carbon Target ETF,31/07/21,Malaysia — 0.2%,Malayan Banking Bhd,"72,100","1,36,853",,
CRBN,iShares MSCI ACWI Low Carbon Target ETF,31/07/21,Malaysia — 0.2%,Petronas Dagangan Bhd,"82,400","3,59,232",,
CRBN,iShares MSCI ACWI Low Carbon Target ETF,31/07/21,Malaysia — 0.2%,PPB Group Bhd,"31,020","1,33,048",,
CRBN,iShares MSCI ACWI Low Carbon Target ETF,31/07/21,Malaysia — 0.2%,Public Bank Bhd,"1,49,900","1,41,375","12,80,579",
CRBN,iShares MSCI ACWI Low Carbon Target ETF,31/07/21,Mexico — 0.2%,"America Movil SAB de CV, Series L, NVS","2,67,801","2,24,398",,
CRBN,iShares MSCI ACWI Low Carbon Target ETF,31/07/21,Mexico — 0.2%,Coca-Cola Femsa SAB de CV,"20,600","1,16,783",,
CRBN,iShares MSCI ACWI Low Carbon Target ETF,31/07/21,Mexico — 0.2%,Fibra Uno Administracion SA de CV,"1,95,700","2,13,334",,
CRBN,iShares MSCI ACWI Low Carbon Target ETF,31/07/21,Mexico — 0.2%,Fomento Economico Mexicano SAB de CV,"20,600","1,79,733",,
CRBN,iShares MSCI ACWI Low Carbon Target ETF,31/07/21,Mexico — 0.2%,"Grupo Aeroportuario del Pacifico SAB de CV, Class","10,300","1,18,470",,
CRBN,iShares MSCI ACWI Low Carbon Target ETF,31/07/21,Mexico — 0.2%,"Grupo Financiero Banorte SAB de CV, Class O","41,401","2,68,398",,
CRBN,iShares MSCI ACWI Low Carbon Target ETF,31/07/21,Mexico — 0.2%,"Grupo Mexico SAB de CV, Series","51,500","2,35,972",,
CRBN,iShares MSCI ACWI Low Carbon Target ETF,31/07/21,Mexico — 0.2%,Promotora y Operadora de Infraestructura SAB de CV,"8,265","62,337",,
CRBN,iShares MSCI ACWI Low Carbon Target ETF,31/07/21,Mexico — 0.2%,Wal-Mart de Mexico SAB de CV,"82,400","2,71,628","16,91,053",
CRBN,iShares MSCI ACWI Low Carbon Target ETF,31/07/21,Netherlands — 1.4%,Adyen NV,309,"8,37,405",,
CRBN,iShares MSCI ACWI Low Carbon Target ETF,31/07/21,Netherlands — 1.4%,Aegon NV,"42,539","1,81,114",,
CRBN,iShares MSCI ACWI Low Carbon Target ETF,31/07/21,Netherlands — 1.4%,Akzo Nobel NV,"2,987","3,68,976",,
CRBN,iShares MSCI ACWI Low Carbon Target ETF,31/07/21,Netherlands — 1.4%,Argenx SE,824,"2,51,630",,
CRBN,iShares MSCI ACWI Low Carbon Target ETF,31/07/21,Netherlands — 1.4%,ASML Holding NV,"5,459","41,72,771",,
CRBN,iShares MSCI ACWI Low Carbon Target ETF,31/07/21,Netherlands — 1.4%,Davide Campari-Milano NV,"24,720","3,47,527",,
CRBN,iShares MSCI ACWI Low Carbon Target ETF,31/07/21,Netherlands — 1.4%,Heineken NV,"3,605","4,19,808",,
CRBN,iShares MSCI ACWI Low Carbon Target ETF,31/07/21,Netherlands — 1.4%,ING Groep NV,"51,912","6,66,067",,
CRBN,iShares MSCI ACWI Low Carbon Target ETF,31/07/21,Netherlands — 1.4%,Just Eat Takeaway.com NV,"1,442","1,28,051",,
CRBN,iShares MSCI ACWI Low Carbon Target ETF,31/07/21,Netherlands — 1.4%,Koninklijke Ahold Delhaize NV,"8,034","2,49,736",,
CRBN,iShares MSCI ACWI Low Carbon Target ETF,31/07/21,Netherlands — 1.4%,Koninklijke DSM NV,"3,090","6,22,886",,
CRBN,iShares MSCI ACWI Low Carbon Target ETF,31/07/21,Netherlands — 1.4%,Koninklijke Philips NV,"11,656","5,37,452",,
CRBN,iShares MSCI ACWI Low Carbon Target ETF,31/07/21,Netherlands — 1.4%,Koninklijke Vopak NV,"4,326","1,83,174",,
CRBN,iShares MSCI ACWI Low Carbon Target ETF,31/07/21,Netherlands — 1.4%,NN Group NV,"4,429","2,20,194",,
CRBN,iShares MSCI ACWI Low Carbon Target ETF,31/07/21,Netherlands — 1.4%,NXP Semiconductors NV,"4,496","9,27,929",,
CRBN,iShares MSCI ACWI Low Carbon Target ETF,31/07/21,Netherlands — 1.4%,Prosus NV,"6,180","5,51,370",,
CRBN,iShares MSCI ACWI Low Carbon Target ETF,31/07/21,Netherlands — 1.4%,Randstad NV,"2,781","2,01,763",,
CRBN,iShares MSCI ACWI Low Carbon Target ETF,31/07/21,Netherlands — 1.4%,Stellantis NV,"25,474","4,88,502",,
CRBN,iShares MSCI ACWI Low Carbon Target ETF,31/07/21,Netherlands — 1.4%,Wolters Kluwer NV,"3,708","4,22,724","1,17,79,079",
CRBN,iShares MSCI ACWI Low Carbon Target ETF,31/07/21,New Zealand — 0.1%,Fisher & Paykel Healthcare Corp. Ltd.,"5,356","1,17,896",,
CRBN,iShares MSCI ACWI Low Carbon Target ETF,31/07/21,New Zealand — 0.1%,Meridian Energy Ltd.,"76,220","2,77,128",,
CRBN,iShares MSCI ACWI Low Carbon Target ETF,31/07/21,New Zealand — 0.1%,Xero Ltd.,"3,296","3,41,967","7,36,991",
CRBN,iShares MSCI ACWI Low Carbon Target ETF,31/07/21,Norway — 0.3%,Adevinta ASA,"11,124","2,13,886",,
CRBN,iShares MSCI ACWI Low Carbon Target ETF,31/07/21,Norway — 0.3%,DNB Bank ASA,"32,224","6,60,364",,
CRBN,iShares MSCI ACWI Low Carbon Target ETF,31/07/21,Norway — 0.3%,Gjensidige Forsikring ASA,"19,673","4,50,179",,
CRBN,iShares MSCI ACWI Low Carbon Target ETF,31/07/21,Norway — 0.3%,Mowi ASA,"17,248","4,39,475",,
CRBN,iShares MSCI ACWI Low Carbon Target ETF,31/07/21,Norway — 0.3%,Orkla ASA,"39,874","3,62,152",,
CRBN,iShares MSCI ACWI Low Carbon Target ETF,31/07/21,Norway — 0.3%,"Schibsted ASA, Class",953,"50,512",,
CRBN,iShares MSCI ACWI Low Carbon Target ETF,31/07/21,Norway — 0.3%,"Schibsted ASA, Class","3,605","1,66,647",,
CRBN,iShares MSCI ACWI Low Carbon Target ETF,31/07/21,Norway — 0.3%,Telenor ASA,"34,711","6,02,657","29,45,872",
CRBN,iShares MSCI ACWI Low Carbon Target ETF,31/07/21,Peru — 0.1%,Southern Copper Corp.,"8,034","5,27,352","5,27,352",
CRBN,iShares MSCI ACWI Low Carbon Target ETF,31/07/21,Philippines — 0.1%,Ayala Land Inc.,"2,16,300","1,41,502",,
CRBN,iShares MSCI ACWI Low Carbon Target ETF,31/07/21,Philippines — 0.1%,BDO Unibank Inc.,"49,460","1,00,929",,
CRBN,iShares MSCI ACWI Low Carbon Target ETF,31/07/21,Philippines — 0.1%,International Container Terminal Services Inc.,"48,540","1,51,005",,
CRBN,iShares MSCI ACWI Low Carbon Target ETF,31/07/21,Philippines — 0.1%,SM Prime Holdings Inc.,"2,36,900","1,49,200","5,42,636",
CRBN,iShares MSCI ACWI Low Carbon Target ETF,31/07/21,Poland — 0.1%,Bank Polska Kasa Opieki SA,"6,180","1,50,936",,
CRBN,iShares MSCI ACWI Low Carbon Target ETF,31/07/21,Poland — 0.1%,Powszechna Kasa Oszczednosci Bank Polski SA,"33,578","3,29,821",,
CRBN,iShares MSCI ACWI Low Carbon Target ETF,31/07/21,Poland — 0.1%,Powszechny Zaklad Ubezpieczen SA,"14,626","1,42,631","6,23,388",
CRBN,iShares MSCI ACWI Low Carbon Target ETF,31/07/21,Portugal — 0.0%,Jeronimo Martins SGPS SA,"13,493","2,74,904","2,74,904",
CRBN,iShares MSCI ACWI Low Carbon Target ETF,31/07/21,Qatar — 0.1%,Barwa Real Estate Co.,"3,63,590","2,99,441",,
CRBN,iShares MSCI ACWI Low Carbon Target ETF,31/07/21,Qatar — 0.1%,Industries Qatar QSC,"50,985","1,83,389",,
CRBN,iShares MSCI ACWI Low Carbon Target ETF,31/07/21,Qatar — 0.1%,Mesaieed Petrochemical Holding Co.,"4,29,613","2,21,483",,
CRBN,iShares MSCI ACWI Low Carbon Target ETF,31/07/21,Qatar — 0.1%,Qatar National Bank QPSC,"12,669","62,125","7,66,438",
CRBN,iShares MSCI ACWI Low Carbon Target ETF,31/07/21,Russia — 0.4%,Alrosa PJSC,"1,22,910","2,17,698",,
CRBN,iShares MSCI ACWI Low Carbon Target ETF,31/07/21,Russia — 0.4%,"Magnit PJSC, GDR","9,108","1,33,113",,
CRBN,iShares MSCI ACWI Low Carbon Target ETF,31/07/21,Russia — 0.4%,"Mobile TeleSystems PJSC, ADR","44,084","3,78,682",,
CRBN,iShares MSCI ACWI Low Carbon Target ETF,31/07/21,Russia — 0.4%,Moscow Exchange MICEX-RTS PJSC,"1,17,110","2,77,220",,
CRBN,iShares MSCI ACWI Low Carbon Target ETF,31/07/21,Russia — 0.4%,"Ozon Holdings PLC, ADR","3,502","1,82,370",,
CRBN,iShares MSCI ACWI Low Carbon Target ETF,31/07/21,Russia — 0.4%,Polymetal International PLC,"8,463","1,84,443",,
CRBN,iShares MSCI ACWI Low Carbon Target ETF,31/07/21,Russia — 0.4%,Polyus PJSC,869,"1,66,555",,
CRBN,iShares MSCI ACWI Low Carbon Target ETF,31/07/21,Russia — 0.4%,Sberbank Russia PJSC,"2,11,750","8,85,279",,
CRBN,iShares MSCI ACWI Low Carbon Target ETF,31/07/21,Russia — 0.4%,"TCS Group Holding PLC, Class, GDR","2,781","2,31,877",,
CRBN,iShares MSCI ACWI Low Carbon Target ETF,31/07/21,Russia — 0.4%,VTB Bank PJSC,"2,24,90,000","14,973",,
CRBN,iShares MSCI ACWI Low Carbon Target ETF,31/07/21,Russia — 0.4%,"Yandex NV, Class","6,884","4,68,006","31,40,216",
CRBN,iShares MSCI ACWI Low Carbon Target ETF,31/07/21,Saudi Arabia — 0.5%,Abdullah Al Othaim Markets Co.,"3,399","1,06,954",,
CRBN,iShares MSCI ACWI Low Carbon Target ETF,31/07/21,Saudi Arabia — 0.5%,Al Rajhi Bank,"19,642","5,81,113",,
CRBN,iShares MSCI ACWI Low Carbon Target ETF,31/07/21,Saudi Arabia — 0.5%,Arab National Bank,"23,690","1,42,125",,
CRBN,iShares MSCI ACWI Low Carbon Target ETF,31/07/21,Saudi Arabia — 0.5%,Bank Al-Jazira,"7,725","39,852",,
CRBN,iShares MSCI ACWI Low Carbon Target ETF,31/07/21,Saudi Arabia — 0.5%,Banque Saudi Fransi,"15,450","1,52,218",,
CRBN,iShares MSCI ACWI Low Carbon Target ETF,31/07/21,Saudi Arabia — 0.5%,Dar Al Arkan Real Estate Development Co.,"38,419","1,07,855",,
CRBN,iShares MSCI ACWI Low Carbon Target ETF,31/07/21,Saudi Arabia — 0.5%,Emaar Economic City,"68,083","2,46,423",,
CRBN,iShares MSCI ACWI Low Carbon Target ETF,31/07/21,Saudi Arabia — 0.5%,Etihad Etisalat Co.,"12,772","1,09,696",,
CRBN,iShares MSCI ACWI Low Carbon Target ETF,31/07/21,Saudi Arabia — 0.5%,National Petrochemical Co.,"33,641","4,15,746",,
CRBN,iShares MSCI ACWI Low Carbon Target ETF,31/07/21,Saudi Arabia — 0.5%,Riyad Bank,"28,531","1,99,315",,
CRBN,iShares MSCI ACWI Low Carbon Target ETF,31/07/21,Saudi Arabia — 0.5%,SABIC Agri-Nutrients Co.,"10,815","3,69,655",,
CRBN,iShares MSCI ACWI Low Carbon Target ETF,31/07/21,Saudi Arabia — 0.5%,Saudi British Bank (The),"23,175","1,90,324",,
CRBN,iShares MSCI ACWI Low Carbon Target ETF,31/07/21,Saudi Arabia — 0.5%,Saudi National Bank (The),"52,032","7,63,055",,
CRBN,iShares MSCI ACWI Low Carbon Target ETF,31/07/21,Saudi Arabia — 0.5%,Saudi Telecom Co.,"12,772","4,55,935",,
CRBN,iShares MSCI ACWI Low Carbon Target ETF,31/07/21,Saudi Arabia — 0.5%,Yanbu National Petrochemical Co.,"13,493","2,45,771","41,26,037",
CRBN,iShares MSCI ACWI Low Carbon Target ETF,31/07/21,Singapore — 0.2%,Ascendas REIT,"57,902","1,33,247",,
CRBN,iShares MSCI ACWI Low Carbon Target ETF,31/07/21,Singapore — 0.2%,City Developments Ltd.,"61,800","3,11,750",,
CRBN,iShares MSCI ACWI Low Carbon Target ETF,31/07/21,Singapore — 0.2%,DBS Group Holdings Ltd.,"20,600","4,60,953",,
CRBN,iShares MSCI ACWI Low Carbon Target ETF,31/07/21,Singapore — 0.2%,Genting Singapore Ltd.,"2,16,300","1,29,066",,
CRBN,iShares MSCI ACWI Low Carbon Target ETF,31/07/21,Singapore — 0.2%,Oversea-Chinese Banking Corp. Ltd.,"34,800","3,14,844",,
CRBN,iShares MSCI ACWI Low Carbon Target ETF,31/07/21,Singapore — 0.2%,Singapore Telecommunications Ltd.,"2,54,800","4,27,067",,
CRBN,iShares MSCI ACWI Low Carbon Target ETF,31/07/21,Singapore — 0.2%,United Overseas Bank Ltd.,"5,100","98,601",,
CRBN,iShares MSCI ACWI Low Carbon Target ETF,31/07/21,Singapore — 0.2%,UOL Group Ltd.,"30,900","1,66,074","20,41,602",
CRBN,iShares MSCI ACWI Low Carbon Target ETF,31/07/21,South Africa — 0.4%,Discovery Ltd.,"15,450","1,24,011",,
CRBN,iShares MSCI ACWI Low Carbon Target ETF,31/07/21,South Africa — 0.4%,FirstRand Ltd.,"70,761","2,62,542",,
CRBN,iShares MSCI ACWI Low Carbon Target ETF,31/07/21,South Africa — 0.4%,Gold Fields Ltd.,"16,995","1,67,838",,
CRBN,iShares MSCI ACWI Low Carbon Target ETF,31/07/21,South Africa — 0.4%,Growthpoint Properties Ltd.,"2,06,000","2,07,388",,
CRBN,iShares MSCI ACWI Low Carbon Target ETF,31/07/21,South Africa — 0.4%,Impala Platinum Holdings Ltd.,"11,227","2,02,383",,
CRBN,iShares MSCI ACWI Low Carbon Target ETF,31/07/21,South Africa — 0.4%,Kumba Iron Ore Ltd.,"4,944","2,62,300",,
CRBN,iShares MSCI ACWI Low Carbon Target ETF,31/07/21,South Africa — 0.4%,MTN Group Ltd.,"25,235","1,81,256",,
CRBN,iShares MSCI ACWI Low Carbon Target ETF,31/07/21,South Africa — 0.4%,"Naspers Ltd., Class N","5,871","11,32,987",,
CRBN,iShares MSCI ACWI Low Carbon Target ETF,31/07/21,South Africa — 0.4%,Nedbank Group Ltd.,"9,600","1,10,992",,
CRBN,iShares MSCI ACWI Low Carbon Target ETF,31/07/21,South Africa — 0.4%,NEPI Rockcastle PLC,"27,090","1,83,235",,
CRBN,iShares MSCI ACWI Low Carbon Target ETF,31/07/21,South Africa — 0.4%,Northam Platinum Ltd.,"29,705","4,67,771",,
CRBN,iShares MSCI ACWI Low Carbon Target ETF,31/07/21,South Africa — 0.4%,Old Mutual Ltd.,"1,26,896","1,11,901",,
CRBN,iShares MSCI ACWI Low Carbon Target ETF,31/07/21,South Africa — 0.4%,Reinet SCA,"6,386","1,24,558",,
CRBN,iShares MSCI ACWI Low Carbon Target ETF,31/07/21,South Africa — 0.4%,Sanlam Ltd.,"20,394","80,567",,
CRBN,iShares MSCI ACWI Low Carbon Target ETF,31/07/21,South Africa — 0.4%,Standard Bank Group Ltd.,"14,111","1,18,929","37,38,658",
CRBN,iShares MSCI ACWI Low Carbon Target ETF,31/07/21,South Korea — 1.6%,Amorepacific Corp.,"1,133","2,18,413",,
CRBN,iShares MSCI ACWI Low Carbon Target ETF,31/07/21,South Korea — 1.6%,Celltrion Healthcare Co. Ltd.,"1,779","1,66,489",,
CRBN,iShares MSCI ACWI Low Carbon Target ETF,31/07/21,South Korea — 1.6%,Celltrion Inc.,"1,402","3,09,500",,
CRBN,iShares MSCI ACWI Low Carbon Target ETF,31/07/21,South Korea — 1.6%,CJ ENM Co. Ltd.,"1,236","1,75,541",,
CRBN,iShares MSCI ACWI Low Carbon Target ETF,31/07/21,South Korea — 1.6%,Coway Co. Ltd.,"1,545","1,15,074",,
CRBN,iShares MSCI ACWI Low Carbon Target ETF,31/07/21,South Korea — 1.6%,GS Engineering & Construction Corp.,"5,253","2,01,475",,
CRBN,iShares MSCI ACWI Low Carbon Target ETF,31/07/21,South Korea — 1.6%,Hana Financial Group Inc.,"4,968","1,87,436",,
CRBN,iShares MSCI ACWI Low Carbon Target ETF,31/07/21,South Korea — 1.6%,HLB Inc.,"2,554","80,184",,
CRBN,iShares MSCI ACWI Low Carbon Target ETF,31/07/21,South Korea — 1.6%,Hotel Shilla Co. Ltd.,"1,339","1,08,974",,
CRBN,iShares MSCI ACWI Low Carbon Target ETF,31/07/21,South Korea — 1.6%,Hyundai Heavy Industries Holdings Co. Ltd.,"4,223","2,51,865",,
CRBN,iShares MSCI ACWI Low Carbon Target ETF,31/07/21,South Korea — 1.6%,Hyundai Mobis Co. Ltd.,"1,236","2,87,166",,
CRBN,iShares MSCI ACWI Low Carbon Target ETF,31/07/21,South Korea — 1.6%,Hyundai Motor Co.,"2,266","4,31,254",,
CRBN,iShares MSCI ACWI Low Carbon Target ETF,31/07/21,South Korea — 1.6%,Industrial Bank Korea,"14,214","1,27,176",,
CRBN,iShares MSCI ACWI Low Carbon Target ETF,31/07/21,South Korea — 1.6%,Kakao Corp.,"4,223","5,40,607",,
CRBN,iShares MSCI ACWI Low Carbon Target ETF,31/07/21,South Korea — 1.6%,Kangwon Land Inc.,"7,725","1,73,718",,
CRBN,iShares MSCI ACWI Low Carbon Target ETF,31/07/21,South Korea — 1.6%,KB Financial Group Inc.,"5,266","2,33,894",,
CRBN,iShares MSCI ACWI Low Carbon Target ETF,31/07/21,South Korea — 1.6%,Kia Corp.,"4,017","2,93,364",,
CRBN,iShares MSCI ACWI Low Carbon Target ETF,31/07/21,South Korea — 1.6%,Korea Aerospace Industries Ltd.,"3,456","97,529",,
CRBN,iShares MSCI ACWI Low Carbon Target ETF,31/07/21,South Korea — 1.6%,KT&G Corp.,"5,150","3,68,687",,
CRBN,iShares MSCI ACWI Low Carbon Target ETF,31/07/21,South Korea — 1.6%,LG Chem Ltd.,382,"2,80,580",,
CRBN,iShares MSCI ACWI Low Carbon Target ETF,31/07/21,South Korea — 1.6%,LG Electronics Inc.,"1,957","2,68,068",,
CRBN,iShares MSCI ACWI Low Carbon Target ETF,31/07/21,South Korea — 1.6%,LG Household & Health Care Ltd.,206,"2,61,295",,
CRBN,iShares MSCI ACWI Low Carbon Target ETF,31/07/21,South Korea — 1.6%,NAVER Corp.,"1,689","6,36,586",,
CRBN,iShares MSCI ACWI Low Carbon Target ETF,31/07/21,South Korea — 1.6%,NCSoft Corp.,414,"2,96,931",,
CRBN,iShares MSCI ACWI Low Carbon Target ETF,31/07/21,South Korea — 1.6%,Samsung Biologics Co. Ltd.,412,"3,18,751",,
CRBN,iShares MSCI ACWI Low Carbon Target ETF,31/07/21,South Korea — 1.6%,Samsung C&T Corp.,"1,957","2,41,074",,
CRBN,iShares MSCI ACWI Low Carbon Target ETF,31/07/21,South Korea — 1.6%,Samsung Electronics Co. Ltd.,"65,204","44,55,806",,
CRBN,iShares MSCI ACWI Low Carbon Target ETF,31/07/21,South Korea — 1.6%,Samsung Engineering Co. Ltd.,"9,682","1,96,824",,
CRBN,iShares MSCI ACWI Low Carbon Target ETF,31/07/21,South Korea — 1.6%,Samsung Fire & Marine Insurance Co. Ltd.,824,"1,53,716",,
CRBN,iShares MSCI ACWI Low Carbon Target ETF,31/07/21,South Korea — 1.6%,Samsung Life Insurance Co. Ltd.,"3,811","2,50,063",,
CRBN,iShares MSCI ACWI Low Carbon Target ETF,31/07/21,South Korea — 1.6%,Samsung SDI Co. Ltd.,824,"5,31,924",,
CRBN,iShares MSCI ACWI Low Carbon Target ETF,31/07/21,South Korea — 1.6%,Samsung SDS Co. Ltd.,"1,133","1,80,006",,
CRBN,iShares MSCI ACWI Low Carbon Target ETF,31/07/21,South Korea — 1.6%,Shinhan Financial Group Co. Ltd.,"6,493","2,20,068",,
CRBN,iShares MSCI ACWI Low Carbon Target ETF,31/07/21,South Korea — 1.6%,SK Hynix Inc.,"7,725","7,56,249",,
CRBN,iShares MSCI ACWI Low Carbon Target ETF,31/07/21,South Korea — 1.6%,SK Inc.,"1,648","3,84,614",,
CRBN,iShares MSCI ACWI Low Carbon Target ETF,31/07/21,South Korea — 1.6%,SK Telecom Co. Ltd.,866,"2,26,835","1,40,27,736",
CRBN,iShares MSCI ACWI Low Carbon Target ETF,31/07/21,Spain — 0.6%,Aena SME SA,"1,442","2,29,634",,
CRBN,iShares MSCI ACWI Low Carbon Target ETF,31/07/21,Spain — 0.6%,Amadeus IT Group SA,"7,725","5,06,611",,
CRBN,iShares MSCI ACWI Low Carbon Target ETF,31/07/21,Spain — 0.6%,Banco Bilbao Vizcaya Argentaria SA,"97,335","6,23,088",,
CRBN,iShares MSCI ACWI Low Carbon Target ETF,31/07/21,Spain — 0.6%,Banco Santander SA,"2,44,584","8,95,948",,
CRBN,iShares MSCI ACWI Low Carbon Target ETF,31/07/21,Spain — 0.6%,CaixaBank SA,"63,757","1,89,352",,
CRBN,iShares MSCI ACWI Low Carbon Target ETF,31/07/21,Spain — 0.6%,Cellnex Telecom SA,"5,877","3,83,278",,
CRBN,iShares MSCI ACWI Low Carbon Target ETF,31/07/21,Spain — 0.6%,Enagas SA,"7,009","1,60,979",,
CRBN,iShares MSCI ACWI Low Carbon Target ETF,31/07/21,Spain — 0.6%,Ferrovial SA,"11,664","3,46,131",,
CRBN,iShares MSCI ACWI Low Carbon Target ETF,31/07/21,Spain — 0.6%,Iberdrola SA,"39,025","4,69,667",,
CRBN,iShares MSCI ACWI Low Carbon Target ETF,31/07/21,Spain — 0.6%,Industria de Diseno Textil SA,"17,510","5,93,876",,
CRBN,iShares MSCI ACWI Low Carbon Target ETF,31/07/21,Spain — 0.6%,Red Electrica Corp. SA,"9,559","1,89,352",,
CRBN,iShares MSCI ACWI Low Carbon Target ETF,31/07/21,Spain — 0.6%,Siemens Gamesa Renewable Energy SA,"6,283","1,75,226",,
CRBN,iShares MSCI ACWI Low Carbon Target ETF,31/07/21,Spain — 0.6%,Telefonica SA,"92,870","4,24,866","51,88,008",
CRBN,iShares MSCI ACWI Low Carbon Target ETF,31/07/21,Sweden — 1.0%,Alfa Laval AB,"7,064","2,94,999",,
CRBN,iShares MSCI ACWI Low Carbon Target ETF,31/07/21,Sweden — 1.0%,"Assa Abloy AB, Class","16,892","5,41,832",,
CRBN,iShares MSCI ACWI Low Carbon Target ETF,31/07/21,Sweden — 1.0%,"Atlas Copco AB, Class","5,359","3,62,938",,
CRBN,iShares MSCI ACWI Low Carbon Target ETF,31/07/21,Sweden — 1.0%,"Atlas Copco AB, Class","8,890","5,05,471",,
CRBN,iShares MSCI ACWI Low Carbon Target ETF,31/07/21,Sweden — 1.0%,Boliden AB,"14,214","5,53,947",,
CRBN,iShares MSCI ACWI Low Carbon Target ETF,31/07/21,Sweden — 1.0%,"Epiroc AB, Class","9,373","2,18,341",,
CRBN,iShares MSCI ACWI Low Carbon Target ETF,31/07/21,Sweden — 1.0%,Evolution AB,"2,472","4,30,129",,
CRBN,iShares MSCI ACWI Low Carbon Target ETF,31/07/21,Sweden — 1.0%,"H & M Hennes & Mauritz AB, Class","13,184","2,75,634",,
CRBN,iShares MSCI ACWI Low Carbon Target ETF,31/07/21,Sweden — 1.0%,"Hexagon AB, Class","29,561","4,89,341",,
CRBN,iShares MSCI ACWI Low Carbon Target ETF,31/07/21,Sweden — 1.0%,ICA Gruppen AB,"3,502","1,73,098",,
CRBN,iShares MSCI ACWI Low Carbon Target ETF,31/07/21,Sweden — 1.0%,"Industrivarden AB, Class","8,652","3,31,198",,
CRBN,iShares MSCI ACWI Low Carbon Target ETF,31/07/21,Sweden — 1.0%,"Investor AB, Class","41,097","10,17,748",,
CRBN,iShares MSCI ACWI Low Carbon Target ETF,31/07/21,Sweden — 1.0%,"Kinnevik AB, Class","5,768","2,51,461",,
CRBN,iShares MSCI ACWI Low Carbon Target ETF,31/07/21,Sweden — 1.0%,"Nibe Industrier AB, Class","22,454","2,68,325",,
CRBN,iShares MSCI ACWI Low Carbon Target ETF,31/07/21,Sweden — 1.0%,Sandvik AB,"18,477","4,81,812",,
CRBN,iShares MSCI ACWI Low Carbon Target ETF,31/07/21,Sweden — 1.0%,"Skandinaviska Enskilda Banken AB, Class","15,476","2,09,312",,
CRBN,iShares MSCI ACWI Low Carbon Target ETF,31/07/21,Sweden — 1.0%,"Skanska AB, Class","6,901","1,94,813",,
CRBN,iShares MSCI ACWI Low Carbon Target ETF,31/07/21,Sweden — 1.0%,"Svenska Cellulosa AB SCA, Class","11,639","2,16,487",,
CRBN,iShares MSCI ACWI Low Carbon Target ETF,31/07/21,Sweden — 1.0%,"Svenska Handelsbanken AB, Class","12,051","1,35,806",,
CRBN,iShares MSCI ACWI Low Carbon Target ETF,31/07/21,Sweden — 1.0%,Swedish Match AB,"25,750","2,30,590",,
CRBN,iShares MSCI ACWI Low Carbon Target ETF,31/07/21,Sweden — 1.0%,"Telefonaktiebolaget LM Ericsson, Class","31,930","3,68,286",,
CRBN,iShares MSCI ACWI Low Carbon Target ETF,31/07/21,Sweden — 1.0%,Telia Co. AB,"60,770","2,66,556",,
CRBN,iShares MSCI ACWI Low Carbon Target ETF,31/07/21,Sweden — 1.0%,"Volvo AB, Class","25,132","5,92,657","84,10,781",
CRBN,iShares MSCI ACWI Low Carbon Target ETF,31/07/21,Switzerland — 2.5%,"ABB Ltd., Registered","23,278","8,51,005",,
CRBN,iShares MSCI ACWI Low Carbon Target ETF,31/07/21,Switzerland — 2.5%,"Adecco Group AG, Registered","2,781","1,66,543",,
CRBN,iShares MSCI ACWI Low Carbon Target ETF,31/07/21,Switzerland — 2.5%,Alcon Inc.,"5,253","3,82,414",,
CRBN,iShares MSCI ACWI Low Carbon Target ETF,31/07/21,Switzerland — 2.5%,"Cie. Financiere Richemont SA, Class, Registered","7,210","9,22,658",,
CRBN,iShares MSCI ACWI Low Carbon Target ETF,31/07/21,Switzerland — 2.5%,"Coca-Cola HBC AG, Class DI","6,798","2,56,712",,
CRBN,iShares MSCI ACWI Low Carbon Target ETF,31/07/21,Switzerland — 2.5%,"Credit Suisse Group AG, Registered","39,346","3,95,006",,
CRBN,iShares MSCI ACWI Low Carbon Target ETF,31/07/21,Switzerland — 2.5%,"EMS-Chemie Holding AG, Registered",103,"1,14,182",,
CRBN,iShares MSCI ACWI Low Carbon Target ETF,31/07/21,Switzerland — 2.5%,"Geberit AG, Registered",412,"3,38,284",,
CRBN,iShares MSCI ACWI Low Carbon Target ETF,31/07/21,Switzerland — 2.5%,"Givaudan SA, Registered",152,"7,58,669",,
CRBN,iShares MSCI ACWI Low Carbon Target ETF,31/07/21,Switzerland — 2.5%,Julius Baer Group Ltd.,"3,811","2,51,534",,
CRBN,iShares MSCI ACWI Low Carbon Target ETF,31/07/21,Switzerland — 2.5%,"Kuehne Nagel International AG, Registered",824,"2,77,962",,
CRBN,iShares MSCI ACWI Low Carbon Target ETF,31/07/21,Switzerland — 2.5%,"Logitech International SA, Registered","2,987","3,28,180",,
CRBN,iShares MSCI ACWI Low Carbon Target ETF,31/07/21,Switzerland — 2.5%,"Lonza Group AG, Registered",618,"4,81,191",,
CRBN,iShares MSCI ACWI Low Carbon Target ETF,31/07/21,Switzerland — 2.5%,"Nestle SA, Registered","37,183","47,08,470",,
CRBN,iShares MSCI ACWI Low Carbon Target ETF,31/07/21,Switzerland — 2.5%,"Novartis AG, Registered","26,986","24,95,622",,
CRBN,iShares MSCI ACWI Low Carbon Target ETF,31/07/21,Switzerland — 2.5%,Partners Group Holding AG,206,"3,51,923",,
CRBN,iShares MSCI ACWI Low Carbon Target ETF,31/07/21,Switzerland — 2.5%,"Roche Holding AG, NVS","9,167","35,41,323",,
CRBN,iShares MSCI ACWI Low Carbon Target ETF,31/07/21,Switzerland — 2.5%,"Schindler Holding AG, Participation Certificates, NVS","1,236","4,00,137",,
CRBN,iShares MSCI ACWI Low Carbon Target ETF,31/07/21,Switzerland — 2.5%,"SGS SA, Registered",103,"3,33,377",,
CRBN,iShares MSCI ACWI Low Carbon Target ETF,31/07/21,Switzerland — 2.5%,Siemens Energy AG,"8,980","2,44,299",,
CRBN,iShares MSCI ACWI Low Carbon Target ETF,31/07/21,Switzerland — 2.5%,"Sika AG, Registered","2,781","9,79,664",,
CRBN,iShares MSCI ACWI Low Carbon Target ETF,31/07/21,Switzerland — 2.5%,"Sonova Holding AG, Registered",621,"2,43,826",,
CRBN,iShares MSCI ACWI Low Carbon Target ETF,31/07/21,Switzerland — 2.5%,STMicroelectronics NV,"10,609","4,36,600",,
CRBN,iShares MSCI ACWI Low Carbon Target ETF,31/07/21,Switzerland — 2.5%,"Straumann Holding AG, Registered",103,"1,90,964",,
CRBN,iShares MSCI ACWI Low Carbon Target ETF,31/07/21,Switzerland — 2.5%,"Swiss Life Holding AG, Registered",412,"2,12,511",,
CRBN,iShares MSCI ACWI Low Carbon Target ETF,31/07/21,Switzerland — 2.5%,Swiss Re AG,"3,708","3,36,169",,
CRBN,iShares MSCI ACWI Low Carbon Target ETF,31/07/21,Switzerland — 2.5%,"Temenos AG, Registered","1,751","2,78,144",,
CRBN,iShares MSCI ACWI Low Carbon Target ETF,31/07/21,Switzerland — 2.5%,"UBS Group AG, Registered","44,648","7,35,610",,
CRBN,iShares MSCI ACWI Low Carbon Target ETF,31/07/21,Switzerland — 2.5%,Vifor Pharma AG,"1,030","1,44,047",,
CRBN,iShares MSCI ACWI Low Carbon Target ETF,31/07/21,Switzerland — 2.5%,Zurich Insurance Group AG,"1,648","6,64,432","2,18,21,458",
CRBN,iShares MSCI ACWI Low Carbon Target ETF,31/07/21,Taiwan — 1.7%,Acer Inc.,"2,06,000","2,01,100",,
CRBN,iShares MSCI ACWI Low Carbon Target ETF,31/07/21,Taiwan — 1.7%,Cathay Financial Holding Co. Ltd.,"3,17,253","6,17,473",,
CRBN,iShares MSCI ACWI Low Carbon Target ETF,31/07/21,Taiwan — 1.7%,China Development Financial Holding Corp.,"8,24,000","4,16,510",,
CRBN,iShares MSCI ACWI Low Carbon Target ETF,31/07/21,Taiwan — 1.7%,China Life Insurance Co. Ltd.,"2,00,345","1,88,932",,
CRBN,iShares MSCI ACWI Low Carbon Target ETF,31/07/21,Taiwan — 1.7%,Chunghwa Telecom Co. Ltd.,"1,03,000","4,25,026",,
CRBN,iShares MSCI ACWI Low Carbon Target ETF,31/07/21,Taiwan — 1.7%,CTBC Financial Holding Co. Ltd.,"5,15,400","4,22,062",,
CRBN,iShares MSCI ACWI Low Carbon Target ETF,31/07/21,Taiwan — 1.7%,Delta Electronics Inc.,"21,000","2,16,383",,
CRBN,iShares MSCI ACWI Low Carbon Target ETF,31/07/21,Taiwan — 1.7%,E.Sun Financial Holding Co. Ltd.,"2,16,936","2,05,751",,
CRBN,iShares MSCI ACWI Low Carbon Target ETF,31/07/21,Taiwan — 1.7%,Fubon Financial Holding Co. Ltd.,"3,09,000","8,30,641",,
CRBN,iShares MSCI ACWI Low Carbon Target ETF,31/07/21,Taiwan — 1.7%,Hon Hai Precision Industry Co. Ltd.,"1,40,720","5,56,086",,
CRBN,iShares MSCI ACWI Low Carbon Target ETF,31/07/21,Taiwan — 1.7%,Hotai Motor Co. Ltd.,"5,000","1,05,843",,
CRBN,iShares MSCI ACWI Low Carbon Target ETF,31/07/21,Taiwan — 1.7%,MediaTek Inc.,"21,000","6,86,655",,
CRBN,iShares MSCI ACWI Low Carbon Target ETF,31/07/21,Taiwan — 1.7%,Mega Financial Holding Co. Ltd.,"2,06,000","2,43,979",,
CRBN,iShares MSCI ACWI Low Carbon Target ETF,31/07/21,Taiwan — 1.7%,Shin Kong Financial Holding Co. Ltd.,"6,43,439","2,11,249",,
CRBN,iShares MSCI ACWI Low Carbon Target ETF,31/07/21,Taiwan — 1.7%,SinoPac Financial Holdings Co. Ltd.,"5,15,200","2,59,366",,
CRBN,iShares MSCI ACWI Low Carbon Target ETF,31/07/21,Taiwan — 1.7%,Taishin Financial Holding Co. Ltd.,"5,52,001","3,34,963",,
CRBN,iShares MSCI ACWI Low Carbon Target ETF,31/07/21,Taiwan — 1.7%,Taiwan Cooperative Financial Holding Co. Ltd.,"2,08,740","1,63,180",,
CRBN,iShares MSCI ACWI Low Carbon Target ETF,31/07/21,Taiwan — 1.7%,Taiwan Mobile Co. Ltd.,"1,03,000","3,83,050",,
CRBN,iShares MSCI ACWI Low Carbon Target ETF,31/07/21,Taiwan — 1.7%,Taiwan Semiconductor Manufacturing Co. Ltd.,"3,30,000","68,96,834",,
CRBN,iShares MSCI ACWI Low Carbon Target ETF,31/07/21,Taiwan — 1.7%,Uni-President Enterprises Corp.,"2,06,000","5,40,262",,
CRBN,iShares MSCI ACWI Low Carbon Target ETF,31/07/21,Taiwan — 1.7%,United Microelectronics Corp.,"1,82,000","3,80,589",,
CRBN,iShares MSCI ACWI Low Carbon Target ETF,31/07/21,Taiwan — 1.7%,Yuanta Financial Holding Co. Ltd.,"3,09,600","2,81,584","1,45,67,518",
CRBN,iShares MSCI ACWI Low Carbon Target ETF,31/07/21,Thailand — 0.2%,"Airports Thailand PCL, NVDR","1,85,400","3,19,021",,
CRBN,iShares MSCI ACWI Low Carbon Target ETF,31/07/21,Thailand — 0.2%,"Bangkok Bank PCL, Foreign","82,400","2,56,883",,
CRBN,iShares MSCI ACWI Low Carbon Target ETF,31/07/21,Thailand — 0.2%,"Bangkok Expressway & Metro PCL, NVDR","19,48,900","4,53,798",,
CRBN,iShares MSCI ACWI Low Carbon Target ETF,31/07/21,Thailand — 0.2%,"CP ALL PCL, NVDR","1,13,300","2,03,528",,
CRBN,iShares MSCI ACWI Low Carbon Target ETF,31/07/21,Thailand — 0.2%,"Krung Thai Bank PCL, NVDR","6,38,600","1,96,072",,
CRBN,iShares MSCI ACWI Low Carbon Target ETF,31/07/21,Thailand — 0.2%,"Siam Commercial Bank PCL (The), NVDR","1,03,000","2,93,117","17,22,419",
CRBN,iShares MSCI ACWI Low Carbon Target ETF,31/07/21,Turkey — 0.0%,Akbank TAS,"1,47,139","91,907",,
CRBN,iShares MSCI ACWI Low Carbon Target ETF,31/07/21,Turkey — 0.0%,BIM Birlesik Magazalar AS,"15,347","1,15,476",,
CRBN,iShares MSCI ACWI Low Carbon Target ETF,31/07/21,Turkey — 0.0%,"Turkiye Is Bankasi AS, Class","38,466","24,073","2,31,456",
CRBN,iShares MSCI ACWI Low Carbon Target ETF,31/07/21,United Arab Emirates — 0.1%,Emaar Properties PJSC,"98,880","1,06,884",,
CRBN,iShares MSCI ACWI Low Carbon Target ETF,31/07/21,United Arab Emirates — 0.1%,Emirates Telecommunications Group Co. PJSC,"56,238","3,49,081",,
CRBN,iShares MSCI ACWI Low Carbon Target ETF,31/07/21,United Arab Emirates — 0.1%,First Abu Dhabi Bank PJSC,"67,638","3,05,307","7,61,272",
CRBN,iShares MSCI ACWI Low Carbon Target ETF,31/07/21,United Kingdom — 3.5%,3 i Group PLC,"26,986","4,79,627",,
CRBN,iShares MSCI ACWI Low Carbon Target ETF,31/07/21,United Kingdom — 3.5%,Abrdn PLC,"45,114","1,77,972",,
CRBN,iShares MSCI ACWI Low Carbon Target ETF,31/07/21,United Kingdom — 3.5%,Amcor PLC,"23,175","2,67,903",,
CRBN,iShares MSCI ACWI Low Carbon Target ETF,31/07/21,United Kingdom — 3.5%,Antofagasta PLC,"29,973","6,22,337",,
CRBN,iShares MSCI ACWI Low Carbon Target ETF,31/07/21,United Kingdom — 3.5%,Aptiv PLC,"3,502","5,84,309",,
CRBN,iShares MSCI ACWI Low Carbon Target ETF,31/07/21,United Kingdom — 3.5%,Ashtead Group PLC,"7,416","5,54,935",,
CRBN,iShares MSCI ACWI Low Carbon Target ETF,31/07/21,United Kingdom — 3.5%,AstraZeneca PLC,"19,940","22,91,303",,
CRBN,iShares MSCI ACWI Low Carbon Target ETF,31/07/21,United Kingdom — 3.5%,Aviva PLC,"78,589","4,22,073",,
CRBN,iShares MSCI ACWI Low Carbon Target ETF,31/07/21,United Kingdom — 3.5%,BAE Systems PLC,"25,956","2,08,103",,
CRBN,iShares MSCI ACWI Low Carbon Target ETF,31/07/21,United Kingdom — 3.5%,Barclays PLC,"2,29,278","5,54,642",,
CRBN,iShares MSCI ACWI Low Carbon Target ETF,31/07/21,United Kingdom — 3.5%,Barratt Developments PLC,"23,896","2,33,528",,
CRBN,iShares MSCI ACWI Low Carbon Target ETF,31/07/21,United Kingdom — 3.5%,Berkeley Group Holdings PLC,"3,296","2,21,913",,
CRBN,iShares MSCI ACWI Low Carbon Target ETF,31/07/21,United Kingdom — 3.5%,British American Tobacco PLC,"32,243","11,99,194",,
CRBN,iShares MSCI ACWI Low Carbon Target ETF,31/07/21,United Kingdom — 3.5%,British Land Co. PLC (The),"32,548","2,30,438",,
CRBN,iShares MSCI ACWI Low Carbon Target ETF,31/07/21,United Kingdom — 3.5%,BT Group PLC,"1,02,897","2,47,852",,
CRBN,iShares MSCI ACWI Low Carbon Target ETF,31/07/21,United Kingdom — 3.5%,Bunzl PLC,"6,077","2,25,136",,
CRBN,iShares MSCI ACWI Low Carbon Target ETF,31/07/21,United Kingdom — 3.5%,Burberry Group PLC,"7,931","2,27,489",,
CRBN,iShares MSCI ACWI Low Carbon Target ETF,31/07/21,United Kingdom — 3.5%,Coca-Cola Europacific Partners PLC,"3,090","1,91,765",,
CRBN,iShares MSCI ACWI Low Carbon Target ETF,31/07/21,United Kingdom — 3.5%,Compass Group PLC,"26,162","5,52,800",,
CRBN,iShares MSCI ACWI Low Carbon Target ETF,31/07/21,United Kingdom — 3.5%,Croda International PLC,"4,160","4,86,975",,
CRBN,iShares MSCI ACWI Low Carbon Target ETF,31/07/21,United Kingdom — 3.5%,DCC PLC,"2,266","1,89,717",,
CRBN,iShares MSCI ACWI Low Carbon Target ETF,31/07/21,United Kingdom — 3.5%,Diageo PLC,"33,269","16,49,685",,
CRBN,iShares MSCI ACWI Low Carbon Target ETF,31/07/21,United Kingdom — 3.5%,Direct Line Insurance Group PLC,"19,982","82,600",,
CRBN,iShares MSCI ACWI Low Carbon Target ETF,31/07/21,United Kingdom — 3.5%,Entain PLC,"10,403","2,62,325",,
CRBN,iShares MSCI ACWI Low Carbon Target ETF,31/07/21,United Kingdom — 3.5%,Experian PLC,"13,741","6,04,959",,
CRBN,iShares MSCI ACWI Low Carbon Target ETF,31/07/21,United Kingdom — 3.5%,Ferguson PLC,"4,326","6,06,458",,
CRBN,iShares MSCI ACWI Low Carbon Target ETF,31/07/21,United Kingdom — 3.5%,GlaxoSmithKline PLC,"63,757","12,58,807",,
CRBN,iShares MSCI ACWI Low Carbon Target ETF,31/07/21,United Kingdom — 3.5%,Halma PLC,"7,725","3,10,089",,
CRBN,iShares MSCI ACWI Low Carbon Target ETF,31/07/21,United Kingdom — 3.5%,Hargreaves Lansdown PLC,"4,532","1,02,789",,
CRBN,iShares MSCI ACWI Low Carbon Target ETF,31/07/21,United Kingdom — 3.5%,HSBC Holdings PLC,"2,55,337","14,09,510",,
CRBN,iShares MSCI ACWI Low Carbon Target ETF,31/07/21,United Kingdom — 3.5%,Imperial Brands PLC,"15,862","3,39,610",,
CRBN,iShares MSCI ACWI Low Carbon Target ETF,31/07/21,United Kingdom — 3.5%,Informa PLC,"24,926","1,71,274",,
CRBN,iShares MSCI ACWI Low Carbon Target ETF,31/07/21,United Kingdom — 3.5%,Intertek Group PLC,"2,678","1,91,868",,
CRBN,iShares MSCI ACWI Low Carbon Target ETF,31/07/21,United Kingdom — 3.5%,JD Sports Fashion PLC,"7,725","96,255",,
CRBN,iShares MSCI ACWI Low Carbon Target ETF,31/07/21,United Kingdom — 3.5%,Johnson Matthey PLC,"6,592","2,72,476",,
CRBN,iShares MSCI ACWI Low Carbon Target ETF,31/07/21,United Kingdom — 3.5%,Kingfisher PLC,"37,080","1,90,459",,
CRBN,iShares MSCI ACWI Low Carbon Target ETF,31/07/21,United Kingdom — 3.5%,Land Securities Group PLC,"21,012","2,06,808",,
CRBN,iShares MSCI ACWI Low Carbon Target ETF,31/07/21,United Kingdom — 3.5%,Legal & General Group PLC,"1,13,197","4,10,052",,
CRBN,iShares MSCI ACWI Low Carbon Target ETF,31/07/21,United Kingdom — 3.5%,Lloyds Banking Group PLC,"10,15,786","6,42,248",,
CRBN,iShares MSCI ACWI Low Carbon Target ETF,31/07/21,United Kingdom — 3.5%,London Stock Exchange Group PLC,"4,667","4,86,634",,
CRBN,iShares MSCI ACWI Low Carbon Target ETF,31/07/21,United Kingdom — 3.5%,M&G PLC,"77,971","2,44,146",,
CRBN,iShares MSCI ACWI Low Carbon Target ETF,31/07/21,United Kingdom — 3.5%,Melrose Industries PLC,"86,623","1,92,500",,
CRBN,iShares MSCI ACWI Low Carbon Target ETF,31/07/21,United Kingdom — 3.5%,National Grid PLC,"69,525","8,88,955",,
CRBN,iShares MSCI ACWI Low Carbon Target ETF,31/07/21,United Kingdom — 3.5%,Natwest Group PLC,"61,800","1,73,455",,
CRBN,iShares MSCI ACWI Low Carbon Target ETF,31/07/21,United Kingdom — 3.5%,Next PLC,"2,163","2,36,943",,
CRBN,iShares MSCI ACWI Low Carbon Target ETF,31/07/21,United Kingdom — 3.5%,Ocado Group PLC,"6,592","1,69,859",,
CRBN,iShares MSCI ACWI Low Carbon Target ETF,31/07/21,United Kingdom — 3.5%,Pearson PLC,"16,686","2,01,074",,
CRBN,iShares MSCI ACWI Low Carbon Target ETF,31/07/21,United Kingdom — 3.5%,Persimmon PLC,"5,699","2,29,884",,
CRBN,iShares MSCI ACWI Low Carbon Target ETF,31/07/21,United Kingdom — 3.5%,Prudential PLC,"41,033","7,70,552",,
CRBN,iShares MSCI ACWI Low Carbon Target ETF,31/07/21,United Kingdom — 3.5%,Reckitt Benckiser Group PLC,"9,785","7,48,549",,
CRBN,iShares MSCI ACWI Low Carbon Target ETF,31/07/21,United Kingdom — 3.5%,RELX PLC,"27,501","8,08,372",,
CRBN,iShares MSCI ACWI Low Carbon Target ETF,31/07/21,United Kingdom — 3.5%,Rentokil Initial PLC,"23,175","1,82,561",,
CRBN,iShares MSCI ACWI Low Carbon Target ETF,31/07/21,United Kingdom — 3.5%,Rolls-Royce Holdings PLC,"1,37,299","1,89,626",,
CRBN,iShares MSCI ACWI Low Carbon Target ETF,31/07/21,United Kingdom — 3.5%,Sage Group PLC (The),"7,725","75,299",,
CRBN,iShares MSCI ACWI Low Carbon Target ETF,31/07/21,United Kingdom — 3.5%,Segro PLC,"13,493","2,28,089",,
CRBN,iShares MSCI ACWI Low Carbon Target ETF,31/07/21,United Kingdom — 3.5%,Sensata Technologies Holding PLC,"3,502","2,05,287",,
CRBN,iShares MSCI ACWI Low Carbon Target ETF,31/07/21,United Kingdom — 3.5%,Severn Trent PLC,"12,566","4,88,460",,
CRBN,iShares MSCI ACWI Low Carbon Target ETF,31/07/21,United Kingdom — 3.5%,Smith & Nephew PLC,"19,673","4,01,463",,
CRBN,iShares MSCI ACWI Low Carbon Target ETF,31/07/21,United Kingdom — 3.5%,Smiths Group PLC,"10,403","2,24,771",,
CRBN,iShares MSCI ACWI Low Carbon Target ETF,31/07/21,United Kingdom — 3.5%,St. James’s Place PLC,"4,944","1,08,926",,
CRBN,iShares MSCI ACWI Low Carbon Target ETF,31/07/21,United Kingdom — 3.5%,Standard Chartered PLC,"17,242","1,03,362",,
CRBN,iShares MSCI ACWI Low Carbon Target ETF,31/07/21,United Kingdom — 3.5%,Taylor Wimpey PLC,"87,344","1,99,692",,
CRBN,iShares MSCI ACWI Low Carbon Target ETF,31/07/21,United Kingdom — 3.5%,Tesco PLC,"54,541","1,76,571",,
CRBN,iShares MSCI ACWI Low Carbon Target ETF,31/07/21,United Kingdom — 3.5%,Unilever PLC,"35,913","20,66,850",,
CRBN,iShares MSCI ACWI Low Carbon Target ETF,31/07/21,United Kingdom — 3.5%,United Utilities Group PLC,"30,385","4,52,417",,
CRBN,iShares MSCI ACWI Low Carbon Target ETF,31/07/21,United Kingdom — 3.5%,Vodafone Group PLC,"3,87,074","6,22,396",,
CRBN,iShares MSCI ACWI Low Carbon Target ETF,31/07/21,United Kingdom — 3.5%,Whitbread PLC,"6,015","2,54,229",,
CRBN,iShares MSCI ACWI Low Carbon Target ETF,31/07/21,United Kingdom — 3.5%,WPP PLC,"22,454","2,90,398","3,03,99,603",
CRBN,iShares MSCI ACWI Low Carbon Target ETF,31/07/21,United States — 58.6%,"10 X Genomics Inc., Class","1,545","2,83,090",,
CRBN,iShares MSCI ACWI Low Carbon Target ETF,31/07/21,United States — 58.6%,3 M Co.,"6,901","13,65,984",,
CRBN,iShares MSCI ACWI Low Carbon Target ETF,31/07/21,United States — 58.6%,O Smith Corp.,"4,326","3,04,248",,
CRBN,iShares MSCI ACWI Low Carbon Target ETF,31/07/21,United States — 58.6%,Abbott Laboratories,"23,690","28,66,016",,
CRBN,iShares MSCI ACWI Low Carbon Target ETF,31/07/21,United States — 58.6%,AbbVie Inc.,"24,308","28,27,020",,
CRBN,iShares MSCI ACWI Low Carbon Target ETF,31/07/21,United States — 58.6%,ABIOMED Inc.,824,"2,69,563",,
CRBN,iShares MSCI ACWI Low Carbon Target ETF,31/07/21,United States — 58.6%,"Accenture PLC, Class","8,755","27,81,288",,
CRBN,iShares MSCI ACWI Low Carbon Target ETF,31/07/21,United States — 58.6%,Activision Blizzard Inc.,"8,755","7,32,093",,
CRBN,iShares MSCI ACWI Low Carbon Target ETF,31/07/21,United States — 58.6%,Adobe Inc.,"5,871","36,49,590",,
CRBN,iShares MSCI ACWI Low Carbon Target ETF,31/07/21,United States — 58.6%,Advanced Micro Devices Inc.,"16,377","17,39,074",,
CRBN,iShares MSCI ACWI Low Carbon Target ETF,31/07/21,United States — 58.6%,Aflac Inc.,"12,463","6,85,466",,
CRBN,iShares MSCI ACWI Low Carbon Target ETF,31/07/21,United States — 58.6%,Agilent Technologies Inc.,"4,223","6,47,090",,
CRBN,iShares MSCI ACWI Low Carbon Target ETF,31/07/21,United States — 58.6%,AGNC Investment Corp.,"14,832","2,35,384",,
CRBN,iShares MSCI ACWI Low Carbon Target ETF,31/07/21,United States — 58.6%,Air Products & Chemicals Inc.,824,"2,39,809",,
CRBN,iShares MSCI ACWI Low Carbon Target ETF,31/07/21,United States — 58.6%,"Airbnb Inc., Class","1,854","2,66,995",,
CRBN,iShares MSCI ACWI Low Carbon Target ETF,31/07/21,United States — 58.6%,Akamai Technologies Inc.,"2,060","2,47,035",,
CRBN,iShares MSCI ACWI Low Carbon Target ETF,31/07/21,United States — 58.6%,Albemarle Corp.,"2,781","5,72,997",,
CRBN,iShares MSCI ACWI Low Carbon Target ETF,31/07/21,United States — 58.6%,Alexandria Real Estate Equities Inc.,"1,339","2,69,594",,
CRBN,iShares MSCI ACWI Low Carbon Target ETF,31/07/21,United States — 58.6%,Align Technology Inc.,"1,133","7,88,341",,
CRBN,iShares MSCI ACWI Low Carbon Target ETF,31/07/21,United States — 58.6%,Allegion PLC,"1,957","2,67,326",,
CRBN,iShares MSCI ACWI Low Carbon Target ETF,31/07/21,United States — 58.6%,Allstate Corp. (The),"4,635","6,02,782",,
CRBN,iShares MSCI ACWI Low Carbon Target ETF,31/07/21,United States — 58.6%,Ally Financial Inc.,"4,944","2,53,924",,
CRBN,iShares MSCI ACWI Low Carbon Target ETF,31/07/21,United States — 58.6%,Alnylam Pharmaceuticals Inc.,"1,648","2,94,893",,
CRBN,iShares MSCI ACWI Low Carbon Target ETF,31/07/21,United States — 58.6%,"Alphabet Inc., Class","3,708","99,91,317",,
CRBN,iShares MSCI ACWI Low Carbon Target ETF,31/07/21,United States — 58.6%,"Alphabet Inc., Class, NVS","4,017","1,08,63,655",,
CRBN,iShares MSCI ACWI Low Carbon Target ETF,31/07/21,United States — 58.6%,"Altice USA Inc., Class","4,944","1,51,929",,
CRBN,iShares MSCI ACWI Low Carbon Target ETF,31/07/21,United States — 58.6%,Altria Group Inc.,"28,119","13,50,837",,
CRBN,iShares MSCI ACWI Low Carbon Target ETF,31/07/21,United States — 58.6%,Amazon.com Inc.,"5,562","1,85,08,056",,
CRBN,iShares MSCI ACWI Low Carbon Target ETF,31/07/21,United States — 58.6%,AMERCO,309,"1,81,680",,
CRBN,iShares MSCI ACWI Low Carbon Target ETF,31/07/21,United States — 58.6%,American Express Co.,"8,961","15,28,119",,
CRBN,iShares MSCI ACWI Low Carbon Target ETF,31/07/21,United States — 58.6%,American International Group Inc.,"14,832","7,02,295",,
CRBN,iShares MSCI ACWI Low Carbon Target ETF,31/07/21,United States — 58.6%,American Tower Corp.,"5,768","16,31,190",,
CRBN,iShares MSCI ACWI Low Carbon Target ETF,31/07/21,United States — 58.6%,American Water Works Co. Inc.,"7,416","12,61,536",,
CRBN,iShares MSCI ACWI Low Carbon Target ETF,31/07/21,United States — 58.6%,Ameriprise Financial Inc.,"1,648","4,24,459",,
CRBN,iShares MSCI ACWI Low Carbon Target ETF,31/07/21,United States — 58.6%,"AmerisourceBergen Corp., Class","1,854","2,26,503",,
CRBN,iShares MSCI ACWI Low Carbon Target ETF,31/07/21,United States — 58.6%,AMETEK Inc.,"3,090","4,29,665",,
CRBN,iShares MSCI ACWI Low Carbon Target ETF,31/07/21,United States — 58.6%,Amgen Inc.,"7,519","18,16,139",,
CRBN,iShares MSCI ACWI Low Carbon Target ETF,31/07/21,United States — 58.6%,"Amphenol Corp., Class","8,755","6,34,650",,
CRBN,iShares MSCI ACWI Low Carbon Target ETF,31/07/21,United States — 58.6%,Analog Devices Inc.,"5,459","9,13,946",,
CRBN,iShares MSCI ACWI Low Carbon Target ETF,31/07/21,United States — 58.6%,Annaly Capital Management Inc.,"34,627","2,93,983",,
CRBN,iShares MSCI ACWI Low Carbon Target ETF,31/07/21,United States — 58.6%,ANSYS Inc.,784,"2,88,873",,
CRBN,iShares MSCI ACWI Low Carbon Target ETF,31/07/21,United States — 58.6%,Anthem Inc.,"3,193","12,26,144",,
CRBN,iShares MSCI ACWI Low Carbon Target ETF,31/07/21,United States — 58.6%,"Aon PLC, Class","2,781","7,23,143",,
CRBN,iShares MSCI ACWI Low Carbon Target ETF,31/07/21,United States — 58.6%,"Apollo Global Management Inc., Class","2,575","1,51,565",,
CRBN,iShares MSCI ACWI Low Carbon Target ETF,31/07/21,United States — 58.6%,Apple Inc.,"2,16,827","3,16,26,386",,
CRBN,iShares MSCI ACWI Low Carbon Target ETF,31/07/21,United States — 58.6%,Applied Materials Inc.,"12,978","18,16,012",,
CRBN,iShares MSCI ACWI Low Carbon Target ETF,31/07/21,United States — 58.6%,Arch Capital Group Ltd.,"4,532","1,76,748",,
CRBN,iShares MSCI ACWI Low Carbon Target ETF,31/07/21,United States — 58.6%,Arista Networks Inc.,865,"3,29,037",,
CRBN,iShares MSCI ACWI Low Carbon Target ETF,31/07/21,United States — 58.6%,Arrow Electronics Inc.,"2,575","3,05,318",,
CRBN,iShares MSCI ACWI Low Carbon Target ETF,31/07/21,United States — 58.6%,Arthur J Gallagher & Co.,"1,442","2,00,885",,
CRBN,iShares MSCI ACWI Low Carbon Target ETF,31/07/21,United States — 58.6%,Assurant Inc.,"1,465","2,31,192",,
CRBN,iShares MSCI ACWI Low Carbon Target ETF,31/07/21,United States — 58.6%,AT&T Inc.,"97,026","27,21,579",,
CRBN,iShares MSCI ACWI Low Carbon Target ETF,31/07/21,United States — 58.6%,"Athene Holding Ltd., Class","2,678","1,73,052",,
CRBN,iShares MSCI ACWI Low Carbon Target ETF,31/07/21,United States — 58.6%,Atmos Energy Corp.,"7,043","6,94,369",,
CRBN,iShares MSCI ACWI Low Carbon Target ETF,31/07/21,United States — 58.6%,Autodesk Inc.,"2,884","9,26,139",,
CRBN,iShares MSCI ACWI Low Carbon Target ETF,31/07/21,United States — 58.6%,Automatic Data Processing Inc.,"6,077","12,73,922",,
CRBN,iShares MSCI ACWI Low Carbon Target ETF,31/07/21,United States — 58.6%,AutoZone Inc.,206,"3,34,455",,
CRBN,iShares MSCI ACWI Low Carbon Target ETF,31/07/21,United States — 58.6%,Avalara Inc.,"1,648","2,75,496",,
CRBN,iShares MSCI ACWI Low Carbon Target ETF,31/07/21,United States — 58.6%,AvalonBay Communities Inc.,"2,060","4,69,330",,
CRBN,iShares MSCI ACWI Low Carbon Target ETF,31/07/21,United States — 58.6%,Avantor Inc.,"13,028","4,89,592",,
CRBN,iShares MSCI ACWI Low Carbon Target ETF,31/07/21,United States — 58.6%,Avery Dennison Corp.,"1,751","3,68,901",,
CRBN,iShares MSCI ACWI Low Carbon Target ETF,31/07/21,United States — 58.6%,"Baker Hughes Co., Class","29,458","6,25,688",,
CRBN,iShares MSCI ACWI Low Carbon Target ETF,31/07/21,United States — 58.6%,Ball Corp.,"5,768","4,66,516",,
CRBN,iShares MSCI ACWI Low Carbon Target ETF,31/07/21,United States — 58.6%,Bank America Corp.,"99,292","38,08,841",,
CRBN,iShares MSCI ACWI Low Carbon Target ETF,31/07/21,United States — 58.6%,Bank New York Mellon Corp. (The),"11,536","5,92,143",,
CRBN,iShares MSCI ACWI Low Carbon Target ETF,31/07/21,United States — 58.6%,Baxter International Inc.,"6,283","4,85,990",,
CRBN,iShares MSCI ACWI Low Carbon Target ETF,31/07/21,United States — 58.6%,Becton Dickinson and Co.,"3,811","9,74,663",,
CRBN,iShares MSCI ACWI Low Carbon Target ETF,31/07/21,United States — 58.6%,"Berkshire Hathaway Inc., Class","16,480","45,86,219",,
CRBN,iShares MSCI ACWI Low Carbon Target ETF,31/07/21,United States — 58.6%,Best Buy Co. Inc.,"3,090","3,47,162",,
CRBN,iShares MSCI ACWI Low Carbon Target ETF,31/07/21,United States — 58.6%,Biogen Inc.,"2,060","6,73,064",,
CRBN,iShares MSCI ACWI Low Carbon Target ETF,31/07/21,United States — 58.6%,BioMarin Pharmaceutical Inc.,"3,193","2,44,999",,
CRBN,iShares MSCI ACWI Low Carbon Target ETF,31/07/21,United States — 58.6%,"Bio-Rad Laboratories Inc., Class",206,"1,52,339",,
CRBN,iShares MSCI ACWI Low Carbon Target ETF,31/07/21,United States — 58.6%,Bio-Techne Corp.,618,"2,98,024",,
CRBN,iShares MSCI ACWI Low Carbon Target ETF,31/07/21,United States — 58.6%,BlackRock Inc.,"1,759","15,25,352",,
CRBN,iShares MSCI ACWI Low Carbon Target ETF,31/07/21,United States — 58.6%,"Blackstone Group Inc. (The), NVS","9,373","10,80,426",,
CRBN,iShares MSCI ACWI Low Carbon Target ETF,31/07/21,United States — 58.6%,Boeing Co. (The),"7,210","16,32,921",,
CRBN,iShares MSCI ACWI Low Carbon Target ETF,31/07/21,United States — 58.6%,Booking Holdings Inc.,618,"13,46,165",,
CRBN,iShares MSCI ACWI Low Carbon Target ETF,31/07/21,United States — 58.6%,BorgWarner Inc.,"2,781","1,36,213",,
CRBN,iShares MSCI ACWI Low Carbon Target ETF,31/07/21,United States — 58.6%,"Boston Beer Co. Inc. (The), Class, NVS",103,"73,130",,
CRBN,iShares MSCI ACWI Low Carbon Target ETF,31/07/21,United States — 58.6%,Boston Properties Inc.,"1,751","2,05,532",,
CRBN,iShares MSCI ACWI Low Carbon Target ETF,31/07/21,United States — 58.6%,Boston Scientific Corp.,"21,630","9,86,328",,
CRBN,iShares MSCI ACWI Low Carbon Target ETF,31/07/21,United States — 58.6%,Bristol-Myers Squibb Co.,"31,209","21,18,155",,
CRBN,iShares MSCI ACWI Low Carbon Target ETF,31/07/21,United States — 58.6%,Broadcom Inc.,"5,562","26,99,795",,
CRBN,iShares MSCI ACWI Low Carbon Target ETF,31/07/21,United States — 58.6%,Broadridge Financial Solutions Inc.,"1,442","2,50,173",,
CRBN,iShares MSCI ACWI Low Carbon Target ETF,31/07/21,United States — 58.6%,Brown & Brown Inc.,"4,464","2,42,842",,
CRBN,iShares MSCI ACWI Low Carbon Target ETF,31/07/21,United States — 58.6%,"Brown-Forman Corp., Class, NVS","4,680","3,31,906",,
CRBN,iShares MSCI ACWI Low Carbon Target ETF,31/07/21,United States — 58.6%,Burlington Stores Inc.,721,"2,41,391",,
CRBN,iShares MSCI ACWI Low Carbon Target ETF,31/07/21,United States — 58.6%,Cadence Design Systems Inc.,"2,884","4,25,823",,
CRBN,iShares MSCI ACWI Low Carbon Target ETF,31/07/21,United States — 58.6%,Caesars Entertainment Inc.,"2,884","2,51,946",,
CRBN,iShares MSCI ACWI Low Carbon Target ETF,31/07/21,United States — 58.6%,Capital One Financial Corp.,"5,047","8,16,100",,
CRBN,iShares MSCI ACWI Low Carbon Target ETF,31/07/21,United States — 58.6%,Cardinal Health Inc.,"3,193","1,89,600",,
CRBN,iShares MSCI ACWI Low Carbon Target ETF,31/07/21,United States — 58.6%,CarMax Inc.,"1,854","2,48,343",,
CRBN,iShares MSCI ACWI Low Carbon Target ETF,31/07/21,United States — 58.6%,Carrier Global Corp.,"12,596","6,95,929",,
CRBN,iShares MSCI ACWI Low Carbon Target ETF,31/07/21,United States — 58.6%,"Carvana Co., Class",927,"3,12,918",,
CRBN,iShares MSCI ACWI Low Carbon Target ETF,31/07/21,United States — 58.6%,Catalent Inc.,"2,266","2,71,489",,
CRBN,iShares MSCI ACWI Low Carbon Target ETF,31/07/21,United States — 58.6%,Caterpillar Inc.,"7,107","14,69,372",,
CRBN,iShares MSCI ACWI Low Carbon Target ETF,31/07/21,United States — 58.6%,Cboe Global Markets Inc.,"2,369","2,80,655",,
CRBN,iShares MSCI ACWI Low Carbon Target ETF,31/07/21,United States — 58.6%,"CBRE Group Inc., Class","3,331","3,21,308",,
CRBN,iShares MSCI ACWI Low Carbon Target ETF,31/07/21,United States — 58.6%,CDW Corp./DE,"1,957","3,58,816",,
CRBN,iShares MSCI ACWI Low Carbon Target ETF,31/07/21,United States — 58.6%,"Celanese Corp., Class","1,648","2,56,709",,
CRBN,iShares MSCI ACWI Low Carbon Target ETF,31/07/21,United States — 58.6%,Centene Corp.,"6,820","4,67,920",,
CRBN,iShares MSCI ACWI Low Carbon Target ETF,31/07/21,United States — 58.6%,Ceridian HCM Holding Inc.,"2,266","2,22,974",,
CRBN,iShares MSCI ACWI Low Carbon Target ETF,31/07/21,United States — 58.6%,Cerner Corp.,"4,635","3,72,608",,
CRBN,iShares MSCI ACWI Low Carbon Target ETF,31/07/21,United States — 58.6%,Charles Schwab Corp. (The),"18,025","12,24,799",,
CRBN,iShares MSCI ACWI Low Carbon Target ETF,31/07/21,United States — 58.6%,"Charter Communications Inc., Class","1,648","12,26,194",,
CRBN,iShares MSCI ACWI Low Carbon Target ETF,31/07/21,United States — 58.6%,Cheniere Energy Inc.,"6,798","5,77,354",,
CRBN,iShares MSCI ACWI Low Carbon Target ETF,31/07/21,United States — 58.6%,Chevron Corp.,"1,236","1,25,837",,
CRBN,iShares MSCI ACWI Low Carbon Target ETF,31/07/21,United States — 58.6%,"Chipotle Mexican Grill Inc., Class",412,"7,67,737",,
CRBN,iShares MSCI ACWI Low Carbon Target ETF,31/07/21,United States — 58.6%,Chubb Ltd.,"5,768","9,73,292",,
CRBN,iShares MSCI ACWI Low Carbon Target ETF,31/07/21,United States — 58.6%,Church & Dwight Co. Inc.,"4,120","3,56,710",,
CRBN,iShares MSCI ACWI Low Carbon Target ETF,31/07/21,United States — 58.6%,Cigna Corp.,"4,429","10,16,411",,
CRBN,iShares MSCI ACWI Low Carbon Target ETF,31/07/21,United States — 58.6%,Cincinnati Financial Corp.,"1,648","1,94,266",,
CRBN,iShares MSCI ACWI Low Carbon Target ETF,31/07/21,United States — 58.6%,Cintas Corp.,"1,236","4,87,206",,
CRBN,iShares MSCI ACWI Low Carbon Target ETF,31/07/21,United States — 58.6%,Cisco Systems Inc.,"55,105","30,51,164",,
CRBN,iShares MSCI ACWI Low Carbon Target ETF,31/07/21,United States — 58.6%,Citigroup Inc.,"29,046","19,64,091",,
CRBN,iShares MSCI ACWI Low Carbon Target ETF,31/07/21,United States — 58.6%,Citizens Financial Group Inc.,"9,064","3,82,138",,
CRBN,iShares MSCI ACWI Low Carbon Target ETF,31/07/21,United States — 58.6%,Citrix Systems Inc.,"1,442","1,45,282",,
CRBN,iShares MSCI ACWI Low Carbon Target ETF,31/07/21,United States — 58.6%,Clorox Co. (The),"1,442","2,60,843",,
CRBN,iShares MSCI ACWI Low Carbon Target ETF,31/07/21,United States — 58.6%,"Cloudflare Inc., Class","3,090","3,66,567",,
CRBN,iShares MSCI ACWI Low Carbon Target ETF,31/07/21,United States — 58.6%,CME Group Inc.,"4,532","9,61,373",,
CRBN,iShares MSCI ACWI Low Carbon Target ETF,31/07/21,United States — 58.6%,Coca-Cola Co. (The),"56,341","32,13,127",,
CRBN,iShares MSCI ACWI Low Carbon Target ETF,31/07/21,United States — 58.6%,Cognex Corp.,"3,296","2,97,991",,
CRBN,iShares MSCI ACWI Low Carbon Target ETF,31/07/21,United States — 58.6%,"Cognizant Technology Solutions Corp., Class","7,931","5,83,166",,
CRBN,iShares MSCI ACWI Low Carbon Target ETF,31/07/21,United States — 58.6%,Colgate-Palmolive Co.,"11,536","9,17,112",,
CRBN,iShares MSCI ACWI Low Carbon Target ETF,31/07/21,United States — 58.6%,"Comcast Corp., Class","57,474","33,81,195",,
CRBN,iShares MSCI ACWI Low Carbon Target ETF,31/07/21,United States — 58.6%,Conagra Brands Inc.,"7,107","2,38,013",,
CRBN,iShares MSCI ACWI Low Carbon Target ETF,31/07/21,United States — 58.6%,Consolidated Edison Inc.,"8,137","6,00,266",,
CRBN,iShares MSCI ACWI Low Carbon Target ETF,31/07/21,United States — 58.6%,"Constellation Brands Inc., Class","2,678","6,00,783",,
CRBN,iShares MSCI ACWI Low Carbon Target ETF,31/07/21,United States — 58.6%,Cooper Companies Inc. (The),515,"2,17,212",,
CRBN,iShares MSCI ACWI Low Carbon Target ETF,31/07/21,United States — 58.6%,Copart Inc.,"3,193","4,69,371",,
CRBN,iShares MSCI ACWI Low Carbon Target ETF,31/07/21,United States — 58.6%,Corning Inc.,"10,918","4,57,027",,
CRBN,iShares MSCI ACWI Low Carbon Target ETF,31/07/21,United States — 58.6%,Corteva Inc.,"11,021","4,71,478",,
CRBN,iShares MSCI ACWI Low Carbon Target ETF,31/07/21,United States — 58.6%,CoStar Group Inc.,"6,180","5,49,093",,
CRBN,iShares MSCI ACWI Low Carbon Target ETF,31/07/21,United States — 58.6%,Costco Wholesale Corp.,"6,283","26,99,931",,
CRBN,iShares MSCI ACWI Low Carbon Target ETF,31/07/21,United States — 58.6%,Coupa Software Inc.,618,"1,34,106",,
CRBN,iShares MSCI ACWI Low Carbon Target ETF,31/07/21,United States — 58.6%,"Crowdstrike Holdings Inc., Class","1,871","4,74,504",,
CRBN,iShares MSCI ACWI Low Carbon Target ETF,31/07/21,United States — 58.6%,Crown Castle International Corp.,"5,562","10,73,967",,
CRBN,iShares MSCI ACWI Low Carbon Target ETF,31/07/21,United States — 58.6%,Crown Holdings Inc.,"1,339","1,33,579",,
CRBN,iShares MSCI ACWI Low Carbon Target ETF,31/07/21,United States — 58.6%,CSX Corp.,"29,355","9,48,754",,
CRBN,iShares MSCI ACWI Low Carbon Target ETF,31/07/21,United States — 58.6%,Cummins Inc.,"1,648","3,82,501",,
CRBN,iShares MSCI ACWI Low Carbon Target ETF,31/07/21,United States — 58.6%,CVS Health Corp.,"16,995","13,99,708",,
CRBN,iShares MSCI ACWI Low Carbon Target ETF,31/07/21,United States — 58.6%,Danaher Corp.,"8,549","25,43,242",,
CRBN,iShares MSCI ACWI Low Carbon Target ETF,31/07/21,United States — 58.6%,Darden Restaurants Inc.,"1,854","2,70,462",,
CRBN,iShares MSCI ACWI Low Carbon Target ETF,31/07/21,United States — 58.6%,"Datadog Inc., Class","1,957","2,16,640",,
CRBN,iShares MSCI ACWI Low Carbon Target ETF,31/07/21,United States — 58.6%,DaVita Inc.,824,"99,086",,
CRBN,iShares MSCI ACWI Low Carbon Target ETF,31/07/21,United States — 58.6%,Deere & Co.,"3,708","13,40,776",,
CRBN,iShares MSCI ACWI Low Carbon Target ETF,31/07/21,United States — 58.6%,"Dell Technologies Inc., Class","4,429","4,27,930",,
CRBN,iShares MSCI ACWI Low Carbon Target ETF,31/07/21,United States — 58.6%,DENTSPLY SIRONA Inc.,"4,223","2,78,887",,
CRBN,iShares MSCI ACWI Low Carbon Target ETF,31/07/21,United States — 58.6%,Dexcom Inc.,"1,339","6,90,268",,
CRBN,iShares MSCI ACWI Low Carbon Target ETF,31/07/21,United States — 58.6%,Digital Realty Trust Inc.,"2,987","4,60,476",,
CRBN,iShares MSCI ACWI Low Carbon Target ETF,31/07/21,United States — 58.6%,Discover Financial Services,"2,575","3,20,124",,
CRBN,iShares MSCI ACWI Low Carbon Target ETF,31/07/21,United States — 58.6%,"DISH Network Corp., Class","4,532","1,89,845",,
CRBN,iShares MSCI ACWI Low Carbon Target ETF,31/07/21,United States — 58.6%,"DocuSign Inc., Class","2,190","6,52,708",,
CRBN,iShares MSCI ACWI Low Carbon Target ETF,31/07/21,United States — 58.6%,Dollar General Corp.,"2,987","6,94,896",,
CRBN,iShares MSCI ACWI Low Carbon Target ETF,31/07/21,United States — 58.6%,Dollar Tree Inc.,"2,369","2,36,403",,
CRBN,iShares MSCI ACWI Low Carbon Target ETF,31/07/21,United States — 58.6%,Domino’s Pizza Inc.,515,"2,70,627",,
CRBN,iShares MSCI ACWI Low Carbon Target ETF,31/07/21,United States — 58.6%,Dover Corp.,"2,266","3,78,694",,
CRBN,iShares MSCI ACWI Low Carbon Target ETF,31/07/21,United States — 58.6%,Dow Inc.,"2,613","1,62,424",,
CRBN,iShares MSCI ACWI Low Carbon Target ETF,31/07/21,United States — 58.6%,DR Horton Inc.,"1,969","1,87,902",,
CRBN,iShares MSCI ACWI Low Carbon Target ETF,31/07/21,United States — 58.6%,"DraftKings Inc., Class","3,193","1,54,861",,
CRBN,iShares MSCI ACWI Low Carbon Target ETF,31/07/21,United States — 58.6%,Duke Realty Corp.,"6,077","3,09,198",,
CRBN,iShares MSCI ACWI Low Carbon Target ETF,31/07/21,United States — 58.6%,DuPont de Nemours Inc.,"7,004","5,25,650",,
CRBN,iShares MSCI ACWI Low Carbon Target ETF,31/07/21,United States — 58.6%,Eaton Corp. PLC,"5,871","9,27,912",,
CRBN,iShares MSCI ACWI Low Carbon Target ETF,31/07/21,United States — 58.6%,eBay Inc.,"8,137","5,55,025",,
CRBN,iShares MSCI ACWI Low Carbon Target ETF,31/07/21,United States — 58.6%,Ecolab Inc.,"4,944","10,91,784",,
CRBN,iShares MSCI ACWI Low Carbon Target ETF,31/07/21,United States — 58.6%,Edison International,"8,961","4,88,375",,
CRBN,iShares MSCI ACWI Low Carbon Target ETF,31/07/21,United States — 58.6%,Edwards Lifesciences Corp.,"8,961","10,06,051",,
CRBN,iShares MSCI ACWI Low Carbon Target ETF,31/07/21,United States — 58.6%,Elanco Animal Health Inc.,"7,725","2,81,731",,
CRBN,iShares MSCI ACWI Low Carbon Target ETF,31/07/21,United States — 58.6%,Electronic Arts Inc.,"2,575","3,70,697",,
CRBN,iShares MSCI ACWI Low Carbon Target ETF,31/07/21,United States — 58.6%,Eli Lilly & Co.,"10,609","25,83,291",,
CRBN,iShares MSCI ACWI Low Carbon Target ETF,31/07/21,United States — 58.6%,Emerson Electric Co.,"9,888","9,97,600",,
CRBN,iShares MSCI ACWI Low Carbon Target ETF,31/07/21,United States — 58.6%,Enphase Energy Inc.,"2,163","4,10,105",,
CRBN,iShares MSCI ACWI Low Carbon Target ETF,31/07/21,United States — 58.6%,EPAM Systems Inc.,618,"3,45,956",,
CRBN,iShares MSCI ACWI Low Carbon Target ETF,31/07/21,United States — 58.6%,Equifax Inc.,"1,648","4,29,469",,
CRBN,iShares MSCI ACWI Low Carbon Target ETF,31/07/21,United States — 58.6%,Equinix Inc.,"1,133","9,29,525",,
CRBN,iShares MSCI ACWI Low Carbon Target ETF,31/07/21,United States — 58.6%,Equitable Holdings Inc.,"7,725","2,38,471",,
CRBN,iShares MSCI ACWI Low Carbon Target ETF,31/07/21,United States — 58.6%,Equity Residential,"6,283","5,28,589",,
CRBN,iShares MSCI ACWI Low Carbon Target ETF,31/07/21,United States — 58.6%,Essential Utilities Inc.,"20,188","9,91,635",,
CRBN,iShares MSCI ACWI Low Carbon Target ETF,31/07/21,United States — 58.6%,Essex Property Trust Inc.,721,"2,36,560",,
CRBN,iShares MSCI ACWI Low Carbon Target ETF,31/07/21,United States — 58.6%,"Estee Lauder Companies Inc. (The), Class","3,605","12,03,457",,
CRBN,iShares MSCI ACWI Low Carbon Target ETF,31/07/21,United States — 58.6%,Etsy Inc.,"1,545","2,83,523",,
CRBN,iShares MSCI ACWI Low Carbon Target ETF,31/07/21,United States — 58.6%,Everest Re Group Ltd.,515,"1,30,207",,
CRBN,iShares MSCI ACWI Low Carbon Target ETF,31/07/21,United States — 58.6%,Eversource Energy,"15,038","12,97,328",,
CRBN,iShares MSCI ACWI Low Carbon Target ETF,31/07/21,United States — 58.6%,Exact Sciences Corp.,"2,575","2,77,688",,
CRBN,iShares MSCI ACWI Low Carbon Target ETF,31/07/21,United States — 58.6%,Exelon Corp.,"3,605","1,68,714",,
CRBN,iShares MSCI ACWI Low Carbon Target ETF,31/07/21,United States — 58.6%,Expedia Group Inc.,"2,266","3,64,531",,
CRBN,iShares MSCI ACWI Low Carbon Target ETF,31/07/21,United States — 58.6%,Expeditors International Washington Inc.,"1,236","1,58,517",,
CRBN,iShares MSCI ACWI Low Carbon Target ETF,31/07/21,United States — 58.6%,Extra Space Storage Inc.,"1,545","2,69,046",,
CRBN,iShares MSCI ACWI Low Carbon Target ETF,31/07/21,United States — 58.6%,F5 Networks Inc.,"1,030","2,12,705",,
CRBN,iShares MSCI ACWI Low Carbon Target ETF,31/07/21,United States — 58.6%,"Facebook Inc., Class","30,900","1,10,09,670",,
CRBN,iShares MSCI ACWI Low Carbon Target ETF,31/07/21,United States — 58.6%,Fair Isaac Corp.,496,"2,59,859",,
CRBN,iShares MSCI ACWI Low Carbon Target ETF,31/07/21,United States — 58.6%,Fastenal Co.,"7,828","4,28,740",,
CRBN,iShares MSCI ACWI Low Carbon Target ETF,31/07/21,United States — 58.6%,FedEx Corp.,"2,575","7,20,871",,
CRBN,iShares MSCI ACWI Low Carbon Target ETF,31/07/21,United States — 58.6%,Fidelity National Financial Inc.,"4,102","1,82,990",,
CRBN,iShares MSCI ACWI Low Carbon Target ETF,31/07/21,United States — 58.6%,Fidelity National Information Services Inc.,"8,963","13,35,935",,
CRBN,iShares MSCI ACWI Low Carbon Target ETF,31/07/21,United States — 58.6%,Fifth Third Bancorp,"11,639","4,22,379",,
CRBN,iShares MSCI ACWI Low Carbon Target ETF,31/07/21,United States — 58.6%,First Republic Bank/CA,"1,236","2,41,045",,
CRBN,iShares MSCI ACWI Low Carbon Target ETF,31/07/21,United States — 58.6%,Fiserv Inc.,"8,670","9,98,004",,
CRBN,iShares MSCI ACWI Low Carbon Target ETF,31/07/21,United States — 58.6%,FleetCor Technologies Inc.,"1,133","2,92,563",,
CRBN,iShares MSCI ACWI Low Carbon Target ETF,31/07/21,United States — 58.6%,FMC Corp.,"4,223","4,51,650",,
CRBN,iShares MSCI ACWI Low Carbon Target ETF,31/07/21,United States — 58.6%,Ford Motor Co.,"44,599","6,22,156",,
CRBN,iShares MSCI ACWI Low Carbon Target ETF,31/07/21,United States — 58.6%,Fortinet Inc.,"1,442","3,92,570",,
CRBN,iShares MSCI ACWI Low Carbon Target ETF,31/07/21,United States — 58.6%,Fortive Corp.,"4,451","3,23,410",,
CRBN,iShares MSCI ACWI Low Carbon Target ETF,31/07/21,United States — 58.6%,Fortune Brands Home & Inc.,"2,163","2,10,828",,
CRBN,iShares MSCI ACWI Low Carbon Target ETF,31/07/21,United States — 58.6%,"Fox Corp., Class, NVS","5,665","2,02,014",,
CRBN,iShares MSCI ACWI Low Carbon Target ETF,31/07/21,United States — 58.6%,Freeport-McMoRan Inc.,"27,501","10,47,788",,
CRBN,iShares MSCI ACWI Low Carbon Target ETF,31/07/21,United States — 58.6%,Garmin Ltd.,"2,575","4,04,790",,
CRBN,iShares MSCI ACWI Low Carbon Target ETF,31/07/21,United States — 58.6%,Gartner Inc.,"1,545","4,09,008",,
CRBN,iShares MSCI ACWI Low Carbon Target ETF,31/07/21,United States — 58.6%,Generac Holdings Inc.,"1,030","4,31,941",,
CRBN,iShares MSCI ACWI Low Carbon Target ETF,31/07/21,United States — 58.6%,General Dynamics Corp.,"3,193","6,25,924",,
CRBN,iShares MSCI ACWI Low Carbon Target ETF,31/07/21,United States — 58.6%,General Electric Co.,"1,19,789","15,51,268",,
CRBN,iShares MSCI ACWI Low Carbon Target ETF,31/07/21,United States — 58.6%,General Mills Inc.,"7,416","4,36,506",,
CRBN,iShares MSCI ACWI Low Carbon Target ETF,31/07/21,United States — 58.6%,General Motors Co.,"15,862","9,01,596",,
CRBN,iShares MSCI ACWI Low Carbon Target ETF,31/07/21,United States — 58.6%,Genuine Parts Co.,"2,472","3,13,746",,
CRBN,iShares MSCI ACWI Low Carbon Target ETF,31/07/21,United States — 58.6%,Gilead Sciences Inc.,"17,304","11,81,690",,
CRBN,iShares MSCI ACWI Low Carbon Target ETF,31/07/21,United States — 58.6%,Global Payments Inc.,"3,708","7,17,164",,
CRBN,iShares MSCI ACWI Low Carbon Target ETF,31/07/21,United States — 58.6%,"GoDaddy Inc., Class","3,013","2,52,640",,
CRBN,iShares MSCI ACWI Low Carbon Target ETF,31/07/21,United States — 58.6%,Goldman Sachs Group Inc. (The),"4,635","17,37,569",,
CRBN,iShares MSCI ACWI Low Carbon Target ETF,31/07/21,United States — 58.6%,Halliburton Co.,"58,607","12,11,993",,
CRBN,iShares MSCI ACWI Low Carbon Target ETF,31/07/21,United States — 58.6%,Hartford Financial Services Group Inc. (The),"5,356","3,40,749",,
CRBN,iShares MSCI ACWI Low Carbon Target ETF,31/07/21,United States — 58.6%,Hasbro Inc.,"2,678","2,66,300",,
CRBN,iShares MSCI ACWI Low Carbon Target ETF,31/07/21,United States — 58.6%,HCA Healthcare Inc.,"3,296","8,18,067",,
CRBN,iShares MSCI ACWI Low Carbon Target ETF,31/07/21,United States — 58.6%,Healthpeak Properties Inc.,"4,990","1,84,480",,
CRBN,iShares MSCI ACWI Low Carbon Target ETF,31/07/21,United States — 58.6%,HEICO Corp.,"1,030","1,39,308",,
CRBN,iShares MSCI ACWI Low Carbon Target ETF,31/07/21,United States — 58.6%,Henry Schein Inc.,"2,575","2,06,386",,
CRBN,iShares MSCI ACWI Low Carbon Target ETF,31/07/21,United States — 58.6%,Hershey Co. (The),"2,266","4,05,342",,
CRBN,iShares MSCI ACWI Low Carbon Target ETF,31/07/21,United States — 58.6%,Hess Corp.,"7,313","5,59,006",,
CRBN,iShares MSCI ACWI Low Carbon Target ETF,31/07/21,United States — 58.6%,Hewlett Packard Enterprise Co.,"26,368","3,82,336",,
CRBN,iShares MSCI ACWI Low Carbon Target ETF,31/07/21,United States — 58.6%,Hilton Worldwide Holdings Inc.,"2,987","3,92,641",,
CRBN,iShares MSCI ACWI Low Carbon Target ETF,31/07/21,United States — 58.6%,Hologic Inc.,"3,399","2,55,061",,
CRBN,iShares MSCI ACWI Low Carbon Target ETF,31/07/21,United States — 58.6%,Home Depot Inc. (The),"13,802","45,29,678",,
CRBN,iShares MSCI ACWI Low Carbon Target ETF,31/07/21,United States — 58.6%,Honeywell International Inc.,"9,991","23,35,796",,
CRBN,iShares MSCI ACWI Low Carbon Target ETF,31/07/21,United States — 58.6%,Host Hotels & Resorts Inc.,"14,214","2,26,429",,
CRBN,iShares MSCI ACWI Low Carbon Target ETF,31/07/21,United States — 58.6%,Howmet Aerospace Inc.,"6,798","2,23,110",,
CRBN,iShares MSCI ACWI Low Carbon Target ETF,31/07/21,United States — 58.6%,HP Inc.,"19,467","5,62,012",,
CRBN,iShares MSCI ACWI Low Carbon Target ETF,31/07/21,United States — 58.6%,HubSpot Inc.,515,"3,06,950",,
CRBN,iShares MSCI ACWI Low Carbon Target ETF,31/07/21,United States — 58.6%,Humana Inc.,"1,545","6,57,954",,
CRBN,iShares MSCI ACWI Low Carbon Target ETF,31/07/21,United States — 58.6%,Huntington Bancshares Inc./OH,"16,171","2,27,688",,
CRBN,iShares MSCI ACWI Low Carbon Target ETF,31/07/21,United States — 58.6%,IAC/InterActiveCorp.,"1,133","1,55,550",,
CRBN,iShares MSCI ACWI Low Carbon Target ETF,31/07/21,United States — 58.6%,IDEX Corp.,"1,135","2,57,293",,
CRBN,iShares MSCI ACWI Low Carbon Target ETF,31/07/21,United States — 58.6%,IDEXX Laboratories Inc.,"1,030","6,98,886",,
CRBN,iShares MSCI ACWI Low Carbon Target ETF,31/07/21,United States — 58.6%,IHS Markit Ltd.,"5,356","6,25,795",,
CRBN,iShares MSCI ACWI Low Carbon Target ETF,31/07/21,United States — 58.6%,Illinois Tool Works Inc.,"4,223","9,57,227",,
CRBN,iShares MSCI ACWI Low Carbon Target ETF,31/07/21,United States — 58.6%,Illumina Inc.,"2,060","10,21,245",,
CRBN,iShares MSCI ACWI Low Carbon Target ETF,31/07/21,United States — 58.6%,Incyte Corp.,"3,296","2,54,946",,
CRBN,iShares MSCI ACWI Low Carbon Target ETF,31/07/21,United States — 58.6%,Ingersoll Rand Inc.,"4,781","2,33,647",,
CRBN,iShares MSCI ACWI Low Carbon Target ETF,31/07/21,United States — 58.6%,Insulet Corp.,618,"1,72,848",,
CRBN,iShares MSCI ACWI Low Carbon Target ETF,31/07/21,United States — 58.6%,Intel Corp.,"53,869","28,93,843",,
CRBN,iShares MSCI ACWI Low Carbon Target ETF,31/07/21,United States — 58.6%,Intercontinental Exchange Inc.,"6,077","7,28,207",,
CRBN,iShares MSCI ACWI Low Carbon Target ETF,31/07/21,United States — 58.6%,International Business Machines Corp.,"12,978","18,29,379",,
CRBN,iShares MSCI ACWI Low Carbon Target ETF,31/07/21,United States — 58.6%,International Flavors & Fragrances Inc.,"4,738","7,13,732",,
CRBN,iShares MSCI ACWI Low Carbon Target ETF,31/07/21,United States — 58.6%,Interpublic Group Companies Inc. (The),"7,519","2,65,872",,
CRBN,iShares MSCI ACWI Low Carbon Target ETF,31/07/21,United States — 58.6%,Intuit Inc.,"3,399","18,01,368",,
CRBN,iShares MSCI ACWI Low Carbon Target ETF,31/07/21,United States — 58.6%,Intuitive Surgical Inc.,"1,648","16,33,926",,
CRBN,iShares MSCI ACWI Low Carbon Target ETF,31/07/21,United States — 58.6%,Invesco Ltd.,"7,725","1,88,336",,
CRBN,iShares MSCI ACWI Low Carbon Target ETF,31/07/21,United States — 58.6%,Invitation Homes Inc.,"7,725","3,14,253",,
CRBN,iShares MSCI ACWI Low Carbon Target ETF,31/07/21,United States — 58.6%,IQVIA Holdings Inc.,"3,193","7,90,906",,
CRBN,iShares MSCI ACWI Low Carbon Target ETF,31/07/21,United States — 58.6%,Iron Mountain Inc.,"5,356","2,34,379",,
CRBN,iShares MSCI ACWI Low Carbon Target ETF,31/07/21,United States — 58.6%,Jack Henry & Associates Inc.,"1,648","2,86,900",,
CRBN,iShares MSCI ACWI Low Carbon Target ETF,31/07/21,United States — 58.6%,Jacobs Engineering Group Inc.,"2,163","2,92,546",,
CRBN,iShares MSCI ACWI Low Carbon Target ETF,31/07/21,United States — 58.6%,Jazz Pharmaceuticals PLC,"1,442","2,44,448",,
CRBN,iShares MSCI ACWI Low Carbon Target ETF,31/07/21,United States — 58.6%,JM Smucker Co. (The),"1,648","2,16,069",,
CRBN,iShares MSCI ACWI Low Carbon Target ETF,31/07/21,United States — 58.6%,Johnson & Johnson,"35,020","60,30,444",,
CRBN,iShares MSCI ACWI Low Carbon Target ETF,31/07/21,United States — 58.6%,Johnson Controls International PLC,"13,184","9,41,601",,
CRBN,iShares MSCI ACWI Low Carbon Target ETF,31/07/21,United States — 58.6%,JPMorgan Chase & Co.,"38,038","57,73,408",,
CRBN,iShares MSCI ACWI Low Carbon Target ETF,31/07/21,United States — 58.6%,Juniper Networks Inc.,"7,416","2,08,686",,
CRBN,iShares MSCI ACWI Low Carbon Target ETF,31/07/21,United States — 58.6%,Kansas City Southern,"1,133","3,03,417",,
CRBN,iShares MSCI ACWI Low Carbon Target ETF,31/07/21,United States — 58.6%,Kellogg Co.,"4,078","2,58,382",,
CRBN,iShares MSCI ACWI Low Carbon Target ETF,31/07/21,United States — 58.6%,Keurig Dr Pepper Inc.,"10,300","3,62,663",,
CRBN,iShares MSCI ACWI Low Carbon Target ETF,31/07/21,United States — 58.6%,KeyCorp,"18,643","3,66,521",,
CRBN,iShares MSCI ACWI Low Carbon Target ETF,31/07/21,United States — 58.6%,Keysight Technologies Inc.,"1,854","3,05,076",,
CRBN,iShares MSCI ACWI Low Carbon Target ETF,31/07/21,United States — 58.6%,Kimberly-Clark Corp.,"2,163","2,93,562",,
CRBN,iShares MSCI ACWI Low Carbon Target ETF,31/07/21,United States — 58.6%,Kinder Morgan Inc.,"1,04,030","18,08,041",,
CRBN,iShares MSCI ACWI Low Carbon Target ETF,31/07/21,United States — 58.6%,KKR & Co. Inc.,"5,974","3,80,902",,
CRBN,iShares MSCI ACWI Low Carbon Target ETF,31/07/21,United States — 58.6%,KLA Corp.,"2,266","7,88,931",,
CRBN,iShares MSCI ACWI Low Carbon Target ETF,31/07/21,United States — 58.6%,Kraft Heinz Co. (The),"11,330","4,35,865",,
CRBN,iShares MSCI ACWI Low Carbon Target ETF,31/07/21,United States — 58.6%,Kroger Co. (The),"4,429","1,80,260",,
CRBN,iShares MSCI ACWI Low Carbon Target ETF,31/07/21,United States — 58.6%,L Brands Inc.,"3,193","2,55,664",,
CRBN,iShares MSCI ACWI Low Carbon Target ETF,31/07/21,United States — 58.6%,L3Harris Technologies Inc.,"2,208","5,00,642",,
CRBN,iShares MSCI ACWI Low Carbon Target ETF,31/07/21,United States — 58.6%,Laboratory Corp. America Holdings,"1,133","3,35,538",,
CRBN,iShares MSCI ACWI Low Carbon Target ETF,31/07/21,United States — 58.6%,Lam Research Corp.,"1,957","12,47,411",,
CRBN,iShares MSCI ACWI Low Carbon Target ETF,31/07/21,United States — 58.6%,Lamb Weston Holdings Inc.,"2,369","1,58,178",,
CRBN,iShares MSCI ACWI Low Carbon Target ETF,31/07/21,United States — 58.6%,Las Vegas Sands Corp.,"5,047","2,13,740",,
CRBN,iShares MSCI ACWI Low Carbon Target ETF,31/07/21,United States — 58.6%,Leidos Holdings Inc.,"2,472","2,63,070",,
CRBN,iShares MSCI ACWI Low Carbon Target ETF,31/07/21,United States — 58.6%,"Lennar Corp., Class","3,399","3,57,405",,
CRBN,iShares MSCI ACWI Low Carbon Target ETF,31/07/21,United States — 58.6%,Lennox International Inc.,509,"1,67,680",,
CRBN,iShares MSCI ACWI Low Carbon Target ETF,31/07/21,United States — 58.6%,"Liberty Broadband Corp., Class, NVS","1,854","3,29,066",,
CRBN,iShares MSCI ACWI Low Carbon Target ETF,31/07/21,United States — 58.6%,"Liberty Global PLC, Class","7,004","1,88,057",,
CRBN,iShares MSCI ACWI Low Carbon Target ETF,31/07/21,United States — 58.6%,"Liberty Media Corp.-Liberty SiriusXM, Class","3,914","1,82,745",,
CRBN,iShares MSCI ACWI Low Carbon Target ETF,31/07/21,United States — 58.6%,Lincoln National Corp.,"4,326","2,66,568",,
CRBN,iShares MSCI ACWI Low Carbon Target ETF,31/07/21,United States — 58.6%,Live Nation Entertainment Inc.,"2,727","2,15,133",,
CRBN,iShares MSCI ACWI Low Carbon Target ETF,31/07/21,United States — 58.6%,LKQ Corp.,"3,914","1,98,636",,
CRBN,iShares MSCI ACWI Low Carbon Target ETF,31/07/21,United States — 58.6%,Lockheed Martin Corp.,"2,987","11,10,178",,
CRBN,iShares MSCI ACWI Low Carbon Target ETF,31/07/21,United States — 58.6%,Loews Corp.,"9,476","5,08,198",,
CRBN,iShares MSCI ACWI Low Carbon Target ETF,31/07/21,United States — 58.6%,Lowe’s Companies Inc.,"9,270","17,86,236",,
CRBN,iShares MSCI ACWI Low Carbon Target ETF,31/07/21,United States — 58.6%,Lululemon Athletica Inc.,"1,854","7,41,915",,
CRBN,iShares MSCI ACWI Low Carbon Target ETF,31/07/21,United States — 58.6%,"Lyft Inc., Class","5,459","3,01,992",,
CRBN,iShares MSCI ACWI Low Carbon Target ETF,31/07/21,United States — 58.6%,M&T Bank Corp.,"1,751","2,34,371",,
CRBN,iShares MSCI ACWI Low Carbon Target ETF,31/07/21,United States — 58.6%,Markel Corp.,103,"1,24,236",,
CRBN,iShares MSCI ACWI Low Carbon Target ETF,31/07/21,United States — 58.6%,MarketAxess Holdings Inc.,412,"1,95,770",,
CRBN,iShares MSCI ACWI Low Carbon Target ETF,31/07/21,United States — 58.6%,"Marriott International Inc./MD, Class","1,442","2,10,503",,
CRBN,iShares MSCI ACWI Low Carbon Target ETF,31/07/21,United States — 58.6%,Marsh & McLennan Companies Inc.,"7,210","10,61,456",,
CRBN,iShares MSCI ACWI Low Carbon Target ETF,31/07/21,United States — 58.6%,Martin Marietta Materials Inc.,"1,133","4,11,619",,
CRBN,iShares MSCI ACWI Low Carbon Target ETF,31/07/21,United States — 58.6%,Marvell Technology Inc.,"11,948","7,22,973",,
CRBN,iShares MSCI ACWI Low Carbon Target ETF,31/07/21,United States — 58.6%,Masco Corp.,"5,150","3,07,507",,
CRBN,iShares MSCI ACWI Low Carbon Target ETF,31/07/21,United States — 58.6%,"Mastercard Inc., Class","11,639","44,91,956",,
CRBN,iShares MSCI ACWI Low Carbon Target ETF,31/07/21,United States — 58.6%,Match Group Inc.,"3,296","5,24,954",,
CRBN,iShares MSCI ACWI Low Carbon Target ETF,31/07/21,United States — 58.6%,Maxim Integrated Products Inc.,"2,060","2,05,815",,
CRBN,iShares MSCI ACWI Low Carbon Target ETF,31/07/21,United States — 58.6%,"McCormick & Co. Inc./MD, NVS","4,738","3,98,797",,
CRBN,iShares MSCI ACWI Low Carbon Target ETF,31/07/21,United States — 58.6%,McDonald’s Corp.,"9,064","21,99,923",,
CRBN,iShares MSCI ACWI Low Carbon Target ETF,31/07/21,United States — 58.6%,McKesson Corp.,"2,060","4,19,890",,
CRBN,iShares MSCI ACWI Low Carbon Target ETF,31/07/21,United States — 58.6%,Medical Properties Trust Inc.,"7,725","1,62,457",,
CRBN,iShares MSCI ACWI Low Carbon Target ETF,31/07/21,United States — 58.6%,Medtronic PLC,"18,242","23,95,357",,
CRBN,iShares MSCI ACWI Low Carbon Target ETF,31/07/21,United States — 58.6%,MercadoLibre Inc.,618,"9,69,457",,
CRBN,iShares MSCI ACWI Low Carbon Target ETF,31/07/21,United States — 58.6%,Merck & Co. Inc.,"34,814","26,76,152",,
CRBN,iShares MSCI ACWI Low Carbon Target ETF,31/07/21,United States — 58.6%,MetLife Inc.,"12,669","7,31,001",,
CRBN,iShares MSCI ACWI Low Carbon Target ETF,31/07/21,United States — 58.6%,Mettler-Toledo International Inc.,309,"4,55,376",,
CRBN,iShares MSCI ACWI Low Carbon Target ETF,31/07/21,United States — 58.6%,MGM Resorts International,"6,283","2,35,801",,
CRBN,iShares MSCI ACWI Low Carbon Target ETF,31/07/21,United States — 58.6%,Microchip Technology Inc.,"3,399","4,86,465",,
CRBN,iShares MSCI ACWI Low Carbon Target ETF,31/07/21,United States — 58.6%,Micron Technology Inc.,"14,214","11,02,722",,
CRBN,iShares MSCI ACWI Low Carbon Target ETF,31/07/21,United States — 58.6%,Microsoft Corp.,"91,567","2,60,88,354",,
CRBN,iShares MSCI ACWI Low Carbon Target ETF,31/07/21,United States — 58.6%,Moderna Inc.,"4,326","15,29,674",,
CRBN,iShares MSCI ACWI Low Carbon Target ETF,31/07/21,United States — 58.6%,Molina Healthcare Inc.,628,"1,71,450",,
CRBN,iShares MSCI ACWI Low Carbon Target ETF,31/07/21,United States — 58.6%,"Molson Coors Beverage Co., Class","3,296","1,61,141",,
CRBN,iShares MSCI ACWI Low Carbon Target ETF,31/07/21,United States — 58.6%,"Mondelez International Inc., Class","20,394","12,90,124",,
CRBN,iShares MSCI ACWI Low Carbon Target ETF,31/07/21,United States — 58.6%,"MongoDB Inc., Class",721,"2,58,781",,
CRBN,iShares MSCI ACWI Low Carbon Target ETF,31/07/21,United States — 58.6%,Monster Beverage Corp.,"6,695","6,31,472",,
CRBN,iShares MSCI ACWI Low Carbon Target ETF,31/07/21,United States — 58.6%,Moody’s Corp.,"1,854","6,97,104",,
CRBN,iShares MSCI ACWI Low Carbon Target ETF,31/07/21,United States — 58.6%,Morgan Stanley,"18,437","17,69,583",,
CRBN,iShares MSCI ACWI Low Carbon Target ETF,31/07/21,United States — 58.6%,Mosaic Co. (The),"5,974","1,86,568",,
CRBN,iShares MSCI ACWI Low Carbon Target ETF,31/07/21,United States — 58.6%,Motorola Solutions Inc.,"2,266","5,07,403",,
CRBN,iShares MSCI ACWI Low Carbon Target ETF,31/07/21,United States — 58.6%,"MSCI Inc., Class",927,"5,52,455",,
CRBN,iShares MSCI ACWI Low Carbon Target ETF,31/07/21,United States — 58.6%,NetApp Inc.,"3,811","3,03,317",,
CRBN,iShares MSCI ACWI Low Carbon Target ETF,31/07/21,United States — 58.6%,Netflix Inc.,"5,768","29,85,344",,
CRBN,iShares MSCI ACWI Low Carbon Target ETF,31/07/21,United States — 58.6%,Newell Brands Inc.,"8,343","2,06,489",,
CRBN,iShares MSCI ACWI Low Carbon Target ETF,31/07/21,United States — 58.6%,Newmont Corp.,"11,433","7,18,221",,
CRBN,iShares MSCI ACWI Low Carbon Target ETF,31/07/21,United States — 58.6%,"News Corp., Class, NVS","6,489","1,59,824",,
CRBN,iShares MSCI ACWI Low Carbon Target ETF,31/07/21,United States — 58.6%,NextEra Energy Inc.,"22,763","17,73,238",,
CRBN,iShares MSCI ACWI Low Carbon Target ETF,31/07/21,United States — 58.6%,"Nike Inc., Class","16,686","27,95,072",,
CRBN,iShares MSCI ACWI Low Carbon Target ETF,31/07/21,United States — 58.6%,Norfolk Southern Corp.,"3,399","8,76,364",,
CRBN,iShares MSCI ACWI Low Carbon Target ETF,31/07/21,United States — 58.6%,Northern Trust Corp.,"2,163","2,44,095",,
CRBN,iShares MSCI ACWI Low Carbon Target ETF,31/07/21,United States — 58.6%,Northrop Grumman Corp.,"1,854","6,73,039",,
CRBN,iShares MSCI ACWI Low Carbon Target ETF,31/07/21,United States — 58.6%,NortonLifeLock Inc.,"8,446","2,09,630",,
CRBN,iShares MSCI ACWI Low Carbon Target ETF,31/07/21,United States — 58.6%,Novocure Ltd.,"1,442","2,22,082",,
CRBN,iShares MSCI ACWI Low Carbon Target ETF,31/07/21,United States — 58.6%,NVIDIA Corp.,"32,548","63,46,535",,
CRBN,iShares MSCI ACWI Low Carbon Target ETF,31/07/21,United States — 58.6%,Okta Inc.,"1,442","3,57,313",,
CRBN,iShares MSCI ACWI Low Carbon Target ETF,31/07/21,United States — 58.6%,Old Dominion Freight Line Inc.,"1,236","3,32,669",,
CRBN,iShares MSCI ACWI Low Carbon Target ETF,31/07/21,United States — 58.6%,Omega Healthcare Investors Inc.,"4,120","1,49,474",,
CRBN,iShares MSCI ACWI Low Carbon Target ETF,31/07/21,United States — 58.6%,Omnicom Group Inc.,"2,163","1,57,510",,
CRBN,iShares MSCI ACWI Low Carbon Target ETF,31/07/21,United States — 58.6%,ONEOK Inc.,"11,536","5,99,526",,
CRBN,iShares MSCI ACWI Low Carbon Target ETF,31/07/21,United States — 58.6%,Oracle Corp.,"25,132","21,90,002",,
CRBN,iShares MSCI ACWI Low Carbon Target ETF,31/07/21,United States — 58.6%,O’Reilly Automotive Inc.,824,"4,97,564",,
CRBN,iShares MSCI ACWI Low Carbon Target ETF,31/07/21,United States — 58.6%,Otis Worldwide Corp.,"6,298","5,63,986",,
CRBN,iShares MSCI ACWI Low Carbon Target ETF,31/07/21,United States — 58.6%,PACCAR Inc.,"3,193","2,64,987",,
CRBN,iShares MSCI ACWI Low Carbon Target ETF,31/07/21,United States — 58.6%,"Palantir Technologies Inc., Class","9,476","2,05,724",,
CRBN,iShares MSCI ACWI Low Carbon Target ETF,31/07/21,United States — 58.6%,Palo Alto Networks Inc.,"1,133","4,52,124",,
CRBN,iShares MSCI ACWI Low Carbon Target ETF,31/07/21,United States — 58.6%,Parker-Hannifin Corp.,"1,751","5,46,365",,
CRBN,iShares MSCI ACWI Low Carbon Target ETF,31/07/21,United States — 58.6%,Paychex Inc.,"5,150","5,86,173",,
CRBN,iShares MSCI ACWI Low Carbon Target ETF,31/07/21,United States — 58.6%,Paycom Software Inc.,721,"2,88,400",,
CRBN,iShares MSCI ACWI Low Carbon Target ETF,31/07/21,United States — 58.6%,PayPal Holdings Inc.,"14,317","39,44,763",,
CRBN,iShares MSCI ACWI Low Carbon Target ETF,31/07/21,United States — 58.6%,"Peloton Interactive Inc., Class","3,708","4,37,729",,
CRBN,iShares MSCI ACWI Low Carbon Target ETF,31/07/21,United States — 58.6%,Pentair PLC,"2,808","2,06,865",,
CRBN,iShares MSCI ACWI Low Carbon Target ETF,31/07/21,United States — 58.6%,PepsiCo Inc.,"18,437","28,93,687",,
CRBN,iShares MSCI ACWI Low Carbon Target ETF,31/07/21,United States — 58.6%,PerkinElmer Inc.,"1,648","3,00,315",,
CRBN,iShares MSCI ACWI Low Carbon Target ETF,31/07/21,United States — 58.6%,Pfizer Inc.,"72,821","31,17,467",,
CRBN,iShares MSCI ACWI Low Carbon Target ETF,31/07/21,United States — 58.6%,PG&E Corp.,"13,905","1,22,225",,
CRBN,iShares MSCI ACWI Low Carbon Target ETF,31/07/21,United States — 58.6%,Philip Morris International Inc.,"21,115","21,13,400",,
CRBN,iShares MSCI ACWI Low Carbon Target ETF,31/07/21,United States — 58.6%,"Pinterest Inc., Class","7,107","4,18,602",,
CRBN,iShares MSCI ACWI Low Carbon Target ETF,31/07/21,United States — 58.6%,Pioneer Natural Resources Co.,"12,566","18,26,719",,
CRBN,iShares MSCI ACWI Low Carbon Target ETF,31/07/21,United States — 58.6%,Plug Power Inc.,"8,446","2,30,407",,
CRBN,iShares MSCI ACWI Low Carbon Target ETF,31/07/21,United States — 58.6%,PNC Financial Services Group Inc. (The),"5,974","10,89,717",,
CRBN,iShares MSCI ACWI Low Carbon Target ETF,31/07/21,United States — 58.6%,Pool Corp.,618,"2,95,293",,
CRBN,iShares MSCI ACWI Low Carbon Target ETF,31/07/21,United States — 58.6%,PPG Industries Inc.,"5,562","9,09,498",,
CRBN,iShares MSCI ACWI Low Carbon Target ETF,31/07/21,United States — 58.6%,Principal Financial Group Inc.,"4,738","2,94,372",,
CRBN,iShares MSCI ACWI Low Carbon Target ETF,31/07/21,United States — 58.6%,Procter & Gamble Co. (The),"33,990","48,34,398",,
CRBN,iShares MSCI ACWI Low Carbon Target ETF,31/07/21,United States — 58.6%,Progressive Corp. (The),"7,725","7,35,111",,
CRBN,iShares MSCI ACWI Low Carbon Target ETF,31/07/21,United States — 58.6%,Prologis Inc.,"10,094","12,92,436",,
CRBN,iShares MSCI ACWI Low Carbon Target ETF,31/07/21,United States — 58.6%,Prudential Financial Inc.,"7,313","7,33,348",,
CRBN,iShares MSCI ACWI Low Carbon Target ETF,31/07/21,United States — 58.6%,PTC Inc.,"2,266","3,06,930",,
CRBN,iShares MSCI ACWI Low Carbon Target ETF,31/07/21,United States — 58.6%,Public Storage,"1,957","6,11,523",,
CRBN,iShares MSCI ACWI Low Carbon Target ETF,31/07/21,United States — 58.6%,PulteGroup Inc.,"3,090","1,69,548",,
CRBN,iShares MSCI ACWI Low Carbon Target ETF,31/07/21,United States — 58.6%,Qorvo Inc.,"1,339","2,53,861",,
CRBN,iShares MSCI ACWI Low Carbon Target ETF,31/07/21,United States — 58.6%,QUALCOMM Inc.,"15,038","22,52,692",,
CRBN,iShares MSCI ACWI Low Carbon Target ETF,31/07/21,United States — 58.6%,Quest Diagnostics Inc.,"1,545","2,19,081",,
CRBN,iShares MSCI ACWI Low Carbon Target ETF,31/07/21,United States — 58.6%,Raytheon Technologies Corp.,"21,740","18,90,293",,
CRBN,iShares MSCI ACWI Low Carbon Target ETF,31/07/21,United States — 58.6%,Realty Income Corp.,"2,472","1,73,757",,
CRBN,iShares MSCI ACWI Low Carbon Target ETF,31/07/21,United States — 58.6%,Regency Centers Corp.,"2,472","1,61,694",,
CRBN,iShares MSCI ACWI Low Carbon Target ETF,31/07/21,United States — 58.6%,Regeneron Pharmaceuticals Inc.,"1,133","6,51,033",,
CRBN,iShares MSCI ACWI Low Carbon Target ETF,31/07/21,United States — 58.6%,Regions Financial Corp.,"16,583","3,19,223",,
CRBN,iShares MSCI ACWI Low Carbon Target ETF,31/07/21,United States — 58.6%,Reinsurance Group America Inc.,927,"1,02,137",,
CRBN,iShares MSCI ACWI Low Carbon Target ETF,31/07/21,United States — 58.6%,ResMed Inc.,"1,854","5,03,917",,
CRBN,iShares MSCI ACWI Low Carbon Target ETF,31/07/21,United States — 58.6%,"RingCentral Inc., Class",721,"1,92,702",,
CRBN,iShares MSCI ACWI Low Carbon Target ETF,31/07/21,United States — 58.6%,Robert Half International Inc.,"2,266","2,22,544",,
CRBN,iShares MSCI ACWI Low Carbon Target ETF,31/07/21,United States — 58.6%,Rockwell Automation Inc.,"1,442","4,43,300",,
CRBN,iShares MSCI ACWI Low Carbon Target ETF,31/07/21,United States — 58.6%,Roku Inc.,"1,545","6,61,739",,
CRBN,iShares MSCI ACWI Low Carbon Target ETF,31/07/21,United States — 58.6%,Rollins Inc.,"5,705","2,18,673",,
CRBN,iShares MSCI ACWI Low Carbon Target ETF,31/07/21,United States — 58.6%,Roper Technologies Inc.,"1,545","7,59,120",,
CRBN,iShares MSCI ACWI Low Carbon Target ETF,31/07/21,United States — 58.6%,Ross Stores Inc.,"4,841","5,93,942",,
CRBN,iShares MSCI ACWI Low Carbon Target ETF,31/07/21,United States — 58.6%,Royal Caribbean Cruises Ltd.,"2,781","2,13,775",,
CRBN,iShares MSCI ACWI Low Carbon Target ETF,31/07/21,United States — 58.6%,S&P Global Inc.,"3,090","13,24,745",,
CRBN,iShares MSCI ACWI Low Carbon Target ETF,31/07/21,United States — 58.6%,salesforce.com Inc.,"12,198","29,50,962",,
CRBN,iShares MSCI ACWI Low Carbon Target ETF,31/07/21,United States — 58.6%,"SBA Communications Corp., Class","1,442","4,91,708",,
CRBN,iShares MSCI ACWI Low Carbon Target ETF,31/07/21,United States — 58.6%,Schlumberger Ltd.,"53,148","15,32,257",,
CRBN,iShares MSCI ACWI Low Carbon Target ETF,31/07/21,United States — 58.6%,Seagen Inc.,"1,236","1,89,590",,
CRBN,iShares MSCI ACWI Low Carbon Target ETF,31/07/21,United States — 58.6%,Sealed Air Corp.,"3,914","2,22,120",,
CRBN,iShares MSCI ACWI Low Carbon Target ETF,31/07/21,United States — 58.6%,Sempra Energy,"5,670","7,40,786",,
CRBN,iShares MSCI ACWI Low Carbon Target ETF,31/07/21,United States — 58.6%,ServiceNow Inc.,"2,472","14,53,264",,
CRBN,iShares MSCI ACWI Low Carbon Target ETF,31/07/21,United States — 58.6%,Sherwin-Williams Co. (The),"4,017","11,69,068",,
CRBN,iShares MSCI ACWI Low Carbon Target ETF,31/07/21,United States — 58.6%,Simon Property Group Inc.,"4,841","6,12,483",,
CRBN,iShares MSCI ACWI Low Carbon Target ETF,31/07/21,United States — 58.6%,Skyworks Solutions Inc.,"2,266","4,18,100",,
CRBN,iShares MSCI ACWI Low Carbon Target ETF,31/07/21,United States — 58.6%,"Snap Inc., Class, NVS","12,772","9,50,492",,
CRBN,iShares MSCI ACWI Low Carbon Target ETF,31/07/21,United States — 58.6%,Snap-on Inc.,"1,133","2,46,971",,
CRBN,iShares MSCI ACWI Low Carbon Target ETF,31/07/21,United States — 58.6%,"Snowflake Inc., Class",721,"1,91,584",,
CRBN,iShares MSCI ACWI Low Carbon Target ETF,31/07/21,United States — 58.6%,SolarEdge Technologies Inc.,824,"2,13,812",,
CRBN,iShares MSCI ACWI Low Carbon Target ETF,31/07/21,United States — 58.6%,Splunk Inc.,"1,751","2,48,607",,
CRBN,iShares MSCI ACWI Low Carbon Target ETF,31/07/21,United States — 58.6%,"Square Inc., Class","5,150","12,73,389",,
CRBN,iShares MSCI ACWI Low Carbon Target ETF,31/07/21,United States — 58.6%,SS&C Technologies Holdings Inc.,"2,266","1,77,632",,
CRBN,iShares MSCI ACWI Low Carbon Target ETF,31/07/21,United States — 58.6%,Stanley Black & Decker Inc.,"2,472","4,87,108",,
CRBN,iShares MSCI ACWI Low Carbon Target ETF,31/07/21,United States — 58.6%,Starbucks Corp.,"17,304","21,01,225",,
CRBN,iShares MSCI ACWI Low Carbon Target ETF,31/07/21,United States — 58.6%,State Street Corp.,"5,205","4,53,564",,
CRBN,iShares MSCI ACWI Low Carbon Target ETF,31/07/21,United States — 58.6%,Stryker Corp.,"4,635","12,55,807",,
CRBN,iShares MSCI ACWI Low Carbon Target ETF,31/07/21,United States — 58.6%,Sun Communities Inc.,"1,030","2,01,993",,
CRBN,iShares MSCI ACWI Low Carbon Target ETF,31/07/21,United States — 58.6%,Sunrun Inc.,"4,326","2,29,148",,
CRBN,iShares MSCI ACWI Low Carbon Target ETF,31/07/21,United States — 58.6%,SVB Financial Group,721,"3,96,521",,
CRBN,iShares MSCI ACWI Low Carbon Target ETF,31/07/21,United States — 58.6%,Synchrony Financial,"7,004","3,29,328",,
CRBN,iShares MSCI ACWI Low Carbon Target ETF,31/07/21,United States — 58.6%,Synopsys Inc.,"1,339","3,85,619",,
CRBN,iShares MSCI ACWI Low Carbon Target ETF,31/07/21,United States — 58.6%,Sysco Corp.,"8,343","6,19,051",,
CRBN,iShares MSCI ACWI Low Carbon Target ETF,31/07/21,United States — 58.6%,T Rowe Price Group Inc.,"2,369","4,83,655",,
CRBN,iShares MSCI ACWI Low Carbon Target ETF,31/07/21,United States — 58.6%,Take-Two Interactive Software Inc.,"1,030","1,78,623",,
CRBN,iShares MSCI ACWI Low Carbon Target ETF,31/07/21,United States — 58.6%,Target Corp.,"6,283","16,40,177",,
CRBN,iShares MSCI ACWI Low Carbon Target ETF,31/07/21,United States — 58.6%,TE Connectivity Ltd.,"5,974","8,80,986",,
CRBN,iShares MSCI ACWI Low Carbon Target ETF,31/07/21,United States — 58.6%,Teladoc Health Inc.,"2,060","3,05,807",,
CRBN,iShares MSCI ACWI Low Carbon Target ETF,31/07/21,United States — 58.6%,Teledyne Technologies Inc.,515,"2,33,177",,
CRBN,iShares MSCI ACWI Low Carbon Target ETF,31/07/21,United States — 58.6%,Teleflex Inc.,515,"2,04,676",,
CRBN,iShares MSCI ACWI Low Carbon Target ETF,31/07/21,United States — 58.6%,Teradyne Inc.,"2,472","3,13,944",,
CRBN,iShares MSCI ACWI Low Carbon Target ETF,31/07/21,United States — 58.6%,Tesla Inc.,"10,094","69,36,597",,
CRBN,iShares MSCI ACWI Low Carbon Target ETF,31/07/21,United States — 58.6%,Texas Instruments Inc.,"11,845","22,57,894",,
CRBN,iShares MSCI ACWI Low Carbon Target ETF,31/07/21,United States — 58.6%,Textron Inc.,"2,987","2,06,133",,
CRBN,iShares MSCI ACWI Low Carbon Target ETF,31/07/21,United States — 58.6%,Thermo Fisher Scientific Inc.,"5,253","28,36,673",,
CRBN,iShares MSCI ACWI Low Carbon Target ETF,31/07/21,United States — 58.6%,TJX Companies Inc. (The),"16,583","11,41,076",,
CRBN,iShares MSCI ACWI Low Carbon Target ETF,31/07/21,United States — 58.6%,T-Mobile U.S. Inc.,"8,034","11,57,057",,
CRBN,iShares MSCI ACWI Low Carbon Target ETF,31/07/21,United States — 58.6%,Tractor Supply Co.,"1,442","2,60,901",,
CRBN,iShares MSCI ACWI Low Carbon Target ETF,31/07/21,United States — 58.6%,"Trade Desk Inc. (The), Class","5,665","4,64,020",,
CRBN,iShares MSCI ACWI Low Carbon Target ETF,31/07/21,United States — 58.6%,"Tradeweb Markets Inc., Class","1,442","1,25,065",,
CRBN,iShares MSCI ACWI Low Carbon Target ETF,31/07/21,United States — 58.6%,TransDigm Group Inc.,721,"4,62,226",,
CRBN,iShares MSCI ACWI Low Carbon Target ETF,31/07/21,United States — 58.6%,TransUnion,"2,781","3,33,887",,
CRBN,iShares MSCI ACWI Low Carbon Target ETF,31/07/21,United States — 58.6%,Travelers Companies Inc. (The),"3,502","5,21,518",,
CRBN,iShares MSCI ACWI Low Carbon Target ETF,31/07/21,United States — 58.6%,Trimble Inc.,"4,532","3,87,486",,
CRBN,iShares MSCI ACWI Low Carbon Target ETF,31/07/21,United States — 58.6%,Truist Financial Corp.,"17,253","9,39,081",,
CRBN,iShares MSCI ACWI Low Carbon Target ETF,31/07/21,United States — 58.6%,"Twilio Inc., Class","2,060","7,69,595",,
CRBN,iShares MSCI ACWI Low Carbon Target ETF,31/07/21,United States — 58.6%,Twitter Inc.,"10,094","7,04,057",,
CRBN,iShares MSCI ACWI Low Carbon Target ETF,31/07/21,United States — 58.6%,"Tyson Foods Inc., Class","2,163","1,54,568",,
CRBN,iShares MSCI ACWI Low Carbon Target ETF,31/07/21,United States — 58.6%,U.S. Bancorp,"18,643","10,35,432",,
CRBN,iShares MSCI ACWI Low Carbon Target ETF,31/07/21,United States — 58.6%,Uber Technologies Inc.,"18,952","8,23,654",,
CRBN,iShares MSCI ACWI Low Carbon Target ETF,31/07/21,United States — 58.6%,UDR Inc.,"2,829","1,55,567",,
CRBN,iShares MSCI ACWI Low Carbon Target ETF,31/07/21,United States — 58.6%,Ulta Beauty Inc.,824,"2,76,699",,
CRBN,iShares MSCI ACWI Low Carbon Target ETF,31/07/21,United States — 58.6%,Union Pacific Corp.,"8,343","18,25,115",,
CRBN,iShares MSCI ACWI Low Carbon Target ETF,31/07/21,United States — 58.6%,"United Parcel Service Inc., Class","9,064","17,34,487",,
CRBN,iShares MSCI ACWI Low Carbon Target ETF,31/07/21,United States — 58.6%,United Rentals Inc.,"1,442","4,75,211",,
CRBN,iShares MSCI ACWI Low Carbon Target ETF,31/07/21,United States — 58.6%,UnitedHealth Group Inc.,"12,154","50,10,122",,
CRBN,iShares MSCI ACWI Low Carbon Target ETF,31/07/21,United States — 58.6%,"Universal Health Services Inc., Class","1,030","1,65,222",,
CRBN,iShares MSCI ACWI Low Carbon Target ETF,31/07/21,United States — 58.6%,Vail Resorts Inc.,618,"1,88,614",,
CRBN,iShares MSCI ACWI Low Carbon Target ETF,31/07/21,United States — 58.6%,Valero Energy Corp.,"3,708","2,48,325",,
CRBN,iShares MSCI ACWI Low Carbon Target ETF,31/07/21,United States — 58.6%,"Veeva Systems Inc., Class","1,957","6,51,113",,
CRBN,iShares MSCI ACWI Low Carbon Target ETF,31/07/21,United States — 58.6%,Ventas Inc.,"5,768","3,44,811",,
CRBN,iShares MSCI ACWI Low Carbon Target ETF,31/07/21,United States — 58.6%,VEREIT Inc.,"4,905","2,40,198",,
CRBN,iShares MSCI ACWI Low Carbon Target ETF,31/07/21,United States — 58.6%,VeriSign Inc.,"1,339","2,89,719",,
CRBN,iShares MSCI ACWI Low Carbon Target ETF,31/07/21,United States — 58.6%,"Verisk Analytics Inc., Class","2,060","3,91,276",,
CRBN,iShares MSCI ACWI Low Carbon Target ETF,31/07/21,United States — 58.6%,Verizon Communications Inc.,"52,633","29,35,869",,
CRBN,iShares MSCI ACWI Low Carbon Target ETF,31/07/21,United States — 58.6%,Vertex Pharmaceuticals Inc.,"3,193","6,43,645",,
CRBN,iShares MSCI ACWI Low Carbon Target ETF,31/07/21,United States — 58.6%,VF Corp.,"4,738","3,79,988",,
CRBN,iShares MSCI ACWI Low Carbon Target ETF,31/07/21,United States — 58.6%,"ViacomCBS Inc., Class, NVS","6,234","2,55,158",,
CRBN,iShares MSCI ACWI Low Carbon Target ETF,31/07/21,United States — 58.6%,Viatris Inc.,"17,424","2,45,156",,
CRBN,iShares MSCI ACWI Low Carbon Target ETF,31/07/21,United States — 58.6%,VICI Properties Inc.,"7,725","2,40,943",,
CRBN,iShares MSCI ACWI Low Carbon Target ETF,31/07/21,United States — 58.6%,"Visa Inc., Class","21,733","53,54,794",,
CRBN,iShares MSCI ACWI Low Carbon Target ETF,31/07/21,United States — 58.6%,"VMware Inc., Class","1,133","1,74,187",,
CRBN,iShares MSCI ACWI Low Carbon Target ETF,31/07/21,United States — 58.6%,Vornado Realty Trust,"3,828","1,66,518",,
CRBN,iShares MSCI ACWI Low Carbon Target ETF,31/07/21,United States — 58.6%,Voya Financial Inc.,"4,120","2,65,328",,
CRBN,iShares MSCI ACWI Low Carbon Target ETF,31/07/21,United States — 58.6%,Vulcan Materials Co.,"2,781","5,00,552",,
CRBN,iShares MSCI ACWI Low Carbon Target ETF,31/07/21,United States — 58.6%,Walgreens Boots Alliance Inc.,"12,463","5,87,630",,
CRBN,iShares MSCI ACWI Low Carbon Target ETF,31/07/21,United States — 58.6%,Walmart Inc.,"20,085","28,63,117",,
CRBN,iShares MSCI ACWI Low Carbon Target ETF,31/07/21,United States — 58.6%,Walt Disney Co. (The),"23,175","40,79,263",,
CRBN,iShares MSCI ACWI Low Carbon Target ETF,31/07/21,United States — 58.6%,Waters Corp.,927,"3,61,354",,
CRBN,iShares MSCI ACWI Low Carbon Target ETF,31/07/21,United States — 58.6%,"Wayfair Inc., Class","1,030","2,48,601",,
CRBN,iShares MSCI ACWI Low Carbon Target ETF,31/07/21,United States — 58.6%,Wells Fargo & Co.,"54,281","24,93,669",,
CRBN,iShares MSCI ACWI Low Carbon Target ETF,31/07/21,United States — 58.6%,Welltower Inc.,"6,592","5,72,581",,
CRBN,iShares MSCI ACWI Low Carbon Target ETF,31/07/21,United States — 58.6%,West Pharmaceutical Services Inc.,618,"2,54,449",,
CRBN,iShares MSCI ACWI Low Carbon Target ETF,31/07/21,United States — 58.6%,Western Digital Corp.,"4,223","2,74,199",,
CRBN,iShares MSCI ACWI Low Carbon Target ETF,31/07/21,United States — 58.6%,Western Union Co. (The),"7,210","1,67,344",,
CRBN,iShares MSCI ACWI Low Carbon Target ETF,31/07/21,United States — 58.6%,Westinghouse Air Brake Technologies Corp.,"2,987","2,53,507",,
CRBN,iShares MSCI ACWI Low Carbon Target ETF,31/07/21,United States — 58.6%,Weyerhaeuser Co.,"10,918","3,68,264",,
CRBN,iShares MSCI ACWI Low Carbon Target ETF,31/07/21,United States — 58.6%,Whirlpool Corp.,"1,236","2,73,823",,
CRBN,iShares MSCI ACWI Low Carbon Target ETF,31/07/21,United States — 58.6%,Williams Companies Inc. (The),"32,239","8,07,587",,
CRBN,iShares MSCI ACWI Low Carbon Target ETF,31/07/21,United States — 58.6%,Willis Towers Watson PLC,"1,462","3,01,289",,
CRBN,iShares MSCI ACWI Low Carbon Target ETF,31/07/21,United States — 58.6%,"Workday Inc., Class","2,369","5,55,294",,
CRBN,iShares MSCI ACWI Low Carbon Target ETF,31/07/21,United States — 58.6%,WP Carey Inc.,"2,374","1,91,558",,
CRBN,iShares MSCI ACWI Low Carbon Target ETF,31/07/21,United States — 58.6%,WW Grainger Inc.,618,"2,74,750",,
CRBN,iShares MSCI ACWI Low Carbon Target ETF,31/07/21,United States — 58.6%,Wynn Resorts Ltd.,"1,957","1,92,432",,
CRBN,iShares MSCI ACWI Low Carbon Target ETF,31/07/21,United States — 58.6%,Xilinx Inc.,"3,399","5,09,306",,
CRBN,iShares MSCI ACWI Low Carbon Target ETF,31/07/21,United States — 58.6%,XPO Logistics Inc.,"1,236","1,71,421",,
CRBN,iShares MSCI ACWI Low Carbon Target ETF,31/07/21,United States — 58.6%,Xylem Inc./NY,"3,399","4,27,764",,
CRBN,iShares MSCI ACWI Low Carbon Target ETF,31/07/21,United States — 58.6%,Yum Brands Inc.,"2,884","3,78,929",,
CRBN,iShares MSCI ACWI Low Carbon Target ETF,31/07/21,United States — 58.6%,"Zebra Technologies Corp., Class",721,"3,98,338",,
CRBN,iShares MSCI ACWI Low Carbon Target ETF,31/07/21,United States — 58.6%,"Zillow Group Inc., Class, NVS","3,399","3,61,178",,
CRBN,iShares MSCI ACWI Low Carbon Target ETF,31/07/21,United States — 58.6%,Zimmer Biomet Holdings Inc.,"3,296","5,38,632",,
CRBN,iShares MSCI ACWI Low Carbon Target ETF,31/07/21,United States — 58.6%,Zoetis Inc.,"6,489","13,15,320",,
CRBN,iShares MSCI ACWI Low Carbon Target ETF,31/07/21,United States — 58.6%,"Zoom Video Communications Inc., Class","2,678","10,12,552","50,44,28,174",853364232
CRBN,iShares MSCI ACWI Low Carbon Target ETF,31/07/21,BRAZIL — 0.1%,"Banco Bradesco SA, Preference Shares, NVS","46,884","2,18,295",,
CRBN,iShares MSCI ACWI Low Carbon Target ETF,31/07/21,BRAZIL — 0.1%,"Bradespar SA, Preference Shares, NVS","37,286","5,29,482",,
CRBN,iShares MSCI ACWI Low Carbon Target ETF,31/07/21,BRAZIL — 0.1%,"Itau Unibanco Holding SA, Preference Shares, NVS","21,169","1,23,155",,
CRBN,iShares MSCI ACWI Low Carbon Target ETF,31/07/21,BRAZIL — 0.1%,"Itausa SA, Preference Shares, NVS","1,53,058","3,28,259","11,99,191",
CRBN,iShares MSCI ACWI Low Carbon Target ETF,31/07/21,CHILE — 0.0%,"Sociedad Quimica y Minera de Chile SA, Class B, Preference Shares, NVS","7,331","3,50,184","3,50,184",
CRBN,iShares MSCI ACWI Low Carbon Target ETF,31/07/21,COLOMBIA — 0.0%,"Bancolombia SA, Preference Shares, NVS","21,527","1,54,319","1,54,319",
CRBN,iShares MSCI ACWI Low Carbon Target ETF,31/07/21,GERMANY — 0.3%,"Fuchs Petrolub SE, Preference Shares, NVS","2,266","1,12,911",,
CRBN,iShares MSCI ACWI Low Carbon Target ETF,31/07/21,GERMANY — 0.3%,"Henkel AG & Co. KGaA, Preference Shares, NVS","4,944","5,01,245",,
CRBN,iShares MSCI ACWI Low Carbon Target ETF,31/07/21,GERMANY — 0.3%,"Sartorius AG, Preference Shares, NVS","1,257","7,60,375",,
CRBN,iShares MSCI ACWI Low Carbon Target ETF,31/07/21,GERMANY — 0.3%,"Volkswagen AG, Preference Shares, NVS","3,193","7,77,721","21,52,252",
CRBN,iShares MSCI ACWI Low Carbon Target ETF,31/07/21,ITALY — 0.0%,"Telecom Italia SpA/Milano, Preference Shares, NVS","3,98,404","1,85,747","1,85,747",
CRBN,iShares MSCI ACWI Low Carbon Target ETF,31/07/21,SOUTH KOREA — 0.1%,"LG Chem Ltd., Preference Shares, NVS",384,"1,28,089",,
CRBN,iShares MSCI ACWI Low Carbon Target ETF,31/07/21,SOUTH KOREA — 0.1%,"Samsung Electronics Co. Ltd., Preference Shares, NVS","10,300","6,46,592","7,74,681","48,16,374"
CRBN,iShares MSCI ACWI Low Carbon Target ETF,31/07/21,MONEY MARKET FUNDS — 0.7%,"BlackRock Cash Funds: Institutional, SL Agency Shares, 0.06%(k)(l)","42,24,871","42,26,983",,
CRBN,iShares MSCI ACWI Low Carbon Target ETF,31/07/21,MONEY MARKET FUNDS — 0.7%,"BlackRock Cash Funds: Treasury, SL Agency Shares, 0.00%(k)(l)","13,80,000","13,80,000","56,06,983","56,06,983"
DMXF,iShares ESG Advanced MSCI EAFE ETF,31/08/21,Australia — 5.4%,Afterpay Ltd. (a),"5,461","5,31,188",,
DMXF,iShares ESG Advanced MSCI EAFE ETF,31/08/21,Australia — 5.4%,ASX Ltd.,"5,395","3,45,291",,
DMXF,iShares ESG Advanced MSCI EAFE ETF,31/08/21,Australia — 5.4%,Aurizon Holdings Ltd.,"52,155","1,43,490",,
DMXF,iShares ESG Advanced MSCI EAFE ETF,31/08/21,Australia — 5.4%,Australia & New Zealand Banking Group Ltd.,"77,105","15,60,620",,
DMXF,iShares ESG Advanced MSCI EAFE ETF,31/08/21,Australia — 5.4%,BlueScope Steel Ltd.,"12,228","2,23,556",,
DMXF,iShares ESG Advanced MSCI EAFE ETF,31/08/21,Australia — 5.4%,Brambles Ltd.,"36,760","3,24,932",,
DMXF,iShares ESG Advanced MSCI EAFE ETF,31/08/21,Australia — 5.4%,Cochlear Ltd.,"1,654","2,80,943",,
DMXF,iShares ESG Advanced MSCI EAFE ETF,31/08/21,Australia — 5.4%,Computershare Ltd.,"12,127","1,45,725",,
DMXF,iShares ESG Advanced MSCI EAFE ETF,31/08/21,Australia — 5.4%,CSL Ltd.,"11,454","26,05,129",,
DMXF,iShares ESG Advanced MSCI EAFE ETF,31/08/21,Australia — 5.4%,Dexus,"24,749","1,92,597",,
DMXF,iShares ESG Advanced MSCI EAFE ETF,31/08/21,Australia — 5.4%,Evolution Mining Ltd.,"44,751","1,27,686",,
DMXF,iShares ESG Advanced MSCI EAFE ETF,31/08/21,Australia — 5.4%,Fortescue Metals Group Ltd.,"44,207","6,73,947",,
DMXF,iShares ESG Advanced MSCI EAFE ETF,31/08/21,Australia — 5.4%,Goodman Group,"41,097","6,94,133",,
DMXF,iShares ESG Advanced MSCI EAFE ETF,31/08/21,Australia — 5.4%,GPT Group (The),"46,838","1,65,819",,
DMXF,iShares ESG Advanced MSCI EAFE ETF,31/08/21,Australia — 5.4%,Insurance Australia Group Ltd.,"60,137","2,29,631",,
DMXF,iShares ESG Advanced MSCI EAFE ETF,31/08/21,Australia — 5.4%,James Hardie Industries PLC,"11,026","4,24,985",,
DMXF,iShares ESG Advanced MSCI EAFE ETF,31/08/21,Australia — 5.4%,Lendlease Corp. Ltd.,"16,590","1,44,152",,
DMXF,iShares ESG Advanced MSCI EAFE ETF,31/08/21,Australia — 5.4%,Magellan Financial Group Ltd.,"5,750","1,81,336",,
DMXF,iShares ESG Advanced MSCI EAFE ETF,31/08/21,Australia — 5.4%,Medibank Pvt Ltd.,"66,368","1,71,947",,
DMXF,iShares ESG Advanced MSCI EAFE ETF,31/08/21,Australia — 5.4%,Mirvac Group,"92,408","2,10,449",,
DMXF,iShares ESG Advanced MSCI EAFE ETF,31/08/21,Australia — 5.4%,Newcrest Mining Ltd.,"19,783","3,57,178",,
DMXF,iShares ESG Advanced MSCI EAFE ETF,31/08/21,Australia — 5.4%,Northern Star Resources Ltd.,"35,700","2,53,968",,
DMXF,iShares ESG Advanced MSCI EAFE ETF,31/08/21,Australia — 5.4%,Orica Ltd.,"9,424","90,165",,
DMXF,iShares ESG Advanced MSCI EAFE ETF,31/08/21,Australia — 5.4%,QBE Insurance Group Ltd.,"36,616","3,15,091",,
DMXF,iShares ESG Advanced MSCI EAFE ETF,31/08/21,Australia — 5.4%,Ramsay Health Care Ltd.,"4,451","2,23,497",,
DMXF,iShares ESG Advanced MSCI EAFE ETF,31/08/21,Australia — 5.4%,REA Group Ltd.,"1,305","1,46,053",,
DMXF,iShares ESG Advanced MSCI EAFE ETF,31/08/21,Australia — 5.4%,Reece Ltd.,"7,560","1,15,054",,
DMXF,iShares ESG Advanced MSCI EAFE ETF,31/08/21,Australia — 5.4%,Scentre Group,"1,23,764","2,57,413",,
DMXF,iShares ESG Advanced MSCI EAFE ETF,31/08/21,Australia — 5.4%,Seek Ltd.,"8,796","2,08,360",,
DMXF,iShares ESG Advanced MSCI EAFE ETF,31/08/21,Australia — 5.4%,Sonic Healthcare Ltd.,"11,381","3,60,314",,
DMXF,iShares ESG Advanced MSCI EAFE ETF,31/08/21,Australia — 5.4%,Stockland,"58,211","1,96,165",,
DMXF,iShares ESG Advanced MSCI EAFE ETF,31/08/21,Australia — 5.4%,Suncorp Group Ltd.,"34,938","3,17,902",,
DMXF,iShares ESG Advanced MSCI EAFE ETF,31/08/21,Australia — 5.4%,Sydney Airport (a),"28,639","1,66,254",,
DMXF,iShares ESG Advanced MSCI EAFE ETF,31/08/21,Australia — 5.4%,Transurban Group,"67,975","7,03,559",,
DMXF,iShares ESG Advanced MSCI EAFE ETF,31/08/21,Australia — 5.4%,Vicinity Centres,"92,299","1,16,524",,
DMXF,iShares ESG Advanced MSCI EAFE ETF,31/08/21,Australia — 5.4%,WiseTech Global Ltd.,"3,437","1,20,814","1,33,25,867",
DMXF,iShares ESG Advanced MSCI EAFE ETF,31/08/21,Austria — 0.2%,Erste Group Bank AG,"6,934","2,76,869",,
DMXF,iShares ESG Advanced MSCI EAFE ETF,31/08/21,Austria — 0.2%,Raiffeisen Bank International AG,"3,260","78,163",,
DMXF,iShares ESG Advanced MSCI EAFE ETF,31/08/21,Austria — 0.2%,voestalpine AG,"2,742","1,24,473","4,79,505",
DMXF,iShares ESG Advanced MSCI EAFE ETF,31/08/21,Belgium — 0.7%,Ageas SA/NV,"4,981","2,48,915",,
DMXF,iShares ESG Advanced MSCI EAFE ETF,31/08/21,Belgium — 0.7%,Elia Group SA/NV,921,"1,15,674",,
DMXF,iShares ESG Advanced MSCI EAFE ETF,31/08/21,Belgium — 0.7%,Groupe Bruxelles Lambert SA,"2,531","2,89,967",,
DMXF,iShares ESG Advanced MSCI EAFE ETF,31/08/21,Belgium — 0.7%,KBC Group NV,"6,301","5,29,536",,
DMXF,iShares ESG Advanced MSCI EAFE ETF,31/08/21,Belgium — 0.7%,Proximus SADP,"3,150","61,760",,
DMXF,iShares ESG Advanced MSCI EAFE ETF,31/08/21,Belgium — 0.7%,Solvay SA,"1,865","2,44,111",,
DMXF,iShares ESG Advanced MSCI EAFE ETF,31/08/21,Belgium — 0.7%,Umicore SA,"5,079","3,34,208","18,24,171",
DMXF,iShares ESG Advanced MSCI EAFE ETF,31/08/21,China — 0.1%,Chow Tai Fook Jewellery Group Ltd.,"35,000","70,923",,
DMXF,iShares ESG Advanced MSCI EAFE ETF,31/08/21,China — 0.1%,SITC International Holdings Co. Ltd.,"35,000","1,52,556","2,23,479",
DMXF,iShares ESG Advanced MSCI EAFE ETF,31/08/21,Denmark — 4.0%,"AP Moller - Maersk A/S, Class A",72,"1,95,115",,
DMXF,iShares ESG Advanced MSCI EAFE ETF,31/08/21,Denmark — 4.0%,"AP Moller - Maersk A/S, Class B, NVS",145,"4,13,070",,
DMXF,iShares ESG Advanced MSCI EAFE ETF,31/08/21,Denmark — 4.0%,Chr Hansen Holding A/S,"2,626","2,42,328",,
DMXF,iShares ESG Advanced MSCI EAFE ETF,31/08/21,Denmark — 4.0%,Demant A/S (a),"2,626","1,48,955",,
DMXF,iShares ESG Advanced MSCI EAFE ETF,31/08/21,Denmark — 4.0%,DSV Panalpina A/S,"5,226","13,31,176",,
DMXF,iShares ESG Advanced MSCI EAFE ETF,31/08/21,Denmark — 4.0%,Genmab A/S (a),"1,686","7,98,714",,
DMXF,iShares ESG Advanced MSCI EAFE ETF,31/08/21,Denmark — 4.0%,GN Store Nord A/S,"3,230","2,43,138",,
DMXF,iShares ESG Advanced MSCI EAFE ETF,31/08/21,Denmark — 4.0%,"Novo Nordisk A/S, Class B","42,917","42,96,416",,
DMXF,iShares ESG Advanced MSCI EAFE ETF,31/08/21,Denmark — 4.0%,"Novozymes A/S, Class B","5,192","4,19,706",,
DMXF,iShares ESG Advanced MSCI EAFE ETF,31/08/21,Denmark — 4.0%,Pandora A/S,"2,558","3,06,612",,
DMXF,iShares ESG Advanced MSCI EAFE ETF,31/08/21,Denmark — 4.0%,"Rockwool International A/S, Class B",216,"1,14,272",,
DMXF,iShares ESG Advanced MSCI EAFE ETF,31/08/21,Denmark — 4.0%,Tryg A/S,"8,765","2,17,024",,
DMXF,iShares ESG Advanced MSCI EAFE ETF,31/08/21,Denmark — 4.0%,Vestas Wind Systems A/S,"25,670","10,36,468","97,62,994",
DMXF,iShares ESG Advanced MSCI EAFE ETF,31/08/21,Finland — 1.7%,Elisa OYJ,"3,470","2,22,395",,
DMXF,iShares ESG Advanced MSCI EAFE ETF,31/08/21,Finland — 1.7%,"Kesko OYJ, Class B","7,037","2,91,188",,
DMXF,iShares ESG Advanced MSCI EAFE ETF,31/08/21,Finland — 1.7%,"Kone OYJ, Class B","8,548","7,09,315",,
DMXF,iShares ESG Advanced MSCI EAFE ETF,31/08/21,Finland — 1.7%,Nokia OYJ (a),"1,37,411","8,25,446",,
DMXF,iShares ESG Advanced MSCI EAFE ETF,31/08/21,Finland — 1.7%,Nordea Bank Abp,"80,721","9,48,072",,
DMXF,iShares ESG Advanced MSCI EAFE ETF,31/08/21,Finland — 1.7%,"Orion OYJ, Class B","2,461","1,00,384",,
DMXF,iShares ESG Advanced MSCI EAFE ETF,31/08/21,Finland — 1.7%,"Sampo OYJ, Class A","12,539","6,47,957",,
DMXF,iShares ESG Advanced MSCI EAFE ETF,31/08/21,Finland — 1.7%,"Stora Enso OYJ, Class R","14,778","2,89,934",,
DMXF,iShares ESG Advanced MSCI EAFE ETF,31/08/21,Finland — 1.7%,Wartsila OYJ Abp,"12,635","1,79,242","42,13,933",
DMXF,iShares ESG Advanced MSCI EAFE ETF,31/08/21,France — 10.5%,Accor SA (a),"4,516","1,55,732",,
DMXF,iShares ESG Advanced MSCI EAFE ETF,31/08/21,France — 10.5%,Aeroports de Paris (a),"1,296","1,52,623",,
DMXF,iShares ESG Advanced MSCI EAFE ETF,31/08/21,France — 10.5%,Air Liquide SA,"11,830","21,20,437",,
DMXF,iShares ESG Advanced MSCI EAFE ETF,31/08/21,France — 10.5%,Amundi SA (b),"1,516","1,43,479",,
DMXF,iShares ESG Advanced MSCI EAFE ETF,31/08/21,France — 10.5%,Arkema SA,"1,619","2,15,173",,
DMXF,iShares ESG Advanced MSCI EAFE ETF,31/08/21,France — 10.5%,AXA SA,"56,564","15,89,080",,
DMXF,iShares ESG Advanced MSCI EAFE ETF,31/08/21,France — 10.5%,BioMerieux,"1,052","1,28,844",,
DMXF,iShares ESG Advanced MSCI EAFE ETF,31/08/21,France — 10.5%,BNP Paribas SA,"28,035","17,76,013",,
DMXF,iShares ESG Advanced MSCI EAFE ETF,31/08/21,France — 10.5%,Bouygues SA,"5,680","2,37,843",,
DMXF,iShares ESG Advanced MSCI EAFE ETF,31/08/21,France — 10.5%,Bureau Veritas SA,"7,108","2,36,236",,
DMXF,iShares ESG Advanced MSCI EAFE ETF,31/08/21,France — 10.5%,Capgemini SE,"3,996","8,98,250",,
DMXF,iShares ESG Advanced MSCI EAFE ETF,31/08/21,France — 10.5%,Carrefour SA,"14,981","2,98,243",,
DMXF,iShares ESG Advanced MSCI EAFE ETF,31/08/21,France — 10.5%,Cie. Generale des Etablissements Michelin SCA,"4,212","6,81,906",,
DMXF,iShares ESG Advanced MSCI EAFE ETF,31/08/21,France — 10.5%,CNP Assurances,"7,188","1,23,166",,
DMXF,iShares ESG Advanced MSCI EAFE ETF,31/08/21,France — 10.5%,Covivio,"1,336","1,27,330",,
DMXF,iShares ESG Advanced MSCI EAFE ETF,31/08/21,France — 10.5%,Credit Agricole SA,"20,510","2,95,692",,
DMXF,iShares ESG Advanced MSCI EAFE ETF,31/08/21,France — 10.5%,Danone SA,"16,284","11,89,152",,
DMXF,iShares ESG Advanced MSCI EAFE ETF,31/08/21,France — 10.5%,Dassault Systemes SE,"16,346","9,33,618",,
DMXF,iShares ESG Advanced MSCI EAFE ETF,31/08/21,France — 10.5%,Edenred,"6,453","3,66,011",,
DMXF,iShares ESG Advanced MSCI EAFE ETF,31/08/21,France — 10.5%,Eiffage SA,"2,037","2,11,947",,
DMXF,iShares ESG Advanced MSCI EAFE ETF,31/08/21,France — 10.5%,EssilorLuxottica SA,"7,081","13,91,346",,
DMXF,iShares ESG Advanced MSCI EAFE ETF,31/08/21,France — 10.5%,Eurazeo SE,"1,086","1,11,719",,
DMXF,iShares ESG Advanced MSCI EAFE ETF,31/08/21,France — 10.5%,Eurofins Scientific SE,"2,660","3,77,147",,
DMXF,iShares ESG Advanced MSCI EAFE ETF,31/08/21,France — 10.5%,Gecina SA,"1,055","1,63,997",,
DMXF,iShares ESG Advanced MSCI EAFE ETF,31/08/21,France — 10.5%,Getlink SE,"10,940","1,76,227",,
DMXF,iShares ESG Advanced MSCI EAFE ETF,31/08/21,France — 10.5%,Hermes International,787,"11,58,313",,
DMXF,iShares ESG Advanced MSCI EAFE ETF,31/08/21,France — 10.5%,Ipsen SA,"1,193","1,19,330",,
DMXF,iShares ESG Advanced MSCI EAFE ETF,31/08/21,France — 10.5%,Klepierre SA,"5,018","1,23,021",,
DMXF,iShares ESG Advanced MSCI EAFE ETF,31/08/21,France — 10.5%,Legrand SA,"6,757","7,75,260",,
DMXF,iShares ESG Advanced MSCI EAFE ETF,31/08/21,France — 10.5%,L’Oreal SA,"6,265","29,39,157",,
DMXF,iShares ESG Advanced MSCI EAFE ETF,31/08/21,France — 10.5%,Orpea SA,"1,338","1,68,667",,
DMXF,iShares ESG Advanced MSCI EAFE ETF,31/08/21,France — 10.5%,Publicis Groupe SA,"5,355","3,51,556",,
DMXF,iShares ESG Advanced MSCI EAFE ETF,31/08/21,France — 10.5%,Sartorius Stedim Biotech,706,"4,28,238",,
DMXF,iShares ESG Advanced MSCI EAFE ETF,31/08/21,France — 10.5%,Schneider Electric SE,"13,394","23,93,059",,
DMXF,iShares ESG Advanced MSCI EAFE ETF,31/08/21,France — 10.5%,SCOR SE,"3,859","1,18,432",,
DMXF,iShares ESG Advanced MSCI EAFE ETF,31/08/21,France — 10.5%,SEB SA,700,"1,10,188",,
DMXF,iShares ESG Advanced MSCI EAFE ETF,31/08/21,France — 10.5%,Societe Generale SA,"20,055","6,31,213",,
DMXF,iShares ESG Advanced MSCI EAFE ETF,31/08/21,France — 10.5%,Sodexo SA (a),"2,284","1,89,254",,
DMXF,iShares ESG Advanced MSCI EAFE ETF,31/08/21,France — 10.5%,Suez SA,"8,581","1,99,094",,
DMXF,iShares ESG Advanced MSCI EAFE ETF,31/08/21,France — 10.5%,Unibail-Rodamco-Westfield (a),"3,120","2,73,405",,
DMXF,iShares ESG Advanced MSCI EAFE ETF,31/08/21,France — 10.5%,Valeo,"6,059","1,72,939",,
DMXF,iShares ESG Advanced MSCI EAFE ETF,31/08/21,France — 10.5%,Vivendi SE,"17,500","6,66,602",,
DMXF,iShares ESG Advanced MSCI EAFE ETF,31/08/21,France — 10.5%,Wendel SE,705,"1,02,307",,
DMXF,iShares ESG Advanced MSCI EAFE ETF,31/08/21,France — 10.5%,Worldline SA (a)(b),"7,602","6,76,905","2,56,98,151",
DMXF,iShares ESG Advanced MSCI EAFE ETF,31/08/21,Germany — 8.2%,adidas AG,"5,331","18,91,171",,
DMXF,iShares ESG Advanced MSCI EAFE ETF,31/08/21,Germany — 8.2%,"Allianz SE, Registered","10,545","24,75,563",,
DMXF,iShares ESG Advanced MSCI EAFE ETF,31/08/21,Germany — 8.2%,Bayerische Motoren Werke AG,"8,793","8,34,620",,
DMXF,iShares ESG Advanced MSCI EAFE ETF,31/08/21,Germany — 8.2%,Bechtle AG,"2,220","1,60,516",,
DMXF,iShares ESG Advanced MSCI EAFE ETF,31/08/21,Germany — 8.2%,Beiersdorf AG,"2,505","3,04,017",,
DMXF,iShares ESG Advanced MSCI EAFE ETF,31/08/21,Germany — 8.2%,Brenntag SE,"3,818","3,85,306",,
DMXF,iShares ESG Advanced MSCI EAFE ETF,31/08/21,Germany — 8.2%,"Carl Zeiss Meditec AG, Bearer","1,050","2,32,005",,
DMXF,iShares ESG Advanced MSCI EAFE ETF,31/08/21,Germany — 8.2%,Commerzbank AG (a),"28,461","1,78,120",,
DMXF,iShares ESG Advanced MSCI EAFE ETF,31/08/21,Germany — 8.2%,Covestro AG (b),"4,940","3,20,149",,
DMXF,iShares ESG Advanced MSCI EAFE ETF,31/08/21,Germany — 8.2%,Deutsche Boerse AG,"4,725","8,14,859",,
DMXF,iShares ESG Advanced MSCI EAFE ETF,31/08/21,Germany — 8.2%,"Deutsche Post AG, Registered","24,648","17,32,978",,
DMXF,iShares ESG Advanced MSCI EAFE ETF,31/08/21,Germany — 8.2%,"Deutsche Telekom AG, Registered","82,779","17,60,151",,
DMXF,iShares ESG Advanced MSCI EAFE ETF,31/08/21,Germany — 8.2%,Deutsche Wohnen SE,"8,517","5,28,676",,
DMXF,iShares ESG Advanced MSCI EAFE ETF,31/08/21,Germany — 8.2%,Evonik Industries AG,"5,636","1,90,294",,
DMXF,iShares ESG Advanced MSCI EAFE ETF,31/08/21,Germany — 8.2%,GEA Group AG,"3,535","1,63,168",,
DMXF,iShares ESG Advanced MSCI EAFE ETF,31/08/21,Germany — 8.2%,Hannover Rueck SE,"1,544","2,84,137",,
DMXF,iShares ESG Advanced MSCI EAFE ETF,31/08/21,Germany — 8.2%,HeidelbergCement AG,"3,577","3,10,221",,
DMXF,iShares ESG Advanced MSCI EAFE ETF,31/08/21,Germany — 8.2%,HelloFresh SE (a),"4,244","4,58,216",,
DMXF,iShares ESG Advanced MSCI EAFE ETF,31/08/21,Germany — 8.2%,Henkel AG & Co. KGaA,"2,634","2,37,073",,
DMXF,iShares ESG Advanced MSCI EAFE ETF,31/08/21,Germany — 8.2%,Infineon Technologies AG,"35,271","15,01,760",,
DMXF,iShares ESG Advanced MSCI EAFE ETF,31/08/21,Germany — 8.2%,KION Group AG,"1,645","1,76,026",,
DMXF,iShares ESG Advanced MSCI EAFE ETF,31/08/21,Germany — 8.2%,Knorr-Bremse AG,"1,725","2,07,131",,
DMXF,iShares ESG Advanced MSCI EAFE ETF,31/08/21,Germany — 8.2%,LANXESS AG,"2,330","1,69,840",,
DMXF,iShares ESG Advanced MSCI EAFE ETF,31/08/21,Germany — 8.2%,LEG Immobilien SE,"1,725","2,75,151",,
DMXF,iShares ESG Advanced MSCI EAFE ETF,31/08/21,Germany — 8.2%,Merck KGaA,"3,196","7,59,359",,
DMXF,iShares ESG Advanced MSCI EAFE ETF,31/08/21,Germany — 8.2%,"Muenchener Rueckversicherungs-Gesellschaft AG in Muenchen, Registered","3,539","10,32,922",,
DMXF,iShares ESG Advanced MSCI EAFE ETF,31/08/21,Germany — 8.2%,Nemetschek SE,"1,334","1,30,744",,
DMXF,iShares ESG Advanced MSCI EAFE ETF,31/08/21,Germany — 8.2%,Puma SE,"2,641","3,20,656",,
DMXF,iShares ESG Advanced MSCI EAFE ETF,31/08/21,Germany — 8.2%,Rational AG,108,"1,23,597",,
DMXF,iShares ESG Advanced MSCI EAFE ETF,31/08/21,Germany — 8.2%,Scout24 AG (b),"2,226","1,87,147",,
DMXF,iShares ESG Advanced MSCI EAFE ETF,31/08/21,Germany — 8.2%,Symrise AG,"3,193","4,54,396",,
DMXF,iShares ESG Advanced MSCI EAFE ETF,31/08/21,Germany — 8.2%,Telefonica Deutschland Holding AG,"23,981","67,318",,
DMXF,iShares ESG Advanced MSCI EAFE ETF,31/08/21,Germany — 8.2%,Vonovia SE,"13,271","8,95,937",,
DMXF,iShares ESG Advanced MSCI EAFE ETF,31/08/21,Germany — 8.2%,Zalando SE (a)(b),"5,905","6,54,716","2,02,17,940",
DMXF,iShares ESG Advanced MSCI EAFE ETF,31/08/21,Hong Kong — 3.7%,AIA Group Ltd.,"3,01,000","35,94,158",,
DMXF,iShares ESG Advanced MSCI EAFE ETF,31/08/21,Hong Kong — 3.7%,BOC Hong Kong Holdings Ltd.,"91,000","2,75,382",,
DMXF,iShares ESG Advanced MSCI EAFE ETF,31/08/21,Hong Kong — 3.7%,ESR Cayman Ltd. (a)(b),"77,000","2,34,572",,
DMXF,iShares ESG Advanced MSCI EAFE ETF,31/08/21,Hong Kong — 3.7%,Hang Lung Properties Ltd.,"37,000","88,853",,
DMXF,iShares ESG Advanced MSCI EAFE ETF,31/08/21,Hong Kong — 3.7%,Hang Seng Bank Ltd.,"17,500","3,12,854",,
DMXF,iShares ESG Advanced MSCI EAFE ETF,31/08/21,Hong Kong — 3.7%,"HKT Trust & HKT Ltd., Class SS","1,05,000","1,43,177",,
DMXF,iShares ESG Advanced MSCI EAFE ETF,31/08/21,Hong Kong — 3.7%,Hong Kong Exchanges & Clearing Ltd.,"27,900","17,62,556",,
DMXF,iShares ESG Advanced MSCI EAFE ETF,31/08/21,Hong Kong — 3.7%,Link REIT,"56,000","5,14,886",,
DMXF,iShares ESG Advanced MSCI EAFE ETF,31/08/21,Hong Kong — 3.7%,MTR Corp. Ltd.,"38,500","2,16,738",,
DMXF,iShares ESG Advanced MSCI EAFE ETF,31/08/21,Hong Kong — 3.7%,New World Development Co. Ltd.,"35,000","1,64,627",,
DMXF,iShares ESG Advanced MSCI EAFE ETF,31/08/21,Hong Kong — 3.7%,Sino Land Co. Ltd.,"86,000","1,26,654",,
DMXF,iShares ESG Advanced MSCI EAFE ETF,31/08/21,Hong Kong — 3.7%,Sun Hung Kai Properties Ltd.,"36,000","5,07,743",,
DMXF,iShares ESG Advanced MSCI EAFE ETF,31/08/21,Hong Kong — 3.7%,Swire Properties Ltd.,"28,000","75,676",,
DMXF,iShares ESG Advanced MSCI EAFE ETF,31/08/21,Hong Kong — 3.7%,Techtronic Industries Co. Ltd.,"36,000","7,96,760",,
DMXF,iShares ESG Advanced MSCI EAFE ETF,31/08/21,Hong Kong — 3.7%,Wharf Real Estate Investment Co. Ltd.,"37,000","1,83,231","89,97,867",
DMXF,iShares ESG Advanced MSCI EAFE ETF,31/08/21,Ireland — 0.8%,CRH PLC,"19,431","10,29,375",,
DMXF,iShares ESG Advanced MSCI EAFE ETF,31/08/21,Ireland — 0.8%,"Kerry Group PLC, Class A","4,032","5,91,290",,
DMXF,iShares ESG Advanced MSCI EAFE ETF,31/08/21,Ireland — 0.8%,Smurfit Kappa Group PLC,"5,919","3,39,241","19,59,906",
DMXF,iShares ESG Advanced MSCI EAFE ETF,31/08/21,Israel — 0.6%,Bank Hapoalim BM,"25,410","2,18,593",,
DMXF,iShares ESG Advanced MSCI EAFE ETF,31/08/21,Israel — 0.6%,Bank Leumi Le-Israel BM,"38,259","3,16,066",,
DMXF,iShares ESG Advanced MSCI EAFE ETF,31/08/21,Israel — 0.6%,CyberArk Software Ltd. (a),"1,050","1,76,337",,
DMXF,iShares ESG Advanced MSCI EAFE ETF,31/08/21,Israel — 0.6%,"Israel Discount Bank Ltd., Class A (a)","28,636","1,47,913",,
DMXF,iShares ESG Advanced MSCI EAFE ETF,31/08/21,Israel — 0.6%,Mizrahi Tefahot Bank Ltd.,"2,838","94,413",,
DMXF,iShares ESG Advanced MSCI EAFE ETF,31/08/21,Israel — 0.6%,Nice Ltd. (a),"1,996","5,79,633","15,32,955",
DMXF,iShares ESG Advanced MSCI EAFE ETF,31/08/21,Italy — 1.6%,Amplifon SpA,"2,843","1,48,710",,
DMXF,iShares ESG Advanced MSCI EAFE ETF,31/08/21,Italy — 1.6%,Assicurazioni Generali SpA,"27,837","5,67,904",,
DMXF,iShares ESG Advanced MSCI EAFE ETF,31/08/21,Italy — 1.6%,CNH Industrial NV,"25,344","4,18,957",,
DMXF,iShares ESG Advanced MSCI EAFE ETF,31/08/21,Italy — 1.6%,DiaSorin SpA,705,"1,60,845",,
DMXF,iShares ESG Advanced MSCI EAFE ETF,31/08/21,Italy — 1.6%,Ferrari NV,"3,159","6,85,252",,
DMXF,iShares ESG Advanced MSCI EAFE ETF,31/08/21,Italy — 1.6%,FinecoBank Banca Fineco SpA (a),"11,753","2,16,514",,
DMXF,iShares ESG Advanced MSCI EAFE ETF,31/08/21,Italy — 1.6%,Infrastrutture Wireless Italiane SpA (b),"7,916","94,180",,
DMXF,iShares ESG Advanced MSCI EAFE ETF,31/08/21,Italy — 1.6%,Moncler SpA,"5,113","3,27,387",,
DMXF,iShares ESG Advanced MSCI EAFE ETF,31/08/21,Italy — 1.6%,Nexi SpA (a)(b),"11,449","2,38,648",,
DMXF,iShares ESG Advanced MSCI EAFE ETF,31/08/21,Italy — 1.6%,Poste Italiane SpA (b),"13,518","1,83,276",,
DMXF,iShares ESG Advanced MSCI EAFE ETF,31/08/21,Italy — 1.6%,Prysmian SpA,"6,371","2,39,868",,
DMXF,iShares ESG Advanced MSCI EAFE ETF,31/08/21,Italy — 1.6%,Recordati Industria Chimica e Farmaceutica SpA,"2,462","1,61,559",,
DMXF,iShares ESG Advanced MSCI EAFE ETF,31/08/21,Italy — 1.6%,Telecom Italia SpA/Milano,"2,34,927","1,06,438",,
DMXF,iShares ESG Advanced MSCI EAFE ETF,31/08/21,Italy — 1.6%,Terna - Rete Elettrica Nazionale,"42,464","3,35,893","38,85,431",
DMXF,iShares ESG Advanced MSCI EAFE ETF,31/08/21,Japan — 27.4%,Advantest Corp.,"4,100","3,53,222",,
DMXF,iShares ESG Advanced MSCI EAFE ETF,31/08/21,Japan — 27.4%,Aeon Co. Ltd.,"17,500","4,63,276",,
DMXF,iShares ESG Advanced MSCI EAFE ETF,31/08/21,Japan — 27.4%,Ajinomoto Co. Inc.,"10,500","3,09,502",,
DMXF,iShares ESG Advanced MSCI EAFE ETF,31/08/21,Japan — 27.4%,ANA Holdings Inc. (a),"3,600","85,337",,
DMXF,iShares ESG Advanced MSCI EAFE ETF,31/08/21,Japan — 27.4%,Asahi Kasei Corp.,"32,400","3,34,046",,
DMXF,iShares ESG Advanced MSCI EAFE ETF,31/08/21,Japan — 27.4%,Astellas Pharma Inc.,"49,000","8,25,646",,
DMXF,iShares ESG Advanced MSCI EAFE ETF,31/08/21,Japan — 27.4%,Azbil Corp.,"3,500","1,51,774",,
DMXF,iShares ESG Advanced MSCI EAFE ETF,31/08/21,Japan — 27.4%,Bridgestone Corp.,"14,000","6,44,471",,
DMXF,iShares ESG Advanced MSCI EAFE ETF,31/08/21,Japan — 27.4%,Brother Industries Ltd.,"7,000","1,43,651",,
DMXF,iShares ESG Advanced MSCI EAFE ETF,31/08/21,Japan — 27.4%,Canon Inc.,"25,200","5,99,562",,
DMXF,iShares ESG Advanced MSCI EAFE ETF,31/08/21,Japan — 27.4%,Capcom Co. Ltd.,"7,000","1,94,944",,
DMXF,iShares ESG Advanced MSCI EAFE ETF,31/08/21,Japan — 27.4%,Casio Computer Co. Ltd.,"3,500","54,056",,
DMXF,iShares ESG Advanced MSCI EAFE ETF,31/08/21,Japan — 27.4%,Central Japan Railway Co.,"3,500","5,12,294",,
DMXF,iShares ESG Advanced MSCI EAFE ETF,31/08/21,Japan — 27.4%,Chiba Bank Ltd. (The),"14,000","87,398",,
DMXF,iShares ESG Advanced MSCI EAFE ETF,31/08/21,Japan — 27.4%,Chugai Pharmaceutical Co. Ltd.,"17,500","6,83,776",,
DMXF,iShares ESG Advanced MSCI EAFE ETF,31/08/21,Japan — 27.4%,CyberAgent Inc.,"14,000","2,56,285",,
DMXF,iShares ESG Advanced MSCI EAFE ETF,31/08/21,Japan — 27.4%,Dai Nippon Printing Co. Ltd.,"7,000","1,66,318",,
DMXF,iShares ESG Advanced MSCI EAFE ETF,31/08/21,Japan — 27.4%,Daifuku Co. Ltd.,"3,500","3,08,913",,
DMXF,iShares ESG Advanced MSCI EAFE ETF,31/08/21,Japan — 27.4%,Dai-ichi Life Holdings Inc.,"25,300","5,00,618",,
DMXF,iShares ESG Advanced MSCI EAFE ETF,31/08/21,Japan — 27.4%,Daiichi Sankyo Co. Ltd.,"42,000","9,97,602",,
DMXF,iShares ESG Advanced MSCI EAFE ETF,31/08/21,Japan — 27.4%,Daikin Industries Ltd.,"6,200","15,47,189",,
DMXF,iShares ESG Advanced MSCI EAFE ETF,31/08/21,Japan — 27.4%,Daiwa House Industry Co. Ltd.,"14,000","4,26,912",,
DMXF,iShares ESG Advanced MSCI EAFE ETF,31/08/21,Japan — 27.4%,Daiwa Securities Group Inc.,"14,000","79,216",,
DMXF,iShares ESG Advanced MSCI EAFE ETF,31/08/21,Japan — 27.4%,Denso Corp.,"10,500","7,34,926",,
DMXF,iShares ESG Advanced MSCI EAFE ETF,31/08/21,Japan — 27.4%,Eisai Co. Ltd.,"7,000","5,77,288",,
DMXF,iShares ESG Advanced MSCI EAFE ETF,31/08/21,Japan — 27.4%,Fanuc Corp.,"4,300","9,36,802",,
DMXF,iShares ESG Advanced MSCI EAFE ETF,31/08/21,Japan — 27.4%,Fast Retailing Co. Ltd.,"1,300","8,56,281",,
DMXF,iShares ESG Advanced MSCI EAFE ETF,31/08/21,Japan — 27.4%,FUJIFILM Holdings Corp.,"10,500","8,64,068",,
DMXF,iShares ESG Advanced MSCI EAFE ETF,31/08/21,Japan — 27.4%,Fujitsu Ltd.,"4,400","8,09,982",,
DMXF,iShares ESG Advanced MSCI EAFE ETF,31/08/21,Japan — 27.4%,Hakuhodo DY Holdings Inc.,"7,000","1,10,377",,
DMXF,iShares ESG Advanced MSCI EAFE ETF,31/08/21,Japan — 27.4%,Hankyu Hanshin Holdings Inc.,"7,000","2,09,472",,
DMXF,iShares ESG Advanced MSCI EAFE ETF,31/08/21,Japan — 27.4%,Hino Motors Ltd.,"7,200","62,302",,
DMXF,iShares ESG Advanced MSCI EAFE ETF,31/08/21,Japan — 27.4%,Hirose Electric Co. Ltd.,300,"49,948",,
DMXF,iShares ESG Advanced MSCI EAFE ETF,31/08/21,Japan — 27.4%,Hisamitsu Pharmaceutical Co. Inc.,"2,800","1,12,205",,
DMXF,iShares ESG Advanced MSCI EAFE ETF,31/08/21,Japan — 27.4%,Hitachi Construction Machinery Co. Ltd.,"3,500","1,00,272",,
DMXF,iShares ESG Advanced MSCI EAFE ETF,31/08/21,Japan — 27.4%,Hitachi Metals Ltd. (a),"7,100","1,37,052",,
DMXF,iShares ESG Advanced MSCI EAFE ETF,31/08/21,Japan — 27.4%,Hoshizaki Corp.,800,"75,102",,
DMXF,iShares ESG Advanced MSCI EAFE ETF,31/08/21,Japan — 27.4%,Hoya Corp.,"9,000","14,53,357",,
DMXF,iShares ESG Advanced MSCI EAFE ETF,31/08/21,Japan — 27.4%,Hulic Co. Ltd.,"7,200","84,457",,
DMXF,iShares ESG Advanced MSCI EAFE ETF,31/08/21,Japan — 27.4%,Ibiden Co. Ltd.,"3,500","1,88,322",,
DMXF,iShares ESG Advanced MSCI EAFE ETF,31/08/21,Japan — 27.4%,Itochu Techno-Solutions Corp.,"3,500","1,08,139",,
DMXF,iShares ESG Advanced MSCI EAFE ETF,31/08/21,Japan — 27.4%,Japan Exchange Group Inc.,"14,000","3,33,416",,
DMXF,iShares ESG Advanced MSCI EAFE ETF,31/08/21,Japan — 27.4%,Japan Metropolitan Fund Invest,177,"1,71,959",,
DMXF,iShares ESG Advanced MSCI EAFE ETF,31/08/21,Japan — 27.4%,Japan Real Estate Investment Corp.,35,"2,16,305",,
DMXF,iShares ESG Advanced MSCI EAFE ETF,31/08/21,Japan — 27.4%,JFE Holdings Inc.,"14,000","2,27,078",,
DMXF,iShares ESG Advanced MSCI EAFE ETF,31/08/21,Japan — 27.4%,JSR Corp.,"7,000","2,42,551",,
DMXF,iShares ESG Advanced MSCI EAFE ETF,31/08/21,Japan — 27.4%,Kajima Corp.,"10,500","1,35,663",,
DMXF,iShares ESG Advanced MSCI EAFE ETF,31/08/21,Japan — 27.4%,Kansai Paint Co. Ltd.,"3,500","90,651",,
DMXF,iShares ESG Advanced MSCI EAFE ETF,31/08/21,Japan — 27.4%,Kao Corp.,"14,000","8,45,692",,
DMXF,iShares ESG Advanced MSCI EAFE ETF,31/08/21,Japan — 27.4%,KDDI Corp.,"42,000","12,83,746",,
DMXF,iShares ESG Advanced MSCI EAFE ETF,31/08/21,Japan — 27.4%,Keio Corp.,"3,500","1,88,334",,
DMXF,iShares ESG Advanced MSCI EAFE ETF,31/08/21,Japan — 27.4%,Keisei Electric Railway Co. Ltd.,"3,500","1,07,673",,
DMXF,iShares ESG Advanced MSCI EAFE ETF,31/08/21,Japan — 27.4%,Keyence Corp.,"4,800","28,81,598",,
DMXF,iShares ESG Advanced MSCI EAFE ETF,31/08/21,Japan — 27.4%,Kikkoman Corp.,"3,500","2,62,763",,
DMXF,iShares ESG Advanced MSCI EAFE ETF,31/08/21,Japan — 27.4%,Kintetsu Group Holdings Co. Ltd. (a),"3,500","1,19,547",,
DMXF,iShares ESG Advanced MSCI EAFE ETF,31/08/21,Japan — 27.4%,Kobayashi Pharmaceutical Co. Ltd.,"4,000","3,13,093",,
DMXF,iShares ESG Advanced MSCI EAFE ETF,31/08/21,Japan — 27.4%,Kobe Bussan Co. Ltd.,"3,500","1,36,150",,
DMXF,iShares ESG Advanced MSCI EAFE ETF,31/08/21,Japan — 27.4%,Komatsu Ltd.,"21,600","5,25,371",,
DMXF,iShares ESG Advanced MSCI EAFE ETF,31/08/21,Japan — 27.4%,Kubota Corp.,"25,200","5,20,674",,
DMXF,iShares ESG Advanced MSCI EAFE ETF,31/08/21,Japan — 27.4%,Kurita Water Industries Ltd.,"3,500","1,64,155",,
DMXF,iShares ESG Advanced MSCI EAFE ETF,31/08/21,Japan — 27.4%,Kyocera Corp.,"10,500","6,52,754",,
DMXF,iShares ESG Advanced MSCI EAFE ETF,31/08/21,Japan — 27.4%,Kyowa Kirin Co. Ltd.,"7,000","2,29,045",,
DMXF,iShares ESG Advanced MSCI EAFE ETF,31/08/21,Japan — 27.4%,Lion Corp.,"7,000","1,19,111",,
DMXF,iShares ESG Advanced MSCI EAFE ETF,31/08/21,Japan — 27.4%,Lixil Corp.,"7,000","2,03,712",,
DMXF,iShares ESG Advanced MSCI EAFE ETF,31/08/21,Japan — 27.4%,Mazda Motor Corp. (a),"14,000","1,21,531",,
DMXF,iShares ESG Advanced MSCI EAFE ETF,31/08/21,Japan — 27.4%,Medipal Holdings Corp.,"3,600","68,818",,
DMXF,iShares ESG Advanced MSCI EAFE ETF,31/08/21,Japan — 27.4%,Mercari Inc. (a),"3,500","1,72,699",,
DMXF,iShares ESG Advanced MSCI EAFE ETF,31/08/21,Japan — 27.4%,Minebea Mitsumi Inc.,"10,500","2,69,938",,
DMXF,iShares ESG Advanced MSCI EAFE ETF,31/08/21,Japan — 27.4%,Mitsubishi Chemical Holdings Corp.,"32,400","2,84,474",,
DMXF,iShares ESG Advanced MSCI EAFE ETF,31/08/21,Japan — 27.4%,Mitsubishi Electric Corp.,"50,300","6,87,656",,
DMXF,iShares ESG Advanced MSCI EAFE ETF,31/08/21,Japan — 27.4%,Mitsubishi Estate Co. Ltd.,"28,900","4,52,469",,
DMXF,iShares ESG Advanced MSCI EAFE ETF,31/08/21,Japan — 27.4%,Mitsubishi Gas Chemical Co. Inc.,"7,000","1,31,899",,
DMXF,iShares ESG Advanced MSCI EAFE ETF,31/08/21,Japan — 27.4%,Mitsubishi HC Capital Inc.,"17,800","95,318",,
DMXF,iShares ESG Advanced MSCI EAFE ETF,31/08/21,Japan — 27.4%,Mitsubishi UFJ Financial Group Inc.,"3,50,000","18,91,015",,
DMXF,iShares ESG Advanced MSCI EAFE ETF,31/08/21,Japan — 27.4%,Mitsui Chemicals Inc.,"3,500","1,20,828",,
DMXF,iShares ESG Advanced MSCI EAFE ETF,31/08/21,Japan — 27.4%,Mitsui Fudosan Co. Ltd.,"28,700","6,58,607",,
DMXF,iShares ESG Advanced MSCI EAFE ETF,31/08/21,Japan — 27.4%,Miura Co. Ltd.,"3,500","1,57,132",,
DMXF,iShares ESG Advanced MSCI EAFE ETF,31/08/21,Japan — 27.4%,MonotaRO Co. Ltd.,"7,000","1,54,806",,
DMXF,iShares ESG Advanced MSCI EAFE ETF,31/08/21,Japan — 27.4%,MS&AD Insurance Group Holdings Inc.,"10,500","3,39,873",,
DMXF,iShares ESG Advanced MSCI EAFE ETF,31/08/21,Japan — 27.4%,Murata Manufacturing Co. Ltd.,"14,000","11,54,129",,
DMXF,iShares ESG Advanced MSCI EAFE ETF,31/08/21,Japan — 27.4%,Nabtesco Corp.,"3,500","1,38,409",,
DMXF,iShares ESG Advanced MSCI EAFE ETF,31/08/21,Japan — 27.4%,NEC Corp.,"7,900","4,14,617",,
DMXF,iShares ESG Advanced MSCI EAFE ETF,31/08/21,Japan — 27.4%,NGK Insulators Ltd.,"7,000","1,16,050",,
DMXF,iShares ESG Advanced MSCI EAFE ETF,31/08/21,Japan — 27.4%,Nidec Corp.,"10,500","11,99,401",,
DMXF,iShares ESG Advanced MSCI EAFE ETF,31/08/21,Japan — 27.4%,Nintendo Co. Ltd.,"2,800","13,45,230",,
DMXF,iShares ESG Advanced MSCI EAFE ETF,31/08/21,Japan — 27.4%,Nippon Building Fund Inc.,35,"2,27,288",,
DMXF,iShares ESG Advanced MSCI EAFE ETF,31/08/21,Japan — 27.4%,Nippon Paint Holdings Co. Ltd.,"17,500","2,17,336",,
DMXF,iShares ESG Advanced MSCI EAFE ETF,31/08/21,Japan — 27.4%,Nippon Prologis REIT Inc.,70,"2,51,724",,
DMXF,iShares ESG Advanced MSCI EAFE ETF,31/08/21,Japan — 27.4%,Nippon Telegraph & Telephone Corp.,"35,900","9,56,476",,
DMXF,iShares ESG Advanced MSCI EAFE ETF,31/08/21,Japan — 27.4%,Nippon Yusen KK,"3,500","2,81,452",,
DMXF,iShares ESG Advanced MSCI EAFE ETF,31/08/21,Japan — 27.4%,Nissin Foods Holdings Co. Ltd.,600,"46,709",,
DMXF,iShares ESG Advanced MSCI EAFE ETF,31/08/21,Japan — 27.4%,Nitori Holdings Co. Ltd.,"1,800","3,36,789",,
DMXF,iShares ESG Advanced MSCI EAFE ETF,31/08/21,Japan — 27.4%,Nitto Denko Corp.,"3,500","2,65,513",,
DMXF,iShares ESG Advanced MSCI EAFE ETF,31/08/21,Japan — 27.4%,Nomura Holdings Inc.,"84,000","4,05,656",,
DMXF,iShares ESG Advanced MSCI EAFE ETF,31/08/21,Japan — 27.4%,Nomura Real Estate Holdings Inc.,"3,600","92,193",,
DMXF,iShares ESG Advanced MSCI EAFE ETF,31/08/21,Japan — 27.4%,Nomura Real Estate Master Fund Inc.,105,"1,61,878",,
DMXF,iShares ESG Advanced MSCI EAFE ETF,31/08/21,Japan — 27.4%,Nomura Research Institute Ltd.,"10,500","3,93,754",,
DMXF,iShares ESG Advanced MSCI EAFE ETF,31/08/21,Japan — 27.4%,NSK Ltd.,"14,000","98,223",,
DMXF,iShares ESG Advanced MSCI EAFE ETF,31/08/21,Japan — 27.4%,NTT Data Corp.,"14,500","2,60,957",,
DMXF,iShares ESG Advanced MSCI EAFE ETF,31/08/21,Japan — 27.4%,Obayashi Corp.,"18,000","1,48,111",,
DMXF,iShares ESG Advanced MSCI EAFE ETF,31/08/21,Japan — 27.4%,Odakyu Electric Railway Co. Ltd.,"7,000","1,63,098",,
DMXF,iShares ESG Advanced MSCI EAFE ETF,31/08/21,Japan — 27.4%,Oji Holdings Corp.,"21,600","1,13,072",,
DMXF,iShares ESG Advanced MSCI EAFE ETF,31/08/21,Japan — 27.4%,Omron Corp.,"3,500","3,29,791",,
DMXF,iShares ESG Advanced MSCI EAFE ETF,31/08/21,Japan — 27.4%,Ono Pharmaceutical Co. Ltd.,"10,500","2,52,109",,
DMXF,iShares ESG Advanced MSCI EAFE ETF,31/08/21,Japan — 27.4%,Oriental Land Co. Ltd.,"4,600","6,95,961",,
DMXF,iShares ESG Advanced MSCI EAFE ETF,31/08/21,Japan — 27.4%,Orix JREIT Inc.,70,"1,24,775",,
DMXF,iShares ESG Advanced MSCI EAFE ETF,31/08/21,Japan — 27.4%,Otsuka Corp.,"3,500","1,81,184",,
DMXF,iShares ESG Advanced MSCI EAFE ETF,31/08/21,Japan — 27.4%,Otsuka Holdings Co. Ltd.,"10,500","4,46,823",,
DMXF,iShares ESG Advanced MSCI EAFE ETF,31/08/21,Japan — 27.4%,Pan Pacific International Holdings Corp.,"14,000","2,66,327",,
DMXF,iShares ESG Advanced MSCI EAFE ETF,31/08/21,Japan — 27.4%,Panasonic Corp.,"56,200","6,71,875",,
DMXF,iShares ESG Advanced MSCI EAFE ETF,31/08/21,Japan — 27.4%,Persol Holdings Co. Ltd.,"3,600","84,044",,
DMXF,iShares ESG Advanced MSCI EAFE ETF,31/08/21,Japan — 27.4%,Rakuten Group Inc.,"32,100","3,35,773",,
DMXF,iShares ESG Advanced MSCI EAFE ETF,31/08/21,Japan — 27.4%,Recruit Holdings Co. Ltd.,"35,000","20,60,875",,
DMXF,iShares ESG Advanced MSCI EAFE ETF,31/08/21,Japan — 27.4%,Resona Holdings Inc.,"52,700","2,03,798",,
DMXF,iShares ESG Advanced MSCI EAFE ETF,31/08/21,Japan — 27.4%,Ricoh Co. Ltd.,"17,500","1,78,158",,
DMXF,iShares ESG Advanced MSCI EAFE ETF,31/08/21,Japan — 27.4%,Rohm Co. Ltd.,"4,500","4,32,616",,
DMXF,iShares ESG Advanced MSCI EAFE ETF,31/08/21,Japan — 27.4%,Santen Pharmaceutical Co. Ltd.,"10,500","1,57,002",,
DMXF,iShares ESG Advanced MSCI EAFE ETF,31/08/21,Japan — 27.4%,Secom Co. Ltd.,"4,100","3,10,914",,
DMXF,iShares ESG Advanced MSCI EAFE ETF,31/08/21,Japan — 27.4%,Seiko Epson Corp.,"7,000","1,30,373",,
DMXF,iShares ESG Advanced MSCI EAFE ETF,31/08/21,Japan — 27.4%,Sekisui Chemical Co. Ltd.,"10,500","1,79,699",,
DMXF,iShares ESG Advanced MSCI EAFE ETF,31/08/21,Japan — 27.4%,Sekisui House Ltd.,"14,500","2,88,886",,
DMXF,iShares ESG Advanced MSCI EAFE ETF,31/08/21,Japan — 27.4%,SG Holdings Co. Ltd.,"7,000","1,90,033",,
DMXF,iShares ESG Advanced MSCI EAFE ETF,31/08/21,Japan — 27.4%,Sharp Corp.,"7,000","92,337",,
DMXF,iShares ESG Advanced MSCI EAFE ETF,31/08/21,Japan — 27.4%,Shimadzu Corp.,"7,000","3,13,650",,
DMXF,iShares ESG Advanced MSCI EAFE ETF,31/08/21,Japan — 27.4%,Shimizu Corp.,"14,000","1,00,464",,
DMXF,iShares ESG Advanced MSCI EAFE ETF,31/08/21,Japan — 27.4%,Shin-Etsu Chemical Co. Ltd.,"8,100","13,37,859",,
DMXF,iShares ESG Advanced MSCI EAFE ETF,31/08/21,Japan — 27.4%,Shionogi & Co. Ltd.,"7,000","4,39,815",,
DMXF,iShares ESG Advanced MSCI EAFE ETF,31/08/21,Japan — 27.4%,Shiseido Co. Ltd.,"10,500","6,95,931",,
DMXF,iShares ESG Advanced MSCI EAFE ETF,31/08/21,Japan — 27.4%,Shizuoka Bank Ltd. (The),"10,800","84,604",,
DMXF,iShares ESG Advanced MSCI EAFE ETF,31/08/21,Japan — 27.4%,Softbank Corp.,"74,200","9,93,006",,
DMXF,iShares ESG Advanced MSCI EAFE ETF,31/08/21,Japan — 27.4%,SoftBank Group Corp.,"1,600","90,166",,
DMXF,iShares ESG Advanced MSCI EAFE ETF,31/08/21,Japan — 27.4%,Sohgo Security Services Co. Ltd.,"3,500","1,58,555",,
DMXF,iShares ESG Advanced MSCI EAFE ETF,31/08/21,Japan — 27.4%,Sompo Holdings Inc.,"7,000","3,07,704",,
DMXF,iShares ESG Advanced MSCI EAFE ETF,31/08/21,Japan — 27.4%,Sony Group Corp.,"31,500","32,56,954",,
DMXF,iShares ESG Advanced MSCI EAFE ETF,31/08/21,Japan — 27.4%,Square Enix Holdings Co. Ltd.,"3,500","2,03,475",,
DMXF,iShares ESG Advanced MSCI EAFE ETF,31/08/21,Japan — 27.4%,Stanley Electric Co. Ltd.,"7,000","1,74,687",,
DMXF,iShares ESG Advanced MSCI EAFE ETF,31/08/21,Japan — 27.4%,Sumitomo Chemical Co. Ltd.,"38,500","1,95,180",,
DMXF,iShares ESG Advanced MSCI EAFE ETF,31/08/21,Japan — 27.4%,Sumitomo Dainippon Pharma Co. Ltd.,"7,100","1,27,446",,
DMXF,iShares ESG Advanced MSCI EAFE ETF,31/08/21,Japan — 27.4%,Sumitomo Metal Mining Co. Ltd.,"7,000","2,68,247",,
DMXF,iShares ESG Advanced MSCI EAFE ETF,31/08/21,Japan — 27.4%,Sumitomo Mitsui Financial Group Inc.,"32,500","11,21,760",,
DMXF,iShares ESG Advanced MSCI EAFE ETF,31/08/21,Japan — 27.4%,Suntory Beverage & Food Ltd.,"3,500","1,40,292",,
DMXF,iShares ESG Advanced MSCI EAFE ETF,31/08/21,Japan — 27.4%,Sysmex Corp.,"3,500","3,97,762",,
DMXF,iShares ESG Advanced MSCI EAFE ETF,31/08/21,Japan — 27.4%,T&D Holdings Inc.,"14,000","1,70,388",,
DMXF,iShares ESG Advanced MSCI EAFE ETF,31/08/21,Japan — 27.4%,Taisei Corp.,"7,000","2,18,999",,
DMXF,iShares ESG Advanced MSCI EAFE ETF,31/08/21,Japan — 27.4%,TDK Corp.,"3,500","3,66,840",,
DMXF,iShares ESG Advanced MSCI EAFE ETF,31/08/21,Japan — 27.4%,Terumo Corp.,"17,500","7,30,288",,
DMXF,iShares ESG Advanced MSCI EAFE ETF,31/08/21,Japan — 27.4%,TIS Inc.,"7,000","1,97,607",,
DMXF,iShares ESG Advanced MSCI EAFE ETF,31/08/21,Japan — 27.4%,Tobu Railway Co. Ltd.,"3,500","91,250",,
DMXF,iShares ESG Advanced MSCI EAFE ETF,31/08/21,Japan — 27.4%,Tokio Marine Holdings Inc.,"17,500","8,56,263",,
DMXF,iShares ESG Advanced MSCI EAFE ETF,31/08/21,Japan — 27.4%,Tokyo Electron Ltd.,"3,500","14,99,202",,
DMXF,iShares ESG Advanced MSCI EAFE ETF,31/08/21,Japan — 27.4%,Tokyu Corp.,"14,000","1,92,510",,
DMXF,iShares ESG Advanced MSCI EAFE ETF,31/08/21,Japan — 27.4%,Toppan Inc.,"7,000","1,20,169",,
DMXF,iShares ESG Advanced MSCI EAFE ETF,31/08/21,Japan — 27.4%,Toray Industries Inc.,"35,000","2,35,995",,
DMXF,iShares ESG Advanced MSCI EAFE ETF,31/08/21,Japan — 27.4%,Tosoh Corp.,"7,000","1,27,053",,
DMXF,iShares ESG Advanced MSCI EAFE ETF,31/08/21,Japan — 27.4%,TOTO Ltd.,"3,500","1,90,485",,
DMXF,iShares ESG Advanced MSCI EAFE ETF,31/08/21,Japan — 27.4%,Toyo Suisan Kaisha Ltd.,"3,500","1,45,049",,
DMXF,iShares ESG Advanced MSCI EAFE ETF,31/08/21,Japan — 27.4%,Unicharm Corp.,"10,500","4,68,120",,
DMXF,iShares ESG Advanced MSCI EAFE ETF,31/08/21,Japan — 27.4%,United Urban Investment Corp.,70,"98,878",,
DMXF,iShares ESG Advanced MSCI EAFE ETF,31/08/21,Japan — 27.4%,USS Co. Ltd.,"7,000","1,15,649",,
DMXF,iShares ESG Advanced MSCI EAFE ETF,31/08/21,Japan — 27.4%,West Japan Railway Co.,"3,500","1,91,158",,
DMXF,iShares ESG Advanced MSCI EAFE ETF,31/08/21,Japan — 27.4%,Yakult Honsha Co. Ltd.,"3,500","2,01,817",,
DMXF,iShares ESG Advanced MSCI EAFE ETF,31/08/21,Japan — 27.4%,Yamada Holdings Co. Ltd.,"18,000","77,222",,
DMXF,iShares ESG Advanced MSCI EAFE ETF,31/08/21,Japan — 27.4%,Yamaha Corp.,"3,500","2,06,472",,
DMXF,iShares ESG Advanced MSCI EAFE ETF,31/08/21,Japan — 27.4%,Yamaha Motor Co. Ltd.,"7,000","1,78,092",,
DMXF,iShares ESG Advanced MSCI EAFE ETF,31/08/21,Japan — 27.4%,Yaskawa Electric Corp.,"7,000","3,41,664",,
DMXF,iShares ESG Advanced MSCI EAFE ETF,31/08/21,Japan — 27.4%,Yokogawa Electric Corp.,"7,000","1,09,502",,
DMXF,iShares ESG Advanced MSCI EAFE ETF,31/08/21,Japan — 27.4%,Z Holdings Corp.,"70,500","4,58,407",,
DMXF,iShares ESG Advanced MSCI EAFE ETF,31/08/21,Japan — 27.4%,ZOZO Inc.,"3,500","1,33,476","6,73,05,994",
DMXF,iShares ESG Advanced MSCI EAFE ETF,31/08/21,Netherlands — 8.2%,"ABN AMRO Bank NV, CVA (a)(b)","11,796","1,64,339",,
DMXF,iShares ESG Advanced MSCI EAFE ETF,31/08/21,Netherlands — 8.2%,Adyen NV (a)(b),560,"18,08,107",,
DMXF,iShares ESG Advanced MSCI EAFE ETF,31/08/21,Netherlands — 8.2%,Akzo Nobel NV,"4,727","5,82,552",,
DMXF,iShares ESG Advanced MSCI EAFE ETF,31/08/21,Netherlands — 8.2%,Argenx SE (a),"1,230","4,10,381",,
DMXF,iShares ESG Advanced MSCI EAFE ETF,31/08/21,Netherlands — 8.2%,ASM International NV,"1,210","4,69,471",,
DMXF,iShares ESG Advanced MSCI EAFE ETF,31/08/21,Netherlands — 8.2%,ASML Holding NV,"10,431","86,99,322",,
DMXF,iShares ESG Advanced MSCI EAFE ETF,31/08/21,Netherlands — 8.2%,EXOR NV,"2,670","2,22,767",,
DMXF,iShares ESG Advanced MSCI EAFE ETF,31/08/21,Netherlands — 8.2%,ING Groep NV,"97,583","13,46,096",,
DMXF,iShares ESG Advanced MSCI EAFE ETF,31/08/21,Netherlands — 8.2%,InPost SA (a),"5,880","1,14,556",,
DMXF,iShares ESG Advanced MSCI EAFE ETF,31/08/21,Netherlands — 8.2%,JDE Peet’s NV,"3,115","1,07,031",,
DMXF,iShares ESG Advanced MSCI EAFE ETF,31/08/21,Netherlands — 8.2%,Just Eat Takeaway.com NV (a)(b),"4,469","4,04,920",,
DMXF,iShares ESG Advanced MSCI EAFE ETF,31/08/21,Netherlands — 8.2%,Koninklijke Ahold Delhaize NV,"26,000","8,77,174",,
DMXF,iShares ESG Advanced MSCI EAFE ETF,31/08/21,Netherlands — 8.2%,Koninklijke DSM NV,"4,270","9,09,071",,
DMXF,iShares ESG Advanced MSCI EAFE ETF,31/08/21,Netherlands — 8.2%,NN Group NV,"7,009","3,63,576",,
DMXF,iShares ESG Advanced MSCI EAFE ETF,31/08/21,Netherlands — 8.2%,Prosus NV,"26,485","23,44,333",,
DMXF,iShares ESG Advanced MSCI EAFE ETF,31/08/21,Netherlands — 8.2%,QIAGEN NV (a),"5,718","3,16,444",,
DMXF,iShares ESG Advanced MSCI EAFE ETF,31/08/21,Netherlands — 8.2%,Randstad NV,"2,769","2,03,926",,
DMXF,iShares ESG Advanced MSCI EAFE ETF,31/08/21,Netherlands — 8.2%,Wolters Kluwer NV,"6,652","7,64,985","2,01,09,051",
DMXF,iShares ESG Advanced MSCI EAFE ETF,31/08/21,New Zealand — 0.6%,a2 Milk Co. Ltd. (The) (a)(c),"26,740","1,13,835",,
DMXF,iShares ESG Advanced MSCI EAFE ETF,31/08/21,New Zealand — 0.6%,Auckland International Airport Ltd. (a),"33,291","1,69,136",,
DMXF,iShares ESG Advanced MSCI EAFE ETF,31/08/21,New Zealand — 0.6%,Fisher & Paykel Healthcare Corp. Ltd.,"14,464","3,37,560",,
DMXF,iShares ESG Advanced MSCI EAFE ETF,31/08/21,New Zealand — 0.6%,Mercury NZ Ltd.,"21,180","99,297",,
DMXF,iShares ESG Advanced MSCI EAFE ETF,31/08/21,New Zealand — 0.6%,Meridian Energy Ltd.,"31,582","1,16,645",,
DMXF,iShares ESG Advanced MSCI EAFE ETF,31/08/21,New Zealand — 0.6%,Ryman Healthcare Ltd.,"11,200","1,22,310",,
DMXF,iShares ESG Advanced MSCI EAFE ETF,31/08/21,New Zealand — 0.6%,Spark New Zealand Ltd.,"46,977","1,61,306",,
DMXF,iShares ESG Advanced MSCI EAFE ETF,31/08/21,New Zealand — 0.6%,Xero Ltd. (a),"3,363","3,71,959","14,92,048",
DMXF,iShares ESG Advanced MSCI EAFE ETF,31/08/21,Norway — 0.8%,Adevinta ASA (a),"10,160","2,04,473",,
DMXF,iShares ESG Advanced MSCI EAFE ETF,31/08/21,Norway — 0.8%,"DNB Bank ASA, New","22,927","4,83,914",,
DMXF,iShares ESG Advanced MSCI EAFE ETF,31/08/21,Norway — 0.8%,Gjensidige Forsikring ASA,"5,085","1,18,869",,
DMXF,iShares ESG Advanced MSCI EAFE ETF,31/08/21,Norway — 0.8%,Mowi ASA,"10,714","2,86,978",,
DMXF,iShares ESG Advanced MSCI EAFE ETF,31/08/21,Norway — 0.8%,Orkla ASA,"17,975","1,60,560",,
DMXF,iShares ESG Advanced MSCI EAFE ETF,31/08/21,Norway — 0.8%,"Schibsted ASA, Class A","2,101","1,12,091",,
DMXF,iShares ESG Advanced MSCI EAFE ETF,31/08/21,Norway — 0.8%,"Schibsted ASA, Class B","2,209","1,02,799",,
DMXF,iShares ESG Advanced MSCI EAFE ETF,31/08/21,Norway — 0.8%,Telenor ASA,"17,370","3,04,304",,
DMXF,iShares ESG Advanced MSCI EAFE ETF,31/08/21,Norway — 0.8%,Yara International ASA,"5,007","2,51,466","20,25,454",
DMXF,iShares ESG Advanced MSCI EAFE ETF,31/08/21,Portugal — 0.1%,EDP Renovaveis SA,"3,177","84,478",,
DMXF,iShares ESG Advanced MSCI EAFE ETF,31/08/21,Portugal — 0.1%,Jeronimo Martins SGPS SA,"6,724","1,42,512","2,26,990",
DMXF,iShares ESG Advanced MSCI EAFE ETF,31/08/21,Singapore — 1.5%,Ascendas REIT,"91,199","2,05,837",,
DMXF,iShares ESG Advanced MSCI EAFE ETF,31/08/21,Singapore — 1.5%,CapitaLand Integrated Commercial Trust,"1,16,744","1,78,307",,
DMXF,iShares ESG Advanced MSCI EAFE ETF,31/08/21,Singapore — 1.5%,CapitaLand Ltd.,"63,600","1,88,700",,
DMXF,iShares ESG Advanced MSCI EAFE ETF,31/08/21,Singapore — 1.5%,City Developments Ltd.,"10,900","55,312",,
DMXF,iShares ESG Advanced MSCI EAFE ETF,31/08/21,Singapore — 1.5%,DBS Group Holdings Ltd.,"43,300","9,60,094",,
DMXF,iShares ESG Advanced MSCI EAFE ETF,31/08/21,Singapore — 1.5%,Mapletree Commercial Trust,"56,200","84,664",,
DMXF,iShares ESG Advanced MSCI EAFE ETF,31/08/21,Singapore — 1.5%,Mapletree Logistics Trust,"78,059","1,17,422",,
DMXF,iShares ESG Advanced MSCI EAFE ETF,31/08/21,Singapore — 1.5%,Oversea-Chinese Banking Corp. Ltd.,"85,100","7,20,151",,
DMXF,iShares ESG Advanced MSCI EAFE ETF,31/08/21,Singapore — 1.5%,Singapore Airlines Ltd. (a),"35,800","1,34,208",,
DMXF,iShares ESG Advanced MSCI EAFE ETF,31/08/21,Singapore — 1.5%,Singapore Exchange Ltd.,"1,400","10,276",,
DMXF,iShares ESG Advanced MSCI EAFE ETF,31/08/21,Singapore — 1.5%,Singapore Telecommunications Ltd.,"2,17,700","3,74,781",,
DMXF,iShares ESG Advanced MSCI EAFE ETF,31/08/21,Singapore — 1.5%,United Overseas Bank Ltd.,"32,400","6,13,373",,
DMXF,iShares ESG Advanced MSCI EAFE ETF,31/08/21,Singapore — 1.5%,UOL Group Ltd.,"14,400","74,733","37,17,858",
DMXF,iShares ESG Advanced MSCI EAFE ETF,31/08/21,Spain — 1.8%,Aena SME SA (a)(b),"1,943","3,10,635",,
DMXF,iShares ESG Advanced MSCI EAFE ETF,31/08/21,Spain — 1.8%,Amadeus IT Group SA (a),"12,054","7,36,233",,
DMXF,iShares ESG Advanced MSCI EAFE ETF,31/08/21,Spain — 1.8%,CaixaBank SA,"1,18,887","3,69,316",,
DMXF,iShares ESG Advanced MSCI EAFE ETF,31/08/21,Spain — 1.8%,Cellnex Telecom SA (b),"13,242","9,06,392",,
DMXF,iShares ESG Advanced MSCI EAFE ETF,31/08/21,Spain — 1.8%,Ferrovial SA,"12,707","3,67,988",,
DMXF,iShares ESG Advanced MSCI EAFE ETF,31/08/21,Spain — 1.8%,Grifols SA,"8,121","1,98,530",,
DMXF,iShares ESG Advanced MSCI EAFE ETF,31/08/21,Spain — 1.8%,Industria de Diseno Textil SA,"28,194","9,63,146",,
DMXF,iShares ESG Advanced MSCI EAFE ETF,31/08/21,Spain — 1.8%,Red Electrica Corp. SA,111,"2,214",,
DMXF,iShares ESG Advanced MSCI EAFE ETF,31/08/21,Spain — 1.8%,Telefonica SA,"1,33,670","6,61,412","45,15,866",
DMXF,iShares ESG Advanced MSCI EAFE ETF,31/08/21,Sweden — 4.7%,"Assa Abloy AB, Class B","24,717","7,90,961",,
DMXF,iShares ESG Advanced MSCI EAFE ETF,31/08/21,Sweden — 4.7%,"Atlas Copco AB, Class A","16,453","11,31,099",,
DMXF,iShares ESG Advanced MSCI EAFE ETF,31/08/21,Sweden — 4.7%,"Atlas Copco AB, Class B","13,195","7,64,136",,
DMXF,iShares ESG Advanced MSCI EAFE ETF,31/08/21,Sweden — 4.7%,"Electrolux AB, Series B","5,535","1,40,652",,
DMXF,iShares ESG Advanced MSCI EAFE ETF,31/08/21,Sweden — 4.7%,EQT AB,"5,945","3,03,427",,
DMXF,iShares ESG Advanced MSCI EAFE ETF,31/08/21,Sweden — 4.7%,"Essity AB, Class B","15,156","4,86,473",,
DMXF,iShares ESG Advanced MSCI EAFE ETF,31/08/21,Sweden — 4.7%,"Fastighets AB Balder, Class B (a)","2,594","1,85,648",,
DMXF,iShares ESG Advanced MSCI EAFE ETF,31/08/21,Sweden — 4.7%,"H & M Hennes & Mauritz AB, Class B (a)","21,009","4,21,874",,
DMXF,iShares ESG Advanced MSCI EAFE ETF,31/08/21,Sweden — 4.7%,"Hexagon AB, Class B","50,385","8,73,710",,
DMXF,iShares ESG Advanced MSCI EAFE ETF,31/08/21,Sweden — 4.7%,"Husqvarna AB, Class B","10,719","1,43,993",,
DMXF,iShares ESG Advanced MSCI EAFE ETF,31/08/21,Sweden — 4.7%,ICA Gruppen AB,"2,243","1,11,585",,
DMXF,iShares ESG Advanced MSCI EAFE ETF,31/08/21,Sweden — 4.7%,"Industrivarden AB, Class A","1,971","72,567",,
DMXF,iShares ESG Advanced MSCI EAFE ETF,31/08/21,Sweden — 4.7%,"Industrivarden AB, Class C","4,586","1,59,923",,
DMXF,iShares ESG Advanced MSCI EAFE ETF,31/08/21,Sweden — 4.7%,"Investment AB Latour, Class B","3,675","1,28,045",,
DMXF,iShares ESG Advanced MSCI EAFE ETF,31/08/21,Sweden — 4.7%,"Investor AB, Class B","45,994","11,00,114",,
DMXF,iShares ESG Advanced MSCI EAFE ETF,31/08/21,Sweden — 4.7%,"Kinnevik AB, Class B (a)","5,954","2,33,284",,
DMXF,iShares ESG Advanced MSCI EAFE ETF,31/08/21,Sweden — 4.7%,"L E Lundbergforetagen AB, Class B","1,762","1,12,579",,
DMXF,iShares ESG Advanced MSCI EAFE ETF,31/08/21,Sweden — 4.7%,"Nibe Industrier AB, Class B","36,120","5,03,450",,
DMXF,iShares ESG Advanced MSCI EAFE ETF,31/08/21,Sweden — 4.7%,Sandvik AB,"27,659","7,05,833",,
DMXF,iShares ESG Advanced MSCI EAFE ETF,31/08/21,Sweden — 4.7%,Sinch AB (a)(b),"12,780","2,87,313",,
DMXF,iShares ESG Advanced MSCI EAFE ETF,31/08/21,Sweden — 4.7%,"Skandinaviska Enskilda Banken AB, Class A","40,223","5,39,469",,
DMXF,iShares ESG Advanced MSCI EAFE ETF,31/08/21,Sweden — 4.7%,"SKF AB, Class B","9,985","2,55,012",,
DMXF,iShares ESG Advanced MSCI EAFE ETF,31/08/21,Sweden — 4.7%,"Svenska Cellulosa AB SCA, Class B","14,708","2,59,941",,
DMXF,iShares ESG Advanced MSCI EAFE ETF,31/08/21,Sweden — 4.7%,"Svenska Handelsbanken AB, Class A","37,671","4,23,298",,
DMXF,iShares ESG Advanced MSCI EAFE ETF,31/08/21,Sweden — 4.7%,"Tele2 AB, Class B","12,917","1,93,925",,
DMXF,iShares ESG Advanced MSCI EAFE ETF,31/08/21,Sweden — 4.7%,"Telefonaktiebolaget LM Ericsson, Class B","75,845","8,98,392",,
DMXF,iShares ESG Advanced MSCI EAFE ETF,31/08/21,Sweden — 4.7%,Telia Co. AB,"66,330","2,85,177","1,15,11,880",
DMXF,iShares ESG Advanced MSCI EAFE ETF,31/08/21,Switzerland — 6.8%,"ABB Ltd., Registered","47,741","17,66,161",,
DMXF,iShares ESG Advanced MSCI EAFE ETF,31/08/21,Switzerland — 6.8%,"Adecco Group AG, Registered","4,375","2,43,370",,
DMXF,iShares ESG Advanced MSCI EAFE ETF,31/08/21,Switzerland — 6.8%,Alcon Inc.,"12,504","10,29,816",,
DMXF,iShares ESG Advanced MSCI EAFE ETF,31/08/21,Switzerland — 6.8%,"Baloise Holding AG, Registered","1,018","1,62,333",,
DMXF,iShares ESG Advanced MSCI EAFE ETF,31/08/21,Switzerland — 6.8%,"Banque Cantonale Vaudoise, Registered",849,"71,991",,
DMXF,iShares ESG Advanced MSCI EAFE ETF,31/08/21,Switzerland — 6.8%,"Clariant AG, Registered","5,254","1,10,570",,
DMXF,iShares ESG Advanced MSCI EAFE ETF,31/08/21,Switzerland — 6.8%,"Coca-Cola HBC AG, Class DI","4,875","1,76,450",,
DMXF,iShares ESG Advanced MSCI EAFE ETF,31/08/21,Switzerland — 6.8%,"Geberit AG, Registered",923,"7,70,802",,
DMXF,iShares ESG Advanced MSCI EAFE ETF,31/08/21,Switzerland — 6.8%,"Givaudan SA, Registered",226,"11,33,837",,
DMXF,iShares ESG Advanced MSCI EAFE ETF,31/08/21,Switzerland — 6.8%,Julius Baer Group Ltd.,"5,987","4,08,634",,
DMXF,iShares ESG Advanced MSCI EAFE ETF,31/08/21,Switzerland — 6.8%,"Kuehne + Nagel International AG, Registered","1,376","5,02,884",,
DMXF,iShares ESG Advanced MSCI EAFE ETF,31/08/21,Switzerland — 6.8%,"Logitech International SA, Registered","4,661","4,77,239",,
DMXF,iShares ESG Advanced MSCI EAFE ETF,31/08/21,Switzerland — 6.8%,"Lonza Group AG, Registered","1,902","16,08,571",,
DMXF,iShares ESG Advanced MSCI EAFE ETF,31/08/21,Switzerland — 6.8%,Partners Group Holding AG,566,"10,03,520",,
DMXF,iShares ESG Advanced MSCI EAFE ETF,31/08/21,Switzerland — 6.8%,"SGS SA, Registered",147,"4,61,997",,
DMXF,iShares ESG Advanced MSCI EAFE ETF,31/08/21,Switzerland — 6.8%,"Sika AG, Registered","3,611","13,01,066",,
DMXF,iShares ESG Advanced MSCI EAFE ETF,31/08/21,Switzerland — 6.8%,"Sonova Holding AG, Registered","1,412","5,44,140",,
DMXF,iShares ESG Advanced MSCI EAFE ETF,31/08/21,Switzerland — 6.8%,STMicroelectronics NV,"16,981","7,56,448",,
DMXF,iShares ESG Advanced MSCI EAFE ETF,31/08/21,Switzerland — 6.8%,"Straumann Holding AG, Registered",253,"4,88,857",,
DMXF,iShares ESG Advanced MSCI EAFE ETF,31/08/21,Switzerland — 6.8%,"Swiss Life Holding AG, Registered",778,"4,05,516",,
DMXF,iShares ESG Advanced MSCI EAFE ETF,31/08/21,Switzerland — 6.8%,"Swiss Prime Site AG, Registered","1,716","1,83,622",,
DMXF,iShares ESG Advanced MSCI EAFE ETF,31/08/21,Switzerland — 6.8%,Swiss Re AG,"7,538","6,93,059",,
DMXF,iShares ESG Advanced MSCI EAFE ETF,31/08/21,Switzerland — 6.8%,"Swisscom AG, Registered",600,"3,52,162",,
DMXF,iShares ESG Advanced MSCI EAFE ETF,31/08/21,Switzerland — 6.8%,"Temenos AG, Registered","1,653","2,62,267",,
DMXF,iShares ESG Advanced MSCI EAFE ETF,31/08/21,Switzerland — 6.8%,Vifor Pharma AG,"1,159","1,65,025",,
DMXF,iShares ESG Advanced MSCI EAFE ETF,31/08/21,Switzerland — 6.8%,Zurich Insurance Group AG,"4,002","17,56,043","1,68,36,380",
DMXF,iShares ESG Advanced MSCI EAFE ETF,31/08/21,United Kingdom — 9.8%,3i Group PLC,"25,845","4,75,318",,
DMXF,iShares ESG Advanced MSCI EAFE ETF,31/08/21,United Kingdom — 9.8%,Abrdn PLC,"63,434","2,31,769",,
DMXF,iShares ESG Advanced MSCI EAFE ETF,31/08/21,United Kingdom — 9.8%,Admiral Group PLC,"4,690","2,33,028",,
DMXF,iShares ESG Advanced MSCI EAFE ETF,31/08/21,United Kingdom — 9.8%,Antofagasta PLC,"10,014","2,00,599",,
DMXF,iShares ESG Advanced MSCI EAFE ETF,31/08/21,United Kingdom — 9.8%,Ashtead Group PLC,"11,279","8,81,712",,
DMXF,iShares ESG Advanced MSCI EAFE ETF,31/08/21,United Kingdom — 9.8%,Auto Trader Group PLC (b),"24,467","2,11,581",,
DMXF,iShares ESG Advanced MSCI EAFE ETF,31/08/21,United Kingdom — 9.8%,AVEVA Group PLC,"2,915","1,65,867",,
DMXF,iShares ESG Advanced MSCI EAFE ETF,31/08/21,United Kingdom — 9.8%,Aviva PLC,"98,105","5,45,279",,
DMXF,iShares ESG Advanced MSCI EAFE ETF,31/08/21,United Kingdom — 9.8%,Barratt Developments PLC,"25,143","2,55,745",,
DMXF,iShares ESG Advanced MSCI EAFE ETF,31/08/21,United Kingdom — 9.8%,Berkeley Group Holdings PLC,"3,017","2,00,403",,
DMXF,iShares ESG Advanced MSCI EAFE ETF,31/08/21,United Kingdom — 9.8%,British Land Co. PLC (The),"21,316","1,55,730",,
DMXF,iShares ESG Advanced MSCI EAFE ETF,31/08/21,United Kingdom — 9.8%,BT Group PLC (a),"2,45,637","5,74,202",,
DMXF,iShares ESG Advanced MSCI EAFE ETF,31/08/21,United Kingdom — 9.8%,Bunzl PLC,"8,161","2,95,700",,
DMXF,iShares ESG Advanced MSCI EAFE ETF,31/08/21,United Kingdom — 9.8%,Burberry Group PLC,"10,429","2,67,042",,
DMXF,iShares ESG Advanced MSCI EAFE ETF,31/08/21,United Kingdom — 9.8%,Coca-Cola Europacific Partners PLC,"5,049","2,91,529",,
DMXF,iShares ESG Advanced MSCI EAFE ETF,31/08/21,United Kingdom — 9.8%,Compass Group PLC (a),"44,564","9,20,690",,
DMXF,iShares ESG Advanced MSCI EAFE ETF,31/08/21,United Kingdom — 9.8%,Croda International PLC,"3,535","4,44,991",,
DMXF,iShares ESG Advanced MSCI EAFE ETF,31/08/21,United Kingdom — 9.8%,Direct Line Insurance Group PLC,"33,742","1,43,346",,
DMXF,iShares ESG Advanced MSCI EAFE ETF,31/08/21,United Kingdom — 9.8%,Ferguson PLC,"5,645","8,15,918",,
DMXF,iShares ESG Advanced MSCI EAFE ETF,31/08/21,United Kingdom — 9.8%,Halma PLC,"9,439","3,89,791",,
DMXF,iShares ESG Advanced MSCI EAFE ETF,31/08/21,United Kingdom — 9.8%,Hikma Pharmaceuticals PLC,"4,169","1,45,518",,
DMXF,iShares ESG Advanced MSCI EAFE ETF,31/08/21,United Kingdom — 9.8%,HSBC Holdings PLC,"4,88,610","25,94,358",,
DMXF,iShares ESG Advanced MSCI EAFE ETF,31/08/21,United Kingdom — 9.8%,Informa PLC (a),"36,614","2,67,577",,
DMXF,iShares ESG Advanced MSCI EAFE ETF,31/08/21,United Kingdom — 9.8%,InterContinental Hotels Group PLC (a),"5,856","3,74,164",,
DMXF,iShares ESG Advanced MSCI EAFE ETF,31/08/21,United Kingdom — 9.8%,Intertek Group PLC,"4,033","2,92,420",,
DMXF,iShares ESG Advanced MSCI EAFE ETF,31/08/21,United Kingdom — 9.8%,J Sainsbury PLC,"40,181","1,67,941",,
DMXF,iShares ESG Advanced MSCI EAFE ETF,31/08/21,United Kingdom — 9.8%,JD Sports Fashion PLC,"12,891","1,79,008",,
DMXF,iShares ESG Advanced MSCI EAFE ETF,31/08/21,United Kingdom — 9.8%,Kingfisher PLC,"51,700","2,48,937",,
DMXF,iShares ESG Advanced MSCI EAFE ETF,31/08/21,United Kingdom — 9.8%,Land Securities Group PLC,"16,634","1,62,459",,
DMXF,iShares ESG Advanced MSCI EAFE ETF,31/08/21,United Kingdom — 9.8%,Legal & General Group PLC,"1,47,993","5,49,739",,
DMXF,iShares ESG Advanced MSCI EAFE ETF,31/08/21,United Kingdom — 9.8%,Lloyds Banking Group PLC,"17,49,756","10,47,498",,
DMXF,iShares ESG Advanced MSCI EAFE ETF,31/08/21,United Kingdom — 9.8%,London Stock Exchange Group PLC,"8,282","9,07,242",,
DMXF,iShares ESG Advanced MSCI EAFE ETF,31/08/21,United Kingdom — 9.8%,M&G PLC,"82,321","2,33,187",,
DMXF,iShares ESG Advanced MSCI EAFE ETF,31/08/21,United Kingdom — 9.8%,Mondi PLC,"11,727","3,23,488",,
DMXF,iShares ESG Advanced MSCI EAFE ETF,31/08/21,United Kingdom — 9.8%,Next PLC,"3,335","3,62,684",,
DMXF,iShares ESG Advanced MSCI EAFE ETF,31/08/21,United Kingdom — 9.8%,Ocado Group PLC (a),"12,365","3,42,699",,
DMXF,iShares ESG Advanced MSCI EAFE ETF,31/08/21,United Kingdom — 9.8%,Pearson PLC,"18,487","1,94,956",,
DMXF,iShares ESG Advanced MSCI EAFE ETF,31/08/21,United Kingdom — 9.8%,Persimmon PLC,"7,882","3,18,996",,
DMXF,iShares ESG Advanced MSCI EAFE ETF,31/08/21,United Kingdom — 9.8%,Phoenix Group Holdings PLC,"13,197","1,13,077",,
DMXF,iShares ESG Advanced MSCI EAFE ETF,31/08/21,United Kingdom — 9.8%,Prudential PLC,"64,886","13,51,875",,
DMXF,iShares ESG Advanced MSCI EAFE ETF,31/08/21,United Kingdom — 9.8%,RELX PLC,"48,060","14,42,337",,
DMXF,iShares ESG Advanced MSCI EAFE ETF,31/08/21,United Kingdom — 9.8%,Rentokil Initial PLC,"45,718","3,65,219",,
DMXF,iShares ESG Advanced MSCI EAFE ETF,31/08/21,United Kingdom — 9.8%,Sage Group PLC (The),"26,601","2,71,663",,
DMXF,iShares ESG Advanced MSCI EAFE ETF,31/08/21,United Kingdom — 9.8%,Schroders PLC,"3,102","1,61,274",,
DMXF,iShares ESG Advanced MSCI EAFE ETF,31/08/21,United Kingdom — 9.8%,Segro PLC,"30,144","5,32,767",,
DMXF,iShares ESG Advanced MSCI EAFE ETF,31/08/21,United Kingdom — 9.8%,Severn Trent PLC,"5,961","2,26,481",,
DMXF,iShares ESG Advanced MSCI EAFE ETF,31/08/21,United Kingdom — 9.8%,Spirax-Sarco Engineering PLC,"1,820","4,03,595",,
DMXF,iShares ESG Advanced MSCI EAFE ETF,31/08/21,United Kingdom — 9.8%,St. James’s Place PLC,"14,741","3,26,436",,
DMXF,iShares ESG Advanced MSCI EAFE ETF,31/08/21,United Kingdom — 9.8%,Taylor Wimpey PLC,"89,880","2,26,254",,
DMXF,iShares ESG Advanced MSCI EAFE ETF,31/08/21,United Kingdom — 9.8%,United Utilities Group PLC,"17,752","2,58,158",,
DMXF,iShares ESG Advanced MSCI EAFE ETF,31/08/21,United Kingdom — 9.8%,Vodafone Group PLC,"6,76,340","11,35,961",,
DMXF,iShares ESG Advanced MSCI EAFE ETF,31/08/21,United Kingdom — 9.8%,Whitbread PLC (a),"5,715","2,52,371",,
DMXF,iShares ESG Advanced MSCI EAFE ETF,31/08/21,United Kingdom — 9.8%,Wm Morrison Supermarkets PLC,"56,536","2,24,875",,
DMXF,iShares ESG Advanced MSCI EAFE ETF,31/08/21,United Kingdom — 9.8%,WPP PLC,"29,053","3,93,925","2,40,99,379",243963099
DMXF,iShares ESG Advanced MSCI EAFE ETF,31/08/21,GERMANY — 0.4%,"Bayerische Motoren Werke AG, Preference Shares, NVS","1,050","87,904",,
DMXF,iShares ESG Advanced MSCI EAFE ETF,31/08/21,GERMANY — 0.4%,"Henkel AG & Co. KGaA, Preference Shares, NVS","4,411","4,30,968",,
DMXF,iShares ESG Advanced MSCI EAFE ETF,31/08/21,GERMANY — 0.4%,"Sartorius AG, Preference Shares, NVS",677,"4,46,016","9,64,888",
DMXF,iShares ESG Advanced MSCI EAFE ETF,31/08/21,ITALY — 0.1%,"Telecom Italia SpA/Milano, Preference Shares, NVS","3,44,900","1,66,632","1,66,632","11,31,520"
DMXF,iShares ESG Advanced MSCI EAFE ETF,31/08/21,MONEY MARKET FUNDS — 0.0%,"BlackRock Cash Funds: Institutional, SL Agency Shares, 0.06%(e)(f)","27,539","27,552",,
DMXF,iShares ESG Advanced MSCI EAFE ETF,31/08/21,MONEY MARKET FUNDS — 0.0%,"BlackRock Cash Funds: Treasury, SL Agency Shares, 0.00%(e)(f)","20,000","20,000","47,552","47,552"
DSI,iShares MSCI KLD 400 Social ETF,30/04/21,Aerospace & Defense — 0.0%,"Spirit AeroSystems Holdings Inc., Class A","17,146","7,83,401","7,83,401",
DSI,iShares MSCI KLD 400 Social ETF,30/04/21,Air Freight & Logistics — 0.9%,CH Robinson Worldwide Inc.,"21,946","21,30,518",,
DSI,iShares MSCI KLD 400 Social ETF,30/04/21,Air Freight & Logistics — 0.9%,Echo Global Logistics Inc. (a),"3,456","1,13,011",,
DSI,iShares MSCI KLD 400 Social ETF,30/04/21,Air Freight & Logistics — 0.9%,Expeditors International of Washington Inc.,"27,315","30,00,826",,
DSI,iShares MSCI KLD 400 Social ETF,30/04/21,Air Freight & Logistics — 0.9%,"United Parcel Service Inc., Class B","1,14,822","2,34,07,613","2,86,51,968",
DSI,iShares MSCI KLD 400 Social ETF,30/04/21,Airlines — 0.1%,Delta Air Lines Inc. (a),"25,297","11,86,935",,
DSI,iShares MSCI KLD 400 Social ETF,30/04/21,Airlines — 0.1%,Southwest Airlines Co.,"23,920","15,01,698","26,88,633",
DSI,iShares MSCI KLD 400 Social ETF,30/04/21,Auto Components — 0.3%,Aptiv PLC (a),"43,315","62,32,595",,
DSI,iShares MSCI KLD 400 Social ETF,30/04/21,Auto Components — 0.3%,Autoliv Inc. (a),"13,278","13,36,564",,
DSI,iShares MSCI KLD 400 Social ETF,30/04/21,Auto Components — 0.3%,BorgWarner Inc.,"39,540","19,20,853","94,90,012",
DSI,iShares MSCI KLD 400 Social ETF,30/04/21,Automobiles — 2.8%,Harley-Davidson Inc.,"24,387","11,79,599",,
DSI,iShares MSCI KLD 400 Social ETF,30/04/21,Automobiles — 2.8%,Tesla Inc. (a),"1,21,742","8,63,68,645","8,75,48,244",
DSI,iShares MSCI KLD 400 Social ETF,30/04/21,Banks — 1.9%,Bank of Hawaii Corp.,"6,401","5,81,787",,
DSI,iShares MSCI KLD 400 Social ETF,30/04/21,Banks — 1.9%,Cathay General Bancorp.,"12,240","4,95,475",,
DSI,iShares MSCI KLD 400 Social ETF,30/04/21,Banks — 1.9%,CIT Group Inc.,"15,648","8,33,882",,
DSI,iShares MSCI KLD 400 Social ETF,30/04/21,Banks — 1.9%,Citizens Financial Group Inc.,"68,632","31,76,289",,
DSI,iShares MSCI KLD 400 Social ETF,30/04/21,Banks — 1.9%,Comerica Inc.,"22,319","16,77,496",,
DSI,iShares MSCI KLD 400 Social ETF,30/04/21,Banks — 1.9%,First Republic Bank/CA,"27,915","51,15,145",,
DSI,iShares MSCI KLD 400 Social ETF,30/04/21,Banks — 1.9%,Heartland Financial USA Inc.,"5,521","2,77,541",,
,,,,Huntington Bancshares Inc./OH,"1,63,277","25,01,404",,
DSI,iShares MSCI KLD 400 Social ETF,30/04/22,Banks — 1.9%,International Bancshares Corp.,"8,739","4,14,141",,
DSI,iShares MSCI KLD 400 Social ETF,30/04/21,Banks — 1.9%,KeyCorp.,"1,57,428","34,25,633",,
DSI,iShares MSCI KLD 400 Social ETF,30/04/21,Banks — 1.9%,M&T Bank Corp.,"20,608","32,49,675",,
DSI,iShares MSCI KLD 400 Social ETF,30/04/21,Banks — 1.9%,Old National Bancorp./IN,"23,338","4,41,088",,
DSI,iShares MSCI KLD 400 Social ETF,30/04/21,Banks — 1.9%,People’s United Financial Inc.,"68,889","12,48,958",,
DSI,iShares MSCI KLD 400 Social ETF,30/04/21,Banks — 1.9%,PNC Financial Services Group Inc. (The),"68,022","1,27,16,713",,
DSI,iShares MSCI KLD 400 Social ETF,30/04/21,Banks — 1.9%,Regions Financial Corp.,"1,53,705","33,50,769",,
DSI,iShares MSCI KLD 400 Social ETF,30/04/21,Banks — 1.9%,SVB Financial Group (a),"8,304","47,48,476",,
DSI,iShares MSCI KLD 400 Social ETF,30/04/21,Banks — 1.9%,Truist Financial Corp.,"2,16,183","1,28,21,814",,
DSI,iShares MSCI KLD 400 Social ETF,30/04/21,Banks — 1.9%,Umpqua Holdings Corp.,"35,140","6,55,010",,
DSI,iShares MSCI KLD 400 Social ETF,30/04/21,Banks — 1.9%,Zions Bancorp. NA,"26,153","14,59,337","5,91,90,633",
DSI,iShares MSCI KLD 400 Social ETF,30/04/21,Beverages — 2.3%,Coca-Cola Co. (The),"6,55,416","3,53,79,355",,
DSI,iShares MSCI KLD 400 Social ETF,30/04/21,Beverages — 2.3%,Keurig Dr Pepper Inc.,"90,802","32,55,252",,
DSI,iShares MSCI KLD 400 Social ETF,30/04/21,Beverages — 2.3%,PepsiCo Inc.,"2,21,861","3,19,83,482","7,06,18,089",
DSI,iShares MSCI KLD 400 Social ETF,30/04/21,Biotechnology — 2.7%,AbbVie Inc.,"2,83,430","3,16,02,445",,
DSI,iShares MSCI KLD 400 Social ETF,30/04/21,Biotechnology — 2.7%,Amgen Inc.,"93,461","2,23,96,994",,
DSI,iShares MSCI KLD 400 Social ETF,30/04/21,Biotechnology — 2.7%,Biogen Inc. (a),"24,700","66,03,051",,
DSI,iShares MSCI KLD 400 Social ETF,30/04/21,Biotechnology — 2.7%,BioMarin Pharmaceutical Inc. (a),"29,231","22,77,680",,
DSI,iShares MSCI KLD 400 Social ETF,30/04/21,Biotechnology — 2.7%,Gilead Sciences Inc.,"2,01,241","1,27,72,766",,
DSI,iShares MSCI KLD 400 Social ETF,30/04/21,Biotechnology — 2.7%,Vertex Pharmaceuticals Inc. (a),"41,696","90,98,067","8,47,51,003",
DSI,iShares MSCI KLD 400 Social ETF,30/04/21,Building Products — 0.9%,A O Smith Corp.,"21,581","14,62,113",,
DSI,iShares MSCI KLD 400 Social ETF,30/04/21,Building Products — 0.9%,Allegion PLC,"14,822","19,91,780",,
DSI,iShares MSCI KLD 400 Social ETF,30/04/21,Building Products — 0.9%,Builders FirstSource Inc. (a),"31,263","15,21,570",,
DSI,iShares MSCI KLD 400 Social ETF,30/04/22,Building Products — 0.9%,Fortune Brands Home & Security Inc.,"22,335","23,44,728",,
DSI,iShares MSCI KLD 400 Social ETF,30/04/21,Building Products — 0.9%,Johnson Controls International PLC,"1,16,181","72,42,723",,
DSI,iShares MSCI KLD 400 Social ETF,30/04/21,Building Products — 0.9%,Lennox International Inc.,"5,541","18,58,119",,
DSI,iShares MSCI KLD 400 Social ETF,30/04/21,Building Products — 0.9%,Masco Corp.,"42,160","26,93,181",,
DSI,iShares MSCI KLD 400 Social ETF,30/04/21,Building Products — 0.9%,Owens Corning,"17,531","16,97,176",,
DSI,iShares MSCI KLD 400 Social ETF,30/04/21,Building Products — 0.9%,Trane Technologies PLC,"38,485","66,89,848","2,75,01,238",
DSI,iShares MSCI KLD 400 Social ETF,30/04/21,Capital Markets — 3.7%,Ameriprise Financial Inc.,"18,920","48,88,928",,
DSI,iShares MSCI KLD 400 Social ETF,30/04/21,Capital Markets — 3.7%,Bank of New York Mellon Corp. (The),"1,27,877","63,78,505",,
DSI,iShares MSCI KLD 400 Social ETF,30/04/21,Capital Markets — 3.7%,BlackRock Inc. (b),"24,485","2,00,60,560",,
DSI,iShares MSCI KLD 400 Social ETF,30/04/21,Capital Markets — 3.7%,Charles Schwab Corp. (The),"2,45,597","1,72,90,029",,
DSI,iShares MSCI KLD 400 Social ETF,30/04/21,Capital Markets — 3.7%,CME Group Inc.,"57,655","1,16,45,733",,
DSI,iShares MSCI KLD 400 Social ETF,30/04/21,Capital Markets — 3.7%,FactSet Research Systems Inc.,"6,066","20,39,510",,
DSI,iShares MSCI KLD 400 Social ETF,30/04/21,Capital Markets — 3.7%,Franklin Resources Inc.,"48,598","14,57,940",,
DSI,iShares MSCI KLD 400 Social ETF,30/04/21,Capital Markets — 3.7%,Intercontinental Exchange Inc.,"90,109","1,06,06,730",,
DSI,iShares MSCI KLD 400 Social ETF,30/04/21,Capital Markets — 3.7%,Invesco Ltd.,"63,128","17,04,456",,
DSI,iShares MSCI KLD 400 Social ETF,30/04/21,Capital Markets — 3.7%,Moody’s Corp.,"27,183","88,80,958",,
DSI,iShares MSCI KLD 400 Social ETF,30/04/21,Capital Markets — 3.7%,Northern Trust Corp.,"31,684","36,05,639",,
DSI,iShares MSCI KLD 400 Social ETF,30/04/21,Capital Markets — 3.7%,S&P Global Inc.,"38,627","1,50,79,595",,
DSI,iShares MSCI KLD 400 Social ETF,30/04/21,Capital Markets — 3.7%,State Street Corp.,"56,584","47,50,227",,
DSI,iShares MSCI KLD 400 Social ETF,30/04/21,Capital Markets — 3.7%,T Rowe Price Group Inc.,"36,343","65,12,666","11,49,01,476",
DSI,iShares MSCI KLD 400 Social ETF,30/04/21,Chemicals — 2.4%,Air Products & Chemicals Inc.,"35,507","1,02,43,059",,
DSI,iShares MSCI KLD 400 Social ETF,30/04/21,Chemicals — 2.4%,Albemarle Corp.,"18,468","31,05,764",,
DSI,iShares MSCI KLD 400 Social ETF,30/04/21,Chemicals — 2.4%,Axalta Coating Systems Ltd. (a),"34,347","10,95,326",,
DSI,iShares MSCI KLD 400 Social ETF,30/04/21,Chemicals — 2.4%,Ecolab Inc.,"41,290","92,53,915",,
DSI,iShares MSCI KLD 400 Social ETF,30/04/21,Chemicals — 2.4%,HB Fuller Co.,"8,510","5,68,638",,
DSI,iShares MSCI KLD 400 Social ETF,30/04/21,Chemicals — 2.4%,International Flavors & Fragrances Inc.,"35,891","51,02,623",,
DSI,iShares MSCI KLD 400 Social ETF,30/04/21,Chemicals — 2.4%,Linde PLC,"84,262","2,40,85,450",,
DSI,iShares MSCI KLD 400 Social ETF,30/04/21,Chemicals — 2.4%,Minerals Technologies Inc.,"5,526","4,31,802",,
DSI,iShares MSCI KLD 400 Social ETF,30/04/21,Chemicals — 2.4%,Mosaic Co. (The),"57,906","20,37,133",,
DSI,iShares MSCI KLD 400 Social ETF,30/04/21,Chemicals — 2.4%,PPG Industries Inc.,"37,849","64,81,263",,
DSI,iShares MSCI KLD 400 Social ETF,30/04/21,Chemicals — 2.4%,Sherwin-Williams Co. (The),"39,351","1,07,77,058","7,31,82,031",
DSI,iShares MSCI KLD 400 Social ETF,30/04/21,Commercial Services & Supplies — 0.2%,ACCO Brands Corp.,"13,535","1,16,130",,
DSI,iShares MSCI KLD 400 Social ETF,30/04/21,Commercial Services & Supplies — 0.2%,Copart Inc. (a),"34,181","42,55,876",,
DSI,iShares MSCI KLD 400 Social ETF,30/04/21,Commercial Services & Supplies — 0.2%,Deluxe Corp.,"6,510","2,86,570",,
DSI,iShares MSCI KLD 400 Social ETF,30/04/21,Commercial Services & Supplies — 0.2%,HNI Corp.,"7,156","3,02,985",,
DSI,iShares MSCI KLD 400 Social ETF,30/04/21,Commercial Services & Supplies — 0.2%,Interface Inc.,"10,152","1,30,352",,
DSI,iShares MSCI KLD 400 Social ETF,30/04/21,Commercial Services & Supplies — 0.2%,Knoll Inc.,"8,544","2,04,202",,
DSI,iShares MSCI KLD 400 Social ETF,30/04/21,Commercial Services & Supplies — 0.2%,"Steelcase Inc., Class A","12,717","1,75,495",,
DSI,iShares MSCI KLD 400 Social ETF,30/04/21,Commercial Services & Supplies — 0.2%,Tetra Tech Inc.,"8,541","10,90,088","65,61,698",
DSI,iShares MSCI KLD 400 Social ETF,30/04/21,Communications Equipment — 1.4%,Cisco Systems Inc.,"6,78,367","3,45,35,664",,
DSI,iShares MSCI KLD 400 Social ETF,30/04/21,Communications Equipment — 1.4%,CommScope Holding Co. Inc. (a),"32,319","5,31,648",,
DSI,iShares MSCI KLD 400 Social ETF,30/04/21,Communications Equipment — 1.4%,F5 Networks Inc. (a),"9,849","18,39,399",,
DSI,iShares MSCI KLD 400 Social ETF,30/04/21,Communications Equipment — 1.4%,Motorola Solutions Inc.,"27,187","51,19,312",,
DSI,iShares MSCI KLD 400 Social ETF,30/04/21,Communications Equipment — 1.4%,Plantronics Inc. (a),"5,653","2,26,063","4,22,52,086",
DSI,iShares MSCI KLD 400 Social ETF,30/04/21,Construction & Engineering — 0.1%,EMCOR Group Inc.,"8,706","10,42,979",,
DSI,iShares MSCI KLD 400 Social ETF,30/04/21,Construction & Engineering — 0.1%,Granite Construction Inc.,"7,834","2,98,475",,
DSI,iShares MSCI KLD 400 Social ETF,30/04/21,Construction & Engineering — 0.1%,Quanta Services Inc.,"22,346","21,59,518","35,00,972",
DSI,iShares MSCI KLD 400 Social ETF,30/04/21,Consumer Finance — 0.6%,Ally Financial Inc.,"59,974","30,85,662",,
DSI,iShares MSCI KLD 400 Social ETF,30/04/21,Consumer Finance — 0.6%,American Express Co.,"1,09,876","1,68,49,485","1,99,35,147",
DSI,iShares MSCI KLD 400 Social ETF,30/04/21,Containers & Packaging — 0.4%,Amcor PLC,"2,52,945","29,72,104",,
DSI,iShares MSCI KLD 400 Social ETF,30/04/21,Containers & Packaging — 0.4%,Avery Dennison Corp.,"13,352","28,59,598",,
DSI,iShares MSCI KLD 400 Social ETF,30/04/21,Containers & Packaging — 0.4%,Ball Corp.,"52,613","49,26,681",,
DSI,iShares MSCI KLD 400 Social ETF,30/04/21,Containers & Packaging — 0.4%,Sealed Air Corp.,"25,110","12,40,434",,
DSI,iShares MSCI KLD 400 Social ETF,30/04/21,Containers & Packaging — 0.4%,Sonoco Products Co.,"16,341","10,69,682","1,30,68,499",
DSI,iShares MSCI KLD 400 Social ETF,30/04/21,Distributors — 0.2%,LKQ Corp. (a),"46,507","21,72,342",,
DSI,iShares MSCI KLD 400 Social ETF,30/04/21,Distributors — 0.2%,Pool Corp.,"6,473","27,34,972","49,07,314",
DSI,iShares MSCI KLD 400 Social ETF,30/04/21,Diversified Financial Services — 0.1%,Equitable Holdings Inc.,"63,803","21,83,977",,
DSI,iShares MSCI KLD 400 Social ETF,30/04/21,Diversified Financial Services — 0.1%,Voya Financial Inc.,"20,464","13,87,868","35,71,845",
DSI,iShares MSCI KLD 400 Social ETF,30/04/21,Diversified Telecommunication Services — 1.4%,"Liberty Global PLC, Class A (a)","26,365","7,09,218",,
DSI,iShares MSCI KLD 400 Social ETF,30/04/21,Diversified Telecommunication Services — 1.4%,"Liberty Global PLC, Class C, NVS (a)","59,357","16,06,200",,
DSI,iShares MSCI KLD 400 Social ETF,30/04/21,Diversified Telecommunication Services — 1.4%,Lumen Technologies Inc.,"1,50,489","19,30,774",,
DSI,iShares MSCI KLD 400 Social ETF,30/04/21,Diversified Telecommunication Services — 1.4%,Verizon Communications Inc.,"6,64,330","3,83,91,631","4,26,37,823",
DSI,iShares MSCI KLD 400 Social ETF,30/04/21,Electric Utilities — 0.5%,Alliant Energy Corp.,"39,888","22,40,509",,
DSI,iShares MSCI KLD 400 Social ETF,30/04/21,Electric Utilities — 0.5%,Eversource Energy,"54,876","47,31,408",,
DSI,iShares MSCI KLD 400 Social ETF,30/04/21,Electric Utilities — 0.5%,FirstEnergy Corp.,"86,977","32,98,168",,
DSI,iShares MSCI KLD 400 Social ETF,30/04/21,Electric Utilities — 0.5%,OGE Energy Corp.,"32,487","10,90,264",,
DSI,iShares MSCI KLD 400 Social ETF,30/04/21,Electric Utilities — 0.5%,PPL Corp.,"1,23,799","36,06,265","1,49,66,614",
DSI,iShares MSCI KLD 400 Social ETF,30/04/21,Electrical Equipment — 0.5%,Acuity Brands Inc.,"5,924","10,99,021",,
DSI,iShares MSCI KLD 400 Social ETF,30/04/21,Electrical Equipment — 0.5%,Eaton Corp. PLC,"63,985","91,45,376",,
DSI,iShares MSCI KLD 400 Social ETF,30/04/21,Electrical Equipment — 0.5%,Rockwell Automation Inc.,"18,617","49,19,728",,
DSI,iShares MSCI KLD 400 Social ETF,30/04/21,Electrical Equipment — 0.5%,Sensata Technologies Holding PLC (a),"25,043","14,45,983","1,66,10,108",
DSI,iShares MSCI KLD 400 Social ETF,30/04/21,"Electronic Equipment, Instruments & Components — 0.9%",Cognex Corp.,"27,984","24,09,982",,
DSI,iShares MSCI KLD 400 Social ETF,30/04/21,"Electronic Equipment, Instruments & Components — 0.9%",Corning Inc.,"1,22,381","54,10,464",,
DSI,iShares MSCI KLD 400 Social ETF,30/04/21,"Electronic Equipment, Instruments & Components — 0.9%",Flex Ltd. (a),"80,857","14,06,912",,
DSI,iShares MSCI KLD 400 Social ETF,30/04/21,"Electronic Equipment, Instruments & Components — 0.9%",Itron Inc. (a),"6,299","5,66,532",,
DSI,iShares MSCI KLD 400 Social ETF,30/04/21,"Electronic Equipment, Instruments & Components — 0.9%",Keysight Technologies Inc. (a)(c),"29,726","42,90,948",,
DSI,iShares MSCI KLD 400 Social ETF,30/04/21,"Electronic Equipment, Instruments & Components — 0.9%",TE Connectivity Ltd.,"53,182","71,51,384",,
DSI,iShares MSCI KLD 400 Social ETF,30/04/21,"Electronic Equipment, Instruments & Components — 0.9%",Trimble Inc. (a),"40,090","32,87,380",,
DSI,iShares MSCI KLD 400 Social ETF,30/04/21,"Electronic Equipment, Instruments & Components — 0.9%","Zebra Technologies Corp., Class A (a)","8,564","41,77,005","2,87,00,607",
DSI,iShares MSCI KLD 400 Social ETF,30/04/21,Energy Equipment & Services — 0.3%,Baker Hughes Co.,"1,10,065","22,10,105",,
DSI,iShares MSCI KLD 400 Social ETF,30/04/21,Energy Equipment & Services — 0.3%,Core Laboratories NV,"7,442","2,09,716",,
DSI,iShares MSCI KLD 400 Social ETF,30/04/21,Energy Equipment & Services — 0.3%,NOV Inc.,"61,432","9,18,408",,
DSI,iShares MSCI KLD 400 Social ETF,30/04/21,Energy Equipment & Services — 0.3%,Schlumberger Ltd.,"2,23,980","60,58,659",,
DSI,iShares MSCI KLD 400 Social ETF,30/04/21,Energy Equipment & Services — 0.3%,TechnipFMC PLC,"69,792","5,16,461","99,13,349",
DSI,iShares MSCI KLD 400 Social ETF,30/04/21,Entertainment — 2.0%,Electronic Arts Inc.,"46,485","66,04,589",,
DSI,iShares MSCI KLD 400 Social ETF,30/04/21,Entertainment — 2.0%,Walt Disney Co. (The) (a),"2,90,655","5,40,67,643","6,06,72,232",
DSI,iShares MSCI KLD 400 Social ETF,30/04/21,Equity Real Estate Investment Trusts (REITs) — 2.9%,American Tower Corp.,"71,315","1,81,68,923",,
DSI,iShares MSCI KLD 400 Social ETF,30/04/21,Equity Real Estate Investment Trusts (REITs) — 2.9%,AvalonBay Communities Inc.,"22,408","43,02,336",,
DSI,iShares MSCI KLD 400 Social ETF,30/04/21,Equity Real Estate Investment Trusts (REITs) — 2.9%,Boston Properties Inc.,"23,605","25,81,207",,
DSI,iShares MSCI KLD 400 Social ETF,30/04/21,Equity Real Estate Investment Trusts (REITs) — 2.9%,Corporate Office Properties Trust,"16,942","4,75,054",,
DSI,iShares MSCI KLD 400 Social ETF,30/04/21,Equity Real Estate Investment Trusts (REITs) — 2.9%,Digital Realty Trust Inc.,"44,963","69,38,240",,
DSI,iShares MSCI KLD 400 Social ETF,30/04/21,Equity Real Estate Investment Trusts (REITs) — 2.9%,Duke Realty Corp.,"59,829","27,83,245",,
DSI,iShares MSCI KLD 400 Social ETF,30/04/21,Equity Real Estate Investment Trusts (REITs) — 2.9%,Equinix Inc.,"14,285","1,02,96,057",,
DSI,iShares MSCI KLD 400 Social ETF,30/04/21,Equity Real Estate Investment Trusts (REITs) — 2.9%,Equity Residential,"59,608","44,24,702",,
DSI,iShares MSCI KLD 400 Social ETF,30/04/21,Equity Real Estate Investment Trusts (REITs) — 2.9%,Federal Realty Investment Trust,"11,669","13,16,730",,
DSI,iShares MSCI KLD 400 Social ETF,30/04/21,Equity Real Estate Investment Trusts (REITs) — 2.9%,Healthpeak Properties Inc.,"86,432","29,68,075",,
DSI,iShares MSCI KLD 400 Social ETF,30/04/21,Equity Real Estate Investment Trusts (REITs) — 2.9%,Host Hotels & Resorts Inc.,"1,12,745","20,47,449",,
DSI,iShares MSCI KLD 400 Social ETF,30/04/21,Equity Real Estate Investment Trusts (REITs) — 2.9%,Iron Mountain Inc.,"46,573","18,68,509",,
DSI,iShares MSCI KLD 400 Social ETF,30/04/21,Equity Real Estate Investment Trusts (REITs) — 2.9%,Macerich Co. (The),"16,608","2,29,024",,
DSI,iShares MSCI KLD 400 Social ETF,30/04/21,Equity Real Estate Investment Trusts (REITs) — 2.9%,PotlatchDeltic Corp.,"10,764","6,38,951",,
DSI,iShares MSCI KLD 400 Social ETF,30/04/21,Equity Real Estate Investment Trusts (REITs) — 2.9%,Prologis Inc.,"1,18,809","1,38,44,813",,
DSI,iShares MSCI KLD 400 Social ETF,30/04/21,Equity Real Estate Investment Trusts (REITs) — 2.9%,SBA Communications Corp.,"17,827","53,43,108",,
DSI,iShares MSCI KLD 400 Social ETF,30/04/21,Equity Real Estate Investment Trusts (REITs) — 2.9%,Simon Property Group Inc.,"52,695","64,15,089",,
DSI,iShares MSCI KLD 400 Social ETF,30/04/21,Equity Real Estate Investment Trusts (REITs) — 2.9%,UDR Inc.,"47,141","21,89,699",,
DSI,iShares MSCI KLD 400 Social ETF,30/04/21,Equity Real Estate Investment Trusts (REITs) — 2.9%,Weyerhaeuser Co.,"1,20,014","46,52,943","9,14,84,154",
DSI,iShares MSCI KLD 400 Social ETF,30/04/21,Food & Staples Retailing — 0.4%,Kroger Co. (The),"1,24,259","45,40,424",,
DSI,iShares MSCI KLD 400 Social ETF,30/04/21,Food & Staples Retailing — 0.4%,Sysco Corp.,"77,659","65,80,047",,
DSI,iShares MSCI KLD 400 Social ETF,30/04/21,Food & Staples Retailing — 0.4%,United Natural Foods Inc. (a)(c),"9,144","3,37,048","1,14,57,519",
DSI,iShares MSCI KLD 400 Social ETF,30/04/21,Food Products — 1.7%,Archer-Daniels-Midland Co.,"89,343","56,40,224",,
DSI,iShares MSCI KLD 400 Social ETF,30/04/21,Food Products — 1.7%,Bunge Ltd.,"22,502","18,99,619",,
DSI,iShares MSCI KLD 400 Social ETF,30/04/21,Food Products — 1.7%,Campbell Soup Co.,"28,843","13,77,253",,
DSI,iShares MSCI KLD 400 Social ETF,30/04/21,Food Products — 1.7%,Conagra Brands Inc.,"78,396","29,07,708",,
DSI,iShares MSCI KLD 400 Social ETF,30/04/21,Food Products — 1.7%,Darling Ingredients Inc. (a),"26,032","18,07,922",,
DSI,iShares MSCI KLD 400 Social ETF,30/04/21,Food Products — 1.7%,General Mills Inc.,"98,306","59,82,903",,
DSI,iShares MSCI KLD 400 Social ETF,30/04/21,Food Products — 1.7%,Hain Celestial Group Inc. (The) (a),"12,837","5,26,445",,
DSI,iShares MSCI KLD 400 Social ETF,30/04/21,Food Products — 1.7%,Hormel Foods Corp.,"47,800","22,08,360",,
DSI,iShares MSCI KLD 400 Social ETF,30/04/21,Food Products — 1.7%,Ingredion Inc.,"10,645","9,94,349",,
DSI,iShares MSCI KLD 400 Social ETF,30/04/21,Food Products — 1.7%,JM Smucker Co. (The),"18,286","23,95,283",,
DSI,iShares MSCI KLD 400 Social ETF,30/04/21,Food Products — 1.7%,Kellogg Co.,"41,211","25,72,391",,
DSI,iShares MSCI KLD 400 Social ETF,30/04/21,Food Products — 1.7%,Kraft Heinz Co. (The),"1,08,266","44,70,303",,
DSI,iShares MSCI KLD 400 Social ETF,30/04/21,Food Products — 1.7%,Lamb Weston Holdings Inc.,"23,319","18,77,180",,
DSI,iShares MSCI KLD 400 Social ETF,30/04/21,Food Products — 1.7%,"McCormick & Co. Inc./MD, NVS","39,818","35,97,954",,
DSI,iShares MSCI KLD 400 Social ETF,30/04/21,Food Products — 1.7%,"Mondelez International Inc., Class A","2,29,650","1,39,65,017","5,22,22,911",
DSI,iShares MSCI KLD 400 Social ETF,30/04/21,Gas Utilities — 0.1%,Atmos Energy Corp.,"20,202","20,92,725",,
DSI,iShares MSCI KLD 400 Social ETF,30/04/21,Gas Utilities — 0.1%,New Jersey Resources Corp.,"15,508","6,50,561",,
DSI,iShares MSCI KLD 400 Social ETF,30/04/21,Gas Utilities — 0.1%,Northwest Natural Holding Co.,"4,847","2,61,350",,
DSI,iShares MSCI KLD 400 Social ETF,30/04/21,Gas Utilities — 0.1%,UGI Corp.,"33,780","14,76,524","44,81,160",
DSI,iShares MSCI KLD 400 Social ETF,30/04/21,Health Care Equipment & Supplies — 2.0%,ABIOMED Inc. (a),"7,280","23,34,914",,
DSI,iShares MSCI KLD 400 Social ETF,30/04/21,Health Care Equipment & Supplies — 2.0%,Align Technology Inc. (a),"12,043","71,71,968",,
DSI,iShares MSCI KLD 400 Social ETF,30/04/21,Health Care Equipment & Supplies — 2.0%,Becton Dickinson and Co.,"46,589","1,15,91,809",,
DSI,iShares MSCI KLD 400 Social ETF,30/04/21,Health Care Equipment & Supplies — 2.0%,Cooper Companies Inc. (The),"8,590","35,29,545",,
DSI,iShares MSCI KLD 400 Social ETF,30/04/21,Health Care Equipment & Supplies — 2.0%,DENTSPLY SIRONA Inc.,"34,949","23,59,407",,
DSI,iShares MSCI KLD 400 Social ETF,30/04/21,Health Care Equipment & Supplies — 2.0%,DexCom Inc. (a)(c),"15,426","59,55,979",,
DSI,iShares MSCI KLD 400 Social ETF,30/04/21,Health Care Equipment & Supplies — 2.0%,Edwards Lifesciences Corp. (a),"99,925","95,44,836",,
DSI,iShares MSCI KLD 400 Social ETF,30/04/21,Health Care Equipment & Supplies — 2.0%,Hologic Inc. (a),"41,143","26,96,924",,
DSI,iShares MSCI KLD 400 Social ETF,30/04/21,Health Care Equipment & Supplies — 2.0%,IDEXX Laboratories Inc. (a),"13,677","75,08,536",,
DSI,iShares MSCI KLD 400 Social ETF,30/04/21,Health Care Equipment & Supplies — 2.0%,ResMed Inc.,"23,200","43,60,904",,
DSI,iShares MSCI KLD 400 Social ETF,30/04/21,Health Care Equipment & Supplies — 2.0%,West Pharmaceutical Services Inc.,"11,896","39,08,074","6,09,62,896",
DSI,iShares MSCI KLD 400 Social ETF,30/04/21,Health Care Providers & Services — 1.8%,AmerisourceBergen Corp.,"24,491","29,58,513",,
DSI,iShares MSCI KLD 400 Social ETF,30/04/21,Health Care Providers & Services — 1.8%,Cardinal Health Inc.,"46,924","28,31,394",,
DSI,iShares MSCI KLD 400 Social ETF,30/04/21,Health Care Providers & Services — 1.8%,Centene Corp. (a),"92,956","57,39,103",,
DSI,iShares MSCI KLD 400 Social ETF,30/04/21,Health Care Providers & Services — 1.8%,Cigna Corp.,"57,999","1,44,42,331",,
DSI,iShares MSCI KLD 400 Social ETF,30/04/21,Health Care Providers & Services — 1.8%,DaVita Inc. (a),"12,575","14,65,365",,
DSI,iShares MSCI KLD 400 Social ETF,30/04/21,Health Care Providers & Services — 1.8%,HCA Healthcare Inc.,"43,496","87,45,306",,
DSI,iShares MSCI KLD 400 Social ETF,30/04/21,Health Care Providers & Services — 1.8%,Henry Schein Inc. (a),"22,841","16,55,972",,
DSI,iShares MSCI KLD 400 Social ETF,30/04/21,Health Care Providers & Services — 1.8%,Humana Inc.,"21,258","94,64,912",,
DSI,iShares MSCI KLD 400 Social ETF,30/04/21,Health Care Providers & Services — 1.8%,Laboratory Corp. of America Holdings (a),"15,672","41,66,714",,
DSI,iShares MSCI KLD 400 Social ETF,30/04/21,Health Care Providers & Services — 1.8%,MEDNAX Inc. (a),"13,953","3,67,243",,
DSI,iShares MSCI KLD 400 Social ETF,30/04/21,Health Care Providers & Services — 1.8%,Patterson Companies Inc.,"13,505","4,34,051",,
DSI,iShares MSCI KLD 400 Social ETF,30/04/21,Health Care Providers & Services — 1.8%,Quest Diagnostics Inc.,"21,661","28,56,653",,
DSI,iShares MSCI KLD 400 Social ETF,30/04/21,Health Care Providers & Services — 1.8%,Select Medical Holdings Corp. (a),"17,200","6,48,784","5,57,76,341",
DSI,iShares MSCI KLD 400 Social ETF,30/04/21,Health Care Technology — 0.2%,Cerner Corp.,"49,419","37,08,896",,
DSI,iShares MSCI KLD 400 Social ETF,30/04/21,Health Care Technology — 0.2%,Teladoc Health Inc. (a),"18,611","32,07,606","69,16,502",
DSI,iShares MSCI KLD 400 Social ETF,30/04/21,"Hotels, Restaurants & Leisure — 3.0%",Aramark,"36,870","14,33,137",,
DSI,iShares MSCI KLD 400 Social ETF,30/04/21,"Hotels, Restaurants & Leisure — 3.0%",Booking Holdings Inc. (a)(c),"6,574","1,62,12,010",,
DSI,iShares MSCI KLD 400 Social ETF,30/04/21,"Hotels, Restaurants & Leisure — 3.0%",Choice Hotels International Inc.,"5,703","6,49,001",,
DSI,iShares MSCI KLD 400 Social ETF,30/04/21,"Hotels, Restaurants & Leisure — 3.0%",Darden Restaurants Inc.,"20,878","30,63,220",,
DSI,iShares MSCI KLD 400 Social ETF,30/04/21,"Hotels, Restaurants & Leisure — 3.0%",Domino’s Pizza Inc.,"6,349","26,81,437",,
DSI,iShares MSCI KLD 400 Social ETF,30/04/21,"Hotels, Restaurants & Leisure — 3.0%",Hilton Worldwide Holdings Inc. (a),"44,497","57,26,764",,
DSI,iShares MSCI KLD 400 Social ETF,30/04/21,"Hotels, Restaurants & Leisure — 3.0%",Jack in the Box Inc.,"3,533","4,26,256",,
DSI,iShares MSCI KLD 400 Social ETF,30/04/21,"Hotels, Restaurants & Leisure — 3.0%","Marriott International Inc./MD, Class A (a)","44,218","65,67,257",,
DSI,iShares MSCI KLD 400 Social ETF,30/04/21,"Hotels, Restaurants & Leisure — 3.0%",McDonald’s Corp.,"1,19,620","2,82,39,890",,
DSI,iShares MSCI KLD 400 Social ETF,30/04/21,"Hotels, Restaurants & Leisure — 3.0%",Royal Caribbean Cruises Ltd.,"36,750","31,95,413",,
DSI,iShares MSCI KLD 400 Social ETF,30/04/21,"Hotels, Restaurants & Leisure — 3.0%",Starbucks Corp.,"1,88,427","2,15,73,007",,
DSI,iShares MSCI KLD 400 Social ETF,30/04/21,"Hotels, Restaurants & Leisure — 3.0%",Vail Resorts Inc.,"6,415","20,85,901","9,18,53,293",
DSI,iShares MSCI KLD 400 Social ETF,30/04/21,Household Durables — 0.3%,Ethan Allen Interiors Inc.,"3,950","1,13,405",,
DSI,iShares MSCI KLD 400 Social ETF,30/04/21,Household Durables — 0.3%,Garmin Ltd.,"23,005","31,57,206",,
DSI,iShares MSCI KLD 400 Social ETF,30/04/21,Household Durables — 0.3%,La-Z-Boy Inc.,"7,177","3,19,089",,
DSI,iShares MSCI KLD 400 Social ETF,30/04/21,Household Durables — 0.3%,Meritage Homes Corp. (a),"6,036","6,42,170",,
DSI,iShares MSCI KLD 400 Social ETF,30/04/21,Household Durables — 0.3%,Mohawk Industries Inc. (a),"9,642","19,81,431",,
DSI,iShares MSCI KLD 400 Social ETF,30/04/21,Household Durables — 0.3%,Newell Brands Inc.,"64,956","17,51,214",,
DSI,iShares MSCI KLD 400 Social ETF,30/04/21,Household Durables — 0.3%,Whirlpool Corp.,"10,072","23,81,524","1,03,46,039",
DSI,iShares MSCI KLD 400 Social ETF,30/04/21,Household Products — 2.4%,Clorox Co. (The),"20,303","37,05,297",,
DSI,iShares MSCI KLD 400 Social ETF,30/04/21,Household Products — 2.4%,Colgate-Palmolive Co.,"1,30,617","1,05,40,792",,
DSI,iShares MSCI KLD 400 Social ETF,30/04/21,Household Products — 2.4%,Kimberly-Clark Corp.,"54,574","72,75,806",,
DSI,iShares MSCI KLD 400 Social ETF,30/04/21,Household Products — 2.4%,Procter & Gamble Co. (The),"3,98,078","5,31,11,567","7,46,33,462",
DSI,iShares MSCI KLD 400 Social ETF,30/04/21,Independent Power and Renewable Electricity Producers — 0.1%,AES Corp. (The),"1,06,471","29,62,023",,
DSI,iShares MSCI KLD 400 Social ETF,30/04/21,Independent Power and Renewable Electricity Producers — 0.1%,Ormat Technologies Inc.,"7,085","5,12,954","34,74,977",
DSI,iShares MSCI KLD 400 Social ETF,30/04/21,Industrial Conglomerates — 0.8%,3M Co.,"92,602","1,82,55,558",,
DSI,iShares MSCI KLD 400 Social ETF,30/04/21,Industrial Conglomerates — 0.8%,Roper Technologies Inc.,"16,872","75,32,336","2,57,87,894",
DSI,iShares MSCI KLD 400 Social ETF,30/04/21,Insurance — 2.3%,Allstate Corp. (The),"48,800","61,87,840",,
DSI,iShares MSCI KLD 400 Social ETF,30/04/21,Insurance — 2.3%,Arthur J Gallagher & Co.,"30,843","44,70,693",,
DSI,iShares MSCI KLD 400 Social ETF,30/04/21,Insurance — 2.3%,Chubb Ltd.,"72,403","1,24,23,631",,
DSI,iShares MSCI KLD 400 Social ETF,30/04/21,Insurance — 2.3%,Hartford Financial Services Group Inc. (The),"57,575","37,97,647",,
DSI,iShares MSCI KLD 400 Social ETF,30/04/21,Insurance — 2.3%,Lincoln National Corp.,"30,936","19,83,926",,
DSI,iShares MSCI KLD 400 Social ETF,30/04/21,Insurance — 2.3%,Loews Corp.,"39,695","22,12,996",,
DSI,iShares MSCI KLD 400 Social ETF,30/04/21,Insurance — 2.3%,Marsh & McLennan Companies Inc.,"81,425","1,10,49,372",,
DSI,iShares MSCI KLD 400 Social ETF,30/04/21,Insurance — 2.3%,Principal Financial Group Inc.,"44,077","28,15,198",,
DSI,iShares MSCI KLD 400 Social ETF,30/04/21,Insurance — 2.3%,Progressive Corp. (The),"94,070","94,76,612",,
DSI,iShares MSCI KLD 400 Social ETF,30/04/21,Insurance — 2.3%,Prudential Financial Inc.,"63,582","63,81,090",,
DSI,iShares MSCI KLD 400 Social ETF,30/04/21,Insurance — 2.3%,Travelers Companies Inc. (The),"40,606","62,80,124",,
DSI,iShares MSCI KLD 400 Social ETF,30/04/21,Insurance — 2.3%,Willis Towers Watson PLC,"20,655","53,46,753","7,24,25,882",
DSI,iShares MSCI KLD 400 Social ETF,30/04/21,Interactive Media & Services — 7.3%,"Alphabet Inc., Class A (a)","48,265","11,35,91,678",,
DSI,iShares MSCI KLD 400 Social ETF,30/04/21,Interactive Media & Services — 7.3%,"Alphabet Inc., Class C, NVS (a)","47,660","11,48,66,319","22,84,57,997",
DSI,iShares MSCI KLD 400 Social ETF,30/04/21,IT Services — 7.8%,"Accenture PLC, Class A","1,01,713","2,94,93,719",,
DSI,iShares MSCI KLD 400 Social ETF,30/04/21,IT Services — 7.8%,Automatic Data Processing Inc.,"68,843","1,28,72,953",,
DSI,iShares MSCI KLD 400 Social ETF,30/04/21,IT Services — 7.8%,"Cognizant Technology Solutions Corp., Class A","85,813","68,99,365",,
DSI,iShares MSCI KLD 400 Social ETF,30/04/21,IT Services — 7.8%,International Business Machines Corp.,"1,43,050","2,02,95,934",,
DSI,iShares MSCI KLD 400 Social ETF,30/04/21,IT Services — 7.8%,"Mastercard Inc., Class A","1,42,821","5,45,66,191",,
DSI,iShares MSCI KLD 400 Social ETF,30/04/21,IT Services — 7.8%,Okta Inc. (a)(c),"19,227","51,85,522",,
DSI,iShares MSCI KLD 400 Social ETF,30/04/21,IT Services — 7.8%,PayPal Holdings Inc. (a),"1,78,698","4,68,70,698",,
DSI,iShares MSCI KLD 400 Social ETF,30/04/21,IT Services — 7.8%,"Visa Inc., Class A","2,71,696","6,34,57,318",,
DSI,iShares MSCI KLD 400 Social ETF,30/04/21,IT Services — 7.8%,Western Union Co. (The),"65,845","16,96,167","24,13,37,867",
DSI,iShares MSCI KLD 400 Social ETF,30/04/21,Leisure Products — 0.1%,Callaway Golf Co.,"14,703","4,25,652",,
DSI,iShares MSCI KLD 400 Social ETF,30/04/21,Leisure Products — 0.1%,Hasbro Inc.,"20,806","20,69,157",,
DSI,iShares MSCI KLD 400 Social ETF,30/04/21,Leisure Products — 0.1%,Mattel Inc. (a),"55,720","11,95,751","36,90,560",
DSI,iShares MSCI KLD 400 Social ETF,30/04/21,Life Sciences Tools & Services — 1.1%,Agilent Technologies Inc.,"49,545","66,21,194",,
DSI,iShares MSCI KLD 400 Social ETF,30/04/21,Life Sciences Tools & Services — 1.1%,Bio-Techne Corp.,"6,166","26,35,903",,
DSI,iShares MSCI KLD 400 Social ETF,30/04/21,Life Sciences Tools & Services — 1.1%,Illumina Inc. (a),"23,441","92,08,562",,
DSI,iShares MSCI KLD 400 Social ETF,30/04/21,Life Sciences Tools & Services — 1.1%,IQVIA Holdings Inc. (a),"30,837","72,37,136",,
DSI,iShares MSCI KLD 400 Social ETF,30/04/21,Life Sciences Tools & Services — 1.1%,Mettler-Toledo International Inc. (a),"3,821","50,18,196",,
DSI,iShares MSCI KLD 400 Social ETF,30/04/21,Life Sciences Tools & Services — 1.1%,Waters Corp. (a),"9,937","29,79,808","3,37,00,799",
DSI,iShares MSCI KLD 400 Social ETF,30/04/21,Machinery — 3.1%,AGCO Corp.,"10,153","14,81,526",,
DSI,iShares MSCI KLD 400 Social ETF,30/04/21,Machinery — 3.1%,Caterpillar Inc.,"87,214","1,98,94,385",,
DSI,iShares MSCI KLD 400 Social ETF,30/04/21,Machinery — 3.1%,Cummins Inc.,"23,715","59,77,129",,
DSI,iShares MSCI KLD 400 Social ETF,30/04/21,Machinery — 3.1%,Deere & Co.,"47,795","1,77,24,776",,
DSI,iShares MSCI KLD 400 Social ETF,30/04/21,Machinery — 3.1%,Dover Corp.,"23,206","34,62,103",,
DSI,iShares MSCI KLD 400 Social ETF,30/04/21,Machinery — 3.1%,Flowserve Corp.,"20,622","8,17,456",,
DSI,iShares MSCI KLD 400 Social ETF,30/04/21,Machinery — 3.1%,Fortive Corp.,"48,729","34,50,988",,
DSI,iShares MSCI KLD 400 Social ETF,30/04/21,Machinery — 3.1%,Graco Inc.,"27,086","20,80,205",,
DSI,iShares MSCI KLD 400 Social ETF,30/04/21,Machinery — 3.1%,IDEX Corp.,"12,160","27,26,272",,
DSI,iShares MSCI KLD 400 Social ETF,30/04/21,Machinery — 3.1%,Illinois Tool Works Inc.,"50,839","1,17,16,356",,
DSI,iShares MSCI KLD 400 Social ETF,30/04/21,Machinery — 3.1%,Lincoln Electric Holdings Inc.,"9,000","11,52,450",,
DSI,iShares MSCI KLD 400 Social ETF,30/04/21,Machinery — 3.1%,Meritor Inc. (a),"11,457","3,09,683",,
DSI,iShares MSCI KLD 400 Social ETF,30/04/21,Machinery — 3.1%,Middleby Corp. (The) (a),"9,002","16,32,243",,
DSI,iShares MSCI KLD 400 Social ETF,30/04/21,Machinery — 3.1%,PACCAR Inc.,"55,609","49,98,137",,
DSI,iShares MSCI KLD 400 Social ETF,30/04/21,Machinery — 3.1%,Parker-Hannifin Corp.,"20,635","64,75,469",,
DSI,iShares MSCI KLD 400 Social ETF,30/04/21,Machinery — 3.1%,Snap-on Inc.,"8,269","19,64,714",,
DSI,iShares MSCI KLD 400 Social ETF,30/04/21,Machinery — 3.1%,Stanley Black & Decker Inc.,"25,725","53,19,158",,
DSI,iShares MSCI KLD 400 Social ETF,30/04/21,Machinery — 3.1%,Tennant Co.,"2,894","2,28,365",,
DSI,iShares MSCI KLD 400 Social ETF,30/04/21,Machinery — 3.1%,Timken Co. (The),"11,069","9,28,357",,
DSI,iShares MSCI KLD 400 Social ETF,30/04/21,Machinery — 3.1%,Westinghouse Air Brake Technologies Corp.,"29,173","23,94,228",,
DSI,iShares MSCI KLD 400 Social ETF,30/04/21,Machinery — 3.1%,Xylem Inc./NY,"28,949","32,03,207","9,79,37,207",
DSI,iShares MSCI KLD 400 Social ETF,30/04/21,Media — 0.2%,"Discovery Inc., Class A (a)","25,356","9,54,907",,
DSI,iShares MSCI KLD 400 Social ETF,30/04/21,Media — 0.2%,"Discovery Inc., Class C, NVS (a)","49,432","15,97,148",,
DSI,iShares MSCI KLD 400 Social ETF,30/04/21,Media — 0.2%,"John Wiley & Sons Inc., Class A","7,203","4,10,139",,
DSI,iShares MSCI KLD 400 Social ETF,30/04/21,Media — 0.2%,"New York Times Co. (The), Class A","22,811","10,35,848",,
DSI,iShares MSCI KLD 400 Social ETF,30/04/21,Media — 0.2%,Omnicom Group Inc.,"34,663","28,51,378",,
DSI,iShares MSCI KLD 400 Social ETF,30/04/21,Media — 0.2%,"Scholastic Corp., NVS","4,909","1,48,890","69,98,310",
DSI,iShares MSCI KLD 400 Social ETF,30/04/21,Metals & Mining — 0.4%,Compass Minerals International Inc.,"5,655","3,84,088",,
DSI,iShares MSCI KLD 400 Social ETF,30/04/21,Metals & Mining — 0.4%,Newmont Corp.,"1,28,852","80,41,653",,
DSI,iShares MSCI KLD 400 Social ETF,30/04/21,Metals & Mining — 0.4%,Nucor Corp.,"48,543","39,93,147",,
DSI,iShares MSCI KLD 400 Social ETF,30/04/21,Metals & Mining — 0.4%,"Schnitzer Steel Industries Inc., Class A","4,115","1,94,269","1,26,13,157",
DSI,iShares MSCI KLD 400 Social ETF,30/04/21,Multi-Utilities — 0.8%,Avista Corp.,"10,981","5,05,345",,
DSI,iShares MSCI KLD 400 Social ETF,30/04/21,Multi-Utilities — 0.8%,CenterPoint Energy Inc.,"87,824","21,50,810",,
DSI,iShares MSCI KLD 400 Social ETF,30/04/21,Multi-Utilities — 0.8%,CMS Energy Corp.,"46,031","29,63,936",,
DSI,iShares MSCI KLD 400 Social ETF,30/04/21,Multi-Utilities — 0.8%,Consolidated Edison Inc.,"53,894","41,71,934",,
DSI,iShares MSCI KLD 400 Social ETF,30/04/21,Multi-Utilities — 0.8%,MDU Resources Group Inc.,"32,021","10,71,423",,
DSI,iShares MSCI KLD 400 Social ETF,30/04/21,Multi-Utilities — 0.8%,NiSource Inc.,"61,995","16,13,110",,
DSI,iShares MSCI KLD 400 Social ETF,30/04/21,Multi-Utilities — 0.8%,Sempra Energy,"46,424","63,86,550",,
DSI,iShares MSCI KLD 400 Social ETF,30/04/21,Multi-Utilities — 0.8%,WEC Energy Group Inc.,"50,666","49,23,215","2,37,86,323",
DSI,iShares MSCI KLD 400 Social ETF,30/04/21,Multiline Retail — 0.6%,Kohl’s Corp.,"25,242","14,80,696",,
DSI,iShares MSCI KLD 400 Social ETF,30/04/21,Multiline Retail — 0.6%,Nordstrom Inc.,"17,356","6,36,618",,
DSI,iShares MSCI KLD 400 Social ETF,30/04/21,Multiline Retail — 0.6%,Target Corp.,"80,396","1,66,62,875","1,87,80,189",
DSI,iShares MSCI KLD 400 Social ETF,30/04/21,"Oil, Gas & Consumable Fuels — 1.7%",APA Corp. (c),"61,216","12,24,320",,
DSI,iShares MSCI KLD 400 Social ETF,30/04/21,"Oil, Gas & Consumable Fuels — 1.7%",Cheniere Energy Inc. (a),"36,649","28,41,031",,
DSI,iShares MSCI KLD 400 Social ETF,30/04/21,"Oil, Gas & Consumable Fuels — 1.7%",ConocoPhillips,"2,17,556","1,11,25,814",,
DSI,iShares MSCI KLD 400 Social ETF,30/04/21,"Oil, Gas & Consumable Fuels — 1.7%",Devon Energy Corp.,"97,243","22,73,541",,
DSI,iShares MSCI KLD 400 Social ETF,30/04/21,"Oil, Gas & Consumable Fuels — 1.7%",EQT Corp. (a),"44,228","8,44,755",,
DSI,iShares MSCI KLD 400 Social ETF,30/04/21,"Oil, Gas & Consumable Fuels — 1.7%",Hess Corp.,"44,204","32,93,640",,
DSI,iShares MSCI KLD 400 Social ETF,30/04/21,"Oil, Gas & Consumable Fuels — 1.7%",Marathon Oil Corp.,"1,25,888","14,17,499",,
DSI,iShares MSCI KLD 400 Social ETF,30/04/21,"Oil, Gas & Consumable Fuels — 1.7%",Marathon Petroleum Corp.,"1,04,260","58,02,069",,
DSI,iShares MSCI KLD 400 Social ETF,30/04/21,"Oil, Gas & Consumable Fuels — 1.7%",Occidental Petroleum Corp.,"1,50,054","38,05,369",,
DSI,iShares MSCI KLD 400 Social ETF,30/04/21,"Oil, Gas & Consumable Fuels — 1.7%",ONEOK Inc.,"71,118","37,22,316",,
DSI,iShares MSCI KLD 400 Social ETF,30/04/21,"Oil, Gas & Consumable Fuels — 1.7%",Phillips 66,"70,231","56,82,390",,
DSI,iShares MSCI KLD 400 Social ETF,30/04/21,"Oil, Gas & Consumable Fuels — 1.7%",Pioneer Natural Resources Co.,"33,013","50,78,390",,
DSI,iShares MSCI KLD 400 Social ETF,30/04/21,"Oil, Gas & Consumable Fuels — 1.7%",Southwestern Energy Co. (a),"1,09,027","4,65,545",,
DSI,iShares MSCI KLD 400 Social ETF,30/04/21,"Oil, Gas & Consumable Fuels — 1.7%",Valero Energy Corp.,"65,600","48,51,776","5,24,28,455",
DSI,iShares MSCI KLD 400 Social ETF,30/04/21,"Oil, Gas & Consumable Fuels — 1.7%",Domtar Corp.,"8,611","3,39,446","3,39,446",
DSI,iShares MSCI KLD 400 Social ETF,30/04/21,Personal Products — 0.4%,"Estee Lauder Companies Inc. (The), Class A","36,369","1,14,12,592","1,14,12,592",
DSI,iShares MSCI KLD 400 Social ETF,30/04/21,Pharmaceuticals — 2.2%,Bristol-Myers Squibb Co.,"3,62,781","2,26,44,790",,
DSI,iShares MSCI KLD 400 Social ETF,30/04/21,Pharmaceuticals — 2.2%,Jazz Pharmaceuticals PLC (a),"8,936","14,69,078",,
DSI,iShares MSCI KLD 400 Social ETF,30/04/21,Pharmaceuticals — 2.2%,Merck & Co. Inc.,"4,06,173","3,02,59,889",,
DSI,iShares MSCI KLD 400 Social ETF,30/04/21,Pharmaceuticals — 2.2%,Zoetis Inc.,"76,231","1,31,90,250","6,75,64,007",
DSI,iShares MSCI KLD 400 Social ETF,30/04/21,Professional Services — 0.5%,ASGN Inc. (a),"8,485","8,92,452",,
DSI,iShares MSCI KLD 400 Social ETF,30/04/21,Professional Services — 0.5%,Exponent Inc.,"8,180","7,87,979",,
DSI,iShares MSCI KLD 400 Social ETF,30/04/21,Professional Services — 0.5%,Heidrick & Struggles International Inc.,"2,762","1,16,833",,
DSI,iShares MSCI KLD 400 Social ETF,30/04/21,Professional Services — 0.5%,ICF International Inc.,"2,975","2,70,904",,
DSI,iShares MSCI KLD 400 Social ETF,30/04/21,Professional Services — 0.5%,IHS Markit Ltd.,"60,756","65,36,131",,
DSI,iShares MSCI KLD 400 Social ETF,30/04/21,Professional Services — 0.5%,"Kelly Services Inc., Class A, NVS (a)","5,348","1,33,967",,
DSI,iShares MSCI KLD 400 Social ETF,30/04/21,Professional Services — 0.5%,ManpowerGroup Inc.,"9,193","11,11,342",,
DSI,iShares MSCI KLD 400 Social ETF,30/04/21,Professional Services — 0.5%,Resources Connection Inc.,"5,513","77,788",,
DSI,iShares MSCI KLD 400 Social ETF,30/04/21,Professional Services — 0.5%,Robert Half International Inc.,"18,297","16,03,000",,
DSI,iShares MSCI KLD 400 Social ETF,30/04/21,Professional Services — 0.5%,TransUnion,"30,656","32,06,311",,
DSI,iShares MSCI KLD 400 Social ETF,30/04/21,Professional Services — 0.5%,TrueBlue Inc. (a),"5,439","1,53,924","1,48,90,631",
DSI,iShares MSCI KLD 400 Social ETF,30/04/21,Real Estate Management & Development — 0.2%,"CBRE Group Inc., Class A (a)","53,903","45,92,536",,
DSI,iShares MSCI KLD 400 Social ETF,30/04/21,Real Estate Management & Development — 0.2%,Jones Lang LaSalle Inc. (a),"8,288","15,57,398",,
DSI,iShares MSCI KLD 400 Social ETF,30/04/21,Real Estate Management & Development — 0.2%,Realogy Holdings Corp. (a),"17,618","3,04,439","64,54,373",
DSI,iShares MSCI KLD 400 Social ETF,30/04/21,Road & Rail — 1.8%,AMERCO,"1,591","9,49,238",,
DSI,iShares MSCI KLD 400 Social ETF,30/04/21,Road & Rail — 1.8%,ArcBest Corp.,"3,895","2,83,400",,
DSI,iShares MSCI KLD 400 Social ETF,30/04/21,Road & Rail — 1.8%,Avis Budget Group Inc. (a)(c),"8,980","8,04,698",,
DSI,iShares MSCI KLD 400 Social ETF,30/04/21,Road & Rail — 1.8%,CSX Corp.,"1,22,777","1,23,69,783",,
DSI,iShares MSCI KLD 400 Social ETF,30/04/21,Road & Rail — 1.8%,Kansas City Southern,"15,010","43,86,072",,
DSI,iShares MSCI KLD 400 Social ETF,30/04/21,Road & Rail — 1.8%,Norfolk Southern Corp.,"40,773","1,13,85,453",,
DSI,iShares MSCI KLD 400 Social ETF,30/04/21,Road & Rail — 1.8%,Ryder System Inc.,"8,466","6,75,925",,
DSI,iShares MSCI KLD 400 Social ETF,30/04/21,Road & Rail — 1.8%,Union Pacific Corp.,"1,08,182","2,40,26,140","5,48,80,709",
DSI,iShares MSCI KLD 400 Social ETF,30/04/21,Semiconductors & Semiconductor Equipment — 6.3%,Advanced Micro Devices Inc. (a),"1,93,085","1,57,59,598",,
DSI,iShares MSCI KLD 400 Social ETF,30/04/21,Semiconductors & Semiconductor Equipment — 6.3%,Analog Devices Inc.,"59,367","90,92,650",,
DSI,iShares MSCI KLD 400 Social ETF,30/04/21,Semiconductors & Semiconductor Equipment — 6.3%,Applied Materials Inc.,"1,46,619","1,94,57,807",,
DSI,iShares MSCI KLD 400 Social ETF,30/04/21,Semiconductors & Semiconductor Equipment — 6.3%,Intel Corp.,"6,57,894","3,78,48,642",,
DSI,iShares MSCI KLD 400 Social ETF,30/04/21,Semiconductors & Semiconductor Equipment — 6.3%,Lam Research Corp.,"23,120","1,43,44,804",,
DSI,iShares MSCI KLD 400 Social ETF,30/04/21,Semiconductors & Semiconductor Equipment — 6.3%,Microchip Technology Inc.,"41,790","62,80,619",,
DSI,iShares MSCI KLD 400 Social ETF,30/04/21,Semiconductors & Semiconductor Equipment — 6.3%,NVIDIA Corp.,"99,375","5,96,62,762",,
DSI,iShares MSCI KLD 400 Social ETF,30/04/21,Semiconductors & Semiconductor Equipment — 6.3%,ON Semiconductor Corp. (a),"66,220","25,82,580",,
DSI,iShares MSCI KLD 400 Social ETF,30/04/21,Semiconductors & Semiconductor Equipment — 6.3%,Skyworks Solutions Inc.,"26,642","48,30,994",,
DSI,iShares MSCI KLD 400 Social ETF,30/04/21,Semiconductors & Semiconductor Equipment — 6.3%,Texas Instruments Inc.,"1,47,367","2,66,01,217","19,64,61,673",
DSI,iShares MSCI KLD 400 Social ETF,30/04/21,Software — 15.1%,Adobe Inc. (a),"77,014","3,91,49,297",,
DSI,iShares MSCI KLD 400 Social ETF,30/04/21,Software — 15.1%,ANSYS Inc. (a),"13,811","50,50,130",,
DSI,iShares MSCI KLD 400 Social ETF,30/04/21,Software — 15.1%,Autodesk Inc. (a),"35,214","1,02,79,319",,
DSI,iShares MSCI KLD 400 Social ETF,30/04/21,Software — 15.1%,Cadence Design Systems Inc. (a),"44,726","58,93,545",,
DSI,iShares MSCI KLD 400 Social ETF,30/04/21,Software — 15.1%,Citrix Systems Inc.,"18,886","23,39,031",,
DSI,iShares MSCI KLD 400 Social ETF,30/04/21,Software — 15.1%,Fortinet Inc. (a),"22,107","45,14,913",,
DSI,iShares MSCI KLD 400 Social ETF,30/04/21,Software — 15.1%,Intuit Inc.,"42,180","1,73,84,909",,
DSI,iShares MSCI KLD 400 Social ETF,30/04/21,Software — 15.1%,Microsoft Corp.,"11,53,077","29,07,82,958",,
DSI,iShares MSCI KLD 400 Social ETF,30/04/21,Software — 15.1%,NortonLifeLock Inc.,"90,532","19,56,397",,
DSI,iShares MSCI KLD 400 Social ETF,30/04/21,Software — 15.1%,Oracle Corp.,"3,14,191","2,38,12,536",,
DSI,iShares MSCI KLD 400 Social ETF,30/04/21,Software — 15.1%,Paycom Software Inc. (a),"8,010","30,79,124",,
DSI,iShares MSCI KLD 400 Social ETF,30/04/21,Software — 15.1%,salesforce.com Inc. (a),"1,46,091","3,36,47,679",,
DSI,iShares MSCI KLD 400 Social ETF,30/04/21,Software — 15.1%,ServiceNow Inc. (a),"31,320","1,58,59,508",,
DSI,iShares MSCI KLD 400 Social ETF,30/04/21,Software — 15.1%,"Slack Technologies Inc., Class A (a)","73,658","31,23,099",,
DSI,iShares MSCI KLD 400 Social ETF,30/04/21,Software — 15.1%,Splunk Inc. (a),"25,850","32,67,957",,
DSI,iShares MSCI KLD 400 Social ETF,30/04/21,Software — 15.1%,Teradata Corp. (a),"17,891","8,85,068",,
DSI,iShares MSCI KLD 400 Social ETF,30/04/21,Software — 15.1%,"VMware Inc., Class A (a)(c)","13,650","21,95,329",,
DSI,iShares MSCI KLD 400 Social ETF,30/04/21,Software — 15.1%,"Workday Inc., Class A (a)","28,879","71,33,113","47,03,53,912",
DSI,iShares MSCI KLD 400 Social ETF,30/04/21,Specialty Retail — 3.2%,AutoNation Inc. (a),"9,067","9,29,186",,
DSI,iShares MSCI KLD 400 Social ETF,30/04/21,Specialty Retail — 3.2%,Best Buy Co. Inc.,"37,323","43,39,545",,
DSI,iShares MSCI KLD 400 Social ETF,30/04/21,Specialty Retail — 3.2%,Buckle Inc. (The) (c),"5,102","2,13,978",,
DSI,iShares MSCI KLD 400 Social ETF,30/04/21,Specialty Retail — 3.2%,CarMax Inc. (a),"26,295","35,03,546",,
DSI,iShares MSCI KLD 400 Social ETF,30/04/21,Specialty Retail — 3.2%,Foot Locker Inc.,"15,999","9,43,621",,
DSI,iShares MSCI KLD 400 Social ETF,30/04/21,Specialty Retail — 3.2%,"GameStop Corp., Class A (a)(c)","9,484","16,46,328",,
DSI,iShares MSCI KLD 400 Social ETF,30/04/21,Specialty Retail — 3.2%,Gap Inc. (The),"35,601","11,78,393",,
DSI,iShares MSCI KLD 400 Social ETF,30/04/21,Specialty Retail — 3.2%,Home Depot Inc. (The),"1,72,839","5,59,42,799",,
DSI,iShares MSCI KLD 400 Social ETF,30/04/21,Specialty Retail — 3.2%,Lowe’s Companies Inc.,"1,17,630","2,30,84,887",,
DSI,iShares MSCI KLD 400 Social ETF,30/04/21,Specialty Retail — 3.2%,ODP Corp. (The) (a),"8,424","3,40,582",,
DSI,iShares MSCI KLD 400 Social ETF,30/04/21,Specialty Retail — 3.2%,Signet Jewelers Ltd. (a),"8,638","5,16,120",,
DSI,iShares MSCI KLD 400 Social ETF,30/04/21,Specialty Retail — 3.2%,Tractor Supply Co.,"18,738","35,33,987",,
DSI,iShares MSCI KLD 400 Social ETF,30/04/21,Specialty Retail — 3.2%,Ulta Beauty Inc. (a),"8,573","28,23,518","9,89,96,490",
DSI,iShares MSCI KLD 400 Social ETF,30/04/21,"Technology Hardware, Storage & Peripherals — 0.5%","Dell Technologies Inc., Class C (a)","39,718","39,05,471",,
DSI,iShares MSCI KLD 400 Social ETF,30/04/21,"Technology Hardware, Storage & Peripherals — 0.5%",Hewlett Packard Enterprise Co.,"2,07,253","33,20,193",,
DSI,iShares MSCI KLD 400 Social ETF,30/04/21,"Technology Hardware, Storage & Peripherals — 0.5%",HP Inc.,"2,20,416","75,18,390",,
DSI,iShares MSCI KLD 400 Social ETF,30/04/21,"Technology Hardware, Storage & Peripherals — 0.5%",Xerox Holdings Corp.,"27,065","6,53,349","1,53,97,403",
DSI,iShares MSCI KLD 400 Social ETF,30/04/21,"Textiles, Apparel & Luxury Goods — 1.3%",Capri Holdings Ltd. (a),"23,071","12,70,751",,
DSI,iShares MSCI KLD 400 Social ETF,30/04/21,"Textiles, Apparel & Luxury Goods — 1.3%",Columbia Sportswear Co.,"4,815","5,24,883",,
DSI,iShares MSCI KLD 400 Social ETF,30/04/21,"Textiles, Apparel & Luxury Goods — 1.3%",Deckers Outdoor Corp. (a),"4,536","15,34,075",,
DSI,iShares MSCI KLD 400 Social ETF,30/04/21,"Textiles, Apparel & Luxury Goods — 1.3%",Hanesbrands Inc.,"56,483","11,89,532",,
DSI,iShares MSCI KLD 400 Social ETF,30/04/21,"Textiles, Apparel & Luxury Goods — 1.3%","Nike Inc., Class B","2,01,446","2,67,15,769",,
DSI,iShares MSCI KLD 400 Social ETF,30/04/21,"Textiles, Apparel & Luxury Goods — 1.3%",PVH Corp.,"11,507","13,02,362",,
DSI,iShares MSCI KLD 400 Social ETF,30/04/21,"Textiles, Apparel & Luxury Goods — 1.3%","Under Armour Inc., Class A (a)","29,878","7,26,334",,
DSI,iShares MSCI KLD 400 Social ETF,30/04/21,"Textiles, Apparel & Luxury Goods — 1.3%","Under Armour Inc., Class C, NVS (a)(c)","32,333","6,43,750",,
DSI,iShares MSCI KLD 400 Social ETF,30/04/21,"Textiles, Apparel & Luxury Goods — 1.3%",VF Corp.,"53,280","46,70,525",,
DSI,iShares MSCI KLD 400 Social ETF,30/04/21,"Textiles, Apparel & Luxury Goods — 1.3%",Wolverine World Wide Inc.,"13,431","5,60,341","3,91,38,322",
DSI,iShares MSCI KLD 400 Social ETF,30/04/21,Thrifts & Mortgage Finance — 0.0%,New York Community Bancorp. Inc.,"75,356","9,01,258","9,01,258",
DSI,iShares MSCI KLD 400 Social ETF,30/04/21,Trading Companies & Distributors — 0.4%,Air Lease Corp.,"17,059","7,96,826",,
DSI,iShares MSCI KLD 400 Social ETF,30/04/21,Trading Companies & Distributors — 0.4%,Applied Industrial Technologies Inc.,"6,107","5,84,196",,
DSI,iShares MSCI KLD 400 Social ETF,30/04/21,Trading Companies & Distributors — 0.4%,Fastenal Co.,"92,083","48,14,099",,
DSI,iShares MSCI KLD 400 Social ETF,30/04/21,Trading Companies & Distributors — 0.4%,H&E Equipment Services Inc.,"5,323","2,07,065",,
DSI,iShares MSCI KLD 400 Social ETF,30/04/21,Trading Companies & Distributors — 0.4%,United Rentals Inc. (a),"11,548","36,94,782",,
DSI,iShares MSCI KLD 400 Social ETF,30/04/21,Trading Companies & Distributors — 0.4%,WW Grainger Inc.,"7,306","31,67,443","1,32,64,411",
DSI,iShares MSCI KLD 400 Social ETF,30/04/21,Water Utilities — 0.2%,American Water Works Co. Inc.,"29,020","45,26,830",,
DSI,iShares MSCI KLD 400 Social ETF,30/04/21,Water Utilities — 0.2%,Essential Utilities Inc.,"37,221","17,54,225","62,81,055","3,10,44,95,198"
DSI,iShares MSCI KLD 400 Social ETF,30/04/21,MONEY MARKET FUNDS — 0.7%,"BlackRock Cash Funds: Institutional, SL Agency Shares, 0.08%(b)(c)(e)","1,32,03,580","1,32,10,182",,
DSI,iShares MSCI KLD 400 Social ETF,30/04/21,MONEY MARKET FUNDS — 0.7%,"BlackRock Cash Funds: Treasury, SL Agency Shares, 0.00%(b)(c)","87,80,000","87,80,000","2,19,90,182","2,19,90,182"
EMXF,iShares ESG Advanced MSCI Emerging Markets ETF,31/08/21,Argentina — 0.4%,Globant SA (a),168,"54,143","54,143",
EMXF,iShares ESG Advanced MSCI Emerging Markets ETF,31/08/21,Brazil — 3.5%,Atacadao SA,"2,196","7,708",,
EMXF,iShares ESG Advanced MSCI Emerging Markets ETF,31/08/21,Brazil — 3.5%,"B3 SA - Brasil, Bolsa, Balcao","27,363","74,456",,
EMXF,iShares ESG Advanced MSCI Emerging Markets ETF,31/08/21,Brazil — 3.5%,Banco Bradesco SA,"6,270","24,179",,
EMXF,iShares ESG Advanced MSCI Emerging Markets ETF,31/08/21,Brazil — 3.5%,Banco do Brasil SA,"3,882","22,845",,
EMXF,iShares ESG Advanced MSCI Emerging Markets ETF,31/08/21,Brazil — 3.5%,Banco Santander Brasil SA,"2,100","17,033",,
EMXF,iShares ESG Advanced MSCI Emerging Markets ETF,31/08/21,Brazil — 3.5%,CCR SA,"5,709","13,525",,
EMXF,iShares ESG Advanced MSCI Emerging Markets ETF,31/08/21,Brazil — 3.5%,Energisa SA,669,"5,741",,
EMXF,iShares ESG Advanced MSCI Emerging Markets ETF,31/08/21,Brazil — 3.5%,Klabin SA (a),"3,030","15,417",,
EMXF,iShares ESG Advanced MSCI Emerging Markets ETF,31/08/21,Brazil — 3.5%,Localiza Rent a Car SA,"2,700","28,959",,
EMXF,iShares ESG Advanced MSCI Emerging Markets ETF,31/08/21,Brazil — 3.5%,Lojas Renner SA,"3,918","28,839",,
EMXF,iShares ESG Advanced MSCI Emerging Markets ETF,31/08/21,Brazil — 3.5%,Natura & Co. Holding SA (a),"4,500","44,923",,
EMXF,iShares ESG Advanced MSCI Emerging Markets ETF,31/08/21,Brazil — 3.5%,Notre Dame Intermedica Participacoes SA,"2,178","33,672",,
EMXF,iShares ESG Advanced MSCI Emerging Markets ETF,31/08/21,Brazil — 3.5%,Rede D’Or Sao Luiz SA (b),"1,641","21,841",,
EMXF,iShares ESG Advanced MSCI Emerging Markets ETF,31/08/21,Brazil — 3.5%,Rumo SA (a),"5,649","20,451",,
EMXF,iShares ESG Advanced MSCI Emerging Markets ETF,31/08/21,Brazil — 3.5%,Telefonica Brasil SA,"2,100","17,760",,
EMXF,iShares ESG Advanced MSCI Emerging Markets ETF,31/08/21,Brazil — 3.5%,TIM SA,"3,294","7,937",,
EMXF,iShares ESG Advanced MSCI Emerging Markets ETF,31/08/21,Brazil — 3.5%,TOTVS SA,"3,000","22,975",,
EMXF,iShares ESG Advanced MSCI Emerging Markets ETF,31/08/21,Brazil — 3.5%,Via S/A (a),"5,940","11,936",,
EMXF,iShares ESG Advanced MSCI Emerging Markets ETF,31/08/21,Brazil — 3.5%,WEG SA,"7,137","49,082","4,69,279",
EMXF,iShares ESG Advanced MSCI Emerging Markets ETF,31/08/21,Chile — 0.3%,Banco de Credito e Inversiones SA,207,"8,967",,
EMXF,iShares ESG Advanced MSCI Emerging Markets ETF,31/08/21,Chile — 0.3%,Banco Santander Chile,"2,76,255","14,597",,
EMXF,iShares ESG Advanced MSCI Emerging Markets ETF,31/08/21,Chile — 0.3%,Cencosud Shopping SA,"3,789","5,386",,
EMXF,iShares ESG Advanced MSCI Emerging Markets ETF,31/08/21,Chile — 0.3%,Falabella SA,"3,549","14,057","43,007",
EMXF,iShares ESG Advanced MSCI Emerging Markets ETF,31/08/21,China — 27.7%,"360 Security Technology Inc., Class A (a)","2,700","4,978",,
EMXF,iShares ESG Advanced MSCI Emerging Markets ETF,31/08/21,China — 27.7%,3SBio Inc. (a)(b),"6,000","6,689",,
EMXF,iShares ESG Advanced MSCI Emerging Markets ETF,31/08/21,China — 27.7%,AAC Technologies Holdings Inc.,"3,000","16,631",,
EMXF,iShares ESG Advanced MSCI Emerging Markets ETF,31/08/21,China — 27.7%,"Agora Inc., ADR (a)",213,"7,225",,
EMXF,iShares ESG Advanced MSCI Emerging Markets ETF,31/08/21,China — 27.7%,"Agricultural Bank of China Ltd., Class A","13,200","6,053",,
EMXF,iShares ESG Advanced MSCI Emerging Markets ETF,31/08/21,China — 27.7%,"Agricultural Bank of China Ltd., Class H","1,26,000","42,240",,
EMXF,iShares ESG Advanced MSCI Emerging Markets ETF,31/08/21,China — 27.7%,Alibaba Health Information Technology Ltd. (a),"18,000","29,710",,
EMXF,iShares ESG Advanced MSCI Emerging Markets ETF,31/08/21,China — 27.7%,A-Living Smart City Services Co. Ltd. (b),"2,250","8,942",,
EMXF,iShares ESG Advanced MSCI Emerging Markets ETF,31/08/21,China — 27.7%,"Bank of Communications Co. Ltd., Class A","8,400","5,752",,
EMXF,iShares ESG Advanced MSCI Emerging Markets ETF,31/08/21,China — 27.7%,"Bank of Communications Co. Ltd., Class H","39,000","22,398",,
EMXF,iShares ESG Advanced MSCI Emerging Markets ETF,31/08/21,China — 27.7%,"Bank of Hangzhou Co. Ltd., Class A","2,100","4,353",,
EMXF,iShares ESG Advanced MSCI Emerging Markets ETF,31/08/21,China — 27.7%,"Bank of Shanghai Co. Ltd., Class A","4,200","4,692",,
EMXF,iShares ESG Advanced MSCI Emerging Markets ETF,31/08/21,China — 27.7%,"Baozun Inc., ADR (a)",282,"6,791",,
EMXF,iShares ESG Advanced MSCI Emerging Markets ETF,31/08/21,China — 27.7%,"BBMG Corp., Class A","4,200","1,764",,
EMXF,iShares ESG Advanced MSCI Emerging Markets ETF,31/08/21,China — 27.7%,"BeiGene Ltd., ADR (a)",198,"61,043",,
EMXF,iShares ESG Advanced MSCI Emerging Markets ETF,31/08/21,China — 27.7%,Beijing Enterprises Water Group Ltd.,"18,000","7,424",,
EMXF,iShares ESG Advanced MSCI Emerging Markets ETF,31/08/21,China — 27.7%,"Beijing Shiji Information Technology Co. Ltd., Class A",320,847,,
EMXF,iShares ESG Advanced MSCI Emerging Markets ETF,31/08/21,China — 27.7%,"BYD Co. Ltd., Class A",600,"25,834",,
EMXF,iShares ESG Advanced MSCI Emerging Markets ETF,31/08/21,China — 27.7%,"BYD Co. Ltd., Class H","3,000","1,00,857",,
EMXF,iShares ESG Advanced MSCI Emerging Markets ETF,31/08/21,China — 27.7%,"CanSino Biologics Inc., Class H (a)(b)",600,"23,715",,
EMXF,iShares ESG Advanced MSCI Emerging Markets ETF,31/08/21,China — 27.7%,"China Bohai Bank Co. Ltd., Class H (b)","13,500","5,485",,
EMXF,iShares ESG Advanced MSCI Emerging Markets ETF,31/08/21,China — 27.7%,"China CITIC Bank Corp. Ltd., Class H","36,000","16,550",,
EMXF,iShares ESG Advanced MSCI Emerging Markets ETF,31/08/21,China — 27.7%,China Conch Venture Holdings Ltd.,"7,500","30,666",,
EMXF,iShares ESG Advanced MSCI Emerging Markets ETF,31/08/21,China — 27.7%,"China Construction Bank Corp., Class A","1,200","1,087",,
EMXF,iShares ESG Advanced MSCI Emerging Markets ETF,31/08/21,China — 27.7%,"China Construction Bank Corp., Class H","4,20,000","3,02,634",,
EMXF,iShares ESG Advanced MSCI Emerging Markets ETF,31/08/21,China — 27.7%,China Education Group Holdings Ltd.,"3,000","5,663",,
EMXF,iShares ESG Advanced MSCI Emerging Markets ETF,31/08/21,China — 27.7%,"China Everbright Bank Co. Ltd., Class A","11,700","6,070",,
EMXF,iShares ESG Advanced MSCI Emerging Markets ETF,31/08/21,China — 27.7%,"China Everbright Bank Co. Ltd., Class H","15,000","5,376",,
EMXF,iShares ESG Advanced MSCI Emerging Markets ETF,31/08/21,China — 27.7%,China Everbright Environment Group Ltd.,"24,000","16,593",,
EMXF,iShares ESG Advanced MSCI Emerging Markets ETF,31/08/21,China — 27.7%,China Feihe Ltd. (b),"15,000","27,105",,
EMXF,iShares ESG Advanced MSCI Emerging Markets ETF,31/08/21,China — 27.7%,"China Galaxy Securities Co. Ltd., Class A",600,957,,
EMXF,iShares ESG Advanced MSCI Emerging Markets ETF,31/08/21,China — 27.7%,"China Galaxy Securities Co. Ltd., Class H","16,500","9,262",,
EMXF,iShares ESG Advanced MSCI Emerging Markets ETF,31/08/21,China — 27.7%,"China International Capital Corp. Ltd., Class H (b)","7,200","16,742",,
EMXF,iShares ESG Advanced MSCI Emerging Markets ETF,31/08/21,China — 27.7%,"China Jushi Co. Ltd., Class A","1,371","3,727",,
EMXF,iShares ESG Advanced MSCI Emerging Markets ETF,31/08/21,China — 27.7%,China Lesso Group Holdings Ltd.,"6,000","12,842",,
EMXF,iShares ESG Advanced MSCI Emerging Markets ETF,31/08/21,China — 27.7%,China Medical System Holdings Ltd.,"6,000","11,777",,
EMXF,iShares ESG Advanced MSCI Emerging Markets ETF,31/08/21,China — 27.7%,"China Merchants Bank Co. Ltd., Class A","5,700","43,241",,
EMXF,iShares ESG Advanced MSCI Emerging Markets ETF,31/08/21,China — 27.7%,"China Merchants Bank Co. Ltd., Class H","16,500","1,36,085",,
EMXF,iShares ESG Advanced MSCI Emerging Markets ETF,31/08/21,China — 27.7%,"China Minsheng Banking Corp. Ltd., Class A","6,900","4,245",,
EMXF,iShares ESG Advanced MSCI Emerging Markets ETF,31/08/21,China — 27.7%,"China Minsheng Banking Corp. Ltd., Class H","33,000","13,790",,
EMXF,iShares ESG Advanced MSCI Emerging Markets ETF,31/08/21,China — 27.7%,"China Molybdenum Co. Ltd., Class A","6,600","7,990",,
EMXF,iShares ESG Advanced MSCI Emerging Markets ETF,31/08/21,China — 27.7%,"China Molybdenum Co. Ltd., Class H","18,000","14,043",,
EMXF,iShares ESG Advanced MSCI Emerging Markets ETF,31/08/21,China — 27.7%,China Resources Mixc Lifestyle Services Ltd. (b),"2,400","12,606",,
EMXF,iShares ESG Advanced MSCI Emerging Markets ETF,31/08/21,China — 27.7%,"China Resources Sanjiu Medical & Pharmaceutical Co. Ltd., Class A",300,"1,299",,
EMXF,iShares ESG Advanced MSCI Emerging Markets ETF,31/08/21,China — 27.7%,"China Vanke Co. Ltd., Class A","3,000","9,200",,
EMXF,iShares ESG Advanced MSCI Emerging Markets ETF,31/08/21,China — 27.7%,"China Vanke Co. Ltd., Class H","7,200","19,427",,
EMXF,iShares ESG Advanced MSCI Emerging Markets ETF,31/08/21,China — 27.7%,"China Zheshang Bank Co. Ltd., Class A","3,600","1,980",,
EMXF,iShares ESG Advanced MSCI Emerging Markets ETF,31/08/21,China — 27.7%,CIFI Ever Sunshine Services Group Ltd.,"6,000","12,390",,
EMXF,iShares ESG Advanced MSCI Emerging Markets ETF,31/08/21,China — 27.7%,"Contemporary Amperex Technology Co. Ltd., Class A",600,"46,097",,
EMXF,iShares ESG Advanced MSCI Emerging Markets ETF,31/08/21,China — 27.7%,Country Garden Services Holdings Co. Ltd.,"6,000","45,784",,
EMXF,iShares ESG Advanced MSCI Emerging Markets ETF,31/08/21,China — 27.7%,CSPC Pharmaceutical Group Ltd.,"36,000","45,670",,
EMXF,iShares ESG Advanced MSCI Emerging Markets ETF,31/08/21,China — 27.7%,"Dongfeng Motor Group Co. Ltd., Class H","12,000","13,146",,
EMXF,iShares ESG Advanced MSCI Emerging Markets ETF,31/08/21,China — 27.7%,"Eve Energy Co. Ltd., Class A",900,"14,261",,
EMXF,iShares ESG Advanced MSCI Emerging Markets ETF,31/08/21,China — 27.7%,"Everbright Securities Co. Ltd., Class A","1,244","3,062",,
EMXF,iShares ESG Advanced MSCI Emerging Markets ETF,31/08/21,China — 27.7%,"Founder Securities Co. Ltd., Class A","2,700","3,569",,
EMXF,iShares ESG Advanced MSCI Emerging Markets ETF,31/08/21,China — 27.7%,Geely Automobile Holdings Ltd.,"27,000","97,854",,
EMXF,iShares ESG Advanced MSCI Emerging Markets ETF,31/08/21,China — 27.7%,Genscript Biotech Corp. (a),"6,000","28,525",,
EMXF,iShares ESG Advanced MSCI Emerging Markets ETF,31/08/21,China — 27.7%,Greentown Service Group Co. Ltd.,"6,000","6,419",,
EMXF,iShares ESG Advanced MSCI Emerging Markets ETF,31/08/21,China — 27.7%,"Guangzhou Automobile Group Co. Ltd., Class H","12,000","12,082",,
EMXF,iShares ESG Advanced MSCI Emerging Markets ETF,31/08/21,China — 27.7%,"Guangzhou Baiyunshan Pharmaceutical Holdings Co. Ltd., Class A",224,"1,022",,
EMXF,iShares ESG Advanced MSCI Emerging Markets ETF,31/08/21,China — 27.7%,"Haitong Securities Co. Ltd., Class A","2,400","4,726",,
EMXF,iShares ESG Advanced MSCI Emerging Markets ETF,31/08/21,China — 27.7%,"Haitong Securities Co. Ltd., Class H","12,000","11,087",,
EMXF,iShares ESG Advanced MSCI Emerging Markets ETF,31/08/21,China — 27.7%,"Hangzhou Robam Appliances Co. Ltd., Class A",300,"1,659",,
EMXF,iShares ESG Advanced MSCI Emerging Markets ETF,31/08/21,China — 27.7%,"Hangzhou Tigermed Consulting Co. Ltd., Class H (b)",600,"10,646",,
EMXF,iShares ESG Advanced MSCI Emerging Markets ETF,31/08/21,China — 27.7%,Hansoh Pharmaceutical Group Co. Ltd. (b),"6,000","16,359",,
EMXF,iShares ESG Advanced MSCI Emerging Markets ETF,31/08/21,China — 27.7%,HengTen Networks Group Ltd. (a),"12,000","5,894",,
EMXF,iShares ESG Advanced MSCI Emerging Markets ETF,31/08/21,China — 27.7%,"Huatai Securities Co. Ltd., Class H (b)","10,200","14,631",,
EMXF,iShares ESG Advanced MSCI Emerging Markets ETF,31/08/21,China — 27.7%,"Huaxia Bank Co. Ltd., Class A","3,300","2,863",,
EMXF,iShares ESG Advanced MSCI Emerging Markets ETF,31/08/21,China — 27.7%,"Hundsun Technologies Inc., Class A",360,"2,767",,
EMXF,iShares ESG Advanced MSCI Emerging Markets ETF,31/08/21,China — 27.7%,"I-Mab, ADR (a)",123,"8,723",,
EMXF,iShares ESG Advanced MSCI Emerging Markets ETF,31/08/21,China — 27.7%,"Industrial Bank Co. Ltd., Class A","5,700","16,327",,
EMXF,iShares ESG Advanced MSCI Emerging Markets ETF,31/08/21,China — 27.7%,"Inner Mongolia Yili Industrial Group Co. Ltd., Class A","1,500","7,915",,
EMXF,iShares ESG Advanced MSCI Emerging Markets ETF,31/08/21,China — 27.7%,Jinxin Fertility Group Ltd. (b),"6,000","9,535",,
EMXF,iShares ESG Advanced MSCI Emerging Markets ETF,31/08/21,China — 27.7%,Kingboard Laminates Holdings Ltd.,"4,500","8,849",,
EMXF,iShares ESG Advanced MSCI Emerging Markets ETF,31/08/21,China — 27.7%,Kingdee International Software Group Co. Ltd. (a),"12,000","43,696",,
EMXF,iShares ESG Advanced MSCI Emerging Markets ETF,31/08/21,China — 27.7%,"Kingsoft Cloud Holdings Ltd., ADR (a)",234,"7,532",,
EMXF,iShares ESG Advanced MSCI Emerging Markets ETF,31/08/21,China — 27.7%,Kingsoft Corp. Ltd.,"4,200","16,848",,
EMXF,iShares ESG Advanced MSCI Emerging Markets ETF,31/08/21,China — 27.7%,Lee & Man Paper Manufacturing Ltd.,"6,000","5,266",,
EMXF,iShares ESG Advanced MSCI Emerging Markets ETF,31/08/21,China — 27.7%,Lenovo Group Ltd.,"30,000","33,091",,
EMXF,iShares ESG Advanced MSCI Emerging Markets ETF,31/08/21,China — 27.7%,"Li Auto Inc., ADR (a)","2,544","78,508",,
EMXF,iShares ESG Advanced MSCI Emerging Markets ETF,31/08/21,China — 27.7%,"Livzon Pharmaceutical Group Inc., Class A",300,"1,833",,
EMXF,iShares ESG Advanced MSCI Emerging Markets ETF,31/08/21,China — 27.7%,"LONGi Green Energy Technology Co. Ltd., Class A","1,200","16,633",,
EMXF,iShares ESG Advanced MSCI Emerging Markets ETF,31/08/21,China — 27.7%,"Meituan, Class B (a)(b)","17,700","5,65,950",,
EMXF,iShares ESG Advanced MSCI Emerging Markets ETF,31/08/21,China — 27.7%,Microport Scientific Corp.,"2,700","16,748",,
EMXF,iShares ESG Advanced MSCI Emerging Markets ETF,31/08/21,China — 27.7%,"Ming Yang Smart Energy Group Ltd., Class A",600,"2,090",,
EMXF,iShares ESG Advanced MSCI Emerging Markets ETF,31/08/21,China — 27.7%,Ming Yuan Cloud Group Holdings Ltd.,"3,000","10,415",,
EMXF,iShares ESG Advanced MSCI Emerging Markets ETF,31/08/21,China — 27.7%,"NetEase Inc., ADR","1,761","1,71,557",,
EMXF,iShares ESG Advanced MSCI Emerging Markets ETF,31/08/21,China — 27.7%,"NIO Inc., ADR (a)","5,934","2,33,266",,
EMXF,iShares ESG Advanced MSCI Emerging Markets ETF,31/08/21,China — 27.7%,OneConnect Financial Technology Co. Ltd. (a),537,"2,524",,
EMXF,iShares ESG Advanced MSCI Emerging Markets ETF,31/08/21,China — 27.7%,"Orient Securities Co. Ltd., Class A","2,800","6,490",,
EMXF,iShares ESG Advanced MSCI Emerging Markets ETF,31/08/21,China — 27.7%,"Ovctek China Inc., Class A",420,"4,356",,
EMXF,iShares ESG Advanced MSCI Emerging Markets ETF,31/08/21,China — 27.7%,"Pharmaron Beijing Co. Ltd., Class H (b)",900,"19,968",,
EMXF,iShares ESG Advanced MSCI Emerging Markets ETF,31/08/21,China — 27.7%,"Postal Savings Bank of China Co. Ltd., Class A","4,500","3,580",,
EMXF,iShares ESG Advanced MSCI Emerging Markets ETF,31/08/21,China — 27.7%,"Postal Savings Bank of China Co. Ltd., Class H (b)","33,000","23,774",,
EMXF,iShares ESG Advanced MSCI Emerging Markets ETF,31/08/21,China — 27.7%,"Shandong Weigao Group Medical Polymer Co. Ltd., Class H","12,000","19,745",,
EMXF,iShares ESG Advanced MSCI Emerging Markets ETF,31/08/21,China — 27.7%,"Shanghai Electric Group Co. Ltd., Class A","3,300","2,500",,
EMXF,iShares ESG Advanced MSCI Emerging Markets ETF,31/08/21,China — 27.7%,"Shanghai Fosun Pharmaceutical Group Co. Ltd., Class A",900,"8,824",,
EMXF,iShares ESG Advanced MSCI Emerging Markets ETF,31/08/21,China — 27.7%,"Shanghai Fosun Pharmaceutical Group Co. Ltd., Class H","3,000","19,245",,
EMXF,iShares ESG Advanced MSCI Emerging Markets ETF,31/08/21,China — 27.7%,"Shanghai Pharmaceuticals Holding Co. Ltd., Class H","4,200","8,332",,
EMXF,iShares ESG Advanced MSCI Emerging Markets ETF,31/08/21,China — 27.7%,"Shanghai Pudong Development Bank Co. Ltd., Class A","7,800","10,938",,
EMXF,iShares ESG Advanced MSCI Emerging Markets ETF,31/08/21,China — 27.7%,"Shengyi Technology Co. Ltd., Class A",600,"2,185",,
EMXF,iShares ESG Advanced MSCI Emerging Markets ETF,31/08/21,China — 27.7%,"Shenzhen Inovance Technology Co. Ltd., Class A",450,"4,957",,
EMXF,iShares ESG Advanced MSCI Emerging Markets ETF,31/08/21,China — 27.7%,Shenzhen Investment Ltd.,"12,000","3,562",,
EMXF,iShares ESG Advanced MSCI Emerging Markets ETF,31/08/21,China — 27.7%,Shenzhou International Group Holdings Ltd.,"3,600","78,034",,
EMXF,iShares ESG Advanced MSCI Emerging Markets ETF,31/08/21,China — 27.7%,Shimao Services Holdings Ltd. (b),"3,000","6,997",,
EMXF,iShares ESG Advanced MSCI Emerging Markets ETF,31/08/21,China — 27.7%,"Sinotrans Ltd., Class A","3,600","2,770",,
EMXF,iShares ESG Advanced MSCI Emerging Markets ETF,31/08/21,China — 27.7%,Sunac Services Holdings Ltd. (a)(b),"3,000","7,811",,
EMXF,iShares ESG Advanced MSCI Emerging Markets ETF,31/08/21,China — 27.7%,"Sungrow Power Supply Co. Ltd., Class A",600,"14,614",,
EMXF,iShares ESG Advanced MSCI Emerging Markets ETF,31/08/21,China — 27.7%,"Suning.com Co. Ltd., Class A (a)","3,900","3,191",,
EMXF,iShares ESG Advanced MSCI Emerging Markets ETF,31/08/21,China — 27.7%,Sunny Optical Technology Group Co. Ltd.,"3,000","90,785",,
EMXF,iShares ESG Advanced MSCI Emerging Markets ETF,31/08/21,China — 27.7%,"TCL Technology Group Corp., Class A","3,900","4,307",,
EMXF,iShares ESG Advanced MSCI Emerging Markets ETF,31/08/21,China — 27.7%,"Tianfeng Securities Co. Ltd., Class A (a)","1,800","1,208",,
EMXF,iShares ESG Advanced MSCI Emerging Markets ETF,31/08/21,China — 27.7%,Tongcheng-Elong Holdings Ltd. (a),"4,800","11,190",,
EMXF,iShares ESG Advanced MSCI Emerging Markets ETF,31/08/21,China — 27.7%,"Transfar Zhilian Co. Ltd., Class A",900,"1,210",,
EMXF,iShares ESG Advanced MSCI Emerging Markets ETF,31/08/21,China — 27.7%,"TravelSky Technology Ltd., Class H","3,000","5,624",,
EMXF,iShares ESG Advanced MSCI Emerging Markets ETF,31/08/21,China — 27.7%,"Unisplendour Corp. Ltd., Class A",900,"3,313",,
EMXF,iShares ESG Advanced MSCI Emerging Markets ETF,31/08/21,China — 27.7%,Vinda International Holdings Ltd.,"3,000","8,842",,
EMXF,iShares ESG Advanced MSCI Emerging Markets ETF,31/08/21,China — 27.7%,"Vipshop Holdings Ltd., ADR (a)","2,025","29,950",,
EMXF,iShares ESG Advanced MSCI Emerging Markets ETF,31/08/21,China — 27.7%,"Wuchan Zhongda Group Co. Ltd., Class A","1,800","1,696",,
EMXF,iShares ESG Advanced MSCI Emerging Markets ETF,31/08/21,China — 27.7%,"Wuhu Sanqi Interactive Entertainment Network Technology Group Co. Ltd., Class A",900,"2,377",,
EMXF,iShares ESG Advanced MSCI Emerging Markets ETF,31/08/21,China — 27.7%,"WuXi AppTec Co. Ltd., Class A",960,"19,781",,
EMXF,iShares ESG Advanced MSCI Emerging Markets ETF,31/08/21,China — 27.7%,"WuXi AppTec Co. Ltd., Class H (b)","1,240","24,729",,
EMXF,iShares ESG Advanced MSCI Emerging Markets ETF,31/08/21,China — 27.7%,"Wuxi Biologics Cayman Inc., New (a)(b)","15,000","2,32,229",,
EMXF,iShares ESG Advanced MSCI Emerging Markets ETF,31/08/21,China — 27.7%,"Xinjiang Goldwind Science & Technology Co. Ltd., Class H","3,600","6,902",,
EMXF,iShares ESG Advanced MSCI Emerging Markets ETF,31/08/21,China — 27.7%,Xinyi Solar Holdings Ltd.,"24,000","58,084",,
EMXF,iShares ESG Advanced MSCI Emerging Markets ETF,31/08/21,China — 27.7%,"XPeng Inc., ADR (a)","1,668","70,890",,
EMXF,iShares ESG Advanced MSCI Emerging Markets ETF,31/08/21,China — 27.7%,Yadea Group Holdings Ltd. (b),"6,000","10,676",,
EMXF,iShares ESG Advanced MSCI Emerging Markets ETF,31/08/21,China — 27.7%,"Yonyou Network Technology Co. Ltd., Class A",600,"3,114",,
EMXF,iShares ESG Advanced MSCI Emerging Markets ETF,31/08/21,China — 27.7%,Yum China Holdings Inc.,"1,839","1,13,209",,
EMXF,iShares ESG Advanced MSCI Emerging Markets ETF,31/08/21,China — 27.7%,"Yunnan Baiyao Group Co. Ltd., Class A",400,"5,497",,
EMXF,iShares ESG Advanced MSCI Emerging Markets ETF,31/08/21,China — 27.7%,"Yutong Bus Co. Ltd., Class A",600,"1,143",,
EMXF,iShares ESG Advanced MSCI Emerging Markets ETF,31/08/21,China — 27.7%,"Zoomlion Heavy Industry Science and Technology Co. Ltd., Class H","7,800","7,431","37,48,259",
EMXF,iShares ESG Advanced MSCI Emerging Markets ETF,31/08/21,Colombia — 0.2%,Bancolombia SA,"1,125","9,274",,
EMXF,iShares ESG Advanced MSCI Emerging Markets ETF,31/08/21,Colombia — 0.2%,Grupo de Inversiones Suramericana SA,"1,362","6,938",,
EMXF,iShares ESG Advanced MSCI Emerging Markets ETF,31/08/21,Colombia — 0.2%,Interconexion Electrica SA ESP,"1,959","11,798","28,010",
EMXF,iShares ESG Advanced MSCI Emerging Markets ETF,31/08/21,Cyprus — 0.3%,"TCS Group Holding PLC, GDR",500,"44,377","44,377",
EMXF,iShares ESG Advanced MSCI Emerging Markets ETF,31/08/21,Czech Republic — 0.2%,Komercni Banka AS (a),414,"15,919",,
EMXF,iShares ESG Advanced MSCI Emerging Markets ETF,31/08/21,Czech Republic — 0.2%,Moneta Money Bank AS (a)(b),"1,737","7,052","22,971",
EMXF,iShares ESG Advanced MSCI Emerging Markets ETF,31/08/21,Egypt — 0.2%,Commercial International Bank Egypt SAE (a),"7,179","21,390","21,390",
EMXF,iShares ESG Advanced MSCI Emerging Markets ETF,31/08/21,Greece — 0.3%,Alpha Services and Holdings SA (a),"8,961","12,423",,
EMXF,iShares ESG Advanced MSCI Emerging Markets ETF,31/08/21,Greece — 0.3%,"Eurobank Ergasias Services and Holdings SA, Class A (a)","8,415","8,019",,
EMXF,iShares ESG Advanced MSCI Emerging Markets ETF,31/08/21,Greece — 0.3%,Hellenic Telecommunications Organization SA,"1,134","22,323","42,765",
EMXF,iShares ESG Advanced MSCI Emerging Markets ETF,31/08/21,Hong Kong — 0.1%,"Hutchmed China Ltd., ADR (a)",304,"12,269","12,269",
EMXF,iShares ESG Advanced MSCI Emerging Markets ETF,31/08/21,Hungary — 0.6%,OTP Bank Nyrt (a),"1,044","63,049",,
EMXF,iShares ESG Advanced MSCI Emerging Markets ETF,31/08/21,Hungary — 0.6%,Richter Gedeon Nyrt,540,"16,185","79,234",
EMXF,iShares ESG Advanced MSCI Emerging Markets ETF,31/08/21,India — 13.5%,Adani Green Energy Ltd. (a),"1,635","23,875",,
EMXF,iShares ESG Advanced MSCI Emerging Markets ETF,31/08/21,India — 13.5%,Asian Paints Ltd.,"1,719","75,303",,
EMXF,iShares ESG Advanced MSCI Emerging Markets ETF,31/08/21,India — 13.5%,Axis Bank Ltd. (a),"9,724","1,04,385",,
EMXF,iShares ESG Advanced MSCI Emerging Markets ETF,31/08/21,India — 13.5%,Bajaj Auto Ltd.,297,"15,140",,
EMXF,iShares ESG Advanced MSCI Emerging Markets ETF,31/08/21,India — 13.5%,Bajaj Finance Ltd.,"1,215","1,24,815",,
EMXF,iShares ESG Advanced MSCI Emerging Markets ETF,31/08/21,India — 13.5%,Bandhan Bank Ltd. (b),"2,764","10,766",,
EMXF,iShares ESG Advanced MSCI Emerging Markets ETF,31/08/21,India — 13.5%,Bharti Airtel Ltd.,"10,599","96,176",,
EMXF,iShares ESG Advanced MSCI Emerging Markets ETF,31/08/21,India — 13.5%,Biocon Ltd. (a),"1,845","9,057",,
EMXF,iShares ESG Advanced MSCI Emerging Markets ETF,31/08/21,India — 13.5%,Cholamandalam Investment and Finance Co. Ltd.,"1,506","11,429",,
EMXF,iShares ESG Advanced MSCI Emerging Markets ETF,31/08/21,India — 13.5%,Colgate-Palmolive India Ltd.,627,"14,525",,
EMXF,iShares ESG Advanced MSCI Emerging Markets ETF,31/08/21,India — 13.5%,Dabur India Ltd.,"2,409","20,490",,
EMXF,iShares ESG Advanced MSCI Emerging Markets ETF,31/08/21,India — 13.5%,Eicher Motors Ltd.,633,"23,175",,
EMXF,iShares ESG Advanced MSCI Emerging Markets ETF,31/08/21,India — 13.5%,Havells India Ltd.,915,"15,872",,
EMXF,iShares ESG Advanced MSCI Emerging Markets ETF,31/08/21,India — 13.5%,HCL Technologies Ltd.,"4,989","80,659",,
EMXF,iShares ESG Advanced MSCI Emerging Markets ETF,31/08/21,India — 13.5%,HDFC Life Insurance Co. Ltd. (b),"3,315","32,540",,
EMXF,iShares ESG Advanced MSCI Emerging Markets ETF,31/08/21,India — 13.5%,Hero MotoCorp Ltd.,534,"20,013",,
EMXF,iShares ESG Advanced MSCI Emerging Markets ETF,31/08/21,India — 13.5%,Hindustan Unilever Ltd.,"3,681","1,37,093",,
EMXF,iShares ESG Advanced MSCI Emerging Markets ETF,31/08/21,India — 13.5%,ICICI Lombard General Insurance Co. Ltd. (b),879,"19,172",,
EMXF,iShares ESG Advanced MSCI Emerging Markets ETF,31/08/21,India — 13.5%,Info Edge India Ltd.,331,"27,955",,
EMXF,iShares ESG Advanced MSCI Emerging Markets ETF,31/08/21,India — 13.5%,Infosys Ltd.,"15,174","3,54,152",,
EMXF,iShares ESG Advanced MSCI Emerging Markets ETF,31/08/21,India — 13.5%,Kotak Mahindra Bank Ltd.,"2,340","56,075",,
EMXF,iShares ESG Advanced MSCI Emerging Markets ETF,31/08/21,India — 13.5%,Mahindra & Mahindra Ltd.,"3,681","39,886",,
EMXF,iShares ESG Advanced MSCI Emerging Markets ETF,31/08/21,India — 13.5%,Marico Ltd.,"2,103","15,674",,
EMXF,iShares ESG Advanced MSCI Emerging Markets ETF,31/08/21,India — 13.5%,Nestle India Ltd.,147,"39,146",,
EMXF,iShares ESG Advanced MSCI Emerging Markets ETF,31/08/21,India — 13.5%,Piramal Enterprises Ltd.,465,"16,565",,
EMXF,iShares ESG Advanced MSCI Emerging Markets ETF,31/08/21,India — 13.5%,SBI Cards & Payment Services Ltd. (a),697,"10,889",,
EMXF,iShares ESG Advanced MSCI Emerging Markets ETF,31/08/21,India — 13.5%,Shriram Transport Finance Co. Ltd.,855,"15,789",,
EMXF,iShares ESG Advanced MSCI Emerging Markets ETF,31/08/21,India — 13.5%,Siemens Ltd.,252,"7,831",,
EMXF,iShares ESG Advanced MSCI Emerging Markets ETF,31/08/21,India — 13.5%,State Bank of India,"7,788","45,288",,
EMXF,iShares ESG Advanced MSCI Emerging Markets ETF,31/08/21,India — 13.5%,Tata Consultancy Services Ltd.,"4,173","2,16,021",,
EMXF,iShares ESG Advanced MSCI Emerging Markets ETF,31/08/21,India — 13.5%,Tech Mahindra Ltd.,"2,589","51,226",,
EMXF,iShares ESG Advanced MSCI Emerging Markets ETF,31/08/21,India — 13.5%,Titan Co. Ltd.,"1,632","42,873",,
EMXF,iShares ESG Advanced MSCI Emerging Markets ETF,31/08/21,India — 13.5%,Trent Ltd.,804,"11,069",,
EMXF,iShares ESG Advanced MSCI Emerging Markets ETF,31/08/21,India — 13.5%,Wipro Ltd.,"5,577","48,906","18,33,830",
EMXF,iShares ESG Advanced MSCI Emerging Markets ETF,31/08/21,Indonesia — 2.2%,Bank Central Asia Tbk PT,"47,400","1,08,803",,
EMXF,iShares ESG Advanced MSCI Emerging Markets ETF,31/08/21,Indonesia — 2.2%,Bank Mandiri Persero Tbk PT,"82,200","35,140",,
EMXF,iShares ESG Advanced MSCI Emerging Markets ETF,31/08/21,Indonesia — 2.2%,Bank Negara Indonesia Persero Tbk PT,"35,700","13,490",,
EMXF,iShares ESG Advanced MSCI Emerging Markets ETF,31/08/21,Indonesia — 2.2%,Bank Rakyat Indonesia Persero Tbk PT,"2,35,600","64,791",,
EMXF,iShares ESG Advanced MSCI Emerging Markets ETF,31/08/21,Indonesia — 2.2%,Kalbe Farma Tbk PT,"96,900","9,133",,
EMXF,iShares ESG Advanced MSCI Emerging Markets ETF,31/08/21,Indonesia — 2.2%,Telkom Indonesia Persero Tbk PT,"2,12,400","50,687",,
EMXF,iShares ESG Advanced MSCI Emerging Markets ETF,31/08/21,Indonesia — 2.2%,Tower Bersama Infrastructure Tbk PT,"29,700","6,513",,
EMXF,iShares ESG Advanced MSCI Emerging Markets ETF,31/08/21,Indonesia — 2.2%,Unilever Indonesia Tbk PT,"47,100","13,373","3,01,930",
EMXF,iShares ESG Advanced MSCI Emerging Markets ETF,31/08/21,Kuwait — 0.4%,Kuwait Finance House KSCP,"21,209","58,259","58,259",
EMXF,iShares ESG Advanced MSCI Emerging Markets ETF,31/08/21,Malaysia — 1.9%,AMMB Holdings Bhd,"8,800","6,414",,
EMXF,iShares ESG Advanced MSCI Emerging Markets ETF,31/08/21,Malaysia — 1.9%,Axiata Group Bhd,"15,600","15,543",,
EMXF,iShares ESG Advanced MSCI Emerging Markets ETF,31/08/21,Malaysia — 1.9%,CIMB Group Holdings Bhd,"27,300","32,252",,
EMXF,iShares ESG Advanced MSCI Emerging Markets ETF,31/08/21,Malaysia — 1.9%,DiGi.Com Bhd,"13,500","14,268",,
EMXF,iShares ESG Advanced MSCI Emerging Markets ETF,31/08/21,Malaysia — 1.9%,Fraser & Neave Holdings Bhd,600,"4,028",,
EMXF,iShares ESG Advanced MSCI Emerging Markets ETF,31/08/21,Malaysia — 1.9%,HAP Seng Consolidated Bhd,"2,700","5,519",,
EMXF,iShares ESG Advanced MSCI Emerging Markets ETF,31/08/21,Malaysia — 1.9%,IHH Healthcare Bhd,"10,800","16,616",,
EMXF,iShares ESG Advanced MSCI Emerging Markets ETF,31/08/21,Malaysia — 1.9%,Kossan Rubber Industries,"5,700","4,251",,
EMXF,iShares ESG Advanced MSCI Emerging Markets ETF,31/08/21,Malaysia — 1.9%,Kuala Lumpur Kepong Bhd,"1,800","9,249",,
EMXF,iShares ESG Advanced MSCI Emerging Markets ETF,31/08/21,Malaysia — 1.9%,Malayan Banking Bhd,"16,800","33,939",,
EMXF,iShares ESG Advanced MSCI Emerging Markets ETF,31/08/21,Malaysia — 1.9%,Maxis Bhd,"9,600","10,831",,
EMXF,iShares ESG Advanced MSCI Emerging Markets ETF,31/08/21,Malaysia — 1.9%,Nestle Malaysia Bhd,300,"9,723",,
EMXF,iShares ESG Advanced MSCI Emerging Markets ETF,31/08/21,Malaysia — 1.9%,PPB Group Bhd,"2,100","9,356",,
EMXF,iShares ESG Advanced MSCI Emerging Markets ETF,31/08/21,Malaysia — 1.9%,Public Bank Bhd,"63,600","63,952",,
EMXF,iShares ESG Advanced MSCI Emerging Markets ETF,31/08/21,Malaysia — 1.9%,RHB Bank Bhd,"6,900","9,285",,
EMXF,iShares ESG Advanced MSCI Emerging Markets ETF,31/08/21,Malaysia — 1.9%,Sime Darby Bhd,"9,600","5,445",,
EMXF,iShares ESG Advanced MSCI Emerging Markets ETF,31/08/21,Malaysia — 1.9%,Telekom Malaysia Bhd,"5,700","8,394","2,59,065",
EMXF,iShares ESG Advanced MSCI Emerging Markets ETF,31/08/21,Mexico — 1.0%,Arca Continental SAB de CV,"2,100","13,527",,
EMXF,iShares ESG Advanced MSCI Emerging Markets ETF,31/08/21,Mexico — 1.0%,Coca-Cola Femsa SAB de CV,"2,100","12,157",,
EMXF,iShares ESG Advanced MSCI Emerging Markets ETF,31/08/21,Mexico — 1.0%,"Grupo Aeroportuario del Sureste SAB de CV, Class B (a)",750,"13,460",,
EMXF,iShares ESG Advanced MSCI Emerging Markets ETF,31/08/21,Mexico — 1.0%,"Grupo Financiero Banorte SAB de CV, Class O","12,300","81,196",,
EMXF,iShares ESG Advanced MSCI Emerging Markets ETF,31/08/21,Mexico — 1.0%,"Kimberly-Clark de Mexico SAB de CV, Class A","6,600","11,656","1,31,996",
EMXF,iShares ESG Advanced MSCI Emerging Markets ETF,31/08/21,Pakistan — 0.0%,Habib Bank Ltd.,"3,348","2,520",,
EMXF,iShares ESG Advanced MSCI Emerging Markets ETF,31/08/21,Pakistan — 0.0%,Lucky Cement Ltd. (a),354,"1,767",,
EMXF,iShares ESG Advanced MSCI Emerging Markets ETF,31/08/21,Pakistan — 0.0%,MCB Bank Ltd.,"2,013","2,000","6,287",
EMXF,iShares ESG Advanced MSCI Emerging Markets ETF,31/08/21,Peru — 0.1%,Credicorp Ltd. (a),150,"15,995","15,995",
EMXF,iShares ESG Advanced MSCI Emerging Markets ETF,31/08/21,Philippines — 0.5%,Bank of the Philippine Islands,"6,840","11,439",,
EMXF,iShares ESG Advanced MSCI Emerging Markets ETF,31/08/21,Philippines — 0.5%,BDO Unibank Inc.,"8,940","19,749",,
EMXF,iShares ESG Advanced MSCI Emerging Markets ETF,31/08/21,Philippines — 0.5%,Globe Telecom Inc.,150,"8,201",,
EMXF,iShares ESG Advanced MSCI Emerging Markets ETF,31/08/21,Philippines — 0.5%,SM Prime Holdings Inc.,"42,600","29,062","68,451",
EMXF,iShares ESG Advanced MSCI Emerging Markets ETF,31/08/21,Poland — 1.1%,Bank Polska Kasa Opieki SA (a),948,"26,510",,
EMXF,iShares ESG Advanced MSCI Emerging Markets ETF,31/08/21,Poland — 1.1%,CD Projekt SA,183,"8,127",,
EMXF,iShares ESG Advanced MSCI Emerging Markets ETF,31/08/21,Poland — 1.1%,LPP SA,6,"21,892",,
EMXF,iShares ESG Advanced MSCI Emerging Markets ETF,31/08/21,Poland — 1.1%,Orange Polska SA (a),"1,368","2,957",,
EMXF,iShares ESG Advanced MSCI Emerging Markets ETF,31/08/21,Poland — 1.1%,Powszechna Kasa Oszczednosci Bank Polski SA (a),"4,302","47,224",,
EMXF,iShares ESG Advanced MSCI Emerging Markets ETF,31/08/21,Poland — 1.1%,Powszechny Zaklad Ubezpieczen SA (a),"2,593","27,480",,
EMXF,iShares ESG Advanced MSCI Emerging Markets ETF,31/08/21,Poland — 1.1%,Santander Bank Polska SA (a),162,"12,784","1,46,974",
EMXF,iShares ESG Advanced MSCI Emerging Markets ETF,31/08/21,Qatar — 0.9%,Commercial Bank PSQC (The),"8,061","13,172",,
EMXF,iShares ESG Advanced MSCI Emerging Markets ETF,31/08/21,Qatar — 0.9%,Ooredoo QPSC,"4,068","7,611",,
EMXF,iShares ESG Advanced MSCI Emerging Markets ETF,31/08/21,Qatar — 0.9%,Qatar National Bank QPSC,"19,050","98,833","1,19,616",
EMXF,iShares ESG Advanced MSCI Emerging Markets ETF,31/08/21,Russia — 1.0%,"Magnit PJSC, GDR","1,404","21,306",,
EMXF,iShares ESG Advanced MSCI Emerging Markets ETF,31/08/21,Russia — 1.0%,"Mail.Ru Group Ltd., GDR (a)",573,"11,584",,
EMXF,iShares ESG Advanced MSCI Emerging Markets ETF,31/08/21,Russia — 1.0%,Moscow Exchange MICEX-RTS PJSC,"6,420","16,063",,
EMXF,iShares ESG Advanced MSCI Emerging Markets ETF,31/08/21,Russia — 1.0%,Novolipetsk Steel PJSC,"5,760","19,421",,
EMXF,iShares ESG Advanced MSCI Emerging Markets ETF,31/08/21,Russia — 1.0%,"PhosAgro PJSC, GDR",567,"11,170",,
EMXF,iShares ESG Advanced MSCI Emerging Markets ETF,31/08/21,Russia — 1.0%,Polymetal International PLC,"1,512","30,226",,
EMXF,iShares ESG Advanced MSCI Emerging Markets ETF,31/08/21,Russia — 1.0%,Polyus PJSC,150,"27,065","1,36,835",
EMXF,iShares ESG Advanced MSCI Emerging Markets ETF,31/08/21,Saudi Arabia — 1.4%,Almarai Co. JSC,"1,149","17,778",,
EMXF,iShares ESG Advanced MSCI Emerging Markets ETF,31/08/21,Saudi Arabia — 1.4%,Bank AlBilad (a),"1,936","22,060",,
EMXF,iShares ESG Advanced MSCI Emerging Markets ETF,31/08/21,Saudi Arabia — 1.4%,Dr Sulaiman Al Habib Medical Services Group Co.,231,"11,306",,
EMXF,iShares ESG Advanced MSCI Emerging Markets ETF,31/08/21,Saudi Arabia — 1.4%,Saudi Basic Industries Corp.,"4,104","1,34,552",,
EMXF,iShares ESG Advanced MSCI Emerging Markets ETF,31/08/21,Saudi Arabia — 1.4%,Savola Group (The),540,"5,780","1,91,476",
EMXF,iShares ESG Advanced MSCI Emerging Markets ETF,31/08/21,South Africa — 7.0%,Absa Group Ltd. (a),"3,276","35,479",,
EMXF,iShares ESG Advanced MSCI Emerging Markets ETF,31/08/21,South Africa — 7.0%,Anglo American Platinum Ltd.,228,"25,861",,
EMXF,iShares ESG Advanced MSCI Emerging Markets ETF,31/08/21,South Africa — 7.0%,Aspen Pharmacare Holdings Ltd. (a),"1,515","20,453",,
EMXF,iShares ESG Advanced MSCI Emerging Markets ETF,31/08/21,South Africa — 7.0%,Bid Corp. Ltd. (a),"1,458","32,106",,
EMXF,iShares ESG Advanced MSCI Emerging Markets ETF,31/08/21,South Africa — 7.0%,Bidvest Group Ltd. (The),"1,203","16,962",,
EMXF,iShares ESG Advanced MSCI Emerging Markets ETF,31/08/21,South Africa — 7.0%,Capitec Bank Holdings Ltd.,339,"44,287",,
EMXF,iShares ESG Advanced MSCI Emerging Markets ETF,31/08/21,South Africa — 7.0%,Clicks Group Ltd.,"1,140","23,744",,
EMXF,iShares ESG Advanced MSCI Emerging Markets ETF,31/08/21,South Africa — 7.0%,Discovery Ltd. (a),"1,803","15,983",,
EMXF,iShares ESG Advanced MSCI Emerging Markets ETF,31/08/21,South Africa — 7.0%,FirstRand Ltd.,"21,540","91,698",,
EMXF,iShares ESG Advanced MSCI Emerging Markets ETF,31/08/21,South Africa — 7.0%,Gold Fields Ltd.,"3,882","36,869",,
EMXF,iShares ESG Advanced MSCI Emerging Markets ETF,31/08/21,South Africa — 7.0%,Growthpoint Properties Ltd.,"14,994","15,978",,
EMXF,iShares ESG Advanced MSCI Emerging Markets ETF,31/08/21,South Africa — 7.0%,Impala Platinum Holdings Ltd.,"3,465","53,086",,
EMXF,iShares ESG Advanced MSCI Emerging Markets ETF,31/08/21,South Africa — 7.0%,Kumba Iron Ore Ltd.,261,"11,721",,
EMXF,iShares ESG Advanced MSCI Emerging Markets ETF,31/08/21,South Africa — 7.0%,Mr. Price Group Ltd.,"1,548","23,223",,
EMXF,iShares ESG Advanced MSCI Emerging Markets ETF,31/08/21,South Africa — 7.0%,MTN Group Ltd. (a),"7,635","70,080",,
EMXF,iShares ESG Advanced MSCI Emerging Markets ETF,31/08/21,South Africa — 7.0%,MultiChoice Group,"1,623","12,838",,
EMXF,iShares ESG Advanced MSCI Emerging Markets ETF,31/08/21,South Africa — 7.0%,"Naspers Ltd., Class N",957,"1,65,120",,
EMXF,iShares ESG Advanced MSCI Emerging Markets ETF,31/08/21,South Africa — 7.0%,Nedbank Group Ltd. (a),"1,749","22,274",,
EMXF,iShares ESG Advanced MSCI Emerging Markets ETF,31/08/21,South Africa — 7.0%,NEPI Rockcastle PLC,"1,962","14,167",,
EMXF,iShares ESG Advanced MSCI Emerging Markets ETF,31/08/21,South Africa — 7.0%,Old Mutual Ltd.,"19,743","20,876",,
EMXF,iShares ESG Advanced MSCI Emerging Markets ETF,31/08/21,South Africa — 7.0%,Remgro Ltd.,"2,259","18,787",,
EMXF,iShares ESG Advanced MSCI Emerging Markets ETF,31/08/21,South Africa — 7.0%,Sanlam Ltd.,"8,091","35,893",,
EMXF,iShares ESG Advanced MSCI Emerging Markets ETF,31/08/21,South Africa — 7.0%,Shoprite Holdings Ltd.,"2,265","28,667",,
EMXF,iShares ESG Advanced MSCI Emerging Markets ETF,31/08/21,South Africa — 7.0%,SPAR Group Ltd. (The),735,"10,506",,
EMXF,iShares ESG Advanced MSCI Emerging Markets ETF,31/08/21,South Africa — 7.0%,Standard Bank Group Ltd.,"5,553","56,718",,
EMXF,iShares ESG Advanced MSCI Emerging Markets ETF,31/08/21,South Africa — 7.0%,Vodacom Group Ltd.,"2,757","27,264",,
EMXF,iShares ESG Advanced MSCI Emerging Markets ETF,31/08/21,South Africa — 7.0%,Woolworths Holdings Ltd. (a),"4,272","18,631","9,49,271",
EMXF,iShares ESG Advanced MSCI Emerging Markets ETF,31/08/21,South Korea — 9.0%,Amorepacific Corp.,141,"27,617",,
EMXF,iShares ESG Advanced MSCI Emerging Markets ETF,31/08/21,South Korea — 9.0%,AMOREPACIFIC Group,144,"7,164",,
EMXF,iShares ESG Advanced MSCI Emerging Markets ETF,31/08/21,South Korea — 9.0%,CJ CheilJedang Corp.,36,"14,077",,
EMXF,iShares ESG Advanced MSCI Emerging Markets ETF,31/08/21,South Korea — 9.0%,CJ Corp.,60,"5,241",,
EMXF,iShares ESG Advanced MSCI Emerging Markets ETF,31/08/21,South Korea — 9.0%,Coway Co. Ltd.,249,"16,789",,
EMXF,iShares ESG Advanced MSCI Emerging Markets ETF,31/08/21,South Korea — 9.0%,DB Insurance Co. Ltd.,219,"11,073",,
EMXF,iShares ESG Advanced MSCI Emerging Markets ETF,31/08/21,South Korea — 9.0%,GS Engineering & Construction Corp.,303,"11,662",,
EMXF,iShares ESG Advanced MSCI Emerging Markets ETF,31/08/21,South Korea — 9.0%,Hana Financial Group Inc.,"1,356","52,510",,
EMXF,iShares ESG Advanced MSCI Emerging Markets ETF,31/08/21,South Korea — 9.0%,Hankook Tire & Technology Co. Ltd.,315,"12,660",,
EMXF,iShares ESG Advanced MSCI Emerging Markets ETF,31/08/21,South Korea — 9.0%,Hanon Systems,813,"11,516",,
EMXF,iShares ESG Advanced MSCI Emerging Markets ETF,31/08/21,South Korea — 9.0%,HYBE Co. Ltd. (a),60,"14,941",,
EMXF,iShares ESG Advanced MSCI Emerging Markets ETF,31/08/21,South Korea — 9.0%,Kakao Corp.,"1,338","1,78,530",,
EMXF,iShares ESG Advanced MSCI Emerging Markets ETF,31/08/21,South Korea — 9.0%,LG Corp.,385,"31,578",,
EMXF,iShares ESG Advanced MSCI Emerging Markets ETF,31/08/21,South Korea — 9.0%,LG Display Co. Ltd. (a),988,"17,380",,
EMXF,iShares ESG Advanced MSCI Emerging Markets ETF,31/08/21,South Korea — 9.0%,LG Electronics Inc.,477,"58,257",,
EMXF,iShares ESG Advanced MSCI Emerging Markets ETF,31/08/21,South Korea — 9.0%,LG Household & Health Care Ltd.,42,"52,923",,
EMXF,iShares ESG Advanced MSCI Emerging Markets ETF,31/08/21,South Korea — 9.0%,LG Innotek Co. Ltd.,64,"11,830",,
EMXF,iShares ESG Advanced MSCI Emerging Markets ETF,31/08/21,South Korea — 9.0%,Mirae Asset Securities Co. Ltd.,"1,365","10,350",,
EMXF,iShares ESG Advanced MSCI Emerging Markets ETF,31/08/21,South Korea — 9.0%,NAVER Corp.,531,"2,01,056",,
EMXF,iShares ESG Advanced MSCI Emerging Markets ETF,31/08/21,South Korea — 9.0%,NCSoft Corp.,72,"40,947",,
EMXF,iShares ESG Advanced MSCI Emerging Markets ETF,31/08/21,South Korea — 9.0%,Netmarble Corp. (b),87,"9,680",,
EMXF,iShares ESG Advanced MSCI Emerging Markets ETF,31/08/21,South Korea — 9.0%,Samsung Fire & Marine Insurance Co. Ltd.,126,"24,526",,
EMXF,iShares ESG Advanced MSCI Emerging Markets ETF,31/08/21,South Korea — 9.0%,Samsung Life Insurance Co. Ltd.,321,"20,581",,
EMXF,iShares ESG Advanced MSCI Emerging Markets ETF,31/08/21,South Korea — 9.0%,Samsung SDS Co. Ltd.,147,"21,820",,
EMXF,iShares ESG Advanced MSCI Emerging Markets ETF,31/08/21,South Korea — 9.0%,Samsung Securities Co. Ltd.,219,"9,312",,
EMXF,iShares ESG Advanced MSCI Emerging Markets ETF,31/08/21,South Korea — 9.0%,Shinhan Financial Group Co. Ltd.,"1,932","64,362",,
EMXF,iShares ESG Advanced MSCI Emerging Markets ETF,31/08/21,South Korea — 9.0%,SK Biopharmaceuticals Co. Ltd. (a),117,"12,637",,
EMXF,iShares ESG Advanced MSCI Emerging Markets ETF,31/08/21,South Korea — 9.0%,SK Hynix Inc.,"2,385","2,18,372",,
EMXF,iShares ESG Advanced MSCI Emerging Markets ETF,31/08/21,South Korea — 9.0%,SK Telecom Co. Ltd.,63,"16,198",,
EMXF,iShares ESG Advanced MSCI Emerging Markets ETF,31/08/21,South Korea — 9.0%,Woori Financial Group Inc.,"2,307","22,320",,
EMXF,iShares ESG Advanced MSCI Emerging Markets ETF,31/08/21,South Korea — 9.0%,Yuhan Corp.,204,"10,978","12,18,887",
EMXF,iShares ESG Advanced MSCI Emerging Markets ETF,31/08/21,Taiwan — 19.4%,Accton Technology Corp.,"3,000","30,394",,
EMXF,iShares ESG Advanced MSCI Emerging Markets ETF,31/08/21,Taiwan — 19.4%,Acer Inc.,"12,000","10,891",,
EMXF,iShares ESG Advanced MSCI Emerging Markets ETF,31/08/21,Taiwan — 19.4%,Advantech Co. Ltd.,"3,000","41,770",,
EMXF,iShares ESG Advanced MSCI Emerging Markets ETF,31/08/21,Taiwan — 19.4%,ASE Technology Holding Co. Ltd.,"15,000","69,075",,
EMXF,iShares ESG Advanced MSCI Emerging Markets ETF,31/08/21,Taiwan — 19.4%,Asustek Computer Inc.,"3,000","35,021",,
EMXF,iShares ESG Advanced MSCI Emerging Markets ETF,31/08/21,Taiwan — 19.4%,AU Optronics Corp.,"36,000","22,698",,
EMXF,iShares ESG Advanced MSCI Emerging Markets ETF,31/08/21,Taiwan — 19.4%,Catcher Technology Co. Ltd.,"3,000","18,044",,
EMXF,iShares ESG Advanced MSCI Emerging Markets ETF,31/08/21,Taiwan — 19.4%,Cathay Financial Holding Co. Ltd.,"36,000","77,313",,
EMXF,iShares ESG Advanced MSCI Emerging Markets ETF,31/08/21,Taiwan — 19.4%,Chailease Holding Co. Ltd.,"6,300","60,437",,
EMXF,iShares ESG Advanced MSCI Emerging Markets ETF,31/08/21,Taiwan — 19.4%,Chang Hwa Commercial Bank Ltd.,"9,000","5,358",,
EMXF,iShares ESG Advanced MSCI Emerging Markets ETF,31/08/21,Taiwan — 19.4%,Cheng Shin Rubber Industry Co. Ltd.,"6,000","8,056",,
EMXF,iShares ESG Advanced MSCI Emerging Markets ETF,31/08/21,Taiwan — 19.4%,China Development Financial Holding Corp.,"57,000","29,131",,
EMXF,iShares ESG Advanced MSCI Emerging Markets ETF,31/08/21,Taiwan — 19.4%,China Life Insurance Co. Ltd.,"12,000","12,488",,
EMXF,iShares ESG Advanced MSCI Emerging Markets ETF,31/08/21,Taiwan — 19.4%,China Steel Corp.,"51,000","70,057",,
EMXF,iShares ESG Advanced MSCI Emerging Markets ETF,31/08/21,Taiwan — 19.4%,Chunghwa Telecom Co. Ltd.,"16,000","64,724",,
EMXF,iShares ESG Advanced MSCI Emerging Markets ETF,31/08/21,Taiwan — 19.4%,Compal Electronics Inc.,"18,000","14,854",,
EMXF,iShares ESG Advanced MSCI Emerging Markets ETF,31/08/21,Taiwan — 19.4%,CTBC Financial Holding Co. Ltd.,"78,000","64,649",,
EMXF,iShares ESG Advanced MSCI Emerging Markets ETF,31/08/21,Taiwan — 19.4%,Delta Electronics Inc.,"9,000","87,669",,
EMXF,iShares ESG Advanced MSCI Emerging Markets ETF,31/08/21,Taiwan — 19.4%,E.Sun Financial Holding Co. Ltd.,"54,116","51,875",,
EMXF,iShares ESG Advanced MSCI Emerging Markets ETF,31/08/21,Taiwan — 19.4%,Evergreen Marine Corp. Taiwan Ltd.,"12,000","58,578",,
EMXF,iShares ESG Advanced MSCI Emerging Markets ETF,31/08/21,Taiwan — 19.4%,Far Eastern New Century Corp.,"12,000","12,992",,
EMXF,iShares ESG Advanced MSCI Emerging Markets ETF,31/08/21,Taiwan — 19.4%,Far EasTone Telecommunications Co. Ltd.,"6,000","13,349",,
EMXF,iShares ESG Advanced MSCI Emerging Markets ETF,31/08/21,Taiwan — 19.4%,First Financial Holding Co. Ltd.,"45,450","37,537",,
EMXF,iShares ESG Advanced MSCI Emerging Markets ETF,31/08/21,Taiwan — 19.4%,Foxconn Technology Co. Ltd.,"3,000","7,177",,
EMXF,iShares ESG Advanced MSCI Emerging Markets ETF,31/08/21,Taiwan — 19.4%,Fubon Financial Holding Co. Ltd.,"30,000","91,891",,
EMXF,iShares ESG Advanced MSCI Emerging Markets ETF,31/08/21,Taiwan — 19.4%,Hiwin Technologies Corp.,"3,000","35,290",,
EMXF,iShares ESG Advanced MSCI Emerging Markets ETF,31/08/21,Taiwan — 19.4%,Hua Nan Financial Holdings Co. Ltd.,"36,000","27,127",,
EMXF,iShares ESG Advanced MSCI Emerging Markets ETF,31/08/21,Taiwan — 19.4%,Innolux Corp.,"39,000","24,157",,
EMXF,iShares ESG Advanced MSCI Emerging Markets ETF,31/08/21,Taiwan — 19.4%,Inventec Corp.,"9,000","7,873",,
EMXF,iShares ESG Advanced MSCI Emerging Markets ETF,31/08/21,Taiwan — 19.4%,Lite-On Technology Corp.,"9,000","19,845",,
EMXF,iShares ESG Advanced MSCI Emerging Markets ETF,31/08/21,Taiwan — 19.4%,MediaTek Inc.,"6,000","1,94,563",,
EMXF,iShares ESG Advanced MSCI Emerging Markets ETF,31/08/21,Taiwan — 19.4%,Mega Financial Holding Co. Ltd.,"48,000","56,772",,
EMXF,iShares ESG Advanced MSCI Emerging Markets ETF,31/08/21,Taiwan — 19.4%,Micro-Star International Co. Ltd.,"3,000","14,075",,
EMXF,iShares ESG Advanced MSCI Emerging Markets ETF,31/08/21,Taiwan — 19.4%,President Chain Store Corp.,"3,000","30,890",,
EMXF,iShares ESG Advanced MSCI Emerging Markets ETF,31/08/21,Taiwan — 19.4%,Quanta Computer Inc.,"12,000","33,937",,
EMXF,iShares ESG Advanced MSCI Emerging Markets ETF,31/08/21,Taiwan — 19.4%,Shanghai Commercial & Savings Bank Ltd. (The),"15,000","24,345",,
EMXF,iShares ESG Advanced MSCI Emerging Markets ETF,31/08/21,Taiwan — 19.4%,SinoPac Financial Holdings Co. Ltd.,"45,000","23,107",,
EMXF,iShares ESG Advanced MSCI Emerging Markets ETF,31/08/21,Taiwan — 19.4%,Taishin Financial Holding Co. Ltd.,"42,000","29,304",,
EMXF,iShares ESG Advanced MSCI Emerging Markets ETF,31/08/21,Taiwan — 19.4%,Taiwan Cooperative Financial Holding Co. Ltd.,"42,000","33,839",,
EMXF,iShares ESG Advanced MSCI Emerging Markets ETF,31/08/21,Taiwan — 19.4%,Taiwan Mobile Co. Ltd.,"6,000","21,867",,
EMXF,iShares ESG Advanced MSCI Emerging Markets ETF,31/08/21,Taiwan — 19.4%,Taiwan Semiconductor Manufacturing Co. Ltd.,"33,000","7,23,862",,
EMXF,iShares ESG Advanced MSCI Emerging Markets ETF,31/08/21,Taiwan — 19.4%,Unimicron Technology Corp.,"6,000","31,799",,
EMXF,iShares ESG Advanced MSCI Emerging Markets ETF,31/08/21,Taiwan — 19.4%,United Microelectronics Corp.,"51,000","1,15,562",,
EMXF,iShares ESG Advanced MSCI Emerging Markets ETF,31/08/21,Taiwan — 19.4%,Vanguard International Semiconductor Corp.,"3,000","15,957",,
EMXF,iShares ESG Advanced MSCI Emerging Markets ETF,31/08/21,Taiwan — 19.4%,Win Semiconductors Corp.,"3,000","35,603",,
EMXF,iShares ESG Advanced MSCI Emerging Markets ETF,31/08/21,Taiwan — 19.4%,Wistron Corp.,"9,000","8,898",,
EMXF,iShares ESG Advanced MSCI Emerging Markets ETF,31/08/21,Taiwan — 19.4%,Yageo Corp.,"3,000","51,649",,
EMXF,iShares ESG Advanced MSCI Emerging Markets ETF,31/08/21,Taiwan — 19.4%,Yang Ming Marine Transport Corp. (a),"6,000","28,903",,
EMXF,iShares ESG Advanced MSCI Emerging Markets ETF,31/08/21,Taiwan — 19.4%,Yuanta Financial Holding Co. Ltd.,"42,000","37,835","26,23,087",
EMXF,iShares ESG Advanced MSCI Emerging Markets ETF,31/08/21,Thailand — 2.8%,"Advanced Info Service PCL, NVDR","5,100","29,738",,
EMXF,iShares ESG Advanced MSCI Emerging Markets ETF,31/08/21,Thailand — 2.8%,"Airports of Thailand PCL, NVDR","19,200","37,935",,
EMXF,iShares ESG Advanced MSCI Emerging Markets ETF,31/08/21,Thailand — 2.8%,"Asset World Corp. PCL, NVDR (a)","40,200","5,400",,
EMXF,iShares ESG Advanced MSCI Emerging Markets ETF,31/08/21,Thailand — 2.8%,"Bangkok Dusit Medical Services PCL, NVDR","43,200","31,337",,
EMXF,iShares ESG Advanced MSCI Emerging Markets ETF,31/08/21,Thailand — 2.8%,"BTS Group Holdings PCL, NVDR","44,000","12,829",,
EMXF,iShares ESG Advanced MSCI Emerging Markets ETF,31/08/21,Thailand — 2.8%,"Bumrungrad Hospital PCL, NVDR","2,100","8,656",,
EMXF,iShares ESG Advanced MSCI Emerging Markets ETF,31/08/21,Thailand — 2.8%,"Central Pattana PCL, NVDR","9,600","15,980",,
EMXF,iShares ESG Advanced MSCI Emerging Markets ETF,31/08/21,Thailand — 2.8%,"Charoen Pokphand Foods PCL, NVDR","8,700","7,288",,
EMXF,iShares ESG Advanced MSCI Emerging Markets ETF,31/08/21,Thailand — 2.8%,"CP ALL PCL, NVDR","25,800","52,014",,
EMXF,iShares ESG Advanced MSCI Emerging Markets ETF,31/08/21,Thailand — 2.8%,"Delta Electronics Thailand PCL, NVDR","1,200","21,729",,
EMXF,iShares ESG Advanced MSCI Emerging Markets ETF,31/08/21,Thailand — 2.8%,"Energy Absolute PCL, NVDR","6,600","13,400",,
EMXF,iShares ESG Advanced MSCI Emerging Markets ETF,31/08/21,Thailand — 2.8%,"Home Product Center PCL, NVDR","31,200","13,824",,
EMXF,iShares ESG Advanced MSCI Emerging Markets ETF,31/08/21,Thailand — 2.8%,"Indorama Ventures PCL, NVDR","6,600","8,946",,
EMXF,iShares ESG Advanced MSCI Emerging Markets ETF,31/08/21,Thailand — 2.8%,"Intouch Holdings PCL, NVDR","7,500","19,889",,
EMXF,iShares ESG Advanced MSCI Emerging Markets ETF,31/08/21,Thailand — 2.8%,"Krungthai Card PCL, NVDR","3,900","8,009",,
EMXF,iShares ESG Advanced MSCI Emerging Markets ETF,31/08/21,Thailand — 2.8%,"Minor International PCL, NVDR (a)","13,500","13,711",,
EMXF,iShares ESG Advanced MSCI Emerging Markets ETF,31/08/21,Thailand — 2.8%,"Siam Cement PCL (The), NVDR","3,300","43,994",,
EMXF,iShares ESG Advanced MSCI Emerging Markets ETF,31/08/21,Thailand — 2.8%,"Siam Commercial Bank PCL (The), NVDR","3,900","12,866",,
EMXF,iShares ESG Advanced MSCI Emerging Markets ETF,31/08/21,Thailand — 2.8%,"Sri Trang Gloves Thailand PCL, NVDR",600,689,,
EMXF,iShares ESG Advanced MSCI Emerging Markets ETF,31/08/21,Thailand — 2.8%,"Thai Union Group PCL, NVDR","19,200","11,854",,
EMXF,iShares ESG Advanced MSCI Emerging Markets ETF,31/08/21,Thailand — 2.8%,"True Corp. PCL, NVDR","55,800","5,747","3,75,835",
EMXF,iShares ESG Advanced MSCI Emerging Markets ETF,31/08/21,Turkey — 0.2%,Turkcell Iletisim Hizmetleri AS,"5,499","10,874",,
EMXF,iShares ESG Advanced MSCI Emerging Markets ETF,31/08/21,Turkey — 0.2%,Turkiye Garanti Bankasi AS,"9,720","11,529",,
EMXF,iShares ESG Advanced MSCI Emerging Markets ETF,31/08/21,Turkey — 0.2%,"Turkiye Is Bankasi AS, Class C","6,927","4,789","27,192",
EMXF,iShares ESG Advanced MSCI Emerging Markets ETF,31/08/21,United Arab Emirates — 1.5%,Abu Dhabi Commercial Bank PJSC,"13,137","26,860",,
EMXF,iShares ESG Advanced MSCI Emerging Markets ETF,31/08/21,United Arab Emirates — 1.5%,Abu Dhabi Islamic Bank PJSC,"4,665","7,161",,
EMXF,iShares ESG Advanced MSCI Emerging Markets ETF,31/08/21,United Arab Emirates — 1.5%,Emirates NBD Bank PJSC,"11,616","43,799",,
EMXF,iShares ESG Advanced MSCI Emerging Markets ETF,31/08/21,United Arab Emirates — 1.5%,Emirates Telecommunications Group Co. PJSC,"7,311","46,973",,
EMXF,iShares ESG Advanced MSCI Emerging Markets ETF,31/08/21,United Arab Emirates — 1.5%,First Abu Dhabi Bank PJSC,"18,360","84,973","2,09,766","1,32,40,456"
EMXF,iShares ESG Advanced MSCI EM ETF,31/08/21,CHILE — 0.2%,"Sociedad Química y Minera de Chile SA, Class B, Preference Shares, NVS",567,"29,661","29,661",
EMXF,iShares ESG Advanced MSCI EM ETF,31/08/21,COLOMBIA — 0.2%,"Bancolombia SA, Preference Shares, NVS","1,950","16,245","16,245",
EMXF,iShares ESG Advanced MSCI EM ETF,31/08/21,SOUTH KOREA — 0.0%,"LG Household & Health Care Ltd., Preference Shares, NVS",2,"1,184","1,184",
EMXF,iShares ESG Advanced MSCI EM ETF,31/08/21,BRAZIL — 2.0%,"Banco Bradesco SA, Preference Shares, NVS","22,440","1,00,465",,
EMXF,iShares ESG Advanced MSCI EM ETF,31/08/21,BRAZIL — 2.0%,"Itau Unibanco Holding SA, Preference Shares, NVS","21,400","1,29,486",,
EMXF,iShares ESG Advanced MSCI EM ETF,31/08/21,BRAZIL — 2.0%,"Itausa SA, Preference Shares, NVS","19,500","43,355","2,73,306","3,20,396"
EMXF,iShares ESG Advanced MSCI EM ETF,31/08/21,THAILAND — 0.0% (Warrants),BTS Group Holdings PCL (Expires 07/22/22)(a),"15,400",0,0,0
ESGD,ESG Aware MSCI EAFE ETF,31/08/21,Australia — 7.5%,Afterpay Ltd. (a),"95,864","93,24,634",,
ESGD,ESG Aware MSCI EAFE ETF,31/08/21,Australia — 7.5%,APA Group,"13,37,187","89,53,898",,
ESGD,ESG Aware MSCI EAFE ETF,31/08/21,Australia — 7.5%,Aristocrat Leisure Ltd.,"2,63,236","87,36,981",,
ESGD,ESG Aware MSCI EAFE ETF,31/08/21,Australia — 7.5%,ASX Ltd.,"2,14,690","1,37,40,606",,
ESGD,ESG Aware MSCI EAFE ETF,31/08/21,Australia — 7.5%,Australia & New Zealand Banking Group Ltd.,"9,65,824","1,95,48,464",,
ESGD,ESG Aware MSCI EAFE ETF,31/08/21,Australia — 7.5%,BlueScope Steel Ltd.,"5,17,727","94,65,251",,
ESGD,ESG Aware MSCI EAFE ETF,31/08/21,Australia — 7.5%,Brambles Ltd.,"15,90,597","1,40,59,740",,
ESGD,ESG Aware MSCI EAFE ETF,31/08/21,Australia — 7.5%,Cochlear Ltd.,"69,367","1,17,82,436",,
ESGD,ESG Aware MSCI EAFE ETF,31/08/21,Australia — 7.5%,Coles Group Ltd.,"5,06,717","66,87,260",,
ESGD,ESG Aware MSCI EAFE ETF,31/08/21,Australia — 7.5%,Commonwealth Bank of Australia,"6,73,916","4,91,02,948",,
ESGD,ESG Aware MSCI EAFE ETF,31/08/21,Australia — 7.5%,Computershare Ltd.,"5,59,658","67,25,175",,
ESGD,ESG Aware MSCI EAFE ETF,31/08/21,Australia — 7.5%,CSL Ltd.,"1,67,301","3,80,51,390",,
ESGD,ESG Aware MSCI EAFE ETF,31/08/21,Australia — 7.5%,Dexus,"13,51,849","1,05,20,110",,
ESGD,ESG Aware MSCI EAFE ETF,31/08/21,Australia — 7.5%,Fortescue Metals Group Ltd.,"8,76,517","1,33,62,723",,
ESGD,ESG Aware MSCI EAFE ETF,31/08/21,Australia — 7.5%,Glencore PLC,"30,35,287","1,36,82,261",,
ESGD,ESG Aware MSCI EAFE ETF,31/08/21,Australia — 7.5%,Goodman Group,"4,06,936","68,73,197",,
ESGD,ESG Aware MSCI EAFE ETF,31/08/21,Australia — 7.5%,GPT Group (The),"19,39,520","68,66,399",,
ESGD,ESG Aware MSCI EAFE ETF,31/08/21,Australia — 7.5%,Insurance Australia Group Ltd.,"17,01,586","64,97,442",,
ESGD,ESG Aware MSCI EAFE ETF,31/08/21,Australia — 7.5%,Lendlease Corp. Ltd.,"7,71,064","66,99,859",,
ESGD,ESG Aware MSCI EAFE ETF,31/08/21,Australia — 7.5%,Macquarie Group Ltd.,"1,46,052","1,77,26,411",,
ESGD,ESG Aware MSCI EAFE ETF,31/08/21,Australia — 7.5%,Mirvac Group,"43,34,159","98,70,554",,
ESGD,ESG Aware MSCI EAFE ETF,31/08/21,Australia — 7.5%,National Australia Bank Ltd.,"9,80,383","1,97,65,636",,
ESGD,ESG Aware MSCI EAFE ETF,31/08/21,Australia — 7.5%,Newcrest Mining Ltd.,"4,25,433","76,81,099",,
ESGD,ESG Aware MSCI EAFE ETF,31/08/21,Australia — 7.5%,Northern Star Resources Ltd.,"9,67,747","68,84,490",,
ESGD,ESG Aware MSCI EAFE ETF,31/08/21,Australia — 7.5%,QBE Insurance Group Ltd.,"7,52,991","64,79,696",,
ESGD,ESG Aware MSCI EAFE ETF,31/08/21,Australia — 7.5%,Ramsay Health Care Ltd.,"1,40,594","70,59,618",,
ESGD,ESG Aware MSCI EAFE ETF,31/08/21,Australia — 7.5%,Rio Tinto Ltd.,"1,93,779","1,57,66,847",,
ESGD,ESG Aware MSCI EAFE ETF,31/08/21,Australia — 7.5%,Rio Tinto PLC,"5,04,278","3,73,08,616",,
ESGD,ESG Aware MSCI EAFE ETF,31/08/21,Australia — 7.5%,Seek Ltd.,"2,91,682","69,09,366",,
ESGD,ESG Aware MSCI EAFE ETF,31/08/21,Australia — 7.5%,Stockland,"20,89,127","70,40,129",,
ESGD,ESG Aware MSCI EAFE ETF,31/08/21,Australia — 7.5%,Sydney Airport (a),"14,89,129","86,44,613",,
ESGD,ESG Aware MSCI EAFE ETF,31/08/21,Australia — 7.5%,Tabcorp Holdings Ltd.,"18,61,034","64,81,787",,
ESGD,ESG Aware MSCI EAFE ETF,31/08/21,Australia — 7.5%,Transurban Group,"15,41,242","1,59,52,268",,
ESGD,ESG Aware MSCI EAFE ETF,31/08/21,Australia — 7.5%,Wesfarmers Ltd.,"4,08,265","1,78,31,572",,
ESGD,ESG Aware MSCI EAFE ETF,31/08/21,Australia — 7.5%,Westpac Banking Corp.,"12,31,951","2,31,77,350",,
ESGD,ESG Aware MSCI EAFE ETF,31/08/21,Australia — 7.5%,Woodside Petroleum Ltd.,"11,48,394","1,62,38,871",,
ESGD,ESG Aware MSCI EAFE ETF,31/08/21,Australia — 7.5%,Woolworths Group Ltd.,"3,39,512","1,03,34,727","50,18,34,424",
ESGD,ESG Aware MSCI EAFE ETF,31/08/21,Austria — 0.4%,Erste Group Bank AG,"1,67,453","66,86,263",,
ESGD,ESG Aware MSCI EAFE ETF,31/08/21,Austria — 0.4%,OMV AG,"2,65,331","1,46,96,878",,
ESGD,ESG Aware MSCI EAFE ETF,31/08/21,Austria — 0.4%,voestalpine AG,"1,49,435","67,83,595","2,81,66,736",
ESGD,ESG Aware MSCI EAFE ETF,31/08/21,Belgium — 0.8%,Anheuser-Busch InBev SA/NV,"3,33,662","2,04,64,229",,
ESGD,ESG Aware MSCI EAFE ETF,31/08/21,Belgium — 0.8%,KBC Group NV,"1,66,289","1,39,74,925",,
ESGD,ESG Aware MSCI EAFE ETF,31/08/21,Belgium — 0.8%,Solvay SA,"50,538","66,14,960",,
ESGD,ESG Aware MSCI EAFE ETF,31/08/21,Belgium — 0.8%,UCB SA,"56,361","64,48,203",,
ESGD,ESG Aware MSCI EAFE ETF,31/08/21,Belgium — 0.8%,Umicore SA,"1,30,957","86,17,232","5,61,19,549",
ESGD,ESG Aware MSCI EAFE ETF,31/08/21,Denmark — 3.0%,"AP Moller - Maersk A/S, Class A","3,734","1,01,18,878",,
ESGD,ESG Aware MSCI EAFE ETF,31/08/21,Denmark — 3.0%,"Carlsberg A/S, Class B","87,024","1,52,00,046",,
ESGD,ESG Aware MSCI EAFE ETF,31/08/21,Denmark — 3.0%,Chr Hansen Holding A/S,"74,545","68,79,038",,
ESGD,ESG Aware MSCI EAFE ETF,31/08/21,Denmark — 3.0%,"Coloplast A/S, Class B","49,520","85,79,756",,
ESGD,ESG Aware MSCI EAFE ETF,31/08/21,Denmark — 3.0%,DSV Panalpina A/S,"63,825","1,62,57,620",,
ESGD,ESG Aware MSCI EAFE ETF,31/08/21,Denmark — 3.0%,Genmab A/S (a),"26,824","1,27,07,409",,
ESGD,ESG Aware MSCI EAFE ETF,31/08/21,Denmark — 3.0%,GN Store Nord A/S,"87,727","66,03,639",,
ESGD,ESG Aware MSCI EAFE ETF,31/08/21,Denmark — 3.0%,"Novo Nordisk A/S, Class B","7,69,021","7,69,86,606",,
ESGD,ESG Aware MSCI EAFE ETF,31/08/21,Denmark — 3.0%,"Novozymes A/S, Class B","97,172","78,55,102",,
ESGD,ESG Aware MSCI EAFE ETF,31/08/21,Denmark — 3.0%,Orsted A/S (b),"94,050","1,49,52,494",,
ESGD,ESG Aware MSCI EAFE ETF,31/08/21,Denmark — 3.0%,Pandora A/S,"53,082","63,62,627",,
ESGD,ESG Aware MSCI EAFE ETF,31/08/21,Denmark — 3.0%,Vestas Wind Systems A/S,"4,84,556","1,95,64,731","20,20,67,946",
ESGD,ESG Aware MSCI EAFE ETF,31/08/21,Finland — 1.2%,Elisa OYJ,"1,00,803","64,60,531",,
ESGD,ESG Aware MSCI EAFE ETF,31/08/21,Finland — 1.2%,"Kesko OYJ, Class B","2,43,702","1,00,84,269",,
ESGD,ESG Aware MSCI EAFE ETF,31/08/21,Finland — 1.2%,Neste OYJ,"2,58,454","1,57,42,931",,
ESGD,ESG Aware MSCI EAFE ETF,31/08/21,Finland — 1.2%,Nokia OYJ (a),"22,64,903","1,36,05,568",,
ESGD,ESG Aware MSCI EAFE ETF,31/08/21,Finland — 1.2%,Nordea Bank Abp,"6,65,420","78,15,387",,
ESGD,ESG Aware MSCI EAFE ETF,31/08/21,Finland — 1.2%,"Orion OYJ, Class B","1,61,126","65,72,347",,
ESGD,ESG Aware MSCI EAFE ETF,31/08/21,Finland — 1.2%,UPM-Kymmene OYJ,"3,94,378","1,60,66,395",,
ESGD,ESG Aware MSCI EAFE ETF,31/08/21,Finland — 1.2%,Wartsila OYJ Abp,"4,99,414","70,84,768","8,34,32,196",
ESGD,ESG Aware MSCI EAFE ETF,31/08/21,France — 10.7%,Air Liquide SA,"1,02,497","1,83,71,804",,
ESGD,ESG Aware MSCI EAFE ETF,31/08/21,France — 10.7%,Airbus SE (a),"1,64,835","2,25,48,795",,
ESGD,ESG Aware MSCI EAFE ETF,31/08/21,France — 10.7%,Alstom SA,"1,52,298","65,47,772",,
ESGD,ESG Aware MSCI EAFE ETF,31/08/21,France — 10.7%,Amundi SA (b),"71,285","67,46,634",,
ESGD,ESG Aware MSCI EAFE ETF,31/08/21,France — 10.7%,Atos SE,"1,30,437","67,81,607",,
ESGD,ESG Aware MSCI EAFE ETF,31/08/21,France — 10.7%,AXA SA,"11,81,636","3,31,96,281",,
ESGD,ESG Aware MSCI EAFE ETF,31/08/21,France — 10.7%,BNP Paribas SA,"4,39,354","2,78,33,013",,
ESGD,ESG Aware MSCI EAFE ETF,31/08/21,France — 10.7%,Bouygues SA,"1,63,702","68,54,813",,
ESGD,ESG Aware MSCI EAFE ETF,31/08/21,France — 10.7%,Capgemini SE,"66,187","1,48,77,999",,
ESGD,ESG Aware MSCI EAFE ETF,31/08/21,France — 10.7%,Carrefour SA,"3,28,535","65,40,508",,
ESGD,ESG Aware MSCI EAFE ETF,31/08/21,France — 10.7%,Cie. de Saint-Gobain,"1,69,449","1,22,83,856",,
ESGD,ESG Aware MSCI EAFE ETF,31/08/21,France — 10.7%,Cie. Generale des Etablissements Michelin SCA,"1,07,947","1,74,76,184",,
ESGD,ESG Aware MSCI EAFE ETF,31/08/21,France — 10.7%,CNP Assurances,"3,87,691","66,43,053",,
ESGD,ESG Aware MSCI EAFE ETF,31/08/21,France — 10.7%,Covivio,"59,519","56,58,711",,
ESGD,ESG Aware MSCI EAFE ETF,31/08/21,France — 10.7%,Danone SA,"3,34,440","2,44,22,742",,
ESGD,ESG Aware MSCI EAFE ETF,31/08/21,France — 10.7%,Dassault Systemes SE,"3,29,925","1,88,43,997",,
ESGD,ESG Aware MSCI EAFE ETF,31/08/21,France — 10.7%,Edenred,"1,17,961","66,90,688",,
ESGD,ESG Aware MSCI EAFE ETF,31/08/21,France — 10.7%,Eiffage SA,"65,873","68,54,004",,
ESGD,ESG Aware MSCI EAFE ETF,31/08/21,France — 10.7%,Engie SA,"4,61,120","66,07,754",,
ESGD,ESG Aware MSCI EAFE ETF,31/08/21,France — 10.7%,EssilorLuxottica SA,"98,049","1,92,65,650",,
ESGD,ESG Aware MSCI EAFE ETF,31/08/21,France — 10.7%,Gecina SA,"68,771","1,06,90,289",,
ESGD,ESG Aware MSCI EAFE ETF,31/08/21,France — 10.7%,Hermes International,"4,619","67,98,282",,
ESGD,ESG Aware MSCI EAFE ETF,31/08/21,France — 10.7%,Kering SA,"31,423","2,50,29,066",,
ESGD,ESG Aware MSCI EAFE ETF,31/08/21,France — 10.7%,Klepierre SA,"2,63,541","64,41,346",,
ESGD,ESG Aware MSCI EAFE ETF,31/08/21,France — 10.7%,Legrand SA,"86,528","99,27,727",,
ESGD,ESG Aware MSCI EAFE ETF,31/08/21,France — 10.7%,L’Oreal SA,"1,25,367","5,88,14,566",,
ESGD,ESG Aware MSCI EAFE ETF,31/08/21,France — 10.7%,LVMH Moet Hennessy Louis Vuitton SE,"98,435","7,29,21,638",,
ESGD,ESG Aware MSCI EAFE ETF,31/08/21,France — 10.7%,Pernod Ricard SA,"90,120","1,89,70,970",,
ESGD,ESG Aware MSCI EAFE ETF,31/08/21,France — 10.7%,Publicis Groupe SA,"1,04,701","68,73,627",,
ESGD,ESG Aware MSCI EAFE ETF,31/08/21,France — 10.7%,Safran SA,"1,31,115","1,64,47,799",,
ESGD,ESG Aware MSCI EAFE ETF,31/08/21,France — 10.7%,Sanofi,"2,73,507","2,83,45,886",,
ESGD,ESG Aware MSCI EAFE ETF,31/08/21,France — 10.7%,Schneider Electric SE,"2,66,735","4,76,56,604",,
ESGD,ESG Aware MSCI EAFE ETF,31/08/21,France — 10.7%,Societe Generale SA,"5,50,967","1,73,41,196",,
ESGD,ESG Aware MSCI EAFE ETF,31/08/21,France — 10.7%,Teleperformance,"29,606","1,30,97,266",,
ESGD,ESG Aware MSCI EAFE ETF,31/08/21,France — 10.7%,Thales SA,"67,849","68,91,257",,
ESGD,ESG Aware MSCI EAFE ETF,31/08/21,France — 10.7%,TotalEnergies SE,"10,81,745","4,78,48,409",,
ESGD,ESG Aware MSCI EAFE ETF,31/08/21,France — 10.7%,Unibail-Rodamco-Westfield (a),"77,915","68,27,671",,
ESGD,ESG Aware MSCI EAFE ETF,31/08/21,France — 10.7%,Valeo,"2,50,964","71,63,155",,
ESGD,ESG Aware MSCI EAFE ETF,31/08/21,France — 10.7%,Vinci SA,"1,13,683","1,21,97,216",,
ESGD,ESG Aware MSCI EAFE ETF,31/08/21,France — 10.7%,Vivendi SE,"3,33,904","1,27,18,924",,
ESGD,ESG Aware MSCI EAFE ETF,31/08/21,France — 10.7%,Worldline SA (a)(b),"90,568","80,64,444","71,61,13,203",
ESGD,ESG Aware MSCI EAFE ETF,31/08/21,Germany — 8.6%,adidas AG,"89,801","3,18,56,881",,
ESGD,ESG Aware MSCI EAFE ETF,31/08/21,Germany — 8.6%,"Allianz SE, Registered","2,13,730","5,01,75,632",,
ESGD,ESG Aware MSCI EAFE ETF,31/08/21,Germany — 8.6%,BASF SE,"3,56,851","2,76,05,712",,
ESGD,ESG Aware MSCI EAFE ETF,31/08/21,Germany — 8.6%,Bayerische Motoren Werke AG,"1,76,615","1,67,64,073",,
ESGD,ESG Aware MSCI EAFE ETF,31/08/21,Germany — 8.6%,Beiersdorf AG,"56,421","68,47,483",,
ESGD,ESG Aware MSCI EAFE ETF,31/08/21,Germany — 8.6%,Brenntag SE,"74,400","75,08,323",,
ESGD,ESG Aware MSCI EAFE ETF,31/08/21,Germany — 8.6%,Commerzbank AG (a),"10,67,197","66,78,945",,
ESGD,ESG Aware MSCI EAFE ETF,31/08/21,Germany — 8.6%,Continental AG (a),"9,867","13,26,003",,
ESGD,ESG Aware MSCI EAFE ETF,31/08/21,Germany — 8.6%,"Daimler AG, Registered","2,71,278","2,28,83,588",,
ESGD,ESG Aware MSCI EAFE ETF,31/08/21,Germany — 8.6%,Delivery Hero SE (a)(b),"64,088","93,01,139",,
ESGD,ESG Aware MSCI EAFE ETF,31/08/21,Germany — 8.6%,"Deutsche Bank AG, Registered (a)","8,10,068","1,00,17,382",,
ESGD,ESG Aware MSCI EAFE ETF,31/08/21,Germany — 8.6%,Deutsche Boerse AG,"1,20,127","2,07,16,733",,
ESGD,ESG Aware MSCI EAFE ETF,31/08/21,Germany — 8.6%,"Deutsche Post AG, Registered","4,46,178","3,13,70,366",,
ESGD,ESG Aware MSCI EAFE ETF,31/08/21,Germany — 8.6%,"Deutsche Telekom AG, Registered","5,26,419","1,11,93,380",,
ESGD,ESG Aware MSCI EAFE ETF,31/08/21,Germany — 8.6%,Deutsche Wohnen SE,"1,35,900","84,35,733",,
ESGD,ESG Aware MSCI EAFE ETF,31/08/21,Germany — 8.6%,E.ON SE,"11,81,722","1,55,91,118",,
ESGD,ESG Aware MSCI EAFE ETF,31/08/21,Germany — 8.6%,Fresenius SE & Co. KGaA,"1,20,416","62,60,817",,
ESGD,ESG Aware MSCI EAFE ETF,31/08/21,Germany — 8.6%,HeidelbergCement AG,"94,737","82,16,206",,
ESGD,ESG Aware MSCI EAFE ETF,31/08/21,Germany — 8.6%,HelloFresh SE (a),"66,066","71,33,003",,
ESGD,ESG Aware MSCI EAFE ETF,31/08/21,Germany — 8.6%,Henkel AG & Co. KGaA,"75,897","68,31,098",,
ESGD,ESG Aware MSCI EAFE ETF,31/08/21,Germany — 8.6%,Infineon Technologies AG,"5,85,824","2,49,43,074",,
ESGD,ESG Aware MSCI EAFE ETF,31/08/21,Germany — 8.6%,LEG Immobilien SE,"42,590","67,93,444",,
ESGD,ESG Aware MSCI EAFE ETF,31/08/21,Germany — 8.6%,Merck KGaA,"95,218","2,26,23,481",,
ESGD,ESG Aware MSCI EAFE ETF,31/08/21,Germany — 8.6%,MTU Aero Engines AG,"34,445","79,05,023",,
ESGD,ESG Aware MSCI EAFE ETF,31/08/21,Germany — 8.6%,"Muenchener Rueckversicherungs-Gesellschaft AG in Muenchen, Registered","60,745","1,77,29,549",,
ESGD,ESG Aware MSCI EAFE ETF,31/08/21,Germany — 8.6%,Puma SE,"97,497","1,18,37,576",,
ESGD,ESG Aware MSCI EAFE ETF,31/08/21,Germany — 8.6%,SAP SE,"4,95,644","7,44,50,659",,
ESGD,ESG Aware MSCI EAFE ETF,31/08/21,Germany — 8.6%,"Siemens AG, Registered","3,14,127","5,21,12,032",,
ESGD,ESG Aware MSCI EAFE ETF,31/08/21,Germany — 8.6%,Symrise AG,"44,821","63,78,473",,
ESGD,ESG Aware MSCI EAFE ETF,31/08/21,Germany — 8.6%,TeamViewer AG (a)(b),"2,00,902","66,93,358",,
ESGD,ESG Aware MSCI EAFE ETF,31/08/21,Germany — 8.6%,Telefonica Deutschland Holding AG,"22,82,341","64,06,812",,
ESGD,ESG Aware MSCI EAFE ETF,31/08/21,Germany — 8.6%,Volkswagen AG,"20,574","68,83,899",,
ESGD,ESG Aware MSCI EAFE ETF,31/08/21,Germany — 8.6%,Vonovia SE,"1,42,367","96,11,319",,
ESGD,ESG Aware MSCI EAFE ETF,31/08/21,Germany — 8.6%,Zalando SE (a)(b),"1,06,106","1,17,64,480","57,28,46,794",
ESGD,ESG Aware MSCI EAFE ETF,31/08/21,Hong Kong — 2.8%,AIA Group Ltd.,"49,23,400","5,87,88,964",,
ESGD,ESG Aware MSCI EAFE ETF,31/08/21,Hong Kong — 2.8%,BOC Hong Kong Holdings Ltd.,"42,61,000","1,28,94,519",,
ESGD,ESG Aware MSCI EAFE ETF,31/08/21,Hong Kong — 2.8%,Hang Seng Bank Ltd.,"6,35,800","1,13,66,431",,
ESGD,ESG Aware MSCI EAFE ETF,31/08/21,Hong Kong — 2.8%,Hong Kong Exchanges & Clearing Ltd.,"5,05,600","3,19,40,799",,
ESGD,ESG Aware MSCI EAFE ETF,31/08/21,Hong Kong — 2.8%,MTR Corp. Ltd. (c),"31,61,000","1,77,95,056",,
ESGD,ESG Aware MSCI EAFE ETF,31/08/21,Hong Kong — 2.8%,Sands China Ltd. (a),"37,02,400","1,18,94,326",,
ESGD,ESG Aware MSCI EAFE ETF,31/08/21,Hong Kong — 2.8%,Sun Hung Kai Properties Ltd.,"6,68,500","94,28,506",,
ESGD,ESG Aware MSCI EAFE ETF,31/08/21,Hong Kong — 2.8%,"Swire Pacific Ltd., Class A","14,04,000","95,04,837",,
ESGD,ESG Aware MSCI EAFE ETF,31/08/21,Hong Kong — 2.8%,Swire Properties Ltd.,"41,83,400","1,13,06,551",,
ESGD,ESG Aware MSCI EAFE ETF,31/08/21,Hong Kong — 2.8%,Techtronic Industries Co. Ltd.,"4,73,000","1,04,68,540","18,53,88,529",
ESGD,ESG Aware MSCI EAFE ETF,31/08/21,Ireland — 0.9%,CRH PLC,"4,45,846","2,36,19,108",,
ESGD,ESG Aware MSCI EAFE ETF,31/08/21,Ireland — 0.9%,"Flutter Entertainment PLC, Class DI (a)","61,487","1,19,53,399",,
ESGD,ESG Aware MSCI EAFE ETF,31/08/21,Ireland — 0.9%,"Kerry Group PLC, Class A","1,00,605","1,47,53,644",,
ESGD,ESG Aware MSCI EAFE ETF,31/08/21,Ireland — 0.9%,Kingspan Group PLC,"64,336","73,46,856","5,76,73,007",
ESGD,ESG Aware MSCI EAFE ETF,31/08/21,Israel — 0.6%,Bank Hapoalim BM,"10,20,957","87,82,916",,
ESGD,ESG Aware MSCI EAFE ETF,31/08/21,Israel — 0.6%,Bank Leumi Le-Israel BM,"7,78,179","64,28,702",,
ESGD,ESG Aware MSCI EAFE ETF,31/08/21,Israel — 0.6%,CyberArk Software Ltd. (a)(c),"42,140","70,76,991",,
ESGD,ESG Aware MSCI EAFE ETF,31/08/21,Israel — 0.6%,Isracard Ltd.,1,5,,
ESGD,ESG Aware MSCI EAFE ETF,31/08/21,Israel — 0.6%,Nice Ltd. (a),"23,387","68,22,606",,
ESGD,ESG Aware MSCI EAFE ETF,31/08/21,Israel — 0.6%,Wix.com Ltd. (a)(c),"39,187","87,02,649","3,78,13,869",
ESGD,ESG Aware MSCI EAFE ETF,31/08/21,Italy — 2.2%,Amplifon SpA,"1,30,397","68,20,724",,
ESGD,ESG Aware MSCI EAFE ETF,31/08/21,Italy — 2.2%,Assicurazioni Generali SpA,"5,29,158","1,07,95,374",,
ESGD,ESG Aware MSCI EAFE ETF,31/08/21,Italy — 2.2%,CNH Industrial NV,"6,55,024","1,08,28,095",,
ESGD,ESG Aware MSCI EAFE ETF,31/08/21,Italy — 2.2%,Enel SpA,"44,93,275","4,09,35,703",,
ESGD,ESG Aware MSCI EAFE ETF,31/08/21,Italy — 2.2%,Eni SpA,"13,67,883","1,68,76,381",,
ESGD,ESG Aware MSCI EAFE ETF,31/08/21,Italy — 2.2%,Intesa Sanpaolo SpA,"1,32,77,965","3,75,74,716",,
ESGD,ESG Aware MSCI EAFE ETF,31/08/21,Italy — 2.2%,Snam SpA,"10,53,688","62,30,040",,
ESGD,ESG Aware MSCI EAFE ETF,31/08/21,Italy — 2.2%,Terna - Rete Elettrica Nazionale,"8,59,414","67,98,016",,
ESGD,ESG Aware MSCI EAFE ETF,31/08/21,Italy — 2.2%,UniCredit SpA,"5,55,930","69,31,898","14,37,90,947",
ESGD,ESG Aware MSCI EAFE ETF,31/08/21,Japan — 22.5%,Advantest Corp.,"82,500","71,07,508",,
ESGD,ESG Aware MSCI EAFE ETF,31/08/21,Japan — 22.5%,Aeon Co. Ltd.,"4,03,700","1,06,87,114",,
ESGD,ESG Aware MSCI EAFE ETF,31/08/21,Japan — 22.5%,Ajinomoto Co. Inc.,"2,49,300","73,48,457",,
ESGD,ESG Aware MSCI EAFE ETF,31/08/21,Japan — 22.5%,Asahi Group Holdings Ltd.,"2,18,900","1,01,75,483",,
ESGD,ESG Aware MSCI EAFE ETF,31/08/21,Japan — 22.5%,Asahi Kasei Corp.,"10,63,800","1,09,67,859",,
ESGD,ESG Aware MSCI EAFE ETF,31/08/21,Japan — 22.5%,Astellas Pharma Inc.,"10,38,100","1,74,91,891",,
ESGD,ESG Aware MSCI EAFE ETF,31/08/21,Japan — 22.5%,Azbil Corp.,"2,08,900","90,58,735",,
ESGD,ESG Aware MSCI EAFE ETF,31/08/21,Japan — 22.5%,Bridgestone Corp.,"2,36,300","1,08,77,747",,
ESGD,ESG Aware MSCI EAFE ETF,31/08/21,Japan — 22.5%,Canon Inc.,"2,81,200","66,90,346",,
ESGD,ESG Aware MSCI EAFE ETF,31/08/21,Japan — 22.5%,Central Japan Railway Co.,"46,600","68,20,834",,
ESGD,ESG Aware MSCI EAFE ETF,31/08/21,Japan — 22.5%,Chugai Pharmaceutical Co. Ltd.,"3,34,700","1,30,77,710",,
ESGD,ESG Aware MSCI EAFE ETF,31/08/21,Japan — 22.5%,Dai Nippon Printing Co. Ltd.,"2,94,300","69,92,499",,
ESGD,ESG Aware MSCI EAFE ETF,31/08/21,Japan — 22.5%,Dai-ichi Life Holdings Inc.,"4,11,500","81,42,459",,
ESGD,ESG Aware MSCI EAFE ETF,31/08/21,Japan — 22.5%,Daiichi Sankyo Co. Ltd.,"8,14,100","1,93,36,843",,
ESGD,ESG Aware MSCI EAFE ETF,31/08/21,Japan — 22.5%,Daikin Industries Ltd.,"1,13,900","2,84,23,351",,
ESGD,ESG Aware MSCI EAFE ETF,31/08/21,Japan — 22.5%,Daiwa House Industry Co. Ltd.,"2,17,300","66,26,289",,
ESGD,ESG Aware MSCI EAFE ETF,31/08/21,Japan — 22.5%,Daiwa Securities Group Inc.,"12,30,500","69,60,954",,
ESGD,ESG Aware MSCI EAFE ETF,31/08/21,Japan — 22.5%,Denso Corp.,"2,43,700","1,70,57,289",,
ESGD,ESG Aware MSCI EAFE ETF,31/08/21,Japan — 22.5%,East Japan Railway Co.,"1,77,000","1,18,96,918",,
ESGD,ESG Aware MSCI EAFE ETF,31/08/21,Japan — 22.5%,Eisai Co. Ltd.,"1,45,000","1,19,58,111",,
ESGD,ESG Aware MSCI EAFE ETF,31/08/21,Japan — 22.5%,ENEOS Holdings Inc.,"25,50,900","98,59,016",,
ESGD,ESG Aware MSCI EAFE ETF,31/08/21,Japan — 22.5%,Fanuc Corp.,"59,000","1,28,53,799",,
ESGD,ESG Aware MSCI EAFE ETF,31/08/21,Japan — 22.5%,Fast Retailing Co. Ltd.,"24,300","1,60,05,873",,
ESGD,ESG Aware MSCI EAFE ETF,31/08/21,Japan — 22.5%,FUJIFILM Holdings Corp.,"1,73,600","1,42,85,921",,
ESGD,ESG Aware MSCI EAFE ETF,31/08/21,Japan — 22.5%,Fujitsu Ltd.,"1,22,300","2,25,13,822",,
ESGD,ESG Aware MSCI EAFE ETF,31/08/21,Japan — 22.5%,Hankyu Hanshin Holdings Inc.,"2,38,700","71,42,984",,
ESGD,ESG Aware MSCI EAFE ETF,31/08/21,Japan — 22.5%,Hitachi Construction Machinery Co. Ltd.,"2,36,100","67,64,083",,
ESGD,ESG Aware MSCI EAFE ETF,31/08/21,Japan — 22.5%,Hitachi Ltd.,"4,13,000","2,28,25,065",,
ESGD,ESG Aware MSCI EAFE ETF,31/08/21,Japan — 22.5%,Honda Motor Co. Ltd.,"5,70,600","1,72,70,131",,
ESGD,ESG Aware MSCI EAFE ETF,31/08/21,Japan — 22.5%,Hoya Corp.,"1,44,400","2,33,18,299",,
ESGD,ESG Aware MSCI EAFE ETF,31/08/21,Japan — 22.5%,Ibiden Co. Ltd.,"1,58,700","85,39,061",,
ESGD,ESG Aware MSCI EAFE ETF,31/08/21,Japan — 22.5%,Idemitsu Kosan Co. Ltd.,"2,77,800","66,53,467",,
ESGD,ESG Aware MSCI EAFE ETF,31/08/21,Japan — 22.5%,Inpex Corp.,"13,89,300","95,45,729",,
ESGD,ESG Aware MSCI EAFE ETF,31/08/21,Japan — 22.5%,Itochu Corp.,"12,03,900","3,62,14,659",,
ESGD,ESG Aware MSCI EAFE ETF,31/08/21,Japan — 22.5%,JFE Holdings Inc.,"4,69,500","76,15,228",,
ESGD,ESG Aware MSCI EAFE ETF,31/08/21,Japan — 22.5%,Kao Corp.,"2,13,900","1,29,20,963",,
ESGD,ESG Aware MSCI EAFE ETF,31/08/21,Japan — 22.5%,KDDI Corp.,"10,58,500","3,23,53,452",,
ESGD,ESG Aware MSCI EAFE ETF,31/08/21,Japan — 22.5%,Keio Corp.,"1,20,400","64,78,683",,
ESGD,ESG Aware MSCI EAFE ETF,31/08/21,Japan — 22.5%,Keyence Corp.,"63,400","3,80,61,103",,
ESGD,ESG Aware MSCI EAFE ETF,31/08/21,Japan — 22.5%,Kikkoman Corp.,"1,02,000","76,57,662",,
ESGD,ESG Aware MSCI EAFE ETF,31/08/21,Japan — 22.5%,Kirin Holdings Co. Ltd.,"3,92,700","71,14,442",,
ESGD,ESG Aware MSCI EAFE ETF,31/08/21,Japan — 22.5%,Komatsu Ltd.,"6,19,200","1,50,60,623",,
ESGD,ESG Aware MSCI EAFE ETF,31/08/21,Japan — 22.5%,Kubota Corp.,"4,54,000","93,80,392",,
ESGD,ESG Aware MSCI EAFE ETF,31/08/21,Japan — 22.5%,Kurita Water Industries Ltd.,"1,51,600","71,10,242",,
ESGD,ESG Aware MSCI EAFE ETF,31/08/21,Japan — 22.5%,Kyocera Corp.,"1,61,000","1,00,08,890",,
ESGD,ESG Aware MSCI EAFE ETF,31/08/21,Japan — 22.5%,Kyowa Kirin Co. Ltd.,"2,00,000","65,44,152",,
ESGD,ESG Aware MSCI EAFE ETF,31/08/21,Japan — 22.5%,Lawson Inc.,"1,26,600","60,88,984",,
ESGD,ESG Aware MSCI EAFE ETF,31/08/21,Japan — 22.5%,Lixil Corp.,"2,38,400","69,37,849",,
ESGD,ESG Aware MSCI EAFE ETF,31/08/21,Japan — 22.5%,M3 Inc.,"1,03,900","69,68,309",,
ESGD,ESG Aware MSCI EAFE ETF,31/08/21,Japan — 22.5%,Marubeni Corp.,"8,18,100","65,09,059",,
ESGD,ESG Aware MSCI EAFE ETF,31/08/21,Japan — 22.5%,Mazda Motor Corp. (a),"7,38,800","64,13,387",,
ESGD,ESG Aware MSCI EAFE ETF,31/08/21,Japan — 22.5%,Mitsubishi Chemical Holdings Corp.,"7,88,700","69,24,832",,
ESGD,ESG Aware MSCI EAFE ETF,31/08/21,Japan — 22.5%,Mitsubishi Corp.,"2,70,500","81,40,012",,
ESGD,ESG Aware MSCI EAFE ETF,31/08/21,Japan — 22.5%,Mitsubishi Electric Corp.,"4,97,500","68,01,373",,
ESGD,ESG Aware MSCI EAFE ETF,31/08/21,Japan — 22.5%,Mitsubishi Heavy Industries Ltd.,"2,51,200","66,36,420",,
ESGD,ESG Aware MSCI EAFE ETF,31/08/21,Japan — 22.5%,Mitsubishi UFJ Financial Group Inc.,"29,08,500","1,57,79,894",,
ESGD,ESG Aware MSCI EAFE ETF,31/08/21,Japan — 22.5%,Mitsui Chemicals Inc.,"1,92,400","66,42,110",,
ESGD,ESG Aware MSCI EAFE ETF,31/08/21,Japan — 22.5%,Mitsui Fudosan Co. Ltd.,"3,96,900","91,08,049",,
ESGD,ESG Aware MSCI EAFE ETF,31/08/21,Japan — 22.5%,Miura Co. Ltd.,"1,49,200","66,98,297",,
ESGD,ESG Aware MSCI EAFE ETF,31/08/21,Japan — 22.5%,Mizuho Financial Group Inc.,"9,18,900","1,28,75,467",,
ESGD,ESG Aware MSCI EAFE ETF,31/08/21,Japan — 22.5%,MS&AD Insurance Group Holdings Inc.,"3,39,700","1,09,95,705",,
ESGD,ESG Aware MSCI EAFE ETF,31/08/21,Japan — 22.5%,Murata Manufacturing Co. Ltd.,"2,21,300","1,82,43,481",,
ESGD,ESG Aware MSCI EAFE ETF,31/08/21,Japan — 22.5%,Nabtesco Corp.,"1,64,900","65,21,023",,
ESGD,ESG Aware MSCI EAFE ETF,31/08/21,Japan — 22.5%,NEC Corp.,"1,31,900","69,22,531",,
ESGD,ESG Aware MSCI EAFE ETF,31/08/21,Japan — 22.5%,Nidec Corp.,"1,32,500","1,51,35,302",,
ESGD,ESG Aware MSCI EAFE ETF,31/08/21,Japan — 22.5%,Nintendo Co. Ltd.,"43,308","2,08,06,858",,
ESGD,ESG Aware MSCI EAFE ETF,31/08/21,Japan — 22.5%,Nippon Building Fund Inc.,"1,004","65,19,910",,
ESGD,ESG Aware MSCI EAFE ETF,31/08/21,Japan — 22.5%,Nippon Express Co. Ltd.,"99,700","67,79,267",,
ESGD,ESG Aware MSCI EAFE ETF,31/08/21,Japan — 22.5%,Nippon Paint Holdings Co. Ltd.,"5,15,400","64,00,859",,
ESGD,ESG Aware MSCI EAFE ETF,31/08/21,Japan — 22.5%,Nippon Steel Corp.,"3,66,900","74,98,736",,
ESGD,ESG Aware MSCI EAFE ETF,31/08/21,Japan — 22.5%,Nippon Telegraph & Telephone Corp.,"5,04,200","1,34,33,291",,
ESGD,ESG Aware MSCI EAFE ETF,31/08/21,Japan — 22.5%,Nippon Yusen KK,"1,22,200","98,26,696",,
ESGD,ESG Aware MSCI EAFE ETF,31/08/21,Japan — 22.5%,Nitto Denko Corp.,"89,500","67,89,545",,
ESGD,ESG Aware MSCI EAFE ETF,31/08/21,Japan — 22.5%,Nomura Holdings Inc.,"19,43,600","93,86,113",,
ESGD,ESG Aware MSCI EAFE ETF,31/08/21,Japan — 22.5%,Nomura Research Institute Ltd.,"2,74,500","1,02,93,846",,
ESGD,ESG Aware MSCI EAFE ETF,31/08/21,Japan — 22.5%,NTT Data Corp.,"3,83,600","69,03,650",,
ESGD,ESG Aware MSCI EAFE ETF,31/08/21,Japan — 22.5%,Obayashi Corp.,"7,84,400","64,54,342",,
ESGD,ESG Aware MSCI EAFE ETF,31/08/21,Japan — 22.5%,Odakyu Electric Railway Co. Ltd.,"2,79,900","65,21,577",,
ESGD,ESG Aware MSCI EAFE ETF,31/08/21,Japan — 22.5%,Omron Corp.,"2,30,100","2,16,81,412",,
ESGD,ESG Aware MSCI EAFE ETF,31/08/21,Japan — 22.5%,Ono Pharmaceutical Co. Ltd.,"2,75,000","66,02,866",,
ESGD,ESG Aware MSCI EAFE ETF,31/08/21,Japan — 22.5%,Oriental Land Co. Ltd.,"79,900","1,20,88,533",,
ESGD,ESG Aware MSCI EAFE ETF,31/08/21,Japan — 22.5%,ORIX Corp.,"6,08,900","1,13,60,534",,
ESGD,ESG Aware MSCI EAFE ETF,31/08/21,Japan — 22.5%,Panasonic Corp.,"12,06,000","1,44,17,811",,
ESGD,ESG Aware MSCI EAFE ETF,31/08/21,Japan — 22.5%,Recruit Holdings Co. Ltd.,"5,18,600","3,05,36,282",,
ESGD,ESG Aware MSCI EAFE ETF,31/08/21,Japan — 22.5%,Resona Holdings Inc.,"20,85,400","80,64,540",,
ESGD,ESG Aware MSCI EAFE ETF,31/08/21,Japan — 22.5%,Rohm Co. Ltd.,"75,500","72,58,336",,
ESGD,ESG Aware MSCI EAFE ETF,31/08/21,Japan — 22.5%,Secom Co. Ltd.,"1,24,600","94,48,759",,
ESGD,ESG Aware MSCI EAFE ETF,31/08/21,Japan — 22.5%,Sekisui Chemical Co. Ltd.,"3,84,100","65,73,564",,
ESGD,ESG Aware MSCI EAFE ETF,31/08/21,Japan — 22.5%,Sekisui House Ltd.,"4,83,400","96,30,875",,
ESGD,ESG Aware MSCI EAFE ETF,31/08/21,Japan — 22.5%,Seven & i Holdings Co. Ltd.,"2,10,200","91,72,357",,
ESGD,ESG Aware MSCI EAFE ETF,31/08/21,Japan — 22.5%,SG Holdings Co. Ltd.,"2,52,400","68,52,036",,
ESGD,ESG Aware MSCI EAFE ETF,31/08/21,Japan — 22.5%,Shimadzu Corp.,"1,53,100","68,59,967",,
ESGD,ESG Aware MSCI EAFE ETF,31/08/21,Japan — 22.5%,Shimizu Corp.,"8,61,200","61,79,946",,
ESGD,ESG Aware MSCI EAFE ETF,31/08/21,Japan — 22.5%,Shin-Etsu Chemical Co. Ltd.,"97,400","1,60,87,346",,
ESGD,ESG Aware MSCI EAFE ETF,31/08/21,Japan — 22.5%,Shionogi & Co. Ltd.,"1,75,900","1,10,51,918",,
ESGD,ESG Aware MSCI EAFE ETF,31/08/21,Japan — 22.5%,Shiseido Co. Ltd.,"1,19,100","78,93,840",,
ESGD,ESG Aware MSCI EAFE ETF,31/08/21,Japan — 22.5%,Softbank Corp.,"14,36,200","1,92,20,425",,
ESGD,ESG Aware MSCI EAFE ETF,31/08/21,Japan — 22.5%,SoftBank Group Corp.,"4,36,900","2,46,20,959",,
ESGD,ESG Aware MSCI EAFE ETF,31/08/21,Japan — 22.5%,Sohgo Security Services Co. Ltd,"1,40,000","63,42,215",,
ESGD,ESG Aware MSCI EAFE ETF,31/08/21,Japan — 22.5%,Sompo Holdings Inc.,"2,42,200","1,06,46,552",,
ESGD,ESG Aware MSCI EAFE ETF,31/08/21,Japan — 22.5%,Sony Group Corp.,"5,89,900","6,09,92,924",,
ESGD,ESG Aware MSCI EAFE ETF,31/08/21,Japan — 22.5%,Stanley Electric Co. Ltd.,"2,52,700","63,06,206",,
ESGD,ESG Aware MSCI EAFE ETF,31/08/21,Japan — 22.5%,Sumitomo Chemical Co. Ltd.,"21,95,800","1,11,31,863",,
ESGD,ESG Aware MSCI EAFE ETF,31/08/21,Japan — 22.5%,Sumitomo Metal Mining Co. Ltd.,"2,28,300","87,48,677",,
ESGD,ESG Aware MSCI EAFE ETF,31/08/21,Japan — 22.5%,Sumitomo Mitsui Financial Group Inc.,"3,32,500","1,14,76,470",,
ESGD,ESG Aware MSCI EAFE ETF,31/08/21,Japan — 22.5%,Sumitomo Mitsui Trust Holdings Inc.,"2,95,300","96,45,441",,
ESGD,ESG Aware MSCI EAFE ETF,31/08/21,Japan — 22.5%,Sysmex Corp.,"1,37,900","1,56,71,825",,
ESGD,ESG Aware MSCI EAFE ETF,31/08/21,Japan — 22.5%,Takeda Pharmaceutical Co. Ltd.,"6,86,194","2,28,40,307",,
ESGD,ESG Aware MSCI EAFE ETF,31/08/21,Japan — 22.5%,TDK Corp.,"62,400","65,40,237",,
ESGD,ESG Aware MSCI EAFE ETF,31/08/21,Japan — 22.5%,Terumo Corp.,"2,71,500","1,13,29,891",,
ESGD,ESG Aware MSCI EAFE ETF,31/08/21,Japan — 22.5%,Tokio Marine Holdings Inc.,"2,03,000","99,32,649",,
ESGD,ESG Aware MSCI EAFE ETF,31/08/21,Japan — 22.5%,Tokyo Century Corp.,"1,25,000","71,47,746",,
ESGD,ESG Aware MSCI EAFE ETF,31/08/21,Japan — 22.5%,Tokyo Electron Ltd.,"70,300","3,01,12,551",,
ESGD,ESG Aware MSCI EAFE ETF,31/08/21,Japan — 22.5%,Tokyo Gas Co. Ltd.,"3,44,900","66,29,929",,
ESGD,ESG Aware MSCI EAFE ETF,31/08/21,Japan — 22.5%,Tokyu Corp.,"5,17,300","71,13,239",,
ESGD,ESG Aware MSCI EAFE ETF,31/08/21,Japan — 22.5%,Toray Industries Inc.,"12,02,600","81,08,791",,
ESGD,ESG Aware MSCI EAFE ETF,31/08/21,Japan — 22.5%,Toshiba Corp.,"1,59,100","69,00,922",,
ESGD,ESG Aware MSCI EAFE ETF,31/08/21,Japan — 22.5%,TOTO Ltd.,"1,19,000","64,76,480",,
ESGD,ESG Aware MSCI EAFE ETF,31/08/21,Japan — 22.5%,Toyota Motor Corp.,"8,16,300","7,10,94,291",,
ESGD,ESG Aware MSCI EAFE ETF,31/08/21,Japan — 22.5%,West Japan Railway Co.,"1,29,300","70,61,937",,
ESGD,ESG Aware MSCI EAFE ETF,31/08/21,Japan — 22.5%,Yamaha Corp.,"1,17,200","69,10,234",,
ESGD,ESG Aware MSCI EAFE ETF,31/08/21,Japan — 22.5%,Yamaha Motor Co. Ltd.,"3,60,400","91,69,192",,
ESGD,ESG Aware MSCI EAFE ETF,31/08/21,Japan — 22.5%,Yaskawa Electric Corp.,"1,50,100","73,26,248",,
ESGD,ESG Aware MSCI EAFE ETF,31/08/21,Japan — 22.5%,Yokogawa Electric Corp.,"4,19,600","65,63,890","1,50,75,75,925",
ESGD,ESG Aware MSCI EAFE ETF,31/08/21,Netherlands — 5.6%,Adyen NV (a)(b),"6,973","2,25,37,258",,
ESGD,ESG Aware MSCI EAFE ETF,31/08/21,Netherlands — 5.6%,Aegon NV,"13,33,924","65,86,570",,
ESGD,ESG Aware MSCI EAFE ETF,31/08/21,Netherlands — 5.6%,Akzo Nobel NV,"1,27,852","1,57,56,389",,
ESGD,ESG Aware MSCI EAFE ETF,31/08/21,Netherlands — 5.6%,ArcelorMittal SA,"2,00,700","67,31,474",,
ESGD,ESG Aware MSCI EAFE ETF,31/08/21,Netherlands — 5.6%,Argenx SE (a),"23,630","78,83,980",,
ESGD,ESG Aware MSCI EAFE ETF,31/08/21,Netherlands — 5.6%,ASM International NV,"18,160","70,45,947",,
ESGD,ESG Aware MSCI EAFE ETF,31/08/21,Netherlands — 5.6%,ASML Holding NV,"1,79,029","14,93,07,919",,
ESGD,ESG Aware MSCI EAFE ETF,31/08/21,Netherlands — 5.6%,Heineken NV,"1,32,205","1,44,79,357",,
ESGD,ESG Aware MSCI EAFE ETF,31/08/21,Netherlands — 5.6%,ING Groep NV,"16,01,804","2,20,95,887",,
ESGD,ESG Aware MSCI EAFE ETF,31/08/21,Netherlands — 5.6%,Just Eat Takeaway.com NV (a)(b),"68,290","61,86,198",,
ESGD,ESG Aware MSCI EAFE ETF,31/08/21,Netherlands — 5.6%,Koninklijke Ahold Delhaize NV,"2,82,925","95,45,167",,
ESGD,ESG Aware MSCI EAFE ETF,31/08/21,Netherlands — 5.6%,Koninklijke DSM NV,"95,675","2,03,68,930",,
ESGD,ESG Aware MSCI EAFE ETF,31/08/21,Netherlands — 5.6%,Koninklijke KPN NV,"24,63,276","78,90,779",,
ESGD,ESG Aware MSCI EAFE ETF,31/08/21,Netherlands — 5.6%,Koninklijke Vopak NV,"1,54,722","67,00,980",,
ESGD,ESG Aware MSCI EAFE ETF,31/08/21,Netherlands — 5.6%,NN Group NV,"1,30,839","67,86,978",,
ESGD,ESG Aware MSCI EAFE ETF,31/08/21,Netherlands — 5.6%,Prosus NV,"3,52,603","3,12,10,832",,
ESGD,ESG Aware MSCI EAFE ETF,31/08/21,Netherlands — 5.6%,Randstad NV,"92,538","68,15,068",,
ESGD,ESG Aware MSCI EAFE ETF,31/08/21,Netherlands — 5.6%,Stellantis NV,"4,77,021","95,42,348",,
ESGD,ESG Aware MSCI EAFE ETF,31/08/21,Netherlands — 5.6%,Wolters Kluwer NV,"1,63,873","1,88,45,519","37,63,17,580",
ESGD,ESG Aware MSCI EAFE ETF,31/08/21,New Zealand — 0.4%,Fisher & Paykel Healthcare Corp. Ltd.,"3,07,472","71,75,755",,
ESGD,ESG Aware MSCI EAFE ETF,31/08/21,New Zealand — 0.4%,Meridian Energy Ltd.,"18,20,070","67,22,236",,
ESGD,ESG Aware MSCI EAFE ETF,31/08/21,New Zealand — 0.4%,Ryman Healthcare Ltd.,"6,51,685","71,16,744",,
ESGD,ESG Aware MSCI EAFE ETF,31/08/21,New Zealand — 0.4%,Xero Ltd. (a),"70,825","78,33,479","2,88,48,214",
ESGD,ESG Aware MSCI EAFE ETF,31/08/21,Norway — 1.0%,DNB Bank ASA,"1,436","30,490",,
ESGD,ESG Aware MSCI EAFE ETF,31/08/21,Norway — 1.0%,"DNB Bank ASA, New","3,13,897","66,25,343",,
ESGD,ESG Aware MSCI EAFE ETF,31/08/21,Norway — 1.0%,Equinor ASA,"9,24,388","1,95,91,599",,
ESGD,ESG Aware MSCI EAFE ETF,31/08/21,Norway — 1.0%,Mowi ASA,"2,70,781","72,52,951",,
ESGD,ESG Aware MSCI EAFE ETF,31/08/21,Norway — 1.0%,Norsk Hydro ASA,"11,58,222","79,95,485",,
ESGD,ESG Aware MSCI EAFE ETF,31/08/21,Norway — 1.0%,Orkla ASA,"9,87,959","88,24,825",,
ESGD,ESG Aware MSCI EAFE ETF,31/08/21,Norway — 1.0%,Telenor ASA,"7,75,600","1,35,87,704","6,39,08,397",
ESGD,ESG Aware MSCI EAFE ETF,31/08/21,Portugal — 0.2%,Galp Energia SGPS SA,"12,41,046","1,26,94,553","1,26,94,553",
ESGD,ESG Aware MSCI EAFE ETF,31/08/21,Singapore — 1.1%,CapitaLand Ltd.,"34,24,700","1,01,61,005",,
ESGD,ESG Aware MSCI EAFE ETF,31/08/21,Singapore — 1.1%,City Developments Ltd.,"17,50,100","88,80,886",,
ESGD,ESG Aware MSCI EAFE ETF,31/08/21,Singapore — 1.1%,DBS Group Holdings Ltd.,"8,36,000","1,85,36,690",,
ESGD,ESG Aware MSCI EAFE ETF,31/08/21,Singapore — 1.1%,Keppel Corp. Ltd.,"26,47,800","1,02,07,423",,
ESGD,ESG Aware MSCI EAFE ETF,31/08/21,Singapore — 1.1%,Oversea-Chinese Banking Corp. Ltd.,"20,53,800","1,73,80,093",,
ESGD,ESG Aware MSCI EAFE ETF,31/08/21,Singapore — 1.1%,Singapore Telecommunications Ltd.,"54,14,000","93,20,456","7,44,86,553",
ESGD,ESG Aware MSCI EAFE ETF,31/08/21,Spain — 2.3%,Amadeus IT Group SA (a),"1,79,533","1,09,65,495",,
ESGD,ESG Aware MSCI EAFE ETF,31/08/21,Spain — 2.3%,Banco Bilbao Vizcaya Argentaria SA,"36,25,348","2,37,27,873",,
ESGD,ESG Aware MSCI EAFE ETF,31/08/21,Spain — 2.3%,Banco Santander SA,"40,13,117","1,47,97,380",,
ESGD,ESG Aware MSCI EAFE ETF,31/08/21,Spain — 2.3%,CaixaBank SA,"22,69,431","70,49,862",,
ESGD,ESG Aware MSCI EAFE ETF,31/08/21,Spain — 2.3%,Cellnex Telecom SA (b),"1,44,884","99,17,057",,
ESGD,ESG Aware MSCI EAFE ETF,31/08/21,Spain — 2.3%,Iberdrola SA,"29,67,171","3,67,67,602",,
ESGD,ESG Aware MSCI EAFE ETF,31/08/21,Spain — 2.3%,Industria de Diseno Textil SA,"7,31,874","2,50,01,843",,
ESGD,ESG Aware MSCI EAFE ETF,31/08/21,Spain — 2.3%,Naturgy Energy Group SA,"4,10,235","1,05,52,268",,
ESGD,ESG Aware MSCI EAFE ETF,31/08/21,Spain — 2.3%,Red Electrica Corp. SA,"1,74,858","34,87,286",,
ESGD,ESG Aware MSCI EAFE ETF,31/08/21,Spain — 2.3%,Repsol SA,"10,22,759","1,17,36,320","15,40,02,986",
ESGD,ESG Aware MSCI EAFE ETF,31/08/21,Sweden — 3.7%,Alfa Laval AB,"1,64,264","66,69,957",,
ESGD,ESG Aware MSCI EAFE ETF,31/08/21,Sweden — 3.7%,"Assa Abloy AB, Class B","3,74,231","1,19,75,649",,
ESGD,ESG Aware MSCI EAFE ETF,31/08/21,Sweden — 3.7%,"Atlas Copco AB, Class A","2,49,199","1,71,31,755",,
ESGD,ESG Aware MSCI EAFE ETF,31/08/21,Sweden — 3.7%,"Atlas Copco AB, Class B","1,49,667","86,67,367",,
ESGD,ESG Aware MSCI EAFE ETF,31/08/21,Sweden — 3.7%,Boliden AB,"4,27,611","1,49,29,304",,
ESGD,ESG Aware MSCI EAFE ETF,31/08/21,Sweden — 3.7%,"Epiroc AB, Class A","3,19,169","70,03,828",,
ESGD,ESG Aware MSCI EAFE ETF,31/08/21,Sweden — 3.7%,"Epiroc AB, Class B","3,36,657","63,98,125",,
ESGD,ESG Aware MSCI EAFE ETF,31/08/21,Sweden — 3.7%,"Essity AB, Class B","4,27,892","1,37,34,361",,
ESGD,ESG Aware MSCI EAFE ETF,31/08/21,Sweden — 3.7%,Evolution AB (b),"68,235","1,10,16,699",,
ESGD,ESG Aware MSCI EAFE ETF,31/08/21,Sweden — 3.7%,"H & M Hennes & Mauritz AB, Class B (a)","3,82,986","76,90,594",,
ESGD,ESG Aware MSCI EAFE ETF,31/08/21,Sweden — 3.7%,ICA Gruppen AB,"1,47,869","73,56,223",,
ESGD,ESG Aware MSCI EAFE ETF,31/08/21,Sweden — 3.7%,"Investor AB, Class B","4,39,011","1,05,00,548",,
ESGD,ESG Aware MSCI EAFE ETF,31/08/21,Sweden — 3.7%,"Kinnevik AB, Class B (a)","1,67,369","65,57,698",,
ESGD,ESG Aware MSCI EAFE ETF,31/08/21,Sweden — 3.7%,"Nibe Industrier AB, Class B","6,86,895","95,74,124",,
ESGD,ESG Aware MSCI EAFE ETF,31/08/21,Sweden — 3.7%,Sandvik AB,"4,90,031","1,25,05,151",,
ESGD,ESG Aware MSCI EAFE ETF,31/08/21,Sweden — 3.7%,Sinch AB (a)(b),"3,37,794","75,94,112",,
ESGD,ESG Aware MSCI EAFE ETF,31/08/21,Sweden — 3.7%,"Skandinaviska Enskilda Banken AB, Class A","4,93,585","66,19,937",,
ESGD,ESG Aware MSCI EAFE ETF,31/08/21,Sweden — 3.7%,"SKF AB, Class B","2,70,971","69,20,463",,
ESGD,ESG Aware MSCI EAFE ETF,31/08/21,Sweden — 3.7%,"Svenska Cellulosa AB SCA, Class B","5,37,634","95,01,839",,
ESGD,ESG Aware MSCI EAFE ETF,31/08/21,Sweden — 3.7%,"Svenska Handelsbanken AB, Class A","5,93,038","66,63,789",,
ESGD,ESG Aware MSCI EAFE ETF,31/08/21,Sweden — 3.7%,"Swedbank AB, Class A","3,52,387","67,93,148",,
ESGD,ESG Aware MSCI EAFE ETF,31/08/21,Sweden — 3.7%,"Tele2 AB, Class B","6,68,719","1,00,39,563",,
ESGD,ESG Aware MSCI EAFE ETF,31/08/21,Sweden — 3.7%,"Telefonaktiebolaget LM Ericsson, Class B","12,11,166","1,43,46,386",,
ESGD,ESG Aware MSCI EAFE ETF,31/08/21,Sweden — 3.7%,Telia Co. AB,"27,58,995","1,18,61,926",,
ESGD,ESG Aware MSCI EAFE ETF,31/08/21,Sweden — 3.7%,"Volvo AB, Class A","3,16,323","73,38,511",,
ESGD,ESG Aware MSCI EAFE ETF,31/08/21,Sweden — 3.7%,"Volvo AB, Class B","3,05,837","69,25,004","24,63,16,061",
ESGD,ESG Aware MSCI EAFE ETF,31/08/21,Switzerland — 10.3%,"ABB Ltd., Registered","8,32,186","3,07,86,417",,
ESGD,ESG Aware MSCI EAFE ETF,31/08/21,Switzerland — 10.3%,Alcon Inc.,"1,90,823","1,57,15,972",,
ESGD,ESG Aware MSCI EAFE ETF,31/08/21,Switzerland — 10.3%,"Barry Callebaut AG, Registered","2,600","66,23,611",,
ESGD,ESG Aware MSCI EAFE ETF,31/08/21,Switzerland — 10.3%,"Coca-Cola HBC AG, Class DI","1,86,809","67,61,534",,
ESGD,ESG Aware MSCI EAFE ETF,31/08/21,Switzerland — 10.3%,"Credit Suisse Group AG, Registered","9,79,528","1,03,76,645",,
ESGD,ESG Aware MSCI EAFE ETF,31/08/21,Switzerland — 10.3%,"Geberit AG, Registered","16,883","1,40,99,084",,
ESGD,ESG Aware MSCI EAFE ETF,31/08/21,Switzerland — 10.3%,"Givaudan SA, Registered","5,670","2,84,46,261",,
ESGD,ESG Aware MSCI EAFE ETF,31/08/21,Switzerland — 10.3%,Julius Baer Group Ltd.,"96,208","65,66,541",,
ESGD,ESG Aware MSCI EAFE ETF,31/08/21,Switzerland — 10.3%,"Kuehne + Nagel International AG, Registered","46,188","1,68,80,225",,
ESGD,ESG Aware MSCI EAFE ETF,31/08/21,Switzerland — 10.3%,"Logitech International SA, Registered","85,625","87,67,132",,
ESGD,ESG Aware MSCI EAFE ETF,31/08/21,Switzerland — 10.3%,"Lonza Group AG, Registered","44,467","3,76,06,907",,
ESGD,ESG Aware MSCI EAFE ETF,31/08/21,Switzerland — 10.3%,"Nestle SA, Registered","11,28,268","14,24,87,542",,
ESGD,ESG Aware MSCI EAFE ETF,31/08/21,Switzerland — 10.3%,"Novartis AG, Registered","7,64,953","7,07,51,166",,
ESGD,ESG Aware MSCI EAFE ETF,31/08/21,Switzerland — 10.3%,Partners Group Holding AG,"6,363","1,12,81,622",,
ESGD,ESG Aware MSCI EAFE ETF,31/08/21,Switzerland — 10.3%,"Roche Holding AG, Bearer","35,273","1,57,89,980",,
ESGD,ESG Aware MSCI EAFE ETF,31/08/21,Switzerland — 10.3%,"Roche Holding AG, NVS","2,56,722","10,30,87,974",,
ESGD,ESG Aware MSCI EAFE ETF,31/08/21,Switzerland — 10.3%,"SGS SA, Registered","5,328","1,67,45,046",,
ESGD,ESG Aware MSCI EAFE ETF,31/08/21,Switzerland — 10.3%,"Sika AG, Registered","40,134","1,44,60,532",,
ESGD,ESG Aware MSCI EAFE ETF,31/08/21,Switzerland — 10.3%,"Sonova Holding AG, Registered","30,618","1,17,99,211",,
ESGD,ESG Aware MSCI EAFE ETF,31/08/21,Switzerland — 10.3%,STMicroelectronics NV,"3,05,881","1,36,25,989",,
ESGD,ESG Aware MSCI EAFE ETF,31/08/21,Switzerland — 10.3%,"Straumann Holding AG, Registered","4,742","91,62,686",,
ESGD,ESG Aware MSCI EAFE ETF,31/08/21,Switzerland — 10.3%,"Swiss Life Holding AG, Registered","14,223","74,13,438",,
ESGD,ESG Aware MSCI EAFE ETF,31/08/21,Switzerland — 10.3%,Swiss Re AG,"1,83,199","1,68,43,698",,
ESGD,ESG Aware MSCI EAFE ETF,31/08/21,Switzerland — 10.3%,"Swisscom AG, Registered","15,607","91,60,327",,
ESGD,ESG Aware MSCI EAFE ETF,31/08/21,Switzerland — 10.3%,"Temenos AG, Registered","44,306","70,29,651",,
ESGD,ESG Aware MSCI EAFE ETF,31/08/21,Switzerland — 10.3%,"UBS Group AG, Registered","14,29,266","2,38,41,925",,
ESGD,ESG Aware MSCI EAFE ETF,31/08/21,Switzerland — 10.3%,Vifor Pharma AG,"59,205","84,29,953",,
ESGD,ESG Aware MSCI EAFE ETF,31/08/21,Switzerland — 10.3%,Zurich Insurance Group AG,"59,903","2,62,84,914","69,08,25,983",
ESGD,ESG Aware MSCI EAFE ETF,31/08/21,United Kingdom — 13.2%,3i Group PLC,"5,43,443","99,94,506",,
ESGD,ESG Aware MSCI EAFE ETF,31/08/21,United Kingdom — 13.2%,Abrdn PLC,"18,19,690","66,48,611",,
ESGD,ESG Aware MSCI EAFE ETF,31/08/21,United Kingdom — 13.2%,Antofagasta PLC,"5,48,888","1,09,95,242",,
ESGD,ESG Aware MSCI EAFE ETF,31/08/21,United Kingdom — 13.2%,Ashtead Group PLC,"1,97,314","1,54,24,604",,
ESGD,ESG Aware MSCI EAFE ETF,31/08/21,United Kingdom — 13.2%,Associated British Foods PLC,"2,38,170","64,93,936",,
ESGD,ESG Aware MSCI EAFE ETF,31/08/21,United Kingdom — 13.2%,AstraZeneca PLC,"6,08,002","7,11,01,834",,
ESGD,ESG Aware MSCI EAFE ETF,31/08/21,United Kingdom — 13.2%,Aviva PLC,"15,26,766","84,85,939",,
ESGD,ESG Aware MSCI EAFE ETF,31/08/21,United Kingdom — 13.2%,BAE Systems PLC,"15,81,016","1,23,51,871",,
ESGD,ESG Aware MSCI EAFE ETF,31/08/21,United Kingdom — 13.2%,Barclays PLC,"58,38,981","1,48,04,206",,
ESGD,ESG Aware MSCI EAFE ETF,31/08/21,United Kingdom — 13.2%,Barratt Developments PLC,"9,32,277","94,82,750",,
ESGD,ESG Aware MSCI EAFE ETF,31/08/21,United Kingdom — 13.2%,Berkeley Group Holdings PLC,"1,36,155","90,44,042",,
ESGD,ESG Aware MSCI EAFE ETF,31/08/21,United Kingdom — 13.2%,BP PLC,"1,07,97,717","4,39,28,291",,
ESGD,ESG Aware MSCI EAFE ETF,31/08/21,United Kingdom — 13.2%,British Land Co. PLC (The),"10,34,666","75,59,000",,
ESGD,ESG Aware MSCI EAFE ETF,31/08/21,United Kingdom — 13.2%,BT Group PLC (a),"41,22,686","96,37,208",,
ESGD,ESG Aware MSCI EAFE ETF,31/08/21,United Kingdom — 13.2%,Burberry Group PLC,"3,52,117","90,16,204",,
ESGD,ESG Aware MSCI EAFE ETF,31/08/21,United Kingdom — 13.2%,Coca-Cola Europacific Partners PLC,"1,28,859","74,40,319",,
ESGD,ESG Aware MSCI EAFE ETF,31/08/21,United Kingdom — 13.2%,Compass Group PLC (a),"5,72,907","1,18,36,231",,
ESGD,ESG Aware MSCI EAFE ETF,31/08/21,United Kingdom — 13.2%,Croda International PLC,"1,24,336","1,56,51,613",,
ESGD,ESG Aware MSCI EAFE ETF,31/08/21,United Kingdom — 13.2%,DCC PLC,"79,833","67,86,136",,
ESGD,ESG Aware MSCI EAFE ETF,31/08/21,United Kingdom — 13.2%,Diageo PLC,"11,71,386","5,63,11,648",,
ESGD,ESG Aware MSCI EAFE ETF,31/08/21,United Kingdom — 13.2%,Entain PLC (a),"2,95,932","78,64,637",,
ESGD,ESG Aware MSCI EAFE ETF,31/08/21,United Kingdom — 13.2%,Experian PLC,"1,69,848","74,92,013",,
ESGD,ESG Aware MSCI EAFE ETF,31/08/21,United Kingdom — 13.2%,Ferguson PLC,"1,43,692","2,07,68,984",,
ESGD,ESG Aware MSCI EAFE ETF,31/08/21,United Kingdom — 13.2%,GlaxoSmithKline PLC,"21,47,219","4,31,92,608",,
ESGD,ESG Aware MSCI EAFE ETF,31/08/21,United Kingdom — 13.2%,HSBC Holdings PLC,"81,36,992","4,29,70,270",,
ESGD,ESG Aware MSCI EAFE ETF,31/08/21,United Kingdom — 13.2%,Informa PLC (a),"9,31,054","68,04,192",,
ESGD,ESG Aware MSCI EAFE ETF,31/08/21,United Kingdom — 13.2%,InterContinental Hotels Group PLC (a),"1,06,416","67,99,352",,
ESGD,ESG Aware MSCI EAFE ETF,31/08/21,United Kingdom — 13.2%,Intertek Group PLC,"90,799","65,83,555",,
ESGD,ESG Aware MSCI EAFE ETF,31/08/21,United Kingdom — 13.2%,J Sainsbury PLC,"19,42,653","81,19,517",,
ESGD,ESG Aware MSCI EAFE ETF,31/08/21,United Kingdom — 13.2%,Johnson Matthey PLC,"1,88,322","76,13,630",,
ESGD,ESG Aware MSCI EAFE ETF,31/08/21,United Kingdom — 13.2%,Kingfisher PLC,"17,22,483","82,93,791",,
ESGD,ESG Aware MSCI EAFE ETF,31/08/21,United Kingdom — 13.2%,Legal & General Group PLC,"26,13,036","97,06,467",,
ESGD,ESG Aware MSCI EAFE ETF,31/08/21,United Kingdom — 13.2%,Lloyds Banking Group PLC,"3,08,44,098","1,84,64,935",,
ESGD,ESG Aware MSCI EAFE ETF,31/08/21,United Kingdom — 13.2%,London Stock Exchange Group PLC,"1,22,882","1,34,60,970",,
ESGD,ESG Aware MSCI EAFE ETF,31/08/21,United Kingdom — 13.2%,Mondi PLC,"4,74,600","1,30,91,808",,
ESGD,ESG Aware MSCI EAFE ETF,31/08/21,United Kingdom — 13.2%,National Grid PLC,"19,87,549","2,57,07,388",,
ESGD,ESG Aware MSCI EAFE ETF,31/08/21,United Kingdom — 13.2%,Natwest Group PLC,"29,77,904","86,95,370",,
ESGD,ESG Aware MSCI EAFE ETF,31/08/21,United Kingdom — 13.2%,Next PLC,"62,965","68,47,505",,
ESGD,ESG Aware MSCI EAFE ETF,31/08/21,United Kingdom — 13.2%,Ocado Group PLC (a),"2,50,750","69,49,593",,
ESGD,ESG Aware MSCI EAFE ETF,31/08/21,United Kingdom — 13.2%,Pearson PLC,"6,21,597","65,55,115",,
ESGD,ESG Aware MSCI EAFE ETF,31/08/21,United Kingdom — 13.2%,Prudential PLC,"8,61,476","1,79,48,528",,
ESGD,ESG Aware MSCI EAFE ETF,31/08/21,United Kingdom — 13.2%,Reckitt Benckiser Group PLC,"2,89,862","2,21,28,413",,
ESGD,ESG Aware MSCI EAFE ETF,31/08/21,United Kingdom — 13.2%,RELX PLC,"10,21,603","3,06,59,500",,
ESGD,ESG Aware MSCI EAFE ETF,31/08/21,United Kingdom — 13.2%,Rentokil Initial PLC,"8,79,743","70,27,836",,
ESGD,ESG Aware MSCI EAFE ETF,31/08/21,United Kingdom — 13.2%,Rolls-Royce Holdings PLC (a),"8,54,346","13,47,322",,
ESGD,ESG Aware MSCI EAFE ETF,31/08/21,United Kingdom — 13.2%,Sage Group PLC (The),"6,55,617","66,95,504",,
ESGD,ESG Aware MSCI EAFE ETF,31/08/21,United Kingdom — 13.2%,Schroders PLC,"1,72,431","89,64,736",,
ESGD,ESG Aware MSCI EAFE ETF,31/08/21,United Kingdom — 13.2%,Segro PLC,"9,91,824","1,75,29,579",,
ESGD,ESG Aware MSCI EAFE ETF,31/08/21,United Kingdom — 13.2%,Smiths Group PLC,"3,34,868","66,46,121",,
ESGD,ESG Aware MSCI EAFE ETF,31/08/21,United Kingdom — 13.2%,Spirax-Sarco Engineering PLC,"30,563","67,77,512",,
ESGD,ESG Aware MSCI EAFE ETF,31/08/21,United Kingdom — 13.2%,SSE PLC,"6,38,058","1,43,33,478",,
ESGD,ESG Aware MSCI EAFE ETF,31/08/21,United Kingdom — 13.2%,St. James’s Place PLC,"3,37,561","74,75,200",,
ESGD,ESG Aware MSCI EAFE ETF,31/08/21,United Kingdom — 13.2%,Standard Chartered PLC,"12,11,678","75,56,187",,
ESGD,ESG Aware MSCI EAFE ETF,31/08/21,United Kingdom — 13.2%,Taylor Wimpey PLC,"27,63,479","69,56,467",,
ESGD,ESG Aware MSCI EAFE ETF,31/08/21,United Kingdom — 13.2%,Tesco PLC,"29,78,680","1,04,57,016",,
ESGD,ESG Aware MSCI EAFE ETF,31/08/21,United Kingdom — 13.2%,Unilever PLC,"9,82,891","5,47,27,266",,
ESGD,ESG Aware MSCI EAFE ETF,31/08/21,United Kingdom — 13.2%,Vodafone Group PLC,"1,06,93,806","1,79,61,002",,
ESGD,ESG Aware MSCI EAFE ETF,31/08/21,United Kingdom — 13.2%,Whitbread PLC (a),"1,58,951","70,19,173",,
ESGD,ESG Aware MSCI EAFE ETF,31/08/21,United Kingdom — 13.2%,Wm Morrison Supermarkets PLC,"20,36,476","81,00,205",,
ESGD,ESG Aware MSCI EAFE ETF,31/08/21,United Kingdom — 13.2%,WPP PLC,"5,53,617","75,06,409","88,67,93,345",6627016797
ESGD,iShares ESG Aware MSCI EAFE ETF,31/08/21,GERMANY — 0.3%,"Henkel AG & Co. KGaA, Preference Shares, NVS","65,020","63,52,656",,
ESGD,iShares ESG Aware MSCI EAFE ETF,31/08/21,GERMANY — 0.3%,"Sartorius AG, Preference Shares, NVS","11,488","75,68,440",,
ESGD,iShares ESG Aware MSCI EAFE ETF,31/08/21,GERMANY — 0.3%,"Volkswagen AG, Preference Shares, NVS","28,817","68,54,254","2,07,75,350","2,07,75,350"
ESGD,iShares ESG Aware MSCI EAFE ETF,31/08/21,MONEY MARKET FUNDS — 0.2%,"BlackRock Cash Funds: Institutional, SL Agency Shares, 0.06%(d)(e)(f)","1,10,04,457","1,10,09,959",,
ESGD,iShares ESG Aware MSCI EAFE ETF,31/08/21,MONEY MARKET FUNDS — 0.2%,"BlackRock Cash Funds: Treasury, SL Agency Shares, 0.00%(d)(e)","11,90,000","11,90,000","1,21,99,959","1,21,99,959"
ESGE,ESG Aware MSCI EM ETF,31/08/21,Argentina — 0.1%,Globant SA (a)(b),"29,930","96,45,840","96,45,840",
ESGE,ESG Aware MSCI EM ETF,31/08/21,Brazil — 3.2%,Adecoagro SA (a),"7,39,446","69,13,820",,
ESGE,ESG Aware MSCI EM ETF,31/08/21,Brazil — 3.2%,Atacadao SA,"20,12,612","70,64,460",,
ESGE,ESG Aware MSCI EM ETF,31/08/21,Brazil — 3.2%,"B3 SA - Brasil, Bolsa, Balcao","1,22,80,507","3,34,15,861",,
ESGE,ESG Aware MSCI EM ETF,31/08/21,Brazil — 3.2%,Banco do Brasil SA,"44,64,780","2,62,75,094",,
ESGE,ESG Aware MSCI EM ETF,31/08/21,Brazil — 3.2%,Banco Santander Brasil SA,"30,15,671","2,44,59,898",,
ESGE,ESG Aware MSCI EM ETF,31/08/21,Brazil — 3.2%,CCR SA,"29,83,240","70,67,512",,
ESGE,ESG Aware MSCI EM ETF,31/08/21,Brazil — 3.2%,Cosan SA,"19,36,216","82,56,665",,
ESGE,ESG Aware MSCI EM ETF,31/08/21,Brazil — 3.2%,CPFL Energia SA,"21,03,348","1,18,12,723",,
ESGE,ESG Aware MSCI EM ETF,31/08/21,Brazil — 3.2%,Energisa SA,"8,76,869","75,24,305",,
ESGE,ESG Aware MSCI EM ETF,31/08/21,Brazil — 3.2%,Localiza Rent a Car SA,"21,03,471","2,25,61,016",,
ESGE,ESG Aware MSCI EM ETF,31/08/21,Brazil — 3.2%,Lojas Renner SA,"17,16,693","1,26,35,827",,
ESGE,ESG Aware MSCI EM ETF,31/08/21,Brazil — 3.2%,Natura & Co. Holding SA (a),"18,45,009","1,84,18,691",,
ESGE,ESG Aware MSCI EM ETF,31/08/21,Brazil — 3.2%,Rumo SA (a),"19,67,975","71,24,718",,
ESGE,ESG Aware MSCI EM ETF,31/08/21,Brazil — 3.2%,Telefonica Brasil SA,"11,88,670","1,00,52,707",,
ESGE,ESG Aware MSCI EM ETF,31/08/21,Brazil — 3.2%,Ultrapar Participacoes SA,"56,40,848","1,57,52,658",,
ESGE,ESG Aware MSCI EM ETF,31/08/21,Brazil — 3.2%,WEG SA,"10,67,001","73,37,850","22,66,73,805",
ESGE,ESG Aware MSCI EM ETF,31/08/21,Chile — 0.6%,Banco Santander Chile,"12,10,34,507","63,95,468",,
ESGE,ESG Aware MSCI EM ETF,31/08/21,Chile — 0.6%,Cia. Cervecerias Unidas SA,"7,49,420","75,63,492",,
ESGE,ESG Aware MSCI EM ETF,31/08/21,Chile — 0.6%,Empresas COPEC SA,"8,02,252","74,63,267",,
ESGE,ESG Aware MSCI EM ETF,31/08/21,Chile — 0.6%,Enel Americas SA,"13,81,74,719","1,94,16,187","4,08,38,414",
ESGE,ESG Aware MSCI EM ETF,31/08/20,China — 32.1%,"360 Security Technology Inc., Class A(a)","46,67,292","86,06,585",,
ESGE,ESG Aware MSCI EM ETF,31/08/21,China — 32.1%,3SBio Inc. (a)(c),"88,00,000","98,03,444",,
ESGE,ESG Aware MSCI EM ETF,31/08/21,China — 32.1%,AAC Technologies Holdings Inc.,"16,46,000","91,24,870",,
ESGE,ESG Aware MSCI EM ETF,31/08/21,China — 32.1%,"Agricultural Bank of China Ltd., Class H","2,57,22,000","86,22,989",,
ESGE,ESG Aware MSCI EM ETF,31/08/21,China — 32.1%,Alibaba Group Holding Ltd. (a),"1,26,83,368","26,55,84,558",,
ESGE,ESG Aware MSCI EM ETF,31/08/21,China — 32.1%,Alibaba Health Information Technology Ltd. (a),"49,76,000","82,13,284",,
ESGE,ESG Aware MSCI EM ETF,31/08/21,China — 32.1%,ANTA Sports Products Ltd.,"5,10,000","1,04,75,839",,
ESGE,ESG Aware MSCI EM ETF,31/08/21,China — 32.1%,"Baidu Inc., ADR (a)","2,27,257","3,56,83,894",,
ESGE,ESG Aware MSCI EM ETF,31/08/21,China — 32.1%,"Bank of Hangzhou Co. Ltd., Class A","31,36,500","65,01,334",,
ESGE,ESG Aware MSCI EM ETF,31/08/21,China — 32.1%,"Baozun Inc., ADR (a)(b)","3,37,705","81,31,936",,
ESGE,ESG Aware MSCI EM ETF,31/08/21,China — 32.1%,"BeiGene Ltd., ADR (a)","37,298","1,14,98,973",,
ESGE,ESG Aware MSCI EM ETF,31/08/21,China — 32.1%,"Bilibili Inc., ADR (a)(b)","1,03,639","83,14,957",,
ESGE,ESG Aware MSCI EM ETF,31/08/21,China — 32.1%,"BOE Technology Group Co. Ltd., Class A","74,16,500","66,82,762",,
ESGE,ESG Aware MSCI EM ETF,31/08/21,China — 32.1%,"BYD Co. Ltd., Class A","2,63,455","1,13,43,533",,
ESGE,ESG Aware MSCI EM ETF,31/08/21,China — 32.1%,"BYD Co. Ltd., Class H","8,75,500","2,94,33,521",,
ESGE,ESG Aware MSCI EM ETF,31/08/21,China — 32.1%,"CanSino Biologics Inc., Class H (a)(c)","2,51,200","99,27,180",,
ESGE,ESG Aware MSCI EM ETF,31/08/21,China — 32.1%,"China Construction Bank Corp., Class A","71,97,900","65,20,622",,
ESGE,ESG Aware MSCI EM ETF,31/08/21,China — 32.1%,"China Construction Bank Corp., Class H","9,31,53,000","6,71,22,106",,
ESGE,ESG Aware MSCI EM ETF,31/08/21,China — 32.1%,"China Eastern Airlines Corp. Ltd., Class A (a)","1,17,30,838","85,41,578",,
ESGE,ESG Aware MSCI EM ETF,31/08/21,China — 32.1%,China Everbright Environment Group Ltd.,"1,54,67,666","1,06,93,803",,
ESGE,ESG Aware MSCI EM ETF,31/08/21,China — 32.1%,China Feihe Ltd. (c),"35,71,000","64,52,888",,
ESGE,ESG Aware MSCI EM ETF,31/08/21,China — 32.1%,"China Galaxy Securities Co. Ltd., Class H","1,21,24,000","68,05,914",,
ESGE,ESG Aware MSCI EM ETF,31/08/21,China — 32.1%,China Gas Holdings Ltd.,"24,37,000","70,54,170",,
ESGE,ESG Aware MSCI EM ETF,31/08/21,China — 32.1%,"China International Capital Corp. Ltd., Class H (c)","42,54,400","98,92,635",,
ESGE,ESG Aware MSCI EM ETF,31/08/21,China — 32.1%,China Lesso Group Holdings Ltd.,"74,98,000","1,60,48,304",,
ESGE,ESG Aware MSCI EM ETF,31/08/21,China — 32.1%,China Medical System Holdings Ltd.,"63,31,000","1,24,26,233",,
ESGE,ESG Aware MSCI EM ETF,31/08/21,China — 32.1%,China Mengniu Dairy Co. Ltd.,"12,90,000","77,59,041",,
ESGE,ESG Aware MSCI EM ETF,31/08/21,China — 32.1%,"China Merchants Bank Co. Ltd., Class A","8,32,700","63,16,984",,
ESGE,ESG Aware MSCI EM ETF,31/08/21,China — 32.1%,"China Merchants Bank Co. Ltd., Class H","44,07,500","3,63,51,319",,
ESGE,ESG Aware MSCI EM ETF,31/08/21,China — 32.1%,"China Molybdenum Co. Ltd., Class H","2,35,38,000","1,83,63,559",,
ESGE,ESG Aware MSCI EM ETF,31/08/21,China — 32.1%,China Resources Land Ltd.,"18,42,000","68,41,776",,
ESGE,ESG Aware MSCI EM ETF,31/08/21,China — 32.1%,China Resources Mixc Lifestyle Services Ltd. (c),"12,02,600","63,16,493",,
ESGE,ESG Aware MSCI EM ETF,31/08/21,China — 32.1%,"China Vanke Co. Ltd., Class H","41,23,800","1,11,26,657",,
ESGE,ESG Aware MSCI EM ETF,31/08/21,China — 32.1%,"China Zheshang Bank Co. Ltd., Class A","1,19,73,800","65,85,502",,
ESGE,ESG Aware MSCI EM ETF,31/08/21,China — 32.1%,CIFI Holdings Group Co. Ltd.,"96,10,000","64,60,053",,
ESGE,ESG Aware MSCI EM ETF,31/08/21,China — 32.1%,"Contemporary Amperex Technology Co. Ltd., Class A","3,04,901","2,34,24,844",,
ESGE,ESG Aware MSCI EM ETF,31/08/21,China — 32.1%,"COSCO SHIPPING Holdings Co. Ltd., Class H (a)(b)","37,39,200","70,57,315",,
ESGE,ESG Aware MSCI EM ETF,31/08/21,China — 32.1%,Country Garden Services Holdings Co. Ltd.,"22,90,000","1,74,74,326",,
ESGE,ESG Aware MSCI EM ETF,31/08/21,China — 32.1%,CSPC Pharmaceutical Group Ltd.,"1,05,83,520","1,34,26,271",,
ESGE,ESG Aware MSCI EM ETF,31/08/21,China — 32.1%,ENN Energy Holdings Ltd.,"5,86,100","1,15,97,536",,
ESGE,ESG Aware MSCI EM ETF,31/08/21,China — 32.1%,"Everbright Securities Co. Ltd., Class A","27,60,897","67,96,845",,
ESGE,ESG Aware MSCI EM ETF,31/08/21,China — 32.1%,Fosun International Ltd.,"1,90,37,500","2,40,80,462",,
ESGE,ESG Aware MSCI EM ETF,31/08/21,China — 32.1%,"Fuyao Glass Industry Group Co. Ltd., Class H (b)(c)","11,14,800","68,60,262",,
ESGE,ESG Aware MSCI EM ETF,31/08/21,China — 32.1%,"Ganfeng Lithium Co. Ltd., Class A","4,24,250","1,44,78,006",,
ESGE,ESG Aware MSCI EM ETF,31/08/21,China — 32.1%,Geely Automobile Holdings Ltd.,"66,22,000","2,39,99,612",,
ESGE,ESG Aware MSCI EM ETF,31/08/21,China — 32.1%,"GEM Co. Ltd., Class A","37,11,817","77,34,452",,
ESGE,ESG Aware MSCI EM ETF,31/08/21,China — 32.1%,Genscript Biotech Corp. (a),"16,88,000","80,25,165",,
ESGE,ESG Aware MSCI EM ETF,31/08/21,China — 32.1%,"GoerTek Inc., Class A","11,09,400","80,00,289",,
ESGE,ESG Aware MSCI EM ETF,31/08/21,China — 32.1%,"Great Wall Motor Co. Ltd., Class H","33,50,500","1,54,53,584",,
ESGE,ESG Aware MSCI EM ETF,31/08/21,China — 32.1%,Greentown Service Group Co. Ltd.,"61,50,000","65,79,020",,
ESGE,ESG Aware MSCI EM ETF,31/08/21,China — 32.1%,"Guangzhou Automobile Group Co. Ltd., Class H","73,37,200","73,87,233",,
ESGE,ESG Aware MSCI EM ETF,31/08/21,China — 32.1%,"Guangzhou Baiyunshan Pharmaceutical Holdings Co. Ltd., Class A","13,62,600","62,19,691",,
ESGE,ESG Aware MSCI EM ETF,31/08/21,China — 32.1%,"Haitong Securities Co. Ltd., Class A","40,19,805","79,17,026",,
ESGE,ESG Aware MSCI EM ETF,31/08/21,China — 32.1%,"Haitong Securities Co. Ltd., Class H","87,99,600","81,30,202",,
ESGE,ESG Aware MSCI EM ETF,31/08/21,China — 32.1%,HengTen Networks Group Ltd. (a)(b),"1,24,92,000","61,30,344",,
ESGE,ESG Aware MSCI EM ETF,31/08/21,China — 32.1%,Hopson Development Holdings Ltd.,"18,61,400","72,51,788",,
ESGE,ESG Aware MSCI EM ETF,31/08/21,China — 32.1%,"Huatai Securities Co. Ltd., Class A","30,52,500","77,47,553",,
ESGE,ESG Aware MSCI EM ETF,31/08/21,China — 32.1%,"Huatai Securities Co. Ltd., Class H (c)","57,97,800","83,16,486",,
ESGE,ESG Aware MSCI EM ETF,31/08/21,China — 32.1%,"Huaxia Bank Co. Ltd., Class A","1,35,97,038","1,17,92,428",,
ESGE,ESG Aware MSCI EM ETF,31/08/21,China — 32.1%,"Industrial & Commercial Bank of China Ltd., Class H","2,36,72,000","1,31,82,331",,
ESGE,ESG Aware MSCI EM ETF,31/08/21,China — 32.1%,"Industrial Bank Co. Ltd., Class A","38,80,268","1,11,14,915",,
ESGE,ESG Aware MSCI EM ETF,31/08/21,China — 32.1%,"Jafron Biomedical Co. Ltd., Class A","7,79,400","59,16,519",,
ESGE,ESG Aware MSCI EM ETF,31/08/21,China — 32.1%,JD Health International Inc. (a)(c),"13,73,100","1,28,47,082",,
ESGE,ESG Aware MSCI EM ETF,31/08/21,China — 32.1%,"JD.com Inc., ADR (a)","5,65,799","4,44,49,169",,
ESGE,ESG Aware MSCI EM ETF,31/08/21,China — 32.1%,Jinxin Fertility Group Ltd. (c),"57,78,000","91,81,463",,
ESGE,ESG Aware MSCI EM ETF,31/08/21,China — 32.1%,"KE Holdings Inc., ADR (a)","3,90,790","70,69,391",,
ESGE,ESG Aware MSCI EM ETF,31/08/21,China — 32.1%,Kingboard Laminates Holdings Ltd.,"35,42,500","69,66,214",,
ESGE,ESG Aware MSCI EM ETF,31/08/21,China — 32.1%,Kingdee International Software Group Co. Ltd. (a),"65,06,000","2,36,90,777",,
ESGE,ESG Aware MSCI EM ETF,31/08/21,China — 32.1%,Kingsoft Corp. Ltd.,"14,37,000","57,64,360",,
ESGE,ESG Aware MSCI EM ETF,31/08/21,China — 32.1%,Lee & Man Paper Manufacturing Ltd.,"80,40,000","70,56,330",,
ESGE,ESG Aware MSCI EM ETF,31/08/21,China — 32.1%,Lenovo Group Ltd.,"2,25,58,000","2,48,82,204",,
ESGE,ESG Aware MSCI EM ETF,31/08/21,China — 32.1%,"Li Auto Inc., ADR (a)","7,86,874","2,42,82,932",,
ESGE,ESG Aware MSCI EM ETF,31/08/21,China — 32.1%,Li Ning Co. Ltd.,"16,17,000","2,16,83,599",,
ESGE,ESG Aware MSCI EM ETF,31/08/21,China — 32.1%,"LONGi Green Energy Technology Co. Ltd., Class A","6,68,300","92,63,349",,
ESGE,ESG Aware MSCI EM ETF,31/08/21,China — 32.1%,"Meituan, Class B (a)(c)","39,95,100","12,77,41,560",,
ESGE,ESG Aware MSCI EM ETF,31/08/21,China — 32.1%,Microport Scientific Corp.,"15,08,700","93,58,211",,
ESGE,ESG Aware MSCI EM ETF,31/08/21,China — 32.1%,Ming Yuan Cloud Group Holdings Ltd.,"19,23,000","66,81,974",,
ESGE,ESG Aware MSCI EM ETF,31/08/21,China — 32.1%,MMG Ltd. (a),"1,86,08,000","90,19,944",,
ESGE,ESG Aware MSCI EM ETF,31/08/21,China — 32.1%,"NetEase Inc., ADR","3,89,034","3,78,99,692",,
ESGE,ESG Aware MSCI EM ETF,31/08/21,China — 32.1%,"NIO Inc., ADR (a)","12,48,692","4,90,86,083",,
ESGE,ESG Aware MSCI EM ETF,31/08/21,China — 32.1%,"Orient Securities Co. Ltd., Class A","27,13,432","62,89,096",,
ESGE,ESG Aware MSCI EM ETF,31/08/21,China — 32.1%,"Pharmaron Beijing Co. Ltd., Class H (c)","3,30,500","73,32,867",,
ESGE,ESG Aware MSCI EM ETF,31/08/21,China — 32.1%,"Pinduoduo Inc., ADR (a)","3,68,453","3,68,52,669",,
ESGE,ESG Aware MSCI EM ETF,31/08/21,China — 32.1%,"Ping An Insurance Group Co. of China Ltd., Class A","16,09,997","1,24,58,313",,
ESGE,ESG Aware MSCI EM ETF,31/08/21,China — 32.1%,"Ping An Insurance Group Co. of China Ltd., Class H","58,89,500","4,56,02,854",,
ESGE,ESG Aware MSCI EM ETF,31/08/21,China — 32.1%,"Shanghai Electric Group Co. Ltd., Class A","91,84,800","69,58,990",,
ESGE,ESG Aware MSCI EM ETF,31/08/21,China — 32.1%,"Shanghai Fosun Pharmaceutical Group Co. Ltd., Class A","7,84,900","76,95,559",,
ESGE,ESG Aware MSCI EM ETF,31/08/21,China — 32.1%,"Shanghai Pharmaceuticals Holding Co. Ltd., Class H","45,77,200","90,80,382",,
ESGE,ESG Aware MSCI EM ETF,31/08/21,China — 32.1%,"Shenzhen Inovance Technology Co. Ltd., Class A","10,12,972","1,11,59,449",,
ESGE,ESG Aware MSCI EM ETF,31/08/21,China — 32.1%,Shenzhen Investment Ltd.,"4,47,18,000","1,32,73,290",,
ESGE,ESG Aware MSCI EM ETF,31/08/21,China — 32.1%,Shenzhou International Group Holdings Ltd.,"6,25,800","1,35,64,916",,
ESGE,ESG Aware MSCI EM ETF,31/08/21,China — 32.1%,Sunac Services Holdings Ltd. (a)(c),"26,20,000","68,21,645",,
ESGE,ESG Aware MSCI EM ETF,31/08/21,China — 32.1%,"Sungrow Power Supply Co. Ltd., Class A","7,72,867","1,88,23,976",,
ESGE,ESG Aware MSCI EM ETF,31/08/21,China — 32.1%,"Suning.com Co. Ltd., Class A (a)","94,97,407","77,69,743",,
ESGE,ESG Aware MSCI EM ETF,31/08/21,China — 32.1%,Sunny Optical Technology Group Co. Ltd.,"9,86,300","2,98,46,983",,
ESGE,ESG Aware MSCI EM ETF,31/08/21,China — 32.1%,"TCL Technology Group Corp., Class A","98,48,595","1,08,75,679",,
ESGE,ESG Aware MSCI EM ETF,31/08/21,China — 32.1%,Tencent Holdings Ltd.,"49,57,100","30,61,64,279",,
ESGE,ESG Aware MSCI EM ETF,31/08/21,China — 32.1%,Tongcheng-Elong Holdings Ltd. (a),"44,52,000","1,03,78,428",,
ESGE,ESG Aware MSCI EM ETF,31/08/21,China — 32.1%,"Topchoice Medical Corp., Class A (a)","1,42,709","52,06,619",,
ESGE,ESG Aware MSCI EM ETF,31/08/21,China — 32.1%,"Trip.com Group Ltd., ADR (a)","2,54,937","77,73,029",,
ESGE,ESG Aware MSCI EM ETF,31/08/21,China — 32.1%,"Unisplendour Corp. Ltd., Class A","29,27,162","1,07,73,883",,
ESGE,ESG Aware MSCI EM ETF,31/08/21,China — 32.1%,"Vipshop Holdings Ltd., ADR (a)","6,72,924","99,52,546",,
ESGE,ESG Aware MSCI EM ETF,31/08/21,China — 32.1%,Weimob Inc. (a)(c),"53,10,000","77,83,805",,
ESGE,ESG Aware MSCI EM ETF,31/08/21,China — 32.1%,"WuXi AppTec Co. Ltd., Class A","3,51,289","72,38,358",,
ESGE,ESG Aware MSCI EM ETF,31/08/21,China — 32.1%,"WuXi AppTec Co. Ltd., Class H (c)","3,47,180","69,23,826",,
ESGE,ESG Aware MSCI EM ETF,31/08/21,China — 32.1%,"Wuxi Biologics Cayman Inc., New (a)(c)","38,16,000","5,90,79,131",,
ESGE,ESG Aware MSCI EM ETF,31/08/21,China — 32.1%,"Xiaomi Corp., Class B (a)(c)","97,27,800","3,13,56,706",,
ESGE,ESG Aware MSCI EM ETF,31/08/21,China — 32.1%,"Xinjiang Goldwind Science & Technology Co. Ltd., Class A","35,66,200","80,61,738",,
ESGE,ESG Aware MSCI EM ETF,31/08/21,China — 32.1%,"Xinjiang Goldwind Science & Technology Co. Ltd., Class H","57,16,536","1,09,59,119",,
ESGE,ESG Aware MSCI EM ETF,31/08/21,China — 32.1%,Xinyi Solar Holdings Ltd.,"92,22,000","2,23,18,959",,
ESGE,ESG Aware MSCI EM ETF,31/08/21,China — 32.1%,"XPeng Inc., ADR (a)","5,63,450","2,39,46,625",,
ESGE,ESG Aware MSCI EM ETF,31/08/21,China — 32.1%,Yadea Group Holdings Ltd. (c),"85,24,000","1,51,66,986",,
ESGE,ESG Aware MSCI EM ETF,31/08/21,China — 32.1%,Yum China Holdings Inc.,"3,34,466","2,05,89,727",,
ESGE,ESG Aware MSCI EM ETF,31/08/21,China — 32.1%,"Yunnan Baiyao Group Co. Ltd., Class A","4,70,600","64,66,969",,
ESGE,ESG Aware MSCI EM ETF,31/08/21,China — 32.1%,"Zai Lab Ltd., ADR (a)","65,085","94,04,782",,
ESGE,ESG Aware MSCI EM ETF,31/08/21,China — 32.1%,"Zhejiang Huayou Cobalt Co. Ltd., Class A","3,32,500","72,31,759",,
ESGE,ESG Aware MSCI EM ETF,31/08/21,China — 32.1%,"ZhongAn Online P&C Insurance Co. Ltd., Class H (a)(b)(c)","14,72,500","71,79,847",,
ESGE,ESG Aware MSCI EM ETF,31/08/21,China — 32.1%,"Zoomlion Heavy Industry Science and Technology Co. Ltd., Class H","70,26,800","66,95,752","2,28,37,07,419",
ESGE,ESG Aware MSCI EM ETF,31/08/21,Colombia — 0.2%,Bancolombia SA,"8,08,260","66,62,679",,
ESGE,ESG Aware MSCI EM ETF,31/08/21,Colombia — 0.2%,Interconexion Electrica SA ESP,"11,71,399","70,54,842","1,37,17,521",
ESGE,ESG Aware MSCI EM ETF,31/08/21,Cyprus — 0.1%,"TCS Group Holding PLC, GDR","1,20,617","1,07,05,151","1,07,05,151",
ESGE,ESG Aware MSCI EM ETF,31/08/21,Czech Republic — 0.1%,Moneta Money Bank AS (a)(c),"21,14,910","85,87,009","85,87,009",
ESGE,ESG Aware MSCI EM ETF,31/08/21,Greece — 0.4%,Alpha Services and Holdings SA (a),"48,99,084","67,99,792",,
ESGE,ESG Aware MSCI EM ETF,31/08/21,Greece — 0.4%,OPAP SA,"14,64,327","2,29,69,701","2,97,69,493",
ESGE,ESG Aware MSCI EM ETF,31/08/21,Hungary — 0.5%,MOL Hungarian Oil & Gas PLC,"46,75,434","3,83,33,959","3,83,33,959",
ESGE,ESG Aware MSCI EM ETF,31/08/21,India — 11.4%,Adani Green Energy Ltd. (a),"5,38,747","78,67,175",,
ESGE,ESG Aware MSCI EM ETF,31/08/21,India — 11.4%,Adani Total Gas Ltd.,"1,84,454","36,69,752",,
ESGE,ESG Aware MSCI EM ETF,31/08/21,India — 11.4%,Asian Paints Ltd.,"7,45,573","3,26,60,911",,
ESGE,ESG Aware MSCI EM ETF,31/08/21,India — 11.4%,Axis Bank Ltd. (a),"24,84,705","2,66,72,798",,
ESGE,ESG Aware MSCI EM ETF,31/08/21,India — 11.4%,"Axis Bank Ltd., GDR (a)","1,35,734","75,19,664",,
ESGE,ESG Aware MSCI EM ETF,31/08/21,India — 11.4%,Bajaj Finance Ltd.,"2,15,765","2,21,65,205",,
ESGE,ESG Aware MSCI EM ETF,31/08/21,India — 11.4%,Bandhan Bank Ltd. (c),"18,27,891","71,19,627",,
ESGE,ESG Aware MSCI EM ETF,31/08/21,India — 11.4%,Bharti Airtel Ltd.,"14,08,134","1,27,77,552",,
ESGE,ESG Aware MSCI EM ETF,31/08/21,India — 11.4%,Colgate-Palmolive India Ltd.,"8,56,375","1,98,38,585",,
ESGE,ESG Aware MSCI EM ETF,31/08/21,India — 11.4%,Dabur India Ltd.,"44,56,029","3,79,01,185",,
ESGE,ESG Aware MSCI EM ETF,31/08/21,India — 11.4%,Eicher Motors Ltd.,"3,74,000","1,36,92,863",,
ESGE,ESG Aware MSCI EM ETF,31/08/21,India — 11.4%,HCL Technologies Ltd.,"17,30,737","2,79,81,365",,
ESGE,ESG Aware MSCI EM ETF,31/08/21,India — 11.4%,HDFC Life Insurance Co. Ltd. (c),"7,70,863","75,66,740",,
ESGE,ESG Aware MSCI EM ETF,31/08/21,India — 11.4%,Hero MotoCorp Ltd.,"2,27,037","85,08,899",,
ESGE,ESG Aware MSCI EM ETF,31/08/21,India — 11.4%,Hindalco Industries Ltd.,"26,14,926","1,67,24,463",,
ESGE,ESG Aware MSCI EM ETF,31/08/21,India — 11.4%,Hindustan Unilever Ltd.,"10,13,094","3,77,31,206",,
ESGE,ESG Aware MSCI EM ETF,31/08/21,India — 11.4%,Housing Development Finance Corp. Ltd.,"18,38,111","7,02,08,388",,
ESGE,ESG Aware MSCI EM ETF,31/08/21,India — 11.4%,ICICI Bank Ltd.,"47,30,176","4,63,25,300",,
ESGE,ESG Aware MSCI EM ETF,31/08/21,India — 11.4%,Info Edge India Ltd.,"1,85,525","1,56,68,972",,
ESGE,ESG Aware MSCI EM ETF,31/08/21,India — 11.4%,Infosys Ltd.,"31,00,459","7,23,62,874",,
ESGE,ESG Aware MSCI EM ETF,31/08/21,India — 11.4%,Kotak Mahindra Bank Ltd.,"6,92,669","1,65,98,744",,
ESGE,ESG Aware MSCI EM ETF,31/08/21,India — 11.4%,Mahindra & Mahindra Ltd.,"2,87,872","31,19,304",,
ESGE,ESG Aware MSCI EM ETF,31/08/21,India — 11.4%,"Mahindra & Mahindra Ltd., GDR","13,55,357","1,50,44,463",,
ESGE,ESG Aware MSCI EM ETF,31/08/21,India — 11.4%,Marico Ltd.,"12,35,361","92,07,386",,
ESGE,ESG Aware MSCI EM ETF,31/08/21,India — 11.4%,Nestle India Ltd.,"96,669","2,57,42,722",,
ESGE,ESG Aware MSCI EM ETF,31/08/21,India — 11.4%,Piramal Enterprises Ltd.,"4,35,588","1,55,16,888",,
ESGE,ESG Aware MSCI EM ETF,31/08/21,India — 11.4%,Reliance Industries Ltd.,"18,27,655","5,63,92,703",,
ESGE,ESG Aware MSCI EM ETF,31/08/21,India — 11.4%,"Reliance Industries Ltd., GDR (c)","1,61,772","1,00,05,598",,
ESGE,ESG Aware MSCI EM ETF,31/08/21,India — 11.4%,Shree Cement Ltd.,"18,710","72,34,244",,
ESGE,ESG Aware MSCI EM ETF,31/08/21,India — 11.4%,Shriram Transport Finance Co. Ltd.,"3,81,104","70,37,833",,
ESGE,ESG Aware MSCI EM ETF,31/08/21,India — 11.4%,State Bank of India,"26,70,836","1,55,31,339",,
ESGE,ESG Aware MSCI EM ETF,31/08/21,India — 11.4%,Tata Consultancy Services Ltd.,"11,99,016","6,20,68,801",,
ESGE,ESG Aware MSCI EM ETF,31/08/21,India — 11.4%,Tata Consumer Products Ltd.,"12,38,879","1,46,59,238",,
ESGE,ESG Aware MSCI EM ETF,31/08/21,India — 11.4%,Tata Steel Ltd.,"4,08,607","80,88,250",,
ESGE,ESG Aware MSCI EM ETF,31/08/21,India — 11.4%,Titan Co. Ltd.,"7,34,651","1,92,99,510",,
ESGE,ESG Aware MSCI EM ETF,31/08/21,India — 11.4%,UPL Ltd.,"7,74,695","78,42,319",,
ESGE,ESG Aware MSCI EM ETF,31/08/21,India — 11.4%,Wipro Ltd.,"23,54,253","2,06,44,896","80,89,97,762",
ESGE,ESG Aware MSCI EM ETF,31/08/21,Indonesia — 1.2%,Aneka Tambang Tbk,"4,20,35,800","70,38,760",,
ESGE,ESG Aware MSCI EM ETF,31/08/21,Indonesia — 1.2%,Bank Central Asia Tbk PT,"1,48,64,500","3,41,20,180",,
ESGE,ESG Aware MSCI EM ETF,31/08/21,Indonesia — 1.2%,Bank Mandiri Persero Tbk PT,"1,67,70,200","71,69,102",,
ESGE,ESG Aware MSCI EM ETF,31/08/21,Indonesia — 1.2%,Kalbe Farma Tbk PT,"20,60,31,000","1,94,18,939",,
ESGE,ESG Aware MSCI EM ETF,31/08/21,Indonesia — 1.2%,Telkom Indonesia Persero Tbk PT,"3,07,03,000","73,27,010",,
ESGE,ESG Aware MSCI EM ETF,31/08/21,Indonesia — 1.2%,Unilever Indonesia Tbk PT,"2,84,04,000","80,64,947","8,31,38,938",
ESGE,ESG Aware MSCI EM ETF,31/08/21,Kuwait — 0.4%,Kuwait Finance House KSCP,"96,47,115","2,64,99,890","2,64,99,890",
ESGE,ESG Aware MSCI EM ETF,31/08/21,Malaysia — 2.6%,AMMB Holdings Bhd,"1,03,85,900","75,70,189",,
ESGE,ESG Aware MSCI EM ETF,31/08/21,Malaysia — 2.6%,CIMB Group Holdings Bhd,"67,58,100","79,83,891",,
ESGE,ESG Aware MSCI EM ETF,31/08/21,Malaysia — 2.6%,DiGi.Com Bhd,"64,19,600","67,84,662",,
ESGE,ESG Aware MSCI EM ETF,31/08/21,Malaysia — 2.6%,Hartalega Holdings Bhd (b),"39,92,400","70,87,783",,
ESGE,ESG Aware MSCI EM ETF,31/08/21,Malaysia — 2.6%,Malayan Banking Bhd,"80,23,100","1,62,08,225",,
ESGE,ESG Aware MSCI EM ETF,31/08/21,Malaysia — 2.6%,Maxis Bhd,"1,52,33,800","1,71,87,039",,
ESGE,ESG Aware MSCI EM ETF,31/08/21,Malaysia — 2.6%,Nestle Malaysia Bhd,"8,95,800","2,90,32,163",,
ESGE,ESG Aware MSCI EM ETF,31/08/21,Malaysia — 2.6%,Petronas Dagangan Bhd,"41,02,300","1,97,40,807",,
ESGE,ESG Aware MSCI EM ETF,31/08/21,Malaysia — 2.6%,PPB Group Bhd,"18,66,200","83,14,175",,
ESGE,ESG Aware MSCI EM ETF,31/08/21,Malaysia — 2.6%,Public Bank Bhd,"2,51,28,300","2,52,67,331",,
ESGE,ESG Aware MSCI EM ETF,31/08/21,Malaysia — 2.6%,RHB Bank Bhd,"1,03,78,400","1,39,66,700",,
ESGE,ESG Aware MSCI EM ETF,31/08/21,Malaysia — 2.6%,Sime Darby Plantation Bhd,"74,58,700","72,30,830",,
ESGE,ESG Aware MSCI EM ETF,31/08/21,Malaysia — 2.6%,Supermax Corp. Bhd (b),"91,07,553","72,29,956",,
ESGE,ESG Aware MSCI EM ETF,31/08/21,Malaysia — 2.6%,Telekom Malaysia Bhd,"73,90,300","1,08,82,790","18,44,86,541",
ESGE,ESG Aware MSCI EM ETF,31/08/21,Mexico — 1.7%,Arca Continental SAB de CV,"12,46,900","80,31,839",,
ESGE,ESG Aware MSCI EM ETF,31/08/21,Mexico — 1.7%,"Cemex SAB de CV, CPO, NVS (a)","1,57,86,100","1,29,69,062",,
ESGE,ESG Aware MSCI EM ETF,31/08/21,Mexico — 1.7%,Coca-Cola Femsa SAB de CV,"27,72,300","1,60,49,359",,
ESGE,ESG Aware MSCI EM ETF,31/08/21,Mexico — 1.7%,Fomento Economico Mexicano SAB de CV,"34,65,400","3,01,72,998",,
ESGE,ESG Aware MSCI EM ETF,31/08/21,Mexico — 1.7%,"Grupo Bimbo SAB de CV, Series A","42,49,600","1,07,53,071",,
ESGE,ESG Aware MSCI EM ETF,31/08/21,Mexico — 1.7%,"Grupo Financiero Banorte SAB de CV, Class O","40,70,400","2,68,69,828",,
ESGE,ESG Aware MSCI EM ETF,31/08/21,Mexico — 1.7%,Wal-Mart de Mexico SAB de CV,"51,97,000","1,84,91,218","12,33,37,375",
ESGE,ESG Aware MSCI EM ETF,31/08/21,Peru — 0.2%,Credicorp Ltd. (a),"1,24,255","1,32,49,311","1,32,49,311",
ESGE,ESG Aware MSCI EM ETF,31/08/21,Philippines — 0.1%,JG Summit Holdings Inc.,"44,26,000","57,73,817","57,73,817",
ESGE,ESG Aware MSCI EM ETF,31/08/21,Poland — 0.5%,Bank Polska Kasa Opieki SA (a),"3,55,010","99,27,400",,
ESGE,ESG Aware MSCI EM ETF,31/08/21,Poland — 0.5%,KGHM Polska Miedz SA,"2,05,673","95,79,675",,
ESGE,ESG Aware MSCI EM ETF,31/08/21,Poland — 0.5%,Polski Koncern Naftowy ORLEN SA,"8,45,501","1,63,93,057","3,59,00,132",
ESGE,ESG Aware MSCI EM ETF,31/08/21,Qatar — 0.8%,Commercial Bank PSQC (The),"89,56,200","1,46,35,328",,
ESGE,ESG Aware MSCI EM ETF,31/08/21,Qatar — 0.8%,Qatar National Bank QPSC,"86,07,558","4,46,56,803","5,92,92,131",
ESGE,ESG Aware MSCI EM ETF,31/08/21,Russia — 3.6%,Gazprom PJSC,"67,36,430","2,80,88,554",,
ESGE,ESG Aware MSCI EM ETF,31/08/21,Russia — 3.6%,LUKOIL PJSC,"6,84,611","5,85,41,809",,
ESGE,ESG Aware MSCI EM ETF,31/08/21,Russia — 3.6%,"Novatek PJSC, GDR","1,62,256","3,84,56,902",,
ESGE,ESG Aware MSCI EM ETF,31/08/21,Russia — 3.6%,Novolipetsk Steel PJSC,"39,21,610","1,32,22,319",,
ESGE,ESG Aware MSCI EM ETF,31/08/21,Russia — 3.6%,"PhosAgro PJSC, GDR","7,02,854","1,38,46,224",,
ESGE,ESG Aware MSCI EM ETF,31/08/21,Russia — 3.6%,Polymetal International PLC,"14,86,115","2,97,08,230",,
ESGE,ESG Aware MSCI EM ETF,31/08/21,Russia — 3.6%,Polyus PJSC,"63,242","1,14,11,203",,
ESGE,ESG Aware MSCI EM ETF,31/08/21,Russia — 3.6%,Rosneft Oil Co. PJSC,"7,55,860","55,06,377",,
ESGE,ESG Aware MSCI EM ETF,31/08/21,Russia — 3.6%,Sberbank of Russia PJSC,"99,73,560","4,47,53,318",,
ESGE,ESG Aware MSCI EM ETF,31/08/21,Russia — 3.6%,"Yandex NV, Class A (a)","1,18,015","90,03,822","25,25,38,758",
ESGE,ESG Aware MSCI EM ETF,31/08/21,Saudi Arabia — 2.4%,Al Rajhi Bank,"7,67,308","2,47,53,851",,
ESGE,ESG Aware MSCI EM ETF,31/08/21,Saudi Arabia — 2.4%,Almarai Co. JSC,"6,23,428","96,46,319",,
ESGE,ESG Aware MSCI EM ETF,31/08/21,Saudi Arabia — 2.4%,Bank AlBilad (a),"9,53,901","1,08,69,278",,
ESGE,ESG Aware MSCI EM ETF,31/08/21,Saudi Arabia — 2.4%,Dr Sulaiman Al Habib Medical Services Group Co.,"3,67,706","1,79,96,790",,
ESGE,ESG Aware MSCI EM ETF,31/08/21,Saudi Arabia — 2.4%,Saudi Arabian Mining Co. (a),"5,54,502","1,07,61,001",,
ESGE,ESG Aware MSCI EM ETF,31/08/21,Saudi Arabia — 2.4%,Saudi Arabian Oil Co. (c),"7,54,757","70,73,269",,
ESGE,ESG Aware MSCI EM ETF,31/08/21,Saudi Arabia — 2.4%,Saudi Basic Industries Corp.,"16,46,853","5,39,92,871",,
ESGE,ESG Aware MSCI EM ETF,31/08/21,Saudi Arabia — 2.4%,Saudi British Bank (The),"8,70,470","79,95,225",,
ESGE,ESG Aware MSCI EM ETF,31/08/21,Saudi Arabia — 2.4%,Saudi National Bank (The),"9,13,482","1,48,07,824",,
ESGE,ESG Aware MSCI EM ETF,31/08/21,Saudi Arabia — 2.4%,Savola Group (The),"9,53,111","1,02,02,737","16,80,99,165",
ESGE,ESG Aware MSCI EM ETF,31/08/21,South Africa — 4.0%,Absa Group Ltd. (a),"11,25,304","1,21,86,875",,
ESGE,ESG Aware MSCI EM ETF,31/08/21,South Africa — 4.0%,Aspen Pharmacare Holdings Ltd. (a),"5,60,943","75,72,948",,
ESGE,ESG Aware MSCI EM ETF,31/08/21,South Africa — 4.0%,Bidvest Group Ltd. (The),"10,21,211","1,43,99,240",,
ESGE,ESG Aware MSCI EM ETF,31/08/21,South Africa — 4.0%,Clicks Group Ltd.,"6,74,308","1,40,44,824",,
ESGE,ESG Aware MSCI EM ETF,31/08/21,South Africa — 4.0%,FirstRand Ltd.,"26,34,932","1,12,17,177",,
ESGE,ESG Aware MSCI EM ETF,31/08/21,South Africa — 4.0%,Gold Fields Ltd.,"7,82,945","74,35,892",,
ESGE,ESG Aware MSCI EM ETF,31/08/21,South Africa — 4.0%,Growthpoint Properties Ltd.,"1,28,47,626","1,36,91,163",,
ESGE,ESG Aware MSCI EM ETF,31/08/21,South Africa — 4.0%,Impala Platinum Holdings Ltd.,"9,06,891","1,38,94,202",,
ESGE,ESG Aware MSCI EM ETF,31/08/21,South Africa — 4.0%,Kumba Iron Ore Ltd.,"4,22,659","1,89,81,327",,
ESGE,ESG Aware MSCI EM ETF,31/08/21,South Africa — 4.0%,MTN Group Ltd. (a),"9,97,010","91,51,280",,
ESGE,ESG Aware MSCI EM ETF,31/08/21,South Africa — 4.0%,MultiChoice Group,"10,05,861","79,56,178",,
ESGE,ESG Aware MSCI EM ETF,31/08/21,South Africa — 4.0%,"Naspers Ltd., Class N (b)","2,13,998","3,69,23,007",,
ESGE,ESG Aware MSCI EM ETF,31/08/21,South Africa — 4.0%,NEPI Rockcastle PLC,"19,10,903","1,37,98,098",,
ESGE,ESG Aware MSCI EM ETF,31/08/21,South Africa — 4.0%,Old Mutual Ltd.,"2,47,94,569","2,62,17,680",,
ESGE,ESG Aware MSCI EM ETF,31/08/21,South Africa — 4.0%,Sibanye Stillwater Ltd.,"17,02,945","69,54,916",,
ESGE,ESG Aware MSCI EM ETF,31/08/21,South Africa — 4.0%,Standard Bank Group Ltd.,"17,50,252","1,78,76,891",,
ESGE,ESG Aware MSCI EM ETF,31/08/21,South Africa — 4.0%,Vodacom Group Ltd.,"38,87,849","3,84,46,916",,
ESGE,ESG Aware MSCI EM ETF,31/08/21,South Africa — 4.0%,Woolworths Holdings Ltd. (a),"35,30,917","1,53,99,402","28,61,48,016",
ESGE,ESG Aware MSCI EM ETF,31/08/21,South Korea — 12.1%,Amorepacific Corp.,"53,431","1,04,65,265",,
ESGE,ESG Aware MSCI EM ETF,31/08/21,South Korea — 12.1%,AMOREPACIFIC Group,"3,13,843","1,56,14,808",,
ESGE,ESG Aware MSCI EM ETF,31/08/21,South Korea — 12.1%,Celltrion Healthcare Co. Ltd. (a),"69,545","73,94,745",,
ESGE,ESG Aware MSCI EM ETF,31/08/21,South Korea — 12.1%,Celltrion Inc. (a),"29,688","74,82,215",,
ESGE,ESG Aware MSCI EM ETF,31/08/21,South Korea — 12.1%,CJ CheilJedang Corp.,"37,840","1,47,96,297",,
ESGE,ESG Aware MSCI EM ETF,31/08/21,South Korea — 12.1%,Coway Co. Ltd.,"2,04,225","1,37,74,113",,
ESGE,ESG Aware MSCI EM ETF,31/08/21,South Korea — 12.1%,Hankook Tire & Technology Co. Ltd.,"1,78,701","71,69,371",,
ESGE,ESG Aware MSCI EM ETF,31/08/21,South Korea — 12.1%,Hanwha Solutions Corp. (a),"2,04,663","71,68,854",,
ESGE,ESG Aware MSCI EM ETF,31/08/21,South Korea — 12.1%,HMM Co. Ltd. (a),"2,05,440","74,24,288",,
ESGE,ESG Aware MSCI EM ETF,31/08/21,South Korea — 12.1%,Kakao Corp.,"2,28,654","3,05,09,504",,
ESGE,ESG Aware MSCI EM ETF,31/08/21,South Korea — 12.1%,KB Financial Group Inc.,"6,09,655","2,77,33,225",,
ESGE,ESG Aware MSCI EM ETF,31/08/21,South Korea — 12.1%,LG Chem Ltd.,"36,937","2,40,68,374",,
ESGE,ESG Aware MSCI EM ETF,31/08/21,South Korea — 12.1%,LG Corp.,"84,076","68,96,084",,
ESGE,ESG Aware MSCI EM ETF,31/08/21,South Korea — 12.1%,LG Display Co. Ltd. (a)(b),"9,10,968","1,60,24,996",,
ESGE,ESG Aware MSCI EM ETF,31/08/21,South Korea — 12.1%,LG Electronics Inc.,"1,43,825","1,75,65,582",,
ESGE,ESG Aware MSCI EM ETF,31/08/21,South Korea — 12.1%,LG Household & Health Care Ltd.,"11,879","1,49,68,493",,
ESGE,ESG Aware MSCI EM ETF,31/08/21,South Korea — 12.1%,NAVER Corp.,"2,10,566","7,97,28,054",,
ESGE,ESG Aware MSCI EM ETF,31/08/21,South Korea — 12.1%,NCSoft Corp.,"9,505","54,05,562",,
ESGE,ESG Aware MSCI EM ETF,31/08/21,South Korea — 12.1%,POSCO,"93,236","2,68,36,134",,
ESGE,ESG Aware MSCI EM ETF,31/08/21,South Korea — 12.1%,Samsung C&T Corp.,"1,00,453","1,14,91,162",,
ESGE,ESG Aware MSCI EM ETF,31/08/21,South Korea — 12.1%,Samsung Electro-Mechanics Co. Ltd.,"60,892","96,62,829",,
ESGE,ESG Aware MSCI EM ETF,31/08/21,South Korea — 12.1%,Samsung Electronics Co. Ltd.,"42,86,865","28,30,11,236",,
ESGE,ESG Aware MSCI EM ETF,31/08/21,South Korea — 12.1%,Samsung Engineering Co. Ltd. (a),"3,89,554","74,84,786",,
ESGE,ESG Aware MSCI EM ETF,31/08/21,South Korea — 12.1%,Samsung Fire & Marine Insurance Co. Ltd.,"78,654","1,53,10,066",,
ESGE,ESG Aware MSCI EM ETF,31/08/21,South Korea — 12.1%,Samsung Life Insurance Co. Ltd.,"1,06,973","68,58,778",,
ESGE,ESG Aware MSCI EM ETF,31/08/21,South Korea — 12.1%,Samsung SDI Co. Ltd.,"61,903","4,21,92,263",,
ESGE,ESG Aware MSCI EM ETF,31/08/21,South Korea — 12.1%,Samsung SDS Co. Ltd.,"66,257","98,34,845",,
ESGE,ESG Aware MSCI EM ETF,31/08/21,South Korea — 12.1%,Samsung Securities Co. Ltd.,"2,52,795","1,07,81,588",,
ESGE,ESG Aware MSCI EM ETF,31/08/21,South Korea — 12.1%,Shinhan Financial Group Co. Ltd.,"9,34,577","3,11,34,150",,
ESGE,ESG Aware MSCI EM ETF,31/08/21,South Korea — 12.1%,SK Hynix Inc.,"4,72,912","4,33,00,023",,
ESGE,ESG Aware MSCI EM ETF,31/08/21,South Korea — 12.1%,SK Inc.,"75,146","1,70,25,232",,
ESGE,ESG Aware MSCI EM ETF,31/08/21,South Korea — 12.1%,SK Innovation Co. Ltd. (a),"63,484","1,36,09,207",,
ESGE,ESG Aware MSCI EM ETF,31/08/21,South Korea — 12.1%,SK Telecom Co. Ltd.,"59,956","1,54,15,236","85,81,37,365",
ESGE,ESG Aware MSCI EM ETF,31/08/21,Taiwan — 16.1%,Acer Inc.,"1,45,43,000","1,31,98,686",,
ESGE,ESG Aware MSCI EM ETF,31/08/21,Taiwan — 16.1%,ASE Technology Holding Co. Ltd.,"23,23,000","1,06,97,351",,
ESGE,ESG Aware MSCI EM ETF,31/08/21,Taiwan — 16.1%,Asustek Computer Inc.,"5,82,000","67,94,143",,
ESGE,ESG Aware MSCI EM ETF,31/08/21,Taiwan — 16.1%,AU Optronics Corp.,"97,46,000","61,44,787",,
ESGE,ESG Aware MSCI EM ETF,31/08/21,Taiwan — 16.1%,Cathay Financial Holding Co. Ltd.,"3,17,86,110","6,82,63,167",,
ESGE,ESG Aware MSCI EM ETF,31/08/21,Taiwan — 16.1%,Chailease Holding Co. Ltd.,"13,97,219","1,34,03,817",,
ESGE,ESG Aware MSCI EM ETF,31/08/21,Taiwan — 16.1%,China Steel Corp.,"1,58,90,000","2,18,27,504",,
ESGE,ESG Aware MSCI EM ETF,31/08/21,Taiwan — 16.1%,Chunghwa Telecom Co. Ltd.,"39,35,000","1,59,18,017",,
ESGE,ESG Aware MSCI EM ETF,31/08/21,Taiwan — 16.1%,CTBC Financial Holding Co. Ltd.,"6,75,15,000","5,59,58,788",,
ESGE,ESG Aware MSCI EM ETF,31/08/21,Taiwan — 16.1%,Delta Electronics Inc.,"22,01,000","2,14,39,826",,
ESGE,ESG Aware MSCI EM ETF,31/08/21,Taiwan — 16.1%,E.Sun Financial Holding Co. Ltd.,"4,62,82,132","4,43,65,791",,
ESGE,ESG Aware MSCI EM ETF,31/08/21,Taiwan — 16.1%,Evergreen Marine Corp. Taiwan Ltd.,"30,32,000","1,48,00,823",,
ESGE,ESG Aware MSCI EM ETF,31/08/21,Taiwan — 16.1%,First Financial Holding Co. Ltd.,"5,32,23,689","4,39,57,299",,
ESGE,ESG Aware MSCI EM ETF,31/08/21,Taiwan — 16.1%,Fubon Financial Holding Co. Ltd.,"1,60,26,000","4,90,88,222",,
ESGE,ESG Aware MSCI EM ETF,31/08/21,Taiwan — 16.1%,Hiwin Technologies Corp.,"6,11,821","71,66,204",,
ESGE,ESG Aware MSCI EM ETF,31/08/21,Taiwan — 16.1%,Hon Hai Precision Industry Co. Ltd.,"54,21,000","2,16,47,725",,
ESGE,ESG Aware MSCI EM ETF,31/08/21,Taiwan — 16.1%,Hotai Motor Co. Ltd.,"4,93,000","1,03,41,442",,
ESGE,ESG Aware MSCI EM ETF,31/08/21,Taiwan — 16.1%,Innolux Corp.,"98,29,000","60,88,165",,
ESGE,ESG Aware MSCI EM ETF,31/08/21,Taiwan — 16.1%,Lite-On Technology Corp.,"42,56,039","93,84,612",,
ESGE,ESG Aware MSCI EM ETF,31/08/21,Taiwan — 16.1%,MediaTek Inc.,"12,92,000","4,18,95,971",,
ESGE,ESG Aware MSCI EM ETF,31/08/21,Taiwan — 16.1%,Mega Financial Holding Co. Ltd.,"1,23,26,000","1,45,78,465",,
ESGE,ESG Aware MSCI EM ETF,31/08/21,Taiwan — 16.1%,President Chain Store Corp.,"32,96,000","3,39,37,475",,
ESGE,ESG Aware MSCI EM ETF,31/08/21,Taiwan — 16.1%,Taishin Financial Holding Co. Ltd.,"7,71,93,224","5,38,59,520",,
ESGE,ESG Aware MSCI EM ETF,31/08/21,Taiwan — 16.1%,Taiwan Semiconductor Manufacturing Co. Ltd.,"2,29,80,000","50,40,71,383",,
ESGE,ESG Aware MSCI EM ETF,31/08/21,Taiwan — 16.1%,United Microelectronics Corp.,"1,06,52,000","2,41,36,692",,
ESGE,ESG Aware MSCI EM ETF,31/08/21,Taiwan — 16.1%,Yageo Corp.,"6,55,000","1,12,76,782",,
ESGE,ESG Aware MSCI EM ETF,31/08/21,Taiwan — 16.1%,Yang Ming Marine Transport Corp. (a),"14,61,000","70,37,852",,
ESGE,ESG Aware MSCI EM ETF,31/08/21,Taiwan — 16.1%,Yuanta Financial Holding Co. Ltd.,"1,19,28,040","1,07,45,060","1,14,20,25,569",
ESGE,ESG Aware MSCI EM ETF,31/08/21,Thailand — 2.3%,"Advanced Info Service PCL, NVDR","13,97,300","81,47,584",,
ESGE,ESG Aware MSCI EM ETF,31/08/21,Thailand — 2.3%,"Asset World Corp. PCL, NVDR (a)","5,90,49,200","79,50,780",,
ESGE,ESG Aware MSCI EM ETF,31/08/21,Thailand — 2.3%,"Bangkok Dusit Medical Services PCL, NVDR","2,88,45,600","2,09,24,357",,
ESGE,ESG Aware MSCI EM ETF,31/08/21,Thailand — 2.3%,"BTS Group Holdings PCL, NVDR (b)","8,29,65,900","2,41,89,606",,
ESGE,ESG Aware MSCI EM ETF,31/08/21,Thailand — 2.3%,"Delta Electronics Thailand PCL, NVDR","4,32,300","78,27,820",,
ESGE,ESG Aware MSCI EM ETF,31/08/21,Thailand — 2.3%,"Home Product Center PCL, NVDR","2,59,21,000","1,14,85,150",,
ESGE,ESG Aware MSCI EM ETF,31/08/21,Thailand — 2.3%,"Minor International PCL, NVDR (a)","98,54,700","1,00,09,044",,
ESGE,ESG Aware MSCI EM ETF,31/08/21,Thailand — 2.3%,"PTT Exploration & Production PCL, NVDR","25,47,200","87,90,488",,
ESGE,ESG Aware MSCI EM ETF,31/08/21,Thailand — 2.3%,"PTT Global Chemical PCL, NVDR","55,50,700","1,10,07,447",,
ESGE,ESG Aware MSCI EM ETF,31/08/21,Thailand — 2.3%,"PTT PCL, NVDR","1,85,08,900","2,19,20,713",,
ESGE,ESG Aware MSCI EM ETF,31/08/21,Thailand — 2.3%,"Siam Cement PCL (The), NVDR","16,33,900","2,17,82,165",,
ESGE,ESG Aware MSCI EM ETF,31/08/21,Thailand — 2.3%,"Siam Commercial Bank PCL (The), NVDR","31,88,200","1,05,17,842","16,45,52,996",
ESGE,ESG Aware MSCI EM ETF,31/08/21,Turkey — 0.2%,Turkcell Iletisim Hizmetleri AS,"75,87,796","1,50,03,994","1,50,03,994",
ESGE,ESG Aware MSCI EM ETF,31/08/21,United Arab Emirates — 1.0%,Abu Dhabi Commercial Bank PJSC,"41,94,746","85,76,438",,
ESGE,ESG Aware MSCI EM ETF,31/08/21,United Arab Emirates — 1.0%,Abu Dhabi Islamic Bank PJSC,"45,08,086","69,19,919",,
ESGE,ESG Aware MSCI EM ETF,31/08/21,United Arab Emirates — 1.0%,Abu Dhabi National Oil Co. for Distribution PJSC,"79,03,106","97,25,178",,
ESGE,ESG Aware MSCI EM ETF,31/08/21,United Arab Emirates — 1.0%,First Abu Dhabi Bank PJSC,"98,53,017","4,56,01,538","7,08,23,073","6,95,99,83,444"
ESGE,ESG Aware MSCI EM ETF,31/08/21,BRAZIL — 1.1%,"Banco Bradesco SA, Preference Shares, NVS","80,80,827","3,61,78,376",,
ESGE,ESG Aware MSCI EM ETF,31/08/21,BRAZIL — 1.1%,"Cia. Energetica de Minas Gerais, Preference Shares, NVS","70,63,078","1,84,54,046",,
ESGE,ESG Aware MSCI EM ETF,31/08/21,BRAZIL — 1.1%,"Gerdau SA, Preference Shares, NVS","12,82,755","70,25,532",,
ESGE,ESG Aware MSCI EM ETF,31/08/21,BRAZIL — 1.1%,"Itau Unibanco Holding SA, Preference Shares, NVS","27,10,234","1,62,16,957","7,78,74,911",
ESGE,ESG Aware MSCI EM ETF,31/08/21,COLOMBIA — 0.1%,"Bancolombia SA, Preference Shares, NVS","9,57,978","79,80,715","79,80,715",
ESGE,ESG Aware MSCI EM ETF,31/08/21,SOUTH KOREA — 0.8%,"LG Household & Health Care Ltd., Preference Shares, NVS","11,480","67,97,850",,
ESGE,ESG Aware MSCI EM ETF,31/08/21,SOUTH KOREA — 0.8%,"Samsung Electronics Co. Ltd., Preference Shares, NVS","8,16,600","4,97,85,217","5,65,83,067","14,24,38,693"
ESGE,ESG Aware MSCI EM ETF,31/08/21,THAILAND — 0.0% (Warrants),BTS Group Holdings PCL (Expires 07/22/22)(a),"85,93,010",3,,
ESGE,ESG Aware MSCI EM ETF,31/08/21,THAILAND — 0.0% (Warrants),BTS Group Holdings PCL (Expires 07/22/22)(a),"42,96,505",1,,
ESGE,ESG Aware MSCI EM ETF,31/08/21,THAILAND — 0.0% (Warrants),BTS Group Holdings PCL (Expires 07/22/22)(a),"1,71,86,202",5,9,9
ESGE,ESG Aware MSCI EM ETF,31/08/21,MONEY MARKET FUNDS — 0.7%,"BlackRock Cash Funds: Institutional, SL Agency Shares, 0.06%(g)(h)(l)","4,11,64,987","4,11,85,570",,
ESGE,ESG Aware MSCI EM ETF,31/08/21,MONEY MARKET FUNDS — 0.7%,"BlackRock Cash Funds: Treasury, SL Agency Shares, 0.00%(g)(h)","61,40,000","61,40,000","4,73,25,570","4,73,25,570"
ESGU,USA ETF,31/08/21,Aerospace & Defense — 1.1%,Howmet Aerospace Inc.,"6,78,826","2,15,52,726",,
ESGU,USA ETF,31/08/21,Aerospace & Defense — 1.1%,Huntington Ingalls Industries Inc.,"2,07,885","4,24,43,880",,
ESGU,USA ETF,31/08/21,Aerospace & Defense — 1.1%,L3Harris Technologies Inc.,"2,54,173","5,92,24,851",,
ESGU,USA ETF,31/08/21,Aerospace & Defense — 1.1%,Raytheon Technologies Corp.,"11,97,765","10,15,22,561",,
ESGU,USA ETF,31/08/21,Aerospace & Defense — 1.1%,TransDigm Group Inc. (a),"36,567","2,22,13,356","24,69,57,374",
ESGU,USA ETF,31/08/21,Air Freight & Logistics — 0.9%,CH Robinson Worldwide Inc.,"4,08,596","3,67,98,156",,
ESGU,USA ETF,31/08/21,Air Freight & Logistics — 0.9%,Expeditors International of Washington Inc.,"5,95,185","7,41,83,858",,
ESGU,USA ETF,31/08/21,Air Freight & Logistics — 0.9%,FedEx Corp.,"1,07,536","2,85,71,240",,
ESGU,USA ETF,31/08/21,Air Freight & Logistics — 0.9%,"United Parcel Service Inc., Class B","3,40,677","6,66,46,641","20,61,99,895",
ESGU,USA ETF,31/08/21,Auto Components — 0.3%,Aptiv PLC (a),"3,46,795","5,27,78,731",,
ESGU,USA ETF,31/08/21,Auto Components — 0.3%,BorgWarner Inc.,"5,06,890","2,16,34,065","7,44,12,796",
ESGU,USA ETF,31/08/21,Automobiles — 1.5%,Tesla Inc. (a),"4,52,785","33,31,22,980","33,31,22,980",
ESGU,USA ETF,31/08/21,Banks — 3.8%,Bank of America Corp.,"44,63,629","18,63,56,511",,
ESGU,USA ETF,31/08/21,Banks — 3.8%,Citigroup Inc.,"16,36,335","11,76,68,850",,
,,,,Huntington Bancshares Inc./OH,"34,24,258","5,31,78,727",,
ESGU,USA ETF,31/08/21,Banks — 3.8%,JPMorgan Chase & Co.,"16,71,171","26,73,03,801",,
ESGU,USA ETF,31/08/21,Banks — 3.8%,KeyCorp,"10,91,829","2,21,85,965",,
ESGU,USA ETF,31/08/21,Banks — 3.8%,PNC Financial Services Group Inc. (The),"2,15,361","4,11,55,487",,
ESGU,USA ETF,31/08/21,Banks — 3.8%,Regions Financial Corp.,"23,92,869","4,88,86,314",,
ESGU,USA ETF,31/08/21,Banks — 3.8%,SVB Financial Group (a),"42,263","2,36,46,148",,
ESGU,USA ETF,31/08/21,Banks — 3.8%,Truist Financial Corp.,"9,99,920","5,70,55,435",,
ESGU,USA ETF,31/08/21,Banks — 3.8%,U.S. Bancorp.,"5,14,622","2,95,34,157","84,69,71,395",
ESGU,USA ETF,31/08/21,Beverages — 1.8%,"Brown-Forman Corp., Class B, NVS","3,13,139","2,19,88,621",,
ESGU,USA ETF,31/08/21,Beverages — 1.8%,Coca-Cola Co. (The),"29,42,006","16,56,64,358",,
ESGU,USA ETF,31/08/21,Beverages — 1.8%,Keurig Dr Pepper Inc.,"7,65,247","2,72,96,361",,
ESGU,USA ETF,31/08/21,Beverages — 1.8%,"Molson Coors Beverage Co., Class B","5,36,297","2,54,90,196",,
ESGU,USA ETF,31/08/21,Beverages — 1.8%,PepsiCo Inc.,"10,53,606","16,47,73,442","40,52,12,978",
ESGU,USA ETF,31/08/21,Biotechnology — 2.2%,AbbVie Inc.,"8,69,160","10,49,77,145",,
ESGU,USA ETF,31/08/21,Biotechnology — 2.2%,Alnylam Pharmaceuticals Inc. (a),"1,09,407","2,20,37,852",,
ESGU,USA ETF,31/08/21,Biotechnology — 2.2%,Amgen Inc.,"4,41,749","9,96,27,652",,
ESGU,USA ETF,31/08/21,Biotechnology — 2.2%,Biogen Inc. (a),"1,24,156","4,20,77,710",,
ESGU,USA ETF,31/08/21,Biotechnology — 2.2%,Gilead Sciences Inc.,"10,29,499","7,49,26,937",,
ESGU,USA ETF,31/08/21,Biotechnology — 2.2%,Moderna Inc. (a),"1,76,328","6,64,20,994",,
ESGU,USA ETF,31/08/21,Biotechnology — 2.2%,Regeneron Pharmaceuticals Inc. (a),"44,627","3,00,51,822",,
ESGU,USA ETF,31/08/21,Biotechnology — 2.2%,Vertex Pharmaceuticals Inc. (a),"2,29,084","4,58,83,234","48,60,03,346",
ESGU,USA ETF,31/08/21,Building Products — 1.2%,Allegion PLC,"1,53,713","2,21,33,135",,
ESGU,USA ETF,31/08/21,Building Products — 1.2%,Carrier Global Corp.,"6,80,721","3,92,09,530",,
,,,,Fortune Brands Home & Security Inc.,"2,21,325","2,15,50,415",,
ESGU,USA ETF,31/08/21,Building Products — 1.2%,Johnson Controls International PLC,"12,46,675","9,32,51,290",,
ESGU,USA ETF,31/08/21,Building Products — 1.2%,Owens Corning,"2,35,325","2,24,85,304",,
ESGU,USA ETF,31/08/21,Building Products — 1.2%,Trane Technologies PLC,"3,35,829","6,66,62,056","26,52,91,730",
ESGU,USA ETF,31/08/21,Capital Markets — 3.3%,Ameriprise Financial Inc.,"82,779","2,25,91,218",,
ESGU,USA ETF,31/08/21,Capital Markets — 3.3%,Bank of New York Mellon Corp. (The),"9,52,776","5,26,12,291",,
ESGU,USA ETF,31/08/21,Capital Markets — 3.3%,BlackRock Inc. (b),"1,31,812","12,43,36,941",,
ESGU,USA ETF,31/08/21,Capital Markets — 3.3%,Charles Schwab Corp. (The),"6,43,133","4,68,52,239",,
ESGU,USA ETF,31/08/21,Capital Markets — 3.3%,CME Group Inc.,"2,22,349","4,48,52,240",,
ESGU,USA ETF,31/08/21,Capital Markets — 3.3%,FactSet Research Systems Inc.,"59,029","2,24,44,006",,
ESGU,USA ETF,31/08/21,Capital Markets — 3.3%,Goldman Sachs Group Inc. (The),"1,25,496","5,18,93,851",,
ESGU,USA ETF,31/08/21,Capital Markets — 3.3%,Invesco Ltd.,"9,20,269","2,33,01,211",,
ESGU,USA ETF,31/08/21,Capital Markets — 3.3%,Moody’s Corp.,"1,21,132","4,61,23,432",,
ESGU,USA ETF,31/08/21,Capital Markets — 3.3%,Morgan Stanley,"11,49,367","12,00,28,396",,
ESGU,USA ETF,31/08/21,Capital Markets — 3.3%,Northern Trust Corp.,"3,68,558","4,36,81,494",,
ESGU,USA ETF,31/08/21,Capital Markets — 3.3%,S&P Global Inc.,"1,44,307","6,40,46,333",,
ESGU,USA ETF,31/08/21,Capital Markets — 3.3%,State Street Corp.,"4,36,730","4,05,76,584",,
ESGU,USA ETF,31/08/21,Capital Markets — 3.3%,T Rowe Price Group Inc.,"1,87,806","4,20,44,129","74,53,84,365",
ESGU,USA ETF,31/08/21,Chemicals — 1.8%,Air Products & Chemicals Inc.,"79,423","2,14,05,293",,
ESGU,USA ETF,31/08/21,Chemicals — 1.8%,Dow Inc.,"4,58,355","2,88,30,530",,
ESGU,USA ETF,31/08/21,Chemicals — 1.8%,DuPont de Nemours Inc.,"3,98,394","2,94,89,124",,
ESGU,USA ETF,31/08/21,Chemicals — 1.8%,Ecolab Inc.,"3,68,935","8,31,43,192",,
ESGU,USA ETF,31/08/21,Chemicals — 1.8%,International Flavors & Fragrances Inc.,"2,03,849","3,08,83,123",,
ESGU,USA ETF,31/08/21,Chemicals — 1.8%,Linde PLC,"3,44,965","10,85,22,539",,
ESGU,USA ETF,31/08/21,Chemicals — 1.8%,"LyondellBasell Industries NV, Class A","2,21,585","2,22,36,055",,
ESGU,USA ETF,31/08/21,Chemicals — 1.8%,Mosaic Co. (The),"7,28,874","2,34,55,165",,
ESGU,USA ETF,31/08/21,Chemicals — 1.8%,PPG Industries Inc.,"2,14,642","3,42,46,131",,
ESGU,USA ETF,31/08/21,Chemicals — 1.8%,Sherwin-Williams Co. (The),"77,470","2,35,25,315","40,57,36,467",
ESGU,USA ETF,31/08/21,Commercial Services & Supplies — 0.2%,Copart Inc. (a),"1,56,654","2,26,08,306",,
ESGU,USA ETF,31/08/21,Commercial Services & Supplies — 0.2%,Waste Management Inc.,"1,42,157","2,20,49,972","4,46,58,278",
ESGU,USA ETF,31/08/21,Communications Equipment — 0.9%,Cisco Systems Inc.,"29,85,852","17,62,24,985",,
ESGU,USA ETF,31/08/21,Communications Equipment — 0.9%,Motorola Solutions Inc.,"1,43,759","3,51,08,823","21,13,33,808",
ESGU,USA ETF,31/08/21,Consumer Finance — 0.8%,Ally Financial Inc.,"5,44,063","2,87,80,933",,
ESGU,USA ETF,31/08/21,Consumer Finance — 0.8%,American Express Co.,"7,21,735","11,97,79,141",,
ESGU,USA ETF,31/08/21,Consumer Finance — 0.8%,Discover Financial Services,"1,71,315","2,19,66,009","17,05,26,083",
ESGU,USA ETF,31/08/21,Containers & Packaging — 0.5%,Amcor PLC,"29,89,963","3,84,21,025",,
ESGU,USA ETF,31/08/21,Containers & Packaging — 0.5%,Ball Corp.,"4,63,716","4,44,98,187",,
ESGU,USA ETF,31/08/21,Containers & Packaging — 0.5%,International Paper Co.,"3,70,575","2,22,67,852","10,51,87,064",
ESGU,USA ETF,31/08/21,Distributors — 0.2%,LKQ Corp. (a),"4,76,427","2,51,02,939",,
ESGU,USA ETF,31/08/21,Distributors — 0.2%,Pool Corp.,"44,495","2,19,93,878","4,70,96,817",
ESGU,USA ETF,31/08/21,Diversified Financial Services — 0.7%,"Berkshire Hathaway Inc., Class B (a)","4,47,196","12,77,95,201",,
ESGU,USA ETF,31/08/21,Diversified Financial Services — 0.7%,Voya Financial Inc.,"3,36,077","2,18,38,283","14,96,33,484",
ESGU,USA ETF,31/08/21,Diversified Telecommunication Services — 1.0%,AT&T Inc.,"32,31,888","8,86,18,368",,
ESGU,USA ETF,31/08/21,Diversified Telecommunication Services — 1.0%,Lumen Technologies Inc.,"19,00,598","2,33,77,355",,
ESGU,USA ETF,31/08/21,Diversified Telecommunication Services — 1.0%,Verizon Communications Inc.,"20,75,958","11,41,77,690","22,61,73,413",
ESGU,USA ETF,31/08/21,Electric Utilities — 1.5%,Entergy Corp.,"2,77,062","3,06,45,828",,
ESGU,USA ETF,31/08/21,Electric Utilities — 1.5%,Eversource Energy,"7,48,340","6,78,96,888",,
ESGU,USA ETF,31/08/21,Electric Utilities — 1.5%,Exelon Corp.,"10,71,952","5,25,47,087",,
ESGU,USA ETF,31/08/21,Electric Utilities — 1.5%,NextEra Energy Inc.,"20,57,274","17,27,90,443","32,38,80,246",
ESGU,USA ETF,31/08/21,Electrical Equipment — 0.4%,Eaton Corp. PLC,"1,29,108","2,17,36,623",,
ESGU,USA ETF,31/08/21,Electrical Equipment — 0.4%,Emerson Electric Co.,"2,12,912","2,24,62,216",,
ESGU,USA ETF,31/08/21,Electrical Equipment — 0.4%,Generac Holdings Inc. (a),"55,004","2,40,35,648",,
ESGU,USA ETF,31/08/21,Electrical Equipment — 0.4%,Rockwell Automation Inc.,"73,128","2,37,99,507","9,20,33,994",
ESGU,USA ETF,31/08/21,"Electronic Equipment, Instruments & Components — 0.7%",Cognex Corp.,"2,57,936","2,28,58,288",,
ESGU,USA ETF,31/08/21,"Electronic Equipment, Instruments & Components — 0.7%",Keysight Technologies Inc. (a),"1,62,265","2,91,07,096",,
ESGU,USA ETF,31/08/21,"Electronic Equipment, Instruments & Components — 0.7%",TE Connectivity Ltd.,"1,46,678","2,20,33,969",,
ESGU,USA ETF,31/08/21,"Electronic Equipment, Instruments & Components — 0.7%",Teledyne Technologies Inc. (a),"55,075","2,55,20,654",,
ESGU,USA ETF,31/08/21,"Electronic Equipment, Instruments & Components — 0.7%",Trimble Inc. (a),"4,28,351","4,03,59,231",,
ESGU,USA ETF,31/08/21,"Electronic Equipment, Instruments & Components — 0.7%","Zebra Technologies Corp., Class A (a)","43,589","2,55,94,153","16,54,73,391",
ESGU,USA ETF,31/08/21,Energy Equipment & Services — 0.3%,Baker Hughes Co.,"10,67,530","2,43,18,334",,
ESGU,USA ETF,31/08/21,Energy Equipment & Services — 0.3%,Schlumberger Ltd.,"15,08,556","4,22,99,910","6,66,18,244",
ESGU,USA ETF,31/08/21,Entertainment — 1.8%,Activision Blizzard Inc.,"2,73,297","2,25,11,474",,
ESGU,USA ETF,31/08/21,Entertainment — 1.8%,Electronic Arts Inc.,"1,51,792","2,20,41,716",,
ESGU,USA ETF,31/08/21,Entertainment — 1.8%,Netflix Inc. (a),"2,17,357","12,37,17,431",,
ESGU,USA ETF,31/08/21,Entertainment — 1.8%,Roku Inc. (a),"64,039","2,25,67,343",,
ESGU,USA ETF,31/08/21,Entertainment — 1.8%,Walt Disney Co. (The) (a),"11,43,329","20,72,85,548","39,81,23,512",
ESGU,USA ETF,31/08/21,Equity Real Estate Investment Trusts (REITs) — 2.8%,American Tower Corp.,"3,26,998","9,55,39,006",,
ESGU,USA ETF,31/08/21,Equity Real Estate Investment Trusts (REITs) — 2.8%,Boston Properties Inc.,"1,91,074","2,15,89,451",,
ESGU,USA ETF,31/08/21,Equity Real Estate Investment Trusts (REITs) — 2.8%,Crown Castle International Corp.,"2,99,743","5,83,56,965",,
ESGU,USA ETF,31/08/21,Equity Real Estate Investment Trusts (REITs) — 2.8%,Digital Realty Trust Inc.,"1,32,308","2,16,86,604",,
ESGU,USA ETF,31/08/21,Equity Real Estate Investment Trusts (REITs) — 2.8%,Equinix Inc.,"84,645","7,13,93,825",,
ESGU,USA ETF,31/08/21,Equity Real Estate Investment Trusts (REITs) — 2.8%,Equity Residential,"3,15,192","2,64,98,191",,
ESGU,USA ETF,31/08/21,Equity Real Estate Investment Trusts (REITs) — 2.8%,Healthpeak Properties Inc.,"11,93,203","4,29,55,308",,
ESGU,USA ETF,31/08/21,Equity Real Estate Investment Trusts (REITs) — 2.8%,Host Hotels & Resorts Inc. (a),"14,50,388","2,40,18,425",,
ESGU,USA ETF,31/08/21,Equity Real Estate Investment Trusts (REITs) — 2.8%,Prologis Inc.,"5,53,603","7,45,48,180",,
ESGU,USA ETF,31/08/21,Equity Real Estate Investment Trusts (REITs) — 2.8%,Regency Centers Corp.,"3,34,674","2,29,65,330",,
ESGU,USA ETF,31/08/21,Equity Real Estate Investment Trusts (REITs) — 2.8%,SBA Communications Corp.,"59,912","2,15,06,611",,
ESGU,USA ETF,31/08/21,Equity Real Estate Investment Trusts (REITs) — 2.8%,Simon Property Group Inc.,"1,76,236","2,36,94,930",,
ESGU,USA ETF,31/08/21,Equity Real Estate Investment Trusts (REITs) — 2.8%,Ventas Inc.,"5,09,841","2,85,20,506",,
ESGU,USA ETF,31/08/21,Equity Real Estate Investment Trusts (REITs) — 2.8%,Welltower Inc.,"4,49,154","3,93,14,450",,
ESGU,USA ETF,31/08/21,Equity Real Estate Investment Trusts (REITs) — 2.8%,Weyerhaeuser Co.,"11,57,367","4,16,65,212","61,42,52,994",
,,31/08/21,Food & Staples Retailing — 0.8%,Costco Wholesale Corp.,"1,87,556","8,54,29,882",,
ESGU,USA ETF,31/08/21,Food & Staples Retailing — 0.8%,Kroger Co. (The),"7,66,716","3,52,91,938",,
ESGU,USA ETF,31/08/21,Food & Staples Retailing — 0.8%,Sysco Corp.,"3,19,782","2,54,70,636",,
ESGU,USA ETF,31/08/21,Food & Staples Retailing — 0.8%,Walgreens Boots Alliance Inc.,"4,87,672","2,47,49,354","17,09,41,810",
ESGU,USA ETF,31/08/21,Food Products — 1.4%,Archer-Daniels-Midland Co.,"5,79,482","3,47,68,920",,
ESGU,USA ETF,31/08/21,Food Products — 1.4%,Bunge Ltd.,"3,53,434","2,67,58,488",,
ESGU,USA ETF,31/08/21,Food Products — 1.4%,Campbell Soup Co.,"4,98,905","2,08,19,306",,
ESGU,USA ETF,31/08/21,Food Products — 1.4%,Conagra Brands Inc.,"6,42,601","2,12,82,945",,
ESGU,USA ETF,31/08/21,Food Products — 1.4%,General Mills Inc.,"5,17,047","2,98,90,487",,
ESGU,USA ETF,31/08/21,Food Products — 1.4%,Hormel Foods Corp.,"6,16,598","2,80,79,873",,
ESGU,USA ETF,31/08/21,Food Products — 1.4%,JM Smucker Co. (The),"1,62,810","2,01,34,713",,
ESGU,USA ETF,31/08/21,Food Products — 1.4%,Kellogg Co.,"9,32,980","5,89,08,357",,
ESGU,USA ETF,31/08/21,Food Products — 1.4%,Lamb Weston Holdings Inc.,"3,27,896","2,13,62,424",,
ESGU,USA ETF,31/08/21,Food Products — 1.4%,"McCormick & Co. Inc./MD, NVS","2,46,456","2,12,66,688",,
ESGU,USA ETF,31/08/21,Food Products — 1.4%,"Mondelez International Inc., Class A","4,30,085","2,66,95,376","30,99,67,577",
ESGU,USA ETF,31/08/21,Gas Utilities — 0.2%,Atmos Energy Corp.,"2,18,500","2,13,05,935",,
ESGU,USA ETF,31/08/21,Gas Utilities — 0.2%,UGI Corp.,"4,91,705","2,27,70,859","4,40,76,794",
ESGU,USA ETF,31/08/21,Health Care Equipment & Supplies — 3.1%,Abbott Laboratories,"6,53,834","8,26,25,003",,
ESGU,USA ETF,31/08/21,Health Care Equipment & Supplies — 3.1%,Align Technology Inc. (a),"41,284","2,92,70,356",,
ESGU,USA ETF,31/08/21,Health Care Equipment & Supplies — 3.1%,Becton Dickinson and Co.,"1,04,097","2,62,01,215",,
ESGU,USA ETF,31/08/21,Health Care Equipment & Supplies — 3.1%,Danaher Corp.,"2,88,126","9,33,98,924",,
ESGU,USA ETF,31/08/21,Health Care Equipment & Supplies — 3.1%,Dexcom Inc. (a)(c),"77,115","4,08,26,223",,
ESGU,USA ETF,31/08/21,Health Care Equipment & Supplies — 3.1%,Edwards Lifesciences Corp. (a),"5,58,018","6,53,88,549",,
ESGU,USA ETF,31/08/21,Health Care Equipment & Supplies — 3.1%,Hologic Inc. (a),"3,61,619","2,86,22,144",,
ESGU,USA ETF,31/08/21,Health Care Equipment & Supplies — 3.1%,IDEXX Laboratories Inc. (a),"79,260","5,34,02,218",,
ESGU,USA ETF,31/08/21,Health Care Equipment & Supplies — 3.1%,Insulet Corp. (a),"1,15,748","3,44,70,912",,
ESGU,USA ETF,31/08/21,Health Care Equipment & Supplies — 3.1%,Intuitive Surgical Inc. (a),"61,350","6,46,35,906",,
ESGU,USA ETF,31/08/21,Health Care Equipment & Supplies — 3.1%,Medtronic PLC,"1,67,178","2,23,14,919",,
ESGU,USA ETF,31/08/21,Health Care Equipment & Supplies — 3.1%,Novocure Ltd. (a),"1,67,257","2,24,47,562",,
ESGU,USA ETF,31/08/21,Health Care Equipment & Supplies — 3.1%,ResMed Inc.,"1,30,788","3,79,97,838",,
ESGU,USA ETF,31/08/21,Health Care Equipment & Supplies — 3.1%,STERIS PLC,"1,03,328","2,22,16,553",,
ESGU,USA ETF,31/08/21,Health Care Equipment & Supplies — 3.1%,West Pharmaceutical Services Inc.,"1,69,518","7,65,57,719","70,03,76,041",
ESGU,USA ETF,31/08/21,Health Care Providers & Services — 2.4%,Anthem Inc.,"1,26,884","4,75,97,995",,
ESGU,USA ETF,31/08/21,Health Care Providers & Services — 2.4%,Cardinal Health Inc.,"4,19,969","2,20,44,173",,
ESGU,USA ETF,31/08/21,Health Care Providers & Services — 2.4%,Centene Corp. (a),"3,37,239","2,12,39,312",,
ESGU,USA ETF,31/08/21,Health Care Providers & Services — 2.4%,Cigna Corp.,"2,71,622","5,74,88,796",,
ESGU,USA ETF,31/08/21,Health Care Providers & Services — 2.4%,CVS Health Corp.,"6,27,271","5,41,89,942",,
ESGU,USA ETF,31/08/21,Health Care Providers & Services — 2.4%,DaVita Inc. (a),"1,63,096","2,13,28,064",,
ESGU,USA ETF,31/08/21,Health Care Providers & Services — 2.4%,HCA Healthcare Inc.,"1,88,280","4,76,31,074",,
ESGU,USA ETF,31/08/21,Health Care Providers & Services — 2.4%,Humana Inc.,"71,584","2,90,21,585",,
ESGU,USA ETF,31/08/21,Health Care Providers & Services — 2.4%,Laboratory Corp. of America Holdings (a),"80,957","2,45,60,735",,
ESGU,USA ETF,31/08/21,Health Care Providers & Services — 2.4%,Quest Diagnostics Inc.,"1,84,913","2,82,60,254",,
ESGU,USA ETF,31/08/21,Health Care Providers & Services — 2.4%,UnitedHealth Group Inc.,"4,16,953","17,35,65,025","52,69,26,955",
ESGU,USA ETF,31/08/21,Health Care Technology — 0.3%,Cerner Corp.,"5,10,423","3,89,70,796",,
ESGU,USA ETF,31/08/21,Health Care Technology — 0.3%,Teladoc Health Inc. (a)(c),"1,58,943","2,29,54,548","6,19,25,344",
ESGU,USA ETF,31/08/21,"Hotels, Restaurants & Leisure — 1.8%",Booking Holdings Inc. (a),"21,742","4,99,99,425",,
ESGU,USA ETF,31/08/21,"Hotels, Restaurants & Leisure — 1.8%",Caesars Entertainment Inc. (a),"2,61,341","2,65,60,086",,
ESGU,USA ETF,31/08/21,"Hotels, Restaurants & Leisure — 1.8%",Chipotle Mexican Grill Inc. (a),"12,845","2,44,48,274",,
ESGU,USA ETF,31/08/21,"Hotels, Restaurants & Leisure — 1.8%",Darden Restaurants Inc.,"1,57,597","2,37,41,988",,
ESGU,USA ETF,31/08/21,"Hotels, Restaurants & Leisure — 1.8%",Hilton Worldwide Holdings Inc. (a),"3,57,427","4,46,28,335",,
ESGU,USA ETF,31/08/21,"Hotels, Restaurants & Leisure — 1.8%","Marriott International Inc./MD, Class A (a)","1,65,463","2,23,60,670",,
ESGU,USA ETF,31/08/21,"Hotels, Restaurants & Leisure — 1.8%",McDonald’s Corp.,"3,65,971","8,69,03,473",,
ESGU,USA ETF,31/08/21,"Hotels, Restaurants & Leisure — 1.8%",MGM Resorts International,"5,72,306","2,43,91,682",,
ESGU,USA ETF,31/08/21,"Hotels, Restaurants & Leisure — 1.8%",Royal Caribbean Cruises Ltd. (a),"2,81,738","2,33,08,185",,
ESGU,USA ETF,31/08/21,"Hotels, Restaurants & Leisure — 1.8%",Starbucks Corp.,"4,96,027","5,82,78,212",,
ESGU,USA ETF,31/08/21,"Hotels, Restaurants & Leisure — 1.8%",Vail Resorts Inc. (a),"84,181","2,56,62,578","41,02,82,908",
ESGU,USA ETF,31/08/21,Household Durables — 0.1%,Newell Brands Inc.,"8,94,683","2,27,33,895","2,27,33,895",
ESGU,USA ETF,31/08/21,Household Products — 1.5%,Clorox Co. (The),"1,86,086","3,12,71,752",,
ESGU,USA ETF,31/08/21,Household Products — 1.5%,Colgate-Palmolive Co.,"8,44,032","6,57,92,295",,
ESGU,USA ETF,31/08/21,Household Products — 1.5%,Kimberly-Clark Corp.,"4,25,998","5,87,06,784",,
ESGU,USA ETF,31/08/21,Household Products — 1.5%,Procter & Gamble Co. (The),"12,55,031","17,87,03,864","33,44,74,695",
ESGU,USA ETF,31/08/21,Industrial Conglomerates — 1.5%,3M Co.,"6,85,162","13,34,28,448",,
ESGU,USA ETF,31/08/21,Industrial Conglomerates — 1.5%,General Electric Co.,"4,76,900","5,02,70,029",,
ESGU,USA ETF,31/08/21,Industrial Conglomerates — 1.5%,Honeywell International Inc.,"4,94,595","11,47,01,526",,
ESGU,USA ETF,31/08/21,Industrial Conglomerates — 1.5%,Roper Technologies Inc.,"85,471","4,13,06,425","33,97,06,428",
ESGU,USA ETF,31/08/21,Insurance — 1.9%,American International Group Inc.,"6,97,428","3,80,51,672",,
ESGU,USA ETF,31/08/21,Insurance — 1.9%,"Aon PLC, Class A","78,071","2,23,95,447",,
ESGU,USA ETF,31/08/21,Insurance — 1.9%,Arthur J Gallagher & Co.,"1,51,777","2,17,98,213",,
ESGU,USA ETF,31/08/21,Insurance — 1.9%,Chubb Ltd.,"2,74,575","5,04,99,834",,
ESGU,USA ETF,31/08/21,Insurance — 1.9%,Hartford Financial Services Group Inc. (The),"3,26,903","2,19,74,420",,
ESGU,USA ETF,31/08/21,Insurance — 1.9%,Lincoln National Corp.,"3,29,554","2,26,23,882",,
ESGU,USA ETF,31/08/21,Insurance — 1.9%,Marsh & McLennan Companies Inc.,"4,83,108","7,59,44,577",,
ESGU,USA ETF,31/08/21,Insurance — 1.9%,MetLife Inc.,"9,47,543","5,87,47,666",,
ESGU,USA ETF,31/08/21,Insurance — 1.9%,Progressive Corp. (The),"2,34,117","2,25,54,832",,
ESGU,USA ETF,31/08/21,Insurance — 1.9%,Prudential Financial Inc.,"3,88,122","4,10,94,357",,
ESGU,USA ETF,31/08/21,Insurance — 1.9%,Travelers Companies Inc. (The),"2,43,871","3,89,48,637","41,46,33,537",
ESGU,USA ETF,31/08/21,Interactive Media & Services — 6.4%,"Alphabet Inc., Class A (a)","1,56,467","45,28,07,675",,
ESGU,USA ETF,31/08/21,Interactive Media & Services — 6.4%,"Alphabet Inc., Class C, NVS (a)","1,58,414","46,08,64,345",,
ESGU,USA ETF,31/08/21,Interactive Media & Services — 6.4%,"Facebook Inc., Class A (a)","11,80,080","44,76,98,750",,
ESGU,USA ETF,31/08/21,Interactive Media & Services — 6.4%,"Snap Inc., Class A, NVS (a)","5,18,743","3,94,81,530",,
ESGU,USA ETF,31/08/21,Interactive Media & Services — 6.4%,Twitter Inc. (a),"3,47,355","2,24,04,398","1,42,32,56,698",
ESGU,USA ETF,31/08/21,Internet & Direct Marketing Retail — 4.3%,Amazon.com Inc. (a),"2,41,666","83,87,71,936",,
ESGU,USA ETF,31/08/21,Internet & Direct Marketing Retail — 4.3%,eBay Inc.,"4,10,418","3,14,95,477",,
ESGU,USA ETF,31/08/21,Internet & Direct Marketing Retail — 4.3%,Etsy Inc. (a),"1,12,090","2,42,40,583",,
ESGU,USA ETF,31/08/21,Internet & Direct Marketing Retail — 4.3%,MercadoLibre Inc. (a),"28,372","5,29,83,292","94,74,91,288",
ESGU,USA ETF,31/08/21,IT Services — 5.7%,"Accenture PLC, Class A","3,46,062","11,64,70,627",,
ESGU,USA ETF,31/08/21,IT Services — 5.7%,Akamai Technologies Inc. (a),"1,90,698","2,15,96,548",,
ESGU,USA ETF,31/08/21,IT Services — 5.7%,Automatic Data Processing Inc.,"4,39,467","9,18,66,182",,
ESGU,USA ETF,31/08/21,IT Services — 5.7%,"Cloudflare Inc., Class A (a)","1,82,415","2,20,24,787",,
ESGU,USA ETF,31/08/21,IT Services — 5.7%,"Cognizant Technology Solutions Corp., Class A","2,84,380","2,17,01,038",,
ESGU,USA ETF,31/08/21,IT Services — 5.7%,Fidelity National Information Services Inc.,"2,64,596","3,38,07,431",,
ESGU,USA ETF,31/08/21,IT Services — 5.7%,Fiserv Inc. (a),"3,17,292","3,73,73,825",,
ESGU,USA ETF,31/08/21,IT Services — 5.7%,International Business Machines Corp.,"7,86,719","11,04,08,144",,
ESGU,USA ETF,31/08/21,IT Services — 5.7%,"Mastercard Inc., Class A","4,96,915","17,20,46,880",,
ESGU,USA ETF,31/08/21,IT Services — 5.7%,MongoDB Inc. (a),"59,067","2,31,44,222",,
ESGU,USA ETF,31/08/21,IT Services — 5.7%,Okta Inc. (a)(c),"1,30,204","3,43,21,774",,
ESGU,USA ETF,31/08/21,IT Services — 5.7%,PayPal Holdings Inc. (a),"6,10,559","17,62,43,961",,
ESGU,USA ETF,31/08/21,IT Services — 5.7%,"Snowflake Inc., Class A (a)","1,19,411","3,63,42,738",,
ESGU,USA ETF,31/08/21,IT Services — 5.7%,"Square Inc., Class A (a)(c)","2,16,215","5,79,60,755",,
ESGU,USA ETF,31/08/21,IT Services — 5.7%,"Twilio Inc., Class A (a)","1,29,958","4,63,89,808",,
ESGU,USA ETF,31/08/21,IT Services — 5.7%,VeriSign Inc. (a),"1,01,745","2,20,03,374",,
ESGU,USA ETF,31/08/21,IT Services — 5.7%,"Visa Inc., Class A","9,74,938","22,33,58,296",,
ESGU,USA ETF,31/08/21,IT Services — 5.7%,Western Union Co. (The),"9,94,592","2,15,22,971","1,26,85,83,361",
ESGU,USA ETF,31/08/21,Leisure Products — 0.1%,Hasbro Inc.,"3,05,673","3,00,50,713","3,00,50,713",
ESGU,USA ETF,31/08/21,Life Sciences Tools & Services — 1.5%,Agilent Technologies Inc.,"4,30,819","7,55,95,810",,
ESGU,USA ETF,31/08/21,Life Sciences Tools & Services — 1.5%,Illumina Inc. (a),"1,03,452","4,72,94,116",,
ESGU,USA ETF,31/08/21,Life Sciences Tools & Services — 1.5%,Mettler-Toledo International Inc. (a),"26,696","4,14,54,350",,
ESGU,USA ETF,31/08/21,Life Sciences Tools & Services — 1.5%,Thermo Fisher Scientific Inc.,"2,01,047","11,15,71,033",,
ESGU,USA ETF,31/08/21,Life Sciences Tools & Services — 1.5%,Waters Corp. (a),"1,28,163","5,30,62,045","32,89,77,354",
ESGU,USA ETF,31/08/21,Machinery — 1.6%,Caterpillar Inc.,"3,30,743","6,97,43,777",,
ESGU,USA ETF,31/08/21,Machinery — 1.6%,Cummins Inc.,"1,35,287","3,19,25,026",,
ESGU,USA ETF,31/08/21,Machinery — 1.6%,Deere & Co.,"1,62,444","6,14,08,705",,
ESGU,USA ETF,31/08/21,Machinery — 1.6%,Fortive Corp.,"3,02,580","2,23,51,585",,
ESGU,USA ETF,31/08/21,Machinery — 1.6%,IDEX Corp.,"1,47,212","3,29,75,488",,
ESGU,USA ETF,31/08/21,Machinery — 1.6%,Illinois Tool Works Inc.,"1,56,806","3,65,13,845",,
ESGU,USA ETF,31/08/21,Machinery — 1.6%,Pentair PLC,"2,98,690","2,30,46,920",,
ESGU,USA ETF,31/08/21,Machinery — 1.6%,Xylem Inc./NY,"5,90,270","8,04,59,704","35,84,25,050",
ESGU,USA ETF,31/08/21,Media — 1.1%,Cable One Inc.,"11,999","2,51,92,981",,
ESGU,USA ETF,31/08/21,Media — 1.1%,"Comcast Corp., Class A","19,95,709","12,10,99,622",,
ESGU,USA ETF,31/08/21,Media — 1.1%,"Discovery Inc., Class C, NVS (a)(c)","8,14,850","2,24,81,712",,
ESGU,USA ETF,31/08/21,Media — 1.1%,"Fox Corp., Class A, NVS","5,95,711","2,23,03,420",,
ESGU,USA ETF,31/08/21,Media — 1.1%,Interpublic Group of Companies Inc. (The),"7,66,736","2,85,45,581",,
ESGU,USA ETF,31/08/21,Media — 1.1%,"ViacomCBS Inc., Class B, NVS","5,44,232","2,25,58,416","24,21,81,732",
ESGU,USA ETF,31/08/21,Metals & Mining — 0.2%,Newmont Corp.,"5,11,494","2,96,61,537",,
ESGU,USA ETF,31/08/21,Metals & Mining — 0.2%,Nucor Corp.,"1,83,539","2,15,76,845","5,12,38,382",
ESGU,USA ETF,31/08/21,Multi-Utilities — 0.7%,Consolidated Edison Inc.,"6,24,486","4,71,17,469",,
ESGU,USA ETF,31/08/21,Multi-Utilities — 0.7%,Public Service Enterprise Group Inc.,"8,63,599","5,52,18,520",,
ESGU,USA ETF,31/08/21,Multi-Utilities — 0.7%,Sempra Energy,"3,35,066","4,43,49,336","14,66,85,325",
ESGU,USA ETF,31/08/21,Multiline Retail — 0.4%,Target Corp.,"3,37,712","8,34,08,110","8,34,08,110",
ESGU,USA ETF,31/08/21,"Oil, Gas & Consumable Fuels — 2.0%",Cheniere Energy Inc. (a),"2,59,543","2,26,99,631",,
ESGU,USA ETF,31/08/21,"Oil, Gas & Consumable Fuels — 2.0%",Chevron Corp.,"10,12,242","9,79,54,658",,
ESGU,USA ETF,31/08/21,"Oil, Gas & Consumable Fuels — 2.0%",ConocoPhillips,"11,89,874","6,60,73,703",,
ESGU,USA ETF,31/08/21,"Oil, Gas & Consumable Fuels — 2.0%",Exxon Mobil Corp.,"20,08,171","10,94,85,483",,
ESGU,USA ETF,31/08/21,"Oil, Gas & Consumable Fuels — 2.0%",Hess Corp.,"5,10,894","3,51,23,963",,
ESGU,USA ETF,31/08/21,"Oil, Gas & Consumable Fuels — 2.0%",Kinder Morgan Inc.,"13,56,394","2,20,68,530",,
ESGU,USA ETF,31/08/21,"Oil, Gas & Consumable Fuels — 2.0%",Marathon Petroleum Corp.,"4,47,065","2,64,97,543",,
ESGU,USA ETF,31/08/21,"Oil, Gas & Consumable Fuels — 2.0%",Occidental Petroleum Corp.,"9,75,677","2,50,65,142",,
ESGU,USA ETF,31/08/21,"Oil, Gas & Consumable Fuels — 2.0%",ONEOK Inc.,"4,37,449","2,29,74,822",,
ESGU,USA ETF,31/08/21,"Oil, Gas & Consumable Fuels — 2.0%",Phillips 66,"3,25,236","2,31,21,027","45,10,64,502",
ESGU,USA ETF,31/08/21,Personal Products — 0.1%,"Estee Lauder Companies Inc. (The), Class A","65,829","2,24,14,116","2,24,14,116",
ESGU,USA ETF,31/08/21,Pharmaceuticals — 3.3%,Bristol-Myers Squibb Co.,"13,51,194","9,03,40,831",,
ESGU,USA ETF,31/08/21,Pharmaceuticals — 3.3%,Catalent Inc. (a),"1,78,279","2,32,54,713",,
ESGU,USA ETF,31/08/21,Pharmaceuticals — 3.3%,Eli Lilly & Co.,"4,56,184","11,78,27,765",,
ESGU,USA ETF,31/08/21,Pharmaceuticals — 3.3%,Johnson & Johnson,"12,80,906","22,17,63,256",,
ESGU,USA ETF,31/08/21,Pharmaceuticals — 3.3%,Merck & Co. Inc.,"13,75,775","10,49,57,874",,
ESGU,USA ETF,31/08/21,Pharmaceuticals — 3.3%,Pfizer Inc.,"16,83,442","7,75,56,173",,
ESGU,USA ETF,31/08/21,Pharmaceuticals — 3.3%,Zoetis Inc.,"4,35,598","8,91,05,927","72,48,06,539",
ESGU,USA ETF,31/08/21,Professional Services — 0.6%,IHS Markit Ltd.,"4,20,298","5,06,87,939",,
ESGU,USA ETF,31/08/21,Professional Services — 0.6%,Jacobs Engineering Group Inc.,"1,63,365","2,20,47,740",,
ESGU,USA ETF,31/08/21,Professional Services — 0.6%,Leidos Holdings Inc.,"2,86,081","2,80,67,407",,
ESGU,USA ETF,31/08/21,Professional Services — 0.6%,Robert Half International Inc.,"2,52,146","2,60,71,897","12,68,74,983",
ESGU,USA ETF,31/08/21,Real Estate Management & Development — 0.2%,"CBRE Group Inc., Class A (a)","4,54,620","4,37,79,906","4,37,79,906",
ESGU,USA ETF,31/08/21,Road & Rail — 0.9%,CSX Corp.,"16,56,863","5,38,97,753",,
ESGU,USA ETF,31/08/21,Road & Rail — 0.9%,Kansas City Southern,"1,11,141","3,11,93,945",,
ESGU,USA ETF,31/08/21,Road & Rail — 0.9%,Norfolk Southern Corp.,"1,79,925","4,56,18,185",,
ESGU,USA ETF,31/08/21,Road & Rail — 0.9%,Uber Technologies Inc. (a),"5,41,239","2,11,84,094",,
ESGU,USA ETF,31/08/21,Road & Rail — 0.9%,Union Pacific Corp.,"2,46,593","5,34,71,226","20,53,65,203",
ESGU,USA ETF,31/08/21,Semiconductors & Semiconductor Equipment — 5.4%,Advanced Micro Devices Inc. (a)(c),"5,79,646","6,41,78,405",,
ESGU,USA ETF,31/08/21,Semiconductors & Semiconductor Equipment — 5.4%,Analog Devices Inc.,"2,69,425","4,39,02,804",,
ESGU,USA ETF,31/08/21,Semiconductors & Semiconductor Equipment — 5.4%,Applied Materials Inc.,"7,20,910","9,74,16,568",,
ESGU,USA ETF,31/08/21,Semiconductors & Semiconductor Equipment — 5.4%,Broadcom Inc.,"1,02,857","5,11,41,529",,
ESGU,USA ETF,31/08/21,Semiconductors & Semiconductor Equipment — 5.4%,Intel Corp.,"26,28,013","14,20,70,383",,
ESGU,USA ETF,31/08/21,Semiconductors & Semiconductor Equipment — 5.4%,Lam Research Corp.,"1,20,886","7,31,14,271",,
ESGU,USA ETF,31/08/21,Semiconductors & Semiconductor Equipment — 5.4%,Marvell Technology Inc.,"4,89,803","2,99,71,046",,
ESGU,USA ETF,31/08/21,Semiconductors & Semiconductor Equipment — 5.4%,Micron Technology Inc. (a),"5,83,347","4,29,92,674",,
ESGU,USA ETF,31/08/21,Semiconductors & Semiconductor Equipment — 5.4%,NVIDIA Corp.,"14,95,183","33,46,96,715",,
ESGU,USA ETF,31/08/21,Semiconductors & Semiconductor Equipment — 5.4%,NXP Semiconductors NV,"1,42,532","3,06,62,909",,
ESGU,USA ETF,31/08/21,Semiconductors & Semiconductor Equipment — 5.4%,ON Semiconductor Corp. (a),"5,52,831","2,45,23,583",,
ESGU,USA ETF,31/08/21,Semiconductors & Semiconductor Equipment — 5.4%,QUALCOMM Inc.,"3,79,244","5,56,31,302",,
ESGU,USA ETF,31/08/21,Semiconductors & Semiconductor Equipment — 5.4%,Skyworks Solutions Inc.,"1,21,609","2,23,10,387",,
ESGU,USA ETF,31/08/21,Semiconductors & Semiconductor Equipment — 5.4%,Texas Instruments Inc.,"8,64,633","16,50,67,086",,
ESGU,USA ETF,31/08/21,Semiconductors & Semiconductor Equipment — 5.4%,Xilinx Inc.,"1,51,238","2,35,31,120","1,20,12,10,782",
ESGU,USA ETF,31/08/21,Software — 10.5%,Adobe Inc. (a),"3,18,513","21,13,97,078",,
ESGU,USA ETF,31/08/21,Software — 10.5%,ANSYS Inc. (a),"95,360","3,48,40,730",,
ESGU,USA ETF,31/08/21,Software — 10.5%,Autodesk Inc. (a),"1,74,225","5,40,25,430",,
ESGU,USA ETF,31/08/21,Software — 10.5%,Cadence Design Systems Inc. (a),"1,99,159","3,25,58,513",,
ESGU,USA ETF,31/08/21,Software — 10.5%,Coupa Software Inc. (a),"1,02,511","2,50,95,718",,
ESGU,USA ETF,31/08/21,Software — 10.5%,"Crowdstrike Holdings Inc., Class A (a)","1,00,477","2,82,34,037",,
ESGU,USA ETF,31/08/21,Software — 10.5%,DocuSign Inc. (a),"1,04,872","3,10,67,281",,
ESGU,USA ETF,31/08/21,Software — 10.5%,Fair Isaac Corp. (a),"48,198","2,21,58,549",,
ESGU,USA ETF,31/08/21,Software — 10.5%,HubSpot Inc. (a),"37,840","2,59,00,345",,
ESGU,USA ETF,31/08/21,Software — 10.5%,Intuit Inc.,"1,92,154","10,87,80,301",,
ESGU,USA ETF,31/08/21,Software — 10.5%,Microsoft Corp.,"40,30,637","1,21,67,68,698",,
ESGU,USA ETF,31/08/21,Software — 10.5%,Oracle Corp.,"8,45,672","7,53,74,745",,
ESGU,USA ETF,31/08/21,Software — 10.5%,"Palantir Technologies Inc., Class A (a)","8,92,086","2,34,97,545",,
ESGU,USA ETF,31/08/21,Software — 10.5%,Paycom Software Inc. (a),"47,153","2,30,53,102",,
ESGU,USA ETF,31/08/21,Software — 10.5%,PTC Inc. (a),"1,70,717","2,24,76,600",,
ESGU,USA ETF,31/08/21,Software — 10.5%,"RingCentral Inc., Class A (a)","85,871","2,16,61,818",,
ESGU,USA ETF,31/08/21,Software — 10.5%,salesforce.com Inc. (a),"5,88,916","15,62,21,747",,
ESGU,USA ETF,31/08/21,Software — 10.5%,ServiceNow Inc. (a),"1,31,472","8,46,20,638",,
ESGU,USA ETF,31/08/21,Software — 10.5%,Splunk Inc. (a),"1,52,581","2,33,25,058",,
ESGU,USA ETF,31/08/21,Software — 10.5%,Synopsys Inc. (a),"97,618","3,24,32,604",,
ESGU,USA ETF,31/08/21,Software — 10.5%,"VMware Inc., Class A (a)(c)","1,40,806","2,09,61,789",,
ESGU,USA ETF,31/08/21,Software — 10.5%,"Workday Inc., Class A (a)(c)","1,48,162","4,04,71,932",,
ESGU,USA ETF,31/08/21,Software — 10.5%,"Zoom Video Communications Inc., Class A (a)","94,237","2,72,81,612","2,34,22,05,870",
ESGU,USA ETF,31/08/21,Specialty Retail — 2.2%,Best Buy Co. Inc.,"4,03,036","4,69,57,724",,
ESGU,USA ETF,31/08/21,Specialty Retail — 2.2%,Home Depot Inc. (The),"6,95,784","22,69,50,825",,
ESGU,USA ETF,31/08/21,Specialty Retail — 2.2%,Lowe’s Companies Inc.,"4,96,240","10,11,78,374",,
ESGU,USA ETF,31/08/21,Specialty Retail — 2.2%,Ross Stores Inc.,"1,70,280","2,01,61,152",,
ESGU,USA ETF,31/08/21,Specialty Retail — 2.2%,TJX Companies Inc. (The),"6,74,435","4,90,44,913",,
ESGU,USA ETF,31/08/21,Specialty Retail — 2.2%,Tractor Supply Co.,"1,14,970","2,23,32,923",,
ESGU,USA ETF,31/08/21,Specialty Retail — 2.2%,Ulta Beauty Inc. (a),"59,727","2,31,32,864","48,97,58,775",
ESGU,USA ETF,31/08/21,"Technology Hardware, Storage & Peripherals — 6.4%",Apple Inc.,"88,46,515","1,34,31,66,372",,
ESGU,USA ETF,31/08/21,"Technology Hardware, Storage & Peripherals — 6.4%",Hewlett Packard Enterprise Co.,"18,88,494","2,91,96,117",,
ESGU,USA ETF,31/08/21,"Technology Hardware, Storage & Peripherals — 6.4%",HP Inc.,"9,16,004","2,72,41,959",,
ESGU,USA ETF,31/08/21,"Technology Hardware, Storage & Peripherals — 6.4%",Western Digital Corp. (a),"3,61,804","2,28,66,013","1,42,24,70,461",
ESGU,USA ETF,31/08/21,"Textiles, Apparel & Luxury Goods — 0.8%",Lululemon Athletica Inc. (a),"77,356","3,09,55,550",,
ESGU,USA ETF,31/08/21,"Textiles, Apparel & Luxury Goods — 0.8%","Nike Inc., Class B","7,49,440","12,34,62,746",,
ESGU,USA ETF,31/08/21,"Textiles, Apparel & Luxury Goods — 0.8%",VF Corp.,"4,30,338","3,29,07,947","18,73,26,243",
ESGU,USA ETF,31/08/21,Trading Companies & Distributors — 0.4%,Fastenal Co.,"4,62,393","2,58,24,649",,
ESGU,USA ETF,31/08/21,Trading Companies & Distributors — 0.4%,WW Grainger Inc.,"1,38,925","6,02,51,773","8,60,76,422",
ESGU,USA ETF,31/08/21,Wireless Telecommunication Services — 0.1%,T-Mobile U.S. Inc. (a),"1,52,987","2,09,62,279","2,09,62,279","22,17,09,44,732"
ESGU,iShares ESG Aware MSCI USA ETF,31/08/21,MONEY MARKET FUNDS — 0.6%,"BlackRock Cash Funds: Institutional, SL Agency Shares, 0.01%(a)(b)(c)(d)","4,73,52,314","4,75,56,080",,
ESGU,iShares ESG Aware MSCI USA ETF,31/08/21,MONEY MARKET FUNDS — 0.6%,"BlackRock Cash Funds: Treasury, SL Agency Shares, 0.00%(b)(d)(e)","8,42,48,000","8,42,48,000","13,18,04,080","13,18,04,080"
ESML,iShares ESG Aware MSCI USA Small-Cap ETF,31/08/21,Aerospace & Defense — 1.5%,AAR Corp. (a),16449,556799,,
ESML,iShares ESG Aware MSCI USA Small-Cap ETF,31/08/21,Aerospace & Defense — 1.5%,Aerovironment Inc. (a)(b),6237,638419,,
ESML,iShares ESG Aware MSCI USA Small-Cap ETF,31/08/21,Aerospace & Defense — 1.5%,Axon Enterprise Inc. (a),15562,2830261,,
ESML,iShares ESG Aware MSCI USA Small-Cap ETF,31/08/21,Aerospace & Defense — 1.5%,BWX Technologies Inc.,43720,2510840,,
ESML,iShares ESG Aware MSCI USA Small-Cap ETF,31/08/21,Aerospace & Defense — 1.5%,Curtiss-Wright Corp.,13787,1678981,,
ESML,iShares ESG Aware MSCI USA Small-Cap ETF,31/08/21,Aerospace & Defense — 1.5%,Ducommun Inc. (a),10140,534378,,
ESML,iShares ESG Aware MSCI USA Small-Cap ETF,31/08/21,Aerospace & Defense — 1.5%,Hexcel Corp. (a),23266,1319415,,
ESML,iShares ESG Aware MSCI USA Small-Cap ETF,31/08/21,Aerospace & Defense — 1.5%,Kaman Corp.,13429,524805,,
ESML,iShares ESG Aware MSCI USA Small-Cap ETF,31/08/21,Aerospace & Defense — 1.5%,Kratos Defense & Security Solutions Inc. (a),24583,607692,,
ESML,iShares ESG Aware MSCI USA Small-Cap ETF,31/08/21,Aerospace & Defense — 1.5%,Maxar Technologies Inc.,22844,726211,,
ESML,iShares ESG Aware MSCI USA Small-Cap ETF,31/08/21,Aerospace & Defense — 1.5%,Mercury Systems Inc. (a),32616,1643194,,
ESML,iShares ESG Aware MSCI USA Small-Cap ETF,31/08/21,Aerospace & Defense — 1.5%,"Moog Inc., Class A",11730,931831,,
ESML,iShares ESG Aware MSCI USA Small-Cap ETF,31/08/21,Aerospace & Defense — 1.5%,PAE Inc. (a),69705,466326,,
ESML,iShares ESG Aware MSCI USA Small-Cap ETF,31/08/21,Aerospace & Defense — 1.5%,"Spirit AeroSystems Holdings Inc., Class A",13496,529583,,
ESML,iShares ESG Aware MSCI USA Small-Cap ETF,31/08/21,Aerospace & Defense — 1.5%,Vectrus Inc. (a),11387,572880,,
ESML,iShares ESG Aware MSCI USA Small-Cap ETF,31/08/21,Aerospace & Defense — 1.5%,Virgin Galactic Holdings Inc. (a)(b),32594,883623,16955238,
ESML,iShares ESG Aware MSCI USA Small-Cap ETF,31/08/21,Air Freight & Logistics — 0.1%,Echo Global Logistics Inc. (a),23710,779585,,
ESML,iShares ESG Aware MSCI USA Small-Cap ETF,31/08/21,Air Freight & Logistics — 0.1%,"Hub Group Inc., Class A (a)",11419,801614,1581199,
ESML,iShares ESG Aware MSCI USA Small-Cap ETF,31/08/21,Airlines — 0.2%,Alaska Air Group Inc. (a),13161,754652,,
ESML,iShares ESG Aware MSCI USA Small-Cap ETF,31/08/21,Airlines — 0.2%,American Airlines Group Inc. (a),26844,535269,,
ESML,iShares ESG Aware MSCI USA Small-Cap ETF,31/08/21,Airlines — 0.2%,JetBlue Airways Corp. (a),38132,576937,1866858,
ESML,iShares ESG Aware MSCI USA Small-Cap ETF,31/08/21,Auto Components — 1.0%,Adient PLC (a),13643,536716,,
ESML,iShares ESG Aware MSCI USA Small-Cap ETF,31/08/21,Auto Components — 1.0%,American Axle & Manufacturing Holdings Inc. (a),61605,546436,,
ESML,iShares ESG Aware MSCI USA Small-Cap ETF,31/08/21,Auto Components — 1.0%,Dana Inc.,39450,917607,,
ESML,iShares ESG Aware MSCI USA Small-Cap ETF,31/08/21,Auto Components — 1.0%,Dorman Products Inc. (a),6242,585874,,
ESML,iShares ESG Aware MSCI USA Small-Cap ETF,31/08/21,Auto Components — 1.0%,Fox Factory Holding Corp. (a),7767,1193555,,
ESML,iShares ESG Aware MSCI USA Small-Cap ETF,31/08/21,Auto Components — 1.0%,Gentex Corp.,24570,756756,,
ESML,iShares ESG Aware MSCI USA Small-Cap ETF,31/08/21,Auto Components — 1.0%,Gentherm Inc. (a),22692,1947427,,
ESML,iShares ESG Aware MSCI USA Small-Cap ETF,31/08/21,Auto Components — 1.0%,Goodyear Tire & Rubber Co. (The) (a),38472,609396,,
ESML,iShares ESG Aware MSCI USA Small-Cap ETF,31/08/21,Auto Components — 1.0%,LCI Industries,8769,1242217,,
ESML,iShares ESG Aware MSCI USA Small-Cap ETF,31/08/21,Auto Components — 1.0%,Luminar Technologies Inc. (a),34068,592102,,
ESML,iShares ESG Aware MSCI USA Small-Cap ETF,31/08/21,Auto Components — 1.0%,Modine Manufacturing Co. (a),40723,506594,,
ESML,iShares ESG Aware MSCI USA Small-Cap ETF,31/08/21,Auto Components — 1.0%,Veoneer Inc. (a)(b),18707,669711,,
ESML,iShares ESG Aware MSCI USA Small-Cap ETF,31/08/21,Auto Components — 1.0%,Visteon Corp. (a),6619,699496,,
ESML,iShares ESG Aware MSCI USA Small-Cap ETF,31/08/21,Auto Components — 1.0%,XPEL Inc. (a)(b),7266,552071,11355958,
ESML,iShares ESG Aware MSCI USA Small-Cap ETF,31/08/21,Automobiles — 0.4%,Canoo Inc. (a),89414,644675,,
ESML,iShares ESG Aware MSCI USA Small-Cap ETF,31/08/21,Automobiles — 0.4%,Harley-Davidson Inc.,36430,1440078,,
ESML,iShares ESG Aware MSCI USA Small-Cap ETF,31/08/21,Automobiles — 0.4%,Thor Industries Inc.,12844,1456895,,
ESML,iShares ESG Aware MSCI USA Small-Cap ETF,31/08/21,Automobiles — 0.4%,Winnebago Industries Inc.,7727,537954,,
ESML,iShares ESG Aware MSCI USA Small-Cap ETF,31/08/21,Automobiles — 0.4%,Workhorse Group Inc. (a)(b),59667,585333,4664935,
ESML,iShares ESG Aware MSCI USA Small-Cap ETF,31/08/21,Banks — 7.2%,Amalgamated Financial Corp.,38225,594399,,
ESML,iShares ESG Aware MSCI USA Small-Cap ETF,31/08/21,Banks — 7.2%,Amerant Bancorp Inc. (a),23589,626760,,
ESML,iShares ESG Aware MSCI USA Small-Cap ETF,31/08/21,Banks — 7.2%,Ameris Bancorp.,22137,1090026,,
ESML,iShares ESG Aware MSCI USA Small-Cap ETF,31/08/21,Banks — 7.2%,Associated Banc-Corp.,30870,636539,,
ESML,iShares ESG Aware MSCI USA Small-Cap ETF,31/08/21,Banks — 7.2%,Atlantic Union Bankshares Corp.,17164,635068,,
ESML,iShares ESG Aware MSCI USA Small-Cap ETF,31/08/21,Banks — 7.2%,Bancorp. Inc. (The) (a),21386,527379,,
ESML,iShares ESG Aware MSCI USA Small-Cap ETF,31/08/21,Banks — 7.2%,BancorpSouth Bank,37211,1091399,,
ESML,iShares ESG Aware MSCI USA Small-Cap ETF,31/08/21,Banks — 7.2%,Bank of Hawaii Corp.,18049,1512687,,
ESML,iShares ESG Aware MSCI USA Small-Cap ETF,31/08/21,Banks — 7.2%,Bank OZK,49220,2088405,,
ESML,iShares ESG Aware MSCI USA Small-Cap ETF,31/08/21,Banks — 7.2%,Banner Corp.,17063,976004,,
ESML,iShares ESG Aware MSCI USA Small-Cap ETF,31/08/21,Banks — 7.2%,Berkshire Hills Bancorp. Inc.,21645,554761,,
ESML,iShares ESG Aware MSCI USA Small-Cap ETF,31/08/21,Banks — 7.2%,BOK Financial Corp.,12771,1124486,,
ESML,iShares ESG Aware MSCI USA Small-Cap ETF,31/08/21,Banks — 7.2%,Bryn Mawr Bank Corp.,15913,649250,,
ESML,iShares ESG Aware MSCI USA Small-Cap ETF,31/08/21,Banks — 7.2%,Cadence BanCorp.,19850,426973,,
ESML,iShares ESG Aware MSCI USA Small-Cap ETF,31/08/21,Banks — 7.2%,Camden National Corp.,19664,917719,,
ESML,iShares ESG Aware MSCI USA Small-Cap ETF,31/08/21,Banks — 7.2%,Cathay General Bancorp.,18535,737322,,
ESML,iShares ESG Aware MSCI USA Small-Cap ETF,31/08/21,Banks — 7.2%,CIT Group Inc.,19607,1086620,,
ESML,iShares ESG Aware MSCI USA Small-Cap ETF,31/08/21,Banks — 7.2%,Columbia Banking System Inc.,14247,518021,,
ESML,iShares ESG Aware MSCI USA Small-Cap ETF,31/08/21,Banks — 7.2%,Comerica Inc.,52542,3883379,,
ESML,iShares ESG Aware MSCI USA Small-Cap ETF,31/08/21,Banks — 7.2%,Commerce Bancshares Inc.,29849,2110921,,
ESML,iShares ESG Aware MSCI USA Small-Cap ETF,31/08/21,Banks — 7.2%,Community Bank System Inc.,6472,478928,,
ESML,iShares ESG Aware MSCI USA Small-Cap ETF,31/08/21,Banks — 7.2%,Community Trust Bancorp. Inc.,16774,698805,,
ESML,iShares ESG Aware MSCI USA Small-Cap ETF,31/08/21,Banks — 7.2%,Cullen/Frost Bankers Inc.,13380,1528264,,
ESML,iShares ESG Aware MSCI USA Small-Cap ETF,31/08/21,Banks — 7.2%,CVB Financial Corp.,23754,483631,,
ESML,iShares ESG Aware MSCI USA Small-Cap ETF,31/08/21,Banks — 7.2%,East West Bancorp. Inc.,30412,2230416,,
ESML,iShares ESG Aware MSCI USA Small-Cap ETF,31/08/21,Banks — 7.2%,First Busey Corp.,35404,839075,,
ESML,iShares ESG Aware MSCI USA Small-Cap ETF,31/08/21,Banks — 7.2%,First Financial Bancorp.,33388,784952,,
ESML,iShares ESG Aware MSCI USA Small-Cap ETF,31/08/21,Banks — 7.2%,First Hawaiian Inc.,51430,1435411,,
ESML,iShares ESG Aware MSCI USA Small-Cap ETF,31/08/21,Banks — 7.2%,First Horizon Corp.,134907,2211126,,
ESML,iShares ESG Aware MSCI USA Small-Cap ETF,31/08/21,Banks — 7.2%,"First Interstate BancSystem Inc., Class A",24051,1059687,,
ESML,iShares ESG Aware MSCI USA Small-Cap ETF,31/08/21,Banks — 7.2%,First of Long Island Corp. (The),28645,607274,,
ESML,iShares ESG Aware MSCI USA Small-Cap ETF,31/08/21,Banks — 7.2%,FNB Corp.,82179,959851,,
ESML,iShares ESG Aware MSCI USA Small-Cap ETF,31/08/21,Banks — 7.2%,Fulton Financial Corp.,129276,2049025,,
ESML,iShares ESG Aware MSCI USA Small-Cap ETF,31/08/21,Banks — 7.2%,Glacier Bancorp. Inc.,24305,1294484,,
ESML,iShares ESG Aware MSCI USA Small-Cap ETF,31/08/21,Banks — 7.2%,Great Western Bancorp. Inc.,16876,522481,,
ESML,iShares ESG Aware MSCI USA Small-Cap ETF,31/08/21,Banks — 7.2%,Hancock Whitney Corp.,20724,952475,,
ESML,iShares ESG Aware MSCI USA Small-Cap ETF,31/08/21,Banks — 7.2%,Heritage Financial Corp./WA,15372,391217,,
ESML,iShares ESG Aware MSCI USA Small-Cap ETF,31/08/21,Banks — 7.2%,Hilltop Holdings Inc.,17672,591482,,
ESML,iShares ESG Aware MSCI USA Small-Cap ETF,31/08/21,Banks — 7.2%,Independent Bank Corp.,7372,565432,,
ESML,iShares ESG Aware MSCI USA Small-Cap ETF,31/08/21,Banks — 7.2%,Independent Bank Corp./MI,30821,645392,,
ESML,iShares ESG Aware MSCI USA Small-Cap ETF,31/08/21,Banks — 7.2%,International Bancshares Corp.,26381,1104836,,
ESML,iShares ESG Aware MSCI USA Small-Cap ETF,31/08/21,Banks — 7.2%,Live Oak Bancshares Inc.,9749,596736,,
ESML,iShares ESG Aware MSCI USA Small-Cap ETF,31/08/21,Banks — 7.2%,"National Bank Holdings Corp., Class A",9683,363112,,
ESML,iShares ESG Aware MSCI USA Small-Cap ETF,31/08/21,Banks — 7.2%,OceanFirst Financial Corp.,43179,917985,,
ESML,iShares ESG Aware MSCI USA Small-Cap ETF,31/08/21,Banks — 7.2%,Old National Bancorp./IN,16368,272691,,
ESML,iShares ESG Aware MSCI USA Small-Cap ETF,31/08/21,Banks — 7.2%,PacWest Bancorp.,14941,635740,,
ESML,iShares ESG Aware MSCI USA Small-Cap ETF,31/08/21,Banks — 7.2%,Park National Corp.,5427,636261,,
ESML,iShares ESG Aware MSCI USA Small-Cap ETF,31/08/21,Banks — 7.2%,People’s United Financial Inc.,136541,2243369,,
ESML,iShares ESG Aware MSCI USA Small-Cap ETF,31/08/21,Banks — 7.2%,Pinnacle Financial Partners Inc.,22683,2198436,,
ESML,iShares ESG Aware MSCI USA Small-Cap ETF,31/08/21,Banks — 7.2%,Popular Inc.,17852,1355681,,
ESML,iShares ESG Aware MSCI USA Small-Cap ETF,31/08/21,Banks — 7.2%,Prosperity Bancshares Inc.,13778,962807,,
ESML,iShares ESG Aware MSCI USA Small-Cap ETF,31/08/21,Banks — 7.2%,QCR Holdings Inc.,13400,696130,,
ESML,iShares ESG Aware MSCI USA Small-Cap ETF,31/08/21,Banks — 7.2%,Sandy Spring Bancorp. Inc.,21798,949739,,
ESML,iShares ESG Aware MSCI USA Small-Cap ETF,31/08/21,Banks — 7.2%,ServisFirst Bancshares Inc.,15247,1119435,,
ESML,iShares ESG Aware MSCI USA Small-Cap ETF,31/08/21,Banks — 7.2%,Signature Bank/New York NY,9562,2479713,,
ESML,iShares ESG Aware MSCI USA Small-Cap ETF,31/08/21,Banks — 7.2%,"Silvergate Capital Corp., Class A (a)",5514,622972,,
ESML,iShares ESG Aware MSCI USA Small-Cap ETF,31/08/21,Banks — 7.2%,"Simmons First National Corp., Class A",15256,443187,,
ESML,iShares ESG Aware MSCI USA Small-Cap ETF,31/08/21,Banks — 7.2%,South State Corp.,16338,1120460,,
ESML,iShares ESG Aware MSCI USA Small-Cap ETF,31/08/21,Banks — 7.2%,Southside Bancshares Inc.,14310,539344,,
ESML,iShares ESG Aware MSCI USA Small-Cap ETF,31/08/21,Banks — 7.2%,Synovus Financial Corp.,33439,1441221,,
ESML,iShares ESG Aware MSCI USA Small-Cap ETF,31/08/21,Banks — 7.2%,Texas Capital Bancshares Inc. (a),9769,664194,,
ESML,iShares ESG Aware MSCI USA Small-Cap ETF,31/08/21,Banks — 7.2%,TriState Capital Holdings Inc. (a),28517,576329,,
ESML,iShares ESG Aware MSCI USA Small-Cap ETF,31/08/21,Banks — 7.2%,Triumph Bancorp. Inc. (a),7081,582200,,
ESML,iShares ESG Aware MSCI USA Small-Cap ETF,31/08/21,Banks — 7.2%,Trustmark Corp.,23223,734311,,
ESML,iShares ESG Aware MSCI USA Small-Cap ETF,31/08/21,Banks — 7.2%,Umpqua Holdings Corp.,84273,1640795,,
ESML,iShares ESG Aware MSCI USA Small-Cap ETF,31/08/21,Banks — 7.2%,United Community Banks Inc./GA,12371,373233,,
ESML,iShares ESG Aware MSCI USA Small-Cap ETF,31/08/21,Banks — 7.2%,Valley National Bancorp.,152809,1992629,,
ESML,iShares ESG Aware MSCI USA Small-Cap ETF,31/08/21,Banks — 7.2%,Webster Financial Corp.,35623,1799674,,
ESML,iShares ESG Aware MSCI USA Small-Cap ETF,31/08/21,Banks — 7.2%,Western Alliance Bancorp.,26826,2617145,,
ESML,iShares ESG Aware MSCI USA Small-Cap ETF,31/08/21,Banks — 7.2%,Wintrust Financial Corp.,19696,1474049,,
ESML,iShares ESG Aware MSCI USA Small-Cap ETF,31/08/21,Banks — 7.2%,Zions Bancorp. NA,66081,3826090,79098030,
ESML,iShares ESG Aware MSCI USA Small-Cap ETF,31/08/21,Beverages — 0.1%,Celsius Holdings Inc. (a)(b),7909,646640,,
ESML,iShares ESG Aware MSCI USA Small-Cap ETF,31/08/21,Beverages — 0.1%,MGP Ingredients Inc.,8672,566281,1212921,
ESML,iShares ESG Aware MSCI USA Small-Cap ETF,31/08/21,Biotechnology — 6.0%,ACADIA Pharmaceuticals Inc. (a),40120,702501,,
ESML,iShares ESG Aware MSCI USA Small-Cap ETF,31/08/21,Biotechnology — 6.0%,Acceleron Pharma Inc. (a),13837,1852498,,
ESML,iShares ESG Aware MSCI USA Small-Cap ETF,31/08/21,Biotechnology — 6.0%,Agios Pharmaceuticals Inc. (a)(b),16870,753752,,
ESML,iShares ESG Aware MSCI USA Small-Cap ETF,31/08/21,Biotechnology — 6.0%,Alder Biopharmaceuticals Inc. (a)(b)(c),3497,3077,,
ESML,iShares ESG Aware MSCI USA Small-Cap ETF,31/08/21,Biotechnology — 6.0%,Alector Inc. (a)(b),21626,584551,,
ESML,iShares ESG Aware MSCI USA Small-Cap ETF,31/08/21,Biotechnology — 6.0%,Alkermes PLC (a),28576,893286,,
ESML,iShares ESG Aware MSCI USA Small-Cap ETF,31/08/21,Biotechnology — 6.0%,Allakos Inc. (a),8059,718540,,
ESML,iShares ESG Aware MSCI USA Small-Cap ETF,31/08/21,Biotechnology — 6.0%,Allogene Therapeutics Inc. (a),24843,592506,,
ESML,iShares ESG Aware MSCI USA Small-Cap ETF,31/08/21,Biotechnology — 6.0%,Amicus Therapeutics Inc. (a),51465,586186,,
ESML,iShares ESG Aware MSCI USA Small-Cap ETF,31/08/21,Biotechnology — 6.0%,AnaptysBio Inc. (a),22565,577890,,
ESML,iShares ESG Aware MSCI USA Small-Cap ETF,31/08/21,Biotechnology — 6.0%,Anavex Life Sciences Corp. (a),28461,554705,,
ESML,iShares ESG Aware MSCI USA Small-Cap ETF,31/08/21,Biotechnology — 6.0%,Apellis Pharmaceuticals Inc. (a),9700,638745,,
ESML,iShares ESG Aware MSCI USA Small-Cap ETF,31/08/21,Biotechnology — 6.0%,Arcus Biosciences Inc. (a),18972,553413,,
ESML,iShares ESG Aware MSCI USA Small-Cap ETF,31/08/21,Biotechnology — 6.0%,Arena Pharmaceuticals Inc. (a),19477,1030723,,
ESML,iShares ESG Aware MSCI USA Small-Cap ETF,31/08/21,Biotechnology — 6.0%,Arrowhead Pharmaceuticals Inc. (a),23134,1552754,,
ESML,iShares ESG Aware MSCI USA Small-Cap ETF,31/08/21,Biotechnology — 6.0%,Atara Biotherapeutics Inc. (a),43684,654386,,
ESML,iShares ESG Aware MSCI USA Small-Cap ETF,31/08/21,Biotechnology — 6.0%,Beam Therapeutics Inc. (a),7142,792191,,
ESML,iShares ESG Aware MSCI USA Small-Cap ETF,31/08/21,Biotechnology — 6.0%,BioCryst Pharmaceuticals Inc. (a),45970,731842,,
ESML,iShares ESG Aware MSCI USA Small-Cap ETF,31/08/21,Biotechnology — 6.0%,Biohaven Pharmaceutical Holding Co. Ltd. (a),10963,1438784,,
ESML,iShares ESG Aware MSCI USA Small-Cap ETF,31/08/21,Biotechnology — 6.0%,Bluebird Bio Inc. (a),30075,550373,,
ESML,iShares ESG Aware MSCI USA Small-Cap ETF,31/08/21,Biotechnology — 6.0%,Blueprint Medicines Corp. (a),7058,658300,,
ESML,iShares ESG Aware MSCI USA Small-Cap ETF,31/08/21,Biotechnology — 6.0%,Bridgebio Pharma Inc. (a),18463,925181,,
ESML,iShares ESG Aware MSCI USA Small-Cap ETF,31/08/21,Biotechnology — 6.0%,CareDx Inc. (a),7294,534504,,
ESML,iShares ESG Aware MSCI USA Small-Cap ETF,31/08/21,Biotechnology — 6.0%,Cortexyme Inc. (a),5807,559214,,
ESML,iShares ESG Aware MSCI USA Small-Cap ETF,31/08/21,Biotechnology — 6.0%,CRISPR Therapeutics AG (a)(b),11491,1435800,,
ESML,iShares ESG Aware MSCI USA Small-Cap ETF,31/08/21,Biotechnology — 6.0%,Deciphera Pharmaceuticals Inc. (a),19793,623479,,
ESML,iShares ESG Aware MSCI USA Small-Cap ETF,31/08/21,Biotechnology — 6.0%,Denali Therapeutics Inc. (a),16774,892377,,
ESML,iShares ESG Aware MSCI USA Small-Cap ETF,31/08/21,Biotechnology — 6.0%,Dicerna Pharmaceuticals Inc. (a),26509,545555,,
ESML,iShares ESG Aware MSCI USA Small-Cap ETF,31/08/21,Biotechnology — 6.0%,Dynavax Technologies Corp. (a)(b),45125,878132,,
ESML,iShares ESG Aware MSCI USA Small-Cap ETF,31/08/21,Biotechnology — 6.0%,Eagle Pharmaceuticals Inc./DE (a),15270,814960,,
ESML,iShares ESG Aware MSCI USA Small-Cap ETF,31/08/21,Biotechnology — 6.0%,Editas Medicine Inc. (a),15091,959637,,
ESML,iShares ESG Aware MSCI USA Small-Cap ETF,31/08/21,Biotechnology — 6.0%,Emergent BioSolutions Inc. (a),11346,715706,,
ESML,iShares ESG Aware MSCI USA Small-Cap ETF,31/08/21,Biotechnology — 6.0%,Exelixis Inc. (a),52990,1015818,,
ESML,iShares ESG Aware MSCI USA Small-Cap ETF,31/08/21,Biotechnology — 6.0%,Fate Therapeutics Inc. (a),14957,1095600,,
ESML,iShares ESG Aware MSCI USA Small-Cap ETF,31/08/21,Biotechnology — 6.0%,FibroGen Inc. (a),45560,529863,,
ESML,iShares ESG Aware MSCI USA Small-Cap ETF,31/08/21,Biotechnology — 6.0%,Global Blood Therapeutics Inc. (a)(b),20313,582780,,
ESML,iShares ESG Aware MSCI USA Small-Cap ETF,31/08/21,Biotechnology — 6.0%,Halozyme Therapeutics Inc. (a),25163,1056594,,
ESML,iShares ESG Aware MSCI USA Small-Cap ETF,31/08/21,Biotechnology — 6.0%,ImmunoGen Inc. (a),104067,629605,,
ESML,iShares ESG Aware MSCI USA Small-Cap ETF,31/08/21,Biotechnology — 6.0%,Immunovant Inc. (a),70908,614063,,
ESML,iShares ESG Aware MSCI USA Small-Cap ETF,31/08/21,Biotechnology — 6.0%,Inovio Pharmaceuticals Inc. (a)(b),67438,582664,,
ESML,iShares ESG Aware MSCI USA Small-Cap ETF,31/08/21,Biotechnology — 6.0%,Insmed Inc. (a),24158,677390,,
ESML,iShares ESG Aware MSCI USA Small-Cap ETF,31/08/21,Biotechnology — 6.0%,Intellia Therapeutics Inc. (a),13918,2234257,,
ESML,iShares ESG Aware MSCI USA Small-Cap ETF,31/08/21,Biotechnology — 6.0%,Invitae Corp. (a)(b),31114,921908,,
ESML,iShares ESG Aware MSCI USA Small-Cap ETF,31/08/21,Biotechnology — 6.0%,Ionis Pharmaceuticals Inc. (a),28673,1140038,,
ESML,iShares ESG Aware MSCI USA Small-Cap ETF,31/08/21,Biotechnology — 6.0%,Iovance Biotherapeutics Inc. (a),29409,707875,,
ESML,iShares ESG Aware MSCI USA Small-Cap ETF,31/08/21,Biotechnology — 6.0%,Karuna Therapeutics Inc. (a),5185,616497,,
ESML,iShares ESG Aware MSCI USA Small-Cap ETF,31/08/21,Biotechnology — 6.0%,Kodiak Sciences Inc. (a),5906,556227,,
ESML,iShares ESG Aware MSCI USA Small-Cap ETF,31/08/21,Biotechnology — 6.0%,Krystal Biotech Inc. (a),10059,582818,,
ESML,iShares ESG Aware MSCI USA Small-Cap ETF,31/08/21,Biotechnology — 6.0%,Kura Oncology Inc. (a),33912,626016,,
ESML,iShares ESG Aware MSCI USA Small-Cap ETF,31/08/21,Biotechnology — 6.0%,Ligand Pharmaceuticals Inc. (a),5110,676053,,
ESML,iShares ESG Aware MSCI USA Small-Cap ETF,31/08/21,Biotechnology — 6.0%,MacroGenics Inc. (a),24091,568789,,
ESML,iShares ESG Aware MSCI USA Small-Cap ETF,31/08/21,Biotechnology — 6.0%,Mirati Therapeutics Inc. (a),8931,1515859,,
ESML,iShares ESG Aware MSCI USA Small-Cap ETF,31/08/21,Biotechnology — 6.0%,Myovant Sciences Ltd. (a),24383,593482,,
ESML,iShares ESG Aware MSCI USA Small-Cap ETF,31/08/21,Biotechnology — 6.0%,Myriad Genetics Inc. (a),17627,630694,,
ESML,iShares ESG Aware MSCI USA Small-Cap ETF,31/08/21,Biotechnology — 6.0%,Natera Inc. (a),15052,1782608,,
ESML,iShares ESG Aware MSCI USA Small-Cap ETF,31/08/21,Biotechnology — 6.0%,Ocugen Inc. (a),75656,574229,,
ESML,iShares ESG Aware MSCI USA Small-Cap ETF,31/08/21,Biotechnology — 6.0%,OPKO Health Inc. (a),152697,589410,,
ESML,iShares ESG Aware MSCI USA Small-Cap ETF,31/08/21,Biotechnology — 6.0%,Passage Bio Inc. (a),48712,585518,,
ESML,iShares ESG Aware MSCI USA Small-Cap ETF,31/08/21,Biotechnology — 6.0%,Prothena Corp. PLC (a),9976,669589,,
ESML,iShares ESG Aware MSCI USA Small-Cap ETF,31/08/21,Biotechnology — 6.0%,PTC Therapeutics Inc. (a),14201,619874,,
ESML,iShares ESG Aware MSCI USA Small-Cap ETF,31/08/21,Biotechnology — 6.0%,REGENXBIO Inc. (a),18083,584081,,
ESML,iShares ESG Aware MSCI USA Small-Cap ETF,31/08/21,Biotechnology — 6.0%,Rhythm Pharmaceuticals Inc. (a),44557,579687,,
ESML,iShares ESG Aware MSCI USA Small-Cap ETF,31/08/21,Biotechnology — 6.0%,Rocket Pharmaceuticals Inc. (a),18998,649922,,
ESML,iShares ESG Aware MSCI USA Small-Cap ETF,31/08/21,Biotechnology — 6.0%,Sage Therapeutics Inc. (a),13158,608031,,
ESML,iShares ESG Aware MSCI USA Small-Cap ETF,31/08/21,Biotechnology — 6.0%,Sangamo Therapeutics Inc. (a),58171,576475,,
ESML,iShares ESG Aware MSCI USA Small-Cap ETF,31/08/21,Biotechnology — 6.0%,Sarepta Therapeutics Inc. (a),20205,1578415,,
ESML,iShares ESG Aware MSCI USA Small-Cap ETF,31/08/21,Biotechnology — 6.0%,Sorrento Therapeutics Inc. (a),63539,571851,,
ESML,iShares ESG Aware MSCI USA Small-Cap ETF,31/08/21,Biotechnology — 6.0%,SpringWorks Therapeutics Inc. (a),7090,532459,,
ESML,iShares ESG Aware MSCI USA Small-Cap ETF,31/08/21,Biotechnology — 6.0%,Sutro Biopharma Inc. (a),28402,616891,,
ESML,iShares ESG Aware MSCI USA Small-Cap ETF,31/08/21,Biotechnology — 6.0%,TG Therapeutics Inc. (a),25969,702981,,
ESML,iShares ESG Aware MSCI USA Small-Cap ETF,31/08/21,Biotechnology — 6.0%,Turning Point Therapeutics Inc. (a)(b),9082,699496,,
ESML,iShares ESG Aware MSCI USA Small-Cap ETF,31/08/21,Biotechnology — 6.0%,Twist Bioscience Corp. (a),7435,841716,,
ESML,iShares ESG Aware MSCI USA Small-Cap ETF,31/08/21,Biotechnology — 6.0%,Ultragenyx Pharmaceutical Inc. (a)(b),18344,1766344,,
ESML,iShares ESG Aware MSCI USA Small-Cap ETF,31/08/21,Biotechnology — 6.0%,uniQure NV (a),19909,577361,,
ESML,iShares ESG Aware MSCI USA Small-Cap ETF,31/08/21,Biotechnology — 6.0%,United Therapeutics Corp. (a),8870,1905986,,
ESML,iShares ESG Aware MSCI USA Small-Cap ETF,31/08/21,Biotechnology — 6.0%,Veracyte Inc. (a),15816,760908,,
ESML,iShares ESG Aware MSCI USA Small-Cap ETF,31/08/21,Biotechnology — 6.0%,Vericel Corp. (a),10566,572360,,
ESML,iShares ESG Aware MSCI USA Small-Cap ETF,31/08/21,Biotechnology — 6.0%,Vir Biotechnology Inc. (a),14943,770162,,
ESML,iShares ESG Aware MSCI USA Small-Cap ETF,31/08/21,Biotechnology — 6.0%,Xencor Inc. (a),17356,587848,,
ESML,iShares ESG Aware MSCI USA Small-Cap ETF,31/08/21,Biotechnology — 6.0%,Xenon Pharmaceuticals Inc. (a),32897,580632,,
ESML,iShares ESG Aware MSCI USA Small-Cap ETF,31/08/21,Biotechnology — 6.0%,Y-mAbs Therapeutics Inc. (a),18986,584389,,
ESML,iShares ESG Aware MSCI USA Small-Cap ETF,31/08/21,Biotechnology — 6.0%,Zymeworks Inc. (a)(b),17155,565943,65495604,
ESML,iShares ESG Aware MSCI USA Small-Cap ETF,31/08/21,Building Products — 1.6%,AAON Inc.,15558,1059655,,
ESML,iShares ESG Aware MSCI USA Small-Cap ETF,31/08/21,Building Products — 1.6%,Advanced Drainage Systems Inc.,16310,1861786,,
ESML,iShares ESG Aware MSCI USA Small-Cap ETF,31/08/21,Building Products — 1.6%,Armstrong World Industries Inc.,13650,1418645,,
ESML,iShares ESG Aware MSCI USA Small-Cap ETF,31/08/21,Building Products — 1.6%,AZEK Co. Inc. (The) (a),23392,993926,,
ESML,iShares ESG Aware MSCI USA Small-Cap ETF,31/08/21,Building Products — 1.6%,Builders FirstSource Inc. (a),47044,2506975,,
ESML,iShares ESG Aware MSCI USA Small-Cap ETF,31/08/21,Building Products — 1.6%,Carlisle Companies Inc.,14449,3044982,,
ESML,iShares ESG Aware MSCI USA Small-Cap ETF,31/08/21,Building Products — 1.6%,Cornerstone Building Brands Inc. (a),35607,591788,,
ESML,iShares ESG Aware MSCI USA Small-Cap ETF,31/08/21,Building Products — 1.6%,Gibraltar Industries Inc. (a),7381,551065,,
ESML,iShares ESG Aware MSCI USA Small-Cap ETF,31/08/21,Building Products — 1.6%,JELD-WEN Holding Inc. (a),19231,529622,,
ESML,iShares ESG Aware MSCI USA Small-Cap ETF,31/08/21,Building Products — 1.6%,Masonite International Corp. (a),5197,621977,,
ESML,iShares ESG Aware MSCI USA Small-Cap ETF,31/08/21,Building Products — 1.6%,Resideo Technologies Inc. (a),35348,1139620,,
ESML,iShares ESG Aware MSCI USA Small-Cap ETF,31/08/21,Building Products — 1.6%,Trex Co. Inc. (a),28492,3127282,17447323,
ESML,iShares ESG Aware MSCI USA Small-Cap ETF,31/08/21,Capital Markets — 2.0%,Affiliated Managers Group Inc.,13048,2219595,,
ESML,iShares ESG Aware MSCI USA Small-Cap ETF,31/08/21,Capital Markets — 2.0%,"Ares Management Corp., Class A",20849,1609126,,
ESML,iShares ESG Aware MSCI USA Small-Cap ETF,31/08/21,Capital Markets — 2.0%,"Artisan Partners Asset Management Inc., Class A",17905,930344,,
ESML,iShares ESG Aware MSCI USA Small-Cap ETF,31/08/21,Capital Markets — 2.0%,Cohen & Steers Inc.,7855,688962,,
ESML,iShares ESG Aware MSCI USA Small-Cap ETF,31/08/21,Capital Markets — 2.0%,"Cowen Inc., Class A",14987,540132,,
ESML,iShares ESG Aware MSCI USA Small-Cap ETF,31/08/21,Capital Markets — 2.0%,Diamond Hill Investment Group Inc.,3409,623949,,
ESML,iShares ESG Aware MSCI USA Small-Cap ETF,31/08/21,Capital Markets — 2.0%,Donnelley Financial Solutions Inc. (a),19886,663198,,
ESML,iShares ESG Aware MSCI USA Small-Cap ETF,31/08/21,Capital Markets — 2.0%,"Evercore Inc., Class A",6335,884619,,
ESML,iShares ESG Aware MSCI USA Small-Cap ETF,31/08/21,Capital Markets — 2.0%,"Focus Financial Partners Inc., Class A (a)",11122,577009,,
ESML,iShares ESG Aware MSCI USA Small-Cap ETF,31/08/21,Capital Markets — 2.0%,"Interactive Brokers Group Inc., Class A",15218,983692,,
ESML,iShares ESG Aware MSCI USA Small-Cap ETF,31/08/21,Capital Markets — 2.0%,Janus Henderson Group PLC,59849,2595053,,
ESML,iShares ESG Aware MSCI USA Small-Cap ETF,31/08/21,Capital Markets — 2.0%,Jefferies Financial Group Inc.,32343,1195397,,
ESML,iShares ESG Aware MSCI USA Small-Cap ETF,31/08/21,Capital Markets — 2.0%,LPL Financial Holdings Inc.,22144,3273990,,
ESML,iShares ESG Aware MSCI USA Small-Cap ETF,31/08/21,Capital Markets — 2.0%,Morningstar Inc.,6438,1725320,,
ESML,iShares ESG Aware MSCI USA Small-Cap ETF,31/08/21,Capital Markets — 2.0%,"Open Lending Corp., Class A (a)(b)",25789,953419,,
ESML,iShares ESG Aware MSCI USA Small-Cap ETF,31/08/21,Capital Markets — 2.0%,Stifel Financial Corp.,8455,584241,,
ESML,iShares ESG Aware MSCI USA Small-Cap ETF,31/08/21,Capital Markets — 2.0%,StoneX Group Inc. (a),8386,584420,,
ESML,iShares ESG Aware MSCI USA Small-Cap ETF,31/08/21,Capital Markets — 2.0%,"Victory Capital Holdings Inc., Class A",19531,684171,,
ESML,iShares ESG Aware MSCI USA Small-Cap ETF,31/08/21,Capital Markets — 2.0%,"Virtu Financial Inc., Class A",20935,512489,,
ESML,iShares ESG Aware MSCI USA Small-Cap ETF,31/08/21,Capital Markets — 2.0%,Virtus Investment Partners Inc.,2292,716708,22545834,
ESML,iShares ESG Aware MSCI USA Small-Cap ETF,31/08/21,Chemicals — 1.8%,Amyris Inc. (a)(b),42649,641868,,
ESML,iShares ESG Aware MSCI USA Small-Cap ETF,31/08/21,Chemicals — 1.8%,Avient Corp.,19702,1026277,,
ESML,iShares ESG Aware MSCI USA Small-Cap ETF,31/08/21,Chemicals — 1.8%,Axalta Coating Systems Ltd. (a),93087,2842877,,
ESML,iShares ESG Aware MSCI USA Small-Cap ETF,31/08/21,Chemicals — 1.8%,Balchem Corp.,7412,1040793,,
ESML,iShares ESG Aware MSCI USA Small-Cap ETF,31/08/21,Chemicals — 1.8%,Chemours Co. (The),36867,1235413,,
ESML,iShares ESG Aware MSCI USA Small-Cap ETF,31/08/21,Chemicals — 1.8%,HB Fuller Co.,19162,1294776,,
ESML,iShares ESG Aware MSCI USA Small-Cap ETF,31/08/21,Chemicals — 1.8%,Ingevity Corp. (a),6794,546170,,
ESML,iShares ESG Aware MSCI USA Small-Cap ETF,31/08/21,Chemicals — 1.8%,Innospec Inc.,14349,1343066,,
ESML,iShares ESG Aware MSCI USA Small-Cap ETF,31/08/21,Chemicals — 1.8%,Koppers Holdings Inc. (a),17329,570124,,
ESML,iShares ESG Aware MSCI USA Small-Cap ETF,31/08/21,Chemicals — 1.8%,Livent Corp. (a),35982,894872,,
ESML,iShares ESG Aware MSCI USA Small-Cap ETF,31/08/21,Chemicals — 1.8%,Minerals Technologies Inc.,18414,1448077,,
ESML,iShares ESG Aware MSCI USA Small-Cap ETF,31/08/21,Chemicals — 1.8%,Orion Engineered Carbons SA (a),42153,744844,,
ESML,iShares ESG Aware MSCI USA Small-Cap ETF,31/08/21,Chemicals — 1.8%,Quaker Chemical Corp.,2178,564363,,
ESML,iShares ESG Aware MSCI USA Small-Cap ETF,31/08/21,Chemicals — 1.8%,Scotts Miracle-Gro Co. (The),8159,1279576,,
ESML,iShares ESG Aware MSCI USA Small-Cap ETF,31/08/21,Chemicals — 1.8%,Sensient Technologies Corp.,6344,550976,,
ESML,iShares ESG Aware MSCI USA Small-Cap ETF,31/08/21,Chemicals — 1.8%,Stepan Co.,6599,775778,,
ESML,iShares ESG Aware MSCI USA Small-Cap ETF,31/08/21,Chemicals — 1.8%,Trinseo SA,17304,898597,,
ESML,iShares ESG Aware MSCI USA Small-Cap ETF,31/08/21,Chemicals — 1.8%,"Tronox Holdings PLC, Class A",28713,606706,,
ESML,iShares ESG Aware MSCI USA Small-Cap ETF,31/08/21,Chemicals — 1.8%,Valvoline Inc.,44649,1346614,,
ESML,iShares ESG Aware MSCI USA Small-Cap ETF,31/08/21,Chemicals — 1.8%,WR Grace & Co.,8484,590826,20242593,
ESML,iShares ESG Aware MSCI USA Small-Cap ETF,31/08/21,Commercial Services & Supplies — 1.7%,ABM Industries Inc.,19127,947169,,
ESML,iShares ESG Aware MSCI USA Small-Cap ETF,31/08/21,Commercial Services & Supplies — 1.7%,ACCO Brands Corp.,62087,581755,,
ESML,iShares ESG Aware MSCI USA Small-Cap ETF,31/08/21,Commercial Services & Supplies — 1.7%,ADT Inc.,64383,551118,,
ESML,iShares ESG Aware MSCI USA Small-Cap ETF,31/08/21,Commercial Services & Supplies — 1.7%,"Brady Corp., Class A, NVS",10906,581617,,
ESML,iShares ESG Aware MSCI USA Small-Cap ETF,31/08/21,Commercial Services & Supplies — 1.7%,Brink’s Co. (The),6794,531019,,
ESML,iShares ESG Aware MSCI USA Small-Cap ETF,31/08/21,Commercial Services & Supplies — 1.7%,Clean Harbors Inc. (a),7742,794484,,
ESML,iShares ESG Aware MSCI USA Small-Cap ETF,31/08/21,Commercial Services & Supplies — 1.7%,Covanta Holding Corp.,42491,851945,,
ESML,iShares ESG Aware MSCI USA Small-Cap ETF,31/08/21,Commercial Services & Supplies — 1.7%,Deluxe Corp.,13417,514542,,
ESML,iShares ESG Aware MSCI USA Small-Cap ETF,31/08/21,Commercial Services & Supplies — 1.7%,Harsco Corp. (a),29411,536457,,
ESML,iShares ESG Aware MSCI USA Small-Cap ETF,31/08/21,Commercial Services & Supplies — 1.7%,Healthcare Services Group Inc.,25732,673149,,
ESML,iShares ESG Aware MSCI USA Small-Cap ETF,31/08/21,Commercial Services & Supplies — 1.7%,Herman Miller Inc.,29858,1254932,,
ESML,iShares ESG Aware MSCI USA Small-Cap ETF,31/08/21,Commercial Services & Supplies — 1.7%,HNI Corp.,14332,543039,,
ESML,iShares ESG Aware MSCI USA Small-Cap ETF,31/08/21,Commercial Services & Supplies — 1.7%,IAA Inc. (a),41365,2197309,,
ESML,iShares ESG Aware MSCI USA Small-Cap ETF,31/08/21,Commercial Services & Supplies — 1.7%,KAR Auction Services Inc. (a),49015,828844,,
ESML,iShares ESG Aware MSCI USA Small-Cap ETF,31/08/21,Commercial Services & Supplies — 1.7%,"Matthews International Corp., Class A",23995,888535,,
ESML,iShares ESG Aware MSCI USA Small-Cap ETF,31/08/21,Commercial Services & Supplies — 1.7%,Montrose Environmental Group Inc. (a)(b),11790,589500,,
ESML,iShares ESG Aware MSCI USA Small-Cap ETF,31/08/21,Commercial Services & Supplies — 1.7%,MSA Safety Inc.,10089,1642893,,
ESML,iShares ESG Aware MSCI USA Small-Cap ETF,31/08/21,Commercial Services & Supplies — 1.7%,Pitney Bowes Inc.,36549,273021,,
ESML,iShares ESG Aware MSCI USA Small-Cap ETF,31/08/21,Commercial Services & Supplies — 1.7%,"Steelcase Inc., Class A",58209,820165,,
ESML,iShares ESG Aware MSCI USA Small-Cap ETF,31/08/21,Commercial Services & Supplies — 1.7%,Tetra Tech Inc.,12205,1755567,,
ESML,iShares ESG Aware MSCI USA Small-Cap ETF,31/08/21,Commercial Services & Supplies — 1.7%,UniFirst Corp./MA,3047,697976,,
ESML,iShares ESG Aware MSCI USA Small-Cap ETF,31/08/21,Commercial Services & Supplies — 1.7%,Viad Corp. (a),12873,555985,18611021,
ESML,iShares ESG Aware MSCI USA Small-Cap ETF,31/08/21,Communications Equipment — 0.9%,ADTRAN Inc.,34639,715642,,
ESML,iShares ESG Aware MSCI USA Small-Cap ETF,31/08/21,Communications Equipment — 0.9%,Calix Inc. (a),12222,569545,,
ESML,iShares ESG Aware MSCI USA Small-Cap ETF,31/08/21,Communications Equipment — 0.9%,Ciena Corp. (a),41081,2346958,,
ESML,iShares ESG Aware MSCI USA Small-Cap ETF,31/08/21,Communications Equipment — 0.9%,CommScope Holding Co. Inc. (a),52492,829374,,
ESML,iShares ESG Aware MSCI USA Small-Cap ETF,31/08/21,Communications Equipment — 0.9%,Harmonic Inc. (a)(b),66155,611272,,
ESML,iShares ESG Aware MSCI USA Small-Cap ETF,31/08/21,Communications Equipment — 0.9%,Infinera Corp. (a),63381,536837,,
ESML,iShares ESG Aware MSCI USA Small-Cap ETF,31/08/21,Communications Equipment — 0.9%,Lumentum Holdings Inc. (a)(b),18264,1582393,,
ESML,iShares ESG Aware MSCI USA Small-Cap ETF,31/08/21,Communications Equipment — 0.9%,Plantronics Inc. (a),18664,555814,,
ESML,iShares ESG Aware MSCI USA Small-Cap ETF,31/08/21,Communications Equipment — 0.9%,Ribbon Communications Inc. (a),84799,553737,,
ESML,iShares ESG Aware MSCI USA Small-Cap ETF,31/08/21,Communications Equipment — 0.9%,ViaSat Inc. (a),10573,545990,,
ESML,iShares ESG Aware MSCI USA Small-Cap ETF,31/08/21,Communications Equipment — 0.9%,Viavi Solutions Inc. (a),33543,546415,9393977,
ESML,iShares ESG Aware MSCI USA Small-Cap ETF,31/08/21,Construction & Engineering — 1.9%,AECOM (a),40911,2682125,,
ESML,iShares ESG Aware MSCI USA Small-Cap ETF,31/08/21,Construction & Engineering — 1.9%,API Group Corp. (a)(d),33623,779717,,
ESML,iShares ESG Aware MSCI USA Small-Cap ETF,31/08/21,Construction & Engineering — 1.9%,Arcosa Inc.,12579,639265,,
ESML,iShares ESG Aware MSCI USA Small-Cap ETF,31/08/21,Construction & Engineering — 1.9%,Argan Inc.,12282,568657,,
ESML,iShares ESG Aware MSCI USA Small-Cap ETF,31/08/21,Construction & Engineering — 1.9%,Comfort Systems USA Inc.,17057,1295991,,
ESML,iShares ESG Aware MSCI USA Small-Cap ETF,31/08/21,Construction & Engineering — 1.9%,Dycom Industries Inc. (a),7614,573563,,
ESML,iShares ESG Aware MSCI USA Small-Cap ETF,31/08/21,Construction & Engineering — 1.9%,EMCOR Group Inc.,20296,2465964,,
ESML,iShares ESG Aware MSCI USA Small-Cap ETF,31/08/21,Construction & Engineering — 1.9%,Fluor Corp. (a),33585,559526,,
ESML,iShares ESG Aware MSCI USA Small-Cap ETF,31/08/21,Construction & Engineering — 1.9%,Granite Construction Inc.,16108,653018,,
ESML,iShares ESG Aware MSCI USA Small-Cap ETF,31/08/21,Construction & Engineering — 1.9%,Great Lakes Dredge & Dock Corp. (a),36863,557000,,
ESML,iShares ESG Aware MSCI USA Small-Cap ETF,31/08/21,Construction & Engineering — 1.9%,IES Holdings Inc. (a),10711,523768,,
ESML,iShares ESG Aware MSCI USA Small-Cap ETF,31/08/21,Construction & Engineering — 1.9%,MasTec Inc. (a),12817,1171986,,
ESML,iShares ESG Aware MSCI USA Small-Cap ETF,31/08/21,Construction & Engineering — 1.9%,MYR Group Inc. (a),6974,725366,,
ESML,iShares ESG Aware MSCI USA Small-Cap ETF,31/08/21,Construction & Engineering — 1.9%,Primoris Services Corp.,21506,552704,,
ESML,iShares ESG Aware MSCI USA Small-Cap ETF,31/08/21,Construction & Engineering — 1.9%,Quanta Services Inc.,40219,4106360,,
ESML,iShares ESG Aware MSCI USA Small-Cap ETF,31/08/21,Construction & Engineering — 1.9%,Sterling Construction Co. Inc. (a),25138,579682,,
ESML,iShares ESG Aware MSCI USA Small-Cap ETF,31/08/21,Construction & Engineering — 1.9%,Valmont Industries Inc.,5134,1277647,,
ESML,iShares ESG Aware MSCI USA Small-Cap ETF,31/08/21,Construction & Engineering — 1.9%,WillScot Mobile Mini Holdings Corp. (a),51703,1530409,21242748,
ESML,iShares ESG Aware MSCI USA Small-Cap ETF,31/08/21,Construction Materials — 0.1%,"Summit Materials Inc., Class A (a)",31168,1049427,1049427,
ESML,iShares ESG Aware MSCI USA Small-Cap ETF,31/08/21,Consumer Finance — 0.7%,Credit Acceptance Corp. (a)(b),1234,715325,,
ESML,iShares ESG Aware MSCI USA Small-Cap ETF,31/08/21,Consumer Finance — 0.7%,Encore Capital Group Inc. (a),12910,635301,,
ESML,iShares ESG Aware MSCI USA Small-Cap ETF,31/08/21,Consumer Finance — 0.7%,"Green Dot Corp., Class A (a)",13074,682986,,
ESML,iShares ESG Aware MSCI USA Small-Cap ETF,31/08/21,Consumer Finance — 0.7%,LendingClub Corp. (a),19958,619896,,
ESML,iShares ESG Aware MSCI USA Small-Cap ETF,31/08/21,Consumer Finance — 0.7%,OneMain Holdings Inc.,16099,931005,,
ESML,iShares ESG Aware MSCI USA Small-Cap ETF,31/08/21,Consumer Finance — 0.7%,PRA Group Inc. (a),20421,857682,,
ESML,iShares ESG Aware MSCI USA Small-Cap ETF,31/08/21,Consumer Finance — 0.7%,PROG Holdings Inc.,18295,865719,,
ESML,iShares ESG Aware MSCI USA Small-Cap ETF,31/08/21,Consumer Finance — 0.7%,SLM Corp.,61277,1148944,,
ESML,iShares ESG Aware MSCI USA Small-Cap ETF,31/08/21,Consumer Finance — 0.7%,Upstart Holdings Inc. (a),3190,730893,7187751,
ESML,iShares ESG Aware MSCI USA Small-Cap ETF,31/08/21,Containers & Packaging — 0.9%,AptarGroup Inc.,20160,2717568,,
ESML,iShares ESG Aware MSCI USA Small-Cap ETF,31/08/21,Containers & Packaging — 0.9%,Berry Global Group Inc. (a),25749,1729560,,
ESML,iShares ESG Aware MSCI USA Small-Cap ETF,31/08/21,Containers & Packaging — 0.9%,Graphic Packaging Holding Co.,45663,937005,,
ESML,iShares ESG Aware MSCI USA Small-Cap ETF,31/08/21,Containers & Packaging — 0.9%,"Greif Inc., Class A, NVS",10665,675308,,
ESML,iShares ESG Aware MSCI USA Small-Cap ETF,31/08/21,Containers & Packaging — 0.9%,Myers Industries Inc.,25066,571505,,
ESML,iShares ESG Aware MSCI USA Small-Cap ETF,31/08/21,Containers & Packaging — 0.9%,O-I Glass Inc. (a),36776,556421,,
ESML,iShares ESG Aware MSCI USA Small-Cap ETF,31/08/21,Containers & Packaging — 0.9%,Sonoco Products Co.,35659,2328532,9515899,
ESML,iShares ESG Aware MSCI USA Small-Cap ETF,31/08/21,Diversified Consumer Services — 1.4%,2U Inc. (a)(b),20330,752820,,
ESML,iShares ESG Aware MSCI USA Small-Cap ETF,31/08/21,Diversified Consumer Services — 1.4%,Adtalem Global Education Inc. (a),15815,585155,,
ESML,iShares ESG Aware MSCI USA Small-Cap ETF,31/08/21,Diversified Consumer Services — 1.4%,American Public Education Inc. (a),21008,552510,,
ESML,iShares ESG Aware MSCI USA Small-Cap ETF,31/08/21,Diversified Consumer Services — 1.4%,Bright Horizons Family Solutions Inc. (a),17964,2618433,,
ESML,iShares ESG Aware MSCI USA Small-Cap ETF,31/08/21,Diversified Consumer Services — 1.4%,Chegg Inc. (a),29317,2439761,,
ESML,iShares ESG Aware MSCI USA Small-Cap ETF,31/08/21,Diversified Consumer Services — 1.4%,frontdoor Inc. (a),17240,752009,,
ESML,iShares ESG Aware MSCI USA Small-Cap ETF,31/08/21,Diversified Consumer Services — 1.4%,"Graham Holdings Co., Class B",1118,689594,,
ESML,iShares ESG Aware MSCI USA Small-Cap ETF,31/08/21,Diversified Consumer Services — 1.4%,Grand Canyon Education Inc. (a),9756,869650,,
ESML,iShares ESG Aware MSCI USA Small-Cap ETF,31/08/21,Diversified Consumer Services — 1.4%,H&R Block Inc.,45935,1178233,,
ESML,iShares ESG Aware MSCI USA Small-Cap ETF,31/08/21,Diversified Consumer Services — 1.4%,Houghton Mifflin Harcourt Co. (a)(b),40365,543716,,
ESML,iShares ESG Aware MSCI USA Small-Cap ETF,31/08/21,Diversified Consumer Services — 1.4%,Service Corp. International,27024,1696026,,
ESML,iShares ESG Aware MSCI USA Small-Cap ETF,31/08/21,Diversified Consumer Services — 1.4%,Strategic Education Inc.,7089,554927,,
ESML,iShares ESG Aware MSCI USA Small-Cap ETF,31/08/21,Diversified Consumer Services — 1.4%,Terminix Global Holdings Inc. (a),51264,2134120,,
ESML,iShares ESG Aware MSCI USA Small-Cap ETF,31/08/21,Diversified Consumer Services — 1.4%,WW International Inc. (a)(b),24093,521613,15888567,
ESML,iShares ESG Aware MSCI USA Small-Cap ETF,31/08/21,Diversified Financial Services — 0.0%,Cannae Holdings Inc. (a),17309,552503,552503,
ESML,iShares ESG Aware MSCI USA Small-Cap ETF,31/08/21,Diversified Telecommunication Services — 0.4%,"Bandwidth Inc., Class A (a)(b)",8031,826390,,
ESML,iShares ESG Aware MSCI USA Small-Cap ETF,31/08/21,Diversified Telecommunication Services — 0.4%,Cincinnati Bell Inc. (a),24658,381953,,
ESML,iShares ESG Aware MSCI USA Small-Cap ETF,31/08/21,Diversified Telecommunication Services — 0.4%,Cogent Communications Holdings Inc.,10674,774719,,
ESML,iShares ESG Aware MSCI USA Small-Cap ETF,31/08/21,Diversified Telecommunication Services — 0.4%,Iridium Communications Inc. (a),28879,1285404,,
ESML,iShares ESG Aware MSCI USA Small-Cap ETF,31/08/21,Diversified Telecommunication Services — 0.4%,"Liberty Latin America Ltd., Class C, NVS (a)",42344,609330,3877796,
ESML,iShares ESG Aware MSCI USA Small-Cap ETF,31/08/21,Electric Utilities — 0.2%,Hawaiian Electric Industries Inc.,38400,1674240,1674240,
ESML,iShares ESG Aware MSCI USA Small-Cap ETF,31/08/21,Electrical Equipment — 1.1%,Acuity Brands Inc.,10662,1967459,,
ESML,iShares ESG Aware MSCI USA Small-Cap ETF,31/08/21,Electrical Equipment — 1.1%,Atkore Inc. (a),11151,1034478,,
ESML,iShares ESG Aware MSCI USA Small-Cap ETF,31/08/21,Electrical Equipment — 1.1%,Blink Charging Co. (a),17510,567849,,
ESML,iShares ESG Aware MSCI USA Small-Cap ETF,31/08/21,Electrical Equipment — 1.1%,"Bloom Energy Corp., Class A (a)(b)",34609,741325,,
ESML,iShares ESG Aware MSCI USA Small-Cap ETF,31/08/21,Electrical Equipment — 1.1%,EnerSys,11313,956967,,
ESML,iShares ESG Aware MSCI USA Small-Cap ETF,31/08/21,Electrical Equipment — 1.1%,FuelCell Energy Inc. (a)(b),91044,568114,,
ESML,iShares ESG Aware MSCI USA Small-Cap ETF,31/08/21,Electrical Equipment — 1.1%,Hubbell Inc.,13010,2681491,,
ESML,iShares ESG Aware MSCI USA Small-Cap ETF,31/08/21,Electrical Equipment — 1.1%,Regal Beloit Corp.,10040,1500177,,
ESML,iShares ESG Aware MSCI USA Small-Cap ETF,31/08/21,Electrical Equipment — 1.1%,"Shoals Technologies Group Inc., Class A (a)",17519,570594,,
ESML,iShares ESG Aware MSCI USA Small-Cap ETF,31/08/21,Electrical Equipment — 1.1%,TPI Composites Inc. (a),14458,524970,,
ESML,iShares ESG Aware MSCI USA Small-Cap ETF,31/08/21,Electrical Equipment — 1.1%,Vertiv Holdings Co.,54553,1536758,12650182,
ESML,iShares ESG Aware MSCI USA Small-Cap ETF,31/08/21,"Electronic Equipment, Instruments & Components — 3.2%",Advanced Energy Industries Inc.,6222,561100,,
ESML,iShares ESG Aware MSCI USA Small-Cap ETF,31/08/21,"Electronic Equipment, Instruments & Components — 3.2%",Avnet Inc.,28350,1147041,,
ESML,iShares ESG Aware MSCI USA Small-Cap ETF,31/08/21,"Electronic Equipment, Instruments & Components — 3.2%",Badger Meter Inc.,25913,2775023,,
ESML,iShares ESG Aware MSCI USA Small-Cap ETF,31/08/21,"Electronic Equipment, Instruments & Components — 3.2%",Benchmark Electronics Inc.,23778,642719,,
ESML,iShares ESG Aware MSCI USA Small-Cap ETF,31/08/21,"Electronic Equipment, Instruments & Components — 3.2%",Coherent Inc. (a),6871,1736096,,
ESML,iShares ESG Aware MSCI USA Small-Cap ETF,31/08/21,"Electronic Equipment, Instruments & Components — 3.2%",CTS Corp.,15852,556088,,
ESML,iShares ESG Aware MSCI USA Small-Cap ETF,31/08/21,"Electronic Equipment, Instruments & Components — 3.2%",ePlus Inc. (a),10597,1146807,,
ESML,iShares ESG Aware MSCI USA Small-Cap ETF,31/08/21,"Electronic Equipment, Instruments & Components — 3.2%",Fabrinet (a),5242,540031,,
ESML,iShares ESG Aware MSCI USA Small-Cap ETF,31/08/21,"Electronic Equipment, Instruments & Components — 3.2%",FARO Technologies Inc. (a),9409,648656,,
ESML,iShares ESG Aware MSCI USA Small-Cap ETF,31/08/21,"Electronic Equipment, Instruments & Components — 3.2%",Flex Ltd. (a)(b),144941,2693004,,
ESML,iShares ESG Aware MSCI USA Small-Cap ETF,31/08/21,"Electronic Equipment, Instruments & Components — 3.2%",II-VI Inc. (a),16813,1058883,,
ESML,iShares ESG Aware MSCI USA Small-Cap ETF,31/08/21,"Electronic Equipment, Instruments & Components — 3.2%",Insight Enterprises Inc. (a)(b),12178,1252994,,
ESML,iShares ESG Aware MSCI USA Small-Cap ETF,31/08/21,"Electronic Equipment, Instruments & Components — 3.2%",Itron Inc. (a),16404,1378100,,
ESML,iShares ESG Aware MSCI USA Small-Cap ETF,31/08/21,"Electronic Equipment, Instruments & Components — 3.2%",Jabil Inc.,23381,1444478,,
ESML,iShares ESG Aware MSCI USA Small-Cap ETF,31/08/21,"Electronic Equipment, Instruments & Components — 3.2%",Kimball Electronics Inc. (a),24941,602824,,
ESML,iShares ESG Aware MSCI USA Small-Cap ETF,31/08/21,"Electronic Equipment, Instruments & Components — 3.2%",Knowles Corp. (a),34171,683420,,
ESML,iShares ESG Aware MSCI USA Small-Cap ETF,31/08/21,"Electronic Equipment, Instruments & Components — 3.2%",Littelfuse Inc.,4582,1307703,,
ESML,iShares ESG Aware MSCI USA Small-Cap ETF,31/08/21,"Electronic Equipment, Instruments & Components — 3.2%",Methode Electronics Inc.,26834,1249659,,
ESML,iShares ESG Aware MSCI USA Small-Cap ETF,31/08/21,"Electronic Equipment, Instruments & Components — 3.2%",MicroVision Inc. (a),40263,593074,,
ESML,iShares ESG Aware MSCI USA Small-Cap ETF,31/08/21,"Electronic Equipment, Instruments & Components — 3.2%",National Instruments Corp.,56335,2355930,,
ESML,iShares ESG Aware MSCI USA Small-Cap ETF,31/08/21,"Electronic Equipment, Instruments & Components — 3.2%",Novanta Inc. (a),11377,1743184,,
ESML,iShares ESG Aware MSCI USA Small-Cap ETF,31/08/21,"Electronic Equipment, Instruments & Components — 3.2%",OSI Systems Inc. (a),19086,1888369,,
ESML,iShares ESG Aware MSCI USA Small-Cap ETF,31/08/21,"Electronic Equipment, Instruments & Components — 3.2%",PAR Technology Corp. (a),9514,646286,,
ESML,iShares ESG Aware MSCI USA Small-Cap ETF,31/08/21,"Electronic Equipment, Instruments & Components — 3.2%",Plexus Corp. (a),15854,1455873,,
ESML,iShares ESG Aware MSCI USA Small-Cap ETF,31/08/21,"Electronic Equipment, Instruments & Components — 3.2%",Rogers Corp. (a),5561,1181212,,
ESML,iShares ESG Aware MSCI USA Small-Cap ETF,31/08/21,"Electronic Equipment, Instruments & Components — 3.2%",SYNNEX Corp.,9065,1151890,,
ESML,iShares ESG Aware MSCI USA Small-Cap ETF,31/08/21,"Electronic Equipment, Instruments & Components — 3.2%",Vishay Intertechnology Inc.,24550,539364,,
ESML,iShares ESG Aware MSCI USA Small-Cap ETF,31/08/21,"Electronic Equipment, Instruments & Components — 3.2%",Vishay Precision Group Inc. (a),19171,716420,,
ESML,iShares ESG Aware MSCI USA Small-Cap ETF,31/08/21,"Electronic Equipment, Instruments & Components — 3.2%",Vontier Corp.,41092,1494516,35190744,
ESML,iShares ESG Aware MSCI USA Small-Cap ETF,31/08/21,Energy Equipment & Services — 0.7%,Archrock Inc.,73250,562560,,
ESML,iShares ESG Aware MSCI USA Small-Cap ETF,31/08/21,Energy Equipment & Services — 0.7%,"Cactus Inc., Class A",15895,596221,,
ESML,iShares ESG Aware MSCI USA Small-Cap ETF,31/08/21,Energy Equipment & Services — 0.7%,ChampionX Corp. (a),48932,1141584,,
ESML,iShares ESG Aware MSCI USA Small-Cap ETF,31/08/21,Energy Equipment & Services — 0.7%,Core Laboratories NV,21183,583804,,
ESML,iShares ESG Aware MSCI USA Small-Cap ETF,31/08/21,Energy Equipment & Services — 0.7%,DMC Global Inc. (a),14328,575556,,
ESML,iShares ESG Aware MSCI USA Small-Cap ETF,31/08/21,Energy Equipment & Services — 0.7%,"Liberty Oilfield Services Inc., Class A (a)",54854,560608,,
ESML,iShares ESG Aware MSCI USA Small-Cap ETF,31/08/21,Energy Equipment & Services — 0.7%,NOV Inc. (a),106284,1399760,,
ESML,iShares ESG Aware MSCI USA Small-Cap ETF,31/08/21,Energy Equipment & Services — 0.7%,Oceaneering International Inc. (a),47841,588444,,
ESML,iShares ESG Aware MSCI USA Small-Cap ETF,31/08/21,Energy Equipment & Services — 0.7%,TechnipFMC PLC (a)(b),198288,1314649,7323186,
ESML,iShares ESG Aware MSCI USA Small-Cap ETF,31/08/21,Entertainment — 0.4%,Cinemark Holdings Inc. (a),37372,666343,,
ESML,iShares ESG Aware MSCI USA Small-Cap ETF,31/08/21,Entertainment — 0.4%,IMAX Corp. (a),38158,599462,,
ESML,iShares ESG Aware MSCI USA Small-Cap ETF,31/08/21,Entertainment — 0.4%,"Lions Gate Entertainment Corp., Class A (a)",43850,566542,,
ESML,iShares ESG Aware MSCI USA Small-Cap ETF,31/08/21,Entertainment — 0.4%,"World Wrestling Entertainment Inc., Class A",10911,568572,,
ESML,iShares ESG Aware MSCI USA Small-Cap ETF,31/08/21,Entertainment — 0.4%,"Zynga Inc., Class A (a)",214345,1896953,4297872,
ESML,iShares ESG Aware MSCI USA Small-Cap ETF,31/08/21,Equity Real Estate Investment Trusts (REITs) — 7.4%,Agree Realty Corp.,9597,715456,,
ESML,iShares ESG Aware MSCI USA Small-Cap ETF,31/08/21,Equity Real Estate Investment Trusts (REITs) — 7.4%,Alexander & Baldwin Inc.,49002,1023162,,
ESML,iShares ESG Aware MSCI USA Small-Cap ETF,31/08/21,Equity Real Estate Investment Trusts (REITs) — 7.4%,American Assets Trust Inc.,15533,618524,,
ESML,iShares ESG Aware MSCI USA Small-Cap ETF,31/08/21,Equity Real Estate Investment Trusts (REITs) — 7.4%,American Campus Communities Inc.,48097,2445732,,
ESML,iShares ESG Aware MSCI USA Small-Cap ETF,31/08/21,Equity Real Estate Investment Trusts (REITs) — 7.4%,"American Homes 4 Rent, Class A",49463,2074478,,
ESML,iShares ESG Aware MSCI USA Small-Cap ETF,31/08/21,Equity Real Estate Investment Trusts (REITs) — 7.4%,Americold Realty Trust,47317,1738427,,
ESML,iShares ESG Aware MSCI USA Small-Cap ETF,31/08/21,Equity Real Estate Investment Trusts (REITs) — 7.4%,Apartment Income REIT Corp.,25541,1297994,,
ESML,iShares ESG Aware MSCI USA Small-Cap ETF,31/08/21,Equity Real Estate Investment Trusts (REITs) — 7.4%,Apple Hospitality REIT Inc.,37211,549979,,
ESML,iShares ESG Aware MSCI USA Small-Cap ETF,31/08/21,Equity Real Estate Investment Trusts (REITs) — 7.4%,Armada Hoffler Properties Inc.,42394,569351,,
ESML,iShares ESG Aware MSCI USA Small-Cap ETF,31/08/21,Equity Real Estate Investment Trusts (REITs) — 7.4%,Brandywine Realty Trust,72492,1006189,,
ESML,iShares ESG Aware MSCI USA Small-Cap ETF,31/08/21,Equity Real Estate Investment Trusts (REITs) — 7.4%,Brixmor Property Group Inc.,89786,2105482,,
ESML,iShares ESG Aware MSCI USA Small-Cap ETF,31/08/21,Equity Real Estate Investment Trusts (REITs) — 7.4%,Centerspace,6409,648463,,
ESML,iShares ESG Aware MSCI USA Small-Cap ETF,31/08/21,Equity Real Estate Investment Trusts (REITs) — 7.4%,Columbia Property Trust Inc.,55230,923446,,
ESML,iShares ESG Aware MSCI USA Small-Cap ETF,31/08/21,Equity Real Estate Investment Trusts (REITs) — 7.4%,CoreSite Realty Corp.,13962,2071542,,
ESML,iShares ESG Aware MSCI USA Small-Cap ETF,31/08/21,Equity Real Estate Investment Trusts (REITs) — 7.4%,Corporate Office Properties Trust,66655,1878338,,
ESML,iShares ESG Aware MSCI USA Small-Cap ETF,31/08/21,Equity Real Estate Investment Trusts (REITs) — 7.4%,Cousins Properties Inc.,28298,1091171,,
ESML,iShares ESG Aware MSCI USA Small-Cap ETF,31/08/21,Equity Real Estate Investment Trusts (REITs) — 7.4%,CubeSmart,35822,1916477,,
ESML,iShares ESG Aware MSCI USA Small-Cap ETF,31/08/21,Equity Real Estate Investment Trusts (REITs) — 7.4%,CyrusOne Inc.,28293,2177995,,
ESML,iShares ESG Aware MSCI USA Small-Cap ETF,31/08/21,Equity Real Estate Investment Trusts (REITs) — 7.4%,DiamondRock Hospitality Co. (a),76412,690764,,
ESML,iShares ESG Aware MSCI USA Small-Cap ETF,31/08/21,Equity Real Estate Investment Trusts (REITs) — 7.4%,DigitalBridge Group Inc. (a),104447,720684,,
ESML,iShares ESG Aware MSCI USA Small-Cap ETF,31/08/21,Equity Real Estate Investment Trusts (REITs) — 7.4%,Douglas Emmett Inc.,69508,2294459,,
ESML,iShares ESG Aware MSCI USA Small-Cap ETF,31/08/21,Equity Real Estate Investment Trusts (REITs) — 7.4%,Easterly Government Properties Inc.,36783,786053,,
ESML,iShares ESG Aware MSCI USA Small-Cap ETF,31/08/21,Equity Real Estate Investment Trusts (REITs) — 7.4%,"Empire State Realty Trust Inc., Class A",80392,825626,,
ESML,iShares ESG Aware MSCI USA Small-Cap ETF,31/08/21,Equity Real Estate Investment Trusts (REITs) — 7.4%,EPR Properties,15569,790127,,
ESML,iShares ESG Aware MSCI USA Small-Cap ETF,31/08/21,Equity Real Estate Investment Trusts (REITs) — 7.4%,Essential Properties Realty Trust Inc.,28390,920120,,
ESML,iShares ESG Aware MSCI USA Small-Cap ETF,31/08/21,Equity Real Estate Investment Trusts (REITs) — 7.4%,Federal Realty Investment Trust,20604,2508949,,
ESML,iShares ESG Aware MSCI USA Small-Cap ETF,31/08/21,Equity Real Estate Investment Trusts (REITs) — 7.4%,First Industrial Realty Trust Inc.,31297,1752319,,
ESML,iShares ESG Aware MSCI USA Small-Cap ETF,31/08/21,Equity Real Estate Investment Trusts (REITs) — 7.4%,Four Corners Property Trust Inc.,22686,649046,,
ESML,iShares ESG Aware MSCI USA Small-Cap ETF,31/08/21,Equity Real Estate Investment Trusts (REITs) — 7.4%,Franklin Street Properties Corp.,113802,546250,,
ESML,iShares ESG Aware MSCI USA Small-Cap ETF,31/08/21,Equity Real Estate Investment Trusts (REITs) — 7.4%,Gaming and Leisure Properties Inc.,41782,2059853,,
ESML,iShares ESG Aware MSCI USA Small-Cap ETF,31/08/21,Equity Real Estate Investment Trusts (REITs) — 7.4%,"Healthcare Trust of America Inc., Class A",28771,872624,,
ESML,iShares ESG Aware MSCI USA Small-Cap ETF,31/08/21,Equity Real Estate Investment Trusts (REITs) — 7.4%,Hudson Pacific Properties Inc.,39037,1029796,,
ESML,iShares ESG Aware MSCI USA Small-Cap ETF,31/08/21,Equity Real Estate Investment Trusts (REITs) — 7.4%,Independence Realty Trust Inc.,35307,723087,,
ESML,iShares ESG Aware MSCI USA Small-Cap ETF,31/08/21,Equity Real Estate Investment Trusts (REITs) — 7.4%,Innovative Industrial Properties Inc.,3815,938147,,
ESML,iShares ESG Aware MSCI USA Small-Cap ETF,31/08/21,Equity Real Estate Investment Trusts (REITs) — 7.4%,iStar Inc.,38304,1013141,,
ESML,iShares ESG Aware MSCI USA Small-Cap ETF,31/08/21,Equity Real Estate Investment Trusts (REITs) — 7.4%,JBG SMITH Properties,57548,1733921,,
ESML,iShares ESG Aware MSCI USA Small-Cap ETF,31/08/21,Equity Real Estate Investment Trusts (REITs) — 7.4%,Kilroy Realty Corp.,51328,3369683,,
ESML,iShares ESG Aware MSCI USA Small-Cap ETF,31/08/21,Equity Real Estate Investment Trusts (REITs) — 7.4%,Kimco Realty Corp.,142226,3099104,,
ESML,iShares ESG Aware MSCI USA Small-Cap ETF,31/08/21,Equity Real Estate Investment Trusts (REITs) — 7.4%,"Lamar Advertising Co., Class A",12004,1366415,,
ESML,iShares ESG Aware MSCI USA Small-Cap ETF,31/08/21,Equity Real Estate Investment Trusts (REITs) — 7.4%,Life Storage Inc.,24764,3081632,,
ESML,iShares ESG Aware MSCI USA Small-Cap ETF,31/08/21,Equity Real Estate Investment Trusts (REITs) — 7.4%,Macerich Co. (The),59560,1017285,,
ESML,iShares ESG Aware MSCI USA Small-Cap ETF,31/08/21,Equity Real Estate Investment Trusts (REITs) — 7.4%,National Retail Properties Inc.,25309,1204961,,
ESML,iShares ESG Aware MSCI USA Small-Cap ETF,31/08/21,Equity Real Estate Investment Trusts (REITs) — 7.4%,National Storage Affiliates Trust,9971,570840,,
ESML,iShares ESG Aware MSCI USA Small-Cap ETF,31/08/21,Equity Real Estate Investment Trusts (REITs) — 7.4%,Outfront Media Inc. (a),39689,982700,,
ESML,iShares ESG Aware MSCI USA Small-Cap ETF,31/08/21,Equity Real Estate Investment Trusts (REITs) — 7.4%,Paramount Group Inc.,60840,539042,,
ESML,iShares ESG Aware MSCI USA Small-Cap ETF,31/08/21,Equity Real Estate Investment Trusts (REITs) — 7.4%,Park Hotels & Resorts Inc. (a),66178,1266647,,
ESML,iShares ESG Aware MSCI USA Small-Cap ETF,31/08/21,Equity Real Estate Investment Trusts (REITs) — 7.4%,Pebblebrook Hotel Trust,26296,579301,,
ESML,iShares ESG Aware MSCI USA Small-Cap ETF,31/08/21,Equity Real Estate Investment Trusts (REITs) — 7.4%,Physicians Realty Trust,42775,791765,,
ESML,iShares ESG Aware MSCI USA Small-Cap ETF,31/08/21,Equity Real Estate Investment Trusts (REITs) — 7.4%,"Piedmont Office Realty Trust Inc., Class A",61206,1090691,,
ESML,iShares ESG Aware MSCI USA Small-Cap ETF,31/08/21,Equity Real Estate Investment Trusts (REITs) — 7.4%,PotlatchDeltic Corp.,11054,574255,,
ESML,iShares ESG Aware MSCI USA Small-Cap ETF,31/08/21,Equity Real Estate Investment Trusts (REITs) — 7.4%,"QTS Realty Trust Inc., Class A",16138,1258441,,
ESML,iShares ESG Aware MSCI USA Small-Cap ETF,31/08/21,Equity Real Estate Investment Trusts (REITs) — 7.4%,Rayonier Inc.,24833,913358,,
ESML,iShares ESG Aware MSCI USA Small-Cap ETF,31/08/21,Equity Real Estate Investment Trusts (REITs) — 7.4%,"Retail Properties of America Inc., Class A",46571,615669,,
ESML,iShares ESG Aware MSCI USA Small-Cap ETF,31/08/21,Equity Real Estate Investment Trusts (REITs) — 7.4%,Rexford Industrial Realty Inc.,28886,1788910,,
ESML,iShares ESG Aware MSCI USA Small-Cap ETF,31/08/21,Equity Real Estate Investment Trusts (REITs) — 7.4%,Ryman Hospitality Properties Inc. (a),12258,1018272,,
ESML,iShares ESG Aware MSCI USA Small-Cap ETF,31/08/21,Equity Real Estate Investment Trusts (REITs) — 7.4%,Sabra Health Care REIT Inc.,47400,758400,,
ESML,iShares ESG Aware MSCI USA Small-Cap ETF,31/08/21,Equity Real Estate Investment Trusts (REITs) — 7.4%,SITE Centers Corp.,46396,747440,,
ESML,iShares ESG Aware MSCI USA Small-Cap ETF,31/08/21,Equity Real Estate Investment Trusts (REITs) — 7.4%,SL Green Realty Corp.,19485,1365509,,
ESML,iShares ESG Aware MSCI USA Small-Cap ETF,31/08/21,Equity Real Estate Investment Trusts (REITs) — 7.4%,Spirit Realty Capital Inc.,16207,839036,,
ESML,iShares ESG Aware MSCI USA Small-Cap ETF,31/08/21,Equity Real Estate Investment Trusts (REITs) — 7.4%,STAG Industrial Inc.,20432,863252,,
ESML,iShares ESG Aware MSCI USA Small-Cap ETF,31/08/21,Equity Real Estate Investment Trusts (REITs) — 7.4%,STORE Capital Corp.,50656,1827162,,
ESML,iShares ESG Aware MSCI USA Small-Cap ETF,31/08/21,Equity Real Estate Investment Trusts (REITs) — 7.4%,Sunstone Hotel Investors Inc. (a),51152,592852,,
ESML,iShares ESG Aware MSCI USA Small-Cap ETF,31/08/21,Equity Real Estate Investment Trusts (REITs) — 7.4%,Tanger Factory Outlet Centers Inc.,33220,555438,,
ESML,iShares ESG Aware MSCI USA Small-Cap ETF,31/08/21,Equity Real Estate Investment Trusts (REITs) — 7.4%,Uniti Group Inc.,82981,1084562,,
ESML,iShares ESG Aware MSCI USA Small-Cap ETF,31/08/21,Equity Real Estate Investment Trusts (REITs) — 7.4%,Washington REIT,47566,1195809,,
ESML,iShares ESG Aware MSCI USA Small-Cap ETF,31/08/21,Equity Real Estate Investment Trusts (REITs) — 7.4%,Xenia Hotels & Resorts Inc. (a),36184,630325,81295928,
ESML,iShares ESG Aware MSCI USA Small-Cap ETF,31/08/21,Food & Staples Retailing — 0.8%,BJ’s Wholesale Club Holdings Inc. (a)(b),30303,1716968,,
ESML,iShares ESG Aware MSCI USA Small-Cap ETF,31/08/21,Food & Staples Retailing — 0.8%,Casey’s General Stores Inc.,6964,1424556,,
ESML,iShares ESG Aware MSCI USA Small-Cap ETF,31/08/21,Food & Staples Retailing — 0.8%,Grocery Outlet Holding Corp. (a)(b),20510,533875,,
ESML,iShares ESG Aware MSCI USA Small-Cap ETF,31/08/21,Food & Staples Retailing — 0.8%,PriceSmart Inc.,14278,1208062,,
ESML,iShares ESG Aware MSCI USA Small-Cap ETF,31/08/21,Food & Staples Retailing — 0.8%,SpartanNash Co.,25707,552701,,
ESML,iShares ESG Aware MSCI USA Small-Cap ETF,31/08/21,Food & Staples Retailing — 0.8%,Sprouts Farmers Market Inc. (a),33791,841396,,
ESML,iShares ESG Aware MSCI USA Small-Cap ETF,31/08/21,Food & Staples Retailing — 0.8%,U.S. Foods Holding Corp. (a),49744,1691296,,
ESML,iShares ESG Aware MSCI USA Small-Cap ETF,31/08/21,Food & Staples Retailing — 0.8%,United Natural Foods Inc. (a),18163,668398,8637252,
ESML,iShares ESG Aware MSCI USA Small-Cap ETF,31/08/21,Food Products — 1.5%,Beyond Meat Inc. (a)(b),12126,1450755,,
ESML,iShares ESG Aware MSCI USA Small-Cap ETF,31/08/21,Food Products — 1.5%,Cal-Maine Foods Inc.,15067,544823,,
ESML,iShares ESG Aware MSCI USA Small-Cap ETF,31/08/21,Food Products — 1.5%,Darling Ingredients Inc. (a),37817,2817366,,
ESML,iShares ESG Aware MSCI USA Small-Cap ETF,31/08/21,Food Products — 1.5%,Flowers Foods Inc.,52728,1272327,,
ESML,iShares ESG Aware MSCI USA Small-Cap ETF,31/08/21,Food Products — 1.5%,Fresh Del Monte Produce Inc.,17174,564681,,
ESML,iShares ESG Aware MSCI USA Small-Cap ETF,31/08/21,Food Products — 1.5%,Freshpet Inc. (a),13210,1692729,,
ESML,iShares ESG Aware MSCI USA Small-Cap ETF,31/08/21,Food Products — 1.5%,Hain Celestial Group Inc. (The) (a),24402,912879,,
ESML,iShares ESG Aware MSCI USA Small-Cap ETF,31/08/21,Food Products — 1.5%,Ingredion Inc.,38025,3340876,,
ESML,iShares ESG Aware MSCI USA Small-Cap ETF,31/08/21,Food Products — 1.5%,Landec Corp. (a),50713,549222,,
ESML,iShares ESG Aware MSCI USA Small-Cap ETF,31/08/21,Food Products — 1.5%,Post Holdings Inc. (a)(b),11291,1263576,,
ESML,iShares ESG Aware MSCI USA Small-Cap ETF,31/08/21,Food Products — 1.5%,Sanderson Farms Inc.,2733,537035,,
ESML,iShares ESG Aware MSCI USA Small-Cap ETF,31/08/21,Food Products — 1.5%,Simply Good Foods Co. (The) (a),20454,728571,,
ESML,iShares ESG Aware MSCI USA Small-Cap ETF,31/08/21,Food Products — 1.5%,TreeHouse Foods Inc. (a),16193,606752,,
ESML,iShares ESG Aware MSCI USA Small-Cap ETF,31/08/21,Food Products — 1.5%,Vital Farms Inc. (a),30585,549918,16831510,
ESML,iShares ESG Aware MSCI USA Small-Cap ETF,31/08/21,Gas Utilities — 0.9%,Chesapeake Utilities Corp.,5003,653892,,
ESML,iShares ESG Aware MSCI USA Small-Cap ETF,31/08/21,Gas Utilities — 0.9%,National Fuel Gas Co.,22246,1152565,,
ESML,iShares ESG Aware MSCI USA Small-Cap ETF,31/08/21,Gas Utilities — 0.9%,New Jersey Resources Corp.,32531,1214708,,
ESML,iShares ESG Aware MSCI USA Small-Cap ETF,31/08/21,Gas Utilities — 0.9%,Northwest Natural Holding Co.,11583,595945,,
ESML,iShares ESG Aware MSCI USA Small-Cap ETF,31/08/21,Gas Utilities — 0.9%,ONE Gas Inc.,27609,1982879,,
ESML,iShares ESG Aware MSCI USA Small-Cap ETF,31/08/21,Gas Utilities — 0.9%,South Jersey Industries Inc.,49534,1228939,,
ESML,iShares ESG Aware MSCI USA Small-Cap ETF,31/08/21,Gas Utilities — 0.9%,Southwest Gas Holdings Inc.,19533,1373365,,
ESML,iShares ESG Aware MSCI USA Small-Cap ETF,31/08/21,Gas Utilities — 0.9%,Spire Inc.,17566,1171652,9373945,
ESML,iShares ESG Aware MSCI USA Small-Cap ETF,31/08/21,Health Care Equipment & Supplies — 3.4%,Alphatec Holdings Inc. (a),44078,638249,,
ESML,iShares ESG Aware MSCI USA Small-Cap ETF,31/08/21,Health Care Equipment & Supplies — 3.4%,AngioDynamics Inc. (a),19459,550690,,
ESML,iShares ESG Aware MSCI USA Small-Cap ETF,31/08/21,Health Care Equipment & Supplies — 3.4%,AtriCure Inc. (a),12986,956029,,
ESML,iShares ESG Aware MSCI USA Small-Cap ETF,31/08/21,Health Care Equipment & Supplies — 3.4%,Axonics Inc. (a),7197,539631,,
ESML,iShares ESG Aware MSCI USA Small-Cap ETF,31/08/21,Health Care Equipment & Supplies — 3.4%,Cardiovascular Systems Inc. (a),22885,819054,,
ESML,iShares ESG Aware MSCI USA Small-Cap ETF,31/08/21,Health Care Equipment & Supplies — 3.4%,CONMED Corp.,5646,741546,,
ESML,iShares ESG Aware MSCI USA Small-Cap ETF,31/08/21,Health Care Equipment & Supplies — 3.4%,CryoLife Inc. (a),21007,551224,,
ESML,iShares ESG Aware MSCI USA Small-Cap ETF,31/08/21,Health Care Equipment & Supplies — 3.4%,CryoPort Inc. (a),9620,611543,,
ESML,iShares ESG Aware MSCI USA Small-Cap ETF,31/08/21,Health Care Equipment & Supplies — 3.4%,Envista Holdings Corp. (a),34513,1476811,,
ESML,iShares ESG Aware MSCI USA Small-Cap ETF,31/08/21,Health Care Equipment & Supplies — 3.4%,Establishment Labs Holdings Inc. (a),7449,558675,,
ESML,iShares ESG Aware MSCI USA Small-Cap ETF,31/08/21,Health Care Equipment & Supplies — 3.4%,Glaukos Corp. (a),11093,661476,,
ESML,iShares ESG Aware MSCI USA Small-Cap ETF,31/08/21,Health Care Equipment & Supplies — 3.4%,"Globus Medical Inc., Class A (a)",15763,1286261,,
ESML,iShares ESG Aware MSCI USA Small-Cap ETF,31/08/21,Health Care Equipment & Supplies — 3.4%,Haemonetics Corp. (a),15055,944701,,
ESML,iShares ESG Aware MSCI USA Small-Cap ETF,31/08/21,Health Care Equipment & Supplies — 3.4%,Heska Corp. (a),3472,921122,,
ESML,iShares ESG Aware MSCI USA Small-Cap ETF,31/08/21,Health Care Equipment & Supplies — 3.4%,Hill-Rom Holdings Inc.,17152,2496988,,
ESML,iShares ESG Aware MSCI USA Small-Cap ETF,31/08/21,Health Care Equipment & Supplies — 3.4%,ICU Medical Inc. (a),2666,531467,,
ESML,iShares ESG Aware MSCI USA Small-Cap ETF,31/08/21,Health Care Equipment & Supplies — 3.4%,Inari Medical Inc. (a),7711,631222,,
ESML,iShares ESG Aware MSCI USA Small-Cap ETF,31/08/21,Health Care Equipment & Supplies — 3.4%,Inogen Inc. (a),8916,527738,,
ESML,iShares ESG Aware MSCI USA Small-Cap ETF,31/08/21,Health Care Equipment & Supplies — 3.4%,Integer Holdings Corp. (a),6918,683429,,
ESML,iShares ESG Aware MSCI USA Small-Cap ETF,31/08/21,Health Care Equipment & Supplies — 3.4%,Integra LifeSciences Holdings Corp. (a),12811,963772,,
ESML,iShares ESG Aware MSCI USA Small-Cap ETF,31/08/21,Health Care Equipment & Supplies — 3.4%,Intersect ENT Inc. (a),21891,595654,,
ESML,iShares ESG Aware MSCI USA Small-Cap ETF,31/08/21,Health Care Equipment & Supplies — 3.4%,iRhythm Technologies Inc. (a),12418,593580,,
ESML,iShares ESG Aware MSCI USA Small-Cap ETF,31/08/21,Health Care Equipment & Supplies — 3.4%,LivaNova PLC (a),9604,794155,,
ESML,iShares ESG Aware MSCI USA Small-Cap ETF,31/08/21,Health Care Equipment & Supplies — 3.4%,Merit Medical Systems Inc. (a),15830,1136119,,
ESML,iShares ESG Aware MSCI USA Small-Cap ETF,31/08/21,Health Care Equipment & Supplies — 3.4%,Natus Medical Inc. (a),25469,675438,,
ESML,iShares ESG Aware MSCI USA Small-Cap ETF,31/08/21,Health Care Equipment & Supplies — 3.4%,Nevro Corp. (a),6527,796294,,
ESML,iShares ESG Aware MSCI USA Small-Cap ETF,31/08/21,Health Care Equipment & Supplies — 3.4%,NuVasive Inc. (a),8968,557271,,
ESML,iShares ESG Aware MSCI USA Small-Cap ETF,31/08/21,Health Care Equipment & Supplies — 3.4%,OraSure Technologies Inc. (a),52008,569488,,
ESML,iShares ESG Aware MSCI USA Small-Cap ETF,31/08/21,Health Care Equipment & Supplies — 3.4%,Orthofix Medical Inc. (a),22224,942298,,
ESML,iShares ESG Aware MSCI USA Small-Cap ETF,31/08/21,Health Care Equipment & Supplies — 3.4%,OrthoPediatrics Corp. (a),8440,591644,,
ESML,iShares ESG Aware MSCI USA Small-Cap ETF,31/08/21,Health Care Equipment & Supplies — 3.4%,Outset Medical Inc. (a),13309,656001,,
ESML,iShares ESG Aware MSCI USA Small-Cap ETF,31/08/21,Health Care Equipment & Supplies — 3.4%,Penumbra Inc. (a),8074,2219946,,
ESML,iShares ESG Aware MSCI USA Small-Cap ETF,31/08/21,Health Care Equipment & Supplies — 3.4%,Quidel Corp. (a)(b),8807,1135663,,
ESML,iShares ESG Aware MSCI USA Small-Cap ETF,31/08/21,Health Care Equipment & Supplies — 3.4%,Shockwave Medical Inc. (a),8937,1914395,,
ESML,iShares ESG Aware MSCI USA Small-Cap ETF,31/08/21,Health Care Equipment & Supplies — 3.4%,SI-BONE Inc. (a)(b),26424,645010,,
ESML,iShares ESG Aware MSCI USA Small-Cap ETF,31/08/21,Health Care Equipment & Supplies — 3.4%,Silk Road Medical Inc. (a),11839,701816,,
ESML,iShares ESG Aware MSCI USA Small-Cap ETF,31/08/21,Health Care Equipment & Supplies — 3.4%,STAAR Surgical Co. (a),9820,1516895,,
ESML,iShares ESG Aware MSCI USA Small-Cap ETF,31/08/21,Health Care Equipment & Supplies — 3.4%,Surmodics Inc. (a),10184,611753,,
ESML,iShares ESG Aware MSCI USA Small-Cap ETF,31/08/21,Health Care Equipment & Supplies — 3.4%,Tactile Systems Technology Inc. (a),13049,580419,,
ESML,iShares ESG Aware MSCI USA Small-Cap ETF,31/08/21,Health Care Equipment & Supplies — 3.4%,Tandem Diabetes Care Inc. (a),18348,2058095,,
ESML,iShares ESG Aware MSCI USA Small-Cap ETF,31/08/21,Health Care Equipment & Supplies — 3.4%,Varex Imaging Corp. (a),23212,677094,37060656,
ESML,iShares ESG Aware MSCI USA Small-Cap ETF,31/08/21,Health Care Providers & Services — 3.2%,1Life Healthcare Inc. (a),26303,644687,,
ESML,iShares ESG Aware MSCI USA Small-Cap ETF,31/08/21,Health Care Providers & Services — 3.2%,Acadia Healthcare Co. Inc. (a),15983,1056796,,
ESML,iShares ESG Aware MSCI USA Small-Cap ETF,31/08/21,Health Care Providers & Services — 3.2%,Accolade Inc. (a),13122,621720,,
ESML,iShares ESG Aware MSCI USA Small-Cap ETF,31/08/21,Health Care Providers & Services — 3.2%,AdaptHealth Corp. (a),22982,552487,,
ESML,iShares ESG Aware MSCI USA Small-Cap ETF,31/08/21,Health Care Providers & Services — 3.2%,Addus HomeCare Corp. (a),10177,915116,,
ESML,iShares ESG Aware MSCI USA Small-Cap ETF,31/08/21,Health Care Providers & Services — 3.2%,Amedisys Inc. (a),9101,1669578,,
ESML,iShares ESG Aware MSCI USA Small-Cap ETF,31/08/21,Health Care Providers & Services — 3.2%,AMN Healthcare Services Inc. (a),14389,1633439,,
ESML,iShares ESG Aware MSCI USA Small-Cap ETF,31/08/21,Health Care Providers & Services — 3.2%,Brookdale Senior Living Inc. (a),81696,596381,,
ESML,iShares ESG Aware MSCI USA Small-Cap ETF,31/08/21,Health Care Providers & Services — 3.2%,Chemed Corp.,2994,1427240,,
ESML,iShares ESG Aware MSCI USA Small-Cap ETF,31/08/21,Health Care Providers & Services — 3.2%,CorVel Corp. (a),5820,959194,,
ESML,iShares ESG Aware MSCI USA Small-Cap ETF,31/08/21,Health Care Providers & Services — 3.2%,Covetrus Inc. (a),24885,562152,,
ESML,iShares ESG Aware MSCI USA Small-Cap ETF,31/08/21,Health Care Providers & Services — 3.2%,Encompass Health Corp.,34211,2683853,,
ESML,iShares ESG Aware MSCI USA Small-Cap ETF,31/08/21,Health Care Providers & Services — 3.2%,Ensign Group Inc. (The),11996,979713,,
ESML,iShares ESG Aware MSCI USA Small-Cap ETF,31/08/21,Health Care Providers & Services — 3.2%,Fulgent Genetics Inc. (a)(b),6429,586582,,
ESML,iShares ESG Aware MSCI USA Small-Cap ETF,31/08/21,Health Care Providers & Services — 3.2%,Guardant Health Inc. (a),16073,2045611,,
ESML,iShares ESG Aware MSCI USA Small-Cap ETF,31/08/21,Health Care Providers & Services — 3.2%,Hanger Inc. (a),24263,579400,,
ESML,iShares ESG Aware MSCI USA Small-Cap ETF,31/08/21,Health Care Providers & Services — 3.2%,HealthEquity Inc. (a),12866,825611,,
ESML,iShares ESG Aware MSCI USA Small-Cap ETF,31/08/21,Health Care Providers & Services — 3.2%,Joint Corp. (The) (a),6256,639176,,
ESML,iShares ESG Aware MSCI USA Small-Cap ETF,31/08/21,Health Care Providers & Services — 3.2%,LHC Group Inc. (a),9960,1860130,,
ESML,iShares ESG Aware MSCI USA Small-Cap ETF,31/08/21,Health Care Providers & Services — 3.2%,MEDNAX Inc. (a),17918,575347,,
ESML,iShares ESG Aware MSCI USA Small-Cap ETF,31/08/21,Health Care Providers & Services — 3.2%,ModivCare Inc. (a),5293,1044097,,
ESML,iShares ESG Aware MSCI USA Small-Cap ETF,31/08/21,Health Care Providers & Services — 3.2%,National Research Corp.,12612,681048,,
ESML,iShares ESG Aware MSCI USA Small-Cap ETF,31/08/21,Health Care Providers & Services — 3.2%,Option Care Health Inc. (a),23662,632959,,
ESML,iShares ESG Aware MSCI USA Small-Cap ETF,31/08/21,Health Care Providers & Services — 3.2%,Owens & Minor Inc.,20016,746197,,
ESML,iShares ESG Aware MSCI USA Small-Cap ETF,31/08/21,Health Care Providers & Services — 3.2%,Patterson Companies Inc.,28727,880195,,
ESML,iShares ESG Aware MSCI USA Small-Cap ETF,31/08/21,Health Care Providers & Services — 3.2%,Pennant Group Inc. (The) (a),20341,621824,,
ESML,iShares ESG Aware MSCI USA Small-Cap ETF,31/08/21,Health Care Providers & Services — 3.2%,PetIQ Inc. (a),21791,565476,,
ESML,iShares ESG Aware MSCI USA Small-Cap ETF,31/08/21,Health Care Providers & Services — 3.2%,"Premier Inc., Class A",34505,1282896,,
ESML,iShares ESG Aware MSCI USA Small-Cap ETF,31/08/21,Health Care Providers & Services — 3.2%,Progyny Inc. (a),12884,719829,,
ESML,iShares ESG Aware MSCI USA Small-Cap ETF,31/08/21,Health Care Providers & Services — 3.2%,R1 RCM Inc. (a),60102,1185211,,
ESML,iShares ESG Aware MSCI USA Small-Cap ETF,31/08/21,Health Care Providers & Services — 3.2%,RadNet Inc. (a),23021,723090,,
ESML,iShares ESG Aware MSCI USA Small-Cap ETF,31/08/21,Health Care Providers & Services — 3.2%,Select Medical Holdings Corp.,25452,879876,,
ESML,iShares ESG Aware MSCI USA Small-Cap ETF,31/08/21,Health Care Providers & Services — 3.2%,"Signify Health Inc., Class A (a)",20729,538747,,
ESML,iShares ESG Aware MSCI USA Small-Cap ETF,31/08/21,Health Care Providers & Services — 3.2%,Surgery Partners Inc. (a),12058,593254,,
ESML,iShares ESG Aware MSCI USA Small-Cap ETF,31/08/21,Health Care Providers & Services — 3.2%,Tenet Healthcare Corp. (a),15351,1156698,,
ESML,iShares ESG Aware MSCI USA Small-Cap ETF,31/08/21,Health Care Providers & Services — 3.2%,Tivity Health Inc. (a)(b),23793,553187,,
ESML,iShares ESG Aware MSCI USA Small-Cap ETF,31/08/21,Health Care Providers & Services — 3.2%,U.S. Physical Therapy Inc.,4881,573029,34791826,
ESML,iShares ESG Aware MSCI USA Small-Cap ETF,31/08/21,Health Care Technology — 0.6%,Allscripts Healthcare Solutions Inc. (a),39431,605660,,
ESML,iShares ESG Aware MSCI USA Small-Cap ETF,31/08/21,Health Care Technology — 0.6%,Health Catalyst Inc. (a),10580,577774,,
ESML,iShares ESG Aware MSCI USA Small-Cap ETF,31/08/21,Health Care Technology — 0.6%,Inspire Medical Systems Inc. (a),5336,1192916,,
ESML,iShares ESG Aware MSCI USA Small-Cap ETF,31/08/21,Health Care Technology — 0.6%,NextGen Healthcare Inc. (a),35218,537427,,
ESML,iShares ESG Aware MSCI USA Small-Cap ETF,31/08/21,Health Care Technology — 0.6%,Omnicell Inc. (a),4381,680238,,
ESML,iShares ESG Aware MSCI USA Small-Cap ETF,31/08/21,Health Care Technology — 0.6%,Phreesia Inc. (a),8102,579698,,
ESML,iShares ESG Aware MSCI USA Small-Cap ETF,31/08/21,Health Care Technology — 0.6%,Schrodinger Inc. (a),9643,575591,,
ESML,iShares ESG Aware MSCI USA Small-Cap ETF,31/08/21,Health Care Technology — 0.6%,Simulations Plus Inc.,12481,552908,,
ESML,iShares ESG Aware MSCI USA Small-Cap ETF,31/08/21,Health Care Technology — 0.6%,Vocera Communications Inc. (a),16082,779816,6082028,
ESML,iShares ESG Aware MSCI USA Small-Cap ETF,31/08/21,"Hotels, Restaurants & Leisure — 2.5%",Accel Entertainment Inc. (a),49970,575654,,
ESML,iShares ESG Aware MSCI USA Small-Cap ETF,31/08/21,"Hotels, Restaurants & Leisure — 2.5%",Bally’s Corp. (a),11846,595143,,
ESML,iShares ESG Aware MSCI USA Small-Cap ETF,31/08/21,"Hotels, Restaurants & Leisure — 2.5%",Boyd Gaming Corp. (a),16925,1038687,,
ESML,iShares ESG Aware MSCI USA Small-Cap ETF,31/08/21,"Hotels, Restaurants & Leisure — 2.5%",Brinker International Inc. (a),11006,586290,,
ESML,iShares ESG Aware MSCI USA Small-Cap ETF,31/08/21,"Hotels, Restaurants & Leisure — 2.5%",Cheesecake Factory Inc. (The) (a),12715,593155,,
ESML,iShares ESG Aware MSCI USA Small-Cap ETF,31/08/21,"Hotels, Restaurants & Leisure — 2.5%",Choice Hotels International Inc.,4648,554785,,
ESML,iShares ESG Aware MSCI USA Small-Cap ETF,31/08/21,"Hotels, Restaurants & Leisure — 2.5%",Churchill Downs Inc.,6315,1329307,,
ESML,iShares ESG Aware MSCI USA Small-Cap ETF,31/08/21,"Hotels, Restaurants & Leisure — 2.5%",Dave & Buster’s Entertainment Inc. (a),16605,621359,,
ESML,iShares ESG Aware MSCI USA Small-Cap ETF,31/08/21,"Hotels, Restaurants & Leisure — 2.5%",Everi Holdings Inc. (a),30054,683729,,
ESML,iShares ESG Aware MSCI USA Small-Cap ETF,31/08/21,"Hotels, Restaurants & Leisure — 2.5%",Hilton Grand Vacations Inc. (a),43669,1907899,,
ESML,iShares ESG Aware MSCI USA Small-Cap ETF,31/08/21,"Hotels, Restaurants & Leisure — 2.5%","Hyatt Hotels Corp., Class A (a)",7331,539488,,
ESML,iShares ESG Aware MSCI USA Small-Cap ETF,31/08/21,"Hotels, Restaurants & Leisure — 2.5%",Jack in the Box Inc.,6107,647098,,
ESML,iShares ESG Aware MSCI USA Small-Cap ETF,31/08/21,"Hotels, Restaurants & Leisure — 2.5%",Marriott Vacations Worldwide Corp. (a),7033,1051785,,
ESML,iShares ESG Aware MSCI USA Small-Cap ETF,31/08/21,"Hotels, Restaurants & Leisure — 2.5%",Norwegian Cruise Line Holdings Ltd. (a)(b),75257,1944641,,
ESML,iShares ESG Aware MSCI USA Small-Cap ETF,31/08/21,"Hotels, Restaurants & Leisure — 2.5%",Papa John’s International Inc.,4059,517644,,
ESML,iShares ESG Aware MSCI USA Small-Cap ETF,31/08/21,"Hotels, Restaurants & Leisure — 2.5%",Penn National Gaming Inc. (a)(b),34738,2817252,,
ESML,iShares ESG Aware MSCI USA Small-Cap ETF,31/08/21,"Hotels, Restaurants & Leisure — 2.5%","Planet Fitness Inc., Class A (a)",25080,2039004,,
ESML,iShares ESG Aware MSCI USA Small-Cap ETF,31/08/21,"Hotels, Restaurants & Leisure — 2.5%","Scientific Games Corp./DE, Class A (a)",18813,1361121,,
ESML,iShares ESG Aware MSCI USA Small-Cap ETF,31/08/21,"Hotels, Restaurants & Leisure — 2.5%",SeaWorld Entertainment Inc. (a),15781,776267,,
ESML,iShares ESG Aware MSCI USA Small-Cap ETF,31/08/21,"Hotels, Restaurants & Leisure — 2.5%","Shake Shack Inc., Class A (a)",8979,778928,,
ESML,iShares ESG Aware MSCI USA Small-Cap ETF,31/08/21,"Hotels, Restaurants & Leisure — 2.5%",Six Flags Entertainment Corp. (a),17401,735018,,
ESML,iShares ESG Aware MSCI USA Small-Cap ETF,31/08/21,"Hotels, Restaurants & Leisure — 2.5%",Texas Roadhouse Inc.,9124,866780,,
ESML,iShares ESG Aware MSCI USA Small-Cap ETF,31/08/21,"Hotels, Restaurants & Leisure — 2.5%",Travel + Leisure Co.,22992,1259042,,
ESML,iShares ESG Aware MSCI USA Small-Cap ETF,31/08/21,"Hotels, Restaurants & Leisure — 2.5%",Wendy’s Co. (The),47827,1100978,,
ESML,iShares ESG Aware MSCI USA Small-Cap ETF,31/08/21,"Hotels, Restaurants & Leisure — 2.5%",Wingstop Inc.,7020,1206949,,
ESML,iShares ESG Aware MSCI USA Small-Cap ETF,31/08/21,"Hotels, Restaurants & Leisure — 2.5%",Wyndham Hotels & Resorts Inc.,25312,1840182,27968185,
ESML,iShares ESG Aware MSCI USA Small-Cap ETF,31/08/21,Household Durables — 1.7%,Cavco Industries Inc. (a),2276,581518,,
ESML,iShares ESG Aware MSCI USA Small-Cap ETF,31/08/21,Household Durables — 1.7%,Century Communities Inc.,8834,619263,,
ESML,iShares ESG Aware MSCI USA Small-Cap ETF,31/08/21,Household Durables — 1.7%,Ethan Allen Interiors Inc.,22503,540522,,
ESML,iShares ESG Aware MSCI USA Small-Cap ETF,31/08/21,Household Durables — 1.7%,"GoPro Inc., Class A (a)",53378,532179,,
ESML,iShares ESG Aware MSCI USA Small-Cap ETF,31/08/21,Household Durables — 1.7%,Green Brick Partners Inc. (a),21691,542058,,
ESML,iShares ESG Aware MSCI USA Small-Cap ETF,31/08/21,Household Durables — 1.7%,Helen of Troy Ltd. (a),8393,2007522,,
ESML,iShares ESG Aware MSCI USA Small-Cap ETF,31/08/21,Household Durables — 1.7%,iRobot Corp. (a),8545,693170,,
ESML,iShares ESG Aware MSCI USA Small-Cap ETF,31/08/21,Household Durables — 1.7%,KB Home,23344,1004492,,
ESML,iShares ESG Aware MSCI USA Small-Cap ETF,31/08/21,Household Durables — 1.7%,Leggett & Platt Inc.,27495,1330483,,
ESML,iShares ESG Aware MSCI USA Small-Cap ETF,31/08/21,Household Durables — 1.7%,LGI Homes Inc. (a),5806,930876,,
ESML,iShares ESG Aware MSCI USA Small-Cap ETF,31/08/21,Household Durables — 1.7%,Lovesac Co. (The) (a),9744,551121,,
ESML,iShares ESG Aware MSCI USA Small-Cap ETF,31/08/21,Household Durables — 1.7%,MDC Holdings Inc.,10082,526785,,
ESML,iShares ESG Aware MSCI USA Small-Cap ETF,31/08/21,Household Durables — 1.7%,Meritage Homes Corp. (a),9422,1050930,,
ESML,iShares ESG Aware MSCI USA Small-Cap ETF,31/08/21,Household Durables — 1.7%,"Purple Innovation Inc., Class A (a)(b)",21311,519988,,
ESML,iShares ESG Aware MSCI USA Small-Cap ETF,31/08/21,Household Durables — 1.7%,Skyline Champion Corp. (a),8915,559149,,
ESML,iShares ESG Aware MSCI USA Small-Cap ETF,31/08/21,Household Durables — 1.7%,Sonos Inc. (a),26425,1049865,,
ESML,iShares ESG Aware MSCI USA Small-Cap ETF,31/08/21,Household Durables — 1.7%,Taylor Morrison Home Corp. (a),29890,839610,,
ESML,iShares ESG Aware MSCI USA Small-Cap ETF,31/08/21,Household Durables — 1.7%,Tempur Sealy International Inc.,34803,1555694,,
ESML,iShares ESG Aware MSCI USA Small-Cap ETF,31/08/21,Household Durables — 1.7%,Toll Brothers Inc.,16292,1043666,,
ESML,iShares ESG Aware MSCI USA Small-Cap ETF,31/08/21,Household Durables — 1.7%,TopBuild Corp. (a),6451,1411414,,
ESML,iShares ESG Aware MSCI USA Small-Cap ETF,31/08/21,Household Durables — 1.7%,TRI Pointe Homes Inc. (a),27141,645142,,
ESML,iShares ESG Aware MSCI USA Small-Cap ETF,31/08/21,Household Durables — 1.7%,Tupperware Brands Corp. (a),24007,573047,19108494,
ESML,iShares ESG Aware MSCI USA Small-Cap ETF,31/08/21,Household Products — 0.1%,Energizer Holdings Inc.,16805,661109,,
ESML,iShares ESG Aware MSCI USA Small-Cap ETF,31/08/21,Household Products — 0.1%,Spectrum Brands Holdings Inc.,7925,618625,1279734,
ESML,iShares ESG Aware MSCI USA Small-Cap ETF,31/08/21,Independent Power and Renewable Electricity Producers — 0.5%,"Clearway Energy Inc., Class C",49049,1539648,,
ESML,iShares ESG Aware MSCI USA Small-Cap ETF,31/08/21,Independent Power and Renewable Electricity Producers — 0.5%,NextEra Energy Partners LP,26043,2081617,,
ESML,iShares ESG Aware MSCI USA Small-Cap ETF,31/08/21,Independent Power and Renewable Electricity Producers — 0.5%,Ormat Technologies Inc.,13318,947309,,
ESML,iShares ESG Aware MSCI USA Small-Cap ETF,31/08/21,Independent Power and Renewable Electricity Producers — 0.5%,Sunnova Energy International Inc. (a),27192,984351,5552925,
ESML,iShares ESG Aware MSCI USA Small-Cap ETF,31/08/21,Industrial Conglomerates — 0.1%,Raven Industries Inc.,19679,1148270,1148270,
ESML,iShares ESG Aware MSCI USA Small-Cap ETF,31/08/21,Insurance — 1.9%,American Equity Investment Life Holding Co.,17775,563290,,
ESML,iShares ESG Aware MSCI USA Small-Cap ETF,31/08/21,Insurance — 1.9%,Argo Group International Holdings Ltd.,11807,624590,,
ESML,iShares ESG Aware MSCI USA Small-Cap ETF,31/08/21,Insurance — 1.9%,Assured Guaranty Ltd.,14910,743413,,
ESML,iShares ESG Aware MSCI USA Small-Cap ETF,31/08/21,Insurance — 1.9%,Axis Capital Holdings Ltd.,16683,853669,,
ESML,iShares ESG Aware MSCI USA Small-Cap ETF,31/08/21,Insurance — 1.9%,Brighthouse Financial Inc. (a),12155,595109,,
ESML,iShares ESG Aware MSCI USA Small-Cap ETF,31/08/21,Insurance — 1.9%,CNO Financial Group Inc.,31150,761929,,
ESML,iShares ESG Aware MSCI USA Small-Cap ETF,31/08/21,Insurance — 1.9%,eHealth Inc. (a),13372,516828,,
ESML,iShares ESG Aware MSCI USA Small-Cap ETF,31/08/21,Insurance — 1.9%,Enstar Group Ltd. (a),2227,513702,,
ESML,iShares ESG Aware MSCI USA Small-Cap ETF,31/08/21,Insurance — 1.9%,First American Financial Corp.,32862,2317757,,
ESML,iShares ESG Aware MSCI USA Small-Cap ETF,31/08/21,Insurance — 1.9%,"Genworth Financial Inc., Class A (a)",107185,401944,,
ESML,iShares ESG Aware MSCI USA Small-Cap ETF,31/08/21,Insurance — 1.9%,"Goosehead Insurance Inc., Class A",3823,561140,,
ESML,iShares ESG Aware MSCI USA Small-Cap ETF,31/08/21,Insurance — 1.9%,Hanover Insurance Group Inc. (The),13587,1919979,,
ESML,iShares ESG Aware MSCI USA Small-Cap ETF,31/08/21,Insurance — 1.9%,Horace Mann Educators Corp.,10579,433739,,
ESML,iShares ESG Aware MSCI USA Small-Cap ETF,31/08/21,Insurance — 1.9%,Kemper Corp.,8194,562108,,
ESML,iShares ESG Aware MSCI USA Small-Cap ETF,31/08/21,Insurance — 1.9%,Kinsale Capital Group Inc.,3093,562462,,
ESML,iShares ESG Aware MSCI USA Small-Cap ETF,31/08/21,Insurance — 1.9%,Lemonade Inc. (a)(b),7608,574708,,
ESML,iShares ESG Aware MSCI USA Small-Cap ETF,31/08/21,Insurance — 1.9%,Primerica Inc.,8266,1264202,,
ESML,iShares ESG Aware MSCI USA Small-Cap ETF,31/08/21,Insurance — 1.9%,ProAssurance Corp.,18305,466777,,
ESML,iShares ESG Aware MSCI USA Small-Cap ETF,31/08/21,Insurance — 1.9%,Reinsurance Group of America Inc.,14193,1643833,,
ESML,iShares ESG Aware MSCI USA Small-Cap ETF,31/08/21,Insurance — 1.9%,Selective Insurance Group Inc.,14066,1175496,,
ESML,iShares ESG Aware MSCI USA Small-Cap ETF,31/08/21,Insurance — 1.9%,State Auto Financial Corp.,10703,541358,,
ESML,iShares ESG Aware MSCI USA Small-Cap ETF,31/08/21,Insurance — 1.9%,Stewart Information Services Corp.,6220,391549,,
ESML,iShares ESG Aware MSCI USA Small-Cap ETF,31/08/21,Insurance — 1.9%,Trupanion Inc. (a)(b),7637,699396,,
ESML,iShares ESG Aware MSCI USA Small-Cap ETF,31/08/21,Insurance — 1.9%,Unum Group,45488,1210891,,
ESML,iShares ESG Aware MSCI USA Small-Cap ETF,31/08/21,Insurance — 1.9%,White Mountains Insurance Group Ltd. (b),522,585063,20484932,
ESML,iShares ESG Aware MSCI USA Small-Cap ETF,31/08/21,Interactive Media & Services — 0.5%,Cargurus Inc. (a),19798,601463,,
ESML,iShares ESG Aware MSCI USA Small-Cap ETF,31/08/21,Interactive Media & Services — 0.5%,TripAdvisor Inc. (a),20978,734230,,
ESML,iShares ESG Aware MSCI USA Small-Cap ETF,31/08/21,Interactive Media & Services — 0.5%,Vimeo Inc. (a),25337,965847,,
ESML,iShares ESG Aware MSCI USA Small-Cap ETF,31/08/21,Interactive Media & Services — 0.5%,Yelp Inc. (a),15106,581732,,
ESML,iShares ESG Aware MSCI USA Small-Cap ETF,31/08/21,Interactive Media & Services — 0.5%,"ZoomInfo Technologies Inc., Class A (a)",39304,2562228,5445500,
ESML,iShares ESG Aware MSCI USA Small-Cap ETF,31/08/21,Internet & Direct Marketing Retail — 0.4%,"1-800-Flowers.com Inc., Class A (a)",17922,569203,,
ESML,iShares ESG Aware MSCI USA Small-Cap ETF,31/08/21,Internet & Direct Marketing Retail — 0.4%,Overstock.com Inc. (a),10124,730447,,
ESML,iShares ESG Aware MSCI USA Small-Cap ETF,31/08/21,Internet & Direct Marketing Retail — 0.4%,RealReal Inc. (The) (a),41917,521447,,
ESML,iShares ESG Aware MSCI USA Small-Cap ETF,31/08/21,Internet & Direct Marketing Retail — 0.4%,Revolve Group Inc. (a),9207,529034,,
ESML,iShares ESG Aware MSCI USA Small-Cap ETF,31/08/21,Internet & Direct Marketing Retail — 0.4%,Stamps.com Inc. (a),3187,1048204,,
ESML,iShares ESG Aware MSCI USA Small-Cap ETF,31/08/21,Internet & Direct Marketing Retail — 0.4%,"Stitch Fix Inc., Class A (a)",13090,548602,3946937,
ESML,iShares ESG Aware MSCI USA Small-Cap ETF,31/08/21,IT Services — 1.5%,Alliance Data Systems Corp.,9034,886326,,
ESML,iShares ESG Aware MSCI USA Small-Cap ETF,31/08/21,IT Services — 1.5%,"BigCommerce Holdings Inc., Series 1 (a)",10606,631481,,
ESML,iShares ESG Aware MSCI USA Small-Cap ETF,31/08/21,IT Services — 1.5%,Concentrix Corp. (a),10487,1818341,,
ESML,iShares ESG Aware MSCI USA Small-Cap ETF,31/08/21,IT Services — 1.5%,Conduent Inc. (a),77193,563509,,
ESML,iShares ESG Aware MSCI USA Small-Cap ETF,31/08/21,IT Services — 1.5%,CSG Systems International Inc.,11851,571337,,
ESML,iShares ESG Aware MSCI USA Small-Cap ETF,31/08/21,IT Services — 1.5%,DXC Technology Co. (a),57855,2124436,,
ESML,iShares ESG Aware MSCI USA Small-Cap ETF,31/08/21,IT Services — 1.5%,Euronet Worldwide Inc. (a),3951,526392,,
ESML,iShares ESG Aware MSCI USA Small-Cap ETF,31/08/21,IT Services — 1.5%,ExlService Holdings Inc. (a),8337,1026618,,
ESML,iShares ESG Aware MSCI USA Small-Cap ETF,31/08/21,IT Services — 1.5%,"Fastly Inc., Class A (a)(b)",21129,921224,,
ESML,iShares ESG Aware MSCI USA Small-Cap ETF,31/08/21,IT Services — 1.5%,LiveRamp Holdings Inc. (a),11808,578592,,
ESML,iShares ESG Aware MSCI USA Small-Cap ETF,31/08/21,IT Services — 1.5%,Maximus Inc.,10304,897375,,
ESML,iShares ESG Aware MSCI USA Small-Cap ETF,31/08/21,IT Services — 1.5%,Perficient Inc. (a),6693,797939,,
ESML,iShares ESG Aware MSCI USA Small-Cap ETF,31/08/21,IT Services — 1.5%,Rackspace Technology Inc. (a)(b),39459,551242,,
ESML,iShares ESG Aware MSCI USA Small-Cap ETF,31/08/21,IT Services — 1.5%,Sabre Corp. (a),51142,574325,,
ESML,iShares ESG Aware MSCI USA Small-Cap ETF,31/08/21,IT Services — 1.5%,TTEC Holdings Inc.,5191,547443,,
ESML,iShares ESG Aware MSCI USA Small-Cap ETF,31/08/21,IT Services — 1.5%,Unisys Corp. (a),23737,574673,,
ESML,iShares ESG Aware MSCI USA Small-Cap ETF,31/08/21,IT Services — 1.5%,Verra Mobility Corp. (a),38881,603044,,
ESML,iShares ESG Aware MSCI USA Small-Cap ETF,31/08/21,IT Services — 1.5%,WEX Inc. (a)(b),11114,2040197,16234494,
ESML,iShares ESG Aware MSCI USA Small-Cap ETF,31/08/21,Leisure Products — 0.7%,Brunswick Corp./DE,15030,1455956,,
ESML,iShares ESG Aware MSCI USA Small-Cap ETF,31/08/21,Leisure Products — 0.7%,Callaway Golf Co. (a),24447,685983,,
ESML,iShares ESG Aware MSCI USA Small-Cap ETF,31/08/21,Leisure Products — 0.7%,"Johnson Outdoors Inc., Class A",4734,543416,,
ESML,iShares ESG Aware MSCI USA Small-Cap ETF,31/08/21,Leisure Products — 0.7%,"Malibu Boats Inc., Class A (a)",8312,595139,,
ESML,iShares ESG Aware MSCI USA Small-Cap ETF,31/08/21,Leisure Products — 0.7%,Mattel Inc. (a),75966,1621874,,
ESML,iShares ESG Aware MSCI USA Small-Cap ETF,31/08/21,Leisure Products — 0.7%,Polaris Inc.,8534,1022032,,
ESML,iShares ESG Aware MSCI USA Small-Cap ETF,31/08/21,Leisure Products — 0.7%,YETI Holdings Inc. (a),22245,2209818,8134218,
ESML,iShares ESG Aware MSCI USA Small-Cap ETF,31/08/21,Life Sciences Tools & Services — 1.1%,Adaptive Biotechnologies Corp. (a),25623,930627,,
ESML,iShares ESG Aware MSCI USA Small-Cap ETF,31/08/21,Life Sciences Tools & Services — 1.1%,BioNano Genomics Inc. (a),101212,590066,,
ESML,iShares ESG Aware MSCI USA Small-Cap ETF,31/08/21,Life Sciences Tools & Services — 1.1%,Bruker Corp.,12577,1110675,,
ESML,iShares ESG Aware MSCI USA Small-Cap ETF,31/08/21,Life Sciences Tools & Services — 1.1%,Codexis Inc. (a)(b),23846,644319,,
ESML,iShares ESG Aware MSCI USA Small-Cap ETF,31/08/21,Life Sciences Tools & Services — 1.1%,Medpace Holdings Inc. (a),5353,976119,,
ESML,iShares ESG Aware MSCI USA Small-Cap ETF,31/08/21,Life Sciences Tools & Services — 1.1%,NanoString Technologies Inc. (a),10158,591196,,
ESML,iShares ESG Aware MSCI USA Small-Cap ETF,31/08/21,Life Sciences Tools & Services — 1.1%,NeoGenomics Inc. (a),30309,1473624,,
ESML,iShares ESG Aware MSCI USA Small-Cap ETF,31/08/21,Life Sciences Tools & Services — 1.1%,Pacific Biosciences of California Inc. (a),34396,1076939,,
ESML,iShares ESG Aware MSCI USA Small-Cap ETF,31/08/21,Life Sciences Tools & Services — 1.1%,Repligen Corp. (a),12555,3552814,,
ESML,iShares ESG Aware MSCI USA Small-Cap ETF,31/08/21,Life Sciences Tools & Services — 1.1%,Syneos Health Inc. (a),13343,1237963,12184342,
ESML,iShares ESG Aware MSCI USA Small-Cap ETF,31/08/21,Machinery — 4.5%,AGCO Corp.,11405,1569556,,
ESML,iShares ESG Aware MSCI USA Small-Cap ETF,31/08/21,Machinery — 4.5%,Alamo Group Inc.,3902,604849,,
ESML,iShares ESG Aware MSCI USA Small-Cap ETF,31/08/21,Machinery — 4.5%,Allison Transmission Holdings Inc.,31561,1167126,,
ESML,iShares ESG Aware MSCI USA Small-Cap ETF,31/08/21,Machinery — 4.5%,Altra Industrial Motion Corp.,11429,669282,,
ESML,iShares ESG Aware MSCI USA Small-Cap ETF,31/08/21,Machinery — 4.5%,Astec Industries Inc.,10529,643743,,
ESML,iShares ESG Aware MSCI USA Small-Cap ETF,31/08/21,Machinery — 4.5%,Barnes Group Inc.,11842,564508,,
ESML,iShares ESG Aware MSCI USA Small-Cap ETF,31/08/21,Machinery — 4.5%,Chart Industries Inc. (a)(b),8558,1612156,,
ESML,iShares ESG Aware MSCI USA Small-Cap ETF,31/08/21,Machinery — 4.5%,Columbus McKinnon Corp./NY,12745,586907,,
ESML,iShares ESG Aware MSCI USA Small-Cap ETF,31/08/21,Machinery — 4.5%,Donaldson Co. Inc.,27686,1875727,,
ESML,iShares ESG Aware MSCI USA Small-Cap ETF,31/08/21,Machinery — 4.5%,Douglas Dynamics Inc.,14834,589503,,
ESML,iShares ESG Aware MSCI USA Small-Cap ETF,31/08/21,Machinery — 4.5%,Energy Recovery Inc. (a),29936,611592,,
ESML,iShares ESG Aware MSCI USA Small-Cap ETF,31/08/21,Machinery — 4.5%,Enerpac Tool Group Corp.,22255,559936,,
ESML,iShares ESG Aware MSCI USA Small-Cap ETF,31/08/21,Machinery — 4.5%,EnPro Industries Inc.,7115,608404,,
ESML,iShares ESG Aware MSCI USA Small-Cap ETF,31/08/21,Machinery — 4.5%,ESCO Technologies Inc.,6520,587582,,
ESML,iShares ESG Aware MSCI USA Small-Cap ETF,31/08/21,Machinery — 4.5%,Evoqua Water Technologies Corp. (a),25917,1008690,,
ESML,iShares ESG Aware MSCI USA Small-Cap ETF,31/08/21,Machinery — 4.5%,Federal Signal Corp.,18153,737556,,
ESML,iShares ESG Aware MSCI USA Small-Cap ETF,31/08/21,Machinery — 4.5%,Flowserve Corp.,37561,1459996,,
ESML,iShares ESG Aware MSCI USA Small-Cap ETF,31/08/21,Machinery — 4.5%,Franklin Electric Co. Inc.,14152,1202637,,
ESML,iShares ESG Aware MSCI USA Small-Cap ETF,31/08/21,Machinery — 4.5%,Graco Inc.,33569,2632481,,
ESML,iShares ESG Aware MSCI USA Small-Cap ETF,31/08/21,Machinery — 4.5%,Hillenbrand Inc.,19266,894328,,
ESML,iShares ESG Aware MSCI USA Small-Cap ETF,31/08/21,Machinery — 4.5%,Hyster-Yale Materials Handling Inc.,8999,527431,,
ESML,iShares ESG Aware MSCI USA Small-Cap ETF,31/08/21,Machinery — 4.5%,ITT Inc.,26964,2579646,,
ESML,iShares ESG Aware MSCI USA Small-Cap ETF,31/08/21,Machinery — 4.5%,John Bean Technologies Corp.,7126,1039612,,
ESML,iShares ESG Aware MSCI USA Small-Cap ETF,31/08/21,Machinery — 4.5%,Kennametal Inc.,14815,550822,,
ESML,iShares ESG Aware MSCI USA Small-Cap ETF,31/08/21,Machinery — 4.5%,Lincoln Electric Holdings Inc.,8754,1222146,,
ESML,iShares ESG Aware MSCI USA Small-Cap ETF,31/08/21,Machinery — 4.5%,Lindsay Corp.,4055,668061,,
ESML,iShares ESG Aware MSCI USA Small-Cap ETF,31/08/21,Machinery — 4.5%,Luxfer Holdings PLC,26753,571177,,
ESML,iShares ESG Aware MSCI USA Small-Cap ETF,31/08/21,Machinery — 4.5%,Meritor Inc. (a),22614,536404,,
ESML,iShares ESG Aware MSCI USA Small-Cap ETF,31/08/21,Machinery — 4.5%,Middleby Corp. (The) (a),10087,1845316,,
ESML,iShares ESG Aware MSCI USA Small-Cap ETF,31/08/21,Machinery — 4.5%,"Mueller Water Products Inc., Class A",76911,1278261,,
ESML,iShares ESG Aware MSCI USA Small-Cap ETF,31/08/21,Machinery — 4.5%,Nikola Corp. (a)(b),56805,592476,,
ESML,iShares ESG Aware MSCI USA Small-Cap ETF,31/08/21,Machinery — 4.5%,Oshkosh Corp.,23075,2643934,,
ESML,iShares ESG Aware MSCI USA Small-Cap ETF,31/08/21,Machinery — 4.5%,Proto Labs Inc. (a),7597,563394,,
ESML,iShares ESG Aware MSCI USA Small-Cap ETF,31/08/21,Machinery — 4.5%,Rexnord Corp.,27406,1665189,,
ESML,iShares ESG Aware MSCI USA Small-Cap ETF,31/08/21,Machinery — 4.5%,Shyft Group Inc. (The),13200,580932,,
ESML,iShares ESG Aware MSCI USA Small-Cap ETF,31/08/21,Machinery — 4.5%,SPX FLOW Inc.,9551,769142,,
ESML,iShares ESG Aware MSCI USA Small-Cap ETF,31/08/21,Machinery — 4.5%,Tennant Co.,10754,795581,,
ESML,iShares ESG Aware MSCI USA Small-Cap ETF,31/08/21,Machinery — 4.5%,Terex Corp.,17885,913029,,
ESML,iShares ESG Aware MSCI USA Small-Cap ETF,31/08/21,Machinery — 4.5%,Timken Co. (The),14545,1069639,,
ESML,iShares ESG Aware MSCI USA Small-Cap ETF,31/08/21,Machinery — 4.5%,Toro Co. (The),31123,3421663,,
ESML,iShares ESG Aware MSCI USA Small-Cap ETF,31/08/21,Machinery — 4.5%,TriMas Corp. (a),16784,538934,,
ESML,iShares ESG Aware MSCI USA Small-Cap ETF,31/08/21,Machinery — 4.5%,Trinity Industries Inc.,19400,563182,,
ESML,iShares ESG Aware MSCI USA Small-Cap ETF,31/08/21,Machinery — 4.5%,Wabash National Corp.,36845,572571,,
ESML,iShares ESG Aware MSCI USA Small-Cap ETF,31/08/21,Machinery — 4.5%,"Watts Water Technologies Inc., Class A",11271,1933765,,
ESML,iShares ESG Aware MSCI USA Small-Cap ETF,31/08/21,Machinery — 4.5%,Welbilt Inc. (a),40978,958885,,
ESML,iShares ESG Aware MSCI USA Small-Cap ETF,31/08/21,Machinery — 4.5%,Woodward Inc.,11550,1396857,49984608,
ESML,iShares ESG Aware MSCI USA Small-Cap ETF,31/08/21,Media — 0.9%,Cardlytics Inc. (a),8346,757650,,
ESML,iShares ESG Aware MSCI USA Small-Cap ETF,31/08/21,Media — 0.9%,"EW Scripps Co. (The), Class A",29765,551843,,
ESML,iShares ESG Aware MSCI USA Small-Cap ETF,31/08/21,Media — 0.9%,Gray Television Inc.,29782,677243,,
ESML,iShares ESG Aware MSCI USA Small-Cap ETF,31/08/21,Media — 0.9%,"Iheartmedia Inc., Class A (a)",29871,743190,,
ESML,iShares ESG Aware MSCI USA Small-Cap ETF,31/08/21,Media — 0.9%,"John Wiley & Sons Inc., Class A",16447,955571,,
ESML,iShares ESG Aware MSCI USA Small-Cap ETF,31/08/21,Media — 0.9%,Magnite Inc. (a),23555,683566,,
ESML,iShares ESG Aware MSCI USA Small-Cap ETF,31/08/21,Media — 0.9%,"New York Times Co. (The), Class A",40263,2044555,,
ESML,iShares ESG Aware MSCI USA Small-Cap ETF,31/08/21,Media — 0.9%,"Nexstar Media Group Inc., Class A",8460,1266885,,
ESML,iShares ESG Aware MSCI USA Small-Cap ETF,31/08/21,Media — 0.9%,Scholastic Corp.,16050,533502,,
ESML,iShares ESG Aware MSCI USA Small-Cap ETF,31/08/21,Media — 0.9%,TEGNA Inc.,61226,1084925,,
ESML,iShares ESG Aware MSCI USA Small-Cap ETF,31/08/21,Media — 0.9%,WideOpenWest Inc. (a),26547,563327,9862257,
ESML,iShares ESG Aware MSCI USA Small-Cap ETF,31/08/21,Metals & Mining — 1.4%,Alcoa Corp. (a),45705,2027931,,
ESML,iShares ESG Aware MSCI USA Small-Cap ETF,31/08/21,Metals & Mining — 1.4%,Allegheny Technologies Inc. (a),28911,516351,,
ESML,iShares ESG Aware MSCI USA Small-Cap ETF,31/08/21,Metals & Mining — 1.4%,Arconic Corp. (a)(b),27392,944750,,
ESML,iShares ESG Aware MSCI USA Small-Cap ETF,31/08/21,Metals & Mining — 1.4%,Cleveland-Cliffs Inc. (a),99572,2336955,,
ESML,iShares ESG Aware MSCI USA Small-Cap ETF,31/08/21,Metals & Mining — 1.4%,Coeur Mining Inc. (a),84144,593215,,
ESML,iShares ESG Aware MSCI USA Small-Cap ETF,31/08/21,Metals & Mining — 1.4%,Commercial Metals Co.,27358,892418,,
ESML,iShares ESG Aware MSCI USA Small-Cap ETF,31/08/21,Metals & Mining — 1.4%,Compass Minerals International Inc.,15386,1029785,,
ESML,iShares ESG Aware MSCI USA Small-Cap ETF,31/08/21,Metals & Mining — 1.4%,Hecla Mining Co.,95992,590351,,
ESML,iShares ESG Aware MSCI USA Small-Cap ETF,31/08/21,Metals & Mining — 1.4%,Reliance Steel & Aluminum Co.,16808,2521872,,
ESML,iShares ESG Aware MSCI USA Small-Cap ETF,31/08/21,Metals & Mining — 1.4%,Royal Gold Inc.,18983,2113377,,
ESML,iShares ESG Aware MSCI USA Small-Cap ETF,31/08/21,Metals & Mining — 1.4%,"Schnitzer Steel Industries Inc., Class A",19299,913036,,
ESML,iShares ESG Aware MSCI USA Small-Cap ETF,31/08/21,Metals & Mining — 1.4%,United States Steel Corp.,43903,1174405,15654446,
ESML,iShares ESG Aware MSCI USA Small-Cap ETF,31/08/21,Mortgage Real Estate Investment — 0.7%,Apollo Commercial Real Estate Finance Inc.,39829,619341,,
ESML,iShares ESG Aware MSCI USA Small-Cap ETF,31/08/21,Mortgage Real Estate Investment — 0.7%,"Blackstone Mortgage Trust Inc., Class A",23189,760831,,
ESML,iShares ESG Aware MSCI USA Small-Cap ETF,31/08/21,Mortgage Real Estate Investment — 0.7%,Chimera Investment Corp.,37010,566993,,
ESML,iShares ESG Aware MSCI USA Small-Cap ETF,31/08/21,Mortgage Real Estate Investment — 0.7%,Hannon Armstrong Sustainable Infrastructure Capital Inc.,24485,1478160,,
ESML,iShares ESG Aware MSCI USA Small-Cap ETF,31/08/21,Mortgage Real Estate Investment — 0.7%,KKR Real Estate Finance Trust Inc.,27019,576315,,
ESML,iShares ESG Aware MSCI USA Small-Cap ETF,31/08/21,Mortgage Real Estate Investment — 0.7%,New Residential Investment Corp.,55229,603101,,
ESML,iShares ESG Aware MSCI USA Small-Cap ETF,31/08/21,Mortgage Real Estate Investment — 0.7%,Redwood Trust Inc.,44622,556436,,
ESML,iShares ESG Aware MSCI USA Small-Cap ETF,31/08/21,Mortgage Real Estate Investment — 0.7%,Starwood Property Trust Inc.,73006,1883555,,
ESML,iShares ESG Aware MSCI USA Small-Cap ETF,31/08/21,Mortgage Real Estate Investment — 0.7%,Two Harbors Investment Corp.,87045,574497,7619229,
ESML,iShares ESG Aware MSCI USA Small-Cap ETF,31/08/21,Multi-Utilities — 0.5%,Avista Corp.,30089,1259225,,
ESML,iShares ESG Aware MSCI USA Small-Cap ETF,31/08/21,Multi-Utilities — 0.5%,MDU Resources Group Inc.,102522,3298133,,
ESML,iShares ESG Aware MSCI USA Small-Cap ETF,31/08/21,Multi-Utilities — 0.5%,Unitil Corp.,11206,555817,5113175,
ESML,iShares ESG Aware MSCI USA Small-Cap ETF,31/08/21,Multiline Retail — 0.5%,Big Lots Inc.,9643,469228,,
ESML,iShares ESG Aware MSCI USA Small-Cap ETF,31/08/21,Multiline Retail — 0.5%,Franchise Group Inc.,16077,558354,,
ESML,iShares ESG Aware MSCI USA Small-Cap ETF,31/08/21,Multiline Retail — 0.5%,Kohl’s Corp.,33724,1935758,,
ESML,iShares ESG Aware MSCI USA Small-Cap ETF,31/08/21,Multiline Retail — 0.5%,Macy’s Inc. (a),58451,1308718,,
ESML,iShares ESG Aware MSCI USA Small-Cap ETF,31/08/21,Multiline Retail — 0.5%,Nordstrom Inc. (a)(b),30591,875209,,
ESML,iShares ESG Aware MSCI USA Small-Cap ETF,31/08/21,Multiline Retail — 0.5%,Ollie’s Bargain Outlet Holdings Inc. (a)(b),8514,616243,5763510,
ESML,iShares ESG Aware MSCI USA Small-Cap ETF,31/08/21,"Oil, Gas & Consumable Fuels — 2.9%",Antero Midstream Corp.,81316,781447,,
ESML,iShares ESG Aware MSCI USA Small-Cap ETF,31/08/21,"Oil, Gas & Consumable Fuels — 2.9%",Antero Resources Corp. (a),64164,880330,,
ESML,iShares ESG Aware MSCI USA Small-Cap ETF,31/08/21,"Oil, Gas & Consumable Fuels — 2.9%",APA Corp.,95152,1853561,,
ESML,iShares ESG Aware MSCI USA Small-Cap ETF,31/08/21,"Oil, Gas & Consumable Fuels — 2.9%",Cabot Oil & Gas Corp.,65013,1033057,,
ESML,iShares ESG Aware MSCI USA Small-Cap ETF,31/08/21,"Oil, Gas & Consumable Fuels — 2.9%",California Resources Corp. (a),18558,635240,,
ESML,iShares ESG Aware MSCI USA Small-Cap ETF,31/08/21,"Oil, Gas & Consumable Fuels — 2.9%",Callon Petroleum Co. (a)(b),20105,686988,,
ESML,iShares ESG Aware MSCI USA Small-Cap ETF,31/08/21,"Oil, Gas & Consumable Fuels — 2.9%",Cimarex Energy Co.,22847,1467234,,
ESML,iShares ESG Aware MSCI USA Small-Cap ETF,31/08/21,"Oil, Gas & Consumable Fuels — 2.9%",Clean Energy Fuels Corp. (a),79058,626930,,
ESML,iShares ESG Aware MSCI USA Small-Cap ETF,31/08/21,"Oil, Gas & Consumable Fuels — 2.9%",CNX Resources Corp. (a),59350,674216,,
ESML,iShares ESG Aware MSCI USA Small-Cap ETF,31/08/21,"Oil, Gas & Consumable Fuels — 2.9%",Continental Resources Inc./OK,15435,606287,,
ESML,iShares ESG Aware MSCI USA Small-Cap ETF,31/08/21,"Oil, Gas & Consumable Fuels — 2.9%",Delek U.S. Holdings Inc.,37588,643131,,
ESML,iShares ESG Aware MSCI USA Small-Cap ETF,31/08/21,"Oil, Gas & Consumable Fuels — 2.9%",Diamondback Energy Inc.,37436,2887813,,
ESML,iShares ESG Aware MSCI USA Small-Cap ETF,31/08/21,"Oil, Gas & Consumable Fuels — 2.9%",EnLink Midstream LLC,108615,585435,,
ESML,iShares ESG Aware MSCI USA Small-Cap ETF,31/08/21,"Oil, Gas & Consumable Fuels — 2.9%",EQT Corp. (a),70311,1288801,,
ESML,iShares ESG Aware MSCI USA Small-Cap ETF,31/08/21,"Oil, Gas & Consumable Fuels — 2.9%",Equitrans Midstream Corp.,64081,559427,,
ESML,iShares ESG Aware MSCI USA Small-Cap ETF,31/08/21,"Oil, Gas & Consumable Fuels — 2.9%",Green Plains Inc. (a),13938,489224,,
ESML,iShares ESG Aware MSCI USA Small-Cap ETF,31/08/21,"Oil, Gas & Consumable Fuels — 2.9%",HollyFrontier Corp.,34026,1100061,,
ESML,iShares ESG Aware MSCI USA Small-Cap ETF,31/08/21,"Oil, Gas & Consumable Fuels — 2.9%",Kosmos Energy Ltd. (a),284358,671085,,
ESML,iShares ESG Aware MSCI USA Small-Cap ETF,31/08/21,"Oil, Gas & Consumable Fuels — 2.9%",Marathon Oil Corp.,208302,2447548,,
ESML,iShares ESG Aware MSCI USA Small-Cap ETF,31/08/21,"Oil, Gas & Consumable Fuels — 2.9%",Matador Resources Co.,24114,693277,,
ESML,iShares ESG Aware MSCI USA Small-Cap ETF,31/08/21,"Oil, Gas & Consumable Fuels — 2.9%",Murphy Oil Corp.,33918,721097,,
ESML,iShares ESG Aware MSCI USA Small-Cap ETF,31/08/21,"Oil, Gas & Consumable Fuels — 2.9%",Oasis Petroleum Inc.,7107,615395,,
ESML,iShares ESG Aware MSCI USA Small-Cap ETF,31/08/21,"Oil, Gas & Consumable Fuels — 2.9%",Ovintiv Inc.,72614,1979458,,
ESML,iShares ESG Aware MSCI USA Small-Cap ETF,31/08/21,"Oil, Gas & Consumable Fuels — 2.9%",PDC Energy Inc.,17488,730124,,
ESML,iShares ESG Aware MSCI USA Small-Cap ETF,31/08/21,"Oil, Gas & Consumable Fuels — 2.9%",Range Resources Corp. (a),63450,927639,,
ESML,iShares ESG Aware MSCI USA Small-Cap ETF,31/08/21,"Oil, Gas & Consumable Fuels — 2.9%",Renewable Energy Group Inc. (a)(b),11943,578280,,
ESML,iShares ESG Aware MSCI USA Small-Cap ETF,31/08/21,"Oil, Gas & Consumable Fuels — 2.9%",SM Energy Co.,34234,653869,,
ESML,iShares ESG Aware MSCI USA Small-Cap ETF,31/08/21,"Oil, Gas & Consumable Fuels — 2.9%",Southwestern Energy Co. (a),167339,761392,,
ESML,iShares ESG Aware MSCI USA Small-Cap ETF,31/08/21,"Oil, Gas & Consumable Fuels — 2.9%",Targa Resources Corp.,44794,1967352,,
ESML,iShares ESG Aware MSCI USA Small-Cap ETF,31/08/21,"Oil, Gas & Consumable Fuels — 2.9%",Texas Pacific Land Corp.,1164,1582737,,
ESML,iShares ESG Aware MSCI USA Small-Cap ETF,31/08/21,"Oil, Gas & Consumable Fuels — 2.9%",World Fuel Services Corp.,21783,704898,31833333,
ESML,iShares ESG Aware MSCI USA Small-Cap ETF,31/08/21,Paper & Forest Products — 0.3%,Domtar Corp. (a),17397,953878,,
ESML,iShares ESG Aware MSCI USA Small-Cap ETF,31/08/21,Paper & Forest Products — 0.3%,Louisiana-Pacific Corp.,24301,1541655,,
ESML,iShares ESG Aware MSCI USA Small-Cap ETF,31/08/21,Paper & Forest Products — 0.3%,Neenah Inc.,11131,560891,3056424,
ESML,iShares ESG Aware MSCI USA Small-Cap ETF,31/08/21,Personal Products — 0.3%,Edgewell Personal Care Co.,19789,837075,,
ESML,iShares ESG Aware MSCI USA Small-Cap ETF,31/08/21,Personal Products — 0.3%,Herbalife Nutrition Ltd. (a),23492,1206079,,
ESML,iShares ESG Aware MSCI USA Small-Cap ETF,31/08/21,Personal Products — 0.3%,Medifast Inc.,3206,730647,,
ESML,iShares ESG Aware MSCI USA Small-Cap ETF,31/08/21,Personal Products — 0.3%,"Nu Skin Enterprises Inc., Class A",10471,530042,3303843,
ESML,iShares ESG Aware MSCI USA Small-Cap ETF,31/08/21,Pharmaceuticals — 1.3%,Aerie Pharmaceuticals Inc. (a),37215,554876,,
ESML,iShares ESG Aware MSCI USA Small-Cap ETF,31/08/21,Pharmaceuticals — 1.3%,Antares Pharma Inc. (a),142943,563195,,
ESML,iShares ESG Aware MSCI USA Small-Cap ETF,31/08/21,Pharmaceuticals — 1.3%,Arvinas Inc. (a),9688,835202,,
ESML,iShares ESG Aware MSCI USA Small-Cap ETF,31/08/21,Pharmaceuticals — 1.3%,Atea Pharmaceuticals Inc. (a),17797,528927,,
ESML,iShares ESG Aware MSCI USA Small-Cap ETF,31/08/21,Pharmaceuticals — 1.3%,BioDelivery Sciences International Inc. (a),152693,589395,,
ESML,iShares ESG Aware MSCI USA Small-Cap ETF,31/08/21,Pharmaceuticals — 1.3%,Cassava Sciences Inc. (a),7951,452014,,
ESML,iShares ESG Aware MSCI USA Small-Cap ETF,31/08/21,Pharmaceuticals — 1.3%,Corcept Therapeutics Inc. (a),30738,654105,,
ESML,iShares ESG Aware MSCI USA Small-Cap ETF,31/08/21,Pharmaceuticals — 1.3%,Intra-Cellular Therapies Inc. (a),20510,680932,,
ESML,iShares ESG Aware MSCI USA Small-Cap ETF,31/08/21,Pharmaceuticals — 1.3%,Nektar Therapeutics (a),39771,615655,,
ESML,iShares ESG Aware MSCI USA Small-Cap ETF,31/08/21,Pharmaceuticals — 1.3%,NGM Biopharmaceuticals Inc. (a),24979,545292,,
ESML,iShares ESG Aware MSCI USA Small-Cap ETF,31/08/21,Pharmaceuticals — 1.3%,Nuvation Bio Inc. (a),66989,618308,,
ESML,iShares ESG Aware MSCI USA Small-Cap ETF,31/08/21,Pharmaceuticals — 1.3%,Pacira BioSciences Inc. (a),9750,578078,,
ESML,iShares ESG Aware MSCI USA Small-Cap ETF,31/08/21,Pharmaceuticals — 1.3%,Perrigo Co. PLC,39566,1620228,,
ESML,iShares ESG Aware MSCI USA Small-Cap ETF,31/08/21,Pharmaceuticals — 1.3%,Prestige Consumer Healthcare Inc. (a),9537,547328,,
ESML,iShares ESG Aware MSCI USA Small-Cap ETF,31/08/21,Pharmaceuticals — 1.3%,Provention Bio Inc. (a)(b),92320,619467,,
ESML,iShares ESG Aware MSCI USA Small-Cap ETF,31/08/21,Pharmaceuticals — 1.3%,"Reata Pharmaceuticals Inc., Class A (a)",6635,706694,,
ESML,iShares ESG Aware MSCI USA Small-Cap ETF,31/08/21,Pharmaceuticals — 1.3%,Relmada Therapeutics Inc. (a),23092,552130,,
ESML,iShares ESG Aware MSCI USA Small-Cap ETF,31/08/21,Pharmaceuticals — 1.3%,Revance Therapeutics Inc. (a),22828,611334,,
ESML,iShares ESG Aware MSCI USA Small-Cap ETF,31/08/21,Pharmaceuticals — 1.3%,Theravance Biopharma Inc. (a),38697,321185,,
ESML,iShares ESG Aware MSCI USA Small-Cap ETF,31/08/21,Pharmaceuticals — 1.3%,"Tilray Inc., Class 2 (a)(b)",97047,1328573,,
ESML,iShares ESG Aware MSCI USA Small-Cap ETF,31/08/21,Pharmaceuticals — 1.3%,Zogenix Inc. (a)(b),39981,592119,14115037,
ESML,iShares ESG Aware MSCI USA Small-Cap ETF,31/08/21,Professional Services — 1.7%,ASGN Inc. (a)(b),14701,1649305,,
ESML,iShares ESG Aware MSCI USA Small-Cap ETF,31/08/21,Professional Services — 1.7%,"CACI International Inc., Class A (a)",4812,1239283,,
ESML,iShares ESG Aware MSCI USA Small-Cap ETF,31/08/21,Professional Services — 1.7%,Exponent Inc.,7825,914743,,
ESML,iShares ESG Aware MSCI USA Small-Cap ETF,31/08/21,Professional Services — 1.7%,FTI Consulting Inc. (a),10286,1437057,,
ESML,iShares ESG Aware MSCI USA Small-Cap ETF,31/08/21,Professional Services — 1.7%,Heidrick & Struggles International Inc.,13452,581395,,
ESML,iShares ESG Aware MSCI USA Small-Cap ETF,31/08/21,Professional Services — 1.7%,Huron Consulting Group Inc. (a),10755,530974,,
ESML,iShares ESG Aware MSCI USA Small-Cap ETF,31/08/21,Professional Services — 1.7%,ICF International Inc.,9134,855491,,
ESML,iShares ESG Aware MSCI USA Small-Cap ETF,31/08/21,Professional Services — 1.7%,Insperity Inc.,7751,855245,,
ESML,iShares ESG Aware MSCI USA Small-Cap ETF,31/08/21,Professional Services — 1.7%,KBR Inc.,17743,690912,,
ESML,iShares ESG Aware MSCI USA Small-Cap ETF,31/08/21,Professional Services — 1.7%,"Kelly Services Inc., Class A, NVS",40038,778339,,
ESML,iShares ESG Aware MSCI USA Small-Cap ETF,31/08/21,Professional Services — 1.7%,Kforce Inc.,9195,537172,,
ESML,iShares ESG Aware MSCI USA Small-Cap ETF,31/08/21,Professional Services — 1.7%,Korn Ferry,14977,1058724,,
ESML,iShares ESG Aware MSCI USA Small-Cap ETF,31/08/21,Professional Services — 1.7%,ManpowerGroup Inc.,17260,2095709,,
ESML,iShares ESG Aware MSCI USA Small-Cap ETF,31/08/21,Professional Services — 1.7%,Nielsen Holdings PLC,86834,1863458,,
ESML,iShares ESG Aware MSCI USA Small-Cap ETF,31/08/21,Professional Services — 1.7%,Science Applications International Corp.,9801,825538,,
ESML,iShares ESG Aware MSCI USA Small-Cap ETF,31/08/21,Professional Services — 1.7%,TriNet Group Inc. (a),13915,1281293,,
ESML,iShares ESG Aware MSCI USA Small-Cap ETF,31/08/21,Professional Services — 1.7%,TrueBlue Inc. (a),29521,806809,,
ESML,iShares ESG Aware MSCI USA Small-Cap ETF,31/08/21,Professional Services — 1.7%,Upwork Inc. (a),25156,1124725,19126172,
ESML,iShares ESG Aware MSCI USA Small-Cap ETF,31/08/21,Real Estate Management & Development — 1.0%,Cushman & Wakefield PLC (a)(b),57424,1041671,,
ESML,iShares ESG Aware MSCI USA Small-Cap ETF,31/08/21,Real Estate Management & Development — 1.0%,eXp World Holdings Inc.,12985,595362,,
ESML,iShares ESG Aware MSCI USA Small-Cap ETF,31/08/21,Real Estate Management & Development — 1.0%,Howard Hughes Corp. (The) (a),10451,946129,,
ESML,iShares ESG Aware MSCI USA Small-Cap ETF,31/08/21,Real Estate Management & Development — 1.0%,Jones Lang LaSalle Inc. (a),12928,3134135,,
ESML,iShares ESG Aware MSCI USA Small-Cap ETF,31/08/21,Real Estate Management & Development — 1.0%,Kennedy-Wilson Holdings Inc.,27758,610398,,
ESML,iShares ESG Aware MSCI USA Small-Cap ETF,31/08/21,Real Estate Management & Development — 1.0%,Marcus & Millichap Inc. (a),14106,553237,,
ESML,iShares ESG Aware MSCI USA Small-Cap ETF,31/08/21,Real Estate Management & Development — 1.0%,"Newmark Group Inc., Class A",42438,578006,,
ESML,iShares ESG Aware MSCI USA Small-Cap ETF,31/08/21,Real Estate Management & Development — 1.0%,Realogy Holdings Corp. (a),32356,567848,,
ESML,iShares ESG Aware MSCI USA Small-Cap ETF,31/08/21,Real Estate Management & Development — 1.0%,Redfin Corp. (a),15033,730153,,
ESML,iShares ESG Aware MSCI USA Small-Cap ETF,31/08/21,Real Estate Management & Development — 1.0%,"RMR Group Inc. (The), Class A",14238,659789,,
ESML,iShares ESG Aware MSCI USA Small-Cap ETF,31/08/21,Real Estate Management & Development — 1.0%,St Joe Co. (The),12451,576108,,
ESML,iShares ESG Aware MSCI USA Small-Cap ETF,31/08/21,Real Estate Management & Development — 1.0%,Tejon Ranch Co. (a),35793,687942,10680778,
ESML,iShares ESG Aware MSCI USA Small-Cap ETF,31/08/21,Road & Rail — 1.0%,ArcBest Corp.,8506,567605,,
ESML,iShares ESG Aware MSCI USA Small-Cap ETF,31/08/21,Road & Rail — 1.0%,Avis Budget Group Inc. (a),13517,1226668,,
ESML,iShares ESG Aware MSCI USA Small-Cap ETF,31/08/21,Road & Rail — 1.0%,Landstar System Inc.,13634,2290921,,
ESML,iShares ESG Aware MSCI USA Small-Cap ETF,31/08/21,Road & Rail — 1.0%,Marten Transport Ltd.,35168,548269,,
ESML,iShares ESG Aware MSCI USA Small-Cap ETF,31/08/21,Road & Rail — 1.0%,Ryder System Inc.,20502,1629704,,
ESML,iShares ESG Aware MSCI USA Small-Cap ETF,31/08/21,Road & Rail — 1.0%,Saia Inc. (a),4147,995819,,
ESML,iShares ESG Aware MSCI USA Small-Cap ETF,31/08/21,Road & Rail — 1.0%,"Schneider National Inc., Class B",23880,538255,,
ESML,iShares ESG Aware MSCI USA Small-Cap ETF,31/08/21,Road & Rail — 1.0%,Werner Enterprises Inc.,31037,1463705,,
ESML,iShares ESG Aware MSCI USA Small-Cap ETF,31/08/21,Road & Rail — 1.0%,XPO Logistics Inc. (a),16189,1406986,10667932,
ESML,iShares ESG Aware MSCI USA Small-Cap ETF,31/08/21,Semiconductors & Semiconductor Equipment — 2.7%,Amkor Technology Inc.,28068,771028,,
ESML,iShares ESG Aware MSCI USA Small-Cap ETF,31/08/21,Semiconductors & Semiconductor Equipment — 2.7%,Brooks Automation Inc.,14240,1209830,,
ESML,iShares ESG Aware MSCI USA Small-Cap ETF,31/08/21,Semiconductors & Semiconductor Equipment — 2.7%,Cirrus Logic Inc. (a),18035,1508988,,
ESML,iShares ESG Aware MSCI USA Small-Cap ETF,31/08/21,Semiconductors & Semiconductor Equipment — 2.7%,CMC Materials Inc.,4266,565757,,
ESML,iShares ESG Aware MSCI USA Small-Cap ETF,31/08/21,Semiconductors & Semiconductor Equipment — 2.7%,Cree Inc. (a),31772,2699985,,
ESML,iShares ESG Aware MSCI USA Small-Cap ETF,31/08/21,Semiconductors & Semiconductor Equipment — 2.7%,Entegris Inc.,29078,3493431,,
ESML,iShares ESG Aware MSCI USA Small-Cap ETF,31/08/21,Semiconductors & Semiconductor Equipment — 2.7%,First Solar Inc. (a),27230,2559620,,
ESML,iShares ESG Aware MSCI USA Small-Cap ETF,31/08/21,Semiconductors & Semiconductor Equipment — 2.7%,Ichor Holdings Ltd. (a),13325,590431,,
ESML,iShares ESG Aware MSCI USA Small-Cap ETF,31/08/21,Semiconductors & Semiconductor Equipment — 2.7%,Kulicke & Soffa Industries Inc.,24204,1698879,,
ESML,iShares ESG Aware MSCI USA Small-Cap ETF,31/08/21,Semiconductors & Semiconductor Equipment — 2.7%,Lattice Semiconductor Corp. (a),27904,1733396,,
ESML,iShares ESG Aware MSCI USA Small-Cap ETF,31/08/21,Semiconductors & Semiconductor Equipment — 2.7%,MaxLinear Inc. (a),10620,554683,,
ESML,iShares ESG Aware MSCI USA Small-Cap ETF,31/08/21,Semiconductors & Semiconductor Equipment — 2.7%,MKS Instruments Inc.,5003,736341,,
ESML,iShares ESG Aware MSCI USA Small-Cap ETF,31/08/21,Semiconductors & Semiconductor Equipment — 2.7%,Onto Innovation Inc. (a),17553,1301204,,
ESML,iShares ESG Aware MSCI USA Small-Cap ETF,31/08/21,Semiconductors & Semiconductor Equipment — 2.7%,Power Integrations Inc.,13461,1462403,,
ESML,iShares ESG Aware MSCI USA Small-Cap ETF,31/08/21,Semiconductors & Semiconductor Equipment — 2.7%,Rambus Inc. (a),36198,861512,,
ESML,iShares ESG Aware MSCI USA Small-Cap ETF,31/08/21,Semiconductors & Semiconductor Equipment — 2.7%,Semtech Corp. (a),11837,827643,,
ESML,iShares ESG Aware MSCI USA Small-Cap ETF,31/08/21,Semiconductors & Semiconductor Equipment — 2.7%,Silicon Laboratories Inc. (a),10077,1588337,,
ESML,iShares ESG Aware MSCI USA Small-Cap ETF,31/08/21,Semiconductors & Semiconductor Equipment — 2.7%,SunPower Corp. (a),25198,543017,,
ESML,iShares ESG Aware MSCI USA Small-Cap ETF,31/08/21,Semiconductors & Semiconductor Equipment — 2.7%,Synaptics Inc. (a),8359,1586371,,
ESML,iShares ESG Aware MSCI USA Small-Cap ETF,31/08/21,Semiconductors & Semiconductor Equipment — 2.7%,Ultra Clean Holdings Inc. (a),13090,605282,,
ESML,iShares ESG Aware MSCI USA Small-Cap ETF,31/08/21,Semiconductors & Semiconductor Equipment — 2.7%,Universal Display Corp.,12657,2640124,,
ESML,iShares ESG Aware MSCI USA Small-Cap ETF,31/08/21,Semiconductors & Semiconductor Equipment — 2.7%,Veeco Instruments Inc. (a)(b),26180,596642,30134904,
ESML,iShares ESG Aware MSCI USA Small-Cap ETF,31/08/21,Software — 7.1%,8x8 Inc. (a),26255,634058,,
ESML,iShares ESG Aware MSCI USA Small-Cap ETF,31/08/21,Software — 7.1%,ACI Worldwide Inc. (a),40006,1289393,,
ESML,iShares ESG Aware MSCI USA Small-Cap ETF,31/08/21,Software — 7.1%,Alarm.com Holdings Inc. (a),6807,574034,,
ESML,iShares ESG Aware MSCI USA Small-Cap ETF,31/08/21,Software — 7.1%,"Altair Engineering Inc., Class A (a)",11089,820475,,
ESML,iShares ESG Aware MSCI USA Small-Cap ETF,31/08/21,Software — 7.1%,"Alteryx Inc., Class A (a)",10802,799024,,
ESML,iShares ESG Aware MSCI USA Small-Cap ETF,31/08/21,Software — 7.1%,Anaplan Inc. (a),29098,1745298,,
ESML,iShares ESG Aware MSCI USA Small-Cap ETF,31/08/21,Software — 7.1%,Appian Corp. (a),8067,864782,,
ESML,iShares ESG Aware MSCI USA Small-Cap ETF,31/08/21,Software — 7.1%,"Asana Inc., Class A (a)",12022,908262,,
ESML,iShares ESG Aware MSCI USA Small-Cap ETF,31/08/21,Software — 7.1%,Aspen Technology Inc. (a)(b),17778,2302251,,
ESML,iShares ESG Aware MSCI USA Small-Cap ETF,31/08/21,Software — 7.1%,Avaya Holdings Corp. (a),25963,523674,,
ESML,iShares ESG Aware MSCI USA Small-Cap ETF,31/08/21,Software — 7.1%,Bill.com Holdings Inc. (a),16276,4465972,,
ESML,iShares ESG Aware MSCI USA Small-Cap ETF,31/08/21,Software — 7.1%,Blackbaud Inc. (a),11628,810355,,
ESML,iShares ESG Aware MSCI USA Small-Cap ETF,31/08/21,Software — 7.1%,Blackline Inc. (a),15939,1738945,,
ESML,iShares ESG Aware MSCI USA Small-Cap ETF,31/08/21,Software — 7.1%,Bottomline Technologies DE Inc. (a),17837,753970,,
ESML,iShares ESG Aware MSCI USA Small-Cap ETF,31/08/21,Software — 7.1%,"Box Inc., Class A (a)",39767,1025193,,
ESML,iShares ESG Aware MSCI USA Small-Cap ETF,31/08/21,Software — 7.1%,CDK Global Inc.,29190,1214304,,
ESML,iShares ESG Aware MSCI USA Small-Cap ETF,31/08/21,Software — 7.1%,Cerence Inc. (a),8684,941693,,
ESML,iShares ESG Aware MSCI USA Small-Cap ETF,31/08/21,Software — 7.1%,Cloudera Inc. (a),42783,681533,,
ESML,iShares ESG Aware MSCI USA Small-Cap ETF,31/08/21,Software — 7.1%,CommVault Systems Inc. (a),9792,792858,,
ESML,iShares ESG Aware MSCI USA Small-Cap ETF,31/08/21,Software — 7.1%,Digital Turbine Inc. (a),12176,711687,,
ESML,iShares ESG Aware MSCI USA Small-Cap ETF,31/08/21,Software — 7.1%,"Dolby Laboratories Inc., Class A",16819,1666931,,
ESML,iShares ESG Aware MSCI USA Small-Cap ETF,31/08/21,Software — 7.1%,"Domo Inc., Class B (a)",6052,541654,,
ESML,iShares ESG Aware MSCI USA Small-Cap ETF,31/08/21,Software — 7.1%,Duck Creek Technologies Inc. (a),12091,563803,,
ESML,iShares ESG Aware MSCI USA Small-Cap ETF,31/08/21,Software — 7.1%,Elastic NV (a),15217,2427872,,
ESML,iShares ESG Aware MSCI USA Small-Cap ETF,31/08/21,Software — 7.1%,Envestnet Inc. (a),10438,833683,,
ESML,iShares ESG Aware MSCI USA Small-Cap ETF,31/08/21,Software — 7.1%,Everbridge Inc. (a),6548,1027840,,
ESML,iShares ESG Aware MSCI USA Small-Cap ETF,31/08/21,Software — 7.1%,FireEye Inc. (a),58083,1056530,,
ESML,iShares ESG Aware MSCI USA Small-Cap ETF,31/08/21,Software — 7.1%,Five9 Inc. (a),16368,2589909,,
ESML,iShares ESG Aware MSCI USA Small-Cap ETF,31/08/21,Software — 7.1%,InterDigital Inc.,7694,554814,,
ESML,iShares ESG Aware MSCI USA Small-Cap ETF,31/08/21,Software — 7.1%,Jamf Holding Corp. (a),20421,717798,,
ESML,iShares ESG Aware MSCI USA Small-Cap ETF,31/08/21,Software — 7.1%,LivePerson Inc. (a)(b),13192,845607,,
ESML,iShares ESG Aware MSCI USA Small-Cap ETF,31/08/21,Software — 7.1%,Manhattan Associates Inc. (a),13234,2157010,,
ESML,iShares ESG Aware MSCI USA Small-Cap ETF,31/08/21,Software — 7.1%,Marathon Digital Holdings Inc. (a),16568,672495,,
ESML,iShares ESG Aware MSCI USA Small-Cap ETF,31/08/21,Software — 7.1%,Medallia Inc. (a),22396,756313,,
ESML,iShares ESG Aware MSCI USA Small-Cap ETF,31/08/21,Software — 7.1%,"MicroStrategy Inc., Class A (a)",1486,1031730,,
ESML,iShares ESG Aware MSCI USA Small-Cap ETF,31/08/21,Software — 7.1%,Mimecast Ltd. (a),16798,1172668,,
ESML,iShares ESG Aware MSCI USA Small-Cap ETF,31/08/21,Software — 7.1%,Model N Inc. (a)(b),16749,567959,,
ESML,iShares ESG Aware MSCI USA Small-Cap ETF,31/08/21,Software — 7.1%,Momentive Global Inc. (a),37596,737258,,
ESML,iShares ESG Aware MSCI USA Small-Cap ETF,31/08/21,Software — 7.1%,nCino Inc. (a),8565,531116,,
ESML,iShares ESG Aware MSCI USA Small-Cap ETF,31/08/21,Software — 7.1%,NCR Corp. (a),30939,1314289,,
ESML,iShares ESG Aware MSCI USA Small-Cap ETF,31/08/21,Software — 7.1%,New Relic Inc. (a),17047,1363249,,
ESML,iShares ESG Aware MSCI USA Small-Cap ETF,31/08/21,Software — 7.1%,Nuance Communications Inc. (a),60491,3330030,,
ESML,iShares ESG Aware MSCI USA Small-Cap ETF,31/08/21,Software — 7.1%,"Nutanix Inc., Class A (a)",50552,1865874,,
ESML,iShares ESG Aware MSCI USA Small-Cap ETF,31/08/21,Software — 7.1%,Pagerduty Inc. (a),22102,945966,,
ESML,iShares ESG Aware MSCI USA Small-Cap ETF,31/08/21,Software — 7.1%,Paylocity Holding Corp. (a),11699,3149371,,
ESML,iShares ESG Aware MSCI USA Small-Cap ETF,31/08/21,Software — 7.1%,Pegasystems Inc.,4887,672598,,
ESML,iShares ESG Aware MSCI USA Small-Cap ETF,31/08/21,Software — 7.1%,Progress Software Corp.,32199,1499185,,
ESML,iShares ESG Aware MSCI USA Small-Cap ETF,31/08/21,Software — 7.1%,Proofpoint Inc. (a)(c),12806,2252575,,
ESML,iShares ESG Aware MSCI USA Small-Cap ETF,31/08/21,Software — 7.1%,PROS Holdings Inc. (a),14740,637358,,
ESML,iShares ESG Aware MSCI USA Small-Cap ETF,31/08/21,Software — 7.1%,Q2 Holdings Inc. (a),6287,553822,,
ESML,iShares ESG Aware MSCI USA Small-Cap ETF,31/08/21,Software — 7.1%,Qualys Inc. (a)(b),9012,1057829,,
ESML,iShares ESG Aware MSCI USA Small-Cap ETF,31/08/21,Software — 7.1%,Rapid7 Inc. (a),17204,2090630,,
ESML,iShares ESG Aware MSCI USA Small-Cap ETF,31/08/21,Software — 7.1%,Riot Blockchain Inc. (a),16246,606301,,
ESML,iShares ESG Aware MSCI USA Small-Cap ETF,31/08/21,Software — 7.1%,SailPoint Technologies Holdings Inc. (a),13878,650323,,
ESML,iShares ESG Aware MSCI USA Small-Cap ETF,31/08/21,Software — 7.1%,"Smartsheet Inc., Class A (a)",31593,2513855,,
ESML,iShares ESG Aware MSCI USA Small-Cap ETF,31/08/21,Software — 7.1%,"Sprout Social Inc., Class A (a)",11208,1362893,,
ESML,iShares ESG Aware MSCI USA Small-Cap ETF,31/08/21,Software — 7.1%,SPS Commerce Inc. (a)(b),9861,1336461,,
ESML,iShares ESG Aware MSCI USA Small-Cap ETF,31/08/21,Software — 7.1%,Tenable Holdings Inc. (a),12965,575257,,
ESML,iShares ESG Aware MSCI USA Small-Cap ETF,31/08/21,Software — 7.1%,Teradata Corp. (a),33806,1848850,,
ESML,iShares ESG Aware MSCI USA Small-Cap ETF,31/08/21,Software — 7.1%,Varonis Systems Inc. (a),25048,1728562,,
ESML,iShares ESG Aware MSCI USA Small-Cap ETF,31/08/21,Software — 7.1%,Workiva Inc. (a)(b),13645,1913984,,
ESML,iShares ESG Aware MSCI USA Small-Cap ETF,31/08/21,Software — 7.1%,Xperi Holding Corp.,25927,554060,,
ESML,iShares ESG Aware MSCI USA Small-Cap ETF,31/08/21,Software — 7.1%,"Zuora Inc., Class A (a)",34950,593451,78467524,
ESML,iShares ESG Aware MSCI USA Small-Cap ETF,31/08/21,Specialty Retail — 3.6%,Aaron’s Co. Inc. (The),18867,500353,,
ESML,iShares ESG Aware MSCI USA Small-Cap ETF,31/08/21,Specialty Retail — 3.6%,"Abercrombie & Fitch Co., Class A (a)",14173,506826,,
ESML,iShares ESG Aware MSCI USA Small-Cap ETF,31/08/21,Specialty Retail — 3.6%,American Eagle Outfitters Inc.,36098,1101711,,
ESML,iShares ESG Aware MSCI USA Small-Cap ETF,31/08/21,Specialty Retail — 3.6%,Asbury Automotive Group Inc. (a),4143,771592,,
ESML,iShares ESG Aware MSCI USA Small-Cap ETF,31/08/21,Specialty Retail — 3.6%,AutoNation Inc. (a),10774,1175336,,
ESML,iShares ESG Aware MSCI USA Small-Cap ETF,31/08/21,Specialty Retail — 3.6%,Bed Bath & Beyond Inc. (a),20454,563303,,
ESML,iShares ESG Aware MSCI USA Small-Cap ETF,31/08/21,Specialty Retail — 3.6%,Boot Barn Holdings Inc. (a),7230,645494,,
ESML,iShares ESG Aware MSCI USA Small-Cap ETF,31/08/21,Specialty Retail — 3.6%,Buckle Inc. (The),12358,478625,,
ESML,iShares ESG Aware MSCI USA Small-Cap ETF,31/08/21,Specialty Retail — 3.6%,Caleres Inc.,22281,547890,,
ESML,iShares ESG Aware MSCI USA Small-Cap ETF,31/08/21,Specialty Retail — 3.6%,Children’s Place Inc. (The) (a),5492,476925,,
ESML,iShares ESG Aware MSCI USA Small-Cap ETF,31/08/21,Specialty Retail — 3.6%,Five Below Inc. (a),12492,2658423,,
ESML,iShares ESG Aware MSCI USA Small-Cap ETF,31/08/21,Specialty Retail — 3.6%,"Floor & Decor Holdings Inc., Class A (a)",21185,2612110,,
ESML,iShares ESG Aware MSCI USA Small-Cap ETF,31/08/21,Specialty Retail — 3.6%,Foot Locker Inc.,22814,1293326,,
ESML,iShares ESG Aware MSCI USA Small-Cap ETF,31/08/21,Specialty Retail — 3.6%,"GameStop Corp., Class A (a)(b)",13525,2951696,,
ESML,iShares ESG Aware MSCI USA Small-Cap ETF,31/08/21,Specialty Retail — 3.6%,Gap Inc. (The),72416,1935680,,
ESML,iShares ESG Aware MSCI USA Small-Cap ETF,31/08/21,Specialty Retail — 3.6%,Genesco Inc. (a),8847,548779,,
ESML,iShares ESG Aware MSCI USA Small-Cap ETF,31/08/21,Specialty Retail — 3.6%,Group 1 Automotive Inc.,5323,880637,,
ESML,iShares ESG Aware MSCI USA Small-Cap ETF,31/08/21,Specialty Retail — 3.6%,GrowGeneration Corp. (a)(b),17967,574764,,
ESML,iShares ESG Aware MSCI USA Small-Cap ETF,31/08/21,Specialty Retail — 3.6%,Haverty Furniture Companies Inc.,14771,526291,,
ESML,iShares ESG Aware MSCI USA Small-Cap ETF,31/08/21,Specialty Retail — 3.6%,Hibbett Inc.,6545,626291,,
ESML,iShares ESG Aware MSCI USA Small-Cap ETF,31/08/21,Specialty Retail — 3.6%,Leslie’s Inc. (a),26705,644125,,
ESML,iShares ESG Aware MSCI USA Small-Cap ETF,31/08/21,Specialty Retail — 3.6%,Lithia Motors Inc.,5915,1959639,,
ESML,iShares ESG Aware MSCI USA Small-Cap ETF,31/08/21,Specialty Retail — 3.6%,MarineMax Inc. (a),10877,528840,,
ESML,iShares ESG Aware MSCI USA Small-Cap ETF,31/08/21,Specialty Retail — 3.6%,Monro Inc.,10598,603132,,
ESML,iShares ESG Aware MSCI USA Small-Cap ETF,31/08/21,Specialty Retail — 3.6%,Murphy USA Inc.,8840,1372675,,
ESML,iShares ESG Aware MSCI USA Small-Cap ETF,31/08/21,Specialty Retail — 3.6%,National Vision Holdings Inc. (a),19873,1191983,,
ESML,iShares ESG Aware MSCI USA Small-Cap ETF,31/08/21,Specialty Retail — 3.6%,ODP Corp. (The) (a),12469,588163,,
ESML,iShares ESG Aware MSCI USA Small-Cap ETF,31/08/21,Specialty Retail — 3.6%,Petco Health & Wellness Co. Inc. (a),26152,563053,,
ESML,iShares ESG Aware MSCI USA Small-Cap ETF,31/08/21,Specialty Retail — 3.6%,Rent-A-Center Inc./TX,16650,1050282,,
ESML,iShares ESG Aware MSCI USA Small-Cap ETF,31/08/21,Specialty Retail — 3.6%,RH (a)(b),3428,2401897,,
ESML,iShares ESG Aware MSCI USA Small-Cap ETF,31/08/21,Specialty Retail — 3.6%,Sally Beauty Holdings Inc. (a),29970,557142,,
ESML,iShares ESG Aware MSCI USA Small-Cap ETF,31/08/21,Specialty Retail — 3.6%,Signet Jewelers Ltd.,12570,995544,,
ESML,iShares ESG Aware MSCI USA Small-Cap ETF,31/08/21,Specialty Retail — 3.6%,Sleep Number Corp. (a),6907,638967,,
ESML,iShares ESG Aware MSCI USA Small-Cap ETF,31/08/21,Specialty Retail — 3.6%,Urban Outfitters Inc. (a),14839,489984,,
ESML,iShares ESG Aware MSCI USA Small-Cap ETF,31/08/21,Specialty Retail — 3.6%,Vroom Inc. (a),19961,536152,,
ESML,iShares ESG Aware MSCI USA Small-Cap ETF,31/08/21,Specialty Retail — 3.6%,Williams-Sonoma Inc.,18381,3431733,,
ESML,iShares ESG Aware MSCI USA Small-Cap ETF,31/08/21,Specialty Retail — 3.6%,Zumiez Inc. (a),13002,522550,39451913,
ESML,iShares ESG Aware MSCI USA Small-Cap ETF,31/08/21,"Technology Hardware, Storage & Peripherals — 0.3%",3D Systems Corp. (a),24755,753542,,
ESML,iShares ESG Aware MSCI USA Small-Cap ETF,31/08/21,"Technology Hardware, Storage & Peripherals — 0.3%","Pure Storage Inc., Class A (a)",47907,1237438,,
ESML,iShares ESG Aware MSCI USA Small-Cap ETF,31/08/21,"Technology Hardware, Storage & Peripherals — 0.3%",Xerox Holdings Corp.,58552,1318006,3308986,
ESML,iShares ESG Aware MSCI USA Small-Cap ETF,31/08/21,"Textiles, Apparel & Luxury Goods — 2.1%",Capri Holdings Ltd. (a),27651,1562558,,
ESML,iShares ESG Aware MSCI USA Small-Cap ETF,31/08/21,"Textiles, Apparel & Luxury Goods — 2.1%",Carter’s Inc.,13364,1368206,,
ESML,iShares ESG Aware MSCI USA Small-Cap ETF,31/08/21,"Textiles, Apparel & Luxury Goods — 2.1%",Columbia Sportswear Co.,12562,1281450,,
ESML,iShares ESG Aware MSCI USA Small-Cap ETF,31/08/21,"Textiles, Apparel & Luxury Goods — 2.1%",Crocs Inc. (a),16035,2290119,,
ESML,iShares ESG Aware MSCI USA Small-Cap ETF,31/08/21,"Textiles, Apparel & Luxury Goods — 2.1%",Deckers Outdoor Corp. (a),8062,3373544,,
ESML,iShares ESG Aware MSCI USA Small-Cap ETF,31/08/21,"Textiles, Apparel & Luxury Goods — 2.1%",Hanesbrands Inc.,101806,1901736,,
ESML,iShares ESG Aware MSCI USA Small-Cap ETF,31/08/21,"Textiles, Apparel & Luxury Goods — 2.1%",Kontoor Brands Inc.,13160,710114,,
ESML,iShares ESG Aware MSCI USA Small-Cap ETF,31/08/21,"Textiles, Apparel & Luxury Goods — 2.1%","Levi Strauss & Co., Class A",40316,1056682,,
ESML,iShares ESG Aware MSCI USA Small-Cap ETF,31/08/21,"Textiles, Apparel & Luxury Goods — 2.1%",Oxford Industries Inc.,5988,540716,,
ESML,iShares ESG Aware MSCI USA Small-Cap ETF,31/08/21,"Textiles, Apparel & Luxury Goods — 2.1%",PVH Corp. (a),19883,2083539,,
ESML,iShares ESG Aware MSCI USA Small-Cap ETF,31/08/21,"Textiles, Apparel & Luxury Goods — 2.1%",Ralph Lauren Corp.,11059,1284282,,
ESML,iShares ESG Aware MSCI USA Small-Cap ETF,31/08/21,"Textiles, Apparel & Luxury Goods — 2.1%",Steven Madden Ltd.,19991,809036,,
ESML,iShares ESG Aware MSCI USA Small-Cap ETF,31/08/21,"Textiles, Apparel & Luxury Goods — 2.1%",Tapestry Inc. (a),62339,2513508,,
ESML,iShares ESG Aware MSCI USA Small-Cap ETF,31/08/21,"Textiles, Apparel & Luxury Goods — 2.1%","Under Armour Inc., Class A (a)",27819,643732,,
ESML,iShares ESG Aware MSCI USA Small-Cap ETF,31/08/21,"Textiles, Apparel & Luxury Goods — 2.1%","Under Armour Inc., Class C, NVS (a)(b)",32480,651549,,
ESML,iShares ESG Aware MSCI USA Small-Cap ETF,31/08/21,"Textiles, Apparel & Luxury Goods — 2.1%",Wolverine World Wide Inc.,24980,895783,22966554,
ESML,iShares ESG Aware MSCI USA Small-Cap ETF,31/08/21,Thrifts & Mortgage Finance — 1.2%,Essent Group Ltd.,19831,933644,,
ESML,iShares ESG Aware MSCI USA Small-Cap ETF,31/08/21,Thrifts & Mortgage Finance — 1.2%,"Federal Agricultural Mortgage Corp., Class C, NVS",8629,844779,,
ESML,iShares ESG Aware MSCI USA Small-Cap ETF,31/08/21,Thrifts & Mortgage Finance — 1.2%,Flagstar Bancorp. Inc.,18447,912389,,
ESML,iShares ESG Aware MSCI USA Small-Cap ETF,31/08/21,Thrifts & Mortgage Finance — 1.2%,HomeStreet Inc.,14704,600659,,
ESML,iShares ESG Aware MSCI USA Small-Cap ETF,31/08/21,Thrifts & Mortgage Finance — 1.2%,MGIC Investment Corp.,110668,1689900,,
ESML,iShares ESG Aware MSCI USA Small-Cap ETF,31/08/21,Thrifts & Mortgage Finance — 1.2%,Mr Cooper Group Inc. (a),20931,813797,,
ESML,iShares ESG Aware MSCI USA Small-Cap ETF,31/08/21,Thrifts & Mortgage Finance — 1.2%,New York Community Bancorp. Inc.,85949,1076082,,
ESML,iShares ESG Aware MSCI USA Small-Cap ETF,31/08/21,Thrifts & Mortgage Finance — 1.2%,"NMI Holdings Inc., Class A (a)",25260,570118,,
ESML,iShares ESG Aware MSCI USA Small-Cap ETF,31/08/21,Thrifts & Mortgage Finance — 1.2%,PennyMac Financial Services Inc.,15143,1007767,,
ESML,iShares ESG Aware MSCI USA Small-Cap ETF,31/08/21,Thrifts & Mortgage Finance — 1.2%,Premier Financial Corp.,19940,606176,,
ESML,iShares ESG Aware MSCI USA Small-Cap ETF,31/08/21,Thrifts & Mortgage Finance — 1.2%,Radian Group Inc.,53240,1258061,,
ESML,iShares ESG Aware MSCI USA Small-Cap ETF,31/08/21,Thrifts & Mortgage Finance — 1.2%,"Rocket Companies Inc., Class A",29621,513924,,
ESML,iShares ESG Aware MSCI USA Small-Cap ETF,31/08/21,Thrifts & Mortgage Finance — 1.2%,TFS Financial Corp.,30667,613033,,
ESML,iShares ESG Aware MSCI USA Small-Cap ETF,31/08/21,Thrifts & Mortgage Finance — 1.2%,Walker & Dunlop Inc.,5787,642646,,
ESML,iShares ESG Aware MSCI USA Small-Cap ETF,31/08/21,Thrifts & Mortgage Finance — 1.2%,Washington Federal Inc.,19084,635497,,
ESML,iShares ESG Aware MSCI USA Small-Cap ETF,31/08/21,Thrifts & Mortgage Finance — 1.2%,WSFS Financial Corp.,7997,363144,13081616,
ESML,iShares ESG Aware MSCI USA Small-Cap ETF,31/08/21,Trading Companies & Distributors — 1.3%,Air Lease Corp.,18604,739323,,
ESML,iShares ESG Aware MSCI USA Small-Cap ETF,31/08/21,Trading Companies & Distributors — 1.3%,Beacon Roofing Supply Inc. (a),12259,631093,,
ESML,iShares ESG Aware MSCI USA Small-Cap ETF,31/08/21,Trading Companies & Distributors — 1.3%,Boise Cascade Co.,31064,1797052,,
ESML,iShares ESG Aware MSCI USA Small-Cap ETF,31/08/21,Trading Companies & Distributors — 1.3%,GATX Corp.,12159,1114737,,
ESML,iShares ESG Aware MSCI USA Small-Cap ETF,31/08/21,Trading Companies & Distributors — 1.3%,GMS Inc. (a),14127,698015,,
ESML,iShares ESG Aware MSCI USA Small-Cap ETF,31/08/21,Trading Companies & Distributors — 1.3%,Herc Holdings Inc. (a),5091,669212,,
ESML,iShares ESG Aware MSCI USA Small-Cap ETF,31/08/21,Trading Companies & Distributors — 1.3%,McGrath RentCorp,11487,801563,,
ESML,iShares ESG Aware MSCI USA Small-Cap ETF,31/08/21,Trading Companies & Distributors — 1.3%,"Rush Enterprises Inc., Class A",12627,556851,,
ESML,iShares ESG Aware MSCI USA Small-Cap ETF,31/08/21,Trading Companies & Distributors — 1.3%,SiteOne Landscape Supply Inc. (a),14095,2820410,,
ESML,iShares ESG Aware MSCI USA Small-Cap ETF,31/08/21,Trading Companies & Distributors — 1.3%,Triton International Ltd.,22475,1229832,,
ESML,iShares ESG Aware MSCI USA Small-Cap ETF,31/08/21,Trading Companies & Distributors — 1.3%,Univar Solutions Inc. (a),25529,602740,,
ESML,iShares ESG Aware MSCI USA Small-Cap ETF,31/08/21,Trading Companies & Distributors — 1.3%,Veritiv Corp. (a),6672,598278,,
ESML,iShares ESG Aware MSCI USA Small-Cap ETF,31/08/21,Trading Companies & Distributors — 1.3%,Watsco Inc.,3427,954145,,
ESML,iShares ESG Aware MSCI USA Small-Cap ETF,31/08/21,Trading Companies & Distributors — 1.3%,WESCO International Inc. (a),13337,1560696,14773947,
ESML,iShares ESG Aware MSCI USA Small-Cap ETF,31/08/21,Transportation Infrastructure — 0.1%,Macquarie Infrastructure Corp.,23451,934522,934522,
ESML,iShares ESG Aware MSCI USA Small-Cap ETF,31/08/21,Water Utilities — 0.3%,American States Water Co.,16040,1479048,,
ESML,iShares ESG Aware MSCI USA Small-Cap ETF,31/08/21,Water Utilities — 0.3%,Middlesex Water Co.,7796,852960,,
ESML,iShares ESG Aware MSCI USA Small-Cap ETF,31/08/21,Water Utilities — 0.3%,SJW Group,9214,638807,2970815,
ESML,iShares ESG Aware MSCI USA Small-Cap ETF,31/08/21,Wireless Telecommunication Services — 0.1%,Shenandoah Telecommunications Co.,17529,522890,,
ESML,iShares ESG Aware MSCI USA Small-Cap ETF,31/08/21,Wireless Telecommunication Services — 0.1%,Telephone and Data Systems Inc.,27216,553029,1075919,1100431026
ESML,iShares ESG Aware MSCI USA Small-Cap ETF,31/08/21,MONEY MARKET FUNDS — 4.1%,"BlackRock Cash Funds: Institutional, SL Agency Shares, 0.06%(d)(f)(h)","4,35,27,022","4,35,48,786",,
ESML,iShares ESG Aware MSCI USA Small-Cap ETF,31/08/21,MONEY MARKET FUNDS — 4.1%,"BlackRock Cash Funds: Treasury, SL Agency Shares, 0.00%(d)(f)","13,90,000","13,90,000",44938786,44938786
ICLN,iShares Global Clean Energy ETF,30/04/21,Austria — 1.3%,Verbund AG,"8,97,787","7,38,15,614","7,38,15,614",
ICLN,iShares Global Clean Energy ETF,30/04/21,Brazil — 0.7%,"Centrais Eletricas Brasileiras SA, ADR","28,37,730","1,99,49,242",,
ICLN,iShares Global Clean Energy ETF,30/04/21,Brazil — 0.7%,"Cia. Paranaense de Energia, ADR","33,53,784","1,82,44,585","3,81,93,827",
ICLN,iShares Global Clean Energy ETF,30/04/21,Canada — 7.3%,Algonquin Power & Utilities Corp.,"49,52,273","7,98,27,324",,
ICLN,iShares Global Clean Energy ETF,30/04/21,Canada — 7.3%,Ballard Power Systems Inc.,"40,30,409","8,79,33,814",,
ICLN,iShares Global Clean Energy ETF,30/04/21,Canada — 7.3%,"Boralex Inc., Class A","13,76,292","4,40,78,934",,
ICLN,iShares Global Clean Energy ETF,30/04/21,Canada — 7.3%,"Brookfield Renewable Corp., Class A","13,19,938","5,46,66,592",,
ICLN,iShares Global Clean Energy ETF,30/04/21,Canada — 7.3%,Canadian Solar Inc.,"7,47,005","3,08,06,486",,
ICLN,iShares Global Clean Energy ETF,30/04/21,Canada — 7.3%,Innergex Renewable Energy Inc.,"19,62,465","3,35,00,053",,
ICLN,iShares Global Clean Energy ETF,30/04/21,Canada — 7.3%,Northland Power Inc.,"22,34,262","7,68,96,970",,
ICLN,iShares Global Clean Energy ETF,30/04/21,Canada — 7.3%,TransAlta Renewables Inc.,"13,21,956","2,09,22,194","42,86,32,367",
ICLN,iShares Global Clean Energy ETF,30/04/21,Chile — 0.5%,"Enel Americas SA, ADR","42,84,675","3,07,63,967","3,07,63,967",
ICLN,iShares Global Clean Energy ETF,30/04/21,China — 5.7%,"China Longyuan Power Group Corp. Ltd., Class H","5,10,05,000","7,51,26,622",,
ICLN,iShares Global Clean Energy ETF,30/04/21,China — 5.7%,"Daqo New Energy Corp., ADR","8,04,749","6,47,74,247",,
ICLN,iShares Global Clean Energy ETF,30/04/21,China — 5.7%,Flat Glass Group Co. Ltd.,"52,78,000","1,63,09,315",,
ICLN,iShares Global Clean Energy ETF,30/04/21,China — 5.7%,GCL New Energy Holdings Ltd.,"9,05,14,000","26,68,740",,
ICLN,iShares Global Clean Energy ETF,30/04/21,China — 5.7%,"JinkoSolar Holding Co. Ltd., ADR","6,22,389","2,30,03,497",,
ICLN,iShares Global Clean Energy ETF,30/04/21,China — 5.7%,"Xinjiang Goldwind Science & Technology Co. Ltd., Class H","1,27,66,400","2,10,39,407",,
ICLN,iShares Global Clean Energy ETF,30/04/21,China — 5.7%,Xinyi Energy Holdings Ltd.,"3,06,12,000","1,49,37,778",,
ICLN,iShares Global Clean Energy ETF,30/04/21,China — 5.7%,Xinyi Solar Holdings Ltd.,"6,99,64,000","11,71,04,360","33,49,63,966",
ICLN,iShares Global Clean Energy ETF,30/04/21,Denmark — 14.7%,Orsted A/S,"24,51,341","35,80,00,186",,
ICLN,iShares Global Clean Energy ETF,30/04/21,Denmark — 14.7%,Vestas Wind Systems A/S,"1,19,81,436","50,07,74,045","85,87,74,231",
ICLN,iShares Global Clean Energy ETF,30/04/21,France — 1.0%,Albioma SA,"3,18,996","1,44,38,674",,
ICLN,iShares Global Clean Energy ETF,30/04/21,France — 1.0%,McPhy Energy SA,"3,73,694","1,35,67,558",,
ICLN,iShares Global Clean Energy ETF,30/04/21,France — 1.0%,Neoen SA,"7,07,365","3,24,09,070","6,04,15,302",
ICLN,iShares Global Clean Energy ETF,30/04/21,Germany — 1.7%,Encavis AG,"14,98,268","2,88,75,868",,
ICLN,iShares Global Clean Energy ETF,30/04/21,Germany — 1.7%,Nordex SE,"13,02,239","3,77,17,295",,
ICLN,iShares Global Clean Energy ETF,30/04/21,Germany — 1.7%,SMA Solar Technology AG,"2,75,701","1,57,64,717",,
ICLN,iShares Global Clean Energy ETF,30/04/21,Germany — 1.7%,VERBIO Vereinigte BioEnergie AG,"2,90,755","1,46,72,452","9,70,30,332",
ICLN,iShares Global Clean Energy ETF,30/04/21,India — 0.1%,Azure Power Global Ltd.,"2,71,885","63,32,202","63,32,202",
ICLN,iShares Global Clean Energy ETF,30/04/21,Israel — 0.5%,Energix-Renewable Energies Ltd.,"36,76,841","1,44,99,451",,
ICLN,iShares Global Clean Energy ETF,30/04/21,Israel — 0.5%,Enlight Renewable Energy Ltd.,"84,15,990","1,76,44,945","3,21,44,396",
ICLN,iShares Global Clean Energy ETF,30/04/21,Italy — 4.8%,Enel SpA,"2,47,47,385","24,62,81,320",,
ICLN,iShares Global Clean Energy ETF,30/04/21,Italy — 4.8%,ERG SpA,"6,88,678","2,06,09,695",,
ICLN,iShares Global Clean Energy ETF,30/04/21,Italy — 4.8%,Falck Renewables SpA,"19,33,217","1,41,49,412","28,10,40,427",
ICLN,iShares Global Clean Energy ETF,30/04/21,Japan — 0.3%,RENOVA Inc.,"6,15,200","1,93,89,452","1,93,89,452",
ICLN,iShares Global Clean Energy ETF,30/04/21,New Zealand — 1.4%,Contact Energy Ltd.,"73,20,662","3,96,04,422",,
ICLN,iShares Global Clean Energy ETF,30/04/21,New Zealand — 1.4%,Meridian Energy Ltd.,"1,04,93,835","4,01,31,317","7,97,35,739",
ICLN,iShares Global Clean Energy ETF,30/04/21,Norway — 1.5%,NEL ASA,"1,30,57,924","3,80,03,491",,
ICLN,iShares Global Clean Energy ETF,30/04/21,Norway — 1.5%,Scatec ASA,"19,45,426","5,25,68,322","9,05,71,813",
ICLN,iShares Global Clean Energy ETF,30/04/21,Portugal — 4.2%,EDP - Energias de Portugal SA,"2,91,29,250","16,20,74,043",,
ICLN,iShares Global Clean Energy ETF,30/04/21,Portugal — 4.2%,EDP Renovaveis SA,"35,69,340","8,51,61,988","24,72,36,031",
ICLN,iShares Global Clean Energy ETF,30/04/21,Singapore — 0.1%,Maxeon Solar Technologies Ltd.,"2,07,447","37,34,046","37,34,046",
ICLN,iShares Global Clean Energy ETF,30/04/21,South Korea — 2.0%,CS Wind Corp.,"2,31,165","1,60,01,892",,
ICLN,iShares Global Clean Energy ETF,30/04/21,South Korea — 2.0%,Doosan Fuel Cell Co. Ltd.,"12,29,101","4,98,33,645",,
ICLN,iShares Global Clean Energy ETF,30/04/21,South Korea — 2.0%,Hanwha Solutions Corp.,"9,97,833","4,13,09,129",,
ICLN,iShares Global Clean Energy ETF,30/04/21,South Korea — 2.0%,Hyundai Energy Solutions Co. Ltd.,"69,305","21,12,141",,
ICLN,iShares Global Clean Energy ETF,30/04/21,South Korea — 2.0%,Unison Co. Ltd.,"17,27,733","63,60,468","11,56,17,275",
ICLN,iShares Global Clean Energy ETF,30/04/21,Spain — 7.1%,Audax Renovables SA,"8,09,399","19,13,632",,
ICLN,iShares Global Clean Energy ETF,30/04/21,Spain — 7.1%,Iberdrola SA,"1,91,33,330","25,87,72,344",,
ICLN,iShares Global Clean Energy ETF,30/04/21,Spain — 7.1%,Siemens Gamesa Renewable Energy SA,"37,18,889","13,47,51,601",,
ICLN,iShares Global Clean Energy ETF,30/04/21,Spain — 7.1%,Solaria Energia y Medio Ambiente SA,"11,36,480","2,33,32,847","41,87,70,424",
ICLN,iShares Global Clean Energy ETF,30/04/21,Sweden — 0.5%,"Eolus Vind AB, Class B","3,36,120","84,62,874",,
ICLN,iShares Global Clean Energy ETF,30/04/21,Sweden — 0.5%,PowerCell Sweden AB,"6,94,917","1,80,80,211","2,65,43,085",
ICLN,iShares Global Clean Energy ETF,30/04/21,Switzerland — 2.2%,Meyer Burger Technology AG,"3,65,88,268","1,70,81,612",,
ICLN,iShares Global Clean Energy ETF,30/04/21,Switzerland — 2.2%,Siemens Energy AG,"33,06,091","11,06,40,421","12,77,22,033",
ICLN,iShares Global Clean Energy ETF,30/04/21,United Kingdom — 3.9%,Atlantica Sustainable Infrastructure PLC,"9,86,922","3,80,45,843",,
ICLN,iShares Global Clean Energy ETF,30/04/21,United Kingdom — 3.9%,Drax Group PLC,"29,56,008","1,67,22,947",,
ICLN,iShares Global Clean Energy ETF,30/04/21,United Kingdom — 3.9%,SSE PLC,"86,71,603","17,62,52,093","23,10,20,883",
ICLN,iShares Global Clean Energy ETF,30/04/21,United States — 36.7%,ALLETE Inc.,"4,29,888","3,02,46,920",,
ICLN,iShares Global Clean Energy ETF,30/04/21,United States — 36.7%,Avista Corp.,"4,66,077","2,14,48,864",,
ICLN,iShares Global Clean Energy ETF,30/04/21,United States — 36.7%,"Bloom Energy Corp., Class A","19,98,914","5,19,11,797",,
ICLN,iShares Global Clean Energy ETF,30/04/21,United States — 36.7%,Enphase Energy Inc.,"21,34,614","29,72,45,000",,
ICLN,iShares Global Clean Energy ETF,30/04/21,United States — 36.7%,First Solar Inc.,"14,02,740","10,73,51,692",,
ICLN,iShares Global Clean Energy ETF,30/04/21,United States — 36.7%,FuelCell Energy Inc.,"53,36,396","5,18,16,405",,
ICLN,iShares Global Clean Energy ETF,30/04/21,United States — 36.7%,Hawaiian Electric Industries Inc.,"9,01,896","3,88,35,642",,
ICLN,iShares Global Clean Energy ETF,30/04/21,United States — 36.7%,IDACORP Inc.,"6,26,385","6,41,91,935",,
ICLN,iShares Global Clean Energy ETF,30/04/21,United States — 36.7%,NextEra Energy Inc.,"32,67,083","25,32,31,603",,
ICLN,iShares Global Clean Energy ETF,30/04/21,United States — 36.7%,Ormat Technologies Inc.,"7,41,286","5,36,69,106",,
ICLN,iShares Global Clean Energy ETF,30/04/21,United States — 36.7%,PG&E Corp.,"1,23,13,556","13,93,89,454",,
ICLN,iShares Global Clean Energy ETF,30/04/21,United States — 36.7%,Plug Power Inc.,"83,14,030","23,70,32,995",,
ICLN,iShares Global Clean Energy ETF,30/04/21,United States — 36.7%,Renewable Energy Group Inc.,"7,34,210","4,07,63,339",,
ICLN,iShares Global Clean Energy ETF,30/04/21,United States — 36.7%,"Shoals Technologies Group Inc., Class A","13,16,348","4,22,15,280",,
ICLN,iShares Global Clean Energy ETF,30/04/21,United States — 36.7%,SolarEdge Technologies Inc.,"8,53,412","22,49,08,199",,
ICLN,iShares Global Clean Energy ETF,30/04/21,United States — 36.7%,Sunnova Energy International Inc.,"10,38,101","3,66,65,727",,
ICLN,iShares Global Clean Energy ETF,30/04/21,United States — 36.7%,SunPower Corp.,"13,24,393","3,40,23,656",,
ICLN,iShares Global Clean Energy ETF,30/04/21,United States — 36.7%,Sunrun Inc.,"26,47,853","12,97,44,797",,
ICLN,iShares Global Clean Energy ETF,30/04/21,United States — 36.7%,TPI Composites Inc.,"5,38,214","2,86,06,074",,
ICLN,iShares Global Clean Energy ETF,30/04/21,United States — 36.7%,Xcel Energy Inc.,"37,14,090","26,48,14,617","2,14,81,13,102","5,75,05,60,514"
ICLN,iShares Global Clean Energy ETF,30/04/21,BRAZIL — 0.7%,"Cia. Energetica de Minas Gerais, Preference Shares, ADR, NVS(a)","1,67,43,349","4,16,90,939","4,16,90,939","4,16,90,939"
ICLN,iShares Global Clean Energy ETF,30/04/21,MONEY MARKET FUNDS — 8.2%,"BlackRock Cash Funds: Institutional, SL Agency Shares, 0.08%(c)(e)(f)","43,65,31,626","43,67,49,892",,
ICLN,iShares Global Clean Energy ETF,30/04/21,MONEY MARKET FUNDS — 8.2%,"BlackRock Cash Funds: Treasury, SL Agency Shares, 0.00%(c)(e)","4,38,10,000","4,38,10,000","48,05,59,892","48,05,59,892"
LCTD,BlackRock World ex U.S. Carbon Transition Readiness ETF,31/07/21,Australia — 7.2%,ASX Ltd.,"1,680","95,171",,
LCTD,BlackRock World ex U.S. Carbon Transition Readiness ETF,31/07/21,Australia — 7.2%,Australia & New Zealand Banking Group Ltd.,"1,15,584","23,53,126",,
LCTD,BlackRock World ex U.S. Carbon Transition Readiness ETF,31/07/21,Australia — 7.2%,BlueScope Steel Ltd.,"35,280","6,25,632",,
LCTD,BlackRock World ex U.S. Carbon Transition Readiness ETF,31/07/21,Australia — 7.2%,Brambles Ltd.,"2,36,712","20,26,650",,
LCTD,BlackRock World ex U.S. Carbon Transition Readiness ETF,31/07/21,Australia — 7.2%,Cochlear Ltd.,"31,920","57,74,931",,
LCTD,BlackRock World ex U.S. Carbon Transition Readiness ETF,31/07/21,Australia — 7.2%,Commonwealth Bank of Australia,"60,480","44,33,672",,
LCTD,BlackRock World ex U.S. Carbon Transition Readiness ETF,31/07/21,Australia — 7.2%,CSL Ltd.,"15,301","32,57,439",,
LCTD,BlackRock World ex U.S. Carbon Transition Readiness ETF,31/07/21,Australia — 7.2%,Glencore PLC,"4,20,168","18,87,037",,
LCTD,BlackRock World ex U.S. Carbon Transition Readiness ETF,31/07/21,Australia — 7.2%,Insurance Australia Group Ltd.,"50,064","1,78,536",,
LCTD,BlackRock World ex U.S. Carbon Transition Readiness ETF,31/07/21,Australia — 7.2%,Macquarie Group Ltd.,"15,960","18,42,876",,
LCTD,BlackRock World ex U.S. Carbon Transition Readiness ETF,31/07/21,Australia — 7.2%,Magellan Financial Group Ltd.,"5,712","2,06,084",,
LCTD,BlackRock World ex U.S. Carbon Transition Readiness ETF,31/07/21,Australia — 7.2%,National Australia Bank Ltd.,"1,24,656","23,77,158",,
LCTD,BlackRock World ex U.S. Carbon Transition Readiness ETF,31/07/21,Australia — 7.2%,Oil Search Ltd.,"2,57,880","7,20,771",,
LCTD,BlackRock World ex U.S. Carbon Transition Readiness ETF,31/07/21,Australia — 7.2%,Qantas Airways Ltd.,"2,29,320","7,73,043",,
LCTD,BlackRock World ex U.S. Carbon Transition Readiness ETF,31/07/21,Australia — 7.2%,QBE Insurance Group Ltd.,"68,712","5,50,651",,
LCTD,BlackRock World ex U.S. Carbon Transition Readiness ETF,31/07/21,Australia — 7.2%,Ramsay Health Care Ltd.,"5,544","2,62,197",,
LCTD,BlackRock World ex U.S. Carbon Transition Readiness ETF,31/07/21,Australia — 7.2%,Rio Tinto Ltd.,"23,520","23,05,194",,
LCTD,BlackRock World ex U.S. Carbon Transition Readiness ETF,31/07/21,Australia — 7.2%,Rio Tinto PLC,"46,536","39,52,787",,
LCTD,BlackRock World ex U.S. Carbon Transition Readiness ETF,31/07/21,Australia — 7.2%,Seek Ltd.,"46,368","10,03,030",,
LCTD,BlackRock World ex U.S. Carbon Transition Readiness ETF,31/07/21,Australia — 7.2%,Sonic Healthcare Ltd.,"4,536","1,34,022",,
LCTD,BlackRock World ex U.S. Carbon Transition Readiness ETF,31/07/21,Australia — 7.2%,Stockland,"1,15,920","3,74,899",,
LCTD,BlackRock World ex U.S. Carbon Transition Readiness ETF,31/07/21,Australia — 7.2%,Suncorp Group Ltd.,"65,352","5,55,025",,
LCTD,BlackRock World ex U.S. Carbon Transition Readiness ETF,31/07/21,Australia — 7.2%,Tabcorp Holdings Ltd.,"1,30,368","4,75,857",,
LCTD,BlackRock World ex U.S. Carbon Transition Readiness ETF,31/07/21,Australia — 7.2%,Treasury Wine Estates Ltd.,"70,392","6,17,459",,
LCTD,BlackRock World ex U.S. Carbon Transition Readiness ETF,31/07/21,Australia — 7.2%,Wesfarmers Ltd.,"66,696","30,07,099",,
LCTD,BlackRock World ex U.S. Carbon Transition Readiness ETF,31/07/21,Australia — 7.2%,Westpac Banking Corp.,"1,32,888","23,86,993",,
LCTD,BlackRock World ex U.S. Carbon Transition Readiness ETF,31/07/21,Australia — 7.2%,Woodside Petroleum Ltd.,"82,824","13,30,481","4,35,07,820",
LCTD,BlackRock World ex U.S. Carbon Transition Readiness ETF,31/07/21,Austria — 0.2%,Erste Group Bank AG,"6,760","2,61,954",,
LCTD,BlackRock World ex U.S. Carbon Transition Readiness ETF,31/07/21,Austria — 0.2%,Verbund AG,"10,080","9,29,776","11,91,730",
LCTD,BlackRock World ex U.S. Carbon Transition Readiness ETF,31/07/21,Belgium — 1.0%,Ageas SA/NV,"6,552","3,45,983",,
LCTD,BlackRock World ex U.S. Carbon Transition Readiness ETF,31/07/21,Belgium — 1.0%,Anheuser-Busch InBev SA/NV,"79,800","50,36,345",,
LCTD,BlackRock World ex U.S. Carbon Transition Readiness ETF,31/07/21,Belgium — 1.0%,KBC Group NV,"8,359","6,73,089","60,55,417",
LCTD,BlackRock World ex U.S. Carbon Transition Readiness ETF,31/07/21,Canada — 10.2%,"Alimentation Couche-Tard Inc., Class B","34,440","13,88,256",,
LCTD,BlackRock World ex U.S. Carbon Transition Readiness ETF,31/07/21,Canada — 10.2%,Ballard Power Systems Inc.,"40,488","6,55,545",,
LCTD,BlackRock World ex U.S. Carbon Transition Readiness ETF,31/07/21,Canada — 10.2%,Bank of Montreal,"22,008","21,79,103",,
LCTD,BlackRock World ex U.S. Carbon Transition Readiness ETF,31/07/21,Canada — 10.2%,Bank of Nova Scotia (The),"41,832","26,10,979",,
LCTD,BlackRock World ex U.S. Carbon Transition Readiness ETF,31/07/21,Canada — 10.2%,BlackBerry Ltd.,"25,368","2,58,235",,
LCTD,BlackRock World ex U.S. Carbon Transition Readiness ETF,31/07/21,Canada — 10.2%,"Brookfield Asset Management Inc., Class A","1,38,432","74,73,064",,
LCTD,BlackRock World ex U.S. Carbon Transition Readiness ETF,31/07/21,Canada — 10.2%,CAE Inc.,"7,896","2,40,943",,
LCTD,BlackRock World ex U.S. Carbon Transition Readiness ETF,31/07/21,Canada — 10.2%,Cameco Corp.,"18,144","3,22,712",,
LCTD,BlackRock World ex U.S. Carbon Transition Readiness ETF,31/07/21,Canada — 10.2%,Canadian Imperial Bank of Commerce,"12,264","14,26,049",,
LCTD,BlackRock World ex U.S. Carbon Transition Readiness ETF,31/07/21,Canada — 10.2%,Enbridge Inc.,"1,51,368","59,66,879",,
LCTD,BlackRock World ex U.S. Carbon Transition Readiness ETF,31/07/21,Canada — 10.2%,Fairfax Financial Holdings Ltd.,"1,176","4,95,379",,
LCTD,BlackRock World ex U.S. Carbon Transition Readiness ETF,31/07/21,Canada — 10.2%,Franco-Nevada Corp.,"36,792","58,84,774",,
LCTD,BlackRock World ex U.S. Carbon Transition Readiness ETF,31/07/21,Canada — 10.2%,Great-West Lifeco Inc.,"18,648","5,61,114",,
LCTD,BlackRock World ex U.S. Carbon Transition Readiness ETF,31/07/21,Canada — 10.2%,Hydro One Ltd.,"1,54,392","38,11,537",,
LCTD,BlackRock World ex U.S. Carbon Transition Readiness ETF,31/07/21,Canada — 10.2%,iA Financial Corp. Inc.,"6,048","3,34,589",,
LCTD,BlackRock World ex U.S. Carbon Transition Readiness ETF,31/07/21,Canada — 10.2%,IGM Financial Inc.,"4,872","1,71,941",,
LCTD,BlackRock World ex U.S. Carbon Transition Readiness ETF,31/07/21,Canada — 10.2%,Intact Financial Corp.,"3,864","5,26,515",,
LCTD,BlackRock World ex U.S. Carbon Transition Readiness ETF,31/07/21,Canada — 10.2%,Keyera Corp.,"27,384","7,33,108",,
LCTD,BlackRock World ex U.S. Carbon Transition Readiness ETF,31/07/21,Canada — 10.2%,Manulife Financial Corp.,"1,10,880","21,43,656",,
LCTD,BlackRock World ex U.S. Carbon Transition Readiness ETF,31/07/21,Canada — 10.2%,National Bank of Canada,"8,400","6,42,927",,
LCTD,BlackRock World ex U.S. Carbon Transition Readiness ETF,31/07/21,Canada — 10.2%,Northland Power Inc.,"45,719","16,04,343",,
LCTD,BlackRock World ex U.S. Carbon Transition Readiness ETF,31/07/21,Canada — 10.2%,Onex Corp.,"2,352","1,79,284",,
LCTD,BlackRock World ex U.S. Carbon Transition Readiness ETF,31/07/21,Canada — 10.2%,Open Text Corp.,"17,976","9,33,669",,
LCTD,BlackRock World ex U.S. Carbon Transition Readiness ETF,31/07/21,Canada — 10.2%,Parkland Corp./Canada,"16,968","5,40,076",,
LCTD,BlackRock World ex U.S. Carbon Transition Readiness ETF,31/07/21,Canada — 10.2%,Power Corp. of Canada,"23,352","7,45,332",,
LCTD,BlackRock World ex U.S. Carbon Transition Readiness ETF,31/07/21,Canada — 10.2%,RioCan REIT,"87,024","15,75,723",,
LCTD,BlackRock World ex U.S. Carbon Transition Readiness ETF,31/07/21,Canada — 10.2%,Royal Bank of Canada,"43,680","44,17,716",,
LCTD,BlackRock World ex U.S. Carbon Transition Readiness ETF,31/07/21,Canada — 10.2%,"Shopify Inc., Class A","3,528","52,96,525",,
LCTD,BlackRock World ex U.S. Carbon Transition Readiness ETF,31/07/21,Canada — 10.2%,Sun Life Financial Inc.,"21,672","11,28,765",,
LCTD,BlackRock World ex U.S. Carbon Transition Readiness ETF,31/07/21,Canada — 10.2%,TC Energy Corp.,"41,328","20,14,723",,
LCTD,BlackRock World ex U.S. Carbon Transition Readiness ETF,31/07/21,Canada — 10.2%,Toronto-Dominion Bank (The),"61,152","40,65,853",,
LCTD,BlackRock World ex U.S. Carbon Transition Readiness ETF,31/07/21,Canada — 10.2%,West Fraser Timber Co. Ltd.,"1,344","96,405",,
LCTD,BlackRock World ex U.S. Carbon Transition Readiness ETF,31/07/21,Canada — 10.2%,Wheaton Precious Metals Corp.,"22,344","10,32,129",,
LCTD,BlackRock World ex U.S. Carbon Transition Readiness ETF,31/07/21,Canada — 10.2%,WSP Global Inc.,"1,176","1,39,591","6,15,97,439",
LCTD,BlackRock World ex U.S. Carbon Transition Readiness ETF,31/07/21,Denmark — 2.8%,"Carlsberg A/S, Class B","12,432","22,97,252",,
LCTD,BlackRock World ex U.S. Carbon Transition Readiness ETF,31/07/21,Denmark — 2.8%,DSV Panalpina A/S,"25,536","62,24,779",,
LCTD,BlackRock World ex U.S. Carbon Transition Readiness ETF,31/07/21,Denmark — 2.8%,GN Store Nord A/S,672,"58,890",,
LCTD,BlackRock World ex U.S. Carbon Transition Readiness ETF,31/07/21,Denmark — 2.8%,"Novozymes A/S, Class B","31,416","24,68,191",,
LCTD,BlackRock World ex U.S. Carbon Transition Readiness ETF,31/07/21,Denmark — 2.8%,Orsted A/S,"11,424","16,94,409",,
LCTD,BlackRock World ex U.S. Carbon Transition Readiness ETF,31/07/21,Denmark — 2.8%,Vestas Wind Systems A/S,"1,09,200","40,26,700","1,67,70,221",
LCTD,BlackRock World ex U.S. Carbon Transition Readiness ETF,31/07/21,Finland — 1.2%,Neste OYJ,"5,208","3,20,140",,
LCTD,BlackRock World ex U.S. Carbon Transition Readiness ETF,31/07/21,Finland — 1.2%,Nokia OYJ,"1,18,104","7,25,671",,
LCTD,BlackRock World ex U.S. Carbon Transition Readiness ETF,31/07/21,Finland — 1.2%,"Orion OYJ, Class B","67,032","28,53,248",,
LCTD,BlackRock World ex U.S. Carbon Transition Readiness ETF,31/07/21,Finland — 1.2%,"Sampo OYJ, Class A","6,384","3,07,253",,
LCTD,BlackRock World ex U.S. Carbon Transition Readiness ETF,31/07/21,Finland — 1.2%,"Stora Enso OYJ, Class R","25,536","5,05,656",,
LCTD,BlackRock World ex U.S. Carbon Transition Readiness ETF,31/07/21,Finland — 1.2%,UPM-Kymmene OYJ,"22,848","9,33,692",,
LCTD,BlackRock World ex U.S. Carbon Transition Readiness ETF,31/07/21,Finland — 1.2%,Wartsila OYJ Abp,"1,00,632","15,15,970","71,61,630",
LCTD,BlackRock World ex U.S. Carbon Transition Readiness ETF,31/07/21,France — 9.4%,Air Liquide SA,"2,352","4,09,033",,
LCTD,BlackRock World ex U.S. Carbon Transition Readiness ETF,31/07/21,France — 9.4%,Airbus SE,"16,464","22,58,344",,
LCTD,BlackRock World ex U.S. Carbon Transition Readiness ETF,31/07/21,France — 9.4%,Atos SE,"6,384","3,05,300",,
LCTD,BlackRock World ex U.S. Carbon Transition Readiness ETF,31/07/21,France — 9.4%,AXA SA,"72,072","18,66,450",,
LCTD,BlackRock World ex U.S. Carbon Transition Readiness ETF,31/07/21,France — 9.4%,BioMerieux,"9,240","11,01,744",,
LCTD,BlackRock World ex U.S. Carbon Transition Readiness ETF,31/07/21,France — 9.4%,BNP Paribas SA,"42,840","26,12,346",,
LCTD,BlackRock World ex U.S. Carbon Transition Readiness ETF,31/07/21,France — 9.4%,Bollore SA,"2,78,208","15,54,716",,
LCTD,BlackRock World ex U.S. Carbon Transition Readiness ETF,31/07/21,France — 9.4%,Bouygues SA,"2,688","1,03,599",,
LCTD,BlackRock World ex U.S. Carbon Transition Readiness ETF,31/07/21,France — 9.4%,Capgemini SE,"10,920","23,60,387",,
LCTD,BlackRock World ex U.S. Carbon Transition Readiness ETF,31/07/21,France — 9.4%,Carrefour SA,"70,056","13,01,239",,
LCTD,BlackRock World ex U.S. Carbon Transition Readiness ETF,31/07/21,France — 9.4%,Cie. de Saint-Gobain,"19,656","14,04,976",,
LCTD,BlackRock World ex U.S. Carbon Transition Readiness ETF,31/07/21,France — 9.4%,Cie. Generale des Etablissements Michelin SCA,"8,904","14,54,400",,
LCTD,BlackRock World ex U.S. Carbon Transition Readiness ETF,31/07/21,France — 9.4%,CNP Assurances,"11,592","1,97,043",,
LCTD,BlackRock World ex U.S. Carbon Transition Readiness ETF,31/07/21,France — 9.4%,Credit Agricole SA,"52,752","7,35,548",,
LCTD,BlackRock World ex U.S. Carbon Transition Readiness ETF,31/07/21,France — 9.4%,Dassault Systemes SE,"27,888","15,38,363",,
LCTD,BlackRock World ex U.S. Carbon Transition Readiness ETF,31/07/21,France — 9.4%,Electricite de France SA,"45,024","5,46,571",,
LCTD,BlackRock World ex U.S. Carbon Transition Readiness ETF,31/07/21,France — 9.4%,Gecina SA,"2,520","3,99,649",,
LCTD,BlackRock World ex U.S. Carbon Transition Readiness ETF,31/07/21,France — 9.4%,Getlink SE,"1,15,920","18,56,874",,
LCTD,BlackRock World ex U.S. Carbon Transition Readiness ETF,31/07/21,France — 9.4%,Hermes International,336,"5,13,669",,
LCTD,BlackRock World ex U.S. Carbon Transition Readiness ETF,31/07/21,France — 9.4%,Ipsen SA,"7,560","8,07,865",,
LCTD,BlackRock World ex U.S. Carbon Transition Readiness ETF,31/07/21,France — 9.4%,Kering SA,"1,680","15,07,193",,
LCTD,BlackRock World ex U.S. Carbon Transition Readiness ETF,31/07/21,France — 9.4%,Klepierre SA,"24,024","5,81,668",,
LCTD,BlackRock World ex U.S. Carbon Transition Readiness ETF,31/07/21,France — 9.4%,La Francaise des Jeux SAEM,"30,912","16,52,610",,
LCTD,BlackRock World ex U.S. Carbon Transition Readiness ETF,31/07/21,France — 9.4%,Legrand SA,"35,616","40,13,776",,
LCTD,BlackRock World ex U.S. Carbon Transition Readiness ETF,31/07/21,France — 9.4%,L’Oreal SA,"5,208","23,82,626",,
LCTD,BlackRock World ex U.S. Carbon Transition Readiness ETF,31/07/21,France — 9.4%,LVMH Moet Hennessy Louis Vuitton SE,"7,896","63,22,067",,
LCTD,BlackRock World ex U.S. Carbon Transition Readiness ETF,31/07/21,France — 9.4%,Pernod Ricard SA,"1,680","3,70,787",,
LCTD,BlackRock World ex U.S. Carbon Transition Readiness ETF,31/07/21,France — 9.4%,Publicis Groupe SA,"5,880","3,71,208",,
LCTD,BlackRock World ex U.S. Carbon Transition Readiness ETF,31/07/21,France — 9.4%,Remy Cointreau SA,672,"1,47,619",,
LCTD,BlackRock World ex U.S. Carbon Transition Readiness ETF,31/07/21,France — 9.4%,Renault SA,"10,584","4,01,987",,
LCTD,BlackRock World ex U.S. Carbon Transition Readiness ETF,31/07/21,France — 9.4%,Sanofi,"41,832","43,11,758",,
LCTD,BlackRock World ex U.S. Carbon Transition Readiness ETF,31/07/21,France — 9.4%,Sartorius Stedim Biotech,672,"3,83,607",,
LCTD,BlackRock World ex U.S. Carbon Transition Readiness ETF,31/07/21,France — 9.4%,SEB SA,"1,848","3,07,060",,
LCTD,BlackRock World ex U.S. Carbon Transition Readiness ETF,31/07/21,France — 9.4%,Societe Generale SA,"34,104","9,98,760",,
LCTD,BlackRock World ex U.S. Carbon Transition Readiness ETF,31/07/21,France — 9.4%,Teleperformance,"5,208","21,96,717",,
LCTD,BlackRock World ex U.S. Carbon Transition Readiness ETF,31/07/21,France — 9.4%,Thales SA,"2,688","2,82,118",,
LCTD,BlackRock World ex U.S. Carbon Transition Readiness ETF,31/07/21,France — 9.4%,TotalEnergies SE,"90,384","39,41,349",,
LCTD,BlackRock World ex U.S. Carbon Transition Readiness ETF,31/07/21,France — 9.4%,Vinci SA,"7,056","7,47,050",,
LCTD,BlackRock World ex U.S. Carbon Transition Readiness ETF,31/07/21,France — 9.4%,Vivendi SE,"4,704","1,58,931",,
LCTD,BlackRock World ex U.S. Carbon Transition Readiness ETF,31/07/21,France — 9.4%,Worldline SA (a)(b),"25,872","24,21,620","5,68,28,627",
LCTD,BlackRock World ex U.S. Carbon Transition Readiness ETF,31/07/21,Germany — 6.8%,adidas AG,"4,872","17,68,309",,
LCTD,BlackRock World ex U.S. Carbon Transition Readiness ETF,31/07/21,Germany — 6.8%,"Allianz SE, Registered","10,584","26,30,794",,
LCTD,BlackRock World ex U.S. Carbon Transition Readiness ETF,31/07/21,Germany — 6.8%,BASF SE,"11,760","9,24,082",,
LCTD,BlackRock World ex U.S. Carbon Transition Readiness ETF,31/07/21,Germany — 6.8%,"Bayer AG, Registered","46,536","27,72,568",,
LCTD,BlackRock World ex U.S. Carbon Transition Readiness ETF,31/07/21,Germany — 6.8%,Bayerische Motoren Werke AG,"15,288","15,20,105",,
LCTD,BlackRock World ex U.S. Carbon Transition Readiness ETF,31/07/21,Germany — 6.8%,Bechtle AG,840,"1,73,446",,
LCTD,BlackRock World ex U.S. Carbon Transition Readiness ETF,31/07/21,Germany — 6.8%,Commerzbank AG,"18,112","1,16,640",,
LCTD,BlackRock World ex U.S. Carbon Transition Readiness ETF,31/07/21,Germany — 6.8%,"Daimler AG, Registered","37,128","33,13,281",,
LCTD,BlackRock World ex U.S. Carbon Transition Readiness ETF,31/07/21,Germany — 6.8%,Delivery Hero SE (a)(b),672,"1,00,459",,
LCTD,BlackRock World ex U.S. Carbon Transition Readiness ETF,31/07/21,Germany — 6.8%,"Deutsche Bank AG, Registered","60,480","7,62,426",,
LCTD,BlackRock World ex U.S. Carbon Transition Readiness ETF,31/07/21,Germany — 6.8%,Deutsche Boerse AG,"1,712","2,85,671",,
LCTD,BlackRock World ex U.S. Carbon Transition Readiness ETF,31/07/21,Germany — 6.8%,"Deutsche Post AG, Registered","2,688","1,82,169",,
LCTD,BlackRock World ex U.S. Carbon Transition Readiness ETF,31/07/21,Germany — 6.8%,"Deutsche Telekom AG, Registered","2,08,152","43,20,017",,
LCTD,BlackRock World ex U.S. Carbon Transition Readiness ETF,31/07/21,Germany — 6.8%,Evonik Industries AG,"1,848","64,255",,
LCTD,BlackRock World ex U.S. Carbon Transition Readiness ETF,31/07/21,Germany — 6.8%,Fresenius SE & Co. KGaA,"7,560","3,97,353",,
LCTD,BlackRock World ex U.S. Carbon Transition Readiness ETF,31/07/21,Germany — 6.8%,HeidelbergCement AG,"21,504","19,05,635",,
LCTD,BlackRock World ex U.S. Carbon Transition Readiness ETF,31/07/21,Germany — 6.8%,HelloFresh SE,"2,688","2,51,971",,
LCTD,BlackRock World ex U.S. Carbon Transition Readiness ETF,31/07/21,Germany — 6.8%,Henkel AG & Co. KGaA,"9,408","8,55,422",,
LCTD,BlackRock World ex U.S. Carbon Transition Readiness ETF,31/07/21,Germany — 6.8%,Infineon Technologies AG,"62,664","23,94,650",,
LCTD,BlackRock World ex U.S. Carbon Transition Readiness ETF,31/07/21,Germany — 6.8%,KION Group AG,"5,040","5,35,218",,
LCTD,BlackRock World ex U.S. Carbon Transition Readiness ETF,31/07/21,Germany — 6.8%,LANXESS AG,"5,208","3,77,182",,
LCTD,BlackRock World ex U.S. Carbon Transition Readiness ETF,31/07/21,Germany — 6.8%,"Muenchener Rueckversicherungs-Gesellschaft AG in Muenchen, Registered","3,192","8,61,278",,
LCTD,BlackRock World ex U.S. Carbon Transition Readiness ETF,31/07/21,Germany — 6.8%,SAP SE,"31,584","45,32,659",,
LCTD,BlackRock World ex U.S. Carbon Transition Readiness ETF,31/07/21,Germany — 6.8%,"Siemens AG, Registered","31,752","49,54,360",,
LCTD,BlackRock World ex U.S. Carbon Transition Readiness ETF,31/07/21,Germany — 6.8%,Siemens Healthineers AG,"10,584","6,98,770",,
LCTD,BlackRock World ex U.S. Carbon Transition Readiness ETF,31/07/21,Germany — 6.8%,Telefonica Deutschland Holding AG,"33,096","89,212",,
LCTD,BlackRock World ex U.S. Carbon Transition Readiness ETF,31/07/21,Germany — 6.8%,"United Internet AG, Registered","47,208","19,53,812",,
LCTD,BlackRock World ex U.S. Carbon Transition Readiness ETF,31/07/21,Germany — 6.8%,Volkswagen AG,"1,848","6,13,326",,
LCTD,BlackRock World ex U.S. Carbon Transition Readiness ETF,31/07/21,Germany — 6.8%,Zalando SE (a)(b),"17,808","19,78,688","4,13,33,758",
LCTD,BlackRock World ex U.S. Carbon Transition Readiness ETF,31/07/21,Hong Kong — 2.6%,AIA Group Ltd.,"5,37,600","64,32,793",,
LCTD,BlackRock World ex U.S. Carbon Transition Readiness ETF,31/07/21,Hong Kong — 2.6%,Bank of East Asia Ltd. (The),"67,200","1,10,721",,
LCTD,BlackRock World ex U.S. Carbon Transition Readiness ETF,31/07/21,Hong Kong — 2.6%,BOC Hong Kong Holdings Ltd.,"2,52,000","8,09,243",,
LCTD,BlackRock World ex U.S. Carbon Transition Readiness ETF,31/07/21,Hong Kong — 2.6%,Budweiser Brewing Co. APAC Ltd.,"5,88,000","16,40,998",,
LCTD,BlackRock World ex U.S. Carbon Transition Readiness ETF,31/07/21,Hong Kong — 2.6%,"Futu Holdings Ltd., ADR","4,368","4,47,545",,
LCTD,BlackRock World ex U.S. Carbon Transition Readiness ETF,31/07/21,Hong Kong — 2.6%,Galaxy Entertainment Group Ltd.,"13,000","88,102",,
LCTD,BlackRock World ex U.S. Carbon Transition Readiness ETF,31/07/21,Hong Kong — 2.6%,Hang Seng Bank Ltd.,"50,400","9,65,233",,
LCTD,BlackRock World ex U.S. Carbon Transition Readiness ETF,31/07/21,Hong Kong — 2.6%,"Melco Resorts & Entertainment Ltd., ADR","10,416","1,44,991",,
LCTD,BlackRock World ex U.S. Carbon Transition Readiness ETF,31/07/21,Hong Kong — 2.6%,MTR Corp. Ltd.,"3,57,500","21,19,492",,
LCTD,BlackRock World ex U.S. Carbon Transition Readiness ETF,31/07/21,Hong Kong — 2.6%,"Swire Pacific Ltd., Class A","1,24,000","7,70,267",,
LCTD,BlackRock World ex U.S. Carbon Transition Readiness ETF,31/07/21,Hong Kong — 2.6%,WH Group Ltd.,"10,08,000","8,35,195",,
LCTD,BlackRock World ex U.S. Carbon Transition Readiness ETF,31/07/21,Hong Kong — 2.6%,Wynn Macau Ltd.,"2,01,600","2,58,372",,
LCTD,BlackRock World ex U.S. Carbon Transition Readiness ETF,31/07/21,Hong Kong — 2.6%,Xinyi Glass Holdings Ltd.,"3,36,000","12,55,753","1,58,78,705",
LCTD,BlackRock World ex U.S. Carbon Transition Readiness ETF,31/07/21,Ireland — 0.1%,"Kerry Group PLC, Class A","3,528","5,23,136",,
LCTD,BlackRock World ex U.S. Carbon Transition Readiness ETF,31/07/21,Ireland — 0.1%,Smurfit Kappa Group PLC,"4,368","2,46,416","7,69,552",
LCTD,BlackRock World ex U.S. Carbon Transition Readiness ETF,31/07/21,Israel — 0.4%,Bank Hapoalim BM,"37,128","2,95,462",,
LCTD,BlackRock World ex U.S. Carbon Transition Readiness ETF,31/07/21,Israel — 0.4%,Bank Leumi Le-Israel BM,"46,032","3,51,739",,
LCTD,BlackRock World ex U.S. Carbon Transition Readiness ETF,31/07/21,Israel — 0.4%,"Israel Discount Bank Ltd., Class A","26,880","1,25,919",,
LCTD,BlackRock World ex U.S. Carbon Transition Readiness ETF,31/07/21,Israel — 0.4%,Mizrahi Tefahot Bank Ltd.,"3,360","1,01,827",,
LCTD,BlackRock World ex U.S. Carbon Transition Readiness ETF,31/07/21,Israel — 0.4%,Nice Ltd.,"3,528","9,81,782",,
LCTD,BlackRock World ex U.S. Carbon Transition Readiness ETF,31/07/21,Israel — 0.4%,"Teva Pharmaceutical Industries Ltd., ADR","45,024","4,34,482",,
LCTD,BlackRock World ex U.S. Carbon Transition Readiness ETF,31/07/21,Israel — 0.4%,Wix.com Ltd.,840,"2,50,858","25,42,069",
LCTD,BlackRock World ex U.S. Carbon Transition Readiness ETF,31/07/21,Italy — 1.9%,Amplifon SpA,"23,520","11,61,523",,
LCTD,BlackRock World ex U.S. Carbon Transition Readiness ETF,31/07/21,Italy — 1.9%,Assicurazioni Generali SpA,"17,640","3,51,709",,
LCTD,BlackRock World ex U.S. Carbon Transition Readiness ETF,31/07/21,Italy — 1.9%,Atlantia SpA,"66,024","11,97,575",,
LCTD,BlackRock World ex U.S. Carbon Transition Readiness ETF,31/07/21,Italy — 1.9%,CNH Industrial NV,"32,592","5,44,207",,
LCTD,BlackRock World ex U.S. Carbon Transition Readiness ETF,31/07/21,Italy — 1.9%,Enel SpA,"6,68,976","61,64,967",,
LCTD,BlackRock World ex U.S. Carbon Transition Readiness ETF,31/07/21,Italy — 1.9%,Intesa Sanpaolo SpA,"4,72,920","13,06,463",,
LCTD,BlackRock World ex U.S. Carbon Transition Readiness ETF,31/07/21,Italy — 1.9%,Poste Italiane SpA,"10,080","1,33,383",,
LCTD,BlackRock World ex U.S. Carbon Transition Readiness ETF,31/07/21,Italy — 1.9%,UniCredit SpA,"74,592","8,92,222","1,17,52,049",
LCTD,BlackRock World ex U.S. Carbon Transition Readiness ETF,31/07/21,Japan — 20.4%,Advantest Corp.,"5,100","4,50,233",,
LCTD,BlackRock World ex U.S. Carbon Transition Readiness ETF,31/07/21,Japan — 20.4%,Aeon Co. Ltd.,"2,400","65,676",,
LCTD,BlackRock World ex U.S. Carbon Transition Readiness ETF,31/07/21,Japan — 20.4%,Ajinomoto Co. Inc.,"47,300","12,05,057",,
LCTD,BlackRock World ex U.S. Carbon Transition Readiness ETF,31/07/21,Japan — 20.4%,Asahi Kasei Corp.,"16,800","1,83,203",,
LCTD,BlackRock World ex U.S. Carbon Transition Readiness ETF,31/07/21,Japan — 20.4%,Astellas Pharma Inc.,"1,39,800","22,26,647",,
LCTD,BlackRock World ex U.S. Carbon Transition Readiness ETF,31/07/21,Japan — 20.4%,Capcom Co. Ltd.,"3,300","90,736",,
LCTD,BlackRock World ex U.S. Carbon Transition Readiness ETF,31/07/21,Japan — 20.4%,Central Japan Railway Co.,"16,800","24,43,806",,
LCTD,BlackRock World ex U.S. Carbon Transition Readiness ETF,31/07/21,Japan — 20.4%,Chugai Pharmaceutical Co. Ltd.,"26,600","9,80,223",,
LCTD,BlackRock World ex U.S. Carbon Transition Readiness ETF,31/07/21,Japan — 20.4%,Daifuku Co. Ltd.,"12,100","10,84,272",,
LCTD,BlackRock World ex U.S. Carbon Transition Readiness ETF,31/07/21,Japan — 20.4%,Dai-ichi Life Holdings Inc.,"33,600","6,18,409",,
LCTD,BlackRock World ex U.S. Carbon Transition Readiness ETF,31/07/21,Japan — 20.4%,Daiichi Sankyo Co. Ltd.,"63,600","12,59,553",,
LCTD,BlackRock World ex U.S. Carbon Transition Readiness ETF,31/07/21,Japan — 20.4%,Daikin Industries Ltd.,"15,800","32,99,556",,
LCTD,BlackRock World ex U.S. Carbon Transition Readiness ETF,31/07/21,Japan — 20.4%,Daiwa House REIT Investment Corp.,336,"10,00,372",,
LCTD,BlackRock World ex U.S. Carbon Transition Readiness ETF,31/07/21,Japan — 20.4%,Denso Corp.,"6,100","4,19,077",,
LCTD,BlackRock World ex U.S. Carbon Transition Readiness ETF,31/07/21,Japan — 20.4%,Eisai Co. Ltd.,"9,800","8,06,077",,
LCTD,BlackRock World ex U.S. Carbon Transition Readiness ETF,31/07/21,Japan — 20.4%,ENEOS Holdings Inc.,"4,50,300","18,91,527",,
LCTD,BlackRock World ex U.S. Carbon Transition Readiness ETF,31/07/21,Japan — 20.4%,Fast Retailing Co. Ltd.,"1,700","11,52,945",,
LCTD,BlackRock World ex U.S. Carbon Transition Readiness ETF,31/07/21,Japan — 20.4%,FUJIFILM Holdings Corp.,"41,100","29,49,452",,
LCTD,BlackRock World ex U.S. Carbon Transition Readiness ETF,31/07/21,Japan — 20.4%,Fujitsu Ltd.,"19,100","32,49,491",,
LCTD,BlackRock World ex U.S. Carbon Transition Readiness ETF,31/07/21,Japan — 20.4%,Hankyu Hanshin Holdings Inc.,"42,000","12,41,972",,
LCTD,BlackRock World ex U.S. Carbon Transition Readiness ETF,31/07/21,Japan — 20.4%,Honda Motor Co. Ltd.,"1,00,800","32,37,481",,
LCTD,BlackRock World ex U.S. Carbon Transition Readiness ETF,31/07/21,Japan — 20.4%,Ito En Ltd.,"1,800","1,06,207",,
LCTD,BlackRock World ex U.S. Carbon Transition Readiness ETF,31/07/21,Japan — 20.4%,Japan Metropolitan Fund Invest,336,"3,51,972",,
LCTD,BlackRock World ex U.S. Carbon Transition Readiness ETF,31/07/21,Japan — 20.4%,Japan Post Holdings Co. Ltd.,"50,400","4,27,817",,
LCTD,BlackRock World ex U.S. Carbon Transition Readiness ETF,31/07/21,Japan — 20.4%,Japan Real Estate Investment Corp.,168,"10,55,115",,
LCTD,BlackRock World ex U.S. Carbon Transition Readiness ETF,31/07/21,Japan — 20.4%,Kajima Corp.,"11,400","1,46,750",,
LCTD,BlackRock World ex U.S. Carbon Transition Readiness ETF,31/07/21,Japan — 20.4%,Komatsu Ltd.,"50,400","12,62,975",,
LCTD,BlackRock World ex U.S. Carbon Transition Readiness ETF,31/07/21,Japan — 20.4%,Kubota Corp.,"33,600","7,02,625",,
LCTD,BlackRock World ex U.S. Carbon Transition Readiness ETF,31/07/21,Japan — 20.4%,Kurita Water Industries Ltd.,"48,000","23,31,290",,
LCTD,BlackRock World ex U.S. Carbon Transition Readiness ETF,31/07/21,Japan — 20.4%,M3 Inc.,"17,900","11,70,780",,
LCTD,BlackRock World ex U.S. Carbon Transition Readiness ETF,31/07/21,Japan — 20.4%,Mazda Motor Corp.,"27,200","2,68,325",,
LCTD,BlackRock World ex U.S. Carbon Transition Readiness ETF,31/07/21,Japan — 20.4%,Misumi Group Inc.,"24,800","8,64,408",,
LCTD,BlackRock World ex U.S. Carbon Transition Readiness ETF,31/07/21,Japan — 20.4%,Mitsubishi Electric Corp.,"1,34,400","18,23,437",,
LCTD,BlackRock World ex U.S. Carbon Transition Readiness ETF,31/07/21,Japan — 20.4%,Mitsubishi Heavy Industries Ltd.,"50,400","14,56,218",,
LCTD,BlackRock World ex U.S. Carbon Transition Readiness ETF,31/07/21,Japan — 20.4%,Mitsubishi UFJ Financial Group Inc.,"3,52,800","18,63,728",,
LCTD,BlackRock World ex U.S. Carbon Transition Readiness ETF,31/07/21,Japan — 20.4%,Miura Co. Ltd.,"1,600","70,654",,
LCTD,BlackRock World ex U.S. Carbon Transition Readiness ETF,31/07/21,Japan — 20.4%,Mizuho Financial Group Inc.,"16,800","2,40,065",,
LCTD,BlackRock World ex U.S. Carbon Transition Readiness ETF,31/07/21,Japan — 20.4%,Nabtesco Corp.,"16,800","6,36,324",,
LCTD,BlackRock World ex U.S. Carbon Transition Readiness ETF,31/07/21,Japan — 20.4%,Nidec Corp.,"34,300","38,49,952",,
LCTD,BlackRock World ex U.S. Carbon Transition Readiness ETF,31/07/21,Japan — 20.4%,Nihon M&A Center Inc.,"16,800","4,67,863",,
LCTD,BlackRock World ex U.S. Carbon Transition Readiness ETF,31/07/21,Japan — 20.4%,Nintendo Co. Ltd.,"8,100","41,64,234",,
LCTD,BlackRock World ex U.S. Carbon Transition Readiness ETF,31/07/21,Japan — 20.4%,Nippon Building Fund Inc.,168,"10,85,725",,
LCTD,BlackRock World ex U.S. Carbon Transition Readiness ETF,31/07/21,Japan — 20.4%,Nippon Express Co. Ltd.,"17,900","13,07,590",,
LCTD,BlackRock World ex U.S. Carbon Transition Readiness ETF,31/07/21,Japan — 20.4%,Nippon Paint Holdings Co. Ltd.,"50,400","6,43,315",,
LCTD,BlackRock World ex U.S. Carbon Transition Readiness ETF,31/07/21,Japan — 20.4%,Nippon Prologis REIT Inc.,504,"16,83,140",,
LCTD,BlackRock World ex U.S. Carbon Transition Readiness ETF,31/07/21,Japan — 20.4%,Nippon Shinyaku Co. Ltd.,"16,800","12,63,888",,
LCTD,BlackRock World ex U.S. Carbon Transition Readiness ETF,31/07/21,Japan — 20.4%,Nippon Steel Corp.,"18,100","3,13,986",,
LCTD,BlackRock World ex U.S. Carbon Transition Readiness ETF,31/07/21,Japan — 20.4%,Nippon Telegraph & Telephone Corp.,"1,36,500","34,95,507",,
LCTD,BlackRock World ex U.S. Carbon Transition Readiness ETF,31/07/21,Japan — 20.4%,Nissan Chemical Corp.,"7,400","3,62,701",,
LCTD,BlackRock World ex U.S. Carbon Transition Readiness ETF,31/07/21,Japan — 20.4%,Nissan Motor Co. Ltd.,"39,100","2,26,930",,
LCTD,BlackRock World ex U.S. Carbon Transition Readiness ETF,31/07/21,Japan — 20.4%,Nisshin Seifun Group Inc.,"1,00,800","16,25,157",,
LCTD,BlackRock World ex U.S. Carbon Transition Readiness ETF,31/07/21,Japan — 20.4%,Nitto Denko Corp.,"6,600","4,90,370",,
LCTD,BlackRock World ex U.S. Carbon Transition Readiness ETF,31/07/21,Japan — 20.4%,Nomura Holdings Inc.,"1,00,800","5,04,764",,
LCTD,BlackRock World ex U.S. Carbon Transition Readiness ETF,31/07/21,Japan — 20.4%,Nomura Real Estate Master Fund Inc.,504,"8,00,843",,
LCTD,BlackRock World ex U.S. Carbon Transition Readiness ETF,31/07/21,Japan — 20.4%,Nomura Research Institute Ltd.,"33,600","10,81,243",,
LCTD,BlackRock World ex U.S. Carbon Transition Readiness ETF,31/07/21,Japan — 20.4%,NTT Data Corp.,"50,400","7,80,672",,
LCTD,BlackRock World ex U.S. Carbon Transition Readiness ETF,31/07/21,Japan — 20.4%,Obayashi Corp.,"1,56,200","12,77,287",,
LCTD,BlackRock World ex U.S. Carbon Transition Readiness ETF,31/07/21,Japan — 20.4%,Olympus Corp.,"66,700","13,72,642",,
LCTD,BlackRock World ex U.S. Carbon Transition Readiness ETF,31/07/21,Japan — 20.4%,Omron Corp.,"42,400","36,28,381",,
LCTD,BlackRock World ex U.S. Carbon Transition Readiness ETF,31/07/21,Japan — 20.4%,Ono Pharmaceutical Co. Ltd.,"1,11,800","25,52,187",,
LCTD,BlackRock World ex U.S. Carbon Transition Readiness ETF,31/07/21,Japan — 20.4%,Oriental Land Co. Ltd.,"8,400","11,50,803",,
LCTD,BlackRock World ex U.S. Carbon Transition Readiness ETF,31/07/21,Japan — 20.4%,ORIX Corp.,"50,400","8,81,768",,
LCTD,BlackRock World ex U.S. Carbon Transition Readiness ETF,31/07/21,Japan — 20.4%,Orix JREIT Inc.,504,"9,61,674",,
LCTD,BlackRock World ex U.S. Carbon Transition Readiness ETF,31/07/21,Japan — 20.4%,Otsuka Corp.,"6,300","3,27,352",,
LCTD,BlackRock World ex U.S. Carbon Transition Readiness ETF,31/07/21,Japan — 20.4%,Panasonic Corp.,"1,83,200","22,12,152",,
LCTD,BlackRock World ex U.S. Carbon Transition Readiness ETF,31/07/21,Japan — 20.4%,Pigeon Corp.,"17,200","4,95,243",,
LCTD,BlackRock World ex U.S. Carbon Transition Readiness ETF,31/07/21,Japan — 20.4%,Recruit Holdings Co. Ltd.,"50,400","26,12,263",,
LCTD,BlackRock World ex U.S. Carbon Transition Readiness ETF,31/07/21,Japan — 20.4%,Renesas Electronics Corp.,"12,800","1,38,927",,
LCTD,BlackRock World ex U.S. Carbon Transition Readiness ETF,31/07/21,Japan — 20.4%,Ryohin Keikaku Co. Ltd.,"75,300","15,27,549",,
LCTD,BlackRock World ex U.S. Carbon Transition Readiness ETF,31/07/21,Japan — 20.4%,Sekisui Chemical Co. Ltd.,"2,44,800","42,24,135",,
LCTD,BlackRock World ex U.S. Carbon Transition Readiness ETF,31/07/21,Japan — 20.4%,Sekisui House Ltd.,"94,700","18,75,580",,
LCTD,BlackRock World ex U.S. Carbon Transition Readiness ETF,31/07/21,Japan — 20.4%,Shimadzu Corp.,"23,100","9,31,634",,
LCTD,BlackRock World ex U.S. Carbon Transition Readiness ETF,31/07/21,Japan — 20.4%,Shimizu Corp.,"29,600","2,17,990",,
LCTD,BlackRock World ex U.S. Carbon Transition Readiness ETF,31/07/21,Japan — 20.4%,Shin-Etsu Chemical Co. Ltd.,"8,200","13,37,659",,
LCTD,BlackRock World ex U.S. Carbon Transition Readiness ETF,31/07/21,Japan — 20.4%,Shiseido Co. Ltd.,"38,400","25,66,490",,
LCTD,BlackRock World ex U.S. Carbon Transition Readiness ETF,31/07/21,Japan — 20.4%,Softbank Corp.,"26,400","3,44,816",,
LCTD,BlackRock World ex U.S. Carbon Transition Readiness ETF,31/07/21,Japan — 20.4%,SoftBank Group Corp.,"16,800","10,56,479",,
LCTD,BlackRock World ex U.S. Carbon Transition Readiness ETF,31/07/21,Japan — 20.4%,Sony Group Corp.,"30,300","31,65,334",,
LCTD,BlackRock World ex U.S. Carbon Transition Readiness ETF,31/07/21,Japan — 20.4%,Subaru Corp.,"3,400","66,800",,
LCTD,BlackRock World ex U.S. Carbon Transition Readiness ETF,31/07/21,Japan — 20.4%,SUMCO Corp.,"72,100","16,67,552",,
LCTD,BlackRock World ex U.S. Carbon Transition Readiness ETF,31/07/21,Japan — 20.4%,Sumitomo Dainippon Pharma Co. Ltd.,"46,600","8,06,892",,
LCTD,BlackRock World ex U.S. Carbon Transition Readiness ETF,31/07/21,Japan — 20.4%,Sumitomo Metal Mining Co. Ltd.,"34,900","14,14,405",,
LCTD,BlackRock World ex U.S. Carbon Transition Readiness ETF,31/07/21,Japan — 20.4%,Sumitomo Mitsui Financial Group Inc.,"33,600","11,32,624",,
LCTD,BlackRock World ex U.S. Carbon Transition Readiness ETF,31/07/21,Japan — 20.4%,Sysmex Corp.,"4,700","5,59,256",,
LCTD,BlackRock World ex U.S. Carbon Transition Readiness ETF,31/07/21,Japan — 20.4%,Tokio Marine Holdings Inc.,"2,900","1,38,217",,
LCTD,BlackRock World ex U.S. Carbon Transition Readiness ETF,31/07/21,Japan — 20.4%,Tokyo Electron Ltd.,800,"3,29,940",,
LCTD,BlackRock World ex U.S. Carbon Transition Readiness ETF,31/07/21,Japan — 20.4%,Tokyu Corp.,"62,700","8,40,349",,
LCTD,BlackRock World ex U.S. Carbon Transition Readiness ETF,31/07/21,Japan — 20.4%,Toray Industries Inc.,"84,000","5,53,071",,
LCTD,BlackRock World ex U.S. Carbon Transition Readiness ETF,31/07/21,Japan — 20.4%,Toshiba Corp.,"36,300","15,62,405",,
LCTD,BlackRock World ex U.S. Carbon Transition Readiness ETF,31/07/21,Japan — 20.4%,Toyo Suisan Kaisha Ltd.,"5,000","1,90,887",,
LCTD,BlackRock World ex U.S. Carbon Transition Readiness ETF,31/07/21,Japan — 20.4%,Toyota Motor Corp.,"1,03,700","93,09,717",,
LCTD,BlackRock World ex U.S. Carbon Transition Readiness ETF,31/07/21,Japan — 20.4%,United Urban Investment Corp.,504,"7,41,373",,
LCTD,BlackRock World ex U.S. Carbon Transition Readiness ETF,31/07/21,Japan — 20.4%,Z Holdings Corp.,"1,53,100","7,66,293","12,37,20,461",
LCTD,BlackRock World ex U.S. Carbon Transition Readiness ETF,31/07/21,Netherlands — 5.0%,Aegon NV,"88,032","3,74,805",,
LCTD,BlackRock World ex U.S. Carbon Transition Readiness ETF,31/07/21,Netherlands — 5.0%,Akzo Nobel NV,"55,440","68,48,349",,
LCTD,BlackRock World ex U.S. Carbon Transition Readiness ETF,31/07/21,Netherlands — 5.0%,ArcelorMittal SA,"16,296","5,69,145",,
LCTD,BlackRock World ex U.S. Carbon Transition Readiness ETF,31/07/21,Netherlands — 5.0%,ASML Holding NV,"11,928","91,17,569",,
LCTD,BlackRock World ex U.S. Carbon Transition Readiness ETF,31/07/21,Netherlands — 5.0%,EXOR NV,"4,200","3,45,054",,
LCTD,BlackRock World ex U.S. Carbon Transition Readiness ETF,31/07/21,Netherlands — 5.0%,ING Groep NV,"1,28,184","16,44,690",,
LCTD,BlackRock World ex U.S. Carbon Transition Readiness ETF,31/07/21,Netherlands — 5.0%,Koninklijke Ahold Delhaize NV,"50,064","15,56,231",,
LCTD,BlackRock World ex U.S. Carbon Transition Readiness ETF,31/07/21,Netherlands — 5.0%,Koninklijke DSM NV,"12,936","26,07,656",,
LCTD,BlackRock World ex U.S. Carbon Transition Readiness ETF,31/07/21,Netherlands — 5.0%,Koninklijke Philips NV,"36,792","16,96,458",,
LCTD,BlackRock World ex U.S. Carbon Transition Readiness ETF,31/07/21,Netherlands — 5.0%,Koninklijke Vopak NV,"4,604","1,94,945",,
LCTD,BlackRock World ex U.S. Carbon Transition Readiness ETF,31/07/21,Netherlands — 5.0%,Prosus NV,"13,104","11,69,118",,
LCTD,BlackRock World ex U.S. Carbon Transition Readiness ETF,31/07/21,Netherlands — 5.0%,"Royal Dutch Shell PLC, Class A","1,34,400","27,01,568",,
LCTD,BlackRock World ex U.S. Carbon Transition Readiness ETF,31/07/21,Netherlands — 5.0%,"Royal Dutch Shell PLC, Class B","87,528","17,29,481","3,05,55,069",
LCTD,BlackRock World ex U.S. Carbon Transition Readiness ETF,31/07/21,New Zealand — 0.1%,a2 Milk Co. Ltd. (The),"57,590","2,50,394",,
LCTD,BlackRock World ex U.S. Carbon Transition Readiness ETF,31/07/21,New Zealand — 0.1%,Mercury NZ Ltd.,"53,256","2,45,033",,
LCTD,BlackRock World ex U.S. Carbon Transition Readiness ETF,31/07/21,New Zealand — 0.1%,Meridian Energy Ltd.,"20,328","73,910","5,69,337",
LCTD,BlackRock World ex U.S. Carbon Transition Readiness ETF,31/07/21,Norway — 0.6%,DNB Bank ASA,"14,616","2,99,525",,
LCTD,BlackRock World ex U.S. Carbon Transition Readiness ETF,31/07/21,Norway — 0.6%,Norsk Hydro ASA,"4,61,664","30,71,447",,
LCTD,BlackRock World ex U.S. Carbon Transition Readiness ETF,31/07/21,Norway — 0.6%,Orkla ASA,"56,280","5,11,158","38,82,130",
LCTD,BlackRock World ex U.S. Carbon Transition Readiness ETF,31/07/21,Portugal — 0.2%,Galp Energia SGPS SA,"97,776","9,53,484","9,53,484",
LCTD,BlackRock World ex U.S. Carbon Transition Readiness ETF,31/07/21,Singapore — 1.0%,CapitaLand Integrated Commercial Trust,"69,600","1,10,287",,
LCTD,BlackRock World ex U.S. Carbon Transition Readiness ETF,31/07/21,Singapore — 1.0%,DBS Group Holdings Ltd.,"57,100","12,77,689",,
LCTD,BlackRock World ex U.S. Carbon Transition Readiness ETF,31/07/21,Singapore — 1.0%,Keppel Corp. Ltd.,"6,90,100","27,89,927",,
LCTD,BlackRock World ex U.S. Carbon Transition Readiness ETF,31/07/21,Singapore — 1.0%,Mapletree Commercial Trust,"45,000","71,643",,
LCTD,BlackRock World ex U.S. Carbon Transition Readiness ETF,31/07/21,Singapore — 1.0%,Oversea-Chinese Banking Corp. Ltd.,"1,00,800","9,11,961",,
LCTD,BlackRock World ex U.S. Carbon Transition Readiness ETF,31/07/21,Singapore — 1.0%,United Overseas Bank Ltd.,"33,600","6,49,608","58,11,115",
LCTD,BlackRock World ex U.S. Carbon Transition Readiness ETF,31/07/21,Spain — 2.5%,Amadeus IT Group SA,"21,000","13,77,196",,
LCTD,BlackRock World ex U.S. Carbon Transition Readiness ETF,31/07/21,Spain — 2.5%,Banco Bilbao Vizcaya Argentaria SA,"2,50,824","16,05,644",,
LCTD,BlackRock World ex U.S. Carbon Transition Readiness ETF,31/07/21,Spain — 2.5%,Banco Santander SA,"6,44,784","23,61,942",,
LCTD,BlackRock World ex U.S. Carbon Transition Readiness ETF,31/07/21,Spain — 2.5%,CaixaBank SA,"1,43,136","4,25,101",,
LCTD,BlackRock World ex U.S. Carbon Transition Readiness ETF,31/07/21,Spain — 2.5%,Iberdrola SA,"5,05,407","60,82,615",,
LCTD,BlackRock World ex U.S. Carbon Transition Readiness ETF,31/07/21,Spain — 2.5%,Industria de Diseno Textil SA,"18,816","6,38,170",,
LCTD,BlackRock World ex U.S. Carbon Transition Readiness ETF,31/07/21,Spain — 2.5%,Repsol SA,"12,432","1,36,167",,
LCTD,BlackRock World ex U.S. Carbon Transition Readiness ETF,31/07/21,Spain — 2.5%,Siemens Gamesa Renewable Energy SA,"51,408","14,33,710",,
LCTD,BlackRock World ex U.S. Carbon Transition Readiness ETF,31/07/21,Spain — 2.5%,Telefonica SA,"2,25,792","10,32,964","1,50,93,509",
LCTD,BlackRock World ex U.S. Carbon Transition Readiness ETF,31/07/21,Sweden — 4.2%,Alfa Laval AB,"22,008","9,19,074",,
LCTD,BlackRock World ex U.S. Carbon Transition Readiness ETF,31/07/21,Sweden — 4.2%,"Assa Abloy AB, Class B","43,853","14,06,641",,
LCTD,BlackRock World ex U.S. Carbon Transition Readiness ETF,31/07/21,Sweden — 4.2%,"Atlas Copco AB, Class A","35,448","24,00,716",,
LCTD,BlackRock World ex U.S. Carbon Transition Readiness ETF,31/07/21,Sweden — 4.2%,"Atlas Copco AB, Class B","2,688","1,52,835",,
LCTD,BlackRock World ex U.S. Carbon Transition Readiness ETF,31/07/21,Sweden — 4.2%,Boliden AB,"40,824","15,90,991",,
LCTD,BlackRock World ex U.S. Carbon Transition Readiness ETF,31/07/21,Sweden — 4.2%,"Electrolux AB, Series B","68,712","18,04,607",,
LCTD,BlackRock World ex U.S. Carbon Transition Readiness ETF,31/07/21,Sweden — 4.2%,EQT AB,"7,728","3,72,506",,
LCTD,BlackRock World ex U.S. Carbon Transition Readiness ETF,31/07/21,Sweden — 4.2%,Evolution AB,"7,056","12,27,746",,
LCTD,BlackRock World ex U.S. Carbon Transition Readiness ETF,31/07/21,Sweden — 4.2%,"Fastighets AB Balder, Class B","13,272","9,15,881",,
LCTD,BlackRock World ex U.S. Carbon Transition Readiness ETF,31/07/21,Sweden — 4.2%,"H & M Hennes & Mauritz AB, Class B","4,003","83,690",,
LCTD,BlackRock World ex U.S. Carbon Transition Readiness ETF,31/07/21,Sweden — 4.2%,"Hexagon AB, Class B","3,16,848","52,44,975",,
LCTD,BlackRock World ex U.S. Carbon Transition Readiness ETF,31/07/21,Sweden — 4.2%,"Husqvarna AB, Class B","62,664","8,76,897",,
LCTD,BlackRock World ex U.S. Carbon Transition Readiness ETF,31/07/21,Sweden — 4.2%,ICA Gruppen AB,"88,536","43,76,199",,
LCTD,BlackRock World ex U.S. Carbon Transition Readiness ETF,31/07/21,Sweden — 4.2%,"Investor AB, Class B","4,704","1,16,492",,
LCTD,BlackRock World ex U.S. Carbon Transition Readiness ETF,31/07/21,Sweden — 4.2%,Lundin Energy AB,"27,216","8,48,441",,
LCTD,BlackRock World ex U.S. Carbon Transition Readiness ETF,31/07/21,Sweden — 4.2%,"Skanska AB, Class B","16,464","4,64,773",,
LCTD,BlackRock World ex U.S. Carbon Transition Readiness ETF,31/07/21,Sweden — 4.2%,"Telefonaktiebolaget LM Ericsson, Class B","1,19,616","13,79,672",,
LCTD,BlackRock World ex U.S. Carbon Transition Readiness ETF,31/07/21,Sweden — 4.2%,"Volvo AB, Class B","42,840","10,10,242","2,51,92,378",
LCTD,BlackRock World ex U.S. Carbon Transition Readiness ETF,31/07/21,Switzerland — 9.1%,"Adecco Group AG, Registered","2,184","1,30,791",,
LCTD,BlackRock World ex U.S. Carbon Transition Readiness ETF,31/07/21,Switzerland — 9.1%,"Chocoladefabriken Lindt & Spruengli AG, Participation Certificates, NVS",168,"18,82,431",,
LCTD,BlackRock World ex U.S. Carbon Transition Readiness ETF,31/07/21,Switzerland — 9.1%,"Chocoladefabriken Lindt & Spruengli AG, Registered",1,"1,15,913",,
LCTD,BlackRock World ex U.S. Carbon Transition Readiness ETF,31/07/21,Switzerland — 9.1%,"Credit Suisse Group AG, Registered","98,952","9,93,409",,
LCTD,BlackRock World ex U.S. Carbon Transition Readiness ETF,31/07/21,Switzerland — 9.1%,"Geberit AG, Registered","3,192","26,20,880",,
LCTD,BlackRock World ex U.S. Carbon Transition Readiness ETF,31/07/21,Switzerland — 9.1%,"Givaudan SA, Registered","1,008","50,31,173",,
LCTD,BlackRock World ex U.S. Carbon Transition Readiness ETF,31/07/21,Switzerland — 9.1%,Holcim Ltd.,"55,608","32,59,805",,
LCTD,BlackRock World ex U.S. Carbon Transition Readiness ETF,31/07/21,Switzerland — 9.1%,Julius Baer Group Ltd.,"8,232","5,43,328",,
LCTD,BlackRock World ex U.S. Carbon Transition Readiness ETF,31/07/21,Switzerland — 9.1%,"Kuehne + Nagel International AG, Registered",672,"2,26,688",,
LCTD,BlackRock World ex U.S. Carbon Transition Readiness ETF,31/07/21,Switzerland — 9.1%,"Nestle SA, Registered","85,680","1,08,49,629",,
LCTD,BlackRock World ex U.S. Carbon Transition Readiness ETF,31/07/21,Switzerland — 9.1%,"Novartis AG, Registered","74,592","68,98,147",,
LCTD,BlackRock World ex U.S. Carbon Transition Readiness ETF,31/07/21,Switzerland — 9.1%,Partners Group Holding AG,545,"9,31,058",,
LCTD,BlackRock World ex U.S. Carbon Transition Readiness ETF,31/07/21,Switzerland — 9.1%,"Roche Holding AG, NVS","26,712","1,03,19,168",,
LCTD,BlackRock World ex U.S. Carbon Transition Readiness ETF,31/07/21,Switzerland — 9.1%,Siemens Energy AG,"41,664","11,33,462",,
LCTD,BlackRock World ex U.S. Carbon Transition Readiness ETF,31/07/21,Switzerland — 9.1%,"Sonova Holding AG, Registered","1,680","6,59,627",,
LCTD,BlackRock World ex U.S. Carbon Transition Readiness ETF,31/07/21,Switzerland — 9.1%,STMicroelectronics NV,"38,136","15,69,439",,
LCTD,BlackRock World ex U.S. Carbon Transition Readiness ETF,31/07/21,Switzerland — 9.1%,"Swiss Life Holding AG, Registered",504,"2,59,965",,
LCTD,BlackRock World ex U.S. Carbon Transition Readiness ETF,31/07/21,Switzerland — 9.1%,"Swiss Prime Site AG, Registered","18,480","19,67,803",,
LCTD,BlackRock World ex U.S. Carbon Transition Readiness ETF,31/07/21,Switzerland — 9.1%,Swiss Re AG,"9,576","8,68,165",,
LCTD,BlackRock World ex U.S. Carbon Transition Readiness ETF,31/07/21,Switzerland — 9.1%,"Temenos AG, Registered","5,544","8,80,656",,
LCTD,BlackRock World ex U.S. Carbon Transition Readiness ETF,31/07/21,Switzerland — 9.1%,"UBS Group AG, Registered","1,26,840","20,89,787",,
LCTD,BlackRock World ex U.S. Carbon Transition Readiness ETF,31/07/21,Switzerland — 9.1%,Zurich Insurance Group AG,"4,200","16,93,334","5,49,24,658",
LCTD,BlackRock World ex U.S. Carbon Transition Readiness ETF,31/07/21,United Kingdom — 11.2%,3i Group PLC,"27,888","4,95,659",,
LCTD,BlackRock World ex U.S. Carbon Transition Readiness ETF,31/07/21,United Kingdom — 11.2%,Abrdn PLC,"91,896","3,62,524",,
LCTD,BlackRock World ex U.S. Carbon Transition Readiness ETF,31/07/21,United Kingdom — 11.2%,Antofagasta PLC,"8,736","1,81,388",,
LCTD,BlackRock World ex U.S. Carbon Transition Readiness ETF,31/07/21,United Kingdom — 11.2%,AstraZeneca PLC,"40,992","47,10,386",,
LCTD,BlackRock World ex U.S. Carbon Transition Readiness ETF,31/07/21,United Kingdom — 11.2%,Auto Trader Group PLC (a)(b),"2,12,856","19,28,509",,
LCTD,BlackRock World ex U.S. Carbon Transition Readiness ETF,31/07/21,United Kingdom — 11.2%,Aviva PLC,"1,60,104","8,59,861",,
LCTD,BlackRock World ex U.S. Carbon Transition Readiness ETF,31/07/21,United Kingdom — 11.2%,Barclays PLC,"7,47,936","18,09,317",,
LCTD,BlackRock World ex U.S. Carbon Transition Readiness ETF,31/07/21,United Kingdom — 11.2%,Berkeley Group Holdings PLC,"26,208","17,64,531",,
LCTD,BlackRock World ex U.S. Carbon Transition Readiness ETF,31/07/21,United Kingdom — 11.2%,BP PLC,"5,74,056","23,04,275",,
LCTD,BlackRock World ex U.S. Carbon Transition Readiness ETF,31/07/21,United Kingdom — 11.2%,British Land Co. PLC (The),"33,096","2,34,317",,
LCTD,BlackRock World ex U.S. Carbon Transition Readiness ETF,31/07/21,United Kingdom — 11.2%,BT Group PLC,"6,70,992","16,16,242",,
LCTD,BlackRock World ex U.S. Carbon Transition Readiness ETF,31/07/21,United Kingdom — 11.2%,Coca-Cola Europacific Partners PLC,"33,264","20,64,364",,
LCTD,BlackRock World ex U.S. Carbon Transition Readiness ETF,31/07/21,United Kingdom — 11.2%,Diageo PLC,"25,368","12,57,904",,
LCTD,BlackRock World ex U.S. Carbon Transition Readiness ETF,31/07/21,United Kingdom — 11.2%,Entain PLC,"29,232","7,37,123",,
LCTD,BlackRock World ex U.S. Carbon Transition Readiness ETF,31/07/21,United Kingdom — 11.2%,Experian PLC,"29,232","12,86,962",,
LCTD,BlackRock World ex U.S. Carbon Transition Readiness ETF,31/07/21,United Kingdom — 11.2%,Ferguson PLC,"42,504","59,58,597",,
LCTD,BlackRock World ex U.S. Carbon Transition Readiness ETF,31/07/21,United Kingdom — 11.2%,GlaxoSmithKline PLC,"2,82,912","55,85,767",,
LCTD,BlackRock World ex U.S. Carbon Transition Readiness ETF,31/07/21,United Kingdom — 11.2%,Halma PLC,"24,192","9,71,091",,
LCTD,BlackRock World ex U.S. Carbon Transition Readiness ETF,31/07/21,United Kingdom — 11.2%,Hargreaves Lansdown PLC,"5,376","1,21,932",,
LCTD,BlackRock World ex U.S. Carbon Transition Readiness ETF,31/07/21,United Kingdom — 11.2%,Hikma Pharmaceuticals PLC,"8,232","3,02,703",,
LCTD,BlackRock World ex U.S. Carbon Transition Readiness ETF,31/07/21,United Kingdom — 11.2%,HSBC Holdings PLC,"6,63,600","36,63,201",,
LCTD,BlackRock World ex U.S. Carbon Transition Readiness ETF,31/07/21,United Kingdom — 11.2%,Informa PLC,"18,816","1,29,291",,
LCTD,BlackRock World ex U.S. Carbon Transition Readiness ETF,31/07/21,United Kingdom — 11.2%,Intertek Group PLC,"2,688","1,92,584",,
LCTD,BlackRock World ex U.S. Carbon Transition Readiness ETF,31/07/21,United Kingdom — 11.2%,J Sainsbury PLC,"5,30,712","20,89,853",,
LCTD,BlackRock World ex U.S. Carbon Transition Readiness ETF,31/07/21,United Kingdom — 11.2%,JD Sports Fashion PLC,"40,152","5,00,302",,
LCTD,BlackRock World ex U.S. Carbon Transition Readiness ETF,31/07/21,United Kingdom — 11.2%,Johnson Matthey PLC,"16,800","6,94,416",,
LCTD,BlackRock World ex U.S. Carbon Transition Readiness ETF,31/07/21,United Kingdom — 11.2%,Land Securities Group PLC,"41,832","4,11,726",,
LCTD,BlackRock World ex U.S. Carbon Transition Readiness ETF,31/07/21,United Kingdom — 11.2%,Legal & General Group PLC,"2,48,640","9,00,690",,
LCTD,BlackRock World ex U.S. Carbon Transition Readiness ETF,31/07/21,United Kingdom — 11.2%,Lloyds Banking Group PLC,"25,46,712","16,10,202",,
LCTD,BlackRock World ex U.S. Carbon Transition Readiness ETF,31/07/21,United Kingdom — 11.2%,London Stock Exchange Group PLC,"10,080","10,51,055",,
LCTD,BlackRock World ex U.S. Carbon Transition Readiness ETF,31/07/21,United Kingdom — 11.2%,M&G PLC,"1,48,344","4,64,501",,
LCTD,BlackRock World ex U.S. Carbon Transition Readiness ETF,31/07/21,United Kingdom — 11.2%,Melrose Industries PLC,"85,848","1,90,778",,
LCTD,BlackRock World ex U.S. Carbon Transition Readiness ETF,31/07/21,United Kingdom — 11.2%,Natwest Group PLC,"2,52,168","7,07,764",,
LCTD,BlackRock World ex U.S. Carbon Transition Readiness ETF,31/07/21,United Kingdom — 11.2%,Ocado Group PLC,"11,928","3,07,355",,
LCTD,BlackRock World ex U.S. Carbon Transition Readiness ETF,31/07/21,United Kingdom — 11.2%,Pearson PLC,"13,440","1,61,958",,
LCTD,BlackRock World ex U.S. Carbon Transition Readiness ETF,31/07/21,United Kingdom — 11.2%,Prudential PLC,"87,696","16,46,828",,
LCTD,BlackRock World ex U.S. Carbon Transition Readiness ETF,31/07/21,United Kingdom — 11.2%,RELX PLC,"60,816","17,87,643",,
LCTD,BlackRock World ex U.S. Carbon Transition Readiness ETF,31/07/21,United Kingdom — 11.2%,Rentokil Initial PLC,"32,760","2,58,066",,
LCTD,BlackRock World ex U.S. Carbon Transition Readiness ETF,31/07/21,United Kingdom — 11.2%,Rolls-Royce Holdings PLC,"1,31,208","1,81,214",,
LCTD,BlackRock World ex U.S. Carbon Transition Readiness ETF,31/07/21,United Kingdom — 11.2%,Sage Group PLC (The),"86,520","8,43,344",,
LCTD,BlackRock World ex U.S. Carbon Transition Readiness ETF,31/07/21,United Kingdom — 11.2%,Segro PLC,"1,12,056","18,94,221",,
LCTD,BlackRock World ex U.S. Carbon Transition Readiness ETF,31/07/21,United Kingdom — 11.2%,St. James’s Place PLC,"12,096","2,66,499",,
LCTD,BlackRock World ex U.S. Carbon Transition Readiness ETF,31/07/21,United Kingdom — 11.2%,Standard Chartered PLC,"85,008","5,09,606",,
LCTD,BlackRock World ex U.S. Carbon Transition Readiness ETF,31/07/21,United Kingdom — 11.2%,Taylor Wimpey PLC,"1,66,824","3,81,404",,
LCTD,BlackRock World ex U.S. Carbon Transition Readiness ETF,31/07/21,United Kingdom — 11.2%,Unilever PLC,"1,19,112","68,55,083",,
LCTD,BlackRock World ex U.S. Carbon Transition Readiness ETF,31/07/21,United Kingdom — 11.2%,Vodafone Group PLC,"25,43,688","40,90,127",,
LCTD,BlackRock World ex U.S. Carbon Transition Readiness ETF,31/07/21,United Kingdom — 11.2%,Whitbread PLC,"15,120","6,39,058",,
LCTD,BlackRock World ex U.S. Carbon Transition Readiness ETF,31/07/21,United Kingdom — 11.2%,Wm Morrison Supermarkets PLC,"2,51,496","9,35,475",,
LCTD,BlackRock World ex U.S. Carbon Transition Readiness ETF,31/07/21,United Kingdom — 11.2%,WPP PLC,"17,808","2,30,311","6,81,48,007",594239165
LCTD,BlackRock World ex U.S. Carbon Transition Readiness ETF,31/07/21,GERMANY — 1.2%,"Bayerische Motoren Werke AG, Preference Shares, NVS","18,312","15,71,792",,
LCTD,BlackRock World ex U.S. Carbon Transition Readiness ETF,31/07/21,GERMANY — 1.2%,"Henkel AG & Co. KGaA, Preference Shares, NVS","30,240","30,65,870",,
LCTD,BlackRock World ex U.S. Carbon Transition Readiness ETF,31/07/21,GERMANY — 1.2%,"Axel Springer SE, Preference Shares, NVS","5,712","6,18,216",,
LCTD,BlackRock World ex U.S. Carbon Transition Readiness ETF,31/07/21,GERMANY — 1.2%,"Volkswagen AG, Preference Shares, NVS","7,896","19,23,232","71,79,110","71,79,110"
LCTD,BlackRock World ex U.S. Carbon Transition Readiness ETF,31/07/21,MONEY MARKET FUNDS — 0.5%,"BlackRock Cash Funds: Treasury, SL Agency Shares, 0.00%(d)","30,20,000","30,20,000","30,20,000","30,20,000"
LCTU,BlackRock U.S. Carbon Transition Readiness ETF,31/07/21,Aerospace & Defense — 0.8%,Axon Enterprise Inc. (a),"2,061","3,83,387",,
LCTU,BlackRock U.S. Carbon Transition Readiness ETF,31/07/21,Aerospace & Defense — 0.8%,Howmet Aerospace Inc. (a),"32,654","10,71,704",,
LCTU,BlackRock U.S. Carbon Transition Readiness ETF,31/07/21,Aerospace & Defense — 0.8%,L3Harris Technologies Inc.,"19,142","43,40,257",,
LCTU,BlackRock U.S. Carbon Transition Readiness ETF,31/07/21,Aerospace & Defense — 0.8%,Raytheon Technologies Corp.,"69,812","60,70,154","1,18,65,502",
LCTU,BlackRock U.S. Carbon Transition Readiness ETF,31/07/21,Air Freight & Logistics — 0.9%,CH Robinson Worldwide Inc.,"28,150","25,10,136",,
LCTU,BlackRock U.S. Carbon Transition Readiness ETF,31/07/21,Air Freight & Logistics — 0.9%,Expeditors International of Washington Inc.,"31,528","40,43,466",,
LCTU,BlackRock U.S. Carbon Transition Readiness ETF,31/07/21,Air Freight & Logistics — 0.9%,"United Parcel Service Inc., Class B","29,276","56,02,255","1,21,55,857",
LCTU,BlackRock U.S. Carbon Transition Readiness ETF,31/07/21,Airlines — 0.2%,Alaska Air Group Inc. (a),"27,024","15,68,203",,
LCTU,BlackRock U.S. Carbon Transition Readiness ETF,31/07/21,Airlines — 0.2%,American Airlines Group Inc. (a),"32,654","6,65,488",,
LCTU,BlackRock U.S. Carbon Transition Readiness ETF,31/07/21,Airlines — 0.2%,Southwest Airlines Co. (a),"16,890","8,53,283","30,86,974",
LCTU,BlackRock U.S. Carbon Transition Readiness ETF,31/07/21,Auto Components — 0.4%,Aptiv PLC (a),"27,024","45,08,955",,
LCTU,BlackRock U.S. Carbon Transition Readiness ETF,31/07/21,Auto Components — 0.4%,BorgWarner Inc.,"20,900","10,23,682",,
LCTU,BlackRock U.S. Carbon Transition Readiness ETF,31/07/21,Auto Components — 0.4%,Lear Corp.,"2,252","3,94,055",,
LCTU,BlackRock U.S. Carbon Transition Readiness ETF,31/07/21,Auto Components — 0.4%,"QuantumScape Corp., Class A (a)(b)","9,008","2,06,373","61,33,065",
LCTU,BlackRock U.S. Carbon Transition Readiness ETF,31/07/21,Automobiles — 1.5%,Ford Motor Co. (a),"38,284","5,34,062",,
LCTU,BlackRock U.S. Carbon Transition Readiness ETF,31/07/21,Automobiles — 1.5%,General Motors Co. (a),"45,040","25,60,074",,
LCTU,BlackRock U.S. Carbon Transition Readiness ETF,31/07/21,Automobiles — 1.5%,Tesla Inc. (a),"27,596","1,89,63,971","2,20,58,107",
LCTU,BlackRock U.S. Carbon Transition Readiness ETF,31/07/21,Banks — 3.8%,Bank of America Corp.,"2,76,213","1,05,95,531",,
LCTU,BlackRock U.S. Carbon Transition Readiness ETF,31/07/21,Banks — 3.8%,Citigroup Inc.,"74,056","50,07,667",,
LCTU,BlackRock U.S. Carbon Transition Readiness ETF,31/07/21,Banks — 3.8%,Citizens Financial Group Inc.,"14,638","6,17,138",,
LCTU,BlackRock U.S. Carbon Transition Readiness ETF,31/07/21,Banks — 3.8%,Comerica Inc.,"3,722","2,55,553",,
LCTU,BlackRock U.S. Carbon Transition Readiness ETF,31/07/21,Banks — 3.8%,East West Bancorp. Inc.,"2,401","1,70,831",,
LCTU,BlackRock U.S. Carbon Transition Readiness ETF,31/07/21,Banks — 3.8%,Fifth Third Bancorp,"29,626","10,75,128",,
LCTU,BlackRock U.S. Carbon Transition Readiness ETF,31/07/21,Banks — 3.8%,First Republic Bank/CA,"5,619","10,95,817",,
LCTU,BlackRock U.S. Carbon Transition Readiness ETF,31/07/21,Banks — 3.8%,Huntington Bancshares Inc./OH,"34,906","4,91,476",,
LCTU,BlackRock U.S. Carbon Transition Readiness ETF,31/07/21,Banks — 3.8%,JPMorgan Chase & Co.,"1,07,134","1,62,60,799",,
LCTU,BlackRock U.S. Carbon Transition Readiness ETF,31/07/21,Banks — 3.8%,KeyCorp,"32,654","6,41,978",,
LCTU,BlackRock U.S. Carbon Transition Readiness ETF,31/07/21,Banks — 3.8%,M&T Bank Corp.,"4,504","6,02,860",,
LCTU,BlackRock U.S. Carbon Transition Readiness ETF,31/07/21,Banks — 3.8%,PNC Financial Services Group Inc. (The),"15,136","27,60,958",,
LCTU,BlackRock U.S. Carbon Transition Readiness ETF,31/07/21,Banks — 3.8%,Regions Financial Corp.,"28,150","5,41,887",,
LCTU,BlackRock U.S. Carbon Transition Readiness ETF,31/07/21,Banks — 3.8%,Signature Bank/New York NY,"2,252","5,11,136",,
LCTU,BlackRock U.S. Carbon Transition Readiness ETF,31/07/21,Banks — 3.8%,SVB Financial Group (a),"2,567","14,11,747",,
LCTU,BlackRock U.S. Carbon Transition Readiness ETF,31/07/21,Banks — 3.8%,Truist Financial Corp.,"49,939","27,18,180",,
LCTU,BlackRock U.S. Carbon Transition Readiness ETF,31/07/21,Banks — 3.8%,U.S. Bancorp,"51,322","28,50,424",,
LCTU,BlackRock U.S. Carbon Transition Readiness ETF,31/07/21,Banks — 3.8%,Wells Fargo & Co.,"1,46,380","67,24,697","5,43,33,807",
LCTU,BlackRock U.S. Carbon Transition Readiness ETF,31/07/21,Beverages — 1.8%,Coca-Cola Co. (The),"2,15,564","1,22,93,615",,
LCTU,BlackRock U.S. Carbon Transition Readiness ETF,31/07/21,Beverages — 1.8%,"Constellation Brands Inc., Class A","7,741","17,36,616",,
LCTU,BlackRock U.S. Carbon Transition Readiness ETF,31/07/21,Beverages — 1.8%,"Molson Coors Beverage Co., Class B (a)","43,914","21,46,955",,
LCTU,BlackRock U.S. Carbon Transition Readiness ETF,31/07/21,Beverages — 1.8%,PepsiCo Inc.,"58,461","91,75,454","2,53,52,640",
LCTU,BlackRock U.S. Carbon Transition Readiness ETF,31/07/21,Biotechnology — 2.3%,AbbVie Inc.,"59,678","69,40,551",,
LCTU,BlackRock U.S. Carbon Transition Readiness ETF,31/07/21,Biotechnology — 2.3%,Alnylam Pharmaceuticals Inc. (a),"4,504","8,05,946",,
LCTU,BlackRock U.S. Carbon Transition Readiness ETF,31/07/21,Biotechnology — 2.3%,Amgen Inc.,"10,134","24,47,766",,
LCTU,BlackRock U.S. Carbon Transition Readiness ETF,31/07/21,Biotechnology — 2.3%,Biogen Inc. (a),"4,258","13,91,216",,
LCTU,BlackRock U.S. Carbon Transition Readiness ETF,31/07/21,Biotechnology — 2.3%,Gilead Sciences Inc.,"99,088","67,66,719",,
LCTU,BlackRock U.S. Carbon Transition Readiness ETF,31/07/21,Biotechnology — 2.3%,Incyte Corp. (a),"42,788","33,09,652",,
LCTU,BlackRock U.S. Carbon Transition Readiness ETF,31/07/21,Biotechnology — 2.3%,Moderna Inc. (a),"11,260","39,81,536",,
LCTU,BlackRock U.S. Carbon Transition Readiness ETF,31/07/21,Biotechnology — 2.3%,Novavax Inc. (a),"3,378","6,05,777",,
LCTU,BlackRock U.S. Carbon Transition Readiness ETF,31/07/21,Biotechnology — 2.3%,Regeneron Pharmaceuticals Inc. (a),"1,126","6,47,011",,
LCTU,BlackRock U.S. Carbon Transition Readiness ETF,31/07/21,Biotechnology — 2.3%,Seagen Inc. (a),"5,630","8,63,586",,
LCTU,BlackRock U.S. Carbon Transition Readiness ETF,31/07/21,Biotechnology — 2.3%,Vertex Pharmaceuticals Inc. (a),"25,898","52,20,519","3,29,80,279",
LCTU,BlackRock U.S. Carbon Transition Readiness ETF,31/07/21,Building Products — 1.7%,A O Smith Corp.,"68,686","48,30,686",,
LCTU,BlackRock U.S. Carbon Transition Readiness ETF,31/07/21,Building Products — 1.7%,Allegion PLC,"24,772","33,83,855",,
LCTU,BlackRock U.S. Carbon Transition Readiness ETF,31/07/21,Building Products — 1.7%,Carrier Global Corp.,"24,772","13,68,653",,
LCTU,BlackRock U.S. Carbon Transition Readiness ETF,31/07/21,Building Products — 1.7%,Johnson Controls International PLC,"1,43,002","1,02,13,203",,
LCTU,BlackRock U.S. Carbon Transition Readiness ETF,31/07/21,Building Products — 1.7%,Masco Corp.,"9,008","5,37,868",,
LCTU,BlackRock U.S. Carbon Transition Readiness ETF,31/07/21,Building Products — 1.7%,Owens Corning,"7,882","7,57,933",,
LCTU,BlackRock U.S. Carbon Transition Readiness ETF,31/07/21,Building Products — 1.7%,Trane Technologies PLC,"12,386","25,21,914","2,36,14,112",
LCTU,BlackRock U.S. Carbon Transition Readiness ETF,31/07/21,Capital Markets — 3.0%,Ameriprise Financial Inc.,"5,284","13,60,947",,
LCTU,BlackRock U.S. Carbon Transition Readiness ETF,31/07/21,Capital Markets — 3.0%,"Apollo Global Management Inc., Class A","6,289","3,70,171",,
LCTU,BlackRock U.S. Carbon Transition Readiness ETF,31/07/21,Capital Markets — 3.0%,Bank of New York Mellon Corp. (The),"18,016","9,24,761",,
LCTU,BlackRock U.S. Carbon Transition Readiness ETF,31/07/21,Capital Markets — 3.0%,BlackRock Inc. (c),"5,630","48,82,167",,
LCTU,BlackRock U.S. Carbon Transition Readiness ETF,31/07/21,Capital Markets — 3.0%,"Blackstone Group Inc. (The), NVS","13,512","15,57,528",,
LCTU,BlackRock U.S. Carbon Transition Readiness ETF,31/07/21,Capital Markets — 3.0%,Charles Schwab Corp. (The),"52,437","35,63,094",,
LCTU,BlackRock U.S. Carbon Transition Readiness ETF,31/07/21,Capital Markets — 3.0%,CME Group Inc.,"12,386","26,27,442",,
LCTU,BlackRock U.S. Carbon Transition Readiness ETF,31/07/21,Capital Markets — 3.0%,"Evercore Inc., Class A","1,089","1,43,966",,
LCTU,BlackRock U.S. Carbon Transition Readiness ETF,31/07/21,Capital Markets — 3.0%,FactSet Research Systems Inc.,437,"1,56,131",,
LCTU,BlackRock U.S. Carbon Transition Readiness ETF,31/07/21,Capital Markets — 3.0%,Franklin Resources Inc.,"6,288","1,85,810",,
LCTU,BlackRock U.S. Carbon Transition Readiness ETF,31/07/21,Capital Markets — 3.0%,Goldman Sachs Group Inc. (The),"12,252","45,93,030",,
LCTU,BlackRock U.S. Carbon Transition Readiness ETF,31/07/21,Capital Markets — 3.0%,"Interactive Brokers Group Inc., Class A","4,504","2,78,617",,
LCTU,BlackRock U.S. Carbon Transition Readiness ETF,31/07/21,Capital Markets — 3.0%,Intercontinental Exchange Inc.,"15,764","18,89,000",,
LCTU,BlackRock U.S. Carbon Transition Readiness ETF,31/07/21,Capital Markets — 3.0%,Invesco Ltd.,"10,290","2,50,870",,
LCTU,BlackRock U.S. Carbon Transition Readiness ETF,31/07/21,Capital Markets — 3.0%,KKR & Co. Inc.,"19,054","12,14,883",,
LCTU,BlackRock U.S. Carbon Transition Readiness ETF,31/07/21,Capital Markets — 3.0%,MarketAxess Holdings Inc.,"2,252","10,70,083",,
LCTU,BlackRock U.S. Carbon Transition Readiness ETF,31/07/21,Capital Markets — 3.0%,Moody’s Corp.,"5,630","21,16,880",,
LCTU,BlackRock U.S. Carbon Transition Readiness ETF,31/07/21,Capital Markets — 3.0%,Morgan Stanley,"54,873","52,66,711",,
LCTU,BlackRock U.S. Carbon Transition Readiness ETF,31/07/21,Capital Markets — 3.0%,"MSCI Inc., Class A","3,378","20,13,153",,
LCTU,BlackRock U.S. Carbon Transition Readiness ETF,31/07/21,Capital Markets — 3.0%,Northern Trust Corp.,"5,630","6,35,346",,
LCTU,BlackRock U.S. Carbon Transition Readiness ETF,31/07/21,Capital Markets — 3.0%,Raymond James Financial Inc.,"2,172","2,81,231",,
LCTU,BlackRock U.S. Carbon Transition Readiness ETF,31/07/21,Capital Markets — 3.0%,S&P Global Inc.,"10,134","43,44,649",,
LCTU,BlackRock U.S. Carbon Transition Readiness ETF,31/07/21,Capital Markets — 3.0%,State Street Corp.,"12,386","10,79,316",,
LCTU,BlackRock U.S. Carbon Transition Readiness ETF,31/07/21,Capital Markets — 3.0%,T Rowe Price Group Inc.,"7,882","16,09,189","4,24,14,975",
LCTU,BlackRock U.S. Carbon Transition Readiness ETF,31/07/21,Chemicals — 1.5%,Albemarle Corp.,"4,633","9,54,583",,
LCTU,BlackRock U.S. Carbon Transition Readiness ETF,31/07/21,Chemicals — 1.5%,DuPont de Nemours Inc.,"78,598","58,98,780",,
LCTU,BlackRock U.S. Carbon Transition Readiness ETF,31/07/21,Chemicals — 1.5%,Element Solutions Inc.,"1,15,978","27,12,725",,
LCTU,BlackRock U.S. Carbon Transition Readiness ETF,31/07/21,Chemicals — 1.5%,FMC Corp.,"47,292","50,57,879",,
LCTU,BlackRock U.S. Carbon Transition Readiness ETF,31/07/21,Chemicals — 1.5%,International Flavors & Fragrances Inc.,"6,756","10,17,724",,
LCTU,BlackRock U.S. Carbon Transition Readiness ETF,31/07/21,Chemicals — 1.5%,PPG Industries Inc.,"12,386","20,25,359",,
LCTU,BlackRock U.S. Carbon Transition Readiness ETF,31/07/21,Chemicals — 1.5%,Sherwin-Williams Co. (The),"11,260","32,76,998","2,09,44,048",
LCTU,BlackRock U.S. Carbon Transition Readiness ETF,31/07/21,Commercial Services & Supplies — 0.3%,Cintas Corp.,"3,760","14,82,117",,
LCTU,BlackRock U.S. Carbon Transition Readiness ETF,31/07/21,Commercial Services & Supplies — 0.3%,MSA Safety Inc.,"16,890","27,78,067","42,60,184",
LCTU,BlackRock U.S. Carbon Transition Readiness ETF,31/07/21,Communications Equipment — 0.8%,Arista Networks Inc. (a),"2,252","8,56,638",,
LCTU,BlackRock U.S. Carbon Transition Readiness ETF,31/07/21,Communications Equipment — 0.8%,Cisco Systems Inc.,"1,13,726","62,97,009",,
LCTU,BlackRock U.S. Carbon Transition Readiness ETF,31/07/21,Communications Equipment — 0.8%,CommScope Holding Co. Inc. (a),"43,914","9,29,220",,
LCTU,BlackRock U.S. Carbon Transition Readiness ETF,31/07/21,Communications Equipment — 0.8%,Juniper Networks Inc.,"1,01,340","28,51,708",,
LCTU,BlackRock U.S. Carbon Transition Readiness ETF,31/07/21,Communications Equipment — 0.8%,Ubiquiti Inc.,"2,252","7,05,101","1,16,39,676",
LCTU,BlackRock U.S. Carbon Transition Readiness ETF,31/07/21,Construction & Engineering — 0.1%,AECOM (a),"12,386","7,79,823","7,79,823",
LCTU,BlackRock U.S. Carbon Transition Readiness ETF,31/07/21,Construction Materials — 0.2%,Martin Marietta Materials Inc.,"7,882","28,63,531","28,63,531",
LCTU,BlackRock U.S. Carbon Transition Readiness ETF,31/07/21,Consumer Finance — 0.8%,Ally Financial Inc.,"12,386","6,36,145",,
LCTU,BlackRock U.S. Carbon Transition Readiness ETF,31/07/21,Consumer Finance — 0.8%,American Express Co.,"29,220","49,82,886",,
LCTU,BlackRock U.S. Carbon Transition Readiness ETF,31/07/21,Consumer Finance — 0.8%,Capital One Financial Corp.,"15,764","25,49,039",,
LCTU,BlackRock U.S. Carbon Transition Readiness ETF,31/07/21,Consumer Finance — 0.8%,Discover Financial Services,"13,512","16,79,812",,
LCTU,BlackRock U.S. Carbon Transition Readiness ETF,31/07/21,Consumer Finance — 0.8%,OneMain Holdings Inc.,"3,397","2,07,217",,
LCTU,BlackRock U.S. Carbon Transition Readiness ETF,31/07/21,Consumer Finance — 0.8%,Synchrony Financial,"27,024","12,70,668",,
LCTU,BlackRock U.S. Carbon Transition Readiness ETF,31/07/21,Consumer Finance — 0.8%,Upstart Holdings Inc. (a),"2,626","3,17,116","1,16,42,883",
LCTU,BlackRock U.S. Carbon Transition Readiness ETF,31/07/21,Containers & Packaging — 0.3%,Amcor PLC,"2,00,428","23,16,948",,
LCTU,BlackRock U.S. Carbon Transition Readiness ETF,31/07/21,Containers & Packaging — 0.3%,Ball Corp.,"20,268","16,39,276",,
LCTU,BlackRock U.S. Carbon Transition Readiness ETF,31/07/21,Containers & Packaging — 0.3%,Westrock Co.,"11,260","5,54,104","45,10,328",
LCTU,BlackRock U.S. Carbon Transition Readiness ETF,31/07/21,Distributors — 0.7%,Genuine Parts Co.,"50,561","64,17,202",,
LCTU,BlackRock U.S. Carbon Transition Readiness ETF,31/07/21,Distributors — 0.7%,Pool Corp.,"6,756","32,28,152","96,45,354",
LCTU,BlackRock U.S. Carbon Transition Readiness ETF,31/07/21,Diversified Financial Services — 1.2%,"Berkshire Hathaway Inc., Class B (a)","63,056","1,75,47,854","1,75,47,854",
LCTU,BlackRock U.S. Carbon Transition Readiness ETF,31/07/21,Diversified Telecommunication Services — 0.8%,AT&T Inc.,"2,53,385","71,07,449",,
LCTU,BlackRock U.S. Carbon Transition Readiness ETF,31/07/21,Diversified Telecommunication Services — 0.8%,Verizon Communications Inc.,"82,198","45,85,005","1,16,92,454",
LCTU,BlackRock U.S. Carbon Transition Readiness ETF,31/07/21,Electric Utilities — 1.6%,Avangrid Inc.,"13,757","7,17,290",,
LCTU,BlackRock U.S. Carbon Transition Readiness ETF,31/07/21,Electric Utilities — 1.6%,Edison International,"76,568","41,72,956",,
LCTU,BlackRock U.S. Carbon Transition Readiness ETF,31/07/21,Electric Utilities — 1.6%,Eversource Energy,"86,702","74,79,782",,
LCTU,BlackRock U.S. Carbon Transition Readiness ETF,31/07/21,Electric Utilities — 1.6%,Exelon Corp.,"38,323","17,93,516",,
LCTU,BlackRock U.S. Carbon Transition Readiness ETF,31/07/21,Electric Utilities — 1.6%,NextEra Energy Inc.,"1,16,157","90,48,630","2,32,12,174",
LCTU,BlackRock U.S. Carbon Transition Readiness ETF,31/07/21,Electrical Equipment — 0.3%,Acuity Brands Inc.,"11,260","19,74,779",,
LCTU,BlackRock U.S. Carbon Transition Readiness ETF,31/07/21,Electrical Equipment — 0.3%,ChargePoint Holdings Inc. (a)(b),"6,756","1,59,779",,
LCTU,BlackRock U.S. Carbon Transition Readiness ETF,31/07/21,Electrical Equipment — 0.3%,Generac Holdings Inc. (a),586,"2,45,745",,
LCTU,BlackRock U.S. Carbon Transition Readiness ETF,31/07/21,Electrical Equipment — 0.3%,Plug Power Inc. (a),"24,772","6,75,780",,
LCTU,BlackRock U.S. Carbon Transition Readiness ETF,31/07/21,Electrical Equipment — 0.3%,Rockwell Automation Inc.,"3,378","10,38,465",,
LCTU,BlackRock U.S. Carbon Transition Readiness ETF,31/07/21,Electrical Equipment — 0.3%,Sunrun Inc. (a)(b),"12,386","6,56,087",,
LCTU,BlackRock U.S. Carbon Transition Readiness ETF,31/07/21,Electrical Equipment — 0.3%,"Vertiv Holdings Co., Class A","7,882","2,21,011","49,71,646",
LCTU,BlackRock U.S. Carbon Transition Readiness ETF,31/07/21,"Electronic Equipment, Instruments & Components — 0.5%","Amphenol Corp., Class A","49,544","35,91,445",,
LCTU,BlackRock U.S. Carbon Transition Readiness ETF,31/07/21,"Electronic Equipment, Instruments & Components — 0.5%",Arrow Electronics Inc. (a),"16,948","20,09,524",,
LCTU,BlackRock U.S. Carbon Transition Readiness ETF,31/07/21,"Electronic Equipment, Instruments & Components — 0.5%",Coherent Inc. (a),"1,052","2,58,729",,
LCTU,BlackRock U.S. Carbon Transition Readiness ETF,31/07/21,"Electronic Equipment, Instruments & Components — 0.5%",IPG Photonics Corp. (a),"3,378","7,36,945",,
LCTU,BlackRock U.S. Carbon Transition Readiness ETF,31/07/21,"Electronic Equipment, Instruments & Components — 0.5%","Zebra Technologies Corp., Class A (a)","1,809","9,99,436","75,96,079",
LCTU,BlackRock U.S. Carbon Transition Readiness ETF,31/07/21,Energy Equipment & Services — 0.2%,"Baker Hughes Co., Class A","33,780","7,17,487",,
LCTU,BlackRock U.S. Carbon Transition Readiness ETF,31/07/21,Energy Equipment & Services — 0.2%,Halliburton Co.,"29,276","6,05,428",,
LCTU,BlackRock U.S. Carbon Transition Readiness ETF,31/07/21,Energy Equipment & Services — 0.2%,Schlumberger Ltd.,"68,686","19,80,217","33,03,132",
LCTU,BlackRock U.S. Carbon Transition Readiness ETF,31/07/21,Entertainment — 2.0%,Activision Blizzard Inc.,"24,772","20,71,435",,
LCTU,BlackRock U.S. Carbon Transition Readiness ETF,31/07/21,Entertainment — 2.0%,Netflix Inc. (a),"22,520","1,16,55,676",,
LCTU,BlackRock U.S. Carbon Transition Readiness ETF,31/07/21,Entertainment — 2.0%,Roku Inc. (a),"4,504","19,29,108",,
LCTU,BlackRock U.S. Carbon Transition Readiness ETF,31/07/21,Entertainment — 2.0%,"Skillz Inc., Class A (a)(b)","22,520","3,17,082",,
LCTU,BlackRock U.S. Carbon Transition Readiness ETF,31/07/21,Entertainment — 2.0%,Spotify Technology SA (a),"9,008","20,59,859",,
LCTU,BlackRock U.S. Carbon Transition Readiness ETF,31/07/21,Entertainment — 2.0%,Walt Disney Co. (The) (a),"58,552","1,03,06,323","2,83,39,483",
LCTU,BlackRock U.S. Carbon Transition Readiness ETF,31/07/21,Equity Real Estate Investment Trusts (REITs) — 3.1%,"American Homes 4 Rent, Class A","37,158","15,60,636",,
LCTU,BlackRock U.S. Carbon Transition Readiness ETF,31/07/21,Equity Real Estate Investment Trusts (REITs) — 3.1%,Apartment Income REIT Corp.,"10,134","5,33,454",,
LCTU,BlackRock U.S. Carbon Transition Readiness ETF,31/07/21,Equity Real Estate Investment Trusts (REITs) — 3.1%,Boston Properties Inc.,"36,032","42,29,436",,
LCTU,BlackRock U.S. Carbon Transition Readiness ETF,31/07/21,Equity Real Estate Investment Trusts (REITs) — 3.1%,Brixmor Property Group Inc.,"55,174","12,70,105",,
LCTU,BlackRock U.S. Carbon Transition Readiness ETF,31/07/21,Equity Real Estate Investment Trusts (REITs) — 3.1%,CyrusOne Inc.,"11,260","8,02,500",,
LCTU,BlackRock U.S. Carbon Transition Readiness ETF,31/07/21,Equity Real Estate Investment Trusts (REITs) — 3.1%,Equinix Inc.,"3,378","27,71,345",,
LCTU,BlackRock U.S. Carbon Transition Readiness ETF,31/07/21,Equity Real Estate Investment Trusts (REITs) — 3.1%,Equity Residential,"47,292","39,78,676",,
LCTU,BlackRock U.S. Carbon Transition Readiness ETF,31/07/21,Equity Real Estate Investment Trusts (REITs) — 3.1%,Essex Property Trust Inc.,"15,764","51,72,168",,
LCTU,BlackRock U.S. Carbon Transition Readiness ETF,31/07/21,Equity Real Estate Investment Trusts (REITs) — 3.1%,Extra Space Storage Inc.,"4,504","7,84,327",,
LCTU,BlackRock U.S. Carbon Transition Readiness ETF,31/07/21,Equity Real Estate Investment Trusts (REITs) — 3.1%,Federal Realty Investment Trust,"21,394","25,14,437",,
LCTU,BlackRock U.S. Carbon Transition Readiness ETF,31/07/21,Equity Real Estate Investment Trusts (REITs) — 3.1%,Hudson Pacific Properties Inc.,"52,922","14,42,654",,
LCTU,BlackRock U.S. Carbon Transition Readiness ETF,31/07/21,Equity Real Estate Investment Trusts (REITs) — 3.1%,Kilroy Realty Corp.,"47,292","32,75,917",,
LCTU,BlackRock U.S. Carbon Transition Readiness ETF,31/07/21,Equity Real Estate Investment Trusts (REITs) — 3.1%,Kimco Realty Corp.,"36,032","7,68,563",,
LCTU,BlackRock U.S. Carbon Transition Readiness ETF,31/07/21,Equity Real Estate Investment Trusts (REITs) — 3.1%,Mid-America Apartment Communities Inc.,"9,008","17,39,445",,
LCTU,BlackRock U.S. Carbon Transition Readiness ETF,31/07/21,Equity Real Estate Investment Trusts (REITs) — 3.1%,Prologis Inc.,"5,630","7,20,865",,
LCTU,BlackRock U.S. Carbon Transition Readiness ETF,31/07/21,Equity Real Estate Investment Trusts (REITs) — 3.1%,Regency Centers Corp.,"30,402","19,88,595",,
LCTU,BlackRock U.S. Carbon Transition Readiness ETF,31/07/21,Equity Real Estate Investment Trusts (REITs) — 3.1%,Simon Property Group Inc.,"12,386","15,67,077",,
LCTU,BlackRock U.S. Carbon Transition Readiness ETF,31/07/21,Equity Real Estate Investment Trusts (REITs) — 3.1%,SL Green Realty Corp.,"5,630","4,19,210",,
LCTU,BlackRock U.S. Carbon Transition Readiness ETF,31/07/21,Equity Real Estate Investment Trusts (REITs) — 3.1%,Sun Communities Inc.,"5,630","11,04,099",,
LCTU,BlackRock U.S. Carbon Transition Readiness ETF,31/07/21,Equity Real Estate Investment Trusts (REITs) — 3.1%,UDR Inc.,"1,02,499","56,36,420",,
LCTU,BlackRock U.S. Carbon Transition Readiness ETF,31/07/21,Equity Real Estate Investment Trusts (REITs) — 3.1%,Ventas Inc.,"15,764","9,42,372",,
LCTU,BlackRock U.S. Carbon Transition Readiness ETF,31/07/21,Equity Real Estate Investment Trusts (REITs) — 3.1%,Welltower Inc.,"4,504","3,91,217","4,36,13,518",
LCTU,BlackRock U.S. Carbon Transition Readiness ETF,31/07/21,Food & Staples Retailing — 1.0%,Kroger Co. (The),"40,536","16,49,815",,
LCTU,BlackRock U.S. Carbon Transition Readiness ETF,31/07/21,Food & Staples Retailing — 1.0%,Sysco Corp.,"4,504","3,34,197",,
LCTU,BlackRock U.S. Carbon Transition Readiness ETF,31/07/21,Food & Staples Retailing — 1.0%,U.S. Foods Holding Corp. (a),"5,630","1,93,334",,
LCTU,BlackRock U.S. Carbon Transition Readiness ETF,31/07/21,Food & Staples Retailing — 1.0%,Walgreens Boots Alliance Inc.,"58,552","27,60,727",,
LCTU,BlackRock U.S. Carbon Transition Readiness ETF,31/07/21,Food & Staples Retailing — 1.0%,Walmart Inc.,"62,077","88,49,076","1,37,87,149",
LCTU,BlackRock U.S. Carbon Transition Readiness ETF,31/07/21,Food Products — 0.8%,Beyond Meat Inc. (a),"2,252","2,76,321",,
LCTU,BlackRock U.S. Carbon Transition Readiness ETF,31/07/21,Food Products — 0.8%,Campbell Soup Co.,"42,788","18,70,691",,
LCTU,BlackRock U.S. Carbon Transition Readiness ETF,31/07/21,Food Products — 0.8%,General Mills Inc.,"36,032","21,20,844",,
LCTU,BlackRock U.S. Carbon Transition Readiness ETF,31/07/21,Food Products — 0.8%,Hain Celestial Group Inc. (The) (a),"69,904","27,89,869",,
LCTU,BlackRock U.S. Carbon Transition Readiness ETF,31/07/21,Food Products — 0.8%,Kellogg Co.,"25,898","16,40,897",,
LCTU,BlackRock U.S. Carbon Transition Readiness ETF,31/07/21,Food Products — 0.8%,Kraft Heinz Co. (The),"42,788","16,46,054",,
LCTU,BlackRock U.S. Carbon Transition Readiness ETF,31/07/21,Food Products — 0.8%,Lamb Weston Holdings Inc.,"2,252","1,50,366",,
LCTU,BlackRock U.S. Carbon Transition Readiness ETF,31/07/21,Food Products — 0.8%,Pilgrim’s Pride Corp. (a),"10,109","2,23,914",,
LCTU,BlackRock U.S. Carbon Transition Readiness ETF,31/07/21,Food Products — 0.8%,Post Holdings Inc. (a),"10,134","10,37,114","1,17,56,070",
LCTU,BlackRock U.S. Carbon Transition Readiness ETF,31/07/21,Gas Utilities — 0.4%,UGI Corp.,"1,26,112","57,99,891","57,99,891",
LCTU,BlackRock U.S. Carbon Transition Readiness ETF,31/07/21,Health Care Equipment & Supplies — 3.7%,Abbott Laboratories,"79,946","96,71,867",,
LCTU,BlackRock U.S. Carbon Transition Readiness ETF,31/07/21,Health Care Equipment & Supplies — 3.7%,Becton Dickinson and Co.,"14,638","37,43,669",,
LCTU,BlackRock U.S. Carbon Transition Readiness ETF,31/07/21,Health Care Equipment & Supplies — 3.7%,Boston Scientific Corp. (a),"28,150","12,83,640",,
LCTU,BlackRock U.S. Carbon Transition Readiness ETF,31/07/21,Health Care Equipment & Supplies — 3.7%,Danaher Corp.,"4,064","12,08,999",,
LCTU,BlackRock U.S. Carbon Transition Readiness ETF,31/07/21,Health Care Equipment & Supplies — 3.7%,Edwards Lifesciences Corp. (a),"46,166","51,83,057",,
LCTU,BlackRock U.S. Carbon Transition Readiness ETF,31/07/21,Health Care Equipment & Supplies — 3.7%,Hill-Rom Holdings Inc.,"16,981","23,51,189",,
LCTU,BlackRock U.S. Carbon Transition Readiness ETF,31/07/21,Health Care Equipment & Supplies — 3.7%,Hologic Inc. (a),"14,638","10,98,436",,
LCTU,BlackRock U.S. Carbon Transition Readiness ETF,31/07/21,Health Care Equipment & Supplies — 3.7%,ICU Medical Inc. (a),"13,512","27,46,854",,
LCTU,BlackRock U.S. Carbon Transition Readiness ETF,31/07/21,Health Care Equipment & Supplies — 3.7%,IDEXX Laboratories Inc. (a),"3,631","24,63,742",,
LCTU,BlackRock U.S. Carbon Transition Readiness ETF,31/07/21,Health Care Equipment & Supplies — 3.7%,Medtronic PLC,"1,02,466","1,34,54,810",,
LCTU,BlackRock U.S. Carbon Transition Readiness ETF,31/07/21,Health Care Equipment & Supplies — 3.7%,Novocure Ltd. (a),"2,252","3,46,831",,
LCTU,BlackRock U.S. Carbon Transition Readiness ETF,31/07/21,Health Care Equipment & Supplies — 3.7%,Stryker Corp.,"13,512","36,60,941",,
LCTU,BlackRock U.S. Carbon Transition Readiness ETF,31/07/21,Health Care Equipment & Supplies — 3.7%,West Pharmaceutical Services Inc.,"11,260","46,36,080",,
LCTU,BlackRock U.S. Carbon Transition Readiness ETF,31/07/21,Health Care Equipment & Supplies — 3.7%,Zimmer Biomet Holdings Inc.,"2,252","3,68,022","5,22,18,137",
LCTU,BlackRock U.S. Carbon Transition Readiness ETF,31/07/21,Health Care Providers & Services — 2.0%,Anthem Inc.,"5,630","21,61,976",,
LCTU,BlackRock U.S. Carbon Transition Readiness ETF,31/07/21,Health Care Providers & Services — 2.0%,Centene Corp. (a),"5,299","3,63,564",,
LCTU,BlackRock U.S. Carbon Transition Readiness ETF,31/07/21,Health Care Providers & Services — 2.0%,Cigna Corp.,"7,316","16,78,949",,
LCTU,BlackRock U.S. Carbon Transition Readiness ETF,31/07/21,Health Care Providers & Services — 2.0%,CVS Health Corp.,"92,332","76,04,463",,
LCTU,BlackRock U.S. Carbon Transition Readiness ETF,31/07/21,Health Care Providers & Services — 2.0%,Encompass Health Corp.,"6,756","5,62,437",,
LCTU,BlackRock U.S. Carbon Transition Readiness ETF,31/07/21,Health Care Providers & Services — 2.0%,Guardant Health Inc. (a),"1,375","1,50,975",,
LCTU,BlackRock U.S. Carbon Transition Readiness ETF,31/07/21,Health Care Providers & Services — 2.0%,HCA Healthcare Inc.,"6,756","16,76,839",,
LCTU,BlackRock U.S. Carbon Transition Readiness ETF,31/07/21,Health Care Providers & Services — 2.0%,Humana Inc.,"2,252","9,59,037",,
LCTU,BlackRock U.S. Carbon Transition Readiness ETF,31/07/21,Health Care Providers & Services — 2.0%,Quest Diagnostics Inc.,"7,882","11,17,668",,
LCTU,BlackRock U.S. Carbon Transition Readiness ETF,31/07/21,Health Care Providers & Services — 2.0%,UnitedHealth Group Inc.,"28,150","1,16,03,993",,
LCTU,BlackRock U.S. Carbon Transition Readiness ETF,31/07/21,Health Care Providers & Services — 2.0%,"Universal Health Services Inc., Class B","2,338","3,75,039","2,82,54,940",
LCTU,BlackRock U.S. Carbon Transition Readiness ETF,31/07/21,Health Care Technology — 0.4%,Cerner Corp.,"22,520","18,10,383",,
LCTU,BlackRock U.S. Carbon Transition Readiness ETF,31/07/21,Health Care Technology — 0.4%,Teladoc Health Inc. (a)(b),"6,756","10,02,928",,
LCTU,BlackRock U.S. Carbon Transition Readiness ETF,31/07/21,Health Care Technology — 0.4%,"Veeva Systems Inc., Class A (a)","7,882","26,22,420","54,35,731",
LCTU,BlackRock U.S. Carbon Transition Readiness ETF,31/07/21,"Hotels, Restaurants & Leisure — 2.4%",Booking Holdings Inc. (a),"3,982","86,73,831",,
LCTU,BlackRock U.S. Carbon Transition Readiness ETF,31/07/21,"Hotels, Restaurants & Leisure — 2.4%",Caesars Entertainment Inc. (a),"3,378","2,95,102",,
LCTU,BlackRock U.S. Carbon Transition Readiness ETF,31/07/21,"Hotels, Restaurants & Leisure — 2.4%",Carnival Corp. (a),"18,016","3,90,047",,
LCTU,BlackRock U.S. Carbon Transition Readiness ETF,31/07/21,"Hotels, Restaurants & Leisure — 2.4%",Darden Restaurants Inc.,"9,008","13,14,087",,
LCTU,BlackRock U.S. Carbon Transition Readiness ETF,31/07/21,"Hotels, Restaurants & Leisure — 2.4%","DraftKings Inc., Class A (a)","7,882","3,82,277",,
LCTU,BlackRock U.S. Carbon Transition Readiness ETF,31/07/21,"Hotels, Restaurants & Leisure — 2.4%",McDonald’s Corp.,"39,410","95,65,201",,
LCTU,BlackRock U.S. Carbon Transition Readiness ETF,31/07/21,"Hotels, Restaurants & Leisure — 2.4%",Penn National Gaming Inc. (a),"5,630","3,84,979",,
LCTU,BlackRock U.S. Carbon Transition Readiness ETF,31/07/21,"Hotels, Restaurants & Leisure — 2.4%",Royal Caribbean Cruises Ltd. (a),"10,134","7,79,001",,
LCTU,BlackRock U.S. Carbon Transition Readiness ETF,31/07/21,"Hotels, Restaurants & Leisure — 2.4%",Starbucks Corp.,"37,158","45,12,096",,
LCTU,BlackRock U.S. Carbon Transition Readiness ETF,31/07/21,"Hotels, Restaurants & Leisure — 2.4%",Travel + Leisure Co.,"15,764","8,16,575",,
LCTU,BlackRock U.S. Carbon Transition Readiness ETF,31/07/21,"Hotels, Restaurants & Leisure — 2.4%",Yum China Holdings Inc.,"5,630","3,50,130",,
LCTU,BlackRock U.S. Carbon Transition Readiness ETF,31/07/21,"Hotels, Restaurants & Leisure — 2.4%",Yum! Brands Inc.,"46,166","60,65,751","3,35,29,077",
LCTU,BlackRock U.S. Carbon Transition Readiness ETF,31/07/21,Household Durables — 0.6%,Leggett & Platt Inc.,"76,568","36,77,561",,
LCTU,BlackRock U.S. Carbon Transition Readiness ETF,31/07/21,Household Durables — 0.6%,Newell Brands Inc.,"1,15,978","28,70,456",,
LCTU,BlackRock U.S. Carbon Transition Readiness ETF,31/07/21,Household Durables — 0.6%,Whirlpool Corp.,"7,882","17,46,178","82,94,195",
LCTU,BlackRock U.S. Carbon Transition Readiness ETF,31/07/21,Household Products — 1.1%,Church & Dwight Co. Inc.,"16,890","14,62,336",,
LCTU,BlackRock U.S. Carbon Transition Readiness ETF,31/07/21,Household Products — 1.1%,Clorox Co. (The),"11,630","21,03,751",,
LCTU,BlackRock U.S. Carbon Transition Readiness ETF,31/07/21,Household Products — 1.1%,Colgate-Palmolive Co.,"52,697","41,89,412",,
LCTU,BlackRock U.S. Carbon Transition Readiness ETF,31/07/21,Household Products — 1.1%,Procter & Gamble Co. (The),"50,670","72,06,794","1,49,62,293",
LCTU,BlackRock U.S. Carbon Transition Readiness ETF,31/07/21,Independent Power and Renewable Electricity Producers — 0.0%,"Brookfield Renewable Corp., Class A","5,630","2,38,937","2,38,937",
LCTU,BlackRock U.S. Carbon Transition Readiness ETF,31/07/21,Industrial Conglomerates — 0.9%,3M Co.,"18,016","35,66,087",,
LCTU,BlackRock U.S. Carbon Transition Readiness ETF,31/07/21,Industrial Conglomerates — 0.9%,General Electric Co.,"3,40,052","44,03,674",,
LCTU,BlackRock U.S. Carbon Transition Readiness ETF,31/07/21,Industrial Conglomerates — 0.9%,Honeywell International Inc.,"19,142","44,75,208","1,24,44,969",
LCTU,BlackRock U.S. Carbon Transition Readiness ETF,31/07/21,Insurance — 1.8%,Aflac Inc.,"27,877","15,33,235",,
LCTU,BlackRock U.S. Carbon Transition Readiness ETF,31/07/21,Insurance — 1.8%,Allstate Corp. (The),"6,756","8,78,618",,
LCTU,BlackRock U.S. Carbon Transition Readiness ETF,31/07/21,Insurance — 1.8%,American Financial Group Inc./OH,"1,950","2,46,655",,
LCTU,BlackRock U.S. Carbon Transition Readiness ETF,31/07/21,Insurance — 1.8%,American International Group Inc.,"29,276","13,86,219",,
LCTU,BlackRock U.S. Carbon Transition Readiness ETF,31/07/21,Insurance — 1.8%,"Aon PLC, Class A","9,688","25,19,171",,
LCTU,BlackRock U.S. Carbon Transition Readiness ETF,31/07/21,Insurance — 1.8%,Arch Capital Group Ltd. (a),"16,890","6,58,710",,
LCTU,BlackRock U.S. Carbon Transition Readiness ETF,31/07/21,Insurance — 1.8%,Arthur J Gallagher & Co.,"4,504","6,27,452",,
LCTU,BlackRock U.S. Carbon Transition Readiness ETF,31/07/21,Insurance — 1.8%,"Athene Holding Ltd., Class A (a)","4,946","3,19,611",,
LCTU,BlackRock U.S. Carbon Transition Readiness ETF,31/07/21,Insurance — 1.8%,Brown & Brown Inc.,"5,949","3,23,626",,
LCTU,BlackRock U.S. Carbon Transition Readiness ETF,31/07/21,Insurance — 1.8%,Cincinnati Financial Corp.,"5,630","6,63,664",,
LCTU,BlackRock U.S. Carbon Transition Readiness ETF,31/07/21,Insurance — 1.8%,Everest Re Group Ltd.,"1,018","2,57,381",,
LCTU,BlackRock U.S. Carbon Transition Readiness ETF,31/07/21,Insurance — 1.8%,First American Financial Corp.,"2,037","1,37,110",,
LCTU,BlackRock U.S. Carbon Transition Readiness ETF,31/07/21,Insurance — 1.8%,Globe Life Inc.,"1,686","1,56,983",,
LCTU,BlackRock U.S. Carbon Transition Readiness ETF,31/07/21,Insurance — 1.8%,Hartford Financial Services Group Inc. (The),"14,638","9,31,270",,
LCTU,BlackRock U.S. Carbon Transition Readiness ETF,31/07/21,Insurance — 1.8%,Lemonade Inc. (a),"6,756","5,88,177",,
LCTU,BlackRock U.S. Carbon Transition Readiness ETF,31/07/21,Insurance — 1.8%,Lincoln National Corp.,"12,386","7,63,225",,
LCTU,BlackRock U.S. Carbon Transition Readiness ETF,31/07/21,Insurance — 1.8%,Loews Corp.,"2,806","1,50,486",,
LCTU,BlackRock U.S. Carbon Transition Readiness ETF,31/07/21,Insurance — 1.8%,Markel Corp. (a),230,"2,77,419",,
LCTU,BlackRock U.S. Carbon Transition Readiness ETF,31/07/21,Insurance — 1.8%,Marsh & McLennan Companies Inc.,"18,016","26,52,316",,
LCTU,BlackRock U.S. Carbon Transition Readiness ETF,31/07/21,Insurance — 1.8%,MetLife Inc.,"37,670","21,73,559",,
LCTU,BlackRock U.S. Carbon Transition Readiness ETF,31/07/21,Insurance — 1.8%,Principal Financial Group Inc.,"18,924","11,75,748",,
LCTU,BlackRock U.S. Carbon Transition Readiness ETF,31/07/21,Insurance — 1.8%,Progressive Corp. (The),"22,116","21,04,559",,
LCTU,BlackRock U.S. Carbon Transition Readiness ETF,31/07/21,Insurance — 1.8%,Prudential Financial Inc.,"18,016","18,06,644",,
LCTU,BlackRock U.S. Carbon Transition Readiness ETF,31/07/21,Insurance — 1.8%,Reinsurance Group of America Inc.,"1,659","1,82,789",,
LCTU,BlackRock U.S. Carbon Transition Readiness ETF,31/07/21,Insurance — 1.8%,RenaissanceRe Holdings Ltd.,"1,126","1,71,929",,
LCTU,BlackRock U.S. Carbon Transition Readiness ETF,31/07/21,Insurance — 1.8%,Travelers Companies Inc. (The),"10,606","15,79,446",,
LCTU,BlackRock U.S. Carbon Transition Readiness ETF,31/07/21,Insurance — 1.8%,W R Berkley Corp.,"3,190","2,33,412",,
LCTU,BlackRock U.S. Carbon Transition Readiness ETF,31/07/21,Insurance — 1.8%,Willis Towers Watson PLC,"5,630","11,60,230","2,56,59,644",
LCTU,BlackRock U.S. Carbon Transition Readiness ETF,31/07/21,Interactive Media & Services — 6.2%,"Alphabet Inc., Class A (a)","9,721","2,61,93,526",,
LCTU,BlackRock U.S. Carbon Transition Readiness ETF,31/07/21,Interactive Media & Services — 6.2%,"Alphabet Inc., Class C, NVS (a)","10,134","2,74,06,592",,
LCTU,BlackRock U.S. Carbon Transition Readiness ETF,31/07/21,Interactive Media & Services — 6.2%,"Facebook Inc., Class A (a)","85,327","3,04,02,010",,
LCTU,BlackRock U.S. Carbon Transition Readiness ETF,31/07/21,Interactive Media & Services — 6.2%,IAC/InterActiveCorp. (a),"7,882","10,82,120",,
LCTU,BlackRock U.S. Carbon Transition Readiness ETF,31/07/21,Interactive Media & Services — 6.2%,Match Group Inc. (a),"3,245","5,16,831",,
LCTU,BlackRock U.S. Carbon Transition Readiness ETF,31/07/21,Interactive Media & Services — 6.2%,"Pinterest Inc., Class A (a)","12,205","7,18,874",,
LCTU,BlackRock U.S. Carbon Transition Readiness ETF,31/07/21,Interactive Media & Services — 6.2%,TripAdvisor Inc. (a),"16,890","6,40,976",,
LCTU,BlackRock U.S. Carbon Transition Readiness ETF,31/07/21,Interactive Media & Services — 6.2%,Twitter Inc. (a),"20,268","14,13,693",,
LCTU,BlackRock U.S. Carbon Transition Readiness ETF,31/07/21,Interactive Media & Services — 6.2%,"Zillow Group Inc., Class C, NVS (a)","5,630","5,98,244","8,89,72,866",
LCTU,BlackRock U.S. Carbon Transition Readiness ETF,31/07/21,Internet & Direct Marketing Retail — 3.2%,Amazon.com Inc. (a),"12,331","4,10,32,512",,
LCTU,BlackRock U.S. Carbon Transition Readiness ETF,31/07/21,Internet & Direct Marketing Retail — 3.2%,"DoorDash Inc., Class A (a)","5,630","9,81,253",,
LCTU,BlackRock U.S. Carbon Transition Readiness ETF,31/07/21,Internet & Direct Marketing Retail — 3.2%,Etsy Inc. (a),"10,134","18,59,690",,
LCTU,BlackRock U.S. Carbon Transition Readiness ETF,31/07/21,Internet & Direct Marketing Retail — 3.2%,"Qurate Retail Inc., Series A","87,828","10,41,640",,
LCTU,BlackRock U.S. Carbon Transition Readiness ETF,31/07/21,Internet & Direct Marketing Retail — 3.2%,"Wayfair Inc., Class A (a)","1,755","4,23,587","4,53,38,682",
LCTU,BlackRock U.S. Carbon Transition Readiness ETF,31/07/21,IT Services — 4.6%,"Accenture PLC, Class A","32,654","1,03,73,523",,
LCTU,BlackRock U.S. Carbon Transition Readiness ETF,31/07/21,IT Services — 4.6%,Automatic Data Processing Inc.,"4,504","9,44,174",,
LCTU,BlackRock U.S. Carbon Transition Readiness ETF,31/07/21,IT Services — 4.6%,Broadridge Financial Solutions Inc.,"11,260","19,53,497",,
LCTU,BlackRock U.S. Carbon Transition Readiness ETF,31/07/21,IT Services — 4.6%,DXC Technology Co. (a),"6,756","2,70,105",,
LCTU,BlackRock U.S. Carbon Transition Readiness ETF,31/07/21,IT Services — 4.6%,Fidelity National Information Services Inc.,"9,008","13,42,642",,
LCTU,BlackRock U.S. Carbon Transition Readiness ETF,31/07/21,IT Services — 4.6%,Global Payments Inc.,"5,851","11,31,642",,
LCTU,BlackRock U.S. Carbon Transition Readiness ETF,31/07/21,IT Services — 4.6%,Globant SA (a),"2,252","5,38,588",,
LCTU,BlackRock U.S. Carbon Transition Readiness ETF,31/07/21,IT Services — 4.6%,International Business Machines Corp.,"30,402","42,85,466",,
LCTU,BlackRock U.S. Carbon Transition Readiness ETF,31/07/21,IT Services — 4.6%,"Mastercard Inc., Class A","28,914","1,11,59,069",,
LCTU,BlackRock U.S. Carbon Transition Readiness ETF,31/07/21,IT Services — 4.6%,"MongoDB Inc., Class A (a)","1,111","3,98,760",,
LCTU,BlackRock U.S. Carbon Transition Readiness ETF,31/07/21,IT Services — 4.6%,Okta Inc. (a),"2,252","5,58,023",,
LCTU,BlackRock U.S. Carbon Transition Readiness ETF,31/07/21,IT Services — 4.6%,Paychex Inc.,"5,630","6,40,807",,
LCTU,BlackRock U.S. Carbon Transition Readiness ETF,31/07/21,IT Services — 4.6%,PayPal Holdings Inc. (a),"40,536","1,11,68,884",,
LCTU,BlackRock U.S. Carbon Transition Readiness ETF,31/07/21,IT Services — 4.6%,"Snowflake Inc., Class A (a)","5,630","14,96,004",,
LCTU,BlackRock U.S. Carbon Transition Readiness ETF,31/07/21,IT Services — 4.6%,"Square Inc., Class A (a)","14,706","36,36,206",,
LCTU,BlackRock U.S. Carbon Transition Readiness ETF,31/07/21,IT Services — 4.6%,"StoneCo Ltd., Class A","12,386","7,28,792",,
LCTU,BlackRock U.S. Carbon Transition Readiness ETF,31/07/21,IT Services — 4.6%,"Twilio Inc., Class A (a)","4,282","15,99,712",,
LCTU,BlackRock U.S. Carbon Transition Readiness ETF,31/07/21,IT Services — 4.6%,"Visa Inc., Class A","49,544","1,22,07,146",,
LCTU,BlackRock U.S. Carbon Transition Readiness ETF,31/07/21,IT Services — 4.6%,Wix.com Ltd. (a),"2,252","6,72,537","6,51,05,577",
LCTU,BlackRock U.S. Carbon Transition Readiness ETF,31/07/21,Leisure Products — 0.1%,"Peloton Interactive Inc., Class A (a)","10,134","11,96,319","11,96,319",
LCTU,BlackRock U.S. Carbon Transition Readiness ETF,31/07/21,Life Sciences Tools & Services — 1.3%,Illumina Inc. (a),"10,134","50,23,930",,
LCTU,BlackRock U.S. Carbon Transition Readiness ETF,31/07/21,Life Sciences Tools & Services — 1.3%,IQVIA Holdings Inc. (a),"20,268","50,20,384",,
LCTU,BlackRock U.S. Carbon Transition Readiness ETF,31/07/21,Life Sciences Tools & Services — 1.3%,PerkinElmer Inc.,"5,855","10,66,957",,
LCTU,BlackRock U.S. Carbon Transition Readiness ETF,31/07/21,Life Sciences Tools & Services — 1.3%,Thermo Fisher Scientific Inc.,"13,625","73,57,636","1,84,68,907",
LCTU,BlackRock U.S. Carbon Transition Readiness ETF,31/07/21,Machinery — 2.0%,Caterpillar Inc.,"21,153","43,73,383",,
LCTU,BlackRock U.S. Carbon Transition Readiness ETF,31/07/21,Machinery — 2.0%,Cummins Inc.,"5,630","13,06,723",,
LCTU,BlackRock U.S. Carbon Transition Readiness ETF,31/07/21,Machinery — 2.0%,Deere & Co.,"7,607","27,50,615",,
LCTU,BlackRock U.S. Carbon Transition Readiness ETF,31/07/21,Machinery — 2.0%,Dover Corp.,"69,244","1,15,72,057",,
LCTU,BlackRock U.S. Carbon Transition Readiness ETF,31/07/21,Machinery — 2.0%,Ingersoll Rand Inc. (a),"37,762","18,45,429",,
LCTU,BlackRock U.S. Carbon Transition Readiness ETF,31/07/21,Machinery — 2.0%,Middleby Corp. (The) (a),"7,882","15,09,324",,
LCTU,BlackRock U.S. Carbon Transition Readiness ETF,31/07/21,Machinery — 2.0%,PACCAR Inc.,"3,451","2,86,398",,
LCTU,BlackRock U.S. Carbon Transition Readiness ETF,31/07/21,Machinery — 2.0%,Pentair PLC,"47,292","34,84,002",,
LCTU,BlackRock U.S. Carbon Transition Readiness ETF,31/07/21,Machinery — 2.0%,Xylem Inc./NY,"10,134","12,75,364","2,84,03,295",
LCTU,BlackRock U.S. Carbon Transition Readiness ETF,31/07/21,Media — 1.0%,"Charter Communications Inc., Class A (a)","4,504","33,51,201",,
LCTU,BlackRock U.S. Carbon Transition Readiness ETF,31/07/21,Media — 1.0%,"Comcast Corp., Class A","1,75,656","1,03,33,843",,
LCTU,BlackRock U.S. Carbon Transition Readiness ETF,31/07/21,Media — 1.0%,"ViacomCBS Inc., Class B, NVS","19,142","7,83,482","1,44,68,526",
LCTU,BlackRock U.S. Carbon Transition Readiness ETF,31/07/21,Metals & Mining — 0.5%,Royal Gold Inc.,"30,402","36,94,451",,
LCTU,BlackRock U.S. Carbon Transition Readiness ETF,31/07/21,Metals & Mining — 0.5%,Steel Dynamics Inc.,"58,552","37,73,676","74,68,127",
LCTU,BlackRock U.S. Carbon Transition Readiness ETF,31/07/21,Multi-Utilities — 0.1%,CenterPoint Energy Inc.,"7,882","2,00,676",,
LCTU,BlackRock U.S. Carbon Transition Readiness ETF,31/07/21,Multi-Utilities — 0.1%,Consolidated Edison Inc.,"16,890","12,45,975","14,46,651",
LCTU,BlackRock U.S. Carbon Transition Readiness ETF,31/07/21,Multiline Retail — 0.3%,Nordstrom Inc. (a),"19,371","6,41,180",,
LCTU,BlackRock U.S. Carbon Transition Readiness ETF,31/07/21,Multiline Retail — 0.3%,Target Corp.,"15,764","41,15,192","47,56,372",
LCTU,BlackRock U.S. Carbon Transition Readiness ETF,31/07/21,"Oil, Gas & Consumable Fuels — 2.2%",Cheniere Energy Inc. (a),"33,780","28,68,935",,
LCTU,BlackRock U.S. Carbon Transition Readiness ETF,31/07/21,"Oil, Gas & Consumable Fuels — 2.2%",Chevron Corp.,"44,692","45,50,093",,
LCTU,BlackRock U.S. Carbon Transition Readiness ETF,31/07/21,"Oil, Gas & Consumable Fuels — 2.2%",ConocoPhillips,"79,946","44,81,773",,
LCTU,BlackRock U.S. Carbon Transition Readiness ETF,31/07/21,"Oil, Gas & Consumable Fuels — 2.2%",Devon Energy Corp.,"18,016","4,65,533",,
LCTU,BlackRock U.S. Carbon Transition Readiness ETF,31/07/21,"Oil, Gas & Consumable Fuels — 2.2%",Diamondback Energy Inc.,"4,504","3,47,394",,
LCTU,BlackRock U.S. Carbon Transition Readiness ETF,31/07/21,"Oil, Gas & Consumable Fuels — 2.2%",EOG Resources Inc.,"10,134","7,38,363",,
LCTU,BlackRock U.S. Carbon Transition Readiness ETF,31/07/21,"Oil, Gas & Consumable Fuels — 2.2%",EQT Corp. (a),"52,922","9,73,236",,
LCTU,BlackRock U.S. Carbon Transition Readiness ETF,31/07/21,"Oil, Gas & Consumable Fuels — 2.2%",Exxon Mobil Corp.,"40,536","23,33,658",,
LCTU,BlackRock U.S. Carbon Transition Readiness ETF,31/07/21,"Oil, Gas & Consumable Fuels — 2.2%",Kinder Morgan Inc.,"5,67,504","98,63,219",,
LCTU,BlackRock U.S. Carbon Transition Readiness ETF,31/07/21,"Oil, Gas & Consumable Fuels — 2.2%",Marathon Petroleum Corp.,"11,260","6,21,777",,
LCTU,BlackRock U.S. Carbon Transition Readiness ETF,31/07/21,"Oil, Gas & Consumable Fuels — 2.2%",Pioneer Natural Resources Co.,"3,378","4,91,060",,
LCTU,BlackRock U.S. Carbon Transition Readiness ETF,31/07/21,"Oil, Gas & Consumable Fuels — 2.2%",Valero Energy Corp.,"5,630","3,77,041",,
LCTU,BlackRock U.S. Carbon Transition Readiness ETF,31/07/21,"Oil, Gas & Consumable Fuels — 2.2%",Williams Companies Inc. (The),"1,36,246","34,12,962","3,15,25,044",
LCTU,BlackRock U.S. Carbon Transition Readiness ETF,31/07/21,Personal Products — 0.4%,"Coty Inc., Class A (a)","87,828","7,66,738",,
LCTU,BlackRock U.S. Carbon Transition Readiness ETF,31/07/21,Personal Products — 0.4%,"Estee Lauder Companies Inc. (The), Class A","13,512","45,10,711","52,77,449",
LCTU,BlackRock U.S. Carbon Transition Readiness ETF,31/07/21,Pharmaceuticals — 3.5%,Bristol-Myers Squibb Co.,"1,36,246","92,47,016",,
LCTU,BlackRock U.S. Carbon Transition Readiness ETF,31/07/21,Pharmaceuticals — 3.5%,Catalent Inc. (a),"13,512","16,18,873",,
LCTU,BlackRock U.S. Carbon Transition Readiness ETF,31/07/21,Pharmaceuticals — 3.5%,Eli Lilly & Co.,"41,662","1,01,44,697",,
LCTU,BlackRock U.S. Carbon Transition Readiness ETF,31/07/21,Pharmaceuticals — 3.5%,Johnson & Johnson,"77,694","1,33,78,907",,
LCTU,BlackRock U.S. Carbon Transition Readiness ETF,31/07/21,Pharmaceuticals — 3.5%,Merck & Co. Inc.,"77,694","59,72,338",,
LCTU,BlackRock U.S. Carbon Transition Readiness ETF,31/07/21,Pharmaceuticals — 3.5%,"Nektar Therapeutics, Class A (a)","77,694","12,26,788",,
LCTU,BlackRock U.S. Carbon Transition Readiness ETF,31/07/21,Pharmaceuticals — 3.5%,Perrigo Co. PLC,"30,809","14,79,756",,
LCTU,BlackRock U.S. Carbon Transition Readiness ETF,31/07/21,Pharmaceuticals — 3.5%,Pfizer Inc.,"1,41,876","60,73,712",,
LCTU,BlackRock U.S. Carbon Transition Readiness ETF,31/07/21,Pharmaceuticals — 3.5%,Viatris Inc.,"42,788","6,02,027","4,97,44,114",
LCTU,BlackRock U.S. Carbon Transition Readiness ETF,31/07/22,Professional Services — 1.3%,CoStar Group Inc.(a),"1,01,340","90,04,059",,
LCTU,BlackRock U.S. Carbon Transition Readiness ETF,31/07/23,Professional Services — 1.3%,Equifax Inc.,"2,252","5,86,871",,
LCTU,BlackRock U.S. Carbon Transition Readiness ETF,31/07/21,Professional Services — 1.3%,IHS Markit Ltd.,"4,504","5,26,247",,
LCTU,BlackRock U.S. Carbon Transition Readiness ETF,31/07/21,Professional Services — 1.3%,Jacobs Engineering Group Inc.,"38,284","51,77,911",,
LCTU,BlackRock U.S. Carbon Transition Readiness ETF,31/07/21,Professional Services — 1.3%,Leidos Holdings Inc.,"16,890","17,97,434",,
LCTU,BlackRock U.S. Carbon Transition Readiness ETF,31/07/21,Professional Services — 1.3%,TransUnion,"2,252","2,70,375",,
LCTU,BlackRock U.S. Carbon Transition Readiness ETF,31/07/21,Professional Services — 1.3%,"Verisk Analytics Inc., Class A","4,504","8,55,490","1,82,18,387",
LCTU,BlackRock U.S. Carbon Transition Readiness ETF,31/07/21,Real Estate Management & Development — 0.0%,Opendoor Technologies Inc. (a),"29,276","4,33,870","4,33,870",
LCTU,BlackRock U.S. Carbon Transition Readiness ETF,31/07/21,Road & Rail — 0.9%,CSX Corp.,"1,24,986","40,39,547",,
LCTU,BlackRock U.S. Carbon Transition Readiness ETF,31/07/21,Road & Rail — 0.9%,JB Hunt Transport Services Inc.,"12,386","20,86,422",,
LCTU,BlackRock U.S. Carbon Transition Readiness ETF,31/07/21,Road & Rail — 0.9%,Knight-Swift Transportation Holdings Inc.,"55,174","27,41,596",,
LCTU,BlackRock U.S. Carbon Transition Readiness ETF,31/07/21,Road & Rail — 0.9%,Old Dominion Freight Line Inc.,"1,126","3,03,063",,
LCTU,BlackRock U.S. Carbon Transition Readiness ETF,31/07/21,Road & Rail — 0.9%,Uber Technologies Inc. (a),"13,512","5,87,232",,
LCTU,BlackRock U.S. Carbon Transition Readiness ETF,31/07/21,Road & Rail — 0.9%,Union Pacific Corp.,"12,386","27,09,561","1,24,67,421",
LCTU,BlackRock U.S. Carbon Transition Readiness ETF,31/07/21,Semiconductors & Semiconductor Equipment — 5.2%,Advanced Micro Devices Inc. (a),"70,938","75,32,906",,
LCTU,BlackRock U.S. Carbon Transition Readiness ETF,31/07/21,Semiconductors & Semiconductor Equipment — 5.2%,Analog Devices Inc.,"30,402","50,89,903",,
LCTU,BlackRock U.S. Carbon Transition Readiness ETF,31/07/21,Semiconductors & Semiconductor Equipment — 5.2%,Applied Materials Inc.,"22,520","31,51,224",,
LCTU,BlackRock U.S. Carbon Transition Readiness ETF,31/07/21,Semiconductors & Semiconductor Equipment — 5.2%,Broadcom Inc.,"19,142","92,91,527",,
LCTU,BlackRock U.S. Carbon Transition Readiness ETF,31/07/21,Semiconductors & Semiconductor Equipment — 5.2%,Intel Corp.,"90,080","48,39,098",,
LCTU,BlackRock U.S. Carbon Transition Readiness ETF,31/07/21,Semiconductors & Semiconductor Equipment — 5.2%,Marvell Technology Inc.,"48,356","29,26,021",,
LCTU,BlackRock U.S. Carbon Transition Readiness ETF,31/07/21,Semiconductors & Semiconductor Equipment — 5.2%,Maxim Integrated Products Inc.,"63,292","63,23,504",,
LCTU,BlackRock U.S. Carbon Transition Readiness ETF,31/07/21,Semiconductors & Semiconductor Equipment — 5.2%,Microchip Technology Inc.,"22,520","32,23,062",,
LCTU,BlackRock U.S. Carbon Transition Readiness ETF,31/07/21,Semiconductors & Semiconductor Equipment — 5.2%,MKS Instruments Inc.,"6,756","10,56,909",,
LCTU,BlackRock U.S. Carbon Transition Readiness ETF,31/07/21,Semiconductors & Semiconductor Equipment — 5.2%,Monolithic Power Systems Inc.,"2,252","10,11,733",,
LCTU,BlackRock U.S. Carbon Transition Readiness ETF,31/07/21,Semiconductors & Semiconductor Equipment — 5.2%,NVIDIA Corp.,"81,072","1,58,08,229",,
LCTU,BlackRock U.S. Carbon Transition Readiness ETF,31/07/21,Semiconductors & Semiconductor Equipment — 5.2%,QUALCOMM Inc.,"21,394","32,04,821",,
LCTU,BlackRock U.S. Carbon Transition Readiness ETF,31/07/21,Semiconductors & Semiconductor Equipment — 5.2%,Skyworks Solutions Inc.,"6,756","12,46,550",,
LCTU,BlackRock U.S. Carbon Transition Readiness ETF,31/07/21,Semiconductors & Semiconductor Equipment — 5.2%,Texas Instruments Inc.,"30,402","57,95,229",,
LCTU,BlackRock U.S. Carbon Transition Readiness ETF,31/07/21,Semiconductors & Semiconductor Equipment — 5.2%,Universal Display Corp.,"12,386","29,04,393",,
LCTU,BlackRock U.S. Carbon Transition Readiness ETF,31/07/21,Semiconductors & Semiconductor Equipment — 5.2%,Xilinx Inc.,"5,008","7,50,399","7,41,55,508",
LCTU,BlackRock U.S. Carbon Transition Readiness ETF,31/07/21,Software — 10.9%,Adobe Inc. (a),"23,733","1,47,53,145",,
LCTU,BlackRock U.S. Carbon Transition Readiness ETF,31/07/21,Software — 10.9%,"Atlassian Corp. PLC, Class A (a)","2,252","7,32,170",,
LCTU,BlackRock U.S. Carbon Transition Readiness ETF,31/07/21,Software — 10.9%,Autodesk Inc. (a),"3,378","10,84,777",,
LCTU,BlackRock U.S. Carbon Transition Readiness ETF,31/07/21,Software — 10.9%,Bill.com Holdings Inc. (a),"1,126","2,32,879",,
LCTU,BlackRock U.S. Carbon Transition Readiness ETF,31/07/21,Software — 10.9%,"C3.ai Inc., Class A (a)","5,630","2,83,470",,
LCTU,BlackRock U.S. Carbon Transition Readiness ETF,31/07/21,Software — 10.9%,Cadence Design Systems Inc. (a),"30,402","44,88,855",,
LCTU,BlackRock U.S. Carbon Transition Readiness ETF,31/07/21,Software — 10.9%,Citrix Systems Inc.,"6,756","6,80,667",,
LCTU,BlackRock U.S. Carbon Transition Readiness ETF,31/07/21,Software — 10.9%,"Cloudflare Inc., Class A (a)","9,008","10,68,619",,
LCTU,BlackRock U.S. Carbon Transition Readiness ETF,31/07/21,Software — 10.9%,Coupa Software Inc. (a),"1,126","2,44,342",,
LCTU,BlackRock U.S. Carbon Transition Readiness ETF,31/07/21,Software — 10.9%,"Crowdstrike Holdings Inc., Class A (a)","4,857","12,31,784",,
LCTU,BlackRock U.S. Carbon Transition Readiness ETF,31/07/21,Software — 10.9%,"Datadog Inc., Class A (a)","2,252","2,49,296",,
LCTU,BlackRock U.S. Carbon Transition Readiness ETF,31/07/21,Software — 10.9%,"DocuSign Inc., Class A (a)","4,504","13,42,372",,
LCTU,BlackRock U.S. Carbon Transition Readiness ETF,31/07/21,Software — 10.9%,"Dolby Laboratories Inc., Class A","65,567","63,66,556",,
LCTU,BlackRock U.S. Carbon Transition Readiness ETF,31/07/21,Software — 10.9%,Fortinet Inc. (a),"4,504","12,26,169",,
LCTU,BlackRock U.S. Carbon Transition Readiness ETF,31/07/21,Software — 10.9%,Guidewire Software Inc. (a),"7,882","9,08,006",,
LCTU,BlackRock U.S. Carbon Transition Readiness ETF,31/07/21,Software — 10.9%,Intuit Inc.,"29,718","1,57,49,648",,
LCTU,BlackRock U.S. Carbon Transition Readiness ETF,31/07/21,Software — 10.9%,Microsoft Corp.,"2,45,468","6,99,36,288",,
LCTU,BlackRock U.S. Carbon Transition Readiness ETF,31/07/21,Software — 10.9%,NortonLifeLock Inc.,"1,29,490","32,13,942",,
LCTU,BlackRock U.S. Carbon Transition Readiness ETF,31/07/21,Software — 10.9%,Oracle Corp.,"41,662","36,30,427",,
LCTU,BlackRock U.S. Carbon Transition Readiness ETF,31/07/21,Software — 10.9%,"Palantir Technologies Inc., Class A (a)","65,308","14,17,837",,
LCTU,BlackRock U.S. Carbon Transition Readiness ETF,31/07/21,Software — 10.9%,Palo Alto Networks Inc. (a),"2,705","10,79,430",,
LCTU,BlackRock U.S. Carbon Transition Readiness ETF,31/07/21,Software — 10.9%,Proofpoint Inc. (a),"5,745","10,03,422",,
LCTU,BlackRock U.S. Carbon Transition Readiness ETF,31/07/21,Software — 10.9%,PTC Inc. (a),"2,371","3,21,152",,
LCTU,BlackRock U.S. Carbon Transition Readiness ETF,31/07/21,Software — 10.9%,salesforce.com Inc. (a),"41,662","1,00,79,288",,
LCTU,BlackRock U.S. Carbon Transition Readiness ETF,31/07/21,Software — 10.9%,ServiceNow Inc. (a),"12,894","75,80,254",,
LCTU,BlackRock U.S. Carbon Transition Readiness ETF,31/07/21,Software — 10.9%,"Trade Desk Inc. (The), Class A (a)","4,504","3,68,923",,
LCTU,BlackRock U.S. Carbon Transition Readiness ETF,31/07/21,Software — 10.9%,Unity Software Inc. (a),"2,252","2,41,234",,
LCTU,BlackRock U.S. Carbon Transition Readiness ETF,31/07/21,Software — 10.9%,"Workday Inc., Class A (a)","15,764","36,95,082",,
LCTU,BlackRock U.S. Carbon Transition Readiness ETF,31/07/21,Software — 10.9%,"Zoom Video Communications Inc., Class A (a)","6,756","25,54,444","15,57,64,478",
LCTU,BlackRock U.S. Carbon Transition Readiness ETF,31/07/21,Specialty Retail — 2.1%,AutoNation Inc. (a),"22,520","27,32,352",,
LCTU,BlackRock U.S. Carbon Transition Readiness ETF,31/07/21,Specialty Retail — 2.1%,Best Buy Co. Inc.,"4,504","5,06,024",,
LCTU,BlackRock U.S. Carbon Transition Readiness ETF,31/07/21,Specialty Retail — 2.1%,"Carvana Co., Class A (a)","2,252","7,60,185",,
LCTU,BlackRock U.S. Carbon Transition Readiness ETF,31/07/21,Specialty Retail — 2.1%,"GameStop Corp., Class A (a)","2,252","3,62,842",,
LCTU,BlackRock U.S. Carbon Transition Readiness ETF,31/07/21,Specialty Retail — 2.1%,Home Depot Inc. (The),"40,536","1,33,03,510",,
LCTU,BlackRock U.S. Carbon Transition Readiness ETF,31/07/21,Specialty Retail — 2.1%,L Brands Inc.,"4,637","3,71,285",,
LCTU,BlackRock U.S. Carbon Transition Readiness ETF,31/07/21,Specialty Retail — 2.1%,Lowe’s Companies Inc.,"34,906","67,26,037",,
LCTU,BlackRock U.S. Carbon Transition Readiness ETF,31/07/21,Specialty Retail — 2.1%,Ross Stores Inc.,"10,134","12,43,340",,
LCTU,BlackRock U.S. Carbon Transition Readiness ETF,31/07/21,Specialty Retail — 2.1%,TJX Companies Inc. (The),"32,654","22,46,922",,
LCTU,BlackRock U.S. Carbon Transition Readiness ETF,31/07/21,Specialty Retail — 2.1%,Ulta Beauty Inc. (a),"2,252","7,56,222",,
LCTU,BlackRock U.S. Carbon Transition Readiness ETF,31/07/21,Specialty Retail — 2.1%,Williams-Sonoma Inc.,"2,252","3,41,628","2,93,50,347",
LCTU,BlackRock U.S. Carbon Transition Readiness ETF,31/07/21,"Technology Hardware, Storage & Peripherals — 5.8%",Apple Inc.,"5,21,413","7,60,53,300",,
LCTU,BlackRock U.S. Carbon Transition Readiness ETF,31/07/21,"Technology Hardware, Storage & Peripherals — 5.8%","Dell Technologies Inc., Class C (a)","27,024","26,11,059",,
LCTU,BlackRock U.S. Carbon Transition Readiness ETF,31/07/21,"Technology Hardware, Storage & Peripherals — 5.8%",Hewlett Packard Enterprise Co.,"1,83,735","26,64,157",,
LCTU,BlackRock U.S. Carbon Transition Readiness ETF,31/07/21,"Technology Hardware, Storage & Peripherals — 5.8%","Pure Storage Inc., Class A (a)","61,930","12,08,874","8,25,37,390",
LCTU,BlackRock U.S. Carbon Transition Readiness ETF,31/07/21,"Textiles, Apparel & Luxury Goods — 0.5%",Lululemon Athletica Inc. (a),"3,378","13,51,774",,
LCTU,BlackRock U.S. Carbon Transition Readiness ETF,31/07/21,"Textiles, Apparel & Luxury Goods — 0.5%","Nike Inc., Class B","35,912","60,15,619","73,67,393",
LCTU,BlackRock U.S. Carbon Transition Readiness ETF,31/07/21,Thrifts & Mortgage Finance — 0.0%,"Rocket Companies Inc., Class A","23,646","4,07,657","4,07,657",
LCTU,BlackRock U.S. Carbon Transition Readiness ETF,31/07/21,Wireless Telecommunication Services — 0.6%,T-Mobile U.S. Inc. (a),"61,561","88,66,015","88,66,015","1,40,46,78,913"
LCTU,BlackRock U.S. Carbon Transition Readiness ETF,31/07/21,MONEY MARKET FUNDS — 1.3%,"BlackRock Cash Funds: Institutional, SL Agency Shares, 0.06%(c)(d)(e)","10,51,299","10,51,825",,
LCTU,BlackRock U.S. Carbon Transition Readiness ETF,31/07/21,MONEY MARKET FUNDS — 1.3%,"BlackRock Cash Funds: Treasury, SL Agency Shares, 0.00%(c)(d)","1,71,50,000","1,71,50,000","1,82,01,825","1,82,01,825"
SDG,iShares MSCI Global Impact ETF,31/08/21,Australia — 1.3%,CSL Ltd.,"27,767","63,15,402",,
SDG,iShares MSCI Global Impact ETF,31/08/21,Australia — 1.3%,Vicinity Centres,"6,52,427","8,23,661","71,39,063",
SDG,iShares MSCI Global Impact ETF,31/08/21,Austria — 0.2%,Verbund AG,"9,405","10,30,251","10,30,251",
SDG,iShares MSCI Global Impact ETF,31/08/21,Belgium — 4.6%,Elia Group SA/NV,"13,778","17,30,455",,
SDG,iShares MSCI Global Impact ETF,31/08/21,Belgium — 4.6%,Etablissements Franz Colruyt NV,"25,075","14,03,639",,
SDG,iShares MSCI Global Impact ETF,31/08/21,Belgium — 4.6%,Umicore SA,"3,50,262","2,30,47,940","2,61,82,034",
SDG,iShares MSCI Global Impact ETF,31/08/21,Brazil — 0.1%,Adecoagro SA (a)(b),"63,827","5,96,782","5,96,782",
SDG,iShares MSCI Global Impact ETF,31/08/21,Canada — 4.7%,Ballard Power Systems Inc.,"18,461","3,11,085",,
SDG,iShares MSCI Global Impact ETF,31/08/21,Canada — 4.7%,Northland Power Inc.,"81,590","26,99,296",,
SDG,iShares MSCI Global Impact ETF,31/08/21,Canada — 4.7%,West Fraser Timber Co. Ltd.,"3,01,366","2,32,70,381","2,62,80,762",
SDG,iShares MSCI Global Impact ETF,31/08/21,Chile — 2.3%,Empresas CMPC SA,"59,69,503","1,32,60,505","1,32,60,505",
SDG,iShares MSCI Global Impact ETF,31/08/21,China — 11.7%,3SBio Inc. (a)(c),"2,40,500","2,67,924",,
SDG,iShares MSCI Global Impact ETF,31/08/21,China — 11.7%,Beijing Enterprises Water Group Ltd.,"71,36,000","29,43,141",,
SDG,iShares MSCI Global Impact ETF,31/08/21,China — 11.7%,"BYD Co. Ltd., Class A","40,089","17,26,105",,
SDG,iShares MSCI Global Impact ETF,31/08/21,China — 11.7%,"BYD Co. Ltd., Class H","1,14,500","38,49,387",,
SDG,iShares MSCI Global Impact ETF,31/08/21,China — 11.7%,China Conch Venture Holdings Ltd.,"5,38,000","22,01,939",,
SDG,iShares MSCI Global Impact ETF,31/08/21,China — 11.7%,China Education Group Holdings Ltd.,"1,05,000","1,98,516",,
SDG,iShares MSCI Global Impact ETF,31/08/21,China — 11.7%,China Everbright Environment Group Ltd.,"1,15,58,000","79,90,797",,
SDG,iShares MSCI Global Impact ETF,31/08/21,China — 11.7%,"China Longyuan Power Group Corp. Ltd., Class H","17,11,000","34,87,271",,
SDG,iShares MSCI Global Impact ETF,31/08/21,China — 11.7%,China Medical System Holdings Ltd.,"2,34,000","4,59,286",,
SDG,iShares MSCI Global Impact ETF,31/08/21,China — 11.7%,China Mengniu Dairy Co. Ltd.,"9,93,000","59,72,657",,
SDG,iShares MSCI Global Impact ETF,31/08/21,China — 11.7%,"China Railway Signal & Communication Corp. Ltd., Class A","2,42,250","1,96,305",,
SDG,iShares MSCI Global Impact ETF,31/08/21,China — 11.7%,"Chindata Group Holdings Ltd., ADR","45,978","5,46,219",,
SDG,iShares MSCI Global Impact ETF,31/08/21,China — 11.7%,"Contemporary Amperex Technology Co. Ltd., Class A","18,600","14,28,995",,
SDG,iShares MSCI Global Impact ETF,31/08/21,China — 11.7%,CSPC Pharmaceutical Group Ltd.,"7,51,520","9,53,380",,
SDG,iShares MSCI Global Impact ETF,31/08/21,China — 11.7%,"Fu Jian Anjoy Foods Co. Ltd., Class A","8,800","2,13,045",,
SDG,iShares MSCI Global Impact ETF,31/08/21,China — 11.7%,"Gotion High-tech Co. Ltd., Class A","16,900","1,40,732",,
SDG,iShares MSCI Global Impact ETF,31/08/21,China — 11.7%,Hansoh Pharmaceutical Group Co. Ltd.,"32,000","87,249",,
SDG,iShares MSCI Global Impact ETF,31/08/21,China — 11.7%,"Henan Shuanghui Investment & Development Co. Ltd., Class A","1,85,400","6,92,300",,
SDG,iShares MSCI Global Impact ETF,31/08/21,China — 11.7%,"Kingsoft Cloud Holdings Ltd., ADR (a)(b)","5,997","1,93,043",,
SDG,iShares MSCI Global Impact ETF,31/08/21,China — 11.7%,"Li Auto Inc., ADR","1,49,946","46,27,334",,
SDG,iShares MSCI Global Impact ETF,31/08/21,China — 11.7%,"LONGi Green Energy Technology Co. Ltd., Class A","1,05,300","14,61,146",,
SDG,iShares MSCI Global Impact ETF,31/08/21,China — 11.7%,"Ming Yang Smart Energy Group Ltd., Class A","1,89,100","6,58,651",,
SDG,iShares MSCI Global Impact ETF,31/08/21,China — 11.7%,"NIO Inc., ADR","1,61,855","63,62,520",,
SDG,iShares MSCI Global Impact ETF,31/08/21,China — 11.7%,"Riyue Heavy Industry Co. Ltd., Class A","15,700","76,458",,
SDG,iShares MSCI Global Impact ETF,31/08/21,China — 11.7%,Shimao Group Holdings Ltd.,"47,52,500","98,20,179",,
SDG,iShares MSCI Global Impact ETF,31/08/21,China — 11.7%,"Sungrow Power Supply Co. Ltd., Class A","24,800","6,04,030",,
SDG,iShares MSCI Global Impact ETF,31/08/21,China — 11.7%,Vinda International Holdings Ltd.,"2,36,000","6,95,598",,
SDG,iShares MSCI Global Impact ETF,31/08/21,China — 11.7%,"Wuxi Lead Intelligent Equipment Co. Ltd., Class A","12,900","1,48,873",,
SDG,iShares MSCI Global Impact ETF,31/08/21,China — 11.7%,"Xinjiang Goldwind Science & Technology Co. Ltd., Class A","4,75,200","10,75,192",,
SDG,iShares MSCI Global Impact ETF,31/08/21,China — 11.7%,"Xinjiang Goldwind Science & Technology Co. Ltd., Class H","3,80,904","7,30,228",,
SDG,iShares MSCI Global Impact ETF,31/08/21,China — 11.7%,Xinyi Solar Holdings Ltd.,"10,38,000","25,12,153",,
SDG,iShares MSCI Global Impact ETF,31/08/21,China — 11.7%,"XPeng Inc., ADR","81,247","34,52,997",,
SDG,iShares MSCI Global Impact ETF,31/08/21,China — 11.7%,Yadea Group Holdings Ltd.,"1,00,000","1,77,933","6,59,51,583",
SDG,iShares MSCI Global Impact ETF,31/08/21,Denmark — 7.8%,Genmab A/S,"1,462","6,92,597",,
SDG,iShares MSCI Global Impact ETF,31/08/21,Denmark — 7.8%,"Novo Nordisk A/S, Class B","1,34,633","1,34,78,095",,
SDG,iShares MSCI Global Impact ETF,31/08/21,Denmark — 7.8%,Orsted A/S,"24,081","38,28,506",,
SDG,iShares MSCI Global Impact ETF,31/08/21,Denmark — 7.8%,"Rockwool International A/S, Class B","6,199","32,79,493",,
SDG,iShares MSCI Global Impact ETF,31/08/21,Denmark — 7.8%,Vestas Wind Systems A/S,"5,61,327","2,26,64,485","4,39,43,176",
SDG,iShares MSCI Global Impact ETF,31/08/21,France — 3.7%,Covivio,"11,894","11,33,581",,
SDG,iShares MSCI Global Impact ETF,31/08/21,France — 3.7%,Gecina SA,"3,699","5,75,001",,
SDG,iShares MSCI Global Impact ETF,31/08/21,France — 3.7%,Ipsen SA,"10,256","10,25,860",,
SDG,iShares MSCI Global Impact ETF,31/08/21,France — 3.7%,Klepierre SA,"97,935","24,00,977",,
SDG,iShares MSCI Global Impact ETF,31/08/21,France — 3.7%,Suez SA,"5,11,453","1,18,66,603",,
SDG,iShares MSCI Global Impact ETF,31/08/21,France — 3.7%,Unibail-Rodamco-Westfield,"46,501","40,74,870","2,10,76,892",
SDG,iShares MSCI Global Impact ETF,31/08/21,Germany — 2.2%,Deutsche Wohnen SE,"95,928","59,53,315",,
SDG,iShares MSCI Global Impact ETF,31/08/21,Germany — 2.2%,Vonovia SE,"95,804","64,67,811","1,24,21,126",
SDG,iShares MSCI Global Impact ETF,31/08/21,Hong Kong — 6.0%,Henderson Land Development Co. Ltd.,"2,65,000","11,98,976",,
SDG,iShares MSCI Global Impact ETF,31/08/21,Hong Kong — 6.0%,MTR Corp. Ltd.,"5,46,500","30,76,557",,
SDG,iShares MSCI Global Impact ETF,31/08/21,Hong Kong — 6.0%,Sino Biopharmaceutical Ltd.,"14,56,000","12,17,764",,
SDG,iShares MSCI Global Impact ETF,31/08/21,Hong Kong — 6.0%,Sun Hung Kai Properties Ltd.,"4,88,500","68,89,791",,
SDG,iShares MSCI Global Impact ETF,31/08/21,Hong Kong — 6.0%,Swire Properties Ltd.,"2,02,400","5,47,030",,
SDG,iShares MSCI Global Impact ETF,31/08/21,Hong Kong — 6.0%,WH Group Ltd. (b)(c),"2,41,61,000","2,09,56,431","3,38,86,549",
SDG,iShares MSCI Global Impact ETF,31/08/21,India — 0.6%,Adani Green Energy Ltd.,"5,470","79,877",,
SDG,iShares MSCI Global Impact ETF,31/08/21,India — 0.6%,Colgate-Palmolive India Ltd.,"20,702","4,79,578",,
SDG,iShares MSCI Global Impact ETF,31/08/21,India — 0.6%,Godrej Consumer Products Ltd.,"20,364","3,06,267",,
SDG,iShares MSCI Global Impact ETF,31/08/21,India — 0.6%,Hindustan Unilever Ltd.,"42,529","15,83,930",,
SDG,iShares MSCI Global Impact ETF,31/08/21,India — 0.6%,Marico Ltd.,"60,572","4,51,455",,
SDG,iShares MSCI Global Impact ETF,31/08/21,India — 0.6%,Nestle India Ltd.,"1,741","4,63,624","33,64,731",
SDG,iShares MSCI Global Impact ETF,31/08/21,Indonesia — 0.0%,Unilever Indonesia Tbk PT,"1,08,500","30,807","30,807",
SDG,iShares MSCI Global Impact ETF,31/08/21,Ireland — 0.3%,Horizon Therapeutics PLC,"15,816","17,09,551","17,09,551",
SDG,iShares MSCI Global Impact ETF,31/08/21,Japan — 14.8%,Asahi Intecc Co. Ltd.,"4,700","1,42,204",,
SDG,iShares MSCI Global Impact ETF,31/08/21,Japan — 14.8%,Central Japan Railway Co.,"82,000","1,20,02,326",,
SDG,iShares MSCI Global Impact ETF,31/08/21,Japan — 14.8%,Chugai Pharmaceutical Co. Ltd.,"13,700","5,35,299",,
SDG,iShares MSCI Global Impact ETF,31/08/21,Japan — 14.8%,Daiichi Sankyo Co. Ltd.,"2,66,900","63,39,520",,
SDG,iShares MSCI Global Impact ETF,31/08/21,Japan — 14.8%,East Japan Railway Co.,"3,54,100","2,38,00,558",,
SDG,iShares MSCI Global Impact ETF,31/08/21,Japan — 14.8%,Eisai Co. Ltd.,"31,300","25,81,303",,
SDG,iShares MSCI Global Impact ETF,31/08/21,Japan — 14.8%,GLP J-REIT,119,"2,16,010",,
SDG,iShares MSCI Global Impact ETF,31/08/21,Japan — 14.8%,Japan Metropolitan Fund Invest,761,"7,39,328",,
SDG,iShares MSCI Global Impact ETF,31/08/21,Japan — 14.8%,Japan Real Estate Investment Corp.,83,"5,12,951",,
SDG,iShares MSCI Global Impact ETF,31/08/21,Japan — 14.8%,Kyowa Kirin Co. Ltd.,"29,400","9,61,990",,
SDG,iShares MSCI Global Impact ETF,31/08/21,Japan — 14.8%,NH Foods Ltd.,"2,07,300","80,43,900",,
SDG,iShares MSCI Global Impact ETF,31/08/21,Japan — 14.8%,Nippon Building Fund Inc.,99,"6,42,899",,
SDG,iShares MSCI Global Impact ETF,31/08/21,Japan — 14.8%,Nippon Prologis REIT Inc.,170,"6,11,329",,
SDG,iShares MSCI Global Impact ETF,31/08/21,Japan — 14.8%,Nisshin Seifun Group Inc.,"2,81,700","46,25,773",,
SDG,iShares MSCI Global Impact ETF,31/08/21,Japan — 14.8%,Nissin Foods Holdings Co. Ltd.,"17,500","13,62,351",,
SDG,iShares MSCI Global Impact ETF,31/08/21,Japan — 14.8%,Nomura Real Estate Master Fund Inc.,443,"6,82,971",,
SDG,iShares MSCI Global Impact ETF,31/08/21,Japan — 14.8%,Ono Pharmaceutical Co. Ltd.,"23,700","5,69,047",,
SDG,iShares MSCI Global Impact ETF,31/08/21,Japan — 14.8%,Orix JREIT Inc.,220,"3,92,147",,
SDG,iShares MSCI Global Impact ETF,31/08/21,Japan — 14.8%,Shionogi & Co. Ltd.,"24,900","15,64,484",,
SDG,iShares MSCI Global Impact ETF,31/08/21,Japan — 14.8%,Sysmex Corp.,"10,600","12,04,651",,
SDG,iShares MSCI Global Impact ETF,31/08/21,Japan — 14.8%,Terumo Corp.,"50,300","20,99,055",,
SDG,iShares MSCI Global Impact ETF,31/08/21,Japan — 14.8%,TOTO Ltd.,"1,22,700","66,77,849",,
SDG,iShares MSCI Global Impact ETF,31/08/21,Japan — 14.8%,Toyo Suisan Kaisha Ltd.,"41,000","16,99,140",,
SDG,iShares MSCI Global Impact ETF,31/08/21,Japan — 14.8%,Unicharm Corp.,"1,29,500","57,73,482","8,37,80,567",
SDG,iShares MSCI Global Impact ETF,31/08/21,Malaysia — 0.2%,PPB Group Bhd,"93,400","4,16,110",,
SDG,iShares MSCI Global Impact ETF,31/08/21,Malaysia — 0.2%,QL Resources Bhd,"3,30,800","4,42,446","8,58,556",
SDG,iShares MSCI Global Impact ETF,31/08/21,Mexico — 0.5%,"Gruma SAB de CV, Class B","1,35,840","15,51,365",,
SDG,iShares MSCI Global Impact ETF,31/08/21,Mexico — 0.5%,"Kimberly-Clark de Mexico SAB de CV, Class A","8,31,200","14,67,968","30,19,333",
SDG,iShares MSCI Global Impact ETF,31/08/21,Netherlands — 0.0%,JDE Peet’s NV,"1,305","44,840","44,840",
SDG,iShares MSCI Global Impact ETF,31/08/21,Norway — 0.5%,Mowi ASA,"1,15,441","30,92,122","30,92,122",
SDG,iShares MSCI Global Impact ETF,31/08/21,Portugal — 0.2%,EDP Renovaveis SA,"34,839","9,26,386","9,26,386",
SDG,iShares MSCI Global Impact ETF,31/08/21,Saudi Arabia — 0.1%,Almarai Co. JSC,"54,089","8,36,921","8,36,921",
SDG,iShares MSCI Global Impact ETF,31/08/21,Singapore — 0.4%,CapitaLand Integrated Commercial Trust,"4,36,140","6,66,132",,
SDG,iShares MSCI Global Impact ETF,31/08/21,Singapore — 0.4%,City Developments Ltd.,"1,93,800","9,83,439",,
SDG,iShares MSCI Global Impact ETF,31/08/21,Singapore — 0.4%,Mapletree Commercial Trust,"2,51,600","3,79,029","20,28,600",
SDG,iShares MSCI Global Impact ETF,31/08/21,South Korea — 0.1%,Samsung SDI Co. Ltd.,"1,232","8,39,715","8,39,715",
SDG,iShares MSCI Global Impact ETF,31/08/21,Sweden — 3.1%,"Essity AB, Class B","3,09,125","99,22,210",,
SDG,iShares MSCI Global Impact ETF,31/08/21,Sweden — 3.1%,"Svenska Cellulosa AB SCA, Class B","4,14,821","73,31,312","1,72,53,522",
SDG,iShares MSCI Global Impact ETF,31/08/21,Switzerland — 0.8%,"Geberit AG, Registered","5,262","43,94,325","43,94,325",
SDG,iShares MSCI Global Impact ETF,31/08/21,Taiwan — 1.8%,Taiwan High Speed Rail Corp.,"11,52,000","12,54,838",,
SDG,iShares MSCI Global Impact ETF,31/08/21,Taiwan — 1.8%,Uni-President Enterprises Corp.,"34,06,000","88,77,035","1,01,31,873",
SDG,iShares MSCI Global Impact ETF,31/08/21,Thailand — 0.0%,"BTS Group Holdings PCL, NVDR","52,62,900","15,34,455","15,34,455",
SDG,iShares MSCI Global Impact ETF,31/08/21,United Kingdom — 7.2%,Berkeley Group Holdings PLC,"77,711","51,61,923",,
SDG,iShares MSCI Global Impact ETF,31/08/21,United Kingdom — 7.2%,Johnson Matthey PLC,"5,36,682","2,16,97,401",,
SDG,iShares MSCI Global Impact ETF,31/08/21,United Kingdom — 7.2%,Land Securities Group PLC,"76,876","7,49,363",,
SDG,iShares MSCI Global Impact ETF,31/08/21,United Kingdom — 7.2%,Pearson PLC,"9,82,221","1,03,58,112",,
SDG,iShares MSCI Global Impact ETF,31/08/21,United Kingdom — 7.2%,United Utilities Group PLC,"1,83,177","26,63,849","4,06,30,648",
SDG,iShares MSCI Global Impact ETF,31/08/21,United States — 23.8%,ABIOMED Inc. (a)(b),"2,340","8,51,667",,
SDG,iShares MSCI Global Impact ETF,31/08/21,United States — 23.8%,Alexandria Real Estate Equities Inc.,"10,028","20,69,478",,
SDG,iShares MSCI Global Impact ETF,31/08/21,United States — 23.8%,Alnylam Pharmaceuticals Inc.,"2,502","5,03,978",,
SDG,iShares MSCI Global Impact ETF,31/08/21,United States — 23.8%,Amgen Inc.,"76,111","1,71,65,314",,
SDG,iShares MSCI Global Impact ETF,31/08/21,United States — 23.8%,Baxter International Inc.,"83,365","63,54,080",,
SDG,iShares MSCI Global Impact ETF,31/08/21,United States — 23.8%,BioMarin Pharmaceutical Inc.,"25,312","21,31,524",,
SDG,iShares MSCI Global Impact ETF,31/08/21,United States — 23.8%,Boston Properties Inc.,"26,931","30,42,934",,
SDG,iShares MSCI Global Impact ETF,31/08/21,United States — 23.8%,Citrix Systems Inc.,"30,951","31,83,929",,
SDG,iShares MSCI Global Impact ETF,31/08/21,United States — 23.8%,Colgate-Palmolive Co.,"70,401","54,87,758",,
SDG,iShares MSCI Global Impact ETF,31/08/21,United States — 23.8%,Dexcom Inc. (a)(b),"4,263","22,56,917",,
SDG,iShares MSCI Global Impact ETF,31/08/21,United States — 23.8%,Digital Realty Trust Inc.,"63,125","1,03,46,819",,
SDG,iShares MSCI Global Impact ETF,31/08/21,United States — 23.8%,Eli Lilly & Co.,"58,527","1,51,16,939",,
SDG,iShares MSCI Global Impact ETF,31/08/21,United States — 23.8%,Enphase Energy Inc. (a)(b),"11,697","20,32,120",,
SDG,iShares MSCI Global Impact ETF,31/08/21,United States — 23.8%,Healthpeak Properties Inc.,"41,410","14,90,760",,
SDG,iShares MSCI Global Impact ETF,31/08/21,United States — 23.8%,Hormel Foods Corp.,"57,576","26,22,011",,
SDG,iShares MSCI Global Impact ETF,31/08/21,United States — 23.8%,Incyte Corp.,"31,973","24,45,615",,
SDG,iShares MSCI Global Impact ETF,31/08/21,United States — 23.8%,Insulet Corp.,"3,293","9,80,688",,
SDG,iShares MSCI Global Impact ETF,31/08/21,United States — 23.8%,Jazz Pharmaceuticals PLC,"21,120","27,81,715",,
SDG,iShares MSCI Global Impact ETF,31/08/21,United States — 23.8%,Kimberly-Clark Corp.,"1,43,886","1,98,28,930",,
SDG,iShares MSCI Global Impact ETF,31/08/21,United States — 23.8%,Plug Power Inc. (a)(b),957,"24,939",,
SDG,iShares MSCI Global Impact ETF,31/08/21,United States — 23.8%,Regeneron Pharmaceuticals Inc. (a)(b),"13,692","92,20,193",,
SDG,iShares MSCI Global Impact ETF,31/08/21,United States — 23.8%,Seagen Inc.,"8,910","14,93,316",,
SDG,iShares MSCI Global Impact ETF,31/08/21,United States — 23.8%,SolarEdge Technologies Inc.,"12,772","37,01,070",,
SDG,iShares MSCI Global Impact ETF,31/08/21,United States — 23.8%,Sun Communities Inc.,"10,027","20,20,340",,
SDG,iShares MSCI Global Impact ETF,31/08/21,United States — 23.8%,Sunrun Inc. (a)(b),"11,200","4,95,600",,
SDG,iShares MSCI Global Impact ETF,31/08/21,United States — 23.8%,Vertex Pharmaceuticals Inc.,"32,693","65,48,081",,
SDG,iShares MSCI Global Impact ETF,31/08/21,United States — 23.8%,"VMware Inc., Class A (a)(b)","24,823","36,95,400",,
SDG,iShares MSCI Global Impact ETF,31/08/21,United States — 23.8%,Xylem Inc./NY,"49,947","68,08,276","13,47,00,391","56,09,46,066"
SDG,iShares MSCI Global Impact ETF,31/08/21,THAILAND — 0.0% (Warrants),BTS Group Holdings PCL (Expires 07/22/22)(a),"12,28,500",0,0,0
SDG,iShares MSCI Global Impact ETF,31/08/21,MONEY MARKET FUNDS — 4.1%,"BlackRock Cash Funds: Institutional, SL Agency Shares, 0.06%(f)(g)(h)","2,24,11,237","2,24,22,442",,
SDG,iShares MSCI Global Impact ETF,31/08/21,MONEY MARKET FUNDS — 4.1%,"BlackRock Cash Funds: Treasury, SL Agency Shares, 0.00%(f)(h)","10,70,000","10,70,000","2,34,92,442","2,34,92,442"
SUSA,iShares MSCI USA ESG Select ETF,30/04/21,Aerospace & Defense — 0.3%,Howmet Aerospace Inc. (a),"1,12,387","35,91,889",,
SUSA,iShares MSCI USA ESG Select ETF,30/04/21,Aerospace & Defense — 0.3%,Teledyne Technologies Inc. (a),"7,398","33,12,454",,
SUSA,iShares MSCI USA ESG Select ETF,30/04/21,Aerospace & Defense — 0.3%,TransDigm Group Inc. (a),"6,034","37,03,307","1,06,07,650",
SUSA,iShares MSCI USA ESG Select ETF,30/04/21,Air Freight & Logistics — 1.4%,CH Robinson Worldwide Inc.,"45,602","44,27,042",,
SUSA,iShares MSCI USA ESG Select ETF,30/04/21,Air Freight & Logistics — 1.4%,Expeditors International of Washington Inc.,"2,94,458","3,23,49,156",,
SUSA,iShares MSCI USA ESG Select ETF,30/04/21,Air Freight & Logistics — 1.4%,"United Parcel Service Inc., Class B","31,308","63,82,449","4,31,58,647",
SUSA,iShares MSCI USA ESG Select ETF,30/04/21,Auto Components — 0.5%,Aptiv PLC (a),"1,06,408","1,53,11,047","1,53,11,047",
SUSA,iShares MSCI USA ESG Select ETF,30/04/21,Automobiles — 1.6%,Tesla Inc. (a)(b),"67,159","4,76,45,281","4,76,45,281",
SUSA,iShares MSCI USA ESG Select ETF,30/04/20,Banks — 1.4%,Huntington Bancshares Inc./OH,"3,86,266","59,17,595",,
SUSA,iShares MSCI USA ESG Select ETF,30/04/21,Banks — 1.4%,KeyCorp.,"2,24,397","48,82,878",,
SUSA,iShares MSCI USA ESG Select ETF,30/04/21,Banks — 1.4%,PNC Financial Services Group Inc. (The),"55,740","1,04,20,593",,
SUSA,iShares MSCI USA ESG Select ETF,30/04/21,Banks — 1.4%,Regions Financial Corp.,"2,19,191","47,78,364",,
SUSA,iShares MSCI USA ESG Select ETF,30/04/21,Banks — 1.4%,SVB Financial Group (a),"19,713","1,12,72,485",,
SUSA,iShares MSCI USA ESG Select ETF,30/04/21,Banks — 1.4%,Truist Financial Corp.,"95,596","56,69,799","4,29,41,714",
SUSA,iShares MSCI USA ESG Select ETF,30/04/21,Beverages — 2.3%,Coca-Cola Co. (The),"4,63,114","2,49,98,894",,
SUSA,iShares MSCI USA ESG Select ETF,30/04/21,Beverages — 2.3%,Keurig Dr Pepper Inc.,"1,66,157","59,56,728",,
SUSA,iShares MSCI USA ESG Select ETF,30/04/21,Beverages — 2.3%,PepsiCo Inc.,"2,63,953","3,80,51,465","6,90,07,087",
SUSA,iShares MSCI USA ESG Select ETF,30/04/21,Biotechnology — 2.9%,AbbVie Inc.,"1,51,369","1,68,77,643",,
SUSA,iShares MSCI USA ESG Select ETF,30/04/21,Biotechnology — 2.9%,Amgen Inc.,"93,999","2,25,25,920",,
SUSA,iShares MSCI USA ESG Select ETF,30/04/21,Biotechnology — 2.9%,Biogen Inc. (a),"20,906","55,88,801",,
SUSA,iShares MSCI USA ESG Select ETF,30/04/21,Biotechnology — 2.9%,Exact Sciences Corp. (a),"23,199","30,58,092",,
SUSA,iShares MSCI USA ESG Select ETF,30/04/21,Biotechnology — 2.9%,Gilead Sciences Inc.,"2,58,233","1,63,90,049",,
SUSA,iShares MSCI USA ESG Select ETF,30/04/21,Biotechnology — 2.9%,Horizon Therapeutics PLC (a),"37,422","35,40,870",,
SUSA,iShares MSCI USA ESG Select ETF,30/04/21,Biotechnology — 2.9%,Moderna Inc. (a),"16,728","29,91,301",,
SUSA,iShares MSCI USA ESG Select ETF,30/04/21,Biotechnology — 2.9%,Vertex Pharmaceuticals Inc. (a),"76,950","1,67,90,490","8,77,63,166",
SUSA,iShares MSCI USA ESG Select ETF,30/04/21,Building Products — 2.1%,Carrier Global Corp.,"77,233","33,65,814",,
SUSA,iShares MSCI USA ESG Select ETF,30/04/21,Building Products — 2.1%,Johnson Controls International PLC,"5,26,359","3,28,13,220",,
SUSA,iShares MSCI USA ESG Select ETF,30/04/21,Building Products — 2.1%,Owens Corning,"67,576","65,42,033",,
SUSA,iShares MSCI USA ESG Select ETF,30/04/21,Building Products — 2.1%,Trane Technologies PLC,"1,21,275","2,10,81,233","6,38,02,300",
SUSA,iShares MSCI USA ESG Select ETF,30/04/21,Capital Markets — 4.7%,Bank of New York Mellon Corp. (The),"3,47,785","1,73,47,516",,
SUSA,iShares MSCI USA ESG Select ETF,30/04/21,Capital Markets — 4.7%,BlackRock Inc. (c),"60,417","4,94,99,648",,
SUSA,iShares MSCI USA ESG Select ETF,30/04/21,Capital Markets — 4.7%,Charles Schwab Corp. (The),"85,389","60,11,386",,
SUSA,iShares MSCI USA ESG Select ETF,30/04/21,Capital Markets — 4.7%,CME Group Inc.,"16,813","33,96,058",,
SUSA,iShares MSCI USA ESG Select ETF,30/04/21,Capital Markets — 4.7%,FactSet Research Systems Inc.,"9,246","31,08,690",,
SUSA,iShares MSCI USA ESG Select ETF,30/04/21,Capital Markets — 4.7%,Franklin Resources Inc.,"1,31,933","39,57,990",,
SUSA,iShares MSCI USA ESG Select ETF,30/04/21,Capital Markets — 4.7%,Invesco Ltd.,"2,85,893","77,19,111",,
SUSA,iShares MSCI USA ESG Select ETF,30/04/21,Capital Markets — 4.7%,Moody’s Corp.,"16,728","54,65,205",,
SUSA,iShares MSCI USA ESG Select ETF,30/04/21,Capital Markets — 4.7%,Northern Trust Corp.,"1,86,182","2,11,87,511",,
SUSA,iShares MSCI USA ESG Select ETF,30/04/21,Capital Markets — 4.7%,S&P Global Inc.,"16,392","63,99,273",,
SUSA,iShares MSCI USA ESG Select ETF,30/04/21,Capital Markets — 4.7%,State Street Corp.,"1,48,958","1,25,05,024",,
SUSA,iShares MSCI USA ESG Select ETF,30/04/21,Capital Markets — 4.7%,T Rowe Price Group Inc.,"44,064","78,96,269","14,44,93,681",
SUSA,iShares MSCI USA ESG Select ETF,30/04/21,Chemicals — 2.4%,Axalta Coating Systems Ltd. (a),"2,02,797","64,67,196",,
SUSA,iShares MSCI USA ESG Select ETF,30/04/21,Chemicals — 2.4%,DuPont de Nemours Inc.,"47,058","36,28,642",,
SUSA,iShares MSCI USA ESG Select ETF,30/04/21,Chemicals — 2.4%,Ecolab Inc.,"1,19,477","2,67,77,185",,
SUSA,iShares MSCI USA ESG Select ETF,30/04/21,Chemicals — 2.4%,International Flavors & Fragrances Inc.,"69,391","98,65,319",,
SUSA,iShares MSCI USA ESG Select ETF,30/04/21,Chemicals — 2.4%,Linde PLC,"52,410","1,49,80,874",,
SUSA,iShares MSCI USA ESG Select ETF,30/04/21,Chemicals — 2.4%,Mosaic Co. (The),"1,96,414","69,09,845",,
SUSA,iShares MSCI USA ESG Select ETF,30/04/21,Chemicals — 2.4%,PPG Industries Inc.,"21,046","36,03,917","7,22,32,978",
SUSA,iShares MSCI USA ESG Select ETF,30/04/21,Communications Equipment — 1.2%,Cisco Systems Inc.,"6,58,573","3,35,27,952",,
SUSA,iShares MSCI USA ESG Select ETF,30/04/21,Communications Equipment — 1.2%,Motorola Solutions Inc.,"15,767","29,68,926","3,64,96,878",
SUSA,iShares MSCI USA ESG Select ETF,30/04/21,Consumer Finance — 1.6%,Ally Financial Inc.,"2,38,426","1,22,67,018",,
SUSA,iShares MSCI USA ESG Select ETF,30/04/21,Consumer Finance — 1.6%,American Express Co.,"2,48,209","3,80,62,850","5,03,29,868",
SUSA,iShares MSCI USA ESG Select ETF,30/04/21,Containers & Packaging — 0.2%,Amcor PLC,"4,40,253","51,72,973","51,72,973",
SUSA,iShares MSCI USA ESG Select ETF,30/04/21,Diversified Financial Services — 0.4%,"Berkshire Hathaway Inc., Class B (a)","45,014","1,23,76,599","1,23,76,599",
SUSA,iShares MSCI USA ESG Select ETF,30/04/21,Diversified Telecommunication Services — 0.9%,AT&T Inc.,"2,88,763","90,70,046",,
SUSA,iShares MSCI USA ESG Select ETF,30/04/21,Diversified Telecommunication Services — 0.9%,"Liberty Global PLC, Class C, NVS (a)","1,37,846","37,30,113",,
SUSA,iShares MSCI USA ESG Select ETF,30/04/21,Diversified Telecommunication Services — 0.9%,Verizon Communications Inc.,"2,51,790","1,45,50,944","2,73,51,103",
SUSA,iShares MSCI USA ESG Select ETF,30/04/21,Electric Utilities — 1.6%,Eversource Energy,"2,61,110","2,25,12,904",,
SUSA,iShares MSCI USA ESG Select ETF,30/04/21,Electric Utilities — 1.6%,Southern Co. (The),"48,720","32,23,802",,
SUSA,iShares MSCI USA ESG Select ETF,30/04/21,Electric Utilities — 1.6%,Xcel Energy Inc.,"3,14,099","2,23,95,259","4,81,31,965",
SUSA,iShares MSCI USA ESG Select ETF,30/04/21,Electrical Equipment — 0.0%,Plug Power Inc. (a)(b),"48,983","13,96,505","13,96,505",
SUSA,iShares MSCI USA ESG Select ETF,30/04/21,"Electronic Equipment, Instruments & Components — 1.3%",Cognex Corp.,"37,100","31,95,052",,
SUSA,iShares MSCI USA ESG Select ETF,30/04/21,"Electronic Equipment, Instruments & Components — 1.3%",Keysight Technologies Inc. (a),"61,739","89,12,025",,
SUSA,iShares MSCI USA ESG Select ETF,30/04/21,"Electronic Equipment, Instruments & Components — 1.3%",TE Connectivity Ltd.,"87,404","1,17,53,216",,
SUSA,iShares MSCI USA ESG Select ETF,30/04/21,"Electronic Equipment, Instruments & Components — 1.3%",Trimble Inc. (a),"1,46,121","1,19,81,922",,
SUSA,iShares MSCI USA ESG Select ETF,30/04/21,"Electronic Equipment, Instruments & Components — 1.3%","Zebra Technologies Corp., Class A (a)","10,263","50,05,675","4,08,47,890",
SUSA,iShares MSCI USA ESG Select ETF,30/04/21,Energy Equipment & Services — 0.4%,Baker Hughes Co.,"3,95,548","79,42,604",,
SUSA,iShares MSCI USA ESG Select ETF,30/04/21,Energy Equipment & Services — 0.4%,Schlumberger Ltd.,"1,87,221","50,64,328","1,30,06,932",
SUSA,iShares MSCI USA ESG Select ETF,30/04/21,Entertainment — 1.9%,Activision Blizzard Inc.,"28,834","26,29,373",,
SUSA,iShares MSCI USA ESG Select ETF,30/04/21,Entertainment — 1.9%,Electronic Arts Inc.,"29,272","41,58,966",,
SUSA,iShares MSCI USA ESG Select ETF,30/04/21,Entertainment — 1.9%,Netflix Inc. (a),"34,069","1,74,93,409",,
SUSA,iShares MSCI USA ESG Select ETF,30/04/21,Entertainment — 1.9%,Roku Inc. (a),"11,237","38,53,954",,
SUSA,iShares MSCI USA ESG Select ETF,30/04/21,Entertainment — 1.9%,Walt Disney Co. (The) (a),"1,62,821","3,02,87,962","5,84,23,664",
SUSA,iShares MSCI USA ESG Select ETF,30/04/21,Equity Real Estate Investment Trusts (REITs) — 2.9%,American Tower Corp.,"52,356","1,33,38,738",,
SUSA,iShares MSCI USA ESG Select ETF,30/04/21,Equity Real Estate Investment Trusts (REITs) — 2.9%,Crown Castle International Corp.,"17,845","33,73,776",,
SUSA,iShares MSCI USA ESG Select ETF,30/04/21,Equity Real Estate Investment Trusts (REITs) — 2.9%,Equinix Inc.,"25,013","1,80,28,370",,
SUSA,iShares MSCI USA ESG Select ETF,30/04/21,Equity Real Estate Investment Trusts (REITs) — 2.9%,Healthpeak Properties Inc.,"4,83,526","1,66,04,283",,
SUSA,iShares MSCI USA ESG Select ETF,30/04/21,Equity Real Estate Investment Trusts (REITs) — 2.9%,Iron Mountain Inc.,"1,37,894","55,32,307",,
SUSA,iShares MSCI USA ESG Select ETF,30/04/21,Equity Real Estate Investment Trusts (REITs) — 2.9%,Prologis Inc.,"1,92,038","2,23,78,188",,
SUSA,iShares MSCI USA ESG Select ETF,30/04/21,Equity Real Estate Investment Trusts (REITs) — 2.9%,Ventas Inc.,"92,196","51,13,190",,
SUSA,iShares MSCI USA ESG Select ETF,30/04/21,Equity Real Estate Investment Trusts (REITs) — 2.9%,Welltower Inc.,"45,987","34,50,405","8,78,19,257",
SUSA,iShares MSCI USA ESG Select ETF,30/04/22,Equity Real Estate Investment Trusts (REITs) — 2.9%,Costco Wholesale Corp.,"8,155","30,34,394",,
SUSA,iShares MSCI USA ESG Select ETF,30/04/21,Food & Staples Retailing — 0.4%,Kroger Co. (The),"1,41,070","51,54,698",,
SUSA,iShares MSCI USA ESG Select ETF,30/04/21,Food & Staples Retailing — 0.4%,Walgreens Boots Alliance Inc.,"68,192","36,20,995","1,18,10,087",
SUSA,iShares MSCI USA ESG Select ETF,30/04/21,Food Products — 1.9%,Bunge Ltd.,"1,64,637","1,38,98,655",,
SUSA,iShares MSCI USA ESG Select ETF,30/04/21,Food Products — 1.9%,Campbell Soup Co.,"1,96,693","93,92,091",,
SUSA,iShares MSCI USA ESG Select ETF,30/04/21,Food Products — 1.9%,General Mills Inc.,"2,63,208","1,60,18,839",,
SUSA,iShares MSCI USA ESG Select ETF,30/04/21,Food Products — 1.9%,Kellogg Co.,"2,98,431","1,86,28,063","5,79,37,648",
SUSA,iShares MSCI USA ESG Select ETF,30/04/21,Health Care Equipment & Supplies — 2.7%,Align Technology Inc. (a),"5,867","34,93,974",,
SUSA,iShares MSCI USA ESG Select ETF,30/04/21,Health Care Equipment & Supplies — 2.7%,Danaher Corp.,"11,929","30,29,250",,
SUSA,iShares MSCI USA ESG Select ETF,30/04/21,Health Care Equipment & Supplies — 2.7%,DENTSPLY SIRONA Inc.,"57,598","38,88,441",,
SUSA,iShares MSCI USA ESG Select ETF,30/04/21,Health Care Equipment & Supplies — 2.7%,DexCom Inc. (a),"16,681","64,40,534",,
SUSA,iShares MSCI USA ESG Select ETF,30/04/21,Health Care Equipment & Supplies — 2.7%,Edwards Lifesciences Corp. (a),"1,83,494","1,75,27,347",,
SUSA,iShares MSCI USA ESG Select ETF,30/04/21,Health Care Equipment & Supplies — 2.7%,Hologic Inc. (a),"76,583","50,20,016",,
SUSA,iShares MSCI USA ESG Select ETF,30/04/21,Health Care Equipment & Supplies — 2.7%,IDEXX Laboratories Inc. (a),"33,444","1,83,60,422",,
SUSA,iShares MSCI USA ESG Select ETF,30/04/21,Health Care Equipment & Supplies — 2.7%,Insulet Corp. (a),"11,925","35,20,498",,
SUSA,iShares MSCI USA ESG Select ETF,30/04/21,Health Care Equipment & Supplies — 2.7%,ResMed Inc.,"27,539","51,76,506",,
SUSA,iShares MSCI USA ESG Select ETF,30/04/21,Health Care Equipment & Supplies — 2.7%,STERIS PLC,"15,838","33,42,135",,
SUSA,iShares MSCI USA ESG Select ETF,30/04/21,Health Care Equipment & Supplies — 2.7%,West Pharmaceutical Services Inc.,"39,408","1,29,46,316","8,27,45,439",
SUSA,iShares MSCI USA ESG Select ETF,30/04/21,Health Care Providers & Services — 2.1%,Cardinal Health Inc.,"1,87,053","1,12,86,778",,
SUSA,iShares MSCI USA ESG Select ETF,30/04/21,Health Care Providers & Services — 2.1%,Centene Corp. (a),"91,207","56,31,120",,
SUSA,iShares MSCI USA ESG Select ETF,30/04/21,Health Care Providers & Services — 2.1%,DaVita Inc. (a),"47,227","55,03,362",,
SUSA,iShares MSCI USA ESG Select ETF,30/04/21,Health Care Providers & Services — 2.1%,HCA Healthcare Inc.,"52,305","1,05,16,443",,
SUSA,iShares MSCI USA ESG Select ETF,30/04/21,Health Care Providers & Services — 2.1%,Henry Schein Inc. (a),"50,538","36,64,005",,
SUSA,iShares MSCI USA ESG Select ETF,30/04/21,Health Care Providers & Services — 2.1%,Humana Inc.,"23,003","1,02,41,856",,
SUSA,iShares MSCI USA ESG Select ETF,30/04/21,Health Care Providers & Services — 2.1%,Laboratory Corp. of America Holdings (a),"13,103","34,83,695",,
SUSA,iShares MSCI USA ESG Select ETF,30/04/21,Health Care Providers & Services — 2.1%,Quest Diagnostics Inc.,"1,00,112","1,32,02,771","6,35,30,030",
SUSA,iShares MSCI USA ESG Select ETF,30/04/21,Health Care Technology — 0.4%,Cerner Corp.,"70,580","52,97,029",,
SUSA,iShares MSCI USA ESG Select ETF,30/04/21,Health Care Technology — 0.4%,Teladoc Health Inc. (a),"31,960","55,08,306","1,08,05,335",
SUSA,iShares MSCI USA ESG Select ETF,30/04/21,"Hotels, Restaurants & Leisure — 1.6%",Booking Holdings Inc. (a),"1,825","45,00,596",,
SUSA,iShares MSCI USA ESG Select ETF,30/04/21,"Hotels, Restaurants & Leisure — 1.6%",Darden Restaurants Inc.,"61,105","89,65,326",,
SUSA,iShares MSCI USA ESG Select ETF,30/04/21,"Hotels, Restaurants & Leisure — 1.6%",Hilton Worldwide Holdings Inc. (a),"48,366","62,24,704",,
SUSA,iShares MSCI USA ESG Select ETF,30/04/21,"Hotels, Restaurants & Leisure — 1.6%",McDonald’s Corp.,"20,073","47,38,834",,
SUSA,iShares MSCI USA ESG Select ETF,30/04/21,"Hotels, Restaurants & Leisure — 1.6%",Royal Caribbean Cruises Ltd.,"66,743","58,03,304",,
SUSA,iShares MSCI USA ESG Select ETF,30/04/21,"Hotels, Restaurants & Leisure — 1.6%",Starbucks Corp.,"76,374","87,44,059",,
SUSA,iShares MSCI USA ESG Select ETF,30/04/21,"Hotels, Restaurants & Leisure — 1.6%",Vail Resorts Inc.,"27,558","89,60,759","4,79,37,582",
SUSA,iShares MSCI USA ESG Select ETF,30/04/21,Household Durables — 0.1%,Newell Brands Inc.,"1,29,022","34,78,433","34,78,433",
SUSA,iShares MSCI USA ESG Select ETF,30/04/21,Household Products — 2.3%,Clorox Co. (The),"60,219","1,09,89,967",,
SUSA,iShares MSCI USA ESG Select ETF,30/04/21,Household Products — 2.3%,Colgate-Palmolive Co.,"1,41,555","1,14,23,488",,
SUSA,iShares MSCI USA ESG Select ETF,30/04/21,Household Products — 2.3%,Kimberly-Clark Corp.,"91,580","1,22,09,446",,
SUSA,iShares MSCI USA ESG Select ETF,30/04/21,Household Products — 2.3%,Procter & Gamble Co. (The),"2,78,740","3,71,89,491","7,18,12,392",
SUSA,iShares MSCI USA ESG Select ETF,30/04/21,Independent Power and Renewable Electricity Producers — 0.3%,AES Corp. (The),"3,09,236","86,02,946","86,02,946",
SUSA,iShares MSCI USA ESG Select ETF,30/04/21,Industrial Conglomerates — 1.3%,3M Co.,"1,94,676","3,83,78,427","3,83,78,427",
SUSA,iShares MSCI USA ESG Select ETF,30/04/21,Insurance — 2.6%,American International Group Inc.,"98,801","47,86,908",,
SUSA,iShares MSCI USA ESG Select ETF,30/04/21,Insurance — 2.6%,Chubb Ltd.,"48,687","83,54,202",,
SUSA,iShares MSCI USA ESG Select ETF,30/04/21,Insurance — 2.6%,Marsh & McLennan Companies Inc.,"2,84,171","3,85,62,005",,
SUSA,iShares MSCI USA ESG Select ETF,30/04/21,Insurance — 2.6%,Prudential Financial Inc.,"1,31,678","1,32,15,204",,
SUSA,iShares MSCI USA ESG Select ETF,30/04/21,Insurance — 2.6%,Travelers Companies Inc. (The),"69,728","1,07,84,133",,
SUSA,iShares MSCI USA ESG Select ETF,30/04/21,Insurance — 2.6%,Willis Towers Watson PLC,"13,000","33,65,180","7,90,67,632",
SUSA,iShares MSCI USA ESG Select ETF,30/04/21,Interactive Media & Services — 6.4%,"Alphabet Inc., Class A (a)","35,429","8,33,82,152",,
SUSA,iShares MSCI USA ESG Select ETF,30/04/21,Interactive Media & Services — 6.4%,"Alphabet Inc., Class C, NVS (a)(b)","19,418","4,67,99,710",,
SUSA,iShares MSCI USA ESG Select ETF,30/04/21,Interactive Media & Services — 6.4%,"Facebook Inc., Class A (a)","1,80,299","5,86,11,599",,
SUSA,iShares MSCI USA ESG Select ETF,30/04/21,Interactive Media & Services — 6.4%,"Pinterest Inc., Class A (a)","32,418","21,51,583",,
SUSA,iShares MSCI USA ESG Select ETF,30/04/21,Interactive Media & Services — 6.4%,"Snap Inc., Class A, NVS (a)","65,314","40,37,711",,
SUSA,iShares MSCI USA ESG Select ETF,30/04/21,Interactive Media & Services — 6.4%,Twitter Inc. (a),"39,074","21,57,666","19,71,40,421",
SUSA,iShares MSCI USA ESG Select ETF,30/04/21,Internet & Direct Marketing Retail — 0.5%,eBay Inc.,"45,963","25,64,276",,
SUSA,iShares MSCI USA ESG Select ETF,30/04/21,Internet & Direct Marketing Retail — 0.5%,Etsy Inc. (a),"12,654","25,15,489",,
SUSA,iShares MSCI USA ESG Select ETF,30/04/21,Internet & Direct Marketing Retail — 0.5%,MercadoLibre Inc. (a),"4,775","75,01,429",,
SUSA,iShares MSCI USA ESG Select ETF,30/04/21,Internet & Direct Marketing Retail — 0.5%,"Wayfair Inc., Class A (a)(b)","11,114","32,84,965","1,58,66,159",
SUSA,iShares MSCI USA ESG Select ETF,30/04/21,IT Services — 6.4%,"Accenture PLC, Class A","1,57,319","4,56,17,790",,
SUSA,iShares MSCI USA ESG Select ETF,30/04/21,IT Services — 6.4%,Automatic Data Processing Inc.,"78,344","1,46,49,545",,
SUSA,iShares MSCI USA ESG Select ETF,30/04/21,IT Services — 6.4%,Fidelity National Information Services Inc.,"29,964","45,81,496",,
SUSA,iShares MSCI USA ESG Select ETF,30/04/21,IT Services — 6.4%,Fiserv Inc. (a),"26,209","31,48,225",,
SUSA,iShares MSCI USA ESG Select ETF,30/04/21,IT Services — 6.4%,International Business Machines Corp.,"1,80,218","2,55,69,330",,
SUSA,iShares MSCI USA ESG Select ETF,30/04/21,IT Services — 6.4%,"Mastercard Inc., Class A","73,818","2,82,02,905",,
SUSA,iShares MSCI USA ESG Select ETF,30/04/21,IT Services — 6.4%,Okta Inc. (a)(b),"22,847","61,61,836",,
SUSA,iShares MSCI USA ESG Select ETF,30/04/21,IT Services — 6.4%,PayPal Holdings Inc. (a)(b),"97,483","2,55,68,816",,
SUSA,iShares MSCI USA ESG Select ETF,30/04/21,IT Services — 6.4%,"Square Inc., Class A (a)","30,993","75,87,706",,
SUSA,iShares MSCI USA ESG Select ETF,30/04/21,IT Services — 6.4%,"Twilio Inc., Class A (a)","14,064","51,72,739",,
SUSA,iShares MSCI USA ESG Select ETF,30/04/21,IT Services — 6.4%,"Visa Inc., Class A","1,27,920","2,98,76,995","19,61,37,383",
SUSA,iShares MSCI USA ESG Select ETF,30/04/21,Leisure Products — 0.3%,Hasbro Inc.,"1,00,941","1,00,38,582","1,00,38,582",
SUSA,iShares MSCI USA ESG Select ETF,30/04/21,Life Sciences Tools & Services — 2.8%,Agilent Technologies Inc.,"2,34,120","3,12,87,797",,
SUSA,iShares MSCI USA ESG Select ETF,30/04/21,Life Sciences Tools & Services — 2.8%,Illumina Inc. (a),"17,870","70,20,051",,
SUSA,iShares MSCI USA ESG Select ETF,30/04/21,Life Sciences Tools & Services — 2.8%,Mettler-Toledo International Inc. (a),"12,359","1,62,31,322",,
SUSA,iShares MSCI USA ESG Select ETF,30/04/21,Life Sciences Tools & Services — 2.8%,Thermo Fisher Scientific Inc.,"34,199","1,60,81,396",,
SUSA,iShares MSCI USA ESG Select ETF,30/04/21,Life Sciences Tools & Services — 2.8%,Waters Corp. (a),"48,550","1,45,58,688","8,51,79,254",
SUSA,iShares MSCI USA ESG Select ETF,30/04/21,Machinery — 2.7%,Caterpillar Inc.,"88,761","2,02,47,272",,
SUSA,iShares MSCI USA ESG Select ETF,30/04/21,Machinery — 2.7%,Cummins Inc.,"1,17,357","2,95,78,658",,
SUSA,iShares MSCI USA ESG Select ETF,30/04/21,Machinery — 2.7%,Deere & Co.,"19,776","73,33,930",,
SUSA,iShares MSCI USA ESG Select ETF,30/04/21,Machinery — 2.7%,Xylem Inc./NY,"2,25,183","2,49,16,499","8,20,76,359",
SUSA,iShares MSCI USA ESG Select ETF,30/04/21,Media — 0.7%,Cable One Inc.,"1,403","25,11,370",,
SUSA,iShares MSCI USA ESG Select ETF,30/04/21,Media — 0.7%,"Comcast Corp., Class A","2,06,409","1,15,89,866",,
SUSA,iShares MSCI USA ESG Select ETF,30/04/21,Media — 0.7%,"Discovery Inc., Class C, NVS (a)","1,17,875","38,08,541",,
SUSA,iShares MSCI USA ESG Select ETF,30/04/21,Media — 0.7%,Omnicom Group Inc.,"45,585","37,49,822","2,16,59,599",
SUSA,iShares MSCI USA ESG Select ETF,30/04/21,Metals & Mining — 0.1%,Newmont Corp.,"74,575","46,54,226","46,54,226",
SUSA,iShares MSCI USA ESG Select ETF,30/04/21,Multi-Utilities — 1.0%,CMS Energy Corp.,"2,26,302","1,45,71,586",,
SUSA,iShares MSCI USA ESG Select ETF,30/04/21,Multi-Utilities — 1.0%,Consolidated Edison Inc.,"62,583","48,44,550",,
SUSA,iShares MSCI USA ESG Select ETF,30/04/21,Multi-Utilities — 1.0%,Public Service Enterprise Group Inc.,"1,21,525","76,75,519",,
SUSA,iShares MSCI USA ESG Select ETF,30/04/21,Multi-Utilities — 1.0%,Sempra Energy,"34,727","47,77,393","3,18,69,048",
SUSA,iShares MSCI USA ESG Select ETF,30/04/21,Multiline Retail — 0.3%,Target Corp.,"44,766","92,78,201","92,78,201",
SUSA,iShares MSCI USA ESG Select ETF,30/04/21,"Oil, Gas & Consumable Fuels — 1.8%",Cheniere Energy Inc. (a),"48,861","37,87,705",,
SUSA,iShares MSCI USA ESG Select ETF,30/04/21,"Oil, Gas & Consumable Fuels — 1.8%",ConocoPhillips,"3,54,247","1,81,16,192",,
SUSA,iShares MSCI USA ESG Select ETF,30/04/21,"Oil, Gas & Consumable Fuels — 1.8%",Hess Corp.,"1,98,755","1,48,09,235",,
SUSA,iShares MSCI USA ESG Select ETF,30/04/21,"Oil, Gas & Consumable Fuels — 1.8%",Kinder Morgan Inc.,"1,92,173","32,76,550",,
SUSA,iShares MSCI USA ESG Select ETF,30/04/21,"Oil, Gas & Consumable Fuels — 1.8%",Occidental Petroleum Corp.,"1,82,907","46,38,521",,
SUSA,iShares MSCI USA ESG Select ETF,30/04/21,"Oil, Gas & Consumable Fuels — 1.8%",ONEOK Inc.,"1,45,346","76,07,410",,
SUSA,iShares MSCI USA ESG Select ETF,30/04/21,"Oil, Gas & Consumable Fuels — 1.8%",Valero Energy Corp.,"50,867","37,62,123","5,59,97,736",
SUSA,iShares MSCI USA ESG Select ETF,30/04/21,Pharmaceuticals — 1.4%,Merck & Co. Inc.,"2,85,622","2,12,78,839",,
SUSA,iShares MSCI USA ESG Select ETF,30/04/21,Pharmaceuticals — 1.4%,Zoetis Inc.,"1,20,807","2,09,03,235","4,21,82,074",
SUSA,iShares MSCI USA ESG Select ETF,30/04/21,Professional Services — 0.5%,IHS Markit Ltd.,"99,517","1,07,06,039",,
SUSA,iShares MSCI USA ESG Select ETF,30/04/21,Professional Services — 0.5%,Robert Half International Inc.,"45,532","39,89,058","1,46,95,097",
SUSA,iShares MSCI USA ESG Select ETF,30/04/21,Real Estate Management & Development — 0.6%,"CBRE Group Inc., Class A (a)(b)","2,00,849","1,71,12,335","1,71,12,335",
SUSA,iShares MSCI USA ESG Select ETF,30/04/21,Road & Rail — 1.0%,CSX Corp.,"45,311","45,65,083",,
SUSA,iShares MSCI USA ESG Select ETF,30/04/21,Road & Rail — 1.0%,Kansas City Southern,"47,437","1,38,61,566",,
SUSA,iShares MSCI USA ESG Select ETF,30/04/21,Road & Rail — 1.0%,Norfolk Southern Corp.,"25,694","71,74,793",,
SUSA,iShares MSCI USA ESG Select ETF,30/04/21,Road & Rail — 1.0%,Union Pacific Corp.,"19,792","43,95,605","2,99,97,047",
SUSA,iShares MSCI USA ESG Select ETF,30/04/21,Semiconductors & Semiconductor Equipment — 5.4%,Advanced Micro Devices Inc. (a)(b),"79,323","64,74,343",,
SUSA,iShares MSCI USA ESG Select ETF,30/04/21,Semiconductors & Semiconductor Equipment — 5.4%,Applied Materials Inc.,"2,52,398","3,34,95,739",,
SUSA,iShares MSCI USA ESG Select ETF,30/04/21,Semiconductors & Semiconductor Equipment — 5.4%,Intel Corp.,"3,80,750","2,19,04,548",,
SUSA,iShares MSCI USA ESG Select ETF,30/04/21,Semiconductors & Semiconductor Equipment — 5.4%,Lam Research Corp.,"14,363","89,11,523",,
SUSA,iShares MSCI USA ESG Select ETF,30/04/21,Semiconductors & Semiconductor Equipment — 5.4%,Marvell Technology Inc.,"60,304","27,26,344",,
SUSA,iShares MSCI USA ESG Select ETF,30/04/21,Semiconductors & Semiconductor Equipment — 5.4%,Micron Technology Inc. (a),"65,587","56,45,073",,
SUSA,iShares MSCI USA ESG Select ETF,30/04/21,Semiconductors & Semiconductor Equipment — 5.4%,NVIDIA Corp.,"79,690","4,78,44,282",,
SUSA,iShares MSCI USA ESG Select ETF,30/04/21,Semiconductors & Semiconductor Equipment — 5.4%,ON Semiconductor Corp. (a),"94,436","36,83,004",,
SUSA,iShares MSCI USA ESG Select ETF,30/04/21,Semiconductors & Semiconductor Equipment — 5.4%,QUALCOMM Inc.,"38,714","53,73,503",,
SUSA,iShares MSCI USA ESG Select ETF,30/04/21,Semiconductors & Semiconductor Equipment — 5.4%,Texas Instruments Inc.,"1,64,644","2,97,19,888","16,57,78,247",
SUSA,iShares MSCI USA ESG Select ETF,30/04/21,Software — 10.1%,Adobe Inc. (a),"63,131","3,20,92,012",,
SUSA,iShares MSCI USA ESG Select ETF,30/04/21,Software — 10.1%,Autodesk Inc. (a),"65,729","1,91,86,952",,
SUSA,iShares MSCI USA ESG Select ETF,30/04/21,Software — 10.1%,Cadence Design Systems Inc. (a),"1,03,492","1,36,37,141",,
SUSA,iShares MSCI USA ESG Select ETF,30/04/21,Software — 10.1%,"Crowdstrike Holdings Inc., Class A (a)","11,921","24,85,648",,
SUSA,iShares MSCI USA ESG Select ETF,30/04/21,Software — 10.1%,DocuSign Inc. (a),"12,153","27,09,390",,
SUSA,iShares MSCI USA ESG Select ETF,30/04/21,Software — 10.1%,HubSpot Inc. (a),"5,470","28,79,681",,
SUSA,iShares MSCI USA ESG Select ETF,30/04/21,Software — 10.1%,Intuit Inc.,"56,080","2,31,13,933",,
SUSA,iShares MSCI USA ESG Select ETF,30/04/21,Software — 10.1%,Microsoft Corp.,"5,91,481","14,91,59,679",,
SUSA,iShares MSCI USA ESG Select ETF,30/04/21,Software — 10.1%,"RingCentral Inc., Class A (a)","6,613","21,09,216",,
SUSA,iShares MSCI USA ESG Select ETF,30/04/21,Software — 10.1%,salesforce.com Inc. (a),"1,39,246","3,20,71,139",,
SUSA,iShares MSCI USA ESG Select ETF,30/04/21,Software — 10.1%,ServiceNow Inc. (a),"20,588","1,04,25,146",,
SUSA,iShares MSCI USA ESG Select ETF,30/04/21,Software — 10.1%,"Slack Technologies Inc., Class A (a)","98,138","41,61,051",,
SUSA,iShares MSCI USA ESG Select ETF,30/04/21,Software — 10.1%,Splunk Inc. (a),"17,114","21,63,552",,
SUSA,iShares MSCI USA ESG Select ETF,30/04/21,Software — 10.1%,"VMware Inc., Class A (a)(b)","28,972","46,59,567",,
SUSA,iShares MSCI USA ESG Select ETF,30/04/21,Software — 10.1%,"Workday Inc., Class A (a)","28,560","70,54,320","30,79,08,427",
SUSA,iShares MSCI USA ESG Select ETF,30/04/21,Specialty Retail — 3.2%,Best Buy Co. Inc.,"1,36,820","1,59,08,061",,
SUSA,iShares MSCI USA ESG Select ETF,30/04/21,Specialty Retail — 3.2%,Home Depot Inc. (The),"1,79,944","5,82,42,475",,
SUSA,iShares MSCI USA ESG Select ETF,30/04/21,Specialty Retail — 3.2%,Lowe’s Companies Inc.,"86,668","1,70,08,595",,
SUSA,iShares MSCI USA ESG Select ETF,30/04/21,Specialty Retail — 3.2%,TJX Companies Inc. (The),"57,052","40,50,692",,
SUSA,iShares MSCI USA ESG Select ETF,30/04/21,Specialty Retail — 3.2%,Tractor Supply Co.,"20,307","38,29,900","9,90,39,723",
SUSA,iShares MSCI USA ESG Select ETF,30/04/21,"Technology Hardware, Storage & Peripherals — 5.6%",Apple Inc.,"10,82,242","14,22,71,533",,
SUSA,iShares MSCI USA ESG Select ETF,30/04/21,"Technology Hardware, Storage & Peripherals — 5.6%",Hewlett Packard Enterprise Co.,"12,37,873","1,98,30,726",,
SUSA,iShares MSCI USA ESG Select ETF,30/04/21,"Technology Hardware, Storage & Peripherals — 5.6%",HP Inc.,"3,11,876","1,06,38,090","17,27,40,349",
SUSA,iShares MSCI USA ESG Select ETF,30/04/21,"Textiles, Apparel & Luxury Goods — 1.0%",Lululemon Athletica Inc. (a),"13,939","46,73,328",,
SUSA,iShares MSCI USA ESG Select ETF,30/04/21,"Textiles, Apparel & Luxury Goods — 1.0%","Nike Inc., Class B","94,107","1,24,80,470",,
SUSA,iShares MSCI USA ESG Select ETF,30/04/21,"Textiles, Apparel & Luxury Goods — 1.0%",VF Corp.,"1,51,163","1,32,50,949","3,04,04,747",
SUSA,iShares MSCI USA ESG Select ETF,30/04/21,Trading Companies & Distributors — 0.2%,WW Grainger Inc.,"11,057","47,93,652","47,93,652","3,04,89,71,802"
SUSA,iShares MSCI USA ESG Select ETF,30/04/21,MONEY MARKET FUNDS — 1.1%,"BlackRock Cash Funds: Institutional, SL Agency Shares, 0.08%(c)(d)(e)","2,81,73,872","2,81,87,959",,
SUSA,iShares MSCI USA ESG Select ETF,30/04/21,MONEY MARKET FUNDS — 1.1%,"BlackRock Cash Funds: Treasury, SL Agency Shares, 0.00%(c)(d)","65,70,000","65,70,000","3,47,57,959","3,47,57,959"
SUSL,iShares ESG MSCI USA Leaders ETF,31/08/21,Aerospace & Defense — 0.1%,Howmet Aerospace Inc.,"77,904","24,73,452","24,73,452",
SUSL,iShares ESG MSCI USA Leaders ETF,31/08/21,Air Freight & Logistics — 0.8%,CH Robinson Worldwide Inc.,"26,709","24,05,413",,
SUSL,iShares ESG MSCI USA Leaders ETF,31/08/21,Air Freight & Logistics — 0.8%,Expeditors International of Washington Inc.,"33,768","42,08,843",,
SUSL,iShares ESG MSCI USA Leaders ETF,31/08/21,Air Freight & Logistics — 0.8%,"United Parcel Service Inc., Class","1,44,306","2,82,30,583","3,48,44,839",
SUSL,iShares ESG MSCI USA Leaders ETF,31/08/21,Airlines — 0.0%,Delta Air Lines Inc.,"31,843","12,87,731","12,87,731",
SUSL,iShares ESG MSCI USA Leaders ETF,31/08/21,Auto Components — 0.2%,Aptiv PLC,"53,861","81,97,106",,
SUSL,iShares ESG MSCI USA Leaders ETF,31/08/21,Auto Components — 0.2%,BorgWarner Inc.,"47,747","20,37,842","1,02,34,948",
SUSL,iShares ESG MSCI USA Leaders ETF,31/08/21,Automobiles — 2.9%,Tesla Inc.,"1,63,366","12,01,91,634","12,01,91,634",
SUSL,iShares ESG MSCI USA Leaders ETF,31/08/21,Banks — 2.0%,Citizens Financial Group Inc.,"84,766","37,11,903",,
SUSL,iShares ESG MSCI USA Leaders ETF,31/08/21,Banks — 2.0%,First Republic Bank/CA,"34,741","69,11,374",,
SUSL,iShares ESG MSCI USA Leaders ETF,31/08/21,Banks — 2.0%,Huntington Bancshares Inc./OH,"2,94,132","45,67,870",,
SUSL,iShares ESG MSCI USA Leaders ETF,31/08/21,Banks — 2.0%,KeyCorp.,"1,93,171","39,25,235",,
SUSL,iShares ESG MSCI USA Leaders ETF,31/08/21,Banks — 2.0%,M&T Bank Corp.,"25,617","35,86,636",,
SUSL,iShares ESG MSCI USA Leaders ETF,31/08/21,Banks — 2.0%,PNC Financial Services Group Inc. (The),"84,439","1,61,36,293",,
SUSL,iShares ESG MSCI USA Leaders ETF,31/08/21,Banks — 2.0%,Regions Financial Corp.,"1,91,425","39,10,813",,
SUSL,iShares ESG MSCI USA Leaders ETF,31/08/21,Banks — 2.0%,SVB Financial Group,"11,142","62,33,949",,
SUSL,iShares ESG MSCI USA Leaders ETF,31/08/21,Banks — 2.0%,Truist Financial Corp.,"2,68,563","1,53,24,205",,
SUSL,iShares ESG MSCI USA Leaders ETF,31/08/21,Banks — 2.0%,U.S. Bancorp.,"2,84,508","1,63,27,914","8,06,36,192",
SUSL,iShares ESG MSCI USA Leaders ETF,31/08/21,Beverages — 2.3%,Coca-Cola Co. (The),"8,16,161","4,59,58,026",,
SUSL,iShares ESG MSCI USA Leaders ETF,31/08/21,Beverages — 2.3%,Keurig Dr Pepper Inc.,"1,40,279","50,03,752",,
SUSL,iShares ESG MSCI USA Leaders ETF,31/08/21,Beverages — 2.3%,PepsiCo Inc.,"2,75,070","4,30,18,197","9,39,79,975",
SUSL,iShares ESG MSCI USA Leaders ETF,31/08/21,Biotechnology — 1.8%,Amgen Inc.,"1,15,117","2,59,62,337",,
SUSL,iShares ESG MSCI USA Leaders ETF,31/08/21,Biotechnology — 1.8%,Biogen Inc.,"30,392","1,03,00,153",,
SUSL,iShares ESG MSCI USA Leaders ETF,31/08/21,Biotechnology — 1.8%,BioMarin Pharmaceutical Inc.,"36,252","30,52,781",,
SUSL,iShares ESG MSCI USA Leaders ETF,31/08/21,Biotechnology — 1.8%,Gilead Sciences Inc.,"2,50,542","1,82,34,447",,
SUSL,iShares ESG MSCI USA Leaders ETF,31/08/21,Biotechnology — 1.8%,Horizon Therapeutics PLC,"42,405","45,83,556",,
SUSL,iShares ESG MSCI USA Leaders ETF,31/08/21,Biotechnology — 1.8%,Vertex Pharmaceuticals Inc.,"51,852","1,03,85,437","7,25,18,711",
SUSL,iShares ESG MSCI USA Leaders ETF,31/08/21,Building Products — 0.8%,Allegion PLC,"18,136","26,11,403",,
SUSL,iShares ESG MSCI USA Leaders ETF,31/08/21,Building Products — 0.8%,Fortune Brands Home & Security Inc.,"27,618","26,89,165",,
SUSL,iShares ESG MSCI USA Leaders ETF,31/08/21,Building Products — 0.8%,Johnson Controls International PLC,"1,43,581","1,07,39,859",,
SUSL,iShares ESG MSCI USA Leaders ETF,31/08/21,Building Products — 0.8%,Lennox International Inc.,"6,807","22,81,570",,
SUSL,iShares ESG MSCI USA Leaders ETF,31/08/21,Building Products — 0.8%,Masco Corp.,"51,210","31,09,471",,
SUSL,iShares ESG MSCI USA Leaders ETF,31/08/21,Building Products — 0.8%,Owens Corning,"20,915","19,98,428",,
SUSL,iShares ESG MSCI USA Leaders ETF,31/08/21,Building Products — 0.8%,Trane Technologies PLC,"47,507","94,30,139","3,28,60,035",
SUSL,iShares ESG MSCI USA Leaders ETF,31/08/21,Capital Markets — 4.9%,Ameriprise Financial Inc.,"23,294","63,57,165",,
SUSL,iShares ESG MSCI USA Leaders ETF,31/08/21,Capital Markets — 4.9%,Bank of New York Mellon Corp. (The),"1,66,459","91,91,866",,
SUSL,iShares ESG MSCI USA Leaders ETF,31/08/21,Capital Markets — 4.9%,BlackRock Inc.,"30,448","2,87,21,294",,
SUSL,iShares ESG MSCI USA Leaders ETF,31/08/21,Capital Markets — 4.9%,Carlyle Group Inc. (The),"31,774","15,69,000",,
SUSL,iShares ESG MSCI USA Leaders ETF,31/08/21,Capital Markets — 4.9%,Cboe Global Markets Inc.,"21,411","27,00,998",,
SUSL,iShares ESG MSCI USA Leaders ETF,31/08/21,Capital Markets — 4.9%,Charles Schwab Corp. (The),"2,87,581","2,09,50,276",,
SUSL,iShares ESG MSCI USA Leaders ETF,31/08/21,Capital Markets — 4.9%,CME Group Inc.,"71,576","1,44,38,311",,
SUSL,iShares ESG MSCI USA Leaders ETF,31/08/21,Capital Markets — 4.9%,FactSet Research Systems Inc.,"7,553","28,71,802",,
SUSL,iShares ESG MSCI USA Leaders ETF,31/08/21,Capital Markets — 4.9%,Franklin Resources Inc.,"60,531","19,63,626",,
SUSL,iShares ESG MSCI USA Leaders ETF,31/08/21,Capital Markets — 4.9%,Intercontinental Exchange Inc.,"1,11,960","1,33,82,579",,
SUSL,iShares ESG MSCI USA Leaders ETF,31/08/21,Capital Markets — 4.9%,Invesco Ltd.,"69,042","17,48,143",,
SUSL,iShares ESG MSCI USA Leaders ETF,31/08/21,Capital Markets — 4.9%,MarketAxess Holdings Inc.,"7,556","35,96,051",,
SUSL,iShares ESG MSCI USA Leaders ETF,31/08/21,Capital Markets — 4.9%,Moody’s Corp.,"33,585","1,27,88,160",,
SUSL,iShares ESG MSCI USA Leaders ETF,31/08/21,Capital Markets — 4.9%,Morgan Stanley,"2,78,399","2,90,73,208",,
SUSL,iShares ESG MSCI USA Leaders ETF,31/08/21,Capital Markets — 4.9%,Nasdaq Inc.,"22,968","44,96,675",,
SUSL,iShares ESG MSCI USA Leaders ETF,31/08/21,Capital Markets — 4.9%,Northern Trust Corp.,"39,484","46,79,644",,
SUSL,iShares ESG MSCI USA Leaders ETF,31/08/21,Capital Markets — 4.9%,Raymond James Financial Inc.,"24,676","34,52,172",,
SUSL,iShares ESG MSCI USA Leaders ETF,31/08/21,Capital Markets — 4.9%,S&P Global Inc.,"47,996","2,13,01,585",,
SUSL,iShares ESG MSCI USA Leaders ETF,31/08/21,Capital Markets — 4.9%,State Street Corp.,"70,101","65,13,084",,
SUSL,iShares ESG MSCI USA Leaders ETF,31/08/21,Capital Markets — 4.9%,T Rowe Price Group Inc.,"45,419","1,01,67,951","19,99,63,590",
SUSL,iShares ESG MSCI USA Leaders ETF,31/08/21,Chemicals — 2.2%,DuPont de Nemours Inc.,"1,07,291","79,41,680",,
SUSL,iShares ESG MSCI USA Leaders ETF,31/08/21,Chemicals — 2.2%,Ecolab Inc.,"51,216","1,15,42,038",,
SUSL,iShares ESG MSCI USA Leaders ETF,31/08/21,Chemicals — 2.2%,International Flavors & Fragrances Inc.,"49,559","75,08,188",,
SUSL,iShares ESG MSCI USA Leaders ETF,31/08/21,Chemicals — 2.2%,Linde PLC,"1,04,342","3,28,24,950",,
SUSL,iShares ESG MSCI USA Leaders ETF,31/08/21,Chemicals — 2.2%,"LyondellBasell Industries NV, Class","53,288","53,47,451",,
SUSL,iShares ESG MSCI USA Leaders ETF,31/08/21,Chemicals — 2.2%,Mosaic Co. (The),"71,883","23,13,195",,
SUSL,iShares ESG MSCI USA Leaders ETF,31/08/21,Chemicals — 2.2%,PPG Industries Inc.,"47,200","75,30,760",,
SUSL,iShares ESG MSCI USA Leaders ETF,31/08/21,Chemicals — 2.2%,Sherwin-Williams Co. (The),"50,929","1,54,65,609","9,04,73,871",
SUSL,iShares ESG MSCI USA Leaders ETF,31/08/21,Commercial Services & Supplies — 0.5%,Copart Inc.,"42,375","61,15,560",,
SUSL,iShares ESG MSCI USA Leaders ETF,31/08/21,Commercial Services & Supplies — 0.5%,Waste Management Inc.,"84,336","1,30,81,357","1,91,96,917",
SUSL,iShares ESG MSCI USA Leaders ETF,31/08/21,Communications Equipment — 1.4%,Cisco Systems Inc.,"8,41,673","4,96,75,540",,
SUSL,iShares ESG MSCI USA Leaders ETF,31/08/21,Communications Equipment — 1.4%,Motorola Solutions Inc.,"33,704","82,31,191","5,79,06,731",
SUSL,iShares ESG MSCI USA Leaders ETF,31/08/21,Consumer Finance — 0.8%,Ally Financial Inc.,"74,502","39,41,156",,
SUSL,iShares ESG MSCI USA Leaders ETF,31/08/21,Consumer Finance — 0.8%,American Express Co.,"1,36,494","2,26,52,544",,
SUSL,iShares ESG MSCI USA Leaders ETF,31/08/21,Consumer Finance — 0.8%,Discover Financial Services,"61,162","78,42,192","3,44,35,892",
SUSL,iShares ESG MSCI USA Leaders ETF,31/08/21,Containers & Packaging — 0.4%,Amcor PLC,"3,11,087","39,97,468",,
SUSL,iShares ESG MSCI USA Leaders ETF,31/08/21,Containers & Packaging — 0.4%,Ball Corp.,"64,920","62,29,723",,
SUSL,iShares ESG MSCI USA Leaders ETF,31/08/21,Containers & Packaging — 0.4%,International Paper Co.,"74,473","44,75,083","1,47,02,274",
SUSL,iShares ESG MSCI USA Leaders ETF,31/08/21,Distributors — 0.3%,Genuine Parts Co.,"28,753","35,13,329",,
SUSL,iShares ESG MSCI USA Leaders ETF,31/08/21,Distributors — 0.3%,LKQ Corp.,"57,426","30,25,776",,
SUSL,iShares ESG MSCI USA Leaders ETF,31/08/21,Distributors — 0.3%,Pool Corp.,"8,023","39,65,769","1,05,04,874",
SUSL,iShares ESG MSCI USA Leaders ETF,31/08/21,Diversified Financial Services — 0.1%,Equitable Holdings Inc.,"78,227","24,25,819",,
SUSL,iShares ESG MSCI USA Leaders ETF,31/08/21,Diversified Financial Services — 0.1%,Voya Financial Inc.,"24,743","16,07,800","40,33,619",
SUSL,iShares ESG MSCI USA Leaders ETF,31/08/21,Diversified Telecommunication Services — 1.1%,Verizon Communications Inc.,"8,25,017","4,53,75,935","4,53,75,935",
SUSL,iShares ESG MSCI USA Leaders ETF,31/08/21,Electric Utilities — 0.3%,Edison International,"75,625","43,74,150",,
SUSL,iShares ESG MSCI USA Leaders ETF,31/08/21,Electric Utilities — 0.3%,Eversource Energy,"68,397","62,05,660","1,05,79,810",
SUSL,iShares ESG MSCI USA Leaders ETF,31/08/21,Electrical Equipment — 0.6%,Eaton Corp. PLC,"79,399","1,33,67,615",,
SUSL,iShares ESG MSCI USA Leaders ETF,31/08/21,Electrical Equipment — 0.6%,Generac Holdings Inc.,"12,517","54,69,679",,
SUSL,iShares ESG MSCI USA Leaders ETF,31/08/21,Electrical Equipment — 0.6%,Rockwell Automation Inc.,"23,182","75,44,582","2,63,81,876",
SUSL,iShares ESG MSCI USA Leaders ETF,31/08/21,"Electronic Equipment, Instruments & Components — 0.6%",Cognex Corp.,"35,119","31,12,246",,
SUSL,iShares ESG MSCI USA Leaders ETF,31/08/21,"Electronic Equipment, Instruments & Components — 0.6%",Keysight Technologies Inc.,"37,084","66,52,128",,
SUSL,iShares ESG MSCI USA Leaders ETF,31/08/21,"Electronic Equipment, Instruments & Components — 0.6%",Teledyne Technologies Inc.,"9,235","42,79,314",,
SUSL,iShares ESG MSCI USA Leaders ETF,31/08/21,"Electronic Equipment, Instruments & Components — 0.6%",Trimble Inc.,"49,895","47,01,107",,
SUSL,iShares ESG MSCI USA Leaders ETF,31/08/21,"Electronic Equipment, Instruments & Components — 0.6%","Zebra Technologies Corp., Class","10,633","62,43,379","2,49,88,174",
SUSL,iShares ESG MSCI USA Leaders ETF,31/08/21,Energy Equipment & Services — 0.3%,Baker Hughes Co.,"1,45,190","33,07,428",,
SUSL,iShares ESG MSCI USA Leaders ETF,31/08/21,Energy Equipment & Services — 0.3%,Schlumberger Ltd.,"2,78,749","78,16,122","1,11,23,550",
SUSL,iShares ESG MSCI USA Leaders ETF,31/08/21,Entertainment — 2.2%,Activision Blizzard Inc.,"1,54,468","1,27,23,529",,
SUSL,iShares ESG MSCI USA Leaders ETF,31/08/21,Entertainment — 2.2%,Electronic Arts Inc.,"57,342","83,26,632",,
SUSL,iShares ESG MSCI USA Leaders ETF,31/08/21,Entertainment — 2.2%,Take-Two Interactive Software Inc.,"22,935","36,97,581",,
SUSL,iShares ESG MSCI USA Leaders ETF,31/08/21,Entertainment — 2.2%,Walt Disney Co. (The),"3,61,870","6,56,07,031","9,03,54,773",
SUSL,iShares ESG MSCI USA Leaders ETF,31/08/21,Equity Real Estate Investment Trusts (REITs) — 2.6%,American Tower Corp.,"90,719","2,65,05,370",,
SUSL,iShares ESG MSCI USA Leaders ETF,31/08/21,Equity Real Estate Investment Trusts (REITs) — 2.6%,Boston Properties Inc.,"29,476","33,30,493",,
SUSL,iShares ESG MSCI USA Leaders ETF,31/08/21,Equity Real Estate Investment Trusts (REITs) — 2.6%,Crown Castle International Corp.,"85,990","1,67,41,393",,
SUSL,iShares ESG MSCI USA Leaders ETF,31/08/21,Equity Real Estate Investment Trusts (REITs) — 2.6%,Equinix Inc.,"17,775","1,49,92,324",,
SUSL,iShares ESG MSCI USA Leaders ETF,31/08/21,Equity Real Estate Investment Trusts (REITs) — 2.6%,Equity Residential,"70,585","59,34,081",,
SUSL,iShares ESG MSCI USA Leaders ETF,31/08/21,Equity Real Estate Investment Trusts (REITs) — 2.6%,Healthpeak Properties Inc.,"1,07,296","38,62,656",,
SUSL,iShares ESG MSCI USA Leaders ETF,31/08/21,Equity Real Estate Investment Trusts (REITs) — 2.6%,Host Hotels & Resorts Inc.,"1,40,854","23,32,542",,
SUSL,iShares ESG MSCI USA Leaders ETF,31/08/21,Equity Real Estate Investment Trusts (REITs) — 2.6%,Prologis Inc.,"1,47,431","1,98,53,059",,
SUSL,iShares ESG MSCI USA Leaders ETF,31/08/21,Equity Real Estate Investment Trusts (REITs) — 2.6%,Welltower Inc.,"83,194","72,81,971",,
SUSL,iShares ESG MSCI USA Leaders ETF,31/08/21,Equity Real Estate Investment Trusts (REITs) — 2.6%,Weyerhaeuser Co.,"1,49,105","53,67,780","10,62,01,669",
SUSL,iShares ESG MSCI USA Leaders ETF,31/08/21,Food & Staples Retailing — 0.2%,Kroger Co. (The),"1,44,207","66,37,848","66,37,848",
SUSL,iShares ESG MSCI USA Leaders ETF,31/08/21,Food Products — 0.7%,Bunge Ltd.,"27,959","21,16,776",,
SUSL,iShares ESG MSCI USA Leaders ETF,31/08/21,Food Products — 0.7%,Campbell Soup Co.,"39,219","16,36,609",,
SUSL,iShares ESG MSCI USA Leaders ETF,31/08/21,Food Products — 0.7%,Conagra Brands Inc.,"97,301","32,22,609",,
SUSL,iShares ESG MSCI USA Leaders ETF,31/08/21,Food Products — 0.7%,General Mills Inc.,"1,21,895","70,46,750",,
SUSL,iShares ESG MSCI USA Leaders ETF,31/08/21,Food Products — 0.7%,Hormel Foods Corp.,"59,155","26,93,918",,
SUSL,iShares ESG MSCI USA Leaders ETF,31/08/21,Food Products — 0.7%,JM Smucker Co. (The),"21,851","27,02,313",,
SUSL,iShares ESG MSCI USA Leaders ETF,31/08/21,Food Products — 0.7%,Kellogg Co.,"51,363","32,43,060",,
SUSL,iShares ESG MSCI USA Leaders ETF,31/08/21,Food Products — 0.7%,Lamb Weston Holdings Inc.,"29,252","19,05,768",,
SUSL,iShares ESG MSCI USA Leaders ETF,31/08/21,Food Products — 0.7%,"McCormick & Co. Inc./MD, NVS","49,600","42,79,984","2,88,47,787",
SUSL,iShares ESG MSCI USA Leaders ETF,31/08/21,Gas Utilities — 0.1%,Atmos Energy Corp.,"25,587","24,94,988",,
SUSL,iShares ESG MSCI USA Leaders ETF,31/08/21,Gas Utilities — 0.1%,UGI Corp.,"41,660","19,29,275","44,24,263",
SUSL,iShares ESG MSCI USA Leaders ETF,31/08/21,Health Care Equipment & Supplies — 2.3%,ABIOMED Inc.,"9,043","32,91,290",,
SUSL,iShares ESG MSCI USA Leaders ETF,31/08/21,Health Care Equipment & Supplies — 2.3%,Align Technology Inc.,"14,961","1,06,07,349",,
SUSL,iShares ESG MSCI USA Leaders ETF,31/08/21,Health Care Equipment & Supplies — 2.3%,Baxter International Inc.,"1,00,677","76,73,601",,
SUSL,iShares ESG MSCI USA Leaders ETF,31/08/21,Health Care Equipment & Supplies — 2.3%,DENTSPLY SIRONA Inc.,"43,558","26,87,529",,
SUSL,iShares ESG MSCI USA Leaders ETF,31/08/21,Health Care Equipment & Supplies — 2.3%,Dexcom Inc. (a)(c),"19,192","1,01,60,629",,
SUSL,iShares ESG MSCI USA Leaders ETF,31/08/21,Health Care Equipment & Supplies — 2.3%,Edwards Lifesciences Corp.,"1,24,533","1,45,92,777",,
SUSL,iShares ESG MSCI USA Leaders ETF,31/08/21,Health Care Equipment & Supplies — 2.3%,Hologic Inc.,"51,307","40,60,949",,
SUSL,iShares ESG MSCI USA Leaders ETF,31/08/21,Health Care Equipment & Supplies — 2.3%,IDEXX Laboratories Inc.,"17,055","1,14,90,977",,
SUSL,iShares ESG MSCI USA Leaders ETF,31/08/21,Health Care Equipment & Supplies — 2.3%,Insulet Corp.,"13,170","39,22,158",,
SUSL,iShares ESG MSCI USA Leaders ETF,31/08/21,Health Care Equipment & Supplies — 2.3%,Novocure Ltd.,"18,379","24,66,645",,
SUSL,iShares ESG MSCI USA Leaders ETF,31/08/21,Health Care Equipment & Supplies — 2.3%,ResMed Inc.,"28,988","84,21,884",,
SUSL,iShares ESG MSCI USA Leaders ETF,31/08/21,Health Care Equipment & Supplies — 2.3%,STERIS PLC,"19,837","42,65,153",,
SUSL,iShares ESG MSCI USA Leaders ETF,31/08/21,Health Care Equipment & Supplies — 2.3%,Teleflex Inc.,"9,293","36,75,010",,
SUSL,iShares ESG MSCI USA Leaders ETF,31/08/21,Health Care Equipment & Supplies — 2.3%,West Pharmaceutical Services Inc.,"14,746","66,59,588","9,39,75,539",
SUSL,iShares ESG MSCI USA Leaders ETF,31/08/21,Health Care Providers & Services — 1.6%,AmerisourceBergen Corp.,"30,585","37,37,793",,
SUSL,iShares ESG MSCI USA Leaders ETF,31/08/21,Health Care Providers & Services — 1.6%,Cardinal Health Inc.,"58,478","30,69,510",,
SUSL,iShares ESG MSCI USA Leaders ETF,31/08/21,Health Care Providers & Services — 1.6%,Centene Corp.,"1,15,933","73,01,460",,
SUSL,iShares ESG MSCI USA Leaders ETF,31/08/21,Health Care Providers & Services — 1.6%,Cigna Corp.,"68,461","1,44,89,771",,
SUSL,iShares ESG MSCI USA Leaders ETF,31/08/21,Health Care Providers & Services — 1.6%,DaVita Inc.,"14,206","18,57,719",,
SUSL,iShares ESG MSCI USA Leaders ETF,31/08/21,Health Care Providers & Services — 1.6%,HCA Healthcare Inc.,"54,217","1,37,15,817",,
SUSL,iShares ESG MSCI USA Leaders ETF,31/08/21,Health Care Providers & Services — 1.6%,Humana Inc.,"25,684","1,04,12,807",,
SUSL,iShares ESG MSCI USA Leaders ETF,31/08/21,Health Care Providers & Services — 1.6%,Laboratory Corp. of America Holdings,"19,458","59,03,168",,
SUSL,iShares ESG MSCI USA Leaders ETF,31/08/21,Health Care Providers & Services — 1.6%,Quest Diagnostics Inc.,"26,581","40,62,374","6,45,50,419",
SUSL,iShares ESG MSCI USA Leaders ETF,31/08/21,Health Care Technology — 0.2%,Cerner Corp.,"61,088","46,64,069",,
SUSL,iShares ESG MSCI USA Leaders ETF,31/08/21,Health Care Technology — 0.2%,Teladoc Health Inc.,"26,943","38,91,108","85,55,177",
SUSL,iShares ESG MSCI USA Leaders ETF,31/08/21,"Hotels, Restaurants & Leisure — 2.4%",Booking Holdings Inc.,"8,168","1,87,83,705",,
SUSL,iShares ESG MSCI USA Leaders ETF,31/08/21,"Hotels, Restaurants & Leisure — 2.4%",Darden Restaurants Inc.,"25,933","39,06,806",,
SUSL,iShares ESG MSCI USA Leaders ETF,31/08/21,"Hotels, Restaurants & Leisure — 2.4%",Domino’s Pizza Inc.,"7,757","40,09,516",,
SUSL,iShares ESG MSCI USA Leaders ETF,31/08/21,"Hotels, Restaurants & Leisure — 2.4%",Hilton Worldwide Holdings Inc.,"55,342","69,10,002",,
SUSL,iShares ESG MSCI USA Leaders ETF,31/08/21,"Hotels, Restaurants & Leisure — 2.4%",McDonald’s Corp.,"1,48,630","3,52,93,680",,
SUSL,iShares ESG MSCI USA Leaders ETF,31/08/21,"Hotels, Restaurants & Leisure — 2.4%",Starbucks Corp.,"2,34,697","2,75,74,550",,
SUSL,iShares ESG MSCI USA Leaders ETF,31/08/21,"Hotels, Restaurants & Leisure — 2.4%",Vail Resorts Inc.,"8,027","24,47,031","9,89,25,290",
SUSL,iShares ESG MSCI USA Leaders ETF,31/08/21,Household Durables — 0.3%,Garmin Ltd.,"30,564","53,31,278",,
SUSL,iShares ESG MSCI USA Leaders ETF,31/08/21,Household Durables — 0.3%,Mohawk Industries Inc.,"11,943","23,61,848",,
SUSL,iShares ESG MSCI USA Leaders ETF,31/08/21,Household Durables — 0.3%,Newell Brands Inc.,"76,327","19,39,469",,
SUSL,iShares ESG MSCI USA Leaders ETF,31/08/21,Household Durables — 0.3%,NVR Inc.,718,"37,19,197","1,33,51,792",
SUSL,iShares ESG MSCI USA Leaders ETF,31/08/21,Household Products — 2.3%,Clorox Co. (The),"25,046","42,08,980",,
SUSL,iShares ESG MSCI USA Leaders ETF,31/08/21,Household Products — 2.3%,Colgate-Palmolive Co.,"1,60,717","1,25,27,890",,
SUSL,iShares ESG MSCI USA Leaders ETF,31/08/21,Household Products — 2.3%,Kimberly-Clark Corp.,"67,465","92,97,352",,
SUSL,iShares ESG MSCI USA Leaders ETF,31/08/21,Household Products — 2.3%,Procter & Gamble Co. (The),"4,88,435","6,95,48,260","9,55,82,482",
SUSL,iShares ESG MSCI USA Leaders ETF,31/08/21,Industrial Conglomerates — 0.8%,3M Co.,"1,15,468","2,24,86,238",,
SUSL,iShares ESG MSCI USA Leaders ETF,31/08/21,Industrial Conglomerates — 0.8%,Roper Technologies Inc.,"20,893","1,00,97,169","3,25,83,407",
SUSL,iShares ESG MSCI USA Leaders ETF,31/08/21,Insurance — 3.2%,Aflac Inc.,"1,30,392","73,90,619",,
SUSL,iShares ESG MSCI USA Leaders ETF,31/08/21,Insurance — 3.2%,Allstate Corp. (The),"60,384","81,68,747",,
SUSL,iShares ESG MSCI USA Leaders ETF,31/08/21,Insurance — 3.2%,American Financial Group Inc./OH,"14,639","20,19,304",,
SUSL,iShares ESG MSCI USA Leaders ETF,31/08/21,Insurance — 3.2%,American International Group Inc.,"1,72,383","94,05,216",,
SUSL,iShares ESG MSCI USA Leaders ETF,31/08/21,Insurance — 3.2%,"Aon PLC, Class","45,053","1,29,23,904",,
SUSL,iShares ESG MSCI USA Leaders ETF,31/08/21,Insurance — 3.2%,Arch Capital Group Ltd.,"80,993","33,28,812",,
SUSL,iShares ESG MSCI USA Leaders ETF,31/08/21,Insurance — 3.2%,Arthur J Gallagher & Co.,"41,143","59,08,958",,
SUSL,iShares ESG MSCI USA Leaders ETF,31/08/21,Insurance — 3.2%,Assurant Inc.,"11,539","19,62,899",,
SUSL,iShares ESG MSCI USA Leaders ETF,31/08/21,Insurance — 3.2%,Chubb Ltd.,"89,781","1,65,12,521",,
SUSL,iShares ESG MSCI USA Leaders ETF,31/08/21,Insurance — 3.2%,"Erie Indemnity Co., Class A, NVS","5,063","8,96,607",,
SUSL,iShares ESG MSCI USA Leaders ETF,31/08/21,Insurance — 3.2%,Hartford Financial Services Group Inc. (The),"71,301","47,92,853",,
SUSL,iShares ESG MSCI USA Leaders ETF,31/08/21,Insurance — 3.2%,Lincoln National Corp.,"36,439","25,01,537",,
SUSL,iShares ESG MSCI USA Leaders ETF,31/08/21,Insurance — 3.2%,Loews Corp.,"45,298","25,30,799",,
SUSL,iShares ESG MSCI USA Leaders ETF,31/08/21,Insurance — 3.2%,Marsh & McLennan Companies Inc.,"1,01,318","1,59,27,190",,
SUSL,iShares ESG MSCI USA Leaders ETF,31/08/21,Insurance — 3.2%,Principal Financial Group Inc.,"54,291","36,27,182",,
SUSL,iShares ESG MSCI USA Leaders ETF,31/08/21,Insurance — 3.2%,Progressive Corp. (The),"1,16,765","1,12,49,140",,
SUSL,iShares ESG MSCI USA Leaders ETF,31/08/21,Insurance — 3.2%,Prudential Financial Inc.,"79,128","83,78,073",,
SUSL,iShares ESG MSCI USA Leaders ETF,31/08/21,Insurance — 3.2%,Travelers Companies Inc. (The),"50,276","80,29,580",,
SUSL,iShares ESG MSCI USA Leaders ETF,31/08/21,Insurance — 3.2%,Willis Towers Watson PLC,"25,705","56,73,608","13,12,27,549",
SUSL,iShares ESG MSCI USA Leaders ETF,31/08/21,Interactive Media & Services — 8.4%,"Alphabet Inc., Class","59,985","17,35,93,591",,
SUSL,iShares ESG MSCI USA Leaders ETF,31/08/21,Interactive Media & Services — 8.4%,"Alphabet Inc., Class C, NVS","58,103","16,90,35,571","34,26,29,162",
SUSL,iShares ESG MSCI USA Leaders ETF,31/08/21,Internet & Direct Marketing Retail — 0.7%,eBay Inc.,"1,35,625","1,04,07,863",,
SUSL,iShares ESG MSCI USA Leaders ETF,31/08/21,Internet & Direct Marketing Retail — 0.7%,MercadoLibre Inc. (a)(c),"8,965","1,67,41,689","2,71,49,552",
SUSL,iShares ESG MSCI USA Leaders ETF,31/08/21,IT Services — 5.7%,"Accenture PLC, Class","1,26,414","4,25,45,896",,
SUSL,iShares ESG MSCI USA Leaders ETF,31/08/21,IT Services — 5.7%,Automatic Data Processing Inc.,"85,295","1,78,30,067",,
SUSL,iShares ESG MSCI USA Leaders ETF,31/08/21,IT Services — 5.7%,International Business Machines Corp.,"1,78,152","2,50,01,851",,
SUSL,iShares ESG MSCI USA Leaders ETF,31/08/21,IT Services — 5.7%,"Mastercard Inc., Class","1,76,787","6,12,08,963",,
SUSL,iShares ESG MSCI USA Leaders ETF,31/08/21,IT Services — 5.7%,Okta Inc.,"24,192","63,77,011",,
SUSL,iShares ESG MSCI USA Leaders ETF,31/08/21,IT Services — 5.7%,"Visa Inc., Class","3,38,129","7,74,65,354",,
SUSL,iShares ESG MSCI USA Leaders ETF,31/08/21,IT Services — 5.7%,Western Union Co. (The),"82,028","17,75,086","23,22,04,228",
SUSL,iShares ESG MSCI USA Leaders ETF,31/08/21,Leisure Products — 0.1%,Hasbro Inc.,"26,018","25,57,830","25,57,830",
SUSL,iShares ESG MSCI USA Leaders ETF,31/08/21,Life Sciences Tools & Services — 2.1%,Agilent Technologies Inc.,"60,781","1,06,65,242",,
SUSL,iShares ESG MSCI USA Leaders ETF,31/08/21,Life Sciences Tools & Services — 2.1%,Bio-Techne Corp.,"7,756","38,71,330",,
SUSL,iShares ESG MSCI USA Leaders ETF,31/08/21,Life Sciences Tools & Services — 2.1%,Illumina Inc.,"29,061","1,32,85,527",,
SUSL,iShares ESG MSCI USA Leaders ETF,31/08/21,Life Sciences Tools & Services — 2.1%,Mettler-Toledo International Inc. (a)(c),"4,695","72,90,537",,
SUSL,iShares ESG MSCI USA Leaders ETF,31/08/21,Life Sciences Tools & Services — 2.1%,Thermo Fisher Scientific Inc.,"78,530","4,35,80,223",,
SUSL,iShares ESG MSCI USA Leaders ETF,31/08/21,Life Sciences Tools & Services — 2.1%,Waters Corp.,"12,391","51,30,122","8,38,22,981",
SUSL,iShares ESG MSCI USA Leaders ETF,31/08/21,Machinery — 2.5%,Caterpillar Inc.,"1,08,703","2,29,22,201",,
SUSL,iShares ESG MSCI USA Leaders ETF,31/08/21,Machinery — 2.5%,Cummins Inc.,"29,454","69,50,555",,
SUSL,iShares ESG MSCI USA Leaders ETF,31/08/21,Machinery — 2.5%,Deere & Co.,"59,366","2,24,42,129",,
SUSL,iShares ESG MSCI USA Leaders ETF,31/08/21,Machinery — 2.5%,Dover Corp.,"28,641","49,93,845",,
SUSL,iShares ESG MSCI USA Leaders ETF,31/08/21,Machinery — 2.5%,Fortive Corp.,"63,964","47,25,021",,
SUSL,iShares ESG MSCI USA Leaders ETF,31/08/21,Machinery — 2.5%,IDEX Corp.,"15,129","33,88,896",,
SUSL,iShares ESG MSCI USA Leaders ETF,31/08/21,Machinery — 2.5%,Illinois Tool Works Inc.,"63,154","1,47,06,040",,
SUSL,iShares ESG MSCI USA Leaders ETF,31/08/21,Machinery — 2.5%,PACCAR Inc.,"69,196","56,65,076",,
SUSL,iShares ESG MSCI USA Leaders ETF,31/08/21,Machinery — 2.5%,Pentair PLC,"33,126","25,56,002",,
SUSL,iShares ESG MSCI USA Leaders ETF,31/08/21,Machinery — 2.5%,Snap-on Inc.,"10,824","24,34,859",,
SUSL,iShares ESG MSCI USA Leaders ETF,31/08/21,Machinery — 2.5%,Stanley Black & Decker Inc.,"32,055","61,95,270",,
SUSL,iShares ESG MSCI USA Leaders ETF,31/08/21,Machinery — 2.5%,Xylem Inc./NY,"35,957","49,01,299","10,18,81,193",
SUSL,iShares ESG MSCI USA Leaders ETF,31/08/21,Media — 0.3%,Cable One Inc.,"1,079","22,65,458",,
SUSL,iShares ESG MSCI USA Leaders ETF,31/08/21,Media — 0.3%,"Discovery Inc., Class A (a)(c)","32,386","9,34,012",,
SUSL,iShares ESG MSCI USA Leaders ETF,31/08/21,Media — 0.3%,"Discovery Inc., Class C, NVS","60,377","16,65,801",,
SUSL,iShares ESG MSCI USA Leaders ETF,31/08/21,Media — 0.3%,Interpublic Group of Companies Inc. (The),"77,983","29,03,307",,
SUSL,iShares ESG MSCI USA Leaders ETF,31/08/21,Media — 0.3%,Omnicom Group Inc.,"42,833","31,36,232",,
SUSL,iShares ESG MSCI USA Leaders ETF,31/08/21,Media — 0.3%,Sirius XM Holdings Inc.,"2,06,643","12,95,652","1,22,00,462",
SUSL,iShares ESG MSCI USA Leaders ETF,31/08/21,Metals & Mining — 0.3%,Newmont Corp.,"1,59,565","92,53,174",,
SUSL,iShares ESG MSCI USA Leaders ETF,31/08/21,Metals & Mining — 0.3%,Steel Dynamics Inc.,"41,911","28,28,574","1,20,81,748",
SUSL,iShares ESG MSCI USA Leaders ETF,31/08/21,Mortgage Real Estate Investment — 0.1%,Annaly Capital Management Inc.,"2,79,223","24,26,448","24,26,448",
SUSL,iShares ESG MSCI USA Leaders ETF,31/08/21,Multi-Utilities — 0.4%,CenterPoint Energy Inc.,"1,09,832","27,55,685",,
SUSL,iShares ESG MSCI USA Leaders ETF,31/08/21,Multi-Utilities — 0.4%,Consolidated Edison Inc.,"68,288","51,52,330",,
SUSL,iShares ESG MSCI USA Leaders ETF,31/08/21,Multi-Utilities — 0.4%,Sempra Energy,"63,171","83,61,313","1,62,69,328",
SUSL,iShares ESG MSCI USA Leaders ETF,31/08/21,Multiline Retail — 0.6%,Target Corp.,"98,696","2,43,75,938","2,43,75,938",
SUSL,iShares ESG MSCI USA Leaders ETF,31/08/21,"Oil, Gas & Consumable Fuels — 0.8%",Cheniere Energy Inc.,"48,024","42,00,179",,
SUSL,iShares ESG MSCI USA Leaders ETF,31/08/21,"Oil, Gas & Consumable Fuels — 0.8%",Marathon Petroleum Corp.,"1,29,802","76,93,365",,
SUSL,iShares ESG MSCI USA Leaders ETF,31/08/21,"Oil, Gas & Consumable Fuels — 0.8%",ONEOK Inc.,"88,737","46,60,467",,
SUSL,iShares ESG MSCI USA Leaders ETF,31/08/21,"Oil, Gas & Consumable Fuels — 0.8%",Phillips 66,"87,103","61,92,152",,
SUSL,iShares ESG MSCI USA Leaders ETF,31/08/21,"Oil, Gas & Consumable Fuels — 0.8%",Valero Energy Corp.,"81,482","54,03,071",,
SUSL,iShares ESG MSCI USA Leaders ETF,31/08/21,"Oil, Gas & Consumable Fuels — 0.8%",Williams Companies Inc. (The),"2,41,965","59,74,116","3,41,23,350",
SUSL,iShares ESG MSCI USA Leaders ETF,31/08/21,Personal Products — 0.4%,"Estee Lauder Companies Inc. (The), Class","45,819","1,56,00,911","1,56,00,911",
SUSL,iShares ESG MSCI USA Leaders ETF,31/08/21,Pharmaceuticals — 5.6%,Bristol-Myers Squibb Co.,"4,46,656","2,98,63,420",,
SUSL,iShares ESG MSCI USA Leaders ETF,31/08/21,Pharmaceuticals — 5.6%,Catalent Inc.,"33,894","44,21,134",,
SUSL,iShares ESG MSCI USA Leaders ETF,31/08/21,Pharmaceuticals — 5.6%,Eli Lilly & Co.,"1,62,439","4,19,56,369",,
SUSL,iShares ESG MSCI USA Leaders ETF,31/08/21,Pharmaceuticals — 5.6%,Jazz Pharmaceuticals PLC,"12,101","15,93,823",,
SUSL,iShares ESG MSCI USA Leaders ETF,31/08/21,Pharmaceuticals — 5.6%,Johnson & Johnson,"5,25,375","9,09,58,174",,
SUSL,iShares ESG MSCI USA Leaders ETF,31/08/21,Pharmaceuticals — 5.6%,Merck & Co. Inc.,"5,04,476","3,84,86,474",,
SUSL,iShares ESG MSCI USA Leaders ETF,31/08/21,Pharmaceuticals — 5.6%,Zoetis Inc.,"94,763","1,93,84,719","22,66,64,113",
SUSL,iShares ESG MSCI USA Leaders ETF,31/08/21,Professional Services — 0.3%,IHS Markit Ltd.,"75,090","90,55,854",,
SUSL,iShares ESG MSCI USA Leaders ETF,31/08/21,Professional Services — 0.3%,Robert Half International Inc.,"22,580","23,34,772","1,13,90,626",
SUSL,iShares ESG MSCI USA Leaders ETF,31/08/21,Real Estate Management & Development — 0.2%,"CBRE Group Inc., Class","66,884","64,40,929","64,40,929",
SUSL,iShares ESG MSCI USA Leaders ETF,31/08/21,Road & Rail — 1.5%,AMERCO,"1,964","12,98,499",,
SUSL,iShares ESG MSCI USA Leaders ETF,31/08/21,Road & Rail — 1.5%,CSX Corp.,"4,56,023","1,48,34,428",,
SUSL,iShares ESG MSCI USA Leaders ETF,31/08/21,Road & Rail — 1.5%,Kansas City Southern,"18,132","50,89,108",,
SUSL,iShares ESG MSCI USA Leaders ETF,31/08/21,Road & Rail — 1.5%,Norfolk Southern Corp.,"50,219","1,27,32,525",,
SUSL,iShares ESG MSCI USA Leaders ETF,31/08/21,Road & Rail — 1.5%,Union Pacific Corp.,"1,32,527","2,87,37,155","6,26,91,715",
SUSL,iShares ESG MSCI USA Leaders ETF,31/08/21,Semiconductors & Semiconductor Equipment — 5.7%,Applied Materials Inc.,"1,82,970","2,47,24,736",,
SUSL,iShares ESG MSCI USA Leaders ETF,31/08/21,Semiconductors & Semiconductor Equipment — 5.7%,Intel Corp.,"8,05,604","4,35,50,952",,
SUSL,iShares ESG MSCI USA Leaders ETF,31/08/21,Semiconductors & Semiconductor Equipment — 5.7%,Lam Research Corp.,"28,502","1,72,38,580",,
SUSL,iShares ESG MSCI USA Leaders ETF,31/08/21,Semiconductors & Semiconductor Equipment — 5.7%,NVIDIA Corp.,"4,97,172","11,12,91,952",,
SUSL,iShares ESG MSCI USA Leaders ETF,31/08/21,Semiconductors & Semiconductor Equipment — 5.7%,Texas Instruments Inc.,"1,84,248","3,51,74,786","23,19,81,006",
SUSL,iShares ESG MSCI USA Leaders ETF,31/08/21,Software — 15.2%,Adobe Inc.,"95,422","6,33,31,581",,
SUSL,iShares ESG MSCI USA Leaders ETF,31/08/21,Software — 15.2%,ANSYS Inc.,"17,302","63,21,459",,
SUSL,iShares ESG MSCI USA Leaders ETF,31/08/21,Software — 15.2%,Autodesk Inc.,"43,850","1,35,97,447",,
SUSL,iShares ESG MSCI USA Leaders ETF,31/08/21,Software — 15.2%,Cadence Design Systems Inc.,"55,597","90,88,998",,
SUSL,iShares ESG MSCI USA Leaders ETF,31/08/21,Software — 15.2%,Citrix Systems Inc.,"24,494","25,19,698",,
SUSL,iShares ESG MSCI USA Leaders ETF,31/08/21,Software — 15.2%,Intuit Inc.,"54,573","3,08,94,321",,
SUSL,iShares ESG MSCI USA Leaders ETF,31/08/21,Software — 15.2%,Microsoft Corp.,"14,27,457","43,09,20,719",,
SUSL,iShares ESG MSCI USA Leaders ETF,31/08/21,Software — 15.2%,salesforce.com Inc.,"1,93,557","5,13,44,865",,
SUSL,iShares ESG MSCI USA Leaders ETF,31/08/21,Software — 15.2%,"VMware Inc., Class A (a)(c)","16,754","24,94,168",,
SUSL,iShares ESG MSCI USA Leaders ETF,31/08/21,Software — 15.2%,"Workday Inc., Class","37,708","1,03,00,317","62,08,13,573",
SUSL,iShares ESG MSCI USA Leaders ETF,31/08/21,Specialty Retail — 3.3%,Advance Auto Parts Inc.,"13,098","26,56,929",,
SUSL,iShares ESG MSCI USA Leaders ETF,31/08/21,Specialty Retail — 3.3%,Best Buy Co. Inc.,"46,437","54,10,375",,
SUSL,iShares ESG MSCI USA Leaders ETF,31/08/21,Specialty Retail — 3.3%,Burlington Stores Inc. (a)(c),"13,213","39,57,161",,
SUSL,iShares ESG MSCI USA Leaders ETF,31/08/21,Specialty Retail — 3.3%,CarMax Inc.,"32,428","40,60,310",,
SUSL,iShares ESG MSCI USA Leaders ETF,31/08/21,Specialty Retail — 3.3%,Home Depot Inc. (The),"2,12,124","6,91,90,606",,
SUSL,iShares ESG MSCI USA Leaders ETF,31/08/21,Specialty Retail — 3.3%,Lowe’s Companies Inc.,"1,41,031","2,87,54,811",,
SUSL,iShares ESG MSCI USA Leaders ETF,31/08/21,Specialty Retail — 3.3%,TJX Companies Inc. (The),"2,39,378","1,74,07,568",,
SUSL,iShares ESG MSCI USA Leaders ETF,31/08/21,Specialty Retail — 3.3%,Tractor Supply Co.,"23,210","45,08,543","13,59,46,303",
SUSL,iShares ESG MSCI USA Leaders ETF,31/08/21,"Technology Hardware, Storage & Peripherals — 0.3%",Hewlett Packard Enterprise Co.,"2,59,078","40,05,346",,
SUSL,iShares ESG MSCI USA Leaders ETF,31/08/21,"Technology Hardware, Storage & Peripherals — 0.3%",HP Inc.,"2,48,545","73,91,728","1,13,97,074",
SUSL,iShares ESG MSCI USA Leaders ETF,31/08/21,"Textiles, Apparel & Luxury Goods — 1.4%",Lululemon Athletica Inc.,"24,678","98,75,395",,
SUSL,iShares ESG MSCI USA Leaders ETF,31/08/21,"Textiles, Apparel & Luxury Goods — 1.4%","Nike Inc., Class","2,53,956","4,18,36,711",,
SUSL,iShares ESG MSCI USA Leaders ETF,31/08/21,"Textiles, Apparel & Luxury Goods — 1.4%",VF Corp.,"66,391","50,76,920","5,67,89,026",
SUSL,iShares ESG MSCI USA Leaders ETF,31/08/21,Trading Companies & Distributors — 0.4%,Fastenal Co.,"1,14,510","63,95,383",,
SUSL,iShares ESG MSCI USA Leaders ETF,31/08/21,Trading Companies & Distributors — 0.4%,United Rentals Inc.,"14,390","50,74,634",,
SUSL,iShares ESG MSCI USA Leaders ETF,31/08/21,Trading Companies & Distributors — 0.4%,WW Grainger Inc.,"8,897","38,58,629","1,53,28,646",
SUSL,iShares ESG MSCI USA Leaders ETF,31/08/21,Water Utilities — 0.2%,American Water Works Co. Inc.,"36,151","65,88,520",,
SUSL,iShares ESG MSCI USA Leaders ETF,31/08/21,Water Utilities — 0.2%,Essential Utilities Inc.,"46,487","23,07,150","88,95,670","4,06,95,74,437"
SUSL,iShares ESG MSCI USA Leaders ETF,31/08/21,MONEY MARKET FUNDS — 0.4%,"BlackRock Cash Funds: Institutional, SL Agency Shares, 0.08%(c)(e)","1,06,86,396","1,06,91,739",,
SUSL,iShares ESG MSCI USA Leaders ETF,31/08/21,MONEY MARKET FUNDS — 0.4%,"BlackRock Cash Funds: Treasury, SL Agency Shares, 0.00%(c)(e)","61,76,000","61,76,000","1,68,67,739","1,68,67,739"
USXF,ESG Advanced MSCI USA ETF,31/08/21,Aerospace & Defense — 0.2%,HEICO Corp.,"1,152","1,46,097",,
USXF,ESG Advanced MSCI USA ETF,31/08/21,Aerospace & Defense — 0.2%,"HEICO Corp., Class A","1,939","2,21,511",,
USXF,ESG Advanced MSCI USA ETF,31/08/21,Aerospace & Defense — 0.2%,Howmet Aerospace Inc.,"10,389","3,29,851","6,97,459",
USXF,ESG Advanced MSCI USA ETF,31/08/21,Air Freight & Logistics — 0.2%,CH Robinson Worldwide Inc.,"3,535","3,18,362",,
USXF,ESG Advanced MSCI USA ETF,31/08/21,Air Freight & Logistics — 0.2%,Expeditors International of Washington Inc.,"4,488","5,59,384","8,77,746",
USXF,ESG Advanced MSCI USA ETF,31/08/21,Auto Components — 0.4%,Aptiv PLC (a),"7,189","10,94,094",,
USXF,ESG Advanced MSCI USA ETF,31/08/21,Auto Components — 0.4%,Autoliv Inc.,"2,207","1,95,077",,
USXF,ESG Advanced MSCI USA ETF,31/08/21,Auto Components — 0.4%,BorgWarner Inc.,"6,375","2,72,085",,
USXF,ESG Advanced MSCI USA ETF,31/08/21,Auto Components — 0.4%,Lear Corp.,"1,598","2,55,584","18,16,840",
USXF,ESG Advanced MSCI USA ETF,31/08/21,Banks — 2.5%,Citizens Financial Group Inc.,"11,320","4,95,703",,
USXF,ESG Advanced MSCI USA ETF,31/08/21,Banks — 2.5%,First Republic Bank/CA,"4,677","9,30,442",,
USXF,ESG Advanced MSCI USA ETF,31/08/21,Banks — 2.5%,Huntington Bancshares Inc./OH,"39,237","6,09,351",,
USXF,ESG Advanced MSCI USA ETF,31/08/21,Banks — 2.5%,KeyCorp,"25,795","5,24,154",,
USXF,ESG Advanced MSCI USA ETF,31/08/21,Banks — 2.5%,PNC Financial Services Group Inc. (The),"11,292","21,57,901",,
USXF,ESG Advanced MSCI USA ETF,31/08/21,Banks — 2.5%,Regions Financial Corp.,"25,550","5,21,987",,
USXF,ESG Advanced MSCI USA ETF,31/08/21,Banks — 2.5%,SVB Financial Group (a),"1,485","8,30,857",,
USXF,ESG Advanced MSCI USA ETF,31/08/21,Banks — 2.5%,Truist Financial Corp.,"35,744","20,39,553",,
USXF,ESG Advanced MSCI USA ETF,31/08/21,Banks — 2.5%,U.S. Bancorp,"37,615","21,58,725","1,02,68,673",
USXF,ESG Advanced MSCI USA ETF,31/08/21,Beverages — 3.0%,Coca-Cola Co. (The),"1,08,872","61,30,582",,
USXF,ESG Advanced MSCI USA ETF,31/08/21,Beverages — 3.0%,Keurig Dr Pepper Inc.,"18,837","6,71,916",,
USXF,ESG Advanced MSCI USA ETF,31/08/21,Beverages — 3.0%,PepsiCo Inc.,"36,723","57,43,110","1,25,45,608",
USXF,ESG Advanced MSCI USA ETF,31/08/21,Biotechnology — 2.4%,Alnylam Pharmaceuticals Inc. (a),"3,124","6,29,267",,
USXF,ESG Advanced MSCI USA ETF,31/08/21,Biotechnology — 2.4%,Amgen Inc.,"15,270","34,43,843",,
USXF,ESG Advanced MSCI USA ETF,31/08/21,Biotechnology — 2.4%,Biogen Inc. (a),"4,001","13,55,979",,
USXF,ESG Advanced MSCI USA ETF,31/08/21,Biotechnology — 2.4%,BioMarin Pharmaceutical Inc. (a),"4,857","4,09,008",,
USXF,ESG Advanced MSCI USA ETF,31/08/21,Biotechnology — 2.4%,Horizon Therapeutics PLC (a),"5,676","6,13,519",,
USXF,ESG Advanced MSCI USA ETF,31/08/21,Biotechnology — 2.4%,Novavax Inc. (a),"1,872","4,46,547",,
USXF,ESG Advanced MSCI USA ETF,31/08/21,Biotechnology — 2.4%,Regeneron Pharmaceuticals Inc. (a),"2,783","18,74,072",,
USXF,ESG Advanced MSCI USA ETF,31/08/21,Biotechnology — 2.4%,Vertex Pharmaceuticals Inc. (a),"6,880","13,77,995","1,01,50,230",
USXF,ESG Advanced MSCI USA ETF,31/08/21,Building Products — 1.1%,A O Smith Corp.,"3,574","2,59,901",,
USXF,ESG Advanced MSCI USA ETF,31/08/21,Building Products — 1.1%,Allegion PLC,"2,392","3,44,424",,
USXF,ESG Advanced MSCI USA ETF,31/08/21,Building Products — 1.1%,Carrier Global Corp.,"21,943","12,63,917",,
USXF,ESG Advanced MSCI USA ETF,31/08/21,Building Products — 1.1%,Fortune Brands Home & Security Inc.,"3,680","3,58,322",,
USXF,ESG Advanced MSCI USA ETF,31/08/21,Building Products — 1.1%,Lennox International Inc.,903,"3,02,668",,
USXF,ESG Advanced MSCI USA ETF,31/08/21,Building Products — 1.1%,Masco Corp.,"6,746","4,09,617",,
USXF,ESG Advanced MSCI USA ETF,31/08/21,Building Products — 1.1%,Owens Corning,"2,777","2,65,342",,
USXF,ESG Advanced MSCI USA ETF,31/08/21,Building Products — 1.1%,Trane Technologies PLC,"6,357","12,61,864","44,66,055",
USXF,ESG Advanced MSCI USA ETF,31/08/21,Capital Markets — 5.4%,Ameriprise Financial Inc.,"3,081","8,40,836",,
USXF,ESG Advanced MSCI USA ETF,31/08/21,Capital Markets — 5.4%,Bank of New York Mellon Corp. (The),"22,144","12,22,792",,
USXF,ESG Advanced MSCI USA ETF,31/08/21,Capital Markets — 5.4%,Carlyle Group Inc. (The),"4,240","2,09,371",,
USXF,ESG Advanced MSCI USA ETF,31/08/21,Capital Markets — 5.4%,Charles Schwab Corp. (The),"38,425","27,99,261",,
USXF,ESG Advanced MSCI USA ETF,31/08/21,Capital Markets — 5.4%,CME Group Inc.,"9,544","19,25,216",,
USXF,ESG Advanced MSCI USA ETF,31/08/21,Capital Markets — 5.4%,FactSet Research Systems Inc.,"1,007","3,82,882",,
USXF,ESG Advanced MSCI USA ETF,31/08/21,Capital Markets — 5.4%,Franklin Resources Inc.,"8,044","2,60,947",,
USXF,ESG Advanced MSCI USA ETF,31/08/21,Capital Markets — 5.4%,Intercontinental Exchange Inc.,"14,958","17,87,930",,
USXF,ESG Advanced MSCI USA ETF,31/08/21,Capital Markets — 5.4%,Invesco Ltd.,"9,199","2,32,919",,
USXF,ESG Advanced MSCI USA ETF,31/08/21,Capital Markets — 5.4%,MarketAxess Holdings Inc.,"1,010","4,80,679",,
USXF,ESG Advanced MSCI USA ETF,31/08/21,Capital Markets — 5.4%,Moody’s Corp.,"4,477","17,04,707",,
USXF,ESG Advanced MSCI USA ETF,31/08/21,Capital Markets — 5.4%,Morgan Stanley,"37,091","38,73,413",,
USXF,ESG Advanced MSCI USA ETF,31/08/21,Capital Markets — 5.4%,Nasdaq Inc.,"3,053","5,97,716",,
USXF,ESG Advanced MSCI USA ETF,31/08/21,Capital Markets — 5.4%,Northern Trust Corp.,"5,256","6,22,941",,
USXF,ESG Advanced MSCI USA ETF,31/08/21,Capital Markets — 5.4%,Raymond James Financial Inc.,"3,287","4,59,851",,
USXF,ESG Advanced MSCI USA ETF,31/08/21,Capital Markets — 5.4%,S&P Global Inc.,"6,403","28,41,780",,
USXF,ESG Advanced MSCI USA ETF,31/08/21,Capital Markets — 5.4%,State Street Corp.,"9,243","8,58,767",,
USXF,ESG Advanced MSCI USA ETF,31/08/21,Capital Markets — 5.4%,T Rowe Price Group Inc.,"6,029","13,49,712","2,24,51,720",
USXF,ESG Advanced MSCI USA ETF,31/08/21,Chemicals — 2.8%,Air Products & Chemicals Inc.,"5,883","15,85,527",,
USXF,ESG Advanced MSCI USA ETF,31/08/21,Chemicals — 2.8%,Albemarle Corp.,"3,102","7,34,368",,
USXF,ESG Advanced MSCI USA ETF,31/08/21,Chemicals — 2.8%,DuPont de Nemours Inc.,"14,143","10,46,865",,
USXF,ESG Advanced MSCI USA ETF,31/08/21,Chemicals — 2.8%,International Flavors & Fragrances Inc.,"6,616","10,02,324",,
USXF,ESG Advanced MSCI USA ETF,31/08/21,Chemicals — 2.8%,Linde PLC,"13,827","43,49,836",,
USXF,ESG Advanced MSCI USA ETF,31/08/21,Chemicals — 2.8%,PPG Industries Inc.,"6,302","10,05,484",,
USXF,ESG Advanced MSCI USA ETF,31/08/21,Chemicals — 2.8%,Sherwin-Williams Co. (The),"6,758","20,52,202","1,17,76,606",
USXF,ESG Advanced MSCI USA ETF,31/08/21,Commercial Services & Supplies — 1.3%,Cintas Corp.,"2,512","9,94,174",,
USXF,ESG Advanced MSCI USA ETF,31/08/21,Commercial Services & Supplies — 1.3%,Copart Inc. (a),"5,660","8,16,851",,
USXF,ESG Advanced MSCI USA ETF,31/08/21,Commercial Services & Supplies — 1.3%,Republic Services Inc.,"5,936","7,36,836",,
USXF,ESG Advanced MSCI USA ETF,31/08/21,Commercial Services & Supplies — 1.3%,Rollins Inc.,"5,887","2,29,122",,
USXF,ESG Advanced MSCI USA ETF,31/08/21,Commercial Services & Supplies — 1.3%,Waste Connections Inc.,"6,956","8,98,785",,
USXF,ESG Advanced MSCI USA ETF,31/08/21,Commercial Services & Supplies — 1.3%,Waste Management Inc.,"11,220","17,40,334","54,16,102",
USXF,ESG Advanced MSCI USA ETF,31/08/21,Communications Equipment — 2.1%,Arista Networks Inc. (a),"1,522","5,62,425",,
USXF,ESG Advanced MSCI USA ETF,31/08/21,Communications Equipment — 2.1%,Cisco Systems Inc.,"1,12,010","66,10,830",,
USXF,ESG Advanced MSCI USA ETF,31/08/21,Communications Equipment — 2.1%,F5 Networks Inc. (a),"1,584","3,22,455",,
USXF,ESG Advanced MSCI USA ETF,31/08/21,Communications Equipment — 2.1%,Juniper Networks Inc.,"8,712","2,52,474",,
USXF,ESG Advanced MSCI USA ETF,31/08/21,Communications Equipment — 2.1%,Motorola Solutions Inc.,"4,511","11,01,676","88,49,860",
USXF,ESG Advanced MSCI USA ETF,31/08/21,Construction Materials — 0.3%,Martin Marietta Materials Inc.,"1,659","6,32,494",,
USXF,ESG Advanced MSCI USA ETF,31/08/21,Construction Materials — 0.3%,Vulcan Materials Co.,"3,526","6,55,589","12,88,083",
USXF,ESG Advanced MSCI USA ETF,31/08/21,Consumer Finance — 0.8%,Ally Financial Inc.,"9,853","5,21,224",,
USXF,ESG Advanced MSCI USA ETF,31/08/21,Consumer Finance — 0.8%,American Express Co.,"18,148","30,11,842","35,33,066",
USXF,ESG Advanced MSCI USA ETF,31/08/21,Containers & Packaging — 0.7%,Avery Dennison Corp.,"2,206","4,97,211",,
USXF,ESG Advanced MSCI USA ETF,31/08/21,Containers & Packaging — 0.7%,Ball Corp.,"8,725","8,37,251",,
USXF,ESG Advanced MSCI USA ETF,31/08/21,Containers & Packaging — 0.7%,International Paper Co.,"9,892","5,94,410",,
USXF,ESG Advanced MSCI USA ETF,31/08/21,Containers & Packaging — 0.7%,Packaging Corp. of America,"2,520","3,82,284",,
USXF,ESG Advanced MSCI USA ETF,31/08/21,Containers & Packaging — 0.7%,Sealed Air Corp.,"4,039","2,46,500",,
USXF,ESG Advanced MSCI USA ETF,31/08/21,Containers & Packaging — 0.7%,Westrock Co.,"7,073","3,68,079","29,25,735",
USXF,ESG Advanced MSCI USA ETF,31/08/21,Distributors — 0.3%,Genuine Parts Co.,"3,839","4,69,087",,
USXF,ESG Advanced MSCI USA ETF,31/08/21,Distributors — 0.3%,LKQ Corp. (a),"7,630","4,02,025",,
USXF,ESG Advanced MSCI USA ETF,31/08/21,Distributors — 0.3%,Pool Corp.,"1,067","5,27,418","13,98,530",
USXF,ESG Advanced MSCI USA ETF,31/08/21,Diversified Financial Services — 0.1%,Voya Financial Inc.,"3,223","2,09,430","2,09,430",
USXF,ESG Advanced MSCI USA ETF,31/08/21,Diversified Telecommunication Services — 1.4%,Verizon Communications Inc.,"1,10,040","60,52,200","60,52,200",
USXF,ESG Advanced MSCI USA ETF,31/08/21,Electrical Equipment — 1.0%,Eaton Corp. PLC,"10,592","17,83,269",,
USXF,ESG Advanced MSCI USA ETF,31/08/21,Electrical Equipment — 1.0%,Generac Holdings Inc. (a),"1,674","7,31,505",,
USXF,ESG Advanced MSCI USA ETF,31/08/21,Electrical Equipment — 1.0%,Plug Power Inc. (a)(b),"13,595","3,54,286",,
USXF,ESG Advanced MSCI USA ETF,31/08/21,Electrical Equipment — 1.0%,Rockwell Automation Inc.,"3,085","10,04,013",,
USXF,ESG Advanced MSCI USA ETF,31/08/21,Electrical Equipment — 1.0%,Sensata Technologies Holding PLC (a),"4,202","2,48,674",,
USXF,ESG Advanced MSCI USA ETF,31/08/21,Electrical Equipment — 1.0%,Sunrun Inc. (a),"4,607","2,03,860","43,25,607",
USXF,ESG Advanced MSCI USA ETF,31/08/21,"Electronic Equipment, Instruments & Components — 1.8%","Amphenol Corp., Class A","15,884","12,17,191",,
USXF,ESG Advanced MSCI USA ETF,31/08/21,"Electronic Equipment, Instruments & Components — 1.8%",CDW Corp./DE,"3,727","7,47,674",,
USXF,ESG Advanced MSCI USA ETF,31/08/21,"Electronic Equipment, Instruments & Components — 1.8%",Cognex Corp.,"4,693","4,15,894",,
USXF,ESG Advanced MSCI USA ETF,31/08/21,"Electronic Equipment, Instruments & Components — 1.8%",Corning Inc.,"21,498","8,59,705",,
USXF,ESG Advanced MSCI USA ETF,31/08/21,"Electronic Equipment, Instruments & Components — 1.8%",Keysight Technologies Inc. (a),"4,903","8,79,500",,
USXF,ESG Advanced MSCI USA ETF,31/08/21,"Electronic Equipment, Instruments & Components — 1.8%",TE Connectivity Ltd.,"8,777","13,18,481",,
USXF,ESG Advanced MSCI USA ETF,31/08/21,"Electronic Equipment, Instruments & Components — 1.8%",Teledyne Technologies Inc. (a),"1,238","5,73,664",,
USXF,ESG Advanced MSCI USA ETF,31/08/21,"Electronic Equipment, Instruments & Components — 1.8%",Trimble Inc. (a),"6,670","6,28,447",,
USXF,ESG Advanced MSCI USA ETF,31/08/21,"Electronic Equipment, Instruments & Components — 1.8%","Zebra Technologies Corp., Class A (a)","1,421","8,34,369","74,74,925",
USXF,ESG Advanced MSCI USA ETF,31/08/21,Entertainment — 0.7%,Activision Blizzard Inc.,"20,653","17,01,188",,
USXF,ESG Advanced MSCI USA ETF,31/08/21,Entertainment — 0.7%,Electronic Arts Inc.,"7,645","11,10,130","28,11,318",
USXF,ESG Advanced MSCI USA ETF,31/08/21,Equity Real Estate Investment Trusts (REITs) — 4.8%,Alexandria Real Estate Equities Inc.,"3,725","7,68,728",,
USXF,ESG Advanced MSCI USA ETF,31/08/21,Equity Real Estate Investment Trusts (REITs) — 4.8%,American Tower Corp.,"12,086","35,31,167",,
USXF,ESG Advanced MSCI USA ETF,31/08/21,Equity Real Estate Investment Trusts (REITs) — 4.8%,Boston Properties Inc.,"3,941","4,45,294",,
USXF,ESG Advanced MSCI USA ETF,31/08/21,Equity Real Estate Investment Trusts (REITs) — 4.8%,Camden Property Trust,"2,597","3,89,654",,
USXF,ESG Advanced MSCI USA ETF,31/08/21,Equity Real Estate Investment Trusts (REITs) — 4.8%,Crown Castle International Corp.,"11,487","22,36,404",,
USXF,ESG Advanced MSCI USA ETF,31/08/21,Equity Real Estate Investment Trusts (REITs) — 4.8%,Duke Realty Corp.,"9,966","5,23,315",,
USXF,ESG Advanced MSCI USA ETF,31/08/21,Equity Real Estate Investment Trusts (REITs) — 4.8%,Equinix Inc.,"2,381","20,08,254",,
USXF,ESG Advanced MSCI USA ETF,31/08/21,Equity Real Estate Investment Trusts (REITs) — 4.8%,Equity Residential,"9,444","7,93,957",,
USXF,ESG Advanced MSCI USA ETF,31/08/21,Equity Real Estate Investment Trusts (REITs) — 4.8%,Healthpeak Properties Inc.,"14,324","5,15,664",,
USXF,ESG Advanced MSCI USA ETF,31/08/21,Equity Real Estate Investment Trusts (REITs) — 4.8%,Host Hotels & Resorts Inc. (a),"18,767","3,10,782",,
USXF,ESG Advanced MSCI USA ETF,31/08/21,Equity Real Estate Investment Trusts (REITs) — 4.8%,Iron Mountain Inc.,"7,674","3,66,433",,
USXF,ESG Advanced MSCI USA ETF,31/08/21,Equity Real Estate Investment Trusts (REITs) — 4.8%,Prologis Inc.,"19,662","26,47,685",,
USXF,ESG Advanced MSCI USA ETF,31/08/21,Equity Real Estate Investment Trusts (REITs) — 4.8%,Realty Income Corp.,"9,927","7,16,928",,
USXF,ESG Advanced MSCI USA ETF,31/08/21,Equity Real Estate Investment Trusts (REITs) — 4.8%,Regency Centers Corp.,"4,062","2,78,734",,
USXF,ESG Advanced MSCI USA ETF,31/08/21,Equity Real Estate Investment Trusts (REITs) — 4.8%,SBA Communications Corp.,"2,906","10,43,167",,
USXF,ESG Advanced MSCI USA ETF,31/08/21,Equity Real Estate Investment Trusts (REITs) — 4.8%,Simon Property Group Inc.,"8,733","11,74,152",,
USXF,ESG Advanced MSCI USA ETF,31/08/21,Equity Real Estate Investment Trusts (REITs) — 4.8%,Ventas Inc.,"9,970","5,57,722",,
USXF,ESG Advanced MSCI USA ETF,31/08/21,Equity Real Estate Investment Trusts (REITs) — 4.8%,VICI Properties Inc.,"14,274","4,41,209",,
USXF,ESG Advanced MSCI USA ETF,31/08/21,Equity Real Estate Investment Trusts (REITs) — 4.8%,Welltower Inc.,"11,097","9,71,320",,
USXF,ESG Advanced MSCI USA ETF,31/08/21,Equity Real Estate Investment Trusts (REITs) — 4.8%,WP Carey Inc.,"4,731","3,69,586","2,00,90,155",
USXF,ESG Advanced MSCI USA ETF,31/08/21,Food & Staples Retailing — 0.2%,Walgreens Boots Alliance Inc.,"19,529","9,91,097","9,91,097",
USXF,ESG Advanced MSCI USA ETF,31/08/21,Food Products — 1.0%,Campbell Soup Co.,"5,235","2,18,457",,
USXF,ESG Advanced MSCI USA ETF,31/08/21,Food Products — 1.0%,Conagra Brands Inc.,"12,757","4,22,512",,
USXF,ESG Advanced MSCI USA ETF,31/08/21,Food Products — 1.0%,General Mills Inc.,"16,213","9,37,274",,
USXF,ESG Advanced MSCI USA ETF,31/08/21,Food Products — 1.0%,Hormel Foods Corp.,"7,896","3,59,584",,
USXF,ESG Advanced MSCI USA ETF,31/08/21,Food Products — 1.0%,JM Smucker Co. (The),"2,912","3,60,127",,
USXF,ESG Advanced MSCI USA ETF,31/08/21,Food Products — 1.0%,Kellogg Co.,"6,788","4,28,594",,
USXF,ESG Advanced MSCI USA ETF,31/08/21,Food Products — 1.0%,Kraft Heinz Co. (The),"17,880","6,43,501",,
USXF,ESG Advanced MSCI USA ETF,31/08/21,Food Products — 1.0%,Lamb Weston Holdings Inc.,"3,889","2,53,368",,
USXF,ESG Advanced MSCI USA ETF,31/08/21,Food Products — 1.0%,"McCormick & Co. Inc./MD, NVS","6,618","5,71,067","41,94,484",
USXF,ESG Advanced MSCI USA ETF,31/08/21,Health Care Equipment & Supplies — 4.0%,ABIOMED Inc. (a),"1,203","4,37,844",,
USXF,ESG Advanced MSCI USA ETF,31/08/21,Health Care Equipment & Supplies — 4.0%,Align Technology Inc. (a),"1,998","14,16,582",,
USXF,ESG Advanced MSCI USA ETF,31/08/21,Health Care Equipment & Supplies — 4.0%,Baxter International Inc.,"13,366","10,18,757",,
USXF,ESG Advanced MSCI USA ETF,31/08/21,Health Care Equipment & Supplies — 4.0%,Cooper Companies Inc. (The),"1,307","5,89,078",,
USXF,ESG Advanced MSCI USA ETF,31/08/21,Health Care Equipment & Supplies — 4.0%,Danaher Corp.,"17,063","55,31,142",,
USXF,ESG Advanced MSCI USA ETF,31/08/21,Health Care Equipment & Supplies — 4.0%,DENTSPLY SIRONA Inc.,"5,802","3,57,983",,
USXF,ESG Advanced MSCI USA ETF,31/08/21,Health Care Equipment & Supplies — 4.0%,Dexcom Inc. (a),"2,571","13,61,139",,
USXF,ESG Advanced MSCI USA ETF,31/08/21,Health Care Equipment & Supplies — 4.0%,Hologic Inc. (a),"6,811","5,39,091",,
USXF,ESG Advanced MSCI USA ETF,31/08/21,Health Care Equipment & Supplies — 4.0%,IDEXX Laboratories Inc. (a),"2,266","15,26,740",,
USXF,ESG Advanced MSCI USA ETF,31/08/21,Health Care Equipment & Supplies — 4.0%,Insulet Corp. (a),"1,761","5,24,443",,
USXF,ESG Advanced MSCI USA ETF,31/08/21,Health Care Equipment & Supplies — 4.0%,Novocure Ltd. (a),"2,473","3,31,901",,
USXF,ESG Advanced MSCI USA ETF,31/08/21,Health Care Equipment & Supplies — 4.0%,ResMed Inc.,"3,869","11,24,061",,
USXF,ESG Advanced MSCI USA ETF,31/08/21,Health Care Equipment & Supplies — 4.0%,STERIS PLC,"2,649","5,69,561",,
USXF,ESG Advanced MSCI USA ETF,31/08/21,Health Care Equipment & Supplies — 4.0%,Teleflex Inc.,"1,243","4,91,557",,
USXF,ESG Advanced MSCI USA ETF,31/08/21,Health Care Equipment & Supplies — 4.0%,West Pharmaceutical Services Inc.,"1,962","8,86,078","1,67,05,957",
USXF,ESG Advanced MSCI USA ETF,31/08/21,Health Care Providers & Services — 1.6%,Centene Corp. (a),"15,488","9,75,434",,
USXF,ESG Advanced MSCI USA ETF,31/08/21,Health Care Providers & Services — 1.6%,DaVita Inc. (a),"1,834","2,39,832",,
USXF,ESG Advanced MSCI USA ETF,31/08/21,Health Care Providers & Services — 1.6%,HCA Healthcare Inc.,"7,165","18,12,602",,
USXF,ESG Advanced MSCI USA ETF,31/08/21,Health Care Providers & Services — 1.6%,Henry Schein Inc. (a),"3,740","2,82,707",,
USXF,ESG Advanced MSCI USA ETF,31/08/21,Health Care Providers & Services — 1.6%,Humana Inc.,"3,430","13,90,591",,
USXF,ESG Advanced MSCI USA ETF,31/08/21,Health Care Providers & Services — 1.6%,Laboratory Corp. of America Holdings (a),"2,596","7,87,574",,
USXF,ESG Advanced MSCI USA ETF,31/08/21,Health Care Providers & Services — 1.6%,Molina Healthcare Inc. (a),"1,552","4,17,131",,
USXF,ESG Advanced MSCI USA ETF,31/08/21,Health Care Providers & Services — 1.6%,Oak Street Health Inc. (a),"2,561","1,19,675",,
USXF,ESG Advanced MSCI USA ETF,31/08/21,Health Care Providers & Services — 1.6%,Quest Diagnostics Inc.,"3,473","5,30,779","65,56,325",
USXF,ESG Advanced MSCI USA ETF,31/08/21,Health Care Technology — 0.3%,Cerner Corp.,"8,008","6,11,411",,
USXF,ESG Advanced MSCI USA ETF,31/08/21,Health Care Technology — 0.3%,Teladoc Health Inc. (a),"3,697","5,33,920","11,45,331",
USXF,ESG Advanced MSCI USA ETF,31/08/21,"Hotels, Restaurants & Leisure — 3.4%",Booking Holdings Inc. (a),"1,091","25,08,940",,
USXF,ESG Advanced MSCI USA ETF,31/08/21,"Hotels, Restaurants & Leisure — 3.4%",Darden Restaurants Inc.,"3,478","5,23,961",,
USXF,ESG Advanced MSCI USA ETF,31/08/21,"Hotels, Restaurants & Leisure — 3.4%",Domino’s Pizza Inc.,"1,033","5,33,947",,
USXF,ESG Advanced MSCI USA ETF,31/08/21,"Hotels, Restaurants & Leisure — 3.4%",Hilton Worldwide Holdings Inc. (a),"7,404","9,24,463",,
USXF,ESG Advanced MSCI USA ETF,31/08/21,"Hotels, Restaurants & Leisure — 3.4%",McDonald’s Corp.,"19,832","47,09,307",,
USXF,ESG Advanced MSCI USA ETF,31/08/21,"Hotels, Restaurants & Leisure — 3.4%",Starbucks Corp.,"31,318","36,79,552",,
USXF,ESG Advanced MSCI USA ETF,31/08/21,"Hotels, Restaurants & Leisure — 3.4%",Vail Resorts Inc. (a),"1,070","3,26,189",,
USXF,ESG Advanced MSCI USA ETF,31/08/21,"Hotels, Restaurants & Leisure — 3.4%",Yum! Brands Inc.,"7,918","10,37,496","1,42,43,855",
USXF,ESG Advanced MSCI USA ETF,31/08/21,Household Durables — 0.7%,DR Horton Inc.,"9,102","8,70,333",,
USXF,ESG Advanced MSCI USA ETF,31/08/21,Household Durables — 0.7%,Garmin Ltd.,"4,087","7,12,895",,
USXF,ESG Advanced MSCI USA ETF,31/08/21,Household Durables — 0.7%,Newell Brands Inc.,"10,173","2,58,496",,
USXF,ESG Advanced MSCI USA ETF,31/08/21,Household Durables — 0.7%,NVR Inc. (a),91,"4,71,375",,
USXF,ESG Advanced MSCI USA ETF,31/08/21,Household Durables — 0.7%,PulteGroup Inc.,"7,030","3,78,636",,
USXF,ESG Advanced MSCI USA ETF,31/08/21,Household Durables — 0.7%,Whirlpool Corp.,"1,665","3,68,847","30,60,582",
USXF,ESG Advanced MSCI USA ETF,31/08/21,Household Products — 1.0%,Church & Dwight Co. Inc.,"6,519","5,45,380",,
USXF,ESG Advanced MSCI USA ETF,31/08/21,Household Products — 1.0%,Clorox Co. (The),"3,306","5,55,573",,
USXF,ESG Advanced MSCI USA ETF,31/08/21,Household Products — 1.0%,Colgate-Palmolive Co.,"21,361","16,65,090",,
USXF,ESG Advanced MSCI USA ETF,31/08/21,Household Products — 1.0%,Kimberly-Clark Corp.,"8,969","12,36,018","40,02,061",
USXF,ESG Advanced MSCI USA ETF,31/08/21,Industrial Conglomerates — 0.3%,Roper Technologies Inc.,"2,798","13,52,217","13,52,217",
USXF,ESG Advanced MSCI USA ETF,31/08/21,Insurance — 3.3%,Aflac Inc.,"17,162","9,72,742",,
USXF,ESG Advanced MSCI USA ETF,31/08/21,Insurance — 3.3%,Allstate Corp. (The),"7,956","10,76,288",,
USXF,ESG Advanced MSCI USA ETF,31/08/21,Insurance — 3.3%,Arch Capital Group Ltd. (a),"10,728","4,40,921",,
USXF,ESG Advanced MSCI USA ETF,31/08/21,Insurance — 3.3%,Arthur J Gallagher & Co.,"5,482","7,87,325",,
USXF,ESG Advanced MSCI USA ETF,31/08/21,Insurance — 3.3%,Assurant Inc.,"1,610","2,73,877",,
USXF,ESG Advanced MSCI USA ETF,31/08/21,Insurance — 3.3%,Chubb Ltd.,"11,952","21,98,212",,
USXF,ESG Advanced MSCI USA ETF,31/08/21,Insurance — 3.3%,Hartford Financial Services Group Inc. (The),"9,494","6,38,187",,
USXF,ESG Advanced MSCI USA ETF,31/08/21,Insurance — 3.3%,Lincoln National Corp.,"4,807","3,30,000",,
USXF,ESG Advanced MSCI USA ETF,31/08/21,Insurance — 3.3%,Marsh & McLennan Companies Inc.,"13,516","21,24,715",,
USXF,ESG Advanced MSCI USA ETF,31/08/21,Insurance — 3.3%,Principal Financial Group Inc.,"7,230","4,83,036",,
USXF,ESG Advanced MSCI USA ETF,31/08/21,Insurance — 3.3%,Progressive Corp. (The),"15,554","14,98,472",,
USXF,ESG Advanced MSCI USA ETF,31/08/21,Insurance — 3.3%,Prudential Financial Inc.,"10,473","11,08,881",,
USXF,ESG Advanced MSCI USA ETF,31/08/21,Insurance — 3.3%,Travelers Companies Inc. (The),"6,684","10,67,502",,
USXF,ESG Advanced MSCI USA ETF,31/08/21,Insurance — 3.3%,Willis Towers Watson PLC,"3,429","7,56,849","1,37,57,007",
USXF,ESG Advanced MSCI USA ETF,31/08/21,Internet & Direct Marketing Retail — 1.0%,eBay Inc.,"18,107","13,89,531",,
USXF,ESG Advanced MSCI USA ETF,31/08/21,Internet & Direct Marketing Retail — 1.0%,Etsy Inc. (a),"3,378","7,30,526",,
USXF,ESG Advanced MSCI USA ETF,31/08/21,Internet & Direct Marketing Retail — 1.0%,MercadoLibre Inc. (a),"1,192","22,26,001","43,46,058",
USXF,ESG Advanced MSCI USA ETF,31/08/21,IT Services — 11.4%,Akamai Technologies Inc. (a),"4,333","4,90,712",,
USXF,ESG Advanced MSCI USA ETF,31/08/21,IT Services — 11.4%,Automatic Data Processing Inc.,"11,309","23,64,033",,
USXF,ESG Advanced MSCI USA ETF,31/08/21,IT Services — 11.4%,Broadridge Financial Solutions Inc.,"3,086","5,31,471",,
USXF,ESG Advanced MSCI USA ETF,31/08/21,IT Services — 11.4%,"Cloudflare Inc., Class A (a)","6,130","7,40,136",,
USXF,ESG Advanced MSCI USA ETF,31/08/21,IT Services — 11.4%,"Cognizant Technology Solutions Corp., Class A","14,019","10,69,790",,
USXF,ESG Advanced MSCI USA ETF,31/08/21,IT Services — 11.4%,EPAM Systems Inc. (a),"1,500","9,49,215",,
USXF,ESG Advanced MSCI USA ETF,31/08/21,IT Services — 11.4%,Fidelity National Information Services Inc.,"16,483","21,06,033",,
USXF,ESG Advanced MSCI USA ETF,31/08/21,IT Services — 11.4%,Fiserv Inc. (a),"15,951","18,78,868",,
USXF,ESG Advanced MSCI USA ETF,31/08/21,IT Services — 11.4%,Gartner Inc. (a),"2,287","7,06,088",,
USXF,ESG Advanced MSCI USA ETF,31/08/21,IT Services — 11.4%,"GoDaddy Inc., Class A (a)","4,459","3,26,889",,
USXF,ESG Advanced MSCI USA ETF,31/08/21,IT Services — 11.4%,Jack Henry & Associates Inc.,"1,974","3,48,174",,
USXF,ESG Advanced MSCI USA ETF,31/08/21,IT Services — 11.4%,"Mastercard Inc., Class A","23,513","81,40,906",,
USXF,ESG Advanced MSCI USA ETF,31/08/21,IT Services — 11.4%,MongoDB Inc. (a),"1,486","5,82,259",,
USXF,ESG Advanced MSCI USA ETF,31/08/21,IT Services — 11.4%,Okta Inc. (a),"3,324","8,76,207",,
USXF,ESG Advanced MSCI USA ETF,31/08/21,IT Services — 11.4%,Paychex Inc.,"8,620","9,86,732",,
USXF,ESG Advanced MSCI USA ETF,31/08/21,IT Services — 11.4%,PayPal Holdings Inc. (a),"29,663","85,62,522",,
USXF,ESG Advanced MSCI USA ETF,31/08/21,IT Services — 11.4%,"Snowflake Inc., Class A (a)","5,116","15,57,055",,
USXF,ESG Advanced MSCI USA ETF,31/08/21,IT Services — 11.4%,"Square Inc., Class A (a)","10,418","27,92,753",,
USXF,ESG Advanced MSCI USA ETF,31/08/21,IT Services — 11.4%,"Twilio Inc., Class A (a)","4,316","15,40,639",,
USXF,ESG Advanced MSCI USA ETF,31/08/21,IT Services — 11.4%,VeriSign Inc. (a),"2,694","5,82,605",,
USXF,ESG Advanced MSCI USA ETF,31/08/21,IT Services — 11.4%,"Visa Inc., Class A","44,966","1,03,01,711",,
USXF,ESG Advanced MSCI USA ETF,31/08/21,IT Services — 11.4%,Western Union Co. (The),"10,877","2,35,378","4,76,70,176",
USXF,ESG Advanced MSCI USA ETF,31/08/21,Leisure Products — 0.1%,Hasbro Inc.,"3,474","3,41,529","3,41,529",
USXF,ESG Advanced MSCI USA ETF,31/08/21,Life Sciences Tools & Services — 2.9%,Agilent Technologies Inc.,"8,099","14,21,131",,
USXF,ESG Advanced MSCI USA ETF,31/08/21,Life Sciences Tools & Services — 2.9%,Avantor Inc. (a),"13,925","5,49,202",,
USXF,ESG Advanced MSCI USA ETF,31/08/21,Life Sciences Tools & Services — 2.9%,Bio-Techne Corp.,"1,034","5,16,111",,
USXF,ESG Advanced MSCI USA ETF,31/08/21,Life Sciences Tools & Services — 2.9%,Illumina Inc. (a),"3,881","17,74,238",,
USXF,ESG Advanced MSCI USA ETF,31/08/21,Life Sciences Tools & Services — 2.9%,Mettler-Toledo International Inc. (a),619,"9,61,202",,
USXF,ESG Advanced MSCI USA ETF,31/08/21,Life Sciences Tools & Services — 2.9%,PerkinElmer Inc.,"2,980","5,50,704",,
USXF,ESG Advanced MSCI USA ETF,31/08/21,Life Sciences Tools & Services — 2.9%,Thermo Fisher Scientific Inc.,"10,445","57,96,453",,
USXF,ESG Advanced MSCI USA ETF,31/08/21,Life Sciences Tools & Services — 2.9%,Waters Corp. (a),"1,639","6,78,579","1,22,47,620",
USXF,ESG Advanced MSCI USA ETF,31/08/21,Machinery — 3.9%,Caterpillar Inc.,"14,559","30,70,056",,
USXF,ESG Advanced MSCI USA ETF,31/08/21,Machinery — 3.9%,Cummins Inc.,"3,887","9,17,254",,
USXF,ESG Advanced MSCI USA ETF,31/08/21,Machinery — 3.9%,Deere & Co.,"7,914","29,91,729",,
USXF,ESG Advanced MSCI USA ETF,31/08/21,Machinery — 3.9%,Dover Corp.,"3,825","6,66,927",,
USXF,ESG Advanced MSCI USA ETF,31/08/21,Machinery — 3.9%,Fortive Corp.,"8,548","6,31,441",,
USXF,ESG Advanced MSCI USA ETF,31/08/21,Machinery — 3.9%,IDEX Corp.,"2,018","4,52,032",,
USXF,ESG Advanced MSCI USA ETF,31/08/21,Machinery — 3.9%,Illinois Tool Works Inc.,"8,396","19,55,093",,
USXF,ESG Advanced MSCI USA ETF,31/08/21,Machinery — 3.9%,Ingersoll Rand Inc. (a),"10,772","5,71,131",,
USXF,ESG Advanced MSCI USA ETF,31/08/21,Machinery — 3.9%,Nordson Corp.,"1,389","3,31,415",,
USXF,ESG Advanced MSCI USA ETF,31/08/21,Machinery — 3.9%,Otis Worldwide Corp.,"10,835","9,99,204",,
USXF,ESG Advanced MSCI USA ETF,31/08/21,Machinery — 3.9%,PACCAR Inc.,"9,227","7,55,415",,
USXF,ESG Advanced MSCI USA ETF,31/08/21,Machinery — 3.9%,Parker-Hannifin Corp.,"3,431","10,17,875",,
USXF,ESG Advanced MSCI USA ETF,31/08/21,Machinery — 3.9%,Pentair PLC,"4,417","3,40,816",,
USXF,ESG Advanced MSCI USA ETF,31/08/21,Machinery — 3.9%,Snap-on Inc.,"1,438","3,23,478",,
USXF,ESG Advanced MSCI USA ETF,31/08/21,Machinery — 3.9%,Stanley Black & Decker Inc.,"4,293","8,29,708",,
USXF,ESG Advanced MSCI USA ETF,31/08/21,Machinery — 3.9%,Xylem Inc./NY,"4,786","6,52,380","1,65,05,954",
USXF,ESG Advanced MSCI USA ETF,31/08/21,Media — 0.4%,Cable One Inc.,145,"3,04,440",,
USXF,ESG Advanced MSCI USA ETF,31/08/21,Media — 0.4%,"Discovery Inc., Class A (a)(b)","4,484","1,29,319",,
USXF,ESG Advanced MSCI USA ETF,31/08/21,Media — 0.4%,"Discovery Inc., Class C, NVS (a)","8,388","2,31,425",,
USXF,ESG Advanced MSCI USA ETF,31/08/21,Media — 0.4%,Interpublic Group of Companies Inc. (The),"10,457","3,89,314",,
USXF,ESG Advanced MSCI USA ETF,31/08/21,Media — 0.4%,Omnicom Group Inc.,"5,717","4,18,599",,
USXF,ESG Advanced MSCI USA ETF,31/08/21,Media — 0.4%,Sirius XM Holdings Inc. (b),"27,183","1,70,437","16,43,534",
USXF,ESG Advanced MSCI USA ETF,31/08/21,Metals & Mining — 0.4%,Newmont Corp.,"21,295","12,34,897",,
USXF,ESG Advanced MSCI USA ETF,31/08/21,Metals & Mining — 0.4%,Steel Dynamics Inc.,"5,615","3,78,956","16,13,853",
USXF,ESG Advanced MSCI USA ETF,31/08/21,Mortgage Real Estate Investment — 0.1%,Annaly Capital Management Inc.,"37,171","3,23,016","3,23,016",
USXF,ESG Advanced MSCI USA ETF,31/08/21,Multiline Retail — 1.1%,Dollar General Corp.,"6,279","13,99,652",,
USXF,ESG Advanced MSCI USA ETF,31/08/21,Multiline Retail — 1.1%,Target Corp.,"13,150","32,47,787","46,47,439",
USXF,ESG Advanced MSCI USA ETF,31/08/21,Personal Products — 0.5%,"Estee Lauder Companies Inc. (The), Class A","6,164","20,98,780","20,98,780",
USXF,ESG Advanced MSCI USA ETF,31/08/21,Pharmaceuticals — 2.2%,Catalent Inc. (a),"4,528","5,90,633",,
USXF,ESG Advanced MSCI USA ETF,31/08/21,Pharmaceuticals — 2.2%,Elanco Animal Health Inc. (a)(b),"11,314","3,77,661",,
USXF,ESG Advanced MSCI USA ETF,31/08/21,Pharmaceuticals — 2.2%,Eli Lilly & Co.,"21,666","55,96,111",,
USXF,ESG Advanced MSCI USA ETF,31/08/21,Pharmaceuticals — 2.2%,Jazz Pharmaceuticals PLC (a),"1,613","2,12,448",,
USXF,ESG Advanced MSCI USA ETF,31/08/21,Pharmaceuticals — 2.2%,Zoetis Inc.,"12,618","25,81,138","93,57,991",
USXF,ESG Advanced MSCI USA ETF,31/08/21,Professional Services — 0.8%,Booz Allen Hamilton Holding Corp.,"3,598","2,94,712",,
USXF,ESG Advanced MSCI USA ETF,31/08/21,Professional Services — 0.8%,Clarivate PLC (a),"9,377","2,36,207",,
USXF,ESG Advanced MSCI USA ETF,31/08/21,Professional Services — 0.8%,IHS Markit Ltd.,"10,063","12,13,598",,
USXF,ESG Advanced MSCI USA ETF,31/08/21,Professional Services — 0.8%,Robert Half International Inc.,"2,998","3,09,993",,
USXF,ESG Advanced MSCI USA ETF,31/08/21,Professional Services — 0.8%,TransUnion,"5,084","6,17,859",,
USXF,ESG Advanced MSCI USA ETF,31/08/21,Professional Services — 0.8%,Verisk Analytics Inc.,"4,094","8,26,005","34,98,374",
USXF,ESG Advanced MSCI USA ETF,31/08/21,Real Estate Management & Development — 0.2%,"CBRE Group Inc., Class A (a)","8,922","8,59,189","8,59,189",
USXF,ESG Advanced MSCI USA ETF,31/08/21,Road & Rail — 0.4%,AMERCO,260,"1,71,899",,
USXF,ESG Advanced MSCI USA ETF,31/08/21,Road & Rail — 0.4%,Kansas City Southern,"2,417","6,78,379",,
USXF,ESG Advanced MSCI USA ETF,31/08/21,Road & Rail — 0.4%,Old Dominion Freight Line Inc.,"2,620","7,56,447","16,06,725",
USXF,ESG Advanced MSCI USA ETF,31/08/21,Semiconductors & Semiconductor Equipment — 9.5%,Advanced Micro Devices Inc. (a),"32,295","35,75,702",,
USXF,ESG Advanced MSCI USA ETF,31/08/21,Semiconductors & Semiconductor Equipment — 9.5%,Analog Devices Inc.,"14,297","23,29,696",,
USXF,ESG Advanced MSCI USA ETF,31/08/21,Semiconductors & Semiconductor Equipment — 9.5%,Applied Materials Inc.,"24,391","32,95,956",,
USXF,ESG Advanced MSCI USA ETF,31/08/21,Semiconductors & Semiconductor Equipment — 9.5%,Enphase Energy Inc. (a),"3,427","5,95,373",,
USXF,ESG Advanced MSCI USA ETF,31/08/21,Semiconductors & Semiconductor Equipment — 9.5%,Lam Research Corp.,"3,790","22,92,268",,
USXF,ESG Advanced MSCI USA ETF,31/08/21,Semiconductors & Semiconductor Equipment — 9.5%,Marvell Technology Inc.,"21,776","13,32,473",,
USXF,ESG Advanced MSCI USA ETF,31/08/21,Semiconductors & Semiconductor Equipment — 9.5%,Micron Technology Inc. (a),"29,805","21,96,628",,
USXF,ESG Advanced MSCI USA ETF,31/08/21,Semiconductors & Semiconductor Equipment — 9.5%,NVIDIA Corp.,"66,235","1,48,26,705",,
USXF,ESG Advanced MSCI USA ETF,31/08/21,Semiconductors & Semiconductor Equipment — 9.5%,NXP Semiconductors NV,"7,329","15,76,688",,
USXF,ESG Advanced MSCI USA ETF,31/08/21,Semiconductors & Semiconductor Equipment — 9.5%,ON Semiconductor Corp. (a),"11,350","5,03,486",,
USXF,ESG Advanced MSCI USA ETF,31/08/21,Semiconductors & Semiconductor Equipment — 9.5%,Qorvo Inc. (a),"2,993","5,62,774",,
USXF,ESG Advanced MSCI USA ETF,31/08/21,Semiconductors & Semiconductor Equipment — 9.5%,Skyworks Solutions Inc.,"4,388","8,05,022",,
USXF,ESG Advanced MSCI USA ETF,31/08/21,Semiconductors & Semiconductor Equipment — 9.5%,SolarEdge Technologies Inc. (a),"1,381","4,00,186",,
USXF,ESG Advanced MSCI USA ETF,31/08/21,Semiconductors & Semiconductor Equipment — 9.5%,Texas Instruments Inc.,"24,547","46,86,268",,
USXF,ESG Advanced MSCI USA ETF,31/08/21,Semiconductors & Semiconductor Equipment — 9.5%,Xilinx Inc.,"6,535","10,16,781","3,99,96,006",
USXF,ESG Advanced MSCI USA ETF,31/08/21,Software — 10.1%,Adobe Inc. (a),"12,705","84,32,308",,
USXF,ESG Advanced MSCI USA ETF,31/08/21,Software — 10.1%,ANSYS Inc. (a),"2,317","8,46,539",,
USXF,ESG Advanced MSCI USA ETF,31/08/21,Software — 10.1%,Autodesk Inc. (a),"5,850","18,14,026",,
USXF,ESG Advanced MSCI USA ETF,31/08/21,Software — 10.1%,"Bentley Systems Inc., Class B","4,581","2,95,429",,
USXF,ESG Advanced MSCI USA ETF,31/08/21,Software — 10.1%,Black Knight Inc. (a),"4,163","3,15,014",,
USXF,ESG Advanced MSCI USA ETF,31/08/21,Software — 10.1%,Cadence Design Systems Inc. (a),"7,397","12,09,262",,
USXF,ESG Advanced MSCI USA ETF,31/08/21,Software — 10.1%,Ceridian HCM Holding Inc. (a),"3,570","4,01,089",,
USXF,ESG Advanced MSCI USA ETF,31/08/21,Software — 10.1%,Citrix Systems Inc.,"3,300","3,39,471",,
USXF,ESG Advanced MSCI USA ETF,31/08/21,Software — 10.1%,Coupa Software Inc. (a),"1,937","4,74,197",,
USXF,ESG Advanced MSCI USA ETF,31/08/21,Software — 10.1%,"Crowdstrike Holdings Inc., Class A (a)","5,029","14,13,149",,
USXF,ESG Advanced MSCI USA ETF,31/08/21,Software — 10.1%,"Datadog Inc., Class A (a)","4,975","6,85,555",,
USXF,ESG Advanced MSCI USA ETF,31/08/21,Software — 10.1%,DocuSign Inc. (a),"5,172","15,32,153",,
USXF,ESG Advanced MSCI USA ETF,31/08/21,Software — 10.1%,"Dropbox Inc., Class A (a)","8,452","2,68,013",,
USXF,ESG Advanced MSCI USA ETF,31/08/21,Software — 10.1%,Fair Isaac Corp. (a),764,"3,51,241",,
USXF,ESG Advanced MSCI USA ETF,31/08/21,Software — 10.1%,Fortinet Inc. (a),"3,690","11,62,867",,
USXF,ESG Advanced MSCI USA ETF,31/08/21,Software — 10.1%,Guidewire Software Inc. (a),"2,115","2,50,543",,
USXF,ESG Advanced MSCI USA ETF,31/08/21,Software — 10.1%,HubSpot Inc. (a),"1,179","8,06,990",,
USXF,ESG Advanced MSCI USA ETF,31/08/21,Software — 10.1%,Intuit Inc.,"7,263","41,11,657",,
USXF,ESG Advanced MSCI USA ETF,31/08/21,Software — 10.1%,NortonLifeLock Inc.,"15,414","4,09,396",,
USXF,ESG Advanced MSCI USA ETF,31/08/21,Software — 10.1%,Paycom Software Inc. (a),"1,359","6,64,415",,
USXF,ESG Advanced MSCI USA ETF,31/08/21,Software — 10.1%,PTC Inc. (a),"2,950","3,88,397",,
USXF,ESG Advanced MSCI USA ETF,31/08/21,Software — 10.1%,"RingCentral Inc., Class A (a)","2,038","5,14,106",,
USXF,ESG Advanced MSCI USA ETF,31/08/21,Software — 10.1%,salesforce.com Inc. (a),"25,822","68,49,802",,
USXF,ESG Advanced MSCI USA ETF,31/08/21,Software — 10.1%,ServiceNow Inc. (a),"5,248","33,77,823",,
USXF,ESG Advanced MSCI USA ETF,31/08/21,Software — 10.1%,Splunk Inc. (a),"4,357","6,66,055",,
USXF,ESG Advanced MSCI USA ETF,31/08/21,Software — 10.1%,Synopsys Inc. (a),"4,054","13,46,901",,
USXF,ESG Advanced MSCI USA ETF,31/08/21,Software — 10.1%,Tyler Technologies Inc. (a),"1,083","5,26,013",,
USXF,ESG Advanced MSCI USA ETF,31/08/21,Software — 10.1%,"VMware Inc., Class A (a)(b)","2,228","3,31,682",,
USXF,ESG Advanced MSCI USA ETF,31/08/21,Software — 10.1%,"Workday Inc., Class A (a)","5,024","13,72,356",,
USXF,ESG Advanced MSCI USA ETF,31/08/21,Software — 10.1%,Zendesk Inc. (a),"3,153","3,89,711",,
USXF,ESG Advanced MSCI USA ETF,31/08/21,Software — 10.1%,Zscaler Inc. (a),"2,168","6,03,441","4,21,49,601",
USXF,ESG Advanced MSCI USA ETF,31/08/21,Specialty Retail — 3.8%,Advance Auto Parts Inc.,"1,739","3,52,756",,
USXF,ESG Advanced MSCI USA ETF,31/08/21,Specialty Retail — 3.8%,Best Buy Co. Inc.,"5,989","6,97,778",,
USXF,ESG Advanced MSCI USA ETF,31/08/21,Specialty Retail — 3.8%,Burlington Stores Inc. (a),"1,770","5,30,097",,
USXF,ESG Advanced MSCI USA ETF,31/08/21,Specialty Retail — 3.8%,CarMax Inc. (a),"4,337","5,43,036",,
USXF,ESG Advanced MSCI USA ETF,31/08/21,Specialty Retail — 3.8%,Home Depot Inc. (The),"28,260","92,17,847",,
USXF,ESG Advanced MSCI USA ETF,31/08/21,Specialty Retail — 3.8%,Ross Stores Inc.,"9,478","11,22,195",,
USXF,ESG Advanced MSCI USA ETF,31/08/21,Specialty Retail — 3.8%,TJX Companies Inc. (The),"32,055","23,31,040",,
USXF,ESG Advanced MSCI USA ETF,31/08/21,Specialty Retail — 3.8%,Tractor Supply Co.,"3,064","5,95,182",,
USXF,ESG Advanced MSCI USA ETF,31/08/21,Specialty Retail — 3.8%,Ulta Beauty Inc. (a),"1,382","5,35,263","1,59,25,194",
USXF,ESG Advanced MSCI USA ETF,31/08/21,"Technology Hardware, Storage & Peripherals — 0.9%","Dell Technologies Inc., Class C (a)","7,372","7,18,475",,
USXF,ESG Advanced MSCI USA ETF,31/08/21,"Technology Hardware, Storage & Peripherals — 0.9%",Hewlett Packard Enterprise Co.,"34,583","5,34,653",,
USXF,ESG Advanced MSCI USA ETF,31/08/21,"Technology Hardware, Storage & Peripherals — 0.9%",HP Inc.,"33,291","9,90,075",,
USXF,ESG Advanced MSCI USA ETF,31/08/21,"Technology Hardware, Storage & Peripherals — 0.9%",NetApp Inc.,"5,917","5,26,199",,
USXF,ESG Advanced MSCI USA ETF,31/08/21,"Technology Hardware, Storage & Peripherals — 0.9%",Seagate Technology Holdings PLC,"5,475","4,79,555",,
USXF,ESG Advanced MSCI USA ETF,31/08/21,"Technology Hardware, Storage & Peripherals — 0.9%",Western Digital Corp. (a),"8,145","5,14,764","37,63,721",
USXF,ESG Advanced MSCI USA ETF,31/08/21,"Textiles, Apparel & Luxury Goods — 0.3%",Lululemon Athletica Inc. (a),"3,291","13,16,959","13,16,959",
USXF,ESG Advanced MSCI USA ETF,31/08/21,Trading Companies & Distributors — 0.5%,Fastenal Co.,"15,265","8,52,550",,
USXF,ESG Advanced MSCI USA ETF,31/08/21,Trading Companies & Distributors — 0.5%,United Rentals Inc. (a),"1,924","6,78,499",,
USXF,ESG Advanced MSCI USA ETF,31/08/21,Trading Companies & Distributors — 0.5%,WW Grainger Inc.,"1,177","5,10,465","20,41,514",
USXF,ESG Advanced MSCI USA ETF,31/08/21,Water Utilities — 0.2%,American Water Works Co. Inc.,"4,823","8,78,992","8,78,992","41,82,67,089"
USXF,ESG Advanced MSCI USA ETF,31/08/21,MONEY MARKET FUNDS — 0.3%,"BlackRock Cash Funds: Institutional, SL Agency Shares, 0.06%(c)(d)(e)","6,02,990","6,03,291",,
USXF,ESG Advanced MSCI USA ETF,31/08/21,MONEY MARKET FUNDS — 0.3%,"BlackRock Cash Funds: Treasury, SL Agency Shares, 0.00%(c)(d)","7,40,000","7,40,000","13,43,291","13,43,291"
XJH,iShares ESG Select Screened S&P Mid-Cap ETF,30/09/21,Aerospace & Defense — 1.1%,Axon Enterprise Inc. (a),"1,206","2,11,074",,
XJH,iShares ESG Select Screened S&P Mid-Cap ETF,30/09/21,Aerospace & Defense — 1.1%,Curtiss-Wright Corp.,753,"95,013",,
XJH,iShares ESG Select Screened S&P Mid-Cap ETF,30/09/21,Aerospace & Defense — 1.1%,Hexcel Corp. (a),"1,545","91,758",,
XJH,iShares ESG Select Screened S&P Mid-Cap ETF,30/09/21,Aerospace & Defense — 1.1%,Mercury Systems Inc. (a),"1,031","48,890","4,46,735",
XJH,iShares ESG Select Screened S&P Mid-Cap ETF,30/09/21,Air Freight & Logistics — 0.4%,GXO Logistics Inc. (a),"1,810","1,41,976","1,41,976",
XJH,iShares ESG Select Screened S&P Mid-Cap ETF,30/09/21,Airlines — 0.2%,JetBlue Airways Corp. (a),"5,859","89,584","89,584",
XJH,iShares ESG Select Screened S&P Mid-Cap ETF,30/09/21,Auto Components — 1.8%,Adient PLC (a),"1,736","71,957",,
XJH,iShares ESG Select Screened S&P Mid-Cap ETF,30/09/21,Auto Components — 1.8%,Dana Inc.,"2,676","59,514",,
XJH,iShares ESG Select Screened S&P Mid-Cap ETF,30/09/21,Auto Components — 1.8%,Fox Factory Holding Corp. (a),775,"1,12,019",,
XJH,iShares ESG Select Screened S&P Mid-Cap ETF,30/09/21,Auto Components — 1.8%,Gentex Corp.,"4,402","1,45,178",,
XJH,iShares ESG Select Screened S&P Mid-Cap ETF,30/09/21,Auto Components — 1.8%,Goodyear Tire & Rubber Co. (The) (a),"5,176","91,615",,
XJH,iShares ESG Select Screened S&P Mid-Cap ETF,30/09/21,Auto Components — 1.8%,Lear Corp.,"1,097","1,71,659",,
XJH,iShares ESG Select Screened S&P Mid-Cap ETF,30/09/21,Auto Components — 1.8%,Visteon Corp. (a),524,"49,460","7,01,402",
XJH,iShares ESG Select Screened S&P Mid-Cap ETF,30/09/21,Automobiles — 0.6%,Harley-Davidson Inc.,"2,835","1,03,790",,
XJH,iShares ESG Select Screened S&P Mid-Cap ETF,30/09/21,Automobiles — 0.6%,Thor Industries Inc.,"1,020","1,25,215","2,29,005",
XJH,iShares ESG Select Screened S&P Mid-Cap ETF,30/09/21,Banks — 7.6%,Associated Banc-Corp.,"2,818","60,362",,
XJH,iShares ESG Select Screened S&P Mid-Cap ETF,30/09/21,Banks — 7.6%,BancorpSouth Bank,"1,285","38,267",,
XJH,iShares ESG Select Screened S&P Mid-Cap ETF,30/09/21,Banks — 7.6%,Bank of Hawaii Corp.,756,"62,121",,
XJH,iShares ESG Select Screened S&P Mid-Cap ETF,30/09/21,Banks — 7.6%,Bank OZK,"2,245","96,490",,
XJH,iShares ESG Select Screened S&P Mid-Cap ETF,30/09/21,Banks — 7.6%,Cathay General Bancorp.,"1,460","60,429",,
XJH,iShares ESG Select Screened S&P Mid-Cap ETF,30/09/21,Banks — 7.6%,CIT Group Inc.,"1,827","94,913",,
XJH,iShares ESG Select Screened S&P Mid-Cap ETF,30/09/21,Banks — 7.6%,Commerce Bancshares Inc.,"1,958","1,36,433",,
XJH,iShares ESG Select Screened S&P Mid-Cap ETF,30/09/21,Banks — 7.6%,Cullen/Frost Bankers Inc.,"1,043","1,23,721",,
XJH,iShares ESG Select Screened S&P Mid-Cap ETF,30/09/21,Banks — 7.6%,East West Bancorp. Inc.,"2,614","2,02,690",,
XJH,iShares ESG Select Screened S&P Mid-Cap ETF,30/09/21,Banks — 7.6%,First Financial Bankshares Inc.,"2,360","1,08,442",,
XJH,iShares ESG Select Screened S&P Mid-Cap ETF,30/09/21,Banks — 7.6%,First Horizon Corp.,"10,121","1,64,871",,
XJH,iShares ESG Select Screened S&P Mid-Cap ETF,30/09/21,Banks — 7.6%,FNB Corp.,"5,887","68,407",,
XJH,iShares ESG Select Screened S&P Mid-Cap ETF,30/09/21,Banks — 7.6%,Fulton Financial Corp.,"3,058","46,726",,
XJH,iShares ESG Select Screened S&P Mid-Cap ETF,30/09/21,Banks — 7.6%,Glacier Bancorp. Inc.,"1,992","1,10,257",,
XJH,iShares ESG Select Screened S&P Mid-Cap ETF,30/09/21,Banks — 7.6%,Hancock Whitney Corp.,"1,600","75,392",,
XJH,iShares ESG Select Screened S&P Mid-Cap ETF,30/09/21,Banks — 7.6%,Home BancShares Inc./AR,"2,781","65,437",,
XJH,iShares ESG Select Screened S&P Mid-Cap ETF,30/09/21,Banks — 7.6%,International Bancshares Corp,981,"40,849",,
XJH,iShares ESG Select Screened S&P Mid-Cap ETF,30/09/21,Banks — 7.6%,PacWest Bancorp.,"2,159","97,846",,
XJH,iShares ESG Select Screened S&P Mid-Cap ETF,30/09/21,Banks — 7.6%,Pinnacle Financial Partners Inc.,"1,402","1,31,900",,
XJH,iShares ESG Select Screened S&P Mid-Cap ETF,30/09/21,Banks — 7.6%,Prosperity Bancshares Inc.,"1,712","1,21,775",,
XJH,iShares ESG Select Screened S&P Mid-Cap ETF,30/09/21,Banks — 7.6%,Signature Bank/New York NY,"1,114","3,03,320",,
XJH,iShares ESG Select Screened S&P Mid-Cap ETF,30/09/21,Banks — 7.6%,Sterling Bancorp./DE,"3,550","88,608",,
XJH,iShares ESG Select Screened S&P Mid-Cap ETF,30/09/21,Banks — 7.6%,Synovus Financial Corp.,"2,698","1,18,415",,
XJH,iShares ESG Select Screened S&P Mid-Cap ETF,30/09/21,Banks — 7.6%,Texas Capital Bancshares Inc.(a),946,"56,779",,
XJH,iShares ESG Select Screened S&P Mid-Cap ETF,30/09/21,Banks — 7.6%,UMB Financial Corp.,793,"76,691",,
XJH,iShares ESG Select Screened S&P Mid-Cap ETF,30/09/21,Banks — 7.6%,Umpqua Holdings Corp.,"4,097","82,964",,
XJH,iShares ESG Select Screened S&P Mid-Cap ETF,30/09/21,Banks — 7.6%,United Bankshares Inc./WV,"2,380","86,584",,
XJH,iShares ESG Select Screened S&P Mid-Cap ETF,30/09/21,Banks — 7.6%,Valley National Bancorp.,"7,492","99,718",,
XJH,iShares ESG Select Screened S&P Mid-Cap ETF,30/09/21,Banks — 7.6%,Webster Financial Corp.,"1,669","90,894",,
XJH,iShares ESG Select Screened S&P Mid-Cap ETF,30/09/21,Banks — 7.6%,Wintrust Financial Corp.,"1,051","84,469","29,95,770",
XJH,iShares ESG Select Screened S&P Mid-Cap ETF,30/09/21,Beverages — 0.2%,"Boston Beer Co. Inc. (The), Class A, NVS (a)",173,"88,187","88,187",
XJH,iShares ESG Select Screened S&P Mid-Cap ETF,30/09/21,Biotechnology — 1.8%,Arrowhead Pharmaceuticals Inc. (a),"1,920","1,19,866",,
XJH,iShares ESG Select Screened S&P Mid-Cap ETF,30/09/21,Biotechnology — 1.8%,Emergent BioSolutions Inc. (a),897,"44,913",,
XJH,iShares ESG Select Screened S&P Mid-Cap ETF,30/09/21,Biotechnology — 1.8%,Exelixis Inc. (a),"5,804","1,22,696",,
XJH,iShares ESG Select Screened S&P Mid-Cap ETF,30/09/21,Biotechnology — 1.8%,Halozyme Therapeutics Inc. (a),"2,614","1,06,337",,
XJH,iShares ESG Select Screened S&P Mid-Cap ETF,30/09/21,Biotechnology — 1.8%,Neurocrine Biosciences Inc. (a),"1,738","1,66,692",,
XJH,iShares ESG Select Screened S&P Mid-Cap ETF,30/09/21,Biotechnology — 1.8%,United Therapeutics Corp. (a),824,"1,52,094","7,12,598",
XJH,iShares ESG Select Screened S&P Mid-Cap ETF,30/09/21,Building Products — 2.6%,Builders FirstSource Inc. (a),"3,805","1,96,870",,
XJH,iShares ESG Select Screened S&P Mid-Cap ETF,30/09/21,Building Products — 2.6%,Carlisle Companies Inc.,958,"1,90,441",,
XJH,iShares ESG Select Screened S&P Mid-Cap ETF,30/09/21,Building Products — 2.6%,Lennox International Inc.,628,"1,84,739",,
XJH,iShares ESG Select Screened S&P Mid-Cap ETF,30/09/21,Building Products — 2.6%,Owens Corning,"1,894","1,61,937",,
XJH,iShares ESG Select Screened S&P Mid-Cap ETF,30/09/21,Building Products — 2.6%,Simpson Manufacturing Co. Inc.,800,"85,576",,
XJH,iShares ESG Select Screened S&P Mid-Cap ETF,30/09/21,Building Products — 2.6%,Trex Co. Inc. (a),"2,118","2,15,888","10,35,451",
XJH,iShares ESG Select Screened S&P Mid-Cap ETF,30/09/21,Capital Markets — 2.9%,Affiliated Managers Group Inc.,760,"1,14,828",,
XJH,iShares ESG Select Screened S&P Mid-Cap ETF,30/09/21,Capital Markets — 2.9%,"Evercore Inc., Class A",731,"97,713",,
XJH,iShares ESG Select Screened S&P Mid-Cap ETF,30/09/21,Capital Markets — 2.9%,FactSet Research Systems Inc.,694,"2,73,977",,
XJH,iShares ESG Select Screened S&P Mid-Cap ETF,30/09/21,Capital Markets — 2.9%,Federated Hermes Inc.,"1,823","59,248",,
XJH,iShares ESG Select Screened S&P Mid-Cap ETF,30/09/21,Capital Markets — 2.9%,"Interactive Brokers Group Inc., Class A","1,591","99,183",,
XJH,iShares ESG Select Screened S&P Mid-Cap ETF,30/09/21,Capital Markets — 2.9%,Janus Henderson Group PLC,"2,986","1,23,411",,
XJH,iShares ESG Select Screened S&P Mid-Cap ETF,30/09/21,Capital Markets — 2.9%,Jefferies Financial Group Inc.,"3,629","1,34,745",,
XJH,iShares ESG Select Screened S&P Mid-Cap ETF,30/09/21,Capital Markets — 2.9%,SEI Investments Co.,"1,976","1,17,177",,
XJH,iShares ESG Select Screened S&P Mid-Cap ETF,30/09/21,Capital Markets — 2.9%,Stifel Financial Corp.,"1,931","1,31,231","11,51,513",
XJH,iShares ESG Select Screened S&P Mid-Cap ETF,30/09/21,Chemicals — 2.3%,Ashland Global Holdings Inc.,"1,037","92,418",,
XJH,iShares ESG Select Screened S&P Mid-Cap ETF,30/09/21,Chemicals — 2.3%,Avient Corp.,"1,682","77,961",,
XJH,iShares ESG Select Screened S&P Mid-Cap ETF,30/09/21,Chemicals — 2.3%,Cabot Corp.,"1,046","52,426",,
XJH,iShares ESG Select Screened S&P Mid-Cap ETF,30/09/21,Chemicals — 2.3%,Chemours Co. (The),"3,043","88,430",,
XJH,iShares ESG Select Screened S&P Mid-Cap ETF,30/09/21,Chemicals — 2.3%,Ingevity Corp. (a),728,"51,957",,
XJH,iShares ESG Select Screened S&P Mid-Cap ETF,30/09/21,Chemicals — 2.3%,Minerals Technologies Inc.,630,"43,999",,
XJH,iShares ESG Select Screened S&P Mid-Cap ETF,30/09/21,Chemicals — 2.3%,NewMarket Corp.,133,"45,056",,
XJH,iShares ESG Select Screened S&P Mid-Cap ETF,30/09/21,Chemicals — 2.3%,RPM International Inc.,"2,391","1,85,661",,
XJH,iShares ESG Select Screened S&P Mid-Cap ETF,30/09/21,Chemicals — 2.3%,Scotts Miracle-Gro Co. (The),750,"1,09,770",,
XJH,iShares ESG Select Screened S&P Mid-Cap ETF,30/09/21,Chemicals — 2.3%,Sensient Technologies Corp.,774,"70,496",,
XJH,iShares ESG Select Screened S&P Mid-Cap ETF,30/09/21,Chemicals — 2.3%,Valvoline Inc.,"3,330","1,03,829","9,22,003",
XJH,iShares ESG Select Screened S&P Mid-Cap ETF,30/09/21,Commercial Services & Supplies — 1.9%,Brink’s Co. (The),918,"58,109",,
XJH,iShares ESG Select Screened S&P Mid-Cap ETF,30/09/21,Commercial Services & Supplies — 1.9%,Clean Harbors Inc. (a),919,"95,457",,
XJH,iShares ESG Select Screened S&P Mid-Cap ETF,30/09/21,Commercial Services & Supplies — 1.9%,Herman Miller Inc.,"1,383","52,084",,
XJH,iShares ESG Select Screened S&P Mid-Cap ETF,30/09/21,Commercial Services & Supplies — 1.9%,IAA Inc. (a),"2,484","1,35,552",,
XJH,iShares ESG Select Screened S&P Mid-Cap ETF,30/09/21,Commercial Services & Supplies — 1.9%,KAR Auction Services Inc. (a),"2,196","35,992",,
XJH,iShares ESG Select Screened S&P Mid-Cap ETF,30/09/21,Commercial Services & Supplies — 1.9%,MSA Safety Inc.,672,"97,910",,
XJH,iShares ESG Select Screened S&P Mid-Cap ETF,30/09/21,Commercial Services & Supplies — 1.9%,Stericycle Inc. (a),"1,692","1,15,005",,
XJH,iShares ESG Select Screened S&P Mid-Cap ETF,30/09/21,Commercial Services & Supplies — 1.9%,Tetra Tech Inc.,993,"1,48,295","7,38,404",
XJH,iShares ESG Select Screened S&P Mid-Cap ETF,30/09/21,Communications Equipment — 0.9%,Ciena Corp. (a),"2,852","1,46,450",,
XJH,iShares ESG Select Screened S&P Mid-Cap ETF,30/09/21,Communications Equipment — 0.9%,Lumentum Holdings Inc. (a),"1,399","1,16,873",,
XJH,iShares ESG Select Screened S&P Mid-Cap ETF,30/09/21,Communications Equipment — 0.9%,NetScout Systems Inc. (a)(b),"1,394","37,568",,
XJH,iShares ESG Select Screened S&P Mid-Cap ETF,30/09/21,Communications Equipment — 0.9%,Viasat Inc. (a),"1,351","74,400","3,75,291",
XJH,iShares ESG Select Screened S&P Mid-Cap ETF,30/09/21,Construction & Engineering — 1.3%,AECOM (a),"2,645","1,67,032",,
XJH,iShares ESG Select Screened S&P Mid-Cap ETF,30/09/21,Construction & Engineering — 1.3%,Dycom Industries Inc. (a)(b),578,"41,177",,
XJH,iShares ESG Select Screened S&P Mid-Cap ETF,30/09/21,Construction & Engineering — 1.3%,EMCOR Group Inc.,990,"1,14,226",,
XJH,iShares ESG Select Screened S&P Mid-Cap ETF,30/09/21,Construction & Engineering — 1.3%,MasTec Inc. (a),"1,054","90,939",,
XJH,iShares ESG Select Screened S&P Mid-Cap ETF,30/09/21,Construction & Engineering — 1.3%,Valmont Industries Inc.,390,"91,697","5,05,071",
XJH,iShares ESG Select Screened S&P Mid-Cap ETF,30/09/21,Construction Materials — 0.3%,Eagle Materials Inc.,769,"1,00,862","1,00,862",
XJH,iShares ESG Select Screened S&P Mid-Cap ETF,30/09/21,Consumer Finance — 0.6%,LendingTree Inc. (a),216,"30,203",,
XJH,iShares ESG Select Screened S&P Mid-Cap ETF,30/09/21,Consumer Finance — 0.6%,Navient Corp.,"3,082","60,808",,
XJH,iShares ESG Select Screened S&P Mid-Cap ETF,30/09/21,Consumer Finance — 0.6%,PROG Holdings Inc.,"1,225","51,462",,
XJH,iShares ESG Select Screened S&P Mid-Cap ETF,30/09/21,Consumer Finance — 0.6%,SLM Corp.,"5,634","99,159","2,41,632",
XJH,iShares ESG Select Screened S&P Mid-Cap ETF,30/09/21,Containers & Packaging — 0.9%,AptarGroup Inc.,"1,215","1,45,010",,
XJH,iShares ESG Select Screened S&P Mid-Cap ETF,30/09/21,Containers & Packaging — 0.9%,"Greif Inc., Class A, NVS",487,"31,460",,
XJH,iShares ESG Select Screened S&P Mid-Cap ETF,30/09/21,Containers & Packaging — 0.9%,Silgan Holdings Inc.,"1,542","59,151",,
XJH,iShares ESG Select Screened S&P Mid-Cap ETF,30/09/21,Containers & Packaging — 0.9%,Sonoco Products Co.,"1,811","1,07,900","3,43,521",
XJH,iShares ESG Select Screened S&P Mid-Cap ETF,30/09/21,Diversified Consumer Services — 1.0%,"Graham Holdings Co., Class B",75,"44,187",,
XJH,iShares ESG Select Screened S&P Mid-Cap ETF,30/09/21,Diversified Consumer Services — 1.0%,Grand Canyon Education Inc. (a),833,"73,271",,
XJH,iShares ESG Select Screened S&P Mid-Cap ETF,30/09/21,Diversified Consumer Services — 1.0%,H&R Block Inc.,"3,280","82,000",,
XJH,iShares ESG Select Screened S&P Mid-Cap ETF,30/09/21,Diversified Consumer Services — 1.0%,Service Corp. International,"3,077","1,85,420","3,84,878",
XJH,iShares ESG Select Screened S&P Mid-Cap ETF,30/09/21,Diversified Telecommunication Services — 0.2%,Iridium Communications Inc. (a),"2,430","96,835","96,835",
XJH,iShares ESG Select Screened S&P Mid-Cap ETF,30/09/21,Electric Utilities — 0.2%,Hawaiian Electric Industries Inc.,"2,014","82,232","82,232",
XJH,iShares ESG Select Screened S&P Mid-Cap ETF,30/09/21,Electrical Equipment — 1.8%,Acuity Brands Inc.,658,"1,14,077",,
XJH,iShares ESG Select Screened S&P Mid-Cap ETF,30/09/21,Electrical Equipment — 1.8%,EnerSys,784,"58,361",,
XJH,iShares ESG Select Screened S&P Mid-Cap ETF,30/09/21,Electrical Equipment — 1.8%,Hubbell Inc.,998,"1,80,309",,
XJH,iShares ESG Select Screened S&P Mid-Cap ETF,30/09/21,Electrical Equipment — 1.8%,nVent Electric PLC,"3,097","1,00,126",,
XJH,iShares ESG Select Screened S&P Mid-Cap ETF,30/09/21,Electrical Equipment — 1.8%,Regal Beloit Corp.,747,"1,12,304",,
XJH,iShares ESG Select Screened S&P Mid-Cap ETF,30/09/21,Electrical Equipment — 1.8%,Sunrun Inc. (a),"3,782","1,66,408","7,31,585",
XJH,iShares ESG Select Screened S&P Mid-Cap ETF,30/09/21,"Electronic Equipment, Instruments & Components — 3.4%",Arrow Electronics Inc. (a),"1,323","1,48,560",,
XJH,iShares ESG Select Screened S&P Mid-Cap ETF,30/09/21,"Electronic Equipment, Instruments & Components — 3.4%",Avnet Inc.,"1,833","67,766",,
XJH,iShares ESG Select Screened S&P Mid-Cap ETF,30/09/21,"Electronic Equipment, Instruments & Components — 3.4%",Belden Inc.,840,"48,938",,
XJH,iShares ESG Select Screened S&P Mid-Cap ETF,30/09/21,"Electronic Equipment, Instruments & Components — 3.4%",Cognex Corp.,"3,244","2,60,234",,
XJH,iShares ESG Select Screened S&P Mid-Cap ETF,30/09/21,"Electronic Equipment, Instruments & Components — 3.4%",Coherent Inc. (a),452,"1,13,041",,
XJH,iShares ESG Select Screened S&P Mid-Cap ETF,30/09/21,"Electronic Equipment, Instruments & Components — 3.4%",II-VI Inc. (a),"1,932","1,14,683",,
XJH,iShares ESG Select Screened S&P Mid-Cap ETF,30/09/21,"Electronic Equipment, Instruments & Components — 3.4%",Jabil Inc.,"2,678","1,56,315",,
XJH,iShares ESG Select Screened S&P Mid-Cap ETF,30/09/21,"Electronic Equipment, Instruments & Components — 3.4%",Littelfuse Inc.,454,"1,24,065",,
XJH,iShares ESG Select Screened S&P Mid-Cap ETF,30/09/21,"Electronic Equipment, Instruments & Components — 3.4%",National Instruments Corp.,"2,450","96,113",,
XJH,iShares ESG Select Screened S&P Mid-Cap ETF,30/09/21,"Electronic Equipment, Instruments & Components — 3.4%",SYNNEX Corp.,766,"79,741",,
XJH,iShares ESG Select Screened S&P Mid-Cap ETF,30/09/21,"Electronic Equipment, Instruments & Components — 3.4%",Vishay Intertechnology Inc.,"2,484","49,903",,
XJH,iShares ESG Select Screened S&P Mid-Cap ETF,30/09/21,"Electronic Equipment, Instruments & Components — 3.4%",Vontier Corp.,"3,136","1,05,370","13,64,729",
XJH,iShares ESG Select Screened S&P Mid-Cap ETF,30/09/21,Energy Equipment & Services — 0.2%,ChampionX Corp. (a),"3,683","82,352","82,352",
XJH,iShares ESG Select Screened S&P Mid-Cap ETF,30/09/21,Entertainment — 0.1%,"World Wrestling Entertainment Inc., Class A",846,"47,596","47,596",
XJH,iShares ESG Select Screened S&P Mid-Cap ETF,30/09/21,Equity Real Estate Investment Trusts (REITs) — 9.9%,American Campus Communities Inc.,"2,554","1,23,741",,
XJH,iShares ESG Select Screened S&P Mid-Cap ETF,30/09/21,Equity Real Estate Investment Trusts (REITs) — 9.9%,Apartment Income REIT Corp.,"2,882","1,40,670",,
XJH,iShares ESG Select Screened S&P Mid-Cap ETF,30/09/21,Equity Real Estate Investment Trusts (REITs) — 9.9%,Brixmor Property Group Inc.,"5,472","1,20,986",,
XJH,iShares ESG Select Screened S&P Mid-Cap ETF,30/09/21,Equity Real Estate Investment Trusts (REITs) — 9.9%,Camden Property Trust,"1,847","2,72,377",,
XJH,iShares ESG Select Screened S&P Mid-Cap ETF,30/09/21,Equity Real Estate Investment Trusts (REITs) — 9.9%,CoreSite Realty Corp.,812,"1,12,495",,
XJH,iShares ESG Select Screened S&P Mid-Cap ETF,30/09/21,Equity Real Estate Investment Trusts (REITs) — 9.9%,Corporate Office Properties Trust,"2,070","55,849",,
XJH,iShares ESG Select Screened S&P Mid-Cap ETF,30/09/21,Equity Real Estate Investment Trusts (REITs) — 9.9%,Cousins Properties Inc.,"2,740","1,02,175",,
XJH,iShares ESG Select Screened S&P Mid-Cap ETF,30/09/21,Equity Real Estate Investment Trusts (REITs) — 9.9%,CyrusOne Inc.,"2,278","1,76,340",,
XJH,iShares ESG Select Screened S&P Mid-Cap ETF,30/09/21,Equity Real Estate Investment Trusts (REITs) — 9.9%,Douglas Emmett Inc.,"3,222","1,01,847",,
XJH,iShares ESG Select Screened S&P Mid-Cap ETF,30/09/21,Equity Real Estate Investment Trusts (REITs) — 9.9%,EastGroup Properties Inc.,742,"1,23,640",,
XJH,iShares ESG Select Screened S&P Mid-Cap ETF,30/09/21,Equity Real Estate Investment Trusts (REITs) — 9.9%,EPR Properties,"1,379","68,095",,
XJH,iShares ESG Select Screened S&P Mid-Cap ETF,30/09/21,Equity Real Estate Investment Trusts (REITs) — 9.9%,First Industrial Realty Trust Inc.,"2,371","1,23,482",,
XJH,iShares ESG Select Screened S&P Mid-Cap ETF,30/09/21,Equity Real Estate Investment Trusts (REITs) — 9.9%,Healthcare Realty Trust Inc.,"2,672","79,572",,
XJH,iShares ESG Select Screened S&P Mid-Cap ETF,30/09/21,Equity Real Estate Investment Trusts (REITs) — 9.9%,Highwoods Properties Inc.,"1,914","83,948",,
XJH,iShares ESG Select Screened S&P Mid-Cap ETF,30/09/21,Equity Real Estate Investment Trusts (REITs) — 9.9%,Hudson Pacific Properties Inc.,"2,809","73,792",,
XJH,iShares ESG Select Screened S&P Mid-Cap ETF,30/09/21,Equity Real Estate Investment Trusts (REITs) — 9.9%,JBG SMITH Properties,"2,166","64,135",,
XJH,iShares ESG Select Screened S&P Mid-Cap ETF,30/09/21,Equity Real Estate Investment Trusts (REITs) — 9.9%,Kilroy Realty Corp.,"1,931","1,27,852",,
XJH,iShares ESG Select Screened S&P Mid-Cap ETF,30/09/21,Equity Real Estate Investment Trusts (REITs) — 9.9%,"Lamar Advertising Co., Class A","1,593","1,80,726",,
XJH,iShares ESG Select Screened S&P Mid-Cap ETF,30/09/21,Equity Real Estate Investment Trusts (REITs) — 9.9%,Life Storage Inc.,"1,438","1,64,996",,
XJH,iShares ESG Select Screened S&P Mid-Cap ETF,30/09/21,Equity Real Estate Investment Trusts (REITs) — 9.9%,Macerich Co. (The),"3,923","65,553",,
XJH,iShares ESG Select Screened S&P Mid-Cap ETF,30/09/21,Equity Real Estate Investment Trusts (REITs) — 9.9%,Medical Properties Trust Inc.,"10,939","2,19,546",,
XJH,iShares ESG Select Screened S&P Mid-Cap ETF,30/09/21,Equity Real Estate Investment Trusts (REITs) — 9.9%,National Retail Properties Inc.,"3,225","1,39,288",,
XJH,iShares ESG Select Screened S&P Mid-Cap ETF,30/09/21,Equity Real Estate Investment Trusts (REITs) — 9.9%,National Storage Affiliates Trust,"1,498","79,079",,
XJH,iShares ESG Select Screened S&P Mid-Cap ETF,30/09/21,Equity Real Estate Investment Trusts (REITs) — 9.9%,Omega Healthcare Investors Inc.,"4,401","1,31,854",,
XJH,iShares ESG Select Screened S&P Mid-Cap ETF,30/09/21,Equity Real Estate Investment Trusts (REITs) — 9.9%,Park Hotels & Resorts Inc. (a),"4,357","83,393",,
XJH,iShares ESG Select Screened S&P Mid-Cap ETF,30/09/21,Equity Real Estate Investment Trusts (REITs) — 9.9%,Pebblebrook Hotel Trust,"2,420","54,232",,
XJH,iShares ESG Select Screened S&P Mid-Cap ETF,30/09/21,Equity Real Estate Investment Trusts (REITs) — 9.9%,Physicians Realty Trust,"4,052","71,396",,
XJH,iShares ESG Select Screened S&P Mid-Cap ETF,30/09/21,Equity Real Estate Investment Trusts (REITs) — 9.9%,PotlatchDeltic Corp.,"1,235","63,701",,
XJH,iShares ESG Select Screened S&P Mid-Cap ETF,30/09/21,Equity Real Estate Investment Trusts (REITs) — 9.9%,PS Business Parks Inc.,376,"58,934",,
XJH,iShares ESG Select Screened S&P Mid-Cap ETF,30/09/21,Equity Real Estate Investment Trusts (REITs) — 9.9%,Rayonier Inc.,"2,603","92,875",,
XJH,iShares ESG Select Screened S&P Mid-Cap ETF,30/09/21,Equity Real Estate Investment Trusts (REITs) — 9.9%,Rexford Industrial Realty Inc.,"2,529","1,43,521",,
XJH,iShares ESG Select Screened S&P Mid-Cap ETF,30/09/21,Equity Real Estate Investment Trusts (REITs) — 9.9%,Sabra Health Care REIT Inc.,"4,120","60,646",,
XJH,iShares ESG Select Screened S&P Mid-Cap ETF,30/09/21,Equity Real Estate Investment Trusts (REITs) — 9.9%,SL Green Realty Corp.,"1,237","87,629",,
XJH,iShares ESG Select Screened S&P Mid-Cap ETF,30/09/21,Equity Real Estate Investment Trusts (REITs) — 9.9%,Spirit Realty Capital Inc.,"2,187","1,00,690",,
XJH,iShares ESG Select Screened S&P Mid-Cap ETF,30/09/21,Equity Real Estate Investment Trusts (REITs) — 9.9%,STORE Capital Corp.,"4,490","1,43,815",,
XJH,iShares ESG Select Screened S&P Mid-Cap ETF,30/09/21,Equity Real Estate Investment Trusts (REITs) — 9.9%,Urban Edge Properties,"2,073","37,957","39,30,827",
XJH,iShares ESG Select Screened S&P Mid-Cap ETF,30/09/21,Food & Staples Retailing — 0.5%,BJ’s Wholesale Club Holdings Inc. (a),"2,518","1,38,288",,
XJH,iShares ESG Select Screened S&P Mid-Cap ETF,30/09/21,Food & Staples Retailing — 0.5%,Sprouts Farmers Market Inc. (a),"2,104","48,750","1,87,038",
XJH,iShares ESG Select Screened S&P Mid-Cap ETF,30/09/21,Food Products — 1.9%,Darling Ingredients Inc. (a),"2,976","2,13,974",,
XJH,iShares ESG Select Screened S&P Mid-Cap ETF,30/09/21,Food Products — 1.9%,Flowers Foods Inc.,"3,667","86,651",,
XJH,iShares ESG Select Screened S&P Mid-Cap ETF,30/09/21,Food Products — 1.9%,Hain Celestial Group Inc. (The) (a)(b),"1,564","66,908",,
XJH,iShares ESG Select Screened S&P Mid-Cap ETF,30/09/21,Food Products — 1.9%,Ingredion Inc.,"1,234","1,09,838",,
XJH,iShares ESG Select Screened S&P Mid-Cap ETF,30/09/21,Food Products — 1.9%,Lancaster Colony Corp.,366,"61,784",,
XJH,iShares ESG Select Screened S&P Mid-Cap ETF,30/09/21,Food Products — 1.9%,Pilgrim’s Pride Corp. (a),895,"26,027",,
XJH,iShares ESG Select Screened S&P Mid-Cap ETF,30/09/21,Food Products — 1.9%,Post Holdings Inc. (a),"1,080","1,18,973",,
XJH,iShares ESG Select Screened S&P Mid-Cap ETF,30/09/21,Food Products — 1.9%,Sanderson Farms Inc.,395,"74,339",,
XJH,iShares ESG Select Screened S&P Mid-Cap ETF,30/09/21,Food Products — 1.9%,Tootsie Roll Industries Inc.,346,"10,529","7,69,023",
XJH,iShares ESG Select Screened S&P Mid-Cap ETF,30/09/21,Gas Utilities — 1.1%,New Jersey Resources Corp.,"1,777","61,858",,
XJH,iShares ESG Select Screened S&P Mid-Cap ETF,30/09/21,Gas Utilities — 1.1%,ONE Gas Inc.,986,"62,483",,
XJH,iShares ESG Select Screened S&P Mid-Cap ETF,30/09/21,Gas Utilities — 1.1%,Southwest Gas Holdings Inc.,"1,101","73,635",,
XJH,iShares ESG Select Screened S&P Mid-Cap ETF,30/09/21,Gas Utilities — 1.1%,Spire Inc.,952,"58,243",,
XJH,iShares ESG Select Screened S&P Mid-Cap ETF,30/09/21,Gas Utilities — 1.1%,UGI Corp.,"3,852","1,64,172","4,20,391",
XJH,iShares ESG Select Screened S&P Mid-Cap ETF,30/09/21,Health Care Equipment & Supplies — 3.5%,"Globus Medical Inc., Class A (a)","1,438","1,10,180",,
XJH,iShares ESG Select Screened S&P Mid-Cap ETF,30/09/21,Health Care Equipment & Supplies — 3.5%,Haemonetics Corp. (a),939,"66,284",,
XJH,iShares ESG Select Screened S&P Mid-Cap ETF,30/09/21,Health Care Equipment & Supplies — 3.5%,Hill-Rom Holdings Inc.,"1,209","1,81,350",,
XJH,iShares ESG Select Screened S&P Mid-Cap ETF,30/09/21,Health Care Equipment & Supplies — 3.5%,ICU Medical Inc. (a),366,"85,417",,
XJH,iShares ESG Select Screened S&P Mid-Cap ETF,30/09/21,Health Care Equipment & Supplies — 3.5%,Integra LifeSciences Holdings Corp. (a),"1,340","91,763",,
XJH,iShares ESG Select Screened S&P Mid-Cap ETF,30/09/21,Health Care Equipment & Supplies — 3.5%,LivaNova PLC (a),990,"78,398",,
XJH,iShares ESG Select Screened S&P Mid-Cap ETF,30/09/21,Health Care Equipment & Supplies — 3.5%,Masimo Corp. (a),930,"2,51,760",,
XJH,iShares ESG Select Screened S&P Mid-Cap ETF,30/09/21,Health Care Equipment & Supplies — 3.5%,Neogen Corp. (a),"1,980","85,992",,
XJH,iShares ESG Select Screened S&P Mid-Cap ETF,30/09/21,Health Care Equipment & Supplies — 3.5%,NuVasive Inc. (a),952,"56,977",,
XJH,iShares ESG Select Screened S&P Mid-Cap ETF,30/09/21,Health Care Equipment & Supplies — 3.5%,Penumbra Inc. (a),632,"1,68,428",,
XJH,iShares ESG Select Screened S&P Mid-Cap ETF,30/09/21,Health Care Equipment & Supplies — 3.5%,Quidel Corp. (a),698,"98,523",,
XJH,iShares ESG Select Screened S&P Mid-Cap ETF,30/09/21,Health Care Equipment & Supplies — 3.5%,STAAR Surgical Co. (a),874,"1,12,335","13,87,407",
XJH,iShares ESG Select Screened S&P Mid-Cap ETF,30/09/21,Health Care Providers & Services — 3.2%,Acadia Healthcare Co. Inc. (a),"1,655","1,05,556",,
XJH,iShares ESG Select Screened S&P Mid-Cap ETF,30/09/21,Health Care Providers & Services — 3.2%,Amedisys Inc. (a),601,"89,609",,
XJH,iShares ESG Select Screened S&P Mid-Cap ETF,30/09/21,Health Care Providers & Services — 3.2%,Chemed Corp.,290,"1,34,885",,
XJH,iShares ESG Select Screened S&P Mid-Cap ETF,30/09/21,Health Care Providers & Services — 3.2%,Encompass Health Corp.,"1,833","1,37,548",,
XJH,iShares ESG Select Screened S&P Mid-Cap ETF,30/09/21,Health Care Providers & Services — 3.2%,HealthEquity Inc. (a),"1,536","99,471",,
XJH,iShares ESG Select Screened S&P Mid-Cap ETF,30/09/21,Health Care Providers & Services — 3.2%,LHC Group Inc. (a),584,"91,636",,
XJH,iShares ESG Select Screened S&P Mid-Cap ETF,30/09/21,Health Care Providers & Services — 3.2%,Molina Healthcare Inc. (a),"1,073","2,91,116",,
XJH,iShares ESG Select Screened S&P Mid-Cap ETF,30/09/21,Health Care Providers & Services — 3.2%,Patterson Companies Inc.,"1,588","47,862",,
XJH,iShares ESG Select Screened S&P Mid-Cap ETF,30/09/21,Health Care Providers & Services — 3.2%,Progyny Inc. (a),"1,264","70,784",,
XJH,iShares ESG Select Screened S&P Mid-Cap ETF,30/09/21,Health Care Providers & Services — 3.2%,R1 RCM Inc. (a),"2,466","54,277",,
XJH,iShares ESG Select Screened S&P Mid-Cap ETF,30/09/21,Health Care Providers & Services — 3.2%,Tenet Healthcare Corp. (a),"1,966","1,30,621","12,53,365",
XJH,iShares ESG Select Screened S&P Mid-Cap ETF,30/09/21,"Hotels, Restaurants & Leisure — 3.3%",Boyd Gaming Corp. (a),"1,510","95,523",,
XJH,iShares ESG Select Screened S&P Mid-Cap ETF,30/09/21,"Hotels, Restaurants & Leisure — 3.3%",Choice Hotels International Inc.,612,"77,338",,
XJH,iShares ESG Select Screened S&P Mid-Cap ETF,30/09/21,"Hotels, Restaurants & Leisure — 3.3%",Churchill Downs Inc.,639,"1,53,411",,
XJH,iShares ESG Select Screened S&P Mid-Cap ETF,30/09/21,"Hotels, Restaurants & Leisure — 3.3%",Cracker Barrel Old Country Store Inc.,437,"61,110",,
XJH,iShares ESG Select Screened S&P Mid-Cap ETF,30/09/21,"Hotels, Restaurants & Leisure — 3.3%",Jack in the Box Inc.,399,"38,835",,
XJH,iShares ESG Select Screened S&P Mid-Cap ETF,30/09/21,"Hotels, Restaurants & Leisure — 3.3%",Marriott Vacations Worldwide Corp.,787,"1,23,819",,
XJH,iShares ESG Select Screened S&P Mid-Cap ETF,30/09/21,"Hotels, Restaurants & Leisure — 3.3%",Papa John’s International Inc.,606,"76,956",,
XJH,iShares ESG Select Screened S&P Mid-Cap ETF,30/09/21,"Hotels, Restaurants & Leisure — 3.3%","Scientific Games Corp./DE, Class A (a)","1,587","1,31,832",,
XJH,iShares ESG Select Screened S&P Mid-Cap ETF,30/09/21,"Hotels, Restaurants & Leisure — 3.3%",Six Flags Entertainment Corp. (a),"1,443","61,327",,
XJH,iShares ESG Select Screened S&P Mid-Cap ETF,30/09/21,"Hotels, Restaurants & Leisure — 3.3%",Texas Roadhouse Inc.,"1,291","1,17,907",,
XJH,iShares ESG Select Screened S&P Mid-Cap ETF,30/09/21,"Hotels, Restaurants & Leisure — 3.3%",Travel + Leisure Co.,"1,590","86,703",,
XJH,iShares ESG Select Screened S&P Mid-Cap ETF,30/09/21,"Hotels, Restaurants & Leisure — 3.3%",Wendy’s Co. (The),"3,283","71,175",,
XJH,iShares ESG Select Screened S&P Mid-Cap ETF,30/09/21,"Hotels, Restaurants & Leisure — 3.3%",Wingstop Inc.,546,"89,506",,
XJH,iShares ESG Select Screened S&P Mid-Cap ETF,30/09/21,"Hotels, Restaurants & Leisure — 3.3%",Wyndham Hotels & Resorts Inc.,"1,717","1,32,535","13,17,977",
XJH,iShares ESG Select Screened S&P Mid-Cap ETF,30/09/21,Household Durables — 1.7%,Helen of Troy Ltd. (a),442,"99,309",,
XJH,iShares ESG Select Screened S&P Mid-Cap ETF,30/09/21,Household Durables — 1.7%,KB Home,"1,677","65,269",,
XJH,iShares ESG Select Screened S&P Mid-Cap ETF,30/09/21,Household Durables — 1.7%,Taylor Morrison Home Corp. (a)(b),"2,308","59,500",,
XJH,iShares ESG Select Screened S&P Mid-Cap ETF,30/09/21,Household Durables — 1.7%,Tempur Sealy International Inc.,"3,608","1,67,447",,
XJH,iShares ESG Select Screened S&P Mid-Cap ETF,30/09/21,Household Durables — 1.7%,Toll Brothers Inc.,"2,137","1,18,155",,
XJH,iShares ESG Select Screened S&P Mid-Cap ETF,30/09/21,Household Durables — 1.7%,TopBuild Corp. (a),604,"1,23,705",,
XJH,iShares ESG Select Screened S&P Mid-Cap ETF,30/09/21,Household Durables — 1.7%,TRI Pointe Homes Inc. (a),"2,096","44,058","6,77,443",
XJH,iShares ESG Select Screened S&P Mid-Cap ETF,30/09/21,Household Products — 0.1%,Energizer Holdings Inc.,"1,145","44,712","44,712",
XJH,iShares ESG Select Screened S&P Mid-Cap ETF,30/09/21,Insurance — 3.7%,Alleghany Corp. (a),256,"1,59,849",,
XJH,iShares ESG Select Screened S&P Mid-Cap ETF,30/09/21,Insurance — 3.7%,American Financial Group Inc./OH,"1,218","1,53,261",,
XJH,iShares ESG Select Screened S&P Mid-Cap ETF,30/09/21,Insurance — 3.7%,Brighthouse Financial Inc. (a),"1,532","69,292",,
XJH,iShares ESG Select Screened S&P Mid-Cap ETF,30/09/21,Insurance — 3.7%,CNO Financial Group Inc.,"2,354","55,413",,
XJH,iShares ESG Select Screened S&P Mid-Cap ETF,30/09/21,Insurance — 3.7%,First American Financial Corp.,"2,026","1,35,843",,
XJH,iShares ESG Select Screened S&P Mid-Cap ETF,30/09/21,Insurance — 3.7%,Hanover Insurance Group Inc. (The),658,"85,290",,
XJH,iShares ESG Select Screened S&P Mid-Cap ETF,30/09/21,Insurance — 3.7%,Kemper Corp.,"1,102","73,603",,
XJH,iShares ESG Select Screened S&P Mid-Cap ETF,30/09/21,Insurance — 3.7%,Kinsale Capital Group Inc.,395,"63,871",,
XJH,iShares ESG Select Screened S&P Mid-Cap ETF,30/09/21,Insurance — 3.7%,Mercury General Corp.,504,"28,058",,
XJH,iShares ESG Select Screened S&P Mid-Cap ETF,30/09/21,Insurance — 3.7%,Old Republic International Corp.,"5,238","1,21,155",,
XJH,iShares ESG Select Screened S&P Mid-Cap ETF,30/09/21,Insurance — 3.7%,Primerica Inc.,727,"1,11,689",,
XJH,iShares ESG Select Screened S&P Mid-Cap ETF,30/09/21,Insurance — 3.7%,Reinsurance Group of America Inc.,"1,253","1,39,409",,
XJH,iShares ESG Select Screened S&P Mid-Cap ETF,30/09/21,Insurance — 3.7%,RenaissanceRe Holdings Ltd.,868,"1,20,999",,
XJH,iShares ESG Select Screened S&P Mid-Cap ETF,30/09/21,Insurance — 3.7%,RLI Corp.,733,"73,498",,
XJH,iShares ESG Select Screened S&P Mid-Cap ETF,30/09/21,Insurance — 3.7%,Selective Insurance Group Inc.,"1,107","83,612","14,74,842",
XJH,iShares ESG Select Screened S&P Mid-Cap ETF,30/09/21,Interactive Media & Services — 0.3%,TripAdvisor Inc. (a),"1,813","61,370",,
XJH,iShares ESG Select Screened S&P Mid-Cap ETF,30/09/21,Interactive Media & Services — 0.3%,Yelp Inc. (a),"1,274","47,444","1,08,814",
XJH,iShares ESG Select Screened S&P Mid-Cap ETF,30/09/21,IT Services — 1.9%,Alliance Data Systems Corp.,918,"92,617",,
XJH,iShares ESG Select Screened S&P Mid-Cap ETF,30/09/21,IT Services — 1.9%,Concentrix Corp. (a),787,"1,39,299",,
XJH,iShares ESG Select Screened S&P Mid-Cap ETF,30/09/21,IT Services — 1.9%,Genpact Ltd.,"3,182","1,51,177",,
XJH,iShares ESG Select Screened S&P Mid-Cap ETF,30/09/21,IT Services — 1.9%,LiveRamp Holdings Inc. (a),"1,251","59,085",,
XJH,iShares ESG Select Screened S&P Mid-Cap ETF,30/09/21,IT Services — 1.9%,Maximus Inc.,"1,132","94,182",,
XJH,iShares ESG Select Screened S&P Mid-Cap ETF,30/09/21,IT Services — 1.9%,Sabre Corp. (a),"6,016","71,229",,
XJH,iShares ESG Select Screened S&P Mid-Cap ETF,30/09/21,IT Services — 1.9%,WEX Inc. (a),826,"1,45,492","7,53,081",
XJH,iShares ESG Select Screened S&P Mid-Cap ETF,30/09/21,Leisure Products — 1.5%,Brunswick Corp./DE,"1,428","1,36,046",,
XJH,iShares ESG Select Screened S&P Mid-Cap ETF,30/09/21,Leisure Products — 1.5%,Callaway Golf Co. (a),"2,151","59,432",,
XJH,iShares ESG Select Screened S&P Mid-Cap ETF,30/09/21,Leisure Products — 1.5%,Mattel Inc. (a),"6,429","1,19,322",,
XJH,iShares ESG Select Screened S&P Mid-Cap ETF,30/09/21,Leisure Products — 1.5%,Polaris Inc.,"1,050","1,25,643",,
XJH,iShares ESG Select Screened S&P Mid-Cap ETF,30/09/21,Leisure Products — 1.5%,YETI Holdings Inc. (a),"1,606","1,37,618","5,78,061",
XJH,iShares ESG Select Screened S&P Mid-Cap ETF,30/09/21,Life Sciences Tools & Services — 1.4%,Medpace Holdings Inc. (a),526,"99,561",,
XJH,iShares ESG Select Screened S&P Mid-Cap ETF,30/09/21,Life Sciences Tools & Services — 1.4%,Repligen Corp. (a),939,"2,71,362",,
XJH,iShares ESG Select Screened S&P Mid-Cap ETF,30/09/21,Life Sciences Tools & Services — 1.4%,Syneos Health Inc. (a),"1,900","1,66,212","5,37,135",
XJH,iShares ESG Select Screened S&P Mid-Cap ETF,30/09/21,Machinery — 5.4%,AGCO Corp.,"1,139","1,39,562",,
XJH,iShares ESG Select Screened S&P Mid-Cap ETF,30/09/21,Machinery — 5.4%,Colfax Corp. (a),"2,386","1,09,517",,
XJH,iShares ESG Select Screened S&P Mid-Cap ETF,30/09/21,Machinery — 5.4%,Crane Co.,918,"87,035",,
XJH,iShares ESG Select Screened S&P Mid-Cap ETF,30/09/21,Machinery — 5.4%,Donaldson Co. Inc.,"2,314","1,32,847",,
XJH,iShares ESG Select Screened S&P Mid-Cap ETF,30/09/21,Machinery — 5.4%,Flowserve Corp.,"2,400","83,208",,
XJH,iShares ESG Select Screened S&P Mid-Cap ETF,30/09/21,Machinery — 5.4%,Graco Inc.,"3,117","2,18,096",,
XJH,iShares ESG Select Screened S&P Mid-Cap ETF,30/09/21,Machinery — 5.4%,ITT Inc.,"1,586","1,36,142",,
XJH,iShares ESG Select Screened S&P Mid-Cap ETF,30/09/21,Machinery — 5.4%,Kennametal Inc.,"1,540","52,714",,
XJH,iShares ESG Select Screened S&P Mid-Cap ETF,30/09/21,Machinery — 5.4%,Lincoln Electric Holdings Inc.,"1,094","1,40,896",,
XJH,iShares ESG Select Screened S&P Mid-Cap ETF,30/09/21,Machinery — 5.4%,Middleby Corp. (The) (a),"1,021","1,74,091",,
XJH,iShares ESG Select Screened S&P Mid-Cap ETF,30/09/21,Machinery — 5.4%,Nordson Corp.,993,"2,36,483",,
XJH,iShares ESG Select Screened S&P Mid-Cap ETF,30/09/21,Machinery — 5.4%,Oshkosh Corp.,"1,264","1,29,396",,
XJH,iShares ESG Select Screened S&P Mid-Cap ETF,30/09/21,Machinery — 5.4%,Terex Corp.,"1,286","54,141",,
XJH,iShares ESG Select Screened S&P Mid-Cap ETF,30/09/21,Machinery — 5.4%,Timken Co. (The),"1,278","83,607",,
XJH,iShares ESG Select Screened S&P Mid-Cap ETF,30/09/21,Machinery — 5.4%,Toro Co. (The),"1,966","1,91,508",,
XJH,iShares ESG Select Screened S&P Mid-Cap ETF,30/09/21,Machinery — 5.4%,Trinity Industries Inc.,"1,532","41,624",,
XJH,iShares ESG Select Screened S&P Mid-Cap ETF,30/09/21,Machinery — 5.4%,Woodward Inc.,"1,168","1,32,218","21,43,085",
XJH,iShares ESG Select Screened S&P Mid-Cap ETF,30/09/21,Marine — 0.1%,Kirby Corp. (a),"1,107","53,092","53,092",
XJH,iShares ESG Select Screened S&P Mid-Cap ETF,30/09/21,Media — 1.1%,Cable One Inc.,91,"1,64,995",,
XJH,iShares ESG Select Screened S&P Mid-Cap ETF,30/09/21,Media — 1.1%,"John Wiley & Sons Inc., Class A",816,"42,603",,
XJH,iShares ESG Select Screened S&P Mid-Cap ETF,30/09/21,Media — 1.1%,"New York Times Co. (The), Class A","3,078","1,51,653",,
XJH,iShares ESG Select Screened S&P Mid-Cap ETF,30/09/21,Media — 1.1%,TEGNA Inc.,"4,073","80,320","4,39,571",
XJH,iShares ESG Select Screened S&P Mid-Cap ETF,30/09/21,Metals & Mining — 2.3%,Cleveland-Cliffs Inc. (a),"8,351","1,65,433",,
XJH,iShares ESG Select Screened S&P Mid-Cap ETF,30/09/21,Metals & Mining — 2.3%,Commercial Metals Co.,"2,222","67,682",,
XJH,iShares ESG Select Screened S&P Mid-Cap ETF,30/09/21,Metals & Mining — 2.3%,Compass Minerals International Inc.,639,"41,152",,
XJH,iShares ESG Select Screened S&P Mid-Cap ETF,30/09/21,Metals & Mining — 2.3%,Reliance Steel & Aluminum Co.,"1,169","1,66,489",,
XJH,iShares ESG Select Screened S&P Mid-Cap ETF,30/09/21,Metals & Mining — 2.3%,Royal Gold Inc.,"1,209","1,15,447",,
XJH,iShares ESG Select Screened S&P Mid-Cap ETF,30/09/21,Metals & Mining — 2.3%,Steel Dynamics Inc.,"3,561","2,08,247",,
XJH,iShares ESG Select Screened S&P Mid-Cap ETF,30/09/21,Metals & Mining — 2.3%,United States Steel Corp.,"4,976","1,09,323",,
XJH,iShares ESG Select Screened S&P Mid-Cap ETF,30/09/21,Metals & Mining — 2.3%,Worthington Industries Inc.,610,"32,147","9,05,920",
XJH,iShares ESG Select Screened S&P Mid-Cap ETF,30/09/21,Multi-Utilities — 0.3%,MDU Resources Group Inc.,"3,730","1,10,669","1,10,669",
XJH,iShares ESG Select Screened S&P Mid-Cap ETF,30/09/21,Multiline Retail — 0.7%,Kohl’s Corp.,"2,879","1,35,572",,
XJH,iShares ESG Select Screened S&P Mid-Cap ETF,30/09/21,Multiline Retail — 0.7%,Nordstrom Inc. (a),"2,080","55,016",,
XJH,iShares ESG Select Screened S&P Mid-Cap ETF,30/09/21,Multiline Retail — 0.7%,Ollie’s Bargain Outlet Holdings Inc. (a),"1,119","67,453","2,58,041",
XJH,iShares ESG Select Screened S&P Mid-Cap ETF,30/09/21,"Oil, Gas & Consumable Fuels — 0.9%",Equitrans Midstream Corp.,"7,466","75,705",,
XJH,iShares ESG Select Screened S&P Mid-Cap ETF,30/09/21,"Oil, Gas & Consumable Fuels — 0.9%",HollyFrontier Corp.,"2,745","90,942",,
XJH,iShares ESG Select Screened S&P Mid-Cap ETF,30/09/21,"Oil, Gas & Consumable Fuels — 0.9%",Targa Resources Corp.,"4,199","2,06,633","3,73,280",
XJH,iShares ESG Select Screened S&P Mid-Cap ETF,30/09/21,Paper & Forest Products — 0.3%,Louisiana-Pacific Corp.,"1,755","1,07,704","1,07,704",
XJH,iShares ESG Select Screened S&P Mid-Cap ETF,30/09/21,Personal Products — 0.2%,"Coty Inc., Class A (a)","6,163","48,441",,
XJH,iShares ESG Select Screened S&P Mid-Cap ETF,30/09/21,Personal Products — 0.2%,"Nu Skin Enterprises Inc., Class A",943,"38,163","86,604",
XJH,iShares ESG Select Screened S&P Mid-Cap ETF,30/09/21,Pharmaceuticals — 0.5%,Jazz Pharmaceuticals PLC (a),"1,126","1,46,616",,
XJH,iShares ESG Select Screened S&P Mid-Cap ETF,30/09/21,Pharmaceuticals — 0.5%,Nektar Therapeutics (a),"3,436","61,711","2,08,327",
XJH,iShares ESG Select Screened S&P Mid-Cap ETF,30/09/21,Professional Services — 1.4%,ASGN Inc. (a),971,"1,09,859",,
XJH,iShares ESG Select Screened S&P Mid-Cap ETF,30/09/21,Professional Services — 1.4%,FTI Consulting Inc. (a)(b),632,"85,130",,
XJH,iShares ESG Select Screened S&P Mid-Cap ETF,30/09/21,Professional Services — 1.4%,Insperity Inc.,661,"73,199",,
XJH,iShares ESG Select Screened S&P Mid-Cap ETF,30/09/21,Professional Services — 1.4%,KBR Inc.,"2,586","1,01,889",,
XJH,iShares ESG Select Screened S&P Mid-Cap ETF,30/09/21,Professional Services — 1.4%,ManpowerGroup Inc.,999,"1,08,172",,
XJH,iShares ESG Select Screened S&P Mid-Cap ETF,30/09/21,Professional Services — 1.4%,Science Applications International Corp.,"1,068","91,378","5,69,627",
XJH,iShares ESG Select Screened S&P Mid-Cap ETF,30/09/21,Real Estate Management & Development — 0.6%,Jones Lang LaSalle Inc. (a),931,"2,30,972","2,30,972",
XJH,iShares ESG Select Screened S&P Mid-Cap ETF,30/09/21,Road & Rail — 1.6%,Avis Budget Group Inc. (a),867,"1,01,014",,
XJH,iShares ESG Select Screened S&P Mid-Cap ETF,30/09/21,Road & Rail — 1.6%,Knight-Swift Transportation Holdings Inc.,"3,048","1,55,905",,
XJH,iShares ESG Select Screened S&P Mid-Cap ETF,30/09/21,Road & Rail — 1.6%,Landstar System Inc.,705,"1,11,263",,
XJH,iShares ESG Select Screened S&P Mid-Cap ETF,30/09/21,Road & Rail — 1.6%,Ryder System Inc.,991,"81,966",,
XJH,iShares ESG Select Screened S&P Mid-Cap ETF,30/09/21,Road & Rail — 1.6%,Werner Enterprises Inc.,"1,136","50,291",,
XJH,iShares ESG Select Screened S&P Mid-Cap ETF,30/09/21,Road & Rail — 1.6%,XPO Logistics Inc. (a),"1,810","1,44,040","6,44,479",
XJH,iShares ESG Select Screened S&P Mid-Cap ETF,30/09/21,Semiconductors & Semiconductor Equipment — 3.9%,Amkor Technology Inc.,"1,900","47,405",,
XJH,iShares ESG Select Screened S&P Mid-Cap ETF,30/09/21,Semiconductors & Semiconductor Equipment — 3.9%,Brooks Automation Inc.,"1,369","1,40,117",,
XJH,iShares ESG Select Screened S&P Mid-Cap ETF,30/09/21,Semiconductors & Semiconductor Equipment — 3.9%,Cirrus Logic Inc. (a),"1,071","88,197",,
XJH,iShares ESG Select Screened S&P Mid-Cap ETF,30/09/21,Semiconductors & Semiconductor Equipment — 3.9%,CMC Materials Inc.,538,"66,298",,
XJH,iShares ESG Select Screened S&P Mid-Cap ETF,30/09/21,Semiconductors & Semiconductor Equipment — 3.9%,First Solar Inc. (a),"1,822","1,73,928",,
XJH,iShares ESG Select Screened S&P Mid-Cap ETF,30/09/21,Semiconductors & Semiconductor Equipment — 3.9%,Lattice Semiconductor Corp. (a),"2,505","1,61,948",,
XJH,iShares ESG Select Screened S&P Mid-Cap ETF,30/09/21,Semiconductors & Semiconductor Equipment — 3.9%,MKS Instruments Inc.,"1,021","1,54,079",,
XJH,iShares ESG Select Screened S&P Mid-Cap ETF,30/09/21,Semiconductors & Semiconductor Equipment — 3.9%,Semtech Corp. (a),"1,192","92,940",,
XJH,iShares ESG Select Screened S&P Mid-Cap ETF,30/09/21,Semiconductors & Semiconductor Equipment — 3.9%,Silicon Laboratories Inc. (a),748,"1,04,840",,
XJH,iShares ESG Select Screened S&P Mid-Cap ETF,30/09/21,Semiconductors & Semiconductor Equipment — 3.9%,SolarEdge Technologies Inc. (a),963,"2,55,407",,
XJH,iShares ESG Select Screened S&P Mid-Cap ETF,30/09/21,Semiconductors & Semiconductor Equipment — 3.9%,Synaptics Inc. (a),648,"1,16,465",,
XJH,iShares ESG Select Screened S&P Mid-Cap ETF,30/09/21,Semiconductors & Semiconductor Equipment — 3.9%,Universal Display Corp.,798,"1,36,426","15,38,050",
XJH,iShares ESG Select Screened S&P Mid-Cap ETF,30/09/21,Software — 4.4%,ACI Worldwide Inc. (a),"2,164","66,500",,
XJH,iShares ESG Select Screened S&P Mid-Cap ETF,30/09/21,Software — 4.4%,Aspen Technology Inc. (a),"1,251","1,53,623",,
XJH,iShares ESG Select Screened S&P Mid-Cap ETF,30/09/21,Software — 4.4%,Blackbaud Inc. (a),774,"54,451",,
XJH,iShares ESG Select Screened S&P Mid-Cap ETF,30/09/21,Software — 4.4%,CDK Global Inc.,"2,244","95,482",,
XJH,iShares ESG Select Screened S&P Mid-Cap ETF,30/09/21,Software — 4.4%,Cerence Inc. (a),698,"67,085",,
XJH,iShares ESG Select Screened S&P Mid-Cap ETF,30/09/21,Software — 4.4%,CommVault Systems Inc. (a),856,"64,465",,
XJH,iShares ESG Select Screened S&P Mid-Cap ETF,30/09/21,Software — 4.4%,Envestnet Inc. (a),356,"28,565",,
XJH,iShares ESG Select Screened S&P Mid-Cap ETF,30/09/21,Software — 4.4%,Fair Isaac Corp. (a),523,"2,08,117",,
XJH,iShares ESG Select Screened S&P Mid-Cap ETF,30/09/21,Software — 4.4%,J2 Global Inc. (a),885,"1,20,909",,
XJH,iShares ESG Select Screened S&P Mid-Cap ETF,30/09/21,Software — 4.4%,Manhattan Associates Inc. (a),"1,164","1,78,127",,
XJH,iShares ESG Select Screened S&P Mid-Cap ETF,30/09/21,Software — 4.4%,NCR Corp. (a),"2,421","93,838",,
XJH,iShares ESG Select Screened S&P Mid-Cap ETF,30/09/21,Software — 4.4%,Paylocity Holding Corp. (a),722,"2,02,449",,
XJH,iShares ESG Select Screened S&P Mid-Cap ETF,30/09/21,Software — 4.4%,Qualys Inc. (a),617,"68,666",,
XJH,iShares ESG Select Screened S&P Mid-Cap ETF,30/09/21,Software — 4.4%,SailPoint Technologies Holdings Inc. (a),"1,712","73,411",,
XJH,iShares ESG Select Screened S&P Mid-Cap ETF,30/09/21,Software — 4.4%,Teradata Corp. (a),"2,010","1,15,273",,
XJH,iShares ESG Select Screened S&P Mid-Cap ETF,30/09/21,Software — 4.4%,Wolfspeed Inc.,"2,128","1,71,793","17,62,754",
XJH,iShares ESG Select Screened S&P Mid-Cap ETF,30/09/21,Specialty Retail — 3.6%,American Eagle Outfitters Inc.,"2,812","72,549",,
XJH,iShares ESG Select Screened S&P Mid-Cap ETF,30/09/21,Specialty Retail — 3.6%,AutoNation Inc. (a),805,"98,017",,
XJH,iShares ESG Select Screened S&P Mid-Cap ETF,30/09/21,Specialty Retail — 3.6%,Five Below Inc. (a),"1,032","1,82,468",,
XJH,iShares ESG Select Screened S&P Mid-Cap ETF,30/09/21,Specialty Retail — 3.6%,Foot Locker Inc.,"1,659","75,750",,
XJH,iShares ESG Select Screened S&P Mid-Cap ETF,30/09/21,Specialty Retail — 3.6%,"GameStop Corp., Class A (a)","1,146","2,01,089",,
XJH,iShares ESG Select Screened S&P Mid-Cap ETF,30/09/21,Specialty Retail — 3.6%,Lithia Motors Inc.,557,"1,76,591",,
XJH,iShares ESG Select Screened S&P Mid-Cap ETF,30/09/21,Specialty Retail — 3.6%,Murphy USA Inc.,438,"73,260",,
XJH,iShares ESG Select Screened S&P Mid-Cap ETF,30/09/21,Specialty Retail — 3.6%,RH (a),313,"2,08,743",,
XJH,iShares ESG Select Screened S&P Mid-Cap ETF,30/09/21,Specialty Retail — 3.6%,Urban Outfitters Inc. (a),"1,214","36,044",,
XJH,iShares ESG Select Screened S&P Mid-Cap ETF,30/09/21,Specialty Retail — 3.6%,Victoria’s Secret & Co. (a),"1,379","76,203",,
XJH,iShares ESG Select Screened S&P Mid-Cap ETF,30/09/21,Specialty Retail — 3.6%,Williams-Sonoma Inc.,"1,380","2,44,715","14,45,429",
XJH,iShares ESG Select Screened S&P Mid-Cap ETF,30/09/21,"Technology Hardware, Storage & Peripherals — 0.1%",Xerox Holdings Corp.,"2,532","51,070","51,070",
XJH,iShares ESG Select Screened S&P Mid-Cap ETF,30/09/21,"Textiles, Apparel & Luxury Goods — 1.8%",Capri Holdings Ltd. (a),"2,800","1,35,548",,
XJH,iShares ESG Select Screened S&P Mid-Cap ETF,30/09/21,"Textiles, Apparel & Luxury Goods — 1.8%",Carter’s Inc.,811,"78,862",,
XJH,iShares ESG Select Screened S&P Mid-Cap ETF,30/09/21,"Textiles, Apparel & Luxury Goods — 1.8%",Columbia Sportswear Co.,644,"61,721",,
XJH,iShares ESG Select Screened S&P Mid-Cap ETF,30/09/21,"Textiles, Apparel & Luxury Goods — 1.8%",Crocs Inc. (a),"1,146","1,64,428",,
XJH,iShares ESG Select Screened S&P Mid-Cap ETF,30/09/21,"Textiles, Apparel & Luxury Goods — 1.8%",Deckers Outdoor Corp. (a),508,"1,82,981",,
XJH,iShares ESG Select Screened S&P Mid-Cap ETF,30/09/21,"Textiles, Apparel & Luxury Goods — 1.8%","Skechers U.S.A. Inc., Class A (a)","2,485","1,04,668","7,28,208",
XJH,iShares ESG Select Screened S&P Mid-Cap ETF,30/09/21,Thrifts & Mortgage Finance — 0.9%,Essent Group Ltd.,"2,061","90,705",,
XJH,iShares ESG Select Screened S&P Mid-Cap ETF,30/09/21,Thrifts & Mortgage Finance — 0.9%,MGIC Investment Corp.,"6,251","93,515",,
XJH,iShares ESG Select Screened S&P Mid-Cap ETF,30/09/21,Thrifts & Mortgage Finance — 0.9%,New York Community Bancorp. Inc.,"8,567","1,10,257",,
XJH,iShares ESG Select Screened S&P Mid-Cap ETF,30/09/21,Thrifts & Mortgage Finance — 0.9%,Washington Federal Inc.,"1,277","43,814","3,38,291",
XJH,iShares ESG Select Screened S&P Mid-Cap ETF,30/09/21,Trading Companies & Distributors — 0.9%,GATX Corp.,654,"58,572",,
XJH,iShares ESG Select Screened S&P Mid-Cap ETF,30/09/21,Trading Companies & Distributors — 0.9%,"MSC Industrial Direct Co. Inc., Class A",865,"69,364",,
XJH,iShares ESG Select Screened S&P Mid-Cap ETF,30/09/21,Trading Companies & Distributors — 0.9%,Univar Solutions Inc. (a),"3,149","75,009",,
XJH,iShares ESG Select Screened S&P Mid-Cap ETF,30/09/21,Trading Companies & Distributors — 0.9%,Watsco Inc.,606,"1,60,360","3,63,305",
XJH,iShares ESG Select Screened S&P Mid-Cap ETF,30/09/21,Water Utilities — 0.5%,Essential Utilities Inc.,"4,120","1,89,850","1,89,850",
XJH,iShares ESG Select Screened S&P Mid-Cap ETF,30/09/21,Wireless Telecommunication Services — 0.1%,Telephone and Data Systems Inc.,"1,863","36,328","36,328","3,96,33,984"
XJH,iShares ESG Select Screened S&P Mid-Cap ETF,30/09/21,MONEY MARKET FUNDS — 0.7%,"BlackRock Cash Funds: Institutional, SL Agency Shares, 0.05%(c)(d)(e)","2,36,552","2,36,670",,
XJH,iShares ESG Select Screened S&P Mid-Cap ETF,30/09/21,MONEY MARKET FUNDS — 0.7%,"BlackRock Cash Funds: Treasury, SL Agency Shares, 0.00%(c)(d)","40,000","40,000","2,76,670","2,76,670"
XVV,iShares ESG Screened S&P 500 ETF,30/09/21,Aerospace & Defense — 0.1%,Howmet Aerospace Inc.,"1,712","53,414",,
XVV,iShares ESG Screened S&P 500 ETF,30/09/21,Aerospace & Defense — 0.1%,TransDigm Group Inc. (a),242,"1,51,146","2,04,560",
XVV,iShares ESG Screened S&P 500 ETF,30/09/21,Air Freight & Logistics — 0.7%,CH Robinson Worldwide Inc.,560,"48,720",,
XVV,iShares ESG Screened S&P 500 ETF,30/09/21,Air Freight & Logistics — 0.7%,Expeditors International of Washington Inc.,737,"87,799",,
XVV,iShares ESG Screened S&P 500 ETF,30/09/21,Air Freight & Logistics — 0.7%,FedEx Corp.,"1,078","2,36,394",,
XVV,iShares ESG Screened S&P 500 ETF,30/09/21,Air Freight & Logistics — 0.7%,"United Parcel Service Inc., Class B","3,199","5,82,538","9,55,451",
XVV,iShares ESG Screened S&P 500 ETF,30/09/21,Airlines — 0.3%,Alaska Air Group Inc. (a),544,"31,878",,
XVV,iShares ESG Screened S&P 500 ETF,30/09/21,Airlines — 0.3%,American Airlines Group Inc. (a),"2,831","58,092",,
XVV,iShares ESG Screened S&P 500 ETF,30/09/21,Airlines — 0.3%,Delta Air Lines Inc. (a),"2,832","1,20,672",,
XVV,iShares ESG Screened S&P 500 ETF,30/09/21,Airlines — 0.3%,Southwest Airlines Co. (a),"2,593","1,33,358",,
XVV,iShares ESG Screened S&P 500 ETF,30/09/21,Airlines — 0.3%,United Airlines Holdings Inc. (a),"1,412","67,169","4,11,169",
XVV,iShares ESG Screened S&P 500 ETF,30/09/21,Auto Components — 0.2%,Aptiv PLC (a),"1,175","1,75,040",,
XVV,iShares ESG Screened S&P 500 ETF,30/09/21,Auto Components — 0.2%,BorgWarner Inc.,"1,059","45,759","2,20,799",
XVV,iShares ESG Screened S&P 500 ETF,30/09/21,Automobiles — 2.3%,Ford Motor Co. (a),"17,268","2,44,515",,
XVV,iShares ESG Screened S&P 500 ETF,30/09/21,Automobiles — 2.3%,General Motors Co. (a),"6,396","3,37,133",,
XVV,iShares ESG Screened S&P 500 ETF,30/09/21,Automobiles — 2.3%,Tesla Inc. (a),"3,561","27,61,484","33,43,132",
XVV,iShares ESG Screened S&P 500 ETF,30/09/21,Banks — 4.2%,Bank of America Corp.,"32,500","13,79,625",,
XVV,iShares ESG Screened S&P 500 ETF,30/09/21,Banks — 4.2%,Citigroup Inc.,"8,898","6,24,462",,
XVV,iShares ESG Screened S&P 500 ETF,30/09/21,Banks — 4.2%,Citizens Financial Group Inc.,"1,872","87,946",,
XVV,iShares ESG Screened S&P 500 ETF,30/09/21,Banks — 4.2%,Comerica Inc.,600,"48,300",,
XVV,iShares ESG Screened S&P 500 ETF,30/09/21,Banks — 4.2%,Fifth Third Bancorp.,"3,036","1,28,848",,
XVV,iShares ESG Screened S&P 500 ETF,30/09/21,Banks — 4.2%,First Republic Bank/CA,782,"1,50,832",,
XVV,iShares ESG Screened S&P 500 ETF,30/09/21,Banks — 4.2%,Huntington Bancshares Inc./OH,"6,498","1,00,459",,
XVV,iShares ESG Screened S&P 500 ETF,30/09/21,Banks — 4.2%,JPMorgan Chase & Co.,"13,106","21,45,321",,
XVV,iShares ESG Screened S&P 500 ETF,30/09/21,Banks — 4.2%,KeyCorp,"4,195","90,696",,
XVV,iShares ESG Screened S&P 500 ETF,30/09/21,Banks — 4.2%,M&T Bank Corp.,550,"82,137",,
XVV,iShares ESG Screened S&P 500 ETF,30/09/21,Banks — 4.2%,People’s United Financial Inc.,"1,891","33,036",,
XVV,iShares ESG Screened S&P 500 ETF,30/09/21,Banks — 4.2%,PNC Financial Services Group Inc. (The),"1,870","3,65,847",,
XVV,iShares ESG Screened S&P 500 ETF,30/09/21,Banks — 4.2%,Regions Financial Corp.,"4,172","88,905",,
XVV,iShares ESG Screened S&P 500 ETF,30/09/21,Banks — 4.2%,SVB Financial Group (a),260,"1,68,189",,
XVV,iShares ESG Screened S&P 500 ETF,30/09/21,Banks — 4.2%,Truist Financial Corp.,"5,875","3,44,569",,
XVV,iShares ESG Screened S&P 500 ETF,30/09/21,Banks — 4.2%,U.S. Bancorp.,"5,900","3,50,696",,
XVV,iShares ESG Screened S&P 500 ETF,30/09/21,Banks — 4.2%,Zions Bancorp. NA,706,"43,694","62,33,562",
XVV,iShares ESG Screened S&P 500 ETF,30/09/21,Beverages — 1.5%,"Brown-Forman Corp., Class B, NVS",800,"53,608",,
XVV,iShares ESG Screened S&P 500 ETF,30/09/21,Beverages — 1.5%,Coca-Cola Co. (The),"17,066","8,95,453",,
XVV,iShares ESG Screened S&P 500 ETF,30/09/21,Beverages — 1.5%,"Constellation Brands Inc., Class A",729,"1,53,593",,
XVV,iShares ESG Screened S&P 500 ETF,30/09/21,Beverages — 1.5%,"Molson Coors Beverage Co., Class B",824,"38,217",,
XVV,iShares ESG Screened S&P 500 ETF,30/09/21,Beverages — 1.5%,Monster Beverage Corp. (a),"1,665","1,47,902",,
XVV,iShares ESG Screened S&P 500 ETF,30/09/21,Beverages — 1.5%,PepsiCo Inc.,"6,062","9,11,786","22,00,559",
XVV,iShares ESG Screened S&P 500 ETF,30/09/21,Biotechnology — 2.1%,AbbVie Inc.,"7,753","8,36,316",,
XVV,iShares ESG Screened S&P 500 ETF,30/09/21,Biotechnology — 2.1%,Amgen Inc.,"2,492","5,29,924",,
XVV,iShares ESG Screened S&P 500 ETF,30/09/21,Biotechnology — 2.1%,Biogen Inc. (a),645,"1,82,529",,
XVV,iShares ESG Screened S&P 500 ETF,30/09/21,Biotechnology — 2.1%,Gilead Sciences Inc.,"5,506","3,84,594",,
XVV,iShares ESG Screened S&P 500 ETF,30/09/21,Biotechnology — 2.1%,Incyte Corp. (a),815,"56,056",,
XVV,iShares ESG Screened S&P 500 ETF,30/09/21,Biotechnology — 2.1%,Moderna Inc. (a),"1,532","5,89,605",,
XVV,iShares ESG Screened S&P 500 ETF,30/09/21,Biotechnology — 2.1%,Regeneron Pharmaceuticals Inc. (a),455,"2,75,357",,
XVV,iShares ESG Screened S&P 500 ETF,30/09/21,Biotechnology — 2.1%,Vertex Pharmaceuticals Inc. (a),"1,142","2,07,147","30,61,528",
XVV,iShares ESG Screened S&P 500 ETF,30/09/21,Building Products — 0.5%,A O Smith Corp.,562,"34,321",,
XVV,iShares ESG Screened S&P 500 ETF,30/09/21,Building Products — 0.5%,Allegion PLC,375,"49,567",,
XVV,iShares ESG Screened S&P 500 ETF,30/09/21,Building Products — 0.5%,Carrier Global Corp.,"3,822","1,97,827",,
XVV,iShares ESG Screened S&P 500 ETF,30/09/21,Building Products — 0.5%,Fortune Brands Home & Security Inc.,616,"55,083",,
XVV,iShares ESG Screened S&P 500 ETF,30/09/21,Building Products — 0.5%,Johnson Controls International PLC,"3,123","2,12,614",,
XVV,iShares ESG Screened S&P 500 ETF,30/09/21,Building Products — 0.5%,Masco Corp.,"1,081","60,050",,
XVV,iShares ESG Screened S&P 500 ETF,30/09/21,Building Products — 0.5%,Trane Technologies PLC,"1,053","1,81,800","7,91,262",
XVV,iShares ESG Screened S&P 500 ETF,30/09/21,Capital Markets — 3.3%,Ameriprise Financial Inc.,512,"1,35,230",,
XVV,iShares ESG Screened S&P 500 ETF,30/09/21,Capital Markets — 3.3%,Bank of New York Mellon Corp. (The),"3,487","1,80,766",,
XVV,iShares ESG Screened S&P 500 ETF,30/09/21,Capital Markets — 3.3%,BlackRock Inc. (b),627,"5,25,840",,
XVV,iShares ESG Screened S&P 500 ETF,30/09/21,Capital Markets — 3.3%,Cboe Global Markets Inc.,456,"56,480",,
XVV,iShares ESG Screened S&P 500 ETF,30/09/21,Capital Markets — 3.3%,Charles Schwab Corp. (The),"6,597","4,80,526",,
XVV,iShares ESG Screened S&P 500 ETF,30/09/21,Capital Markets — 3.3%,CME Group Inc.,"1,585","3,06,507",,
XVV,iShares ESG Screened S&P 500 ETF,30/09/21,Capital Markets — 3.3%,Franklin Resources Inc.,"1,242","36,912",,
XVV,iShares ESG Screened S&P 500 ETF,30/09/21,Capital Markets — 3.3%,Goldman Sachs Group Inc. (The),"1,490","5,63,265",,
XVV,iShares ESG Screened S&P 500 ETF,30/09/21,Capital Markets — 3.3%,Intercontinental Exchange Inc.,"2,476","2,84,294",,
XVV,iShares ESG Screened S&P 500 ETF,30/09/21,Capital Markets — 3.3%,Invesco Ltd.,"1,506","36,310",,
XVV,iShares ESG Screened S&P 500 ETF,30/09/21,Capital Markets — 3.3%,MarketAxess Holdings Inc.,172,"72,359",,
XVV,iShares ESG Screened S&P 500 ETF,30/09/21,Capital Markets — 3.3%,Moody’s Corp.,711,"2,52,483",,
XVV,iShares ESG Screened S&P 500 ETF,30/09/21,Capital Markets — 3.3%,Morgan Stanley,"6,408","6,23,563",,
XVV,iShares ESG Screened S&P 500 ETF,30/09/21,Capital Markets — 3.3%,MSCI Inc.,360,"2,19,002",,
XVV,iShares ESG Screened S&P 500 ETF,30/09/21,Capital Markets — 3.3%,Nasdaq Inc.,520,"1,00,370",,
XVV,iShares ESG Screened S&P 500 ETF,30/09/21,Capital Markets — 3.3%,Northern Trust Corp.,907,"97,784",,
XVV,iShares ESG Screened S&P 500 ETF,30/09/21,Capital Markets — 3.3%,Raymond James Financial Inc.,801,"73,916",,
XVV,iShares ESG Screened S&P 500 ETF,30/09/21,Capital Markets — 3.3%,S&P Global Inc.,"1,061","4,50,808",,
XVV,iShares ESG Screened S&P 500 ETF,30/09/21,Capital Markets — 3.3%,State Street Corp.,"1,604","1,35,891",,
XVV,iShares ESG Screened S&P 500 ETF,30/09/21,Capital Markets — 3.3%,T Rowe Price Group Inc.,989,"1,94,536","48,26,842",
XVV,iShares ESG Screened S&P 500 ETF,30/09/21,Chemicals — 1.7%,Air Products & Chemicals Inc.,973,"2,49,195",,
XVV,iShares ESG Screened S&P 500 ETF,30/09/21,Chemicals — 1.7%,Albemarle Corp.,519,"1,13,645",,
XVV,iShares ESG Screened S&P 500 ETF,30/09/21,Chemicals — 1.7%,Celanese Corp.,504,"75,923",,
XVV,iShares ESG Screened S&P 500 ETF,30/09/21,Chemicals — 1.7%,CF Industries Holdings Inc.,951,"53,085",,
XVV,iShares ESG Screened S&P 500 ETF,30/09/21,Chemicals — 1.7%,Corteva Inc.,"3,226","1,35,750",,
XVV,iShares ESG Screened S&P 500 ETF,30/09/21,Chemicals — 1.7%,Dow Inc.,"3,274","1,88,451",,
XVV,iShares ESG Screened S&P 500 ETF,30/09/21,Chemicals — 1.7%,Eastman Chemical Co.,601,"60,545",,
XVV,iShares ESG Screened S&P 500 ETF,30/09/21,Chemicals — 1.7%,Ecolab Inc.,"1,082","2,25,727",,
XVV,iShares ESG Screened S&P 500 ETF,30/09/21,Chemicals — 1.7%,FMC Corp.,549,"50,266",,
XVV,iShares ESG Screened S&P 500 ETF,30/09/21,Chemicals — 1.7%,International Flavors & Fragrances Inc.,"1,083","1,44,819",,
XVV,iShares ESG Screened S&P 500 ETF,30/09/21,Chemicals — 1.7%,Linde PLC,"2,253","6,60,985",,
XVV,iShares ESG Screened S&P 500 ETF,30/09/21,Chemicals — 1.7%,"LyondellBasell Industries NV, Class A","1,161","1,08,960",,
XVV,iShares ESG Screened S&P 500 ETF,30/09/21,Chemicals — 1.7%,Mosaic Co. (The),"1,530","54,652",,
XVV,iShares ESG Screened S&P 500 ETF,30/09/21,Chemicals — 1.7%,PPG Industries Inc.,"1,049","1,50,017",,
XVV,iShares ESG Screened S&P 500 ETF,30/09/21,Chemicals — 1.7%,Sherwin-Williams Co. (The),"1,063","2,97,353","25,69,373",
XVV,iShares ESG Screened S&P 500 ETF,30/09/21,Commercial Services & Supplies — 0.5%,Cintas Corp.,376,"1,43,128",,
XVV,iShares ESG Screened S&P 500 ETF,30/09/21,Commercial Services & Supplies — 0.5%,Copart Inc. (a),951,"1,31,923",,
XVV,iShares ESG Screened S&P 500 ETF,30/09/21,Commercial Services & Supplies — 0.5%,Republic Services Inc.,909,"1,09,134",,
XVV,iShares ESG Screened S&P 500 ETF,30/09/21,Commercial Services & Supplies — 0.5%,Rollins Inc.,988,"34,906",,
XVV,iShares ESG Screened S&P 500 ETF,30/09/21,Commercial Services & Supplies — 0.5%,Waste Management Inc.,"1,694","2,53,016","6,72,107",
XVV,iShares ESG Screened S&P 500 ETF,30/09/21,Communications Equipment — 0.9%,Arista Networks Inc. (a),254,"87,285",,
XVV,iShares ESG Screened S&P 500 ETF,30/09/21,Communications Equipment — 0.9%,Cisco Systems Inc.,"18,504","10,07,173",,
XVV,iShares ESG Screened S&P 500 ETF,30/09/21,Communications Equipment — 0.9%,F5 Networks Inc. (a),263,"52,279",,
XVV,iShares ESG Screened S&P 500 ETF,30/09/21,Communications Equipment — 0.9%,Juniper Networks Inc.,"1,426","39,243",,
XVV,iShares ESG Screened S&P 500 ETF,30/09/21,Communications Equipment — 0.9%,Motorola Solutions Inc.,731,"1,69,826","13,55,806",
XVV,iShares ESG Screened S&P 500 ETF,30/09/21,Construction & Engineering — 0.0%,Quanta Services Inc.,618,"70,341","70,341",
XVV,iShares ESG Screened S&P 500 ETF,30/09/21,Construction Materials — 0.1%,Martin Marietta Materials Inc.,272,"92,937",,
XVV,iShares ESG Screened S&P 500 ETF,30/09/21,Construction Materials — 0.1%,Vulcan Materials Co.,597,"1,00,989","1,93,926",
XVV,iShares ESG Screened S&P 500 ETF,30/09/21,Consumer Finance — 0.7%,American Express Co.,"2,830","4,74,110",,
XVV,iShares ESG Screened S&P 500 ETF,30/09/21,Consumer Finance — 0.7%,Capital One Financial Corp.,"1,962","3,17,785",,
XVV,iShares ESG Screened S&P 500 ETF,30/09/21,Consumer Finance — 0.7%,Discover Financial Services,"1,324","1,62,653",,
XVV,iShares ESG Screened S&P 500 ETF,30/09/21,Consumer Finance — 0.7%,Synchrony Financial,"2,502","1,22,298","10,76,846",
XVV,iShares ESG Screened S&P 500 ETF,30/09/21,Containers & Packaging — 0.4%,Amcor PLC,"6,779","78,569",,
XVV,iShares ESG Screened S&P 500 ETF,30/09/21,Containers & Packaging — 0.4%,Avery Dennison Corp.,362,"75,010",,
XVV,iShares ESG Screened S&P 500 ETF,30/09/21,Containers & Packaging — 0.4%,Ball Corp.,"1,435","1,29,107",,
XVV,iShares ESG Screened S&P 500 ETF,30/09/21,Containers & Packaging — 0.4%,International Paper Co.,"1,711","95,679",,
XVV,iShares ESG Screened S&P 500 ETF,30/09/21,Containers & Packaging — 0.4%,Packaging Corp. of America,430,"59,099",,
XVV,iShares ESG Screened S&P 500 ETF,30/09/21,Containers & Packaging — 0.4%,Sealed Air Corp.,648,"35,504",,
XVV,iShares ESG Screened S&P 500 ETF,30/09/21,Containers & Packaging — 0.4%,Westrock Co.,"1,171","58,351","5,31,319",
XVV,iShares ESG Screened S&P 500 ETF,30/09/21,Distributors — 0.1%,Genuine Parts Co.,624,"75,647",,
XVV,iShares ESG Screened S&P 500 ETF,30/09/21,Distributors — 0.1%,LKQ Corp. (a),"1,179","59,327",,
XVV,iShares ESG Screened S&P 500 ETF,30/09/21,Distributors — 0.1%,Pool Corp.,177,"76,891","2,11,865",
XVV,iShares ESG Screened S&P 500 ETF,30/09/21,Diversified Financial Services — 1.5%,"Berkshire Hathaway Inc., Class B (a)","8,125","22,17,639","22,17,639",
XVV,iShares ESG Screened S&P 500 ETF,30/09/21,Diversified Telecommunication Services — 1.3%,AT&T Inc.,"31,339","8,46,466",,
XVV,iShares ESG Screened S&P 500 ETF,30/09/21,Diversified Telecommunication Services — 1.3%,Lumen Technologies Inc.,"4,339","53,760",,
XVV,iShares ESG Screened S&P 500 ETF,30/09/21,Diversified Telecommunication Services — 1.3%,Verizon Communications Inc.,"18,169","9,81,308","18,81,534",
XVV,iShares ESG Screened S&P 500 ETF,30/09/21,Electric Utilities — 0.9%,Edison International,"1,681","93,245",,
XVV,iShares ESG Screened S&P 500 ETF,30/09/21,Electric Utilities — 0.9%,Entergy Corp.,887,"88,088",,
XVV,iShares ESG Screened S&P 500 ETF,30/09/21,Electric Utilities — 0.9%,Eversource Energy,"1,513","1,23,703",,
XVV,iShares ESG Screened S&P 500 ETF,30/09/21,Electric Utilities — 0.9%,Exelon Corp.,"4,289","2,07,330",,
XVV,iShares ESG Screened S&P 500 ETF,30/09/21,Electric Utilities — 0.9%,FirstEnergy Corp.,"2,399","85,452",,
XVV,iShares ESG Screened S&P 500 ETF,30/09/21,Electric Utilities — 0.9%,NextEra Energy Inc.,"8,619","6,76,764","12,74,582",
XVV,iShares ESG Screened S&P 500 ETF,30/09/21,Electrical Equipment — 0.6%,AMETEK Inc.,999,"1,23,886",,
XVV,iShares ESG Screened S&P 500 ETF,30/09/21,Electrical Equipment — 0.6%,Eaton Corp. PLC,"1,760","2,62,785",,
XVV,iShares ESG Screened S&P 500 ETF,30/09/21,Electrical Equipment — 0.6%,Emerson Electric Co.,"2,644","2,49,065",,
XVV,iShares ESG Screened S&P 500 ETF,30/09/21,Electrical Equipment — 0.6%,Generac Holdings Inc. (a),272,"1,11,158",,
XVV,iShares ESG Screened S&P 500 ETF,30/09/21,Electrical Equipment — 0.6%,Rockwell Automation Inc.,518,"1,52,313","8,99,207",
XVV,iShares ESG Screened S&P 500 ETF,30/09/21,"Electronic Equipment, Instruments & Components — 0.7%","Amphenol Corp., Class A","2,608","1,90,984",,
XVV,iShares ESG Screened S&P 500 ETF,30/09/21,"Electronic Equipment, Instruments & Components — 0.7%",CDW Corp./DE,611,"1,11,214",,
XVV,iShares ESG Screened S&P 500 ETF,30/09/21,"Electronic Equipment, Instruments & Components — 0.7%",Corning Inc.,"3,370","1,22,971",,
XVV,iShares ESG Screened S&P 500 ETF,30/09/21,"Electronic Equipment, Instruments & Components — 0.7%",IPG Photonics Corp. (a),163,"25,819",,
XVV,iShares ESG Screened S&P 500 ETF,30/09/21,"Electronic Equipment, Instruments & Components — 0.7%",Keysight Technologies Inc. (a),806,"1,32,418",,
XVV,iShares ESG Screened S&P 500 ETF,30/09/21,"Electronic Equipment, Instruments & Components — 0.7%",TE Connectivity Ltd.,"1,432","1,96,499",,
XVV,iShares ESG Screened S&P 500 ETF,30/09/21,"Electronic Equipment, Instruments & Components — 0.7%",Teledyne Technologies Inc. (a),196,"84,198",,
XVV,iShares ESG Screened S&P 500 ETF,30/09/21,"Electronic Equipment, Instruments & Components — 0.7%",Trimble Inc. (a),"1,087","89,406",,
XVV,iShares ESG Screened S&P 500 ETF,30/09/21,"Electronic Equipment, Instruments & Components — 0.7%","Zebra Technologies Corp., Class A (a)",245,"1,26,278","10,79,787",
XVV,iShares ESG Screened S&P 500 ETF,30/09/21,Energy Equipment & Services — 0.2%,Baker Hughes Co.,"3,647","90,190",,
XVV,iShares ESG Screened S&P 500 ETF,30/09/21,Energy Equipment & Services — 0.2%,Halliburton Co.,"3,918","84,707",,
XVV,iShares ESG Screened S&P 500 ETF,30/09/21,Energy Equipment & Services — 0.2%,Schlumberger NV,"6,151","1,82,316","3,57,213",
XVV,iShares ESG Screened S&P 500 ETF,30/09/21,Entertainment — 2.1%,Activision Blizzard Inc.,"3,403","2,63,358",,
XVV,iShares ESG Screened S&P 500 ETF,30/09/21,Entertainment — 2.1%,Electronic Arts Inc.,"1,246","1,77,244",,
XVV,iShares ESG Screened S&P 500 ETF,30/09/21,Entertainment — 2.1%,Live Nation Entertainment Inc. (a),594,"54,131",,
XVV,iShares ESG Screened S&P 500 ETF,30/09/21,Entertainment — 2.1%,Netflix Inc. (a),"1,948","11,88,942",,
XVV,iShares ESG Screened S&P 500 ETF,30/09/21,Entertainment — 2.1%,Take-Two Interactive Software Inc. (a),521,"80,271",,
XVV,iShares ESG Screened S&P 500 ETF,30/09/21,Entertainment — 2.1%,Walt Disney Co. (The) (a),"7,988","13,51,330","31,15,276",
XVV,iShares ESG Screened S&P 500 ETF,30/09/21,Equity Real Estate Investment Trusts (REITs) — 2.7%,Alexandria Real Estate Equities Inc.,613,"1,17,126",,
XVV,iShares ESG Screened S&P 500 ETF,30/09/21,Equity Real Estate Investment Trusts (REITs) — 2.7%,American Tower Corp.,"1,985","5,26,839",,
XVV,iShares ESG Screened S&P 500 ETF,30/09/21,Equity Real Estate Investment Trusts (REITs) — 2.7%,AvalonBay Communities Inc.,619,"1,37,195",,
XVV,iShares ESG Screened S&P 500 ETF,30/09/21,Equity Real Estate Investment Trusts (REITs) — 2.7%,Boston Properties Inc.,623,"67,502",,
XVV,iShares ESG Screened S&P 500 ETF,30/09/21,Equity Real Estate Investment Trusts (REITs) — 2.7%,Crown Castle International Corp.,"1,887","3,27,055",,
XVV,iShares ESG Screened S&P 500 ETF,30/09/21,Equity Real Estate Investment Trusts (REITs) — 2.7%,Digital Realty Trust Inc.,"1,243","1,79,551",,
XVV,iShares ESG Screened S&P 500 ETF,30/09/21,Equity Real Estate Investment Trusts (REITs) — 2.7%,Duke Realty Corp.,"1,671","79,991",,
XVV,iShares ESG Screened S&P 500 ETF,30/09/21,Equity Real Estate Investment Trusts (REITs) — 2.7%,Equinix Inc.,382,"3,01,830",,
XVV,iShares ESG Screened S&P 500 ETF,30/09/21,Equity Real Estate Investment Trusts (REITs) — 2.7%,Equity Residential,"1,501","1,21,461",,
XVV,iShares ESG Screened S&P 500 ETF,30/09/21,Equity Real Estate Investment Trusts (REITs) — 2.7%,Essex Property Trust Inc.,277,"88,568",,
XVV,iShares ESG Screened S&P 500 ETF,30/09/21,Equity Real Estate Investment Trusts (REITs) — 2.7%,Extra Space Storage Inc.,599,"1,00,626",,
XVV,iShares ESG Screened S&P 500 ETF,30/09/21,Equity Real Estate Investment Trusts (REITs) — 2.7%,Federal Realty Investment Trust,295,"34,807",,
XVV,iShares ESG Screened S&P 500 ETF,30/09/21,Equity Real Estate Investment Trusts (REITs) — 2.7%,Healthpeak Properties Inc.,"2,388","79,950",,
XVV,iShares ESG Screened S&P 500 ETF,30/09/21,Equity Real Estate Investment Trusts (REITs) — 2.7%,Host Hotels & Resorts Inc. (a),"3,189","52,076",,
XVV,iShares ESG Screened S&P 500 ETF,30/09/21,Equity Real Estate Investment Trusts (REITs) — 2.7%,Iron Mountain Inc.,"1,262","54,834",,
XVV,iShares ESG Screened S&P 500 ETF,30/09/21,Equity Real Estate Investment Trusts (REITs) — 2.7%,Kimco Realty Corp.,"2,658","55,154",,
XVV,iShares ESG Screened S&P 500 ETF,30/09/21,Equity Real Estate Investment Trusts (REITs) — 2.7%,Mid-America Apartment Communities Inc.,519,"96,923",,
XVV,iShares ESG Screened S&P 500 ETF,30/09/21,Equity Real Estate Investment Trusts (REITs) — 2.7%,Prologis Inc.,"3,230","4,05,139",,
XVV,iShares ESG Screened S&P 500 ETF,30/09/21,Equity Real Estate Investment Trusts (REITs) — 2.7%,Public Storage,684,"2,03,217",,
XVV,iShares ESG Screened S&P 500 ETF,30/09/21,Equity Real Estate Investment Trusts (REITs) — 2.7%,Realty Income Corp.,"1,706","1,10,651",,
XVV,iShares ESG Screened S&P 500 ETF,30/09/21,Equity Real Estate Investment Trusts (REITs) — 2.7%,Regency Centers Corp.,686,"46,188",,
XVV,iShares ESG Screened S&P 500 ETF,30/09/21,Equity Real Estate Investment Trusts (REITs) — 2.7%,SBA Communications Corp.,470,"1,55,368",,
XVV,iShares ESG Screened S&P 500 ETF,30/09/21,Equity Real Estate Investment Trusts (REITs) — 2.7%,Simon Property Group Inc.,"1,436","1,86,637",,
XVV,iShares ESG Screened S&P 500 ETF,30/09/21,Equity Real Estate Investment Trusts (REITs) — 2.7%,UDR Inc.,"1,234","65,377",,
XVV,iShares ESG Screened S&P 500 ETF,30/09/21,Equity Real Estate Investment Trusts (REITs) — 2.7%,Ventas Inc.,"1,671","92,256",,
XVV,iShares ESG Screened S&P 500 ETF,30/09/21,Equity Real Estate Investment Trusts (REITs) — 2.7%,Vornado Realty Trust,697,"29,281",,
XVV,iShares ESG Screened S&P 500 ETF,30/09/21,Equity Real Estate Investment Trusts (REITs) — 2.7%,Welltower Inc.,"1,854","1,52,770",,
XVV,iShares ESG Screened S&P 500 ETF,30/09/21,Equity Real Estate Investment Trusts (REITs) — 2.7%,Weyerhaeuser Co.,"3,297","1,17,274","39,85,646",
XVV,iShares ESG Screened S&P 500 ETF,30/09/20,Food & Staples Retailing — 0.9%,Costco Wholesale Corp.,"1,946","8,74,435",,
XVV,iShares ESG Screened S&P 500 ETF,30/09/21,Food & Staples Retailing — 0.9%,Kroger Co. (The),"3,004","1,21,452",,
XVV,iShares ESG Screened S&P 500 ETF,30/09/22,Food & Staples Retailing — 0.9%,Sysco Corp.,"2,240","1,75,840",,
XVV,iShares ESG Screened S&P 500 ETF,30/09/23,Food & Staples Retailing — 0.9%,Walgreens Boots Alliance Inc.,"3,138","1,47,643","13,19,370",
XVV,iShares ESG Screened S&P 500 ETF,30/09/24,Food Products — 0.9%,Archer-Daniels-Midland Co.,"2,476","1,48,585",,
XVV,iShares ESG Screened S&P 500 ETF,30/09/25,Food Products — 0.9%,Campbell Soup Co.,887,"37,085",,
XVV,iShares ESG Screened S&P 500 ETF,30/09/26,Food Products — 0.9%,Conagra Brands Inc.,"2,125","71,974",,
XVV,iShares ESG Screened S&P 500 ETF,30/09/27,Food Products — 0.9%,General Mills Inc.,"2,662","1,59,241",,
XVV,iShares ESG Screened S&P 500 ETF,30/09/28,Food Products — 0.9%,Hershey Co. (The),634,"1,07,304",,
XVV,iShares ESG Screened S&P 500 ETF,30/09/29,Food Products — 0.9%,Hormel Foods Corp.,"1,241","50,881",,
XVV,iShares ESG Screened S&P 500 ETF,30/09/30,Food Products — 0.9%,JM Smucker Co. (The),463,"55,574",,
XVV,iShares ESG Screened S&P 500 ETF,30/09/31,Food Products — 0.9%,Kellogg Co.,"1,136","72,613",,
XVV,iShares ESG Screened S&P 500 ETF,30/09/32,Food Products — 0.9%,Kraft Heinz Co. (The),"2,954","1,08,766",,
XVV,iShares ESG Screened S&P 500 ETF,30/09/33,Food Products — 0.9%,Lamb Weston Holdings Inc.,634,"38,909",,
XVV,iShares ESG Screened S&P 500 ETF,30/09/34,Food Products — 0.9%,"McCormick & Co. Inc./MD, NVS","1,086","87,998",,
XVV,iShares ESG Screened S&P 500 ETF,30/09/35,Food Products — 0.9%,"Mondelez International Inc., Class A","6,132","3,56,760",,
XVV,iShares ESG Screened S&P 500 ETF,30/09/36,Food Products — 0.9%,"Tyson Foods Inc., Class A","1,273","1,00,491","13,96,181",
XVV,iShares ESG Screened S&P 500 ETF,30/09/21,Gas Utilities — 0.0%,Atmos Energy Corp.,553,"48,775","48,775",
XVV,iShares ESG Screened S&P 500 ETF,30/09/21,Health Care Equipment & Supplies — 4.1%,Abbott Laboratories,"7,770","9,17,870",,
XVV,iShares ESG Screened S&P 500 ETF,30/09/21,Health Care Equipment & Supplies — 4.1%,ABIOMED Inc. (a),191,"62,174",,
XVV,iShares ESG Screened S&P 500 ETF,30/09/21,Health Care Equipment & Supplies — 4.1%,Align Technology Inc. (a),334,"2,22,254",,
XVV,iShares ESG Screened S&P 500 ETF,30/09/21,Health Care Equipment & Supplies — 4.1%,Baxter International Inc.,"2,204","1,77,268",,
XVV,iShares ESG Screened S&P 500 ETF,30/09/21,Health Care Equipment & Supplies — 4.1%,Becton Dickinson and Co.,"1,254","3,08,258",,
XVV,iShares ESG Screened S&P 500 ETF,30/09/21,Health Care Equipment & Supplies — 4.1%,Boston Scientific Corp. (a),"6,245","2,70,971",,
XVV,iShares ESG Screened S&P 500 ETF,30/09/21,Health Care Equipment & Supplies — 4.1%,Cooper Companies Inc. (The),204,"84,315",,
XVV,iShares ESG Screened S&P 500 ETF,30/09/21,Health Care Equipment & Supplies — 4.1%,Danaher Corp.,"2,779","8,46,039",,
XVV,iShares ESG Screened S&P 500 ETF,30/09/21,Health Care Equipment & Supplies — 4.1%,DENTSPLY SIRONA Inc.,970,"56,308",,
XVV,iShares ESG Screened S&P 500 ETF,30/09/21,Health Care Equipment & Supplies — 4.1%,Dexcom Inc. (a),432,"2,36,244",,
XVV,iShares ESG Screened S&P 500 ETF,30/09/21,Health Care Equipment & Supplies — 4.1%,Edwards Lifesciences Corp. (a),"2,748","3,11,101",,
XVV,iShares ESG Screened S&P 500 ETF,30/09/21,Health Care Equipment & Supplies — 4.1%,Hologic Inc. (a),"1,127","83,184",,
XVV,iShares ESG Screened S&P 500 ETF,30/09/21,Health Care Equipment & Supplies — 4.1%,IDEXX Laboratories Inc. (a),368,"2,28,859",,
XVV,iShares ESG Screened S&P 500 ETF,30/09/21,Health Care Equipment & Supplies — 4.1%,Intuitive Surgical Inc. (a),526,"5,22,923",,
XVV,iShares ESG Screened S&P 500 ETF,30/09/21,Health Care Equipment & Supplies — 4.1%,Medtronic PLC,"5,891","7,38,437",,
XVV,iShares ESG Screened S&P 500 ETF,30/09/21,Health Care Equipment & Supplies — 4.1%,ResMed Inc.,632,"1,66,564",,
XVV,iShares ESG Screened S&P 500 ETF,30/09/21,Health Care Equipment & Supplies — 4.1%,STERIS PLC,437,"89,270",,
XVV,iShares ESG Screened S&P 500 ETF,30/09/21,Health Care Equipment & Supplies — 4.1%,Stryker Corp.,"1,485","3,91,624",,
XVV,iShares ESG Screened S&P 500 ETF,30/09/21,Health Care Equipment & Supplies — 4.1%,Teleflex Inc.,197,"74,180",,
XVV,iShares ESG Screened S&P 500 ETF,30/09/21,Health Care Equipment & Supplies — 4.1%,West Pharmaceutical Services Inc.,336,"1,42,645",,
XVV,iShares ESG Screened S&P 500 ETF,30/09/21,Health Care Equipment & Supplies — 4.1%,Zimmer Biomet Holdings Inc.,905,"1,32,456","60,62,944",
XVV,iShares ESG Screened S&P 500 ETF,30/09/21,Health Care Providers & Services — 2.8%,AmerisourceBergen Corp.,647,"77,284",,
XVV,iShares ESG Screened S&P 500 ETF,30/09/21,Health Care Providers & Services — 2.8%,Anthem Inc.,"1,069","3,98,523",,
XVV,iShares ESG Screened S&P 500 ETF,30/09/21,Health Care Providers & Services — 2.8%,Cardinal Health Inc.,"1,268","62,715",,
XVV,iShares ESG Screened S&P 500 ETF,30/09/21,Health Care Providers & Services — 2.8%,Centene Corp. (a),"2,574","1,60,386",,
XVV,iShares ESG Screened S&P 500 ETF,30/09/21,Health Care Providers & Services — 2.8%,Cigna Corp.,"1,502","3,00,640",,
XVV,iShares ESG Screened S&P 500 ETF,30/09/21,Health Care Providers & Services — 2.8%,CVS Health Corp.,"5,792","4,91,509",,
XVV,iShares ESG Screened S&P 500 ETF,30/09/21,Health Care Providers & Services — 2.8%,DaVita Inc. (a),286,"33,250",,
XVV,iShares ESG Screened S&P 500 ETF,30/09/21,Health Care Providers & Services — 2.8%,HCA Healthcare Inc.,"1,079","2,61,895",,
XVV,iShares ESG Screened S&P 500 ETF,30/09/21,Health Care Providers & Services — 2.8%,Henry Schein Inc. (a),621,"47,296",,
XVV,iShares ESG Screened S&P 500 ETF,30/09/21,Health Care Providers & Services — 2.8%,Humana Inc.,554,"2,15,589",,
XVV,iShares ESG Screened S&P 500 ETF,30/09/21,Health Care Providers & Services — 2.8%,Laboratory Corp. of America Holdings (a),432,"1,21,582",,
XVV,iShares ESG Screened S&P 500 ETF,30/09/21,Health Care Providers & Services — 2.8%,McKesson Corp.,691,"1,37,772",,
XVV,iShares ESG Screened S&P 500 ETF,30/09/21,Health Care Providers & Services — 2.8%,Quest Diagnostics Inc.,537,"78,032",,
XVV,iShares ESG Screened S&P 500 ETF,30/09/21,Health Care Providers & Services — 2.8%,UnitedHealth Group Inc.,"4,154","16,23,134",,
XVV,iShares ESG Screened S&P 500 ETF,30/09/21,Health Care Providers & Services — 2.8%,"Universal Health Services Inc., Class B",341,"47,184","40,56,791",
XVV,iShares ESG Screened S&P 500 ETF,30/09/21,Health Care Technology — 0.1%,Cerner Corp.,"1,312","92,522","92,522",
XVV,iShares ESG Screened S&P 500 ETF,30/09/21,"Hotels, Restaurants & Leisure — 2.3%",Booking Holdings Inc. (a),179,"4,24,923",,
XVV,iShares ESG Screened S&P 500 ETF,30/09/21,"Hotels, Restaurants & Leisure — 2.3%",Caesars Entertainment Inc. (a),952,"1,06,890",,
XVV,iShares ESG Screened S&P 500 ETF,30/09/21,"Hotels, Restaurants & Leisure — 2.3%",Carnival Corp. (a),"3,537","88,460",,
XVV,iShares ESG Screened S&P 500 ETF,30/09/21,"Hotels, Restaurants & Leisure — 2.3%",Chipotle Mexican Grill Inc. (a),123,"2,23,555",,
XVV,iShares ESG Screened S&P 500 ETF,30/09/21,"Hotels, Restaurants & Leisure — 2.3%",Darden Restaurants Inc.,555,"84,066",,
XVV,iShares ESG Screened S&P 500 ETF,30/09/21,"Hotels, Restaurants & Leisure — 2.3%",Domino’s Pizza Inc.,167,"79,652",,
XVV,iShares ESG Screened S&P 500 ETF,30/09/21,"Hotels, Restaurants & Leisure — 2.3%",Expedia Group Inc. (a),634,"1,03,913",,
XVV,iShares ESG Screened S&P 500 ETF,30/09/21,"Hotels, Restaurants & Leisure — 2.3%",Hilton Worldwide Holdings Inc. (a),"1,228","1,62,231",,
XVV,iShares ESG Screened S&P 500 ETF,30/09/21,"Hotels, Restaurants & Leisure — 2.3%",Las Vegas Sands Corp. (a),"1,513","55,376",,
XVV,iShares ESG Screened S&P 500 ETF,30/09/21,"Hotels, Restaurants & Leisure — 2.3%","Marriott International Inc./MD, Class A (a)","1,218","1,80,374",,
XVV,iShares ESG Screened S&P 500 ETF,30/09/21,"Hotels, Restaurants & Leisure — 2.3%",McDonald’s Corp.,"3,283","7,91,564",,
XVV,iShares ESG Screened S&P 500 ETF,30/09/21,"Hotels, Restaurants & Leisure — 2.3%",MGM Resorts International,"1,763","76,073",,
XVV,iShares ESG Screened S&P 500 ETF,30/09/21,"Hotels, Restaurants & Leisure — 2.3%",Norwegian Cruise Line Holdings Ltd. (a)(c),"1,620","43,270",,
XVV,iShares ESG Screened S&P 500 ETF,30/09/21,"Hotels, Restaurants & Leisure — 2.3%",Penn National Gaming Inc. (a),697,"50,505",,
XVV,iShares ESG Screened S&P 500 ETF,30/09/21,"Hotels, Restaurants & Leisure — 2.3%",Royal Caribbean Cruises Ltd. (a),984,"87,527",,
XVV,iShares ESG Screened S&P 500 ETF,30/09/21,"Hotels, Restaurants & Leisure — 2.3%",Starbucks Corp.,"5,172","5,70,523",,
XVV,iShares ESG Screened S&P 500 ETF,30/09/21,"Hotels, Restaurants & Leisure — 2.3%",Wynn Resorts Ltd. (a),459,"38,900",,
XVV,iShares ESG Screened S&P 500 ETF,30/09/21,"Hotels, Restaurants & Leisure — 2.3%",Yum! Brands Inc.,"1,312","1,60,471","33,28,273",
XVV,iShares ESG Screened S&P 500 ETF,30/09/21,Household Durables — 0.4%,DR Horton Inc.,"1,435","1,20,497",,
XVV,iShares ESG Screened S&P 500 ETF,30/09/21,Household Durables — 0.4%,Garmin Ltd.,683,"1,06,179",,
XVV,iShares ESG Screened S&P 500 ETF,30/09/21,Household Durables — 0.4%,Leggett & Platt Inc.,604,"27,083",,
XVV,iShares ESG Screened S&P 500 ETF,30/09/21,Household Durables — 0.4%,"Lennar Corp., Class A","1,219","1,14,196",,
XVV,iShares ESG Screened S&P 500 ETF,30/09/21,Household Durables — 0.4%,Mohawk Industries Inc. (a),253,"44,882",,
XVV,iShares ESG Screened S&P 500 ETF,30/09/21,Household Durables — 0.4%,Newell Brands Inc.,"1,679","37,173",,
XVV,iShares ESG Screened S&P 500 ETF,30/09/21,Household Durables — 0.4%,NVR Inc. (a),15,"71,911",,
XVV,iShares ESG Screened S&P 500 ETF,30/09/21,Household Durables — 0.4%,PulteGroup Inc.,"1,157","53,130",,
XVV,iShares ESG Screened S&P 500 ETF,30/09/21,Household Durables — 0.4%,Whirlpool Corp.,272,"55,450","6,30,501",
XVV,iShares ESG Screened S&P 500 ETF,30/09/21,Household Products — 1.5%,Church & Dwight Co. Inc.,"1,074","88,680",,
XVV,iShares ESG Screened S&P 500 ETF,30/09/21,Household Products — 1.5%,Clorox Co. (The),537,"88,933",,
XVV,iShares ESG Screened S&P 500 ETF,30/09/21,Household Products — 1.5%,Colgate-Palmolive Co.,"3,714","2,80,704",,
XVV,iShares ESG Screened S&P 500 ETF,30/09/21,Household Products — 1.5%,Kimberly-Clark Corp.,"1,491","1,97,468",,
XVV,iShares ESG Screened S&P 500 ETF,30/09/21,Household Products — 1.5%,Procter & Gamble Co. (The),"10,664","14,90,827","21,46,612",
XVV,iShares ESG Screened S&P 500 ETF,30/09/21,Industrial Conglomerates — 0.5%,General Electric Co.,"4,810","4,95,574",,
XVV,iShares ESG Screened S&P 500 ETF,30/09/21,Industrial Conglomerates — 0.5%,Roper Technologies Inc.,458,"2,04,328","6,99,902",
XVV,iShares ESG Screened S&P 500 ETF,30/09/21,Insurance — 2.1%,Aflac Inc.,"2,730","1,42,315",,
XVV,iShares ESG Screened S&P 500 ETF,30/09/21,Insurance — 2.1%,Allstate Corp. (The),"1,312","1,67,031",,
XVV,iShares ESG Screened S&P 500 ETF,30/09/21,Insurance — 2.1%,American International Group Inc.,"3,760","2,06,386",,
XVV,iShares ESG Screened S&P 500 ETF,30/09/21,Insurance — 2.1%,"Aon PLC, Class A",987,"2,82,055",,
XVV,iShares ESG Screened S&P 500 ETF,30/09/21,Insurance — 2.1%,Arthur J Gallagher & Co.,904,"1,34,379",,
XVV,iShares ESG Screened S&P 500 ETF,30/09/21,Insurance — 2.1%,Assurant Inc.,260,"41,015",,
XVV,iShares ESG Screened S&P 500 ETF,30/09/21,Insurance — 2.1%,Chubb Ltd.,"1,934","3,35,510",,
XVV,iShares ESG Screened S&P 500 ETF,30/09/21,Insurance — 2.1%,Cincinnati Financial Corp.,642,"73,329",,
XVV,iShares ESG Screened S&P 500 ETF,30/09/21,Insurance — 2.1%,Everest Re Group Ltd.,176,"44,137",,
XVV,iShares ESG Screened S&P 500 ETF,30/09/21,Insurance — 2.1%,Globe Life Inc.,423,"37,660",,
XVV,iShares ESG Screened S&P 500 ETF,30/09/21,Insurance — 2.1%,Hartford Financial Services Group Inc. (The),"1,523","1,06,991",,
XVV,iShares ESG Screened S&P 500 ETF,30/09/21,Insurance — 2.1%,Lincoln National Corp.,793,"54,519",,
XVV,iShares ESG Screened S&P 500 ETF,30/09/21,Insurance — 2.1%,Loews Corp.,893,"48,159",,
XVV,iShares ESG Screened S&P 500 ETF,30/09/21,Insurance — 2.1%,Marsh & McLennan Companies Inc.,"2,224","3,36,780",,
XVV,iShares ESG Screened S&P 500 ETF,30/09/21,Insurance — 2.1%,MetLife Inc.,"3,205","1,97,845",,
XVV,iShares ESG Screened S&P 500 ETF,30/09/21,Insurance — 2.1%,Principal Financial Group Inc.,"1,089","70,132",,
XVV,iShares ESG Screened S&P 500 ETF,30/09/21,Insurance — 2.1%,Progressive Corp. (The),"2,579","2,33,116",,
XVV,iShares ESG Screened S&P 500 ETF,30/09/21,Insurance — 2.1%,Prudential Financial Inc.,"1,699","1,78,735",,
XVV,iShares ESG Screened S&P 500 ETF,30/09/21,Insurance — 2.1%,Travelers Companies Inc. (The),"1,088","1,65,387",,
XVV,iShares ESG Screened S&P 500 ETF,30/09/21,Insurance — 2.1%,W R Berkley Corp.,627,"45,884",,
XVV,iShares ESG Screened S&P 500 ETF,30/09/21,Insurance — 2.1%,Willis Towers Watson PLC.,557,"1,29,480","30,30,845",
XVV,iShares ESG Screened S&P 500 ETF,30/09/21,Interactive Media & Services — 7.2%,"Alphabet Inc., Class A (a)","1,326","35,45,088",,
XVV,iShares ESG Screened S&P 500 ETF,30/09/21,Interactive Media & Services — 7.2%,"Alphabet Inc., Class C, NVS (a)","1,240","33,04,984",,
XVV,iShares ESG Screened S&P 500 ETF,30/09/21,Interactive Media & Services — 7.2%,"Facebook Inc., Class A (a)","10,477","35,55,789",,
XVV,iShares ESG Screened S&P 500 ETF,30/09/21,Interactive Media & Services — 7.2%,Twitter Inc. (a),"3,494","2,11,003","1,06,16,864",
XVV,iShares ESG Screened S&P 500 ETF,30/09/21,Internet & Direct Marketing Retail — 4.5%,Amazon.com Inc. (a),"1,913","62,84,281",,
XVV,iShares ESG Screened S&P 500 ETF,30/09/21,Internet & Direct Marketing Retail — 4.5%,eBay Inc.,"2,849","1,98,490",,
XVV,iShares ESG Screened S&P 500 ETF,30/09/21,Internet & Direct Marketing Retail — 4.5%,Etsy Inc. (a),547,"1,13,754","65,96,525",
XVV,iShares ESG Screened S&P 500 ETF,30/09/21,IT Services — 5.3%,"Accenture PLC, Class A","2,776","8,88,098",,
XVV,iShares ESG Screened S&P 500 ETF,30/09/21,IT Services — 5.3%,Akamai Technologies Inc. (a),715,"74,782",,
XVV,iShares ESG Screened S&P 500 ETF,30/09/21,IT Services — 5.3%,Automatic Data Processing Inc.,"1,864","3,72,651",,
XVV,iShares ESG Screened S&P 500 ETF,30/09/21,IT Services — 5.3%,Broadridge Financial Solutions Inc.,515,"85,820",,
XVV,iShares ESG Screened S&P 500 ETF,30/09/21,IT Services — 5.3%,"Cognizant Technology Solutions Corp., Class A","2,305","1,71,054",,
XVV,iShares ESG Screened S&P 500 ETF,30/09/21,IT Services — 5.3%,DXC Technology Co. (a),"1,139","38,282",,
XVV,iShares ESG Screened S&P 500 ETF,30/09/21,IT Services — 5.3%,Fidelity National Information Services Inc.,"2,694","3,27,806",,
XVV,iShares ESG Screened S&P 500 ETF,30/09/21,IT Services — 5.3%,Fiserv Inc. (a),"2,604","2,82,534",,
XVV,iShares ESG Screened S&P 500 ETF,30/09/21,IT Services — 5.3%,FleetCor Technologies Inc. (a),360,"94,057",,
XVV,iShares ESG Screened S&P 500 ETF,30/09/21,IT Services — 5.3%,Gartner Inc. (a),364,"1,10,612",,
XVV,iShares ESG Screened S&P 500 ETF,30/09/21,IT Services — 5.3%,Global Payments Inc.,"1,307","2,05,957",,
XVV,iShares ESG Screened S&P 500 ETF,30/09/21,IT Services — 5.3%,International Business Machines Corp.,"3,928","5,45,717",,
XVV,iShares ESG Screened S&P 500 ETF,30/09/21,IT Services — 5.3%,Jack Henry & Associates Inc.,334,"54,796",,
XVV,iShares ESG Screened S&P 500 ETF,30/09/21,IT Services — 5.3%,"Mastercard Inc., Class A","3,825","13,29,876",,
XVV,iShares ESG Screened S&P 500 ETF,30/09/21,IT Services — 5.3%,Paychex Inc.,"1,408","1,58,330",,
XVV,iShares ESG Screened S&P 500 ETF,30/09/21,IT Services — 5.3%,PayPal Holdings Inc. (a),"5,159","13,42,423",,
XVV,iShares ESG Screened S&P 500 ETF,30/09/21,IT Services — 5.3%,VeriSign Inc. (a),434,"88,974",,
XVV,iShares ESG Screened S&P 500 ETF,30/09/21,IT Services — 5.3%,"Visa Inc., Class A","7,402","16,48,795",,
XVV,iShares ESG Screened S&P 500 ETF,30/09/21,IT Services — 5.3%,Western Union Co. (The),"1,766","35,709","78,56,273",
XVV,iShares ESG Screened S&P 500 ETF,30/09/21,Leisure Products — 0.0%,Hasbro Inc.,555,"49,517","49,517",
XVV,iShares ESG Screened S&P 500 ETF,30/09/21,Life Sciences Tools & Services — 1.5%,Agilent Technologies Inc.,"1,336","2,10,460",,
XVV,iShares ESG Screened S&P 500 ETF,30/09/21,Life Sciences Tools & Services — 1.5%,"Bio-Rad Laboratories Inc., Class A (a)",92,"68,627",,
XVV,iShares ESG Screened S&P 500 ETF,30/09/21,Life Sciences Tools & Services — 1.5%,Charles River Laboratories International Inc. (a),237,"97,803",,
XVV,iShares ESG Screened S&P 500 ETF,30/09/21,Life Sciences Tools & Services — 1.5%,Illumina Inc. (a),638,"2,58,779",,
XVV,iShares ESG Screened S&P 500 ETF,30/09/21,Life Sciences Tools & Services — 1.5%,IQVIA Holdings Inc. (a),830,"1,98,818",,
XVV,iShares ESG Screened S&P 500 ETF,30/09/21,Life Sciences Tools & Services — 1.5%,Mettler-Toledo International Inc. (a),97,"1,33,604",,
XVV,iShares ESG Screened S&P 500 ETF,30/09/21,Life Sciences Tools & Services — 1.5%,PerkinElmer Inc.,507,"87,858",,
XVV,iShares ESG Screened S&P 500 ETF,30/09/21,Life Sciences Tools & Services — 1.5%,Thermo Fisher Scientific Inc.,"1,715","9,79,831",,
XVV,iShares ESG Screened S&P 500 ETF,30/09/21,Life Sciences Tools & Services — 1.5%,Waters Corp. (a),269,"96,114","21,31,894",
XVV,iShares ESG Screened S&P 500 ETF,30/09/21,Machinery — 1.7%,Caterpillar Inc.,"2,402","4,61,112",,
XVV,iShares ESG Screened S&P 500 ETF,30/09/21,Machinery — 1.7%,Cummins Inc.,629,"1,41,248",,
XVV,iShares ESG Screened S&P 500 ETF,30/09/21,Machinery — 1.7%,Deere & Co.,"1,245","4,17,162",,
XVV,iShares ESG Screened S&P 500 ETF,30/09/21,Machinery — 1.7%,Dover Corp.,632,"98,276",,
XVV,iShares ESG Screened S&P 500 ETF,30/09/21,Machinery — 1.7%,Fortive Corp.,"1,585","1,11,853",,
XVV,iShares ESG Screened S&P 500 ETF,30/09/21,Machinery — 1.7%,IDEX Corp.,340,"70,363",,
XVV,iShares ESG Screened S&P 500 ETF,30/09/21,Machinery — 1.7%,Illinois Tool Works Inc.,"1,256","2,59,527",,
XVV,iShares ESG Screened S&P 500 ETF,30/09/21,Machinery — 1.7%,Ingersoll Rand Inc. (a),"1,782","89,831",,
XVV,iShares ESG Screened S&P 500 ETF,30/09/21,Machinery — 1.7%,Otis Worldwide Corp.,"1,875","1,54,275",,
XVV,iShares ESG Screened S&P 500 ETF,30/09/21,Machinery — 1.7%,PACCAR Inc.,"1,521","1,20,037",,
XVV,iShares ESG Screened S&P 500 ETF,30/09/21,Machinery — 1.7%,Parker-Hannifin Corp.,557,"1,55,748",,
XVV,iShares ESG Screened S&P 500 ETF,30/09/21,Machinery — 1.7%,Pentair PLC.,727,"52,802",,
XVV,iShares ESG Screened S&P 500 ETF,30/09/21,Machinery — 1.7%,Snap-on Inc.,246,"51,402",,
XVV,iShares ESG Screened S&P 500 ETF,30/09/21,Machinery — 1.7%,Stanley Black & Decker Inc.,712,"1,24,821",,
XVV,iShares ESG Screened S&P 500 ETF,30/09/21,Machinery — 1.7%,Westinghouse Air Brake Technologies Corp.,822,"70,865",,
XVV,iShares ESG Screened S&P 500 ETF,30/09/21,Machinery — 1.7%,Xylem Inc./NY,797,"98,573","24,77,895",
XVV,iShares ESG Screened S&P 500 ETF,30/09/21,Media — 1.4%,"Charter Communications Inc., Class A (a)",550,"4,00,158",,
XVV,iShares ESG Screened S&P 500 ETF,30/09/21,Media — 1.4%,"Comcast Corp., Class A","20,109","11,24,696",,
XVV,iShares ESG Screened S&P 500 ETF,30/09/21,Media — 1.4%,"Discovery Inc., Class A (a)(c)",720,"18,274",,
XVV,iShares ESG Screened S&P 500 ETF,30/09/21,Media — 1.4%,"Discovery Inc., Class C, NVS (a)","1,343","32,595",,
XVV,iShares ESG Screened S&P 500 ETF,30/09/21,Media — 1.4%,"DISH Network Corp., Class A (a)","1,087","47,241",,
XVV,iShares ESG Screened S&P 500 ETF,30/09/21,Media — 1.4%,"Fox Corp., Class A, NVS","1,420","56,956",,
XVV,iShares ESG Screened S&P 500 ETF,30/09/21,Media — 1.4%,"Fox Corp., Class B",646,"23,979",,
XVV,iShares ESG Screened S&P 500 ETF,30/09/21,Media — 1.4%,Interpublic Group of Companies Inc. (The),"1,713","62,816",,
XVV,iShares ESG Screened S&P 500 ETF,30/09/21,Media — 1.4%,"News Corp., Class A, NVS","1,711","40,260",,
XVV,iShares ESG Screened S&P 500 ETF,30/09/21,Media — 1.4%,"News Corp., Class B",546,"12,684",,
XVV,iShares ESG Screened S&P 500 ETF,30/09/21,Media — 1.4%,Omnicom Group Inc.,949,"68,764",,
XVV,iShares ESG Screened S&P 500 ETF,30/09/21,Media — 1.4%,"ViacomCBS Inc., Class B, NVS","2,669","1,05,452","19,93,875",
XVV,iShares ESG Screened S&P 500 ETF,30/09/21,Metals & Mining — 0.4%,Freeport-McMoRan Inc.,"6,475","2,10,632",,
XVV,iShares ESG Screened S&P 500 ETF,30/09/21,Metals & Mining — 0.4%,Newmont Corp.,"3,497","1,89,887",,
XVV,iShares ESG Screened S&P 500 ETF,30/09/21,Metals & Mining — 0.4%,Nucor Corp.,"1,306","1,28,628","5,29,147",
XVV,iShares ESG Screened S&P 500 ETF,30/09/21,Multi-Utilities — 0.3%,CenterPoint Energy Inc.,"2,565","63,099",,
XVV,iShares ESG Screened S&P 500 ETF,30/09/21,Multi-Utilities — 0.3%,Consolidated Edison Inc.,"1,542","1,11,934",,
XVV,iShares ESG Screened S&P 500 ETF,30/09/21,Multi-Utilities — 0.3%,Public Service Enterprise Group Inc.,"2,225","1,35,503",,
XVV,iShares ESG Screened S&P 500 ETF,30/09/21,Multi-Utilities — 0.3%,Sempra Energy,"1,405","1,77,732","4,88,268",
XVV,iShares ESG Screened S&P 500 ETF,30/09/21,Multiline Retail — 0.6%,Dollar General Corp.,"1,049","2,22,535",,
XVV,iShares ESG Screened S&P 500 ETF,30/09/21,Multiline Retail — 0.6%,Dollar Tree Inc. (a),"1,001","95,816",,
XVV,iShares ESG Screened S&P 500 ETF,30/09/21,Multiline Retail — 0.6%,Target Corp.,"2,159","4,93,914","8,12,265",
XVV,iShares ESG Screened S&P 500 ETF,30/09/21,"Oil, Gas & Consumable Fuels — 0.6%",Kinder Morgan Inc.,"8,563","1,43,259",,
XVV,iShares ESG Screened S&P 500 ETF,30/09/21,"Oil, Gas & Consumable Fuels — 0.6%",Marathon Petroleum Corp.,"2,826","1,74,675",,
XVV,iShares ESG Screened S&P 500 ETF,30/09/21,"Oil, Gas & Consumable Fuels — 0.6%",ONEOK Inc.,"1,960","1,13,661",,
XVV,iShares ESG Screened S&P 500 ETF,30/09/21,"Oil, Gas & Consumable Fuels — 0.6%",Phillips 66,"1,898","1,32,917",,
XVV,iShares ESG Screened S&P 500 ETF,30/09/21,"Oil, Gas & Consumable Fuels — 0.6%",Valero Energy Corp.,"1,791","1,26,391",,
XVV,iShares ESG Screened S&P 500 ETF,30/09/21,"Oil, Gas & Consumable Fuels — 0.6%",Williams Companies Inc. (The),"5,346","1,38,675","8,29,578",
XVV,iShares ESG Screened S&P 500 ETF,30/09/21,Personal Products — 0.2%,"Estee Lauder Companies Inc. (The), Class A","1,007","3,02,030","3,02,030",
XVV,iShares ESG Screened S&P 500 ETF,30/09/21,Pharmaceuticals — 2.6%,Bristol-Myers Squibb Co.,"9,766","5,77,854",,
XVV,iShares ESG Screened S&P 500 ETF,30/09/21,Pharmaceuticals — 2.6%,Catalent Inc. (a),732,"97,407",,
XVV,iShares ESG Screened S&P 500 ETF,30/09/21,Pharmaceuticals — 2.6%,Eli Lilly & Co.,"3,481","8,04,285",,
XVV,iShares ESG Screened S&P 500 ETF,30/09/21,Pharmaceuticals — 2.6%,Merck & Co. Inc.,"11,117","8,34,998",,
XVV,iShares ESG Screened S&P 500 ETF,30/09/21,Pharmaceuticals — 2.6%,Organon & Co.,"1,088","35,676",,
XVV,iShares ESG Screened S&P 500 ETF,30/09/21,Pharmaceuticals — 2.6%,Pfizer Inc.,"24,626","10,59,164",,
XVV,iShares ESG Screened S&P 500 ETF,30/09/21,Pharmaceuticals — 2.6%,Viatris Inc.,"5,332","72,249",,
XVV,iShares ESG Screened S&P 500 ETF,30/09/21,Pharmaceuticals — 2.6%,Zoetis Inc.,"2,067","4,01,287","38,82,920",
XVV,iShares ESG Screened S&P 500 ETF,30/09/21,Professional Services — 0.4%,Equifax Inc.,535,"1,35,580",,
XVV,iShares ESG Screened S&P 500 ETF,30/09/21,Professional Services — 0.4%,IHS Markit Ltd.,"1,763","2,05,601",,
XVV,iShares ESG Screened S&P 500 ETF,30/09/21,Professional Services — 0.4%,Leidos Holdings Inc.,623,"59,889",,
XVV,iShares ESG Screened S&P 500 ETF,30/09/21,Professional Services — 0.4%,Nielsen Holdings PLC,"1,611","30,915",,
XVV,iShares ESG Screened S&P 500 ETF,30/09/21,Professional Services — 0.4%,Robert Half International Inc.,506,"50,767",,
XVV,iShares ESG Screened S&P 500 ETF,30/09/21,Professional Services — 0.4%,Verisk Analytics Inc.,708,"1,41,791","6,24,543",
XVV,iShares ESG Screened S&P 500 ETF,30/09/21,Real Estate Management & Development — 0.1%,"CBRE Group Inc., Class A (a)","1,484","1,44,482","1,44,482",
XVV,iShares ESG Screened S&P 500 ETF,30/09/21,Road & Rail — 1.0%,CSX Corp.,"9,875","2,93,682",,
XVV,iShares ESG Screened S&P 500 ETF,30/09/21,Road & Rail — 1.0%,JB Hunt Transport Services Inc.,362,"60,534",,
XVV,iShares ESG Screened S&P 500 ETF,30/09/21,Road & Rail — 1.0%,Kansas City Southern,415,"1,12,316",,
XVV,iShares ESG Screened S&P 500 ETF,30/09/21,Road & Rail — 1.0%,Norfolk Southern Corp.,"1,076","2,57,433",,
XVV,iShares ESG Screened S&P 500 ETF,30/09/21,Road & Rail — 1.0%,Old Dominion Freight Line Inc.,423,"1,20,969",,
XVV,iShares ESG Screened S&P 500 ETF,30/09/21,Road & Rail — 1.0%,Union Pacific Corp.,"2,857","5,60,001","14,04,935",
XVV,iShares ESG Screened S&P 500 ETF,30/09/21,Semiconductors & Semiconductor Equipment — 6.1%,Advanced Micro Devices Inc. (a),"5,330","5,48,457",,
XVV,iShares ESG Screened S&P 500 ETF,30/09/21,Semiconductors & Semiconductor Equipment — 6.1%,Analog Devices Inc.,"2,378","3,98,267",,
XVV,iShares ESG Screened S&P 500 ETF,30/09/21,Semiconductors & Semiconductor Equipment — 6.1%,Applied Materials Inc.,"4,008","5,15,950",,
XVV,iShares ESG Screened S&P 500 ETF,30/09/21,Semiconductors & Semiconductor Equipment — 6.1%,Broadcom Inc.,"1,794","8,69,964",,
XVV,iShares ESG Screened S&P 500 ETF,30/09/21,Semiconductors & Semiconductor Equipment — 6.1%,Enphase Energy Inc. (a),602,"90,282",,
XVV,iShares ESG Screened S&P 500 ETF,30/09/21,Semiconductors & Semiconductor Equipment — 6.1%,Intel Corp.,"17,807","9,48,757",,
XVV,iShares ESG Screened S&P 500 ETF,30/09/21,Semiconductors & Semiconductor Equipment — 6.1%,KLA Corp.,685,"2,29,139",,
XVV,iShares ESG Screened S&P 500 ETF,30/09/21,Semiconductors & Semiconductor Equipment — 6.1%,Lam Research Corp.,624,"3,55,150",,
XVV,iShares ESG Screened S&P 500 ETF,30/09/21,Semiconductors & Semiconductor Equipment — 6.1%,Microchip Technology Inc.,"1,218","1,86,951",,
XVV,iShares ESG Screened S&P 500 ETF,30/09/21,Semiconductors & Semiconductor Equipment — 6.1%,Micron Technology Inc.,"4,922","3,49,363",,
XVV,iShares ESG Screened S&P 500 ETF,30/09/21,Semiconductors & Semiconductor Equipment — 6.1%,Monolithic Power Systems Inc.,187,"90,635",,
XVV,iShares ESG Screened S&P 500 ETF,30/09/21,Semiconductors & Semiconductor Equipment — 6.1%,NVIDIA Corp.,"10,942","22,66,745",,
XVV,iShares ESG Screened S&P 500 ETF,30/09/21,Semiconductors & Semiconductor Equipment — 6.1%,NXP Semiconductors NV,"1,164","2,27,993",,
XVV,iShares ESG Screened S&P 500 ETF,30/09/21,Semiconductors & Semiconductor Equipment — 6.1%,Qorvo Inc. (a),504,"84,264",,
XVV,iShares ESG Screened S&P 500 ETF,30/09/21,Semiconductors & Semiconductor Equipment — 6.1%,QUALCOMM Inc.,"4,968","6,40,773",,
XVV,iShares ESG Screened S&P 500 ETF,30/09/21,Semiconductors & Semiconductor Equipment — 6.1%,Skyworks Solutions Inc.,723,"1,19,136",,
XVV,iShares ESG Screened S&P 500 ETF,30/09/21,Semiconductors & Semiconductor Equipment — 6.1%,Teradyne Inc.,725,"79,148",,
XVV,iShares ESG Screened S&P 500 ETF,30/09/21,Semiconductors & Semiconductor Equipment — 6.1%,Texas Instruments Inc.,"4,066","7,81,526",,
XVV,iShares ESG Screened S&P 500 ETF,30/09/21,Semiconductors & Semiconductor Equipment — 6.1%,Xilinx Inc.,"1,076","1,62,465","89,44,965",
XVV,iShares ESG Screened S&P 500 ETF,30/09/21,Software — 10.1%,Adobe Inc. (a),"2,106","12,12,466",,
XVV,iShares ESG Screened S&P 500 ETF,30/09/21,Software — 10.1%,ANSYS Inc. (a),373,"1,26,988",,
XVV,iShares ESG Screened S&P 500 ETF,30/09/21,Software — 10.1%,Autodesk Inc. (a),970,"2,76,615",,
XVV,iShares ESG Screened S&P 500 ETF,30/09/21,Software — 10.1%,Cadence Design Systems Inc. (a),"1,227","1,85,817",,
XVV,iShares ESG Screened S&P 500 ETF,30/09/21,Software — 10.1%,Citrix Systems Inc.,541,"58,087",,
XVV,iShares ESG Screened S&P 500 ETF,30/09/21,Software — 10.1%,Fortinet Inc. (a),605,"1,76,684",,
XVV,iShares ESG Screened S&P 500 ETF,30/09/21,Software — 10.1%,Intuit Inc.,"1,186","6,39,859",,
XVV,iShares ESG Screened S&P 500 ETF,30/09/21,Software — 10.1%,Microsoft Corp.,"32,999","93,03,078",,
XVV,iShares ESG Screened S&P 500 ETF,30/09/21,Software — 10.1%,NortonLifeLock Inc.,"2,567","64,945",,
XVV,iShares ESG Screened S&P 500 ETF,30/09/21,Software — 10.1%,Oracle Corp.,"7,224","6,29,427",,
XVV,iShares ESG Screened S&P 500 ETF,30/09/21,Software — 10.1%,Paycom Software Inc. (a),201,"99,646",,
XVV,iShares ESG Screened S&P 500 ETF,30/09/21,Software — 10.1%,PTC Inc. (a),453,"54,265",,
XVV,iShares ESG Screened S&P 500 ETF,30/09/21,Software — 10.1%,salesforce.com Inc. (a),"4,267","11,57,296",,
XVV,iShares ESG Screened S&P 500 ETF,30/09/21,Software — 10.1%,ServiceNow Inc. (a),876,"5,45,108",,
XVV,iShares ESG Screened S&P 500 ETF,30/09/21,Software — 10.1%,Synopsys Inc. (a),685,"2,05,096",,
XVV,iShares ESG Screened S&P 500 ETF,30/09/21,Software — 10.1%,Tyler Technologies Inc. (a),178,"81,640","1,48,17,017",
XVV,iShares ESG Screened S&P 500 ETF,30/09/21,Specialty Retail — 2.4%,Advance Auto Parts Inc.,283,"59,116",,
XVV,iShares ESG Screened S&P 500 ETF,30/09/21,Specialty Retail — 2.4%,AutoZone Inc. (a),93,"1,57,913",,
XVV,iShares ESG Screened S&P 500 ETF,30/09/21,Specialty Retail — 2.4%,Bath & Body Works Inc.,"1,164","73,367",,
XVV,iShares ESG Screened S&P 500 ETF,30/09/21,Specialty Retail — 2.4%,Best Buy Co. Inc.,981,"1,03,702",,
XVV,iShares ESG Screened S&P 500 ETF,30/09/21,Specialty Retail — 2.4%,CarMax Inc. (a),714,"91,363",,
XVV,iShares ESG Screened S&P 500 ETF,30/09/21,Specialty Retail — 2.4%,Gap Inc. (The),912,"20,702",,
XVV,iShares ESG Screened S&P 500 ETF,30/09/21,Specialty Retail — 2.4%,Home Depot Inc. (The),"4,655","15,28,050",,
XVV,iShares ESG Screened S&P 500 ETF,30/09/21,Specialty Retail — 2.4%,Lowe’s Companies Inc.,"3,107","6,30,286",,
XVV,iShares ESG Screened S&P 500 ETF,30/09/21,Specialty Retail — 2.4%,O’Reilly Automotive Inc. (a),292,"1,78,430",,
XVV,iShares ESG Screened S&P 500 ETF,30/09/21,Specialty Retail — 2.4%,Ross Stores Inc.,"1,577","1,71,656",,
XVV,iShares ESG Screened S&P 500 ETF,30/09/21,Specialty Retail — 2.4%,TJX Companies Inc. (The),"5,311","3,50,420",,
XVV,iShares ESG Screened S&P 500 ETF,30/09/21,Specialty Retail — 2.4%,Tractor Supply Co.,513,"1,03,939",,
XVV,iShares ESG Screened S&P 500 ETF,30/09/21,Specialty Retail — 2.4%,Ulta Beauty Inc. (a),249,"89,869","35,58,813",
XVV,iShares ESG Screened S&P 500 ETF,30/09/21,"Technology Hardware, Storage & Peripherals — 7.0%",Apple Inc.,"68,950","97,56,425",,
XVV,iShares ESG Screened S&P 500 ETF,30/09/21,"Technology Hardware, Storage & Peripherals — 7.0%",Hewlett Packard Enterprise Co.,"5,712","81,396",,
XVV,iShares ESG Screened S&P 500 ETF,30/09/21,"Technology Hardware, Storage & Peripherals — 7.0%",HP Inc.,"5,272","1,44,242",,
XVV,iShares ESG Screened S&P 500 ETF,30/09/21,"Technology Hardware, Storage & Peripherals — 7.0%",NetApp Inc.,980,"87,965",,
XVV,iShares ESG Screened S&P 500 ETF,30/09/21,"Technology Hardware, Storage & Peripherals — 7.0%",Seagate Technology Holdings PLC,911,"75,176",,
XVV,iShares ESG Screened S&P 500 ETF,30/09/21,"Technology Hardware, Storage & Peripherals — 7.0%",Western Digital Corp. (a),"1,342","75,742","1,02,20,946",
XVV,iShares ESG Screened S&P 500 ETF,30/09/21,"Textiles, Apparel & Luxury Goods — 0.7%",Hanesbrands Inc.,"1,532","26,289",,
XVV,iShares ESG Screened S&P 500 ETF,30/09/21,"Textiles, Apparel & Luxury Goods — 0.7%","Nike Inc., Class B","5,609","8,14,595",,
XVV,iShares ESG Screened S&P 500 ETF,30/09/21,"Textiles, Apparel & Luxury Goods — 0.7%",PVH Corp. (a),328,"33,715",,
XVV,iShares ESG Screened S&P 500 ETF,30/09/21,"Textiles, Apparel & Luxury Goods — 0.7%",Ralph Lauren Corp.,198,"21,986",,
XVV,iShares ESG Screened S&P 500 ETF,30/09/21,"Textiles, Apparel & Luxury Goods — 0.7%",Tapestry Inc.,"1,232","45,609",,
XVV,iShares ESG Screened S&P 500 ETF,30/09/21,"Textiles, Apparel & Luxury Goods — 0.7%","Under Armour Inc., Class A (a)",808,"16,306",,
XVV,iShares ESG Screened S&P 500 ETF,30/09/21,"Textiles, Apparel & Luxury Goods — 0.7%","Under Armour Inc., Class C, NVS (a)",895,"15,680",,
XVV,iShares ESG Screened S&P 500 ETF,30/09/21,"Textiles, Apparel & Luxury Goods — 0.7%",VF Corp.,"1,420","95,126","10,69,306",
XVV,iShares ESG Screened S&P 500 ETF,30/09/21,Trading Companies & Distributors — 0.2%,Fastenal Co.,"2,512","1,29,644",,
XVV,iShares ESG Screened S&P 500 ETF,30/09/21,Trading Companies & Distributors — 0.2%,United Rentals Inc. (a),331,"1,16,158",,
XVV,iShares ESG Screened S&P 500 ETF,30/09/21,Trading Companies & Distributors — 0.2%,WW Grainger Inc.,186,"73,109","3,18,911",
XVV,iShares ESG Screened S&P 500 ETF,30/09/21,Water Utilities — 0.1%,American Water Works Co. Inc.,800,"1,35,232","1,35,232",
XVV,iShares ESG Screened S&P 500 ETF,30/09/21,Wireless Telecommunication Services — 0.2%,T-Mobile U.S. Inc.(a),"2,573","3,28,727","3,28,727","14,66,88,975"
XVV,iShares ESG Screened S&P 500 ETF,30/09/21,MONEY MARKET FUNDS — 0.1%,"BlackRock Cash Funds: Treasury, SL Agency Shares, 0.00%(b)(d)","1,20,000","1,54,003","1,54,003","1,54,003"
