etf_ticker,etf_name,date,sector,security,shares,value,total_value,total_overall_value
CRBN,iShares MSCI ACWI Low Carbon Target ETF,31/07/17,AUSTRALIA — 2.32%,Amcor Ltd./Australia,"14,615","1,78,985",,
CRBN,iShares MSCI ACWI Low Carbon Target ETF,31/07/17,AUSTRALIA — 2.32%,AMP Ltd.,"34,523","1,48,556",,
CRBN,iShares MSCI ACWI Low Carbon Target ETF,31/07/17,AUSTRALIA — 2.32%,APA Group,"69,836","4,80,596",,
CRBN,iShares MSCI ACWI Low Carbon Target ETF,31/07/17,AUSTRALIA — 2.32%,Aristocrat Leisure Ltd.,"7,900","1,27,716",,
CRBN,iShares MSCI ACWI Low Carbon Target ETF,31/07/17,AUSTRALIA — 2.32%,Aurizon Holdings Ltd.,"15,326","61,422",,
CRBN,iShares MSCI ACWI Low Carbon Target ETF,31/07/17,AUSTRALIA — 2.32%,Australia & New Zealand Banking Group Ltd.,"29,862","7,06,389",,
CRBN,iShares MSCI ACWI Low Carbon Target ETF,31/07/17,AUSTRALIA — 2.32%,Brambles Ltd.,"23,779","1,75,412",,
CRBN,iShares MSCI ACWI Low Carbon Target ETF,31/07/17,AUSTRALIA — 2.32%,Caltex Australia Ltd.,"22,120","5,49,917",,
CRBN,iShares MSCI ACWI Low Carbon Target ETF,31/07/17,AUSTRALIA — 2.32%,Commonwealth Bank Australia,"17,550","11,73,145",,
CRBN,iShares MSCI ACWI Low Carbon Target ETF,31/07/17,AUSTRALIA — 2.32%,Crown Resorts Ltd.,"4,345","44,124",,
CRBN,iShares MSCI ACWI Low Carbon Target ETF,31/07/17,AUSTRALIA — 2.32%,CSL Ltd.,"4,187","4,21,179",,
CRBN,iShares MSCI ACWI Low Carbon Target ETF,31/07/17,AUSTRALIA — 2.32%,Dexus,"19,908","1,49,082",,
CRBN,iShares MSCI ACWI Low Carbon Target ETF,31/07/17,AUSTRALIA — 2.32%,Domino’s Pizza Enterprises Ltd.,948,"40,347",,
CRBN,iShares MSCI ACWI Low Carbon Target ETF,31/07/17,AUSTRALIA — 2.32%,Fortescue Metals Group Ltd.,"67,545","3,09,527",,
CRBN,iShares MSCI ACWI Low Carbon Target ETF,31/07/17,AUSTRALIA — 2.32%,Goodman Group,"43,845","2,78,629",,
CRBN,iShares MSCI ACWI Low Carbon Target ETF,31/07/17,AUSTRALIA — 2.32%,GPT Group (The),"42,107","1,61,021",,
CRBN,iShares MSCI ACWI Low Carbon Target ETF,31/07/17,AUSTRALIA — 2.32%,Insurance Australia Group Ltd.,"19,513","1,03,907",,
CRBN,iShares MSCI ACWI Low Carbon Target ETF,31/07/17,AUSTRALIA — 2.32%,LendLease Group,"9,559","1,28,590",,
CRBN,iShares MSCI ACWI Low Carbon Target ETF,31/07/17,AUSTRALIA — 2.32%,Macquarie Group Ltd.,"3,713","2,54,424",,
CRBN,iShares MSCI ACWI Low Carbon Target ETF,31/07/17,AUSTRALIA — 2.32%,Medibank Pvt Ltd.,"27,492","59,699",,
CRBN,iShares MSCI ACWI Low Carbon Target ETF,31/07/17,AUSTRALIA — 2.32%,Mirvac Group,"88,006","1,52,463",,
CRBN,iShares MSCI ACWI Low Carbon Target ETF,31/07/17,AUSTRALIA — 2.32%,National Australia Bank Ltd.,"27,810","6,64,954",,
CRBN,iShares MSCI ACWI Low Carbon Target ETF,31/07/17,AUSTRALIA — 2.32%,Newcrest Mining Ltd.,"9,164","1,47,785",,
CRBN,iShares MSCI ACWI Low Carbon Target ETF,31/07/17,AUSTRALIA — 2.32%,QBE Insurance Group Ltd.,"16,195","1,53,212",,
CRBN,iShares MSCI ACWI Low Carbon Target ETF,31/07/17,AUSTRALIA — 2.32%,Scentre Group,"69,204","2,28,179",,
CRBN,iShares MSCI ACWI Low Carbon Target ETF,31/07/17,AUSTRALIA — 2.32%,Seek Ltd.,"4,740","64,709",,
CRBN,iShares MSCI ACWI Low Carbon Target ETF,31/07/17,AUSTRALIA — 2.32%,Sonic Healthcare Ltd.,"4,029","71,697",,
CRBN,iShares MSCI ACWI Low Carbon Target ETF,31/07/17,AUSTRALIA — 2.32%,Stockland,"48,585","1,62,909",,
CRBN,iShares MSCI ACWI Low Carbon Target ETF,31/07/17,AUSTRALIA — 2.32%,Suncorp Group Ltd.,"12,482","1,42,400",,
CRBN,iShares MSCI ACWI Low Carbon Target ETF,31/07/17,AUSTRALIA — 2.32%,Sydney Airport,"42,818","2,30,057",,
CRBN,iShares MSCI ACWI Low Carbon Target ETF,31/07/17,AUSTRALIA — 2.32%,Tatts Group Ltd.,"31,679","1,01,164",,
CRBN,iShares MSCI ACWI Low Carbon Target ETF,31/07/17,AUSTRALIA — 2.32%,Telstra Corp. Ltd.,"59,408","1,94,456",,
CRBN,iShares MSCI ACWI Low Carbon Target ETF,31/07/17,AUSTRALIA — 2.32%,Transurban Group,"51,192","4,66,317",,
CRBN,iShares MSCI ACWI Low Carbon Target ETF,31/07/17,AUSTRALIA — 2.32%,Treasury Wine Estates Ltd.,"13,430","1,30,592",,
CRBN,iShares MSCI ACWI Low Carbon Target ETF,31/07/17,AUSTRALIA — 2.32%,Wesfarmers Ltd.,"10,507","3,41,654",,
CRBN,iShares MSCI ACWI Low Carbon Target ETF,31/07/17,AUSTRALIA — 2.32%,Westfield Corp.,"28,835","1,76,797",,
CRBN,iShares MSCI ACWI Low Carbon Target ETF,31/07/17,AUSTRALIA — 2.32%,Westpac Banking Corp.,"34,857","8,85,490",,
CRBN,iShares MSCI ACWI Low Carbon Target ETF,31/07/17,AUSTRALIA — 2.32%,Woolworths Ltd.,"9,954","2,12,179","1,00,79,681",
CRBN,iShares MSCI ACWI Low Carbon Target ETF,31/07/17,AUSTRIA — 0.06%,Erste Group Bank AG,"4,345","1,79,886",,
CRBN,iShares MSCI ACWI Low Carbon Target ETF,31/07/17,AUSTRIA — 0.06%,Raiffeisen Bank International AG,"3,397","99,806","2,79,692",
CRBN,iShares MSCI ACWI Low Carbon Target ETF,31/07/17,BELGIUM — 0.42%,Ageas,"3,318","1,48,907",,
CRBN,iShares MSCI ACWI Low Carbon Target ETF,31/07/17,BELGIUM — 0.42%,Anheuser-Busch InBev SA/NV,"8,374","10,05,066",,
CRBN,iShares MSCI ACWI Low Carbon Target ETF,31/07/17,BELGIUM — 0.42%,Colruyt SA,"2,212","1,23,565",,
CRBN,iShares MSCI ACWI Low Carbon Target ETF,31/07/17,BELGIUM — 0.42%,KBC Group NV,"2,607","2,15,156",,
CRBN,iShares MSCI ACWI Low Carbon Target ETF,31/07/17,BELGIUM — 0.42%,UCB SA,"2,054","1,49,078",,
CRBN,iShares MSCI ACWI Low Carbon Target ETF,31/07/17,BELGIUM — 0.42%,Umicore SA,"2,212","1,77,028","18,18,800",
CRBN,iShares MSCI ACWI Low Carbon Target ETF,31/07/17,BRAZIL — 0.61%,Ambev SA,"55,300","3,38,878",,
CRBN,iShares MSCI ACWI Low Carbon Target ETF,31/07/17,BRAZIL — 0.61%,B3 SA Brasil Bolsa Balcao,"15,800","1,03,597",,
CRBN,iShares MSCI ACWI Low Carbon Target ETF,31/07/17,BRAZIL — 0.61%,Banco Bradesco SA,"8,620","83,166",,
CRBN,iShares MSCI ACWI Low Carbon Target ETF,31/07/17,BRAZIL — 0.61%,Banco do Brasil SA,"15,800","1,45,107",,
CRBN,iShares MSCI ACWI Low Carbon Target ETF,31/07/17,BRAZIL — 0.61%,CCR SA,"23,700","1,29,535",,
CRBN,iShares MSCI ACWI Low Carbon Target ETF,31/07/17,BRAZIL — 0.61%,Cielo SA,"18,736","1,56,483",,
CRBN,iShares MSCI ACWI Low Carbon Target ETF,31/07/17,BRAZIL — 0.61%,Cosan SA Industria e Comercio,"31,600","3,65,043",,
CRBN,iShares MSCI ACWI Low Carbon Target ETF,31/07/17,BRAZIL — 0.61%,CPFL Energia SA,"15,884","1,36,526",,
CRBN,iShares MSCI ACWI Low Carbon Target ETF,31/07/17,BRAZIL — 0.61%,Embraer SA,"7,900","39,867",,
CRBN,iShares MSCI ACWI Low Carbon Target ETF,31/07/17,BRAZIL — 0.61%,Kroton Educacional SA,"15,800","76,245",,
CRBN,iShares MSCI ACWI Low Carbon Target ETF,31/07/17,BRAZIL — 0.61%,Ultrapar Participacoes SA,"39,500","9,35,360",,
CRBN,iShares MSCI ACWI Low Carbon Target ETF,31/07/17,BRAZIL — 0.61%,Vale SA,"15,800","1,58,253","26,68,060",
CRBN,iShares MSCI ACWI Low Carbon Target ETF,31/07/17,CANADA — 3.57%,Agnico Eagle Mines Ltd.,"5,688","2,64,762",,
CRBN,iShares MSCI ACWI Low Carbon Target ETF,31/07/17,CANADA — 3.57%,Alimentation Couche-Tard Inc. Class,"4,187","1,97,941",,
CRBN,iShares MSCI ACWI Low Carbon Target ETF,31/07/17,CANADA — 3.57%,AltaGas Ltd.,"14,773","3,42,819",,
CRBN,iShares MSCI ACWI Low Carbon Target ETF,31/07/17,CANADA — 3.57%,Bank Montreal,"4,266","3,22,572",,
CRBN,iShares MSCI ACWI Low Carbon Target ETF,31/07/17,CANADA — 3.57%,Bank Nova Scotia (The),"10,349","6,42,763",,
CRBN,iShares MSCI ACWI Low Carbon Target ETF,31/07/17,CANADA — 3.57%,Barrick Gold Corp.,"8,532","1,43,820",,
CRBN,iShares MSCI ACWI Low Carbon Target ETF,31/07/17,CANADA — 3.57%,BCE Inc.,"1,422","66,543",,
CRBN,iShares MSCI ACWI Low Carbon Target ETF,31/07/17,CANADA — 3.57%,Bombardier Inc. Class,"29,862","59,937",,
CRBN,iShares MSCI ACWI Low Carbon Target ETF,31/07/17,CANADA — 3.57%,Brookfield Asset Management Inc. Class,"8,374","3,24,701",,
CRBN,iShares MSCI ACWI Low Carbon Target ETF,31/07/17,CANADA — 3.57%,Cameco Corp.,"36,103","3,68,666",,
CRBN,iShares MSCI ACWI Low Carbon Target ETF,31/07/17,CANADA — 3.57%,Canadian Imperial Bank Commerce,"2,370","2,05,095",,
CRBN,iShares MSCI ACWI Low Carbon Target ETF,31/07/17,CANADA — 3.57%,Canadian National Railway Co.,"6,873","5,41,464",,
CRBN,iShares MSCI ACWI Low Carbon Target ETF,31/07/17,CANADA — 3.57%,Canadian Pacific Railway Ltd.,711,"1,10,975",,
CRBN,iShares MSCI ACWI Low Carbon Target ETF,31/07/17,CANADA — 3.57%,Canadian Tire Corp. Ltd. Class,474,"53,940",,
CRBN,iShares MSCI ACWI Low Carbon Target ETF,31/07/17,CANADA — 3.57%,CCL Industries Inc. Class,"3,950","1,88,790",,
CRBN,iShares MSCI ACWI Low Carbon Target ETF,31/07/17,CANADA — 3.57%,CGI Group Inc. Class,"2,133","1,12,283",,
CRBN,iShares MSCI ACWI Low Carbon Target ETF,31/07/17,CANADA — 3.57%,Constellation Software Inc./Canada,158,"84,859",,
CRBN,iShares MSCI ACWI Low Carbon Target ETF,31/07/17,CANADA — 3.57%,Enbridge Inc.,"37,455","15,47,859",,
CRBN,iShares MSCI ACWI Low Carbon Target ETF,31/07/17,CANADA — 3.57%,Fairfax Financial Holdings Ltd.,237,"1,12,670",,
CRBN,iShares MSCI ACWI Low Carbon Target ETF,31/07/17,CANADA — 3.57%,First Quantum Minerals Ltd.,"17,222","1,89,772",,
CRBN,iShares MSCI ACWI Low Carbon Target ETF,31/07/17,CANADA — 3.57%,Franco-Nevada Corp.,"4,582","3,30,968",,
CRBN,iShares MSCI ACWI Low Carbon Target ETF,31/07/17,CANADA — 3.57%,Goldcorp Inc.,"12,877","1,68,563",,
CRBN,iShares MSCI ACWI Low Carbon Target ETF,31/07/17,CANADA — 3.57%,Hydro One Ltd.,"24,016","4,29,409",,
CRBN,iShares MSCI ACWI Low Carbon Target ETF,31/07/17,CANADA — 3.57%,Inter Pipeline Ltd.,"54,273","10,68,491",,
CRBN,iShares MSCI ACWI Low Carbon Target ETF,31/07/17,CANADA — 3.57%,Keyera Corp.,"11,455","3,56,872",,
CRBN,iShares MSCI ACWI Low Carbon Target ETF,31/07/17,CANADA — 3.57%,Loblaw Companies Ltd.,"2,528","1,37,261",,
CRBN,iShares MSCI ACWI Low Carbon Target ETF,31/07/17,CANADA — 3.57%,Magna International Inc. Class,"2,133","1,01,418",,
CRBN,iShares MSCI ACWI Low Carbon Target ETF,31/07/17,CANADA — 3.57%,Manulife Financial Corp.,"20,856","4,28,277",,
CRBN,iShares MSCI ACWI Low Carbon Target ETF,31/07/17,CANADA — 3.57%,Pembina Pipeline Corp.,"37,130","12,61,568",,
CRBN,iShares MSCI ACWI Low Carbon Target ETF,31/07/17,CANADA — 3.57%,PrairieSky Royalty Ltd.,"39,105","9,68,127",,
CRBN,iShares MSCI ACWI Low Carbon Target ETF,31/07/17,CANADA — 3.57%,Restaurant Brands International Inc.,"2,528","1,50,158",,
CRBN,iShares MSCI ACWI Low Carbon Target ETF,31/07/17,CANADA — 3.57%,Rogers Communications Inc. Class,"3,476","1,80,200",,
CRBN,iShares MSCI ACWI Low Carbon Target ETF,31/07/17,CANADA — 3.57%,Royal Bank Canada,"13,272","9,87,109",,
CRBN,iShares MSCI ACWI Low Carbon Target ETF,31/07/17,CANADA — 3.57%,Shaw Communications Inc. Class,"2,212","49,103",,
CRBN,iShares MSCI ACWI Low Carbon Target ETF,31/07/17,CANADA — 3.57%,SNC-Lavalin Group Inc.,"3,002","1,31,814",,
CRBN,iShares MSCI ACWI Low Carbon Target ETF,31/07/17,CANADA — 3.57%,Sun Life Financial Inc.,"4,661","1,78,084",,
CRBN,iShares MSCI ACWI Low Carbon Target ETF,31/07/17,CANADA — 3.57%,Thomson Reuters Corp.,"2,528","1,15,428",,
CRBN,iShares MSCI ACWI Low Carbon Target ETF,31/07/17,CANADA — 3.57%,Toronto-Dominion Bank (The),"15,247","7,83,595",,
CRBN,iShares MSCI ACWI Low Carbon Target ETF,31/07/17,CANADA — 3.57%,TransCanada Corp.,"18,565","9,45,656",,
CRBN,iShares MSCI ACWI Low Carbon Target ETF,31/07/17,CANADA — 3.57%,Veresen Inc.,"38,947","5,67,130",,
CRBN,iShares MSCI ACWI Low Carbon Target ETF,31/07/17,CANADA — 3.57%,Wheaton Precious Metals Corp.,"13,825","2,79,474",,
CRBN,iShares MSCI ACWI Low Carbon Target ETF,31/07/17,CANADA — 3.57%,Yamana Gold Inc.,"14,378","37,366","1,55,38,302",
CRBN,iShares MSCI ACWI Low Carbon Target ETF,31/07/17,CHILE — 0.13%,Aguas Andinas SA Series,"5,43,678","3,41,755",,
CRBN,iShares MSCI ACWI Low Carbon Target ETF,31/07/17,CHILE — 0.13%,Cencosud SA,"31,442","89,371",,
CRBN,iShares MSCI ACWI Low Carbon Target ETF,31/07/17,CHILE — 0.13%,SACI Falabella,"14,615","1,36,069","5,67,195",
CRBN,iShares MSCI ACWI Low Carbon Target ETF,31/07/17,CHINA — 3.23%,58.com Inc. ADR,632,"32,264",,
CRBN,iShares MSCI ACWI Low Carbon Target ETF,31/07/17,CHINA — 3.23%,Agricultural Bank China Ltd. Class H,"4,74,000","2,21,519",,
CRBN,iShares MSCI ACWI Low Carbon Target ETF,31/07/17,CHINA — 3.23%,Alibaba Group Holding Ltd. ADR,"11,929","18,48,399",,
CRBN,iShares MSCI ACWI Low Carbon Target ETF,31/07/17,CHINA — 3.23%,Baidu Inc. ADR,"2,923","6,61,621",,
CRBN,iShares MSCI ACWI Low Carbon Target ETF,31/07/17,CHINA — 3.23%,Bank China Ltd. Class H,"9,48,000","4,67,315",,
CRBN,iShares MSCI ACWI Low Carbon Target ETF,31/07/17,CHINA — 3.23%,Bank Communications Co. Ltd. Class H,"2,37,000","1,75,698",,
CRBN,iShares MSCI ACWI Low Carbon Target ETF,31/07/17,CHINA — 3.23%,Beijing Enterprises Water Group Ltd.,"3,16,000","2,62,587",,
CRBN,iShares MSCI ACWI Low Carbon Target ETF,31/07/17,CHINA — 3.23%,CGN Power Co. Ltd. Class H,"14,22,000","3,89,631",,
CRBN,iShares MSCI ACWI Low Carbon Target ETF,31/07/17,CHINA — 3.23%,China CITIC Bank Corp. Ltd. Class H,"1,58,000","1,02,567",,
CRBN,iShares MSCI ACWI Low Carbon Target ETF,31/07/17,CHINA — 3.23%,China Conch Venture Holdings Ltd.,"39,500","73,435",,
CRBN,iShares MSCI ACWI Low Carbon Target ETF,31/07/17,CHINA — 3.23%,China Construction Bank Corp. Class H,"10,27,000","8,54,721",,
CRBN,iShares MSCI ACWI Low Carbon Target ETF,31/07/17,CHINA — 3.23%,China Everbright Bank Co. Ltd. Class H,"1,58,000","76,672",,
CRBN,iShares MSCI ACWI Low Carbon Target ETF,31/07/17,CHINA — 3.23%,China Galaxy Securities Co. Ltd. Class H,"79,000","69,693",,
CRBN,iShares MSCI ACWI Low Carbon Target ETF,31/07/17,CHINA — 3.23%,China Huarong Asset Management Co. Ltd. Class H,"79,000","32,368",,
CRBN,iShares MSCI ACWI Low Carbon Target ETF,31/07/17,CHINA — 3.23%,China Life Insurance Co. Ltd. Class H,"79,000","2,50,347",,
CRBN,iShares MSCI ACWI Low Carbon Target ETF,31/07/17,CHINA — 3.23%,China Merchants Bank Co. Ltd. Class H,"39,500","1,29,978",,
CRBN,iShares MSCI ACWI Low Carbon Target ETF,31/07/17,CHINA — 3.23%,China Minsheng Banking Corp. Ltd. Class H,"1,18,500","1,19,256",,
CRBN,iShares MSCI ACWI Low Carbon Target ETF,31/07/17,CHINA — 3.23%,China Mobile Ltd.,"79,000","8,47,135",,
CRBN,iShares MSCI ACWI Low Carbon Target ETF,31/07/17,CHINA — 3.23%,China Oilfield Services Ltd. Class H,"1,58,000","1,34,732",,
CRBN,iShares MSCI ACWI Low Carbon Target ETF,31/07/17,CHINA — 3.23%,China Pacific Insurance Group Co. Ltd. Class H,"31,600","1,39,588",,
CRBN,iShares MSCI ACWI Low Carbon Target ETF,31/07/17,CHINA — 3.23%,China Taiping Insurance Holdings Co. Ltd.,"31,600","95,081",,
CRBN,iShares MSCI ACWI Low Carbon Target ETF,31/07/17,CHINA — 3.23%,China Telecom Corp. Ltd. Class H,"1,58,000","75,256",,
CRBN,iShares MSCI ACWI Low Carbon Target ETF,31/07/17,CHINA — 3.23%,China Unicom Hong Kong Ltd.,"1,58,000","2,29,409",,
CRBN,iShares MSCI ACWI Low Carbon Target ETF,31/07/17,CHINA — 3.23%,China Vanke Co. Ltd. Class H,"23,400","69,060",,
CRBN,iShares MSCI ACWI Low Carbon Target ETF,31/07/17,CHINA — 3.23%,Chongqing Changan Automobile Co. Ltd. Class,"15,800","20,958",,
CRBN,iShares MSCI ACWI Low Carbon Target ETF,31/07/17,CHINA — 3.23%,CITIC Securities Co. Ltd. Class H,"39,500","80,212",,
CRBN,iShares MSCI ACWI Low Carbon Target ETF,31/07/17,CHINA — 3.23%,COSCO SHIPPING Ports Ltd.,"1,02,000","1,24,853",,
CRBN,iShares MSCI ACWI Low Carbon Target ETF,31/07/17,CHINA — 3.23%,Ctrip.com International Ltd. ADR,"4,108","2,45,371",,
CRBN,iShares MSCI ACWI Low Carbon Target ETF,31/07/17,CHINA — 3.23%,Great Wall Motor Co. Ltd. Class H,"79,000","1,01,353",,
CRBN,iShares MSCI ACWI Low Carbon Target ETF,31/07/17,CHINA — 3.23%,Guangdong Investment Ltd.,"1,58,000","2,22,531",,
CRBN,iShares MSCI ACWI Low Carbon Target ETF,31/07/17,CHINA — 3.23%,Guangzhou R&F Properties Co. Ltd. Class H,"31,600","56,482",,
CRBN,iShares MSCI ACWI Low Carbon Target ETF,31/07/17,CHINA — 3.23%,Haitong Securities Co. Ltd. Class H,"63,200","1,00,827",,
CRBN,iShares MSCI ACWI Low Carbon Target ETF,31/07/17,CHINA — 3.23%,Huaneng Renewables Corp. Ltd. Class H,"4,74,000","1,44,443",,
CRBN,iShares MSCI ACWI Low Carbon Target ETF,31/07/17,CHINA — 3.23%,Industrial & Commercial Bank China Ltd. Class H,"7,90,000","5,53,293",,
CRBN,iShares MSCI ACWI Low Carbon Target ETF,31/07/17,CHINA — 3.23%,JD.com Inc. ADR,"8,453","3,81,822",,
CRBN,iShares MSCI ACWI Low Carbon Target ETF,31/07/17,CHINA — 3.23%,Jiangsu Expressway Co. Ltd. Class H,"1,58,000","2,29,409",,
CRBN,iShares MSCI ACWI Low Carbon Target ETF,31/07/17,CHINA — 3.23%,Lenovo Group Ltd.,"1,58,000","97,914",,
CRBN,iShares MSCI ACWI Low Carbon Target ETF,31/07/17,CHINA — 3.23%,Momo Inc. ADR,790,"34,705",,
CRBN,iShares MSCI ACWI Low Carbon Target ETF,31/07/17,CHINA — 3.23%,NetEase Inc. ADR,"1,027","3,19,685",,
CRBN,iShares MSCI ACWI Low Carbon Target ETF,31/07/17,CHINA — 3.23%,New Oriental Education & Technology Group Inc. ADR,"1,975","1,57,329",,
CRBN,iShares MSCI ACWI Low Carbon Target ETF,31/07/17,CHINA — 3.23%,Ping An Insurance Group Co. China Ltd. Class H,"79,000","5,86,167",,
CRBN,iShares MSCI ACWI Low Carbon Target ETF,31/07/17,CHINA — 3.23%,SOHO China Ltd.,"1,18,500","64,635",,
CRBN,iShares MSCI ACWI Low Carbon Target ETF,31/07/17,CHINA — 3.23%,TAL Education Group Class ADR,869,"1,36,233",,
CRBN,iShares MSCI ACWI Low Carbon Target ETF,31/07/17,CHINA — 3.23%,Tencent Holdings Ltd.,"63,200","25,36,043",,
CRBN,iShares MSCI ACWI Low Carbon Target ETF,31/07/17,CHINA — 3.23%,Vipshop Holdings Ltd. ADR,"4,977","61,217",,
CRBN,iShares MSCI ACWI Low Carbon Target ETF,31/07/17,CHINA — 3.23%,Want Want China Holdings Ltd.,"1,58,000","1,06,815",,
CRBN,iShares MSCI ACWI Low Carbon Target ETF,31/07/17,CHINA — 3.23%,Yum China Holdings Inc.,"3,430","1,22,760",,
CRBN,iShares MSCI ACWI Low Carbon Target ETF,31/07/17,CHINA — 3.23%,Zhejiang Expressway Co. Ltd. Class H,"1,58,000","1,97,243","1,40,40,632",
CRBN,iShares MSCI ACWI Low Carbon Target ETF,31/07/17,COLOMBIA — 0.10%,Interconexion Electrica SA ESP,"98,513","4,48,794","4,48,794",
CRBN,iShares MSCI ACWI Low Carbon Target ETF,31/07/17,CZECH REPUBLIC — 0.00%,Komercni Banka AS,395,"16,976","16,976",
CRBN,iShares MSCI ACWI Low Carbon Target ETF,31/07/17,DENMARK — 0.57%,Carlsberg A/S Class,692,"76,631",,
CRBN,iShares MSCI ACWI Low Carbon Target ETF,31/07/17,DENMARK — 0.57%,Chr Hansen Holding A/S,"2,985","2,39,457",,
CRBN,iShares MSCI ACWI Low Carbon Target ETF,31/07/17,DENMARK — 0.57%,Coloplast A/S Class,"1,264","1,08,212",,
CRBN,iShares MSCI ACWI Low Carbon Target ETF,31/07/17,DENMARK — 0.57%,Danske Bank A/S,"7,232","2,91,796",,
CRBN,iShares MSCI ACWI Low Carbon Target ETF,31/07/17,DENMARK — 0.57%,Genmab A/S,524,"1,18,712",,
CRBN,iShares MSCI ACWI Low Carbon Target ETF,31/07/17,DENMARK — 0.57%,Novo Nordisk A/S Class,"20,540","8,73,031",,
CRBN,iShares MSCI ACWI Low Carbon Target ETF,31/07/17,DENMARK — 0.57%,Novozymes A/S Class,"5,414","2,49,085",,
CRBN,iShares MSCI ACWI Low Carbon Target ETF,31/07/17,DENMARK — 0.57%,Pandora A/S,"1,300","1,49,010",,
CRBN,iShares MSCI ACWI Low Carbon Target ETF,31/07/17,DENMARK — 0.57%,TDC A/S,"9,777","60,063",,
CRBN,iShares MSCI ACWI Low Carbon Target ETF,31/07/17,DENMARK — 0.57%,Vestas Wind Systems A/S,"3,397","3,30,671","24,96,668",
CRBN,iShares MSCI ACWI Low Carbon Target ETF,31/07/17,FINLAND — 0.38%,Kone OYJ Class,"5,688","2,95,138",,
CRBN,iShares MSCI ACWI Low Carbon Target ETF,31/07/17,FINLAND — 0.38%,Metso OYJ,"2,607","82,620",,
CRBN,iShares MSCI ACWI Low Carbon Target ETF,31/07/17,FINLAND — 0.38%,Neste OYJ,"8,927","3,85,529",,
CRBN,iShares MSCI ACWI Low Carbon Target ETF,31/07/17,FINLAND — 0.38%,Nokia OYJ,"72,285","4,58,505",,
CRBN,iShares MSCI ACWI Low Carbon Target ETF,31/07/17,FINLAND — 0.38%,Sampo OYJ Class,"4,108","2,23,907",,
CRBN,iShares MSCI ACWI Low Carbon Target ETF,31/07/17,FINLAND — 0.38%,Wartsila OYJ Abp,"2,923","1,93,505","16,39,204",
CRBN,iShares MSCI ACWI Low Carbon Target ETF,31/07/17,FRANCE — 3.45%,Aeroports de Paris,"1,896","3,19,772",,
CRBN,iShares MSCI ACWI Low Carbon Target ETF,31/07/17,FRANCE — 3.45%,Airbus SE,"7,031","5,85,242",,
CRBN,iShares MSCI ACWI Low Carbon Target ETF,31/07/17,FRANCE — 3.45%,Alstom SA,"1,264","45,132",,
CRBN,iShares MSCI ACWI Low Carbon Target ETF,31/07/17,FRANCE — 3.45%,Atos SE,316,"47,856",,
CRBN,iShares MSCI ACWI Low Carbon Target ETF,31/07/17,FRANCE — 3.45%,AXA SA,"28,598","8,41,578",,
CRBN,iShares MSCI ACWI Low Carbon Target ETF,31/07/17,FRANCE — 3.45%,BNP Paribas SA,"12,877","9,95,483",,
CRBN,iShares MSCI ACWI Low Carbon Target ETF,31/07/17,FRANCE — 3.45%,Bollore SA,"59,171","2,73,470",,
CRBN,iShares MSCI ACWI Low Carbon Target ETF,31/07/17,FRANCE — 3.45%,Bureau Veritas SA,"3,002","68,115",,
CRBN,iShares MSCI ACWI Low Carbon Target ETF,31/07/17,FRANCE — 3.45%,Capgemini SE,"2,291","2,48,500",,
CRBN,iShares MSCI ACWI Low Carbon Target ETF,31/07/17,FRANCE — 3.45%,CNP Assurances,"8,848","2,12,809",,
CRBN,iShares MSCI ACWI Low Carbon Target ETF,31/07/17,FRANCE — 3.45%,Credit Agricole SA,"21,251","3,72,066",,
CRBN,iShares MSCI ACWI Low Carbon Target ETF,31/07/17,FRANCE — 3.45%,Danone SA,"7,426","5,52,369",,
CRBN,iShares MSCI ACWI Low Carbon Target ETF,31/07/17,FRANCE — 3.45%,Dassault Aviation SA,158,"2,35,898",,
CRBN,iShares MSCI ACWI Low Carbon Target ETF,31/07/17,FRANCE — 3.45%,Edenred,"4,661","1,21,996",,
CRBN,iShares MSCI ACWI Low Carbon Target ETF,31/07/17,FRANCE — 3.45%,Essilor International SA,"2,528","3,19,213",,
CRBN,iShares MSCI ACWI Low Carbon Target ETF,31/07/17,FRANCE — 3.45%,Eutelsat Communications SA,"1,264","34,112",,
CRBN,iShares MSCI ACWI Low Carbon Target ETF,31/07/17,FRANCE — 3.45%,Fonciere des Regions,"1,269","1,22,131",,
CRBN,iShares MSCI ACWI Low Carbon Target ETF,31/07/17,FRANCE — 3.45%,Gecina SA,"1,027","1,54,502",,
CRBN,iShares MSCI ACWI Low Carbon Target ETF,31/07/17,FRANCE — 3.45%,Groupe Eurotunnel SE Registered,"10,744","1,18,590",,
CRBN,iShares MSCI ACWI Low Carbon Target ETF,31/07/17,FRANCE — 3.45%,Hermes International,252,"1,27,162",,
CRBN,iShares MSCI ACWI Low Carbon Target ETF,31/07/17,FRANCE — 3.45%,ICADE,237,"20,278",,
CRBN,iShares MSCI ACWI Low Carbon Target ETF,31/07/17,FRANCE — 3.45%,Iliad SA,237,"58,581",,
CRBN,iShares MSCI ACWI Low Carbon Target ETF,31/07/17,FRANCE — 3.45%,Ingenico Group SA,316,"33,017",,
CRBN,iShares MSCI ACWI Low Carbon Target ETF,31/07/17,FRANCE — 3.45%,Kering,869,"3,02,755",,
CRBN,iShares MSCI ACWI Low Carbon Target ETF,31/07/17,FRANCE — 3.45%,Klepierre,"2,686","1,08,859",,
CRBN,iShares MSCI ACWI Low Carbon Target ETF,31/07/17,FRANCE — 3.45%,L’Oreal SA,"3,397","7,01,287",,
CRBN,iShares MSCI ACWI Low Carbon Target ETF,31/07/17,FRANCE — 3.45%,Legrand SA,"4,029","2,77,411",,
CRBN,iShares MSCI ACWI Low Carbon Target ETF,31/07/17,FRANCE — 3.45%,LVMH Moet Hennessy Louis Vuitton SE,"3,239","8,12,255",,
CRBN,iShares MSCI ACWI Low Carbon Target ETF,31/07/17,FRANCE — 3.45%,Natixis SA,"19,987","1,44,758",,
CRBN,iShares MSCI ACWI Low Carbon Target ETF,31/07/17,FRANCE — 3.45%,Orange SA,"23,779","3,98,664",,
CRBN,iShares MSCI ACWI Low Carbon Target ETF,31/07/17,FRANCE — 3.45%,Pernod Ricard SA,"3,081","4,25,911",,
CRBN,iShares MSCI ACWI Low Carbon Target ETF,31/07/17,FRANCE — 3.45%,Peugeot SA,"6,952","1,49,052",,
CRBN,iShares MSCI ACWI Low Carbon Target ETF,31/07/17,FRANCE — 3.45%,Publicis Groupe SA,"2,607","1,96,437",,
CRBN,iShares MSCI ACWI Low Carbon Target ETF,31/07/17,FRANCE — 3.45%,Remy Cointreau SA,237,"27,180",,
CRBN,iShares MSCI ACWI Low Carbon Target ETF,31/07/17,FRANCE — 3.45%,Renault SA,"2,923","2,62,464",,
CRBN,iShares MSCI ACWI Low Carbon Target ETF,31/07/17,FRANCE — 3.45%,Rexel SA,"8,532","1,34,643",,
CRBN,iShares MSCI ACWI Low Carbon Target ETF,31/07/17,FRANCE — 3.45%,Safran SA,"4,345","4,09,462",,
CRBN,iShares MSCI ACWI Low Carbon Target ETF,31/07/17,FRANCE — 3.45%,Sanofi,"12,798","12,17,972",,
CRBN,iShares MSCI ACWI Low Carbon Target ETF,31/07/17,FRANCE — 3.45%,Schneider Electric SE,"9,164","7,16,869",,
CRBN,iShares MSCI ACWI Low Carbon Target ETF,31/07/17,FRANCE — 3.45%,SCOR SE,"3,950","1,65,861",,
CRBN,iShares MSCI ACWI Low Carbon Target ETF,31/07/17,FRANCE — 3.45%,SES SA,"3,239","75,898",,
CRBN,iShares MSCI ACWI Low Carbon Target ETF,31/07/17,FRANCE — 3.45%,Societe BIC SA,711,"83,047",,
CRBN,iShares MSCI ACWI Low Carbon Target ETF,31/07/17,FRANCE — 3.45%,Societe Generale SA,"10,270","6,00,573",,
CRBN,iShares MSCI ACWI Low Carbon Target ETF,31/07/17,FRANCE — 3.45%,Sodexo SA,"1,422","1,67,369",,
CRBN,iShares MSCI ACWI Low Carbon Target ETF,31/07/17,FRANCE — 3.45%,Thales SA,"1,659","1,83,059",,
CRBN,iShares MSCI ACWI Low Carbon Target ETF,31/07/17,FRANCE — 3.45%,Unibail-Rodamco SE,"1,452","3,61,812",,
CRBN,iShares MSCI ACWI Low Carbon Target ETF,31/07/17,FRANCE — 3.45%,Valeo SA,"1,738","1,19,955",,
CRBN,iShares MSCI ACWI Low Carbon Target ETF,31/07/17,FRANCE — 3.45%,Vinci SA,"6,083","5,43,197",,
CRBN,iShares MSCI ACWI Low Carbon Target ETF,31/07/17,FRANCE — 3.45%,Vivendi SA,"16,827","3,88,250",,
CRBN,iShares MSCI ACWI Low Carbon Target ETF,31/07/17,FRANCE — 3.45%,Zodiac Aerospace,"3,792","1,07,969","1,49,90,841",
CRBN,iShares MSCI ACWI Low Carbon Target ETF,31/07/17,GERMANY — 2.81%,adidas AG,"2,291","5,21,310",,
CRBN,iShares MSCI ACWI Low Carbon Target ETF,31/07/17,GERMANY — 2.81%,Allianz SE Registered,"5,609","11,90,343",,
CRBN,iShares MSCI ACWI Low Carbon Target ETF,31/07/17,GERMANY — 2.81%,BASF SE,"5,530","5,25,437",,
CRBN,iShares MSCI ACWI Low Carbon Target ETF,31/07/17,GERMANY — 2.81%,Bayer AG Registered,"7,584","9,58,086",,
CRBN,iShares MSCI ACWI Low Carbon Target ETF,31/07/17,GERMANY — 2.81%,Bayerische Motoren Werke AG,"4,029","3,69,138",,
CRBN,iShares MSCI ACWI Low Carbon Target ETF,31/07/17,GERMANY — 2.81%,Beiersdorf AG,948,"1,03,610",,
CRBN,iShares MSCI ACWI Low Carbon Target ETF,31/07/17,GERMANY — 2.81%,Brenntag AG,"3,002","1,69,695",,
CRBN,iShares MSCI ACWI Low Carbon Target ETF,31/07/17,GERMANY — 2.81%,Commerzbank AG,"19,434","2,53,873",,
CRBN,iShares MSCI ACWI Low Carbon Target ETF,31/07/17,GERMANY — 2.81%,Continental AG,711,"1,59,690",,
CRBN,iShares MSCI ACWI Low Carbon Target ETF,31/07/17,GERMANY — 2.81%,Daimler AG Registered,"10,665","7,45,515",,
CRBN,iShares MSCI ACWI Low Carbon Target ETF,31/07/17,GERMANY — 2.81%,Deutsche Bank AG Registered,"28,418","5,05,588",,
CRBN,iShares MSCI ACWI Low Carbon Target ETF,31/07/17,GERMANY — 2.81%,Deutsche Boerse AG,"1,990","2,07,429",,
CRBN,iShares MSCI ACWI Low Carbon Target ETF,31/07/17,GERMANY — 2.81%,Deutsche Post AG Registered,"6,715","2,59,677",,
CRBN,iShares MSCI ACWI Low Carbon Target ETF,31/07/17,GERMANY — 2.81%,Deutsche Telekom AG Registered,"31,837","5,79,741",,
CRBN,iShares MSCI ACWI Low Carbon Target ETF,31/07/17,GERMANY — 2.81%,Deutsche Wohnen AG Bearer,"5,609","2,21,437",,
CRBN,iShares MSCI ACWI Low Carbon Target ETF,31/07/17,GERMANY — 2.81%,Fraport AG Frankfurt Airport Services Worldwide,"1,501","1,49,750",,
CRBN,iShares MSCI ACWI Low Carbon Target ETF,31/07/17,GERMANY — 2.81%,Fresenius Medical Care AG & Co. KGaA,"2,528","2,37,815",,
CRBN,iShares MSCI ACWI Low Carbon Target ETF,31/07/17,GERMANY — 2.81%,Fresenius SE & Co. KGaA,"4,582","3,85,878",,
CRBN,iShares MSCI ACWI Low Carbon Target ETF,31/07/17,GERMANY — 2.81%,GEA Group AG,"3,239","1,31,156",,
CRBN,iShares MSCI ACWI Low Carbon Target ETF,31/07/17,GERMANY — 2.81%,Hannover Rueck SE,553,"69,567",,
CRBN,iShares MSCI ACWI Low Carbon Target ETF,31/07/17,GERMANY — 2.81%,Henkel AG & Co. KGaA,"1,264","1,58,563",,
CRBN,iShares MSCI ACWI Low Carbon Target ETF,31/07/17,GERMANY — 2.81%,HUGO BOSS AG,"1,106","83,102",,
CRBN,iShares MSCI ACWI Low Carbon Target ETF,31/07/17,GERMANY — 2.81%,Infineon Technologies AG,"14,062","3,04,807",,
CRBN,iShares MSCI ACWI Low Carbon Target ETF,31/07/17,GERMANY — 2.81%,Merck KGaA,"1,817","1,98,907",,
CRBN,iShares MSCI ACWI Low Carbon Target ETF,31/07/17,GERMANY — 2.81%,Muenchener Rueckversicherungs-Gesellschaft AG in Muenchen Registered,"2,340","5,00,733",,
CRBN,iShares MSCI ACWI Low Carbon Target ETF,31/07/17,GERMANY — 2.81%,ProSiebenSat.1 Media SE Registered,"3,002","1,19,807",,
CRBN,iShares MSCI ACWI Low Carbon Target ETF,31/07/17,GERMANY — 2.81%,SAP SE,"10,981","11,61,052",,
CRBN,iShares MSCI ACWI Low Carbon Target ETF,31/07/17,GERMANY — 2.81%,Siemens AG Registered,"9,401","12,71,864",,
CRBN,iShares MSCI ACWI Low Carbon Target ETF,31/07/17,GERMANY — 2.81%,Symrise AG,"4,661","3,25,488",,
CRBN,iShares MSCI ACWI Low Carbon Target ETF,31/07/17,GERMANY — 2.81%,Telefonica Deutschland Holding AG,"20,382","1,04,941",,
CRBN,iShares MSCI ACWI Low Carbon Target ETF,31/07/17,GERMANY — 2.81%,Vonovia SE,"5,530","2,23,338","1,21,97,337",
CRBN,iShares MSCI ACWI Low Carbon Target ETF,31/07/17,GREECE — 0.05%,Alpha Bank AE,"42,316","1,01,278",,
CRBN,iShares MSCI ACWI Low Carbon Target ETF,31/07/17,GREECE — 0.05%,Eurobank Ergasias SA,"17,175","18,730",,
CRBN,iShares MSCI ACWI Low Carbon Target ETF,31/07/17,GREECE — 0.05%,National Bank Greece SA,"41,625","16,784",,
CRBN,iShares MSCI ACWI Low Carbon Target ETF,31/07/17,GREECE — 0.05%,OPAP SA,"3,666","42,012",,
CRBN,iShares MSCI ACWI Low Carbon Target ETF,31/07/17,GREECE — 0.05%,Piraeus Bank SA,"90,744","24,821","2,03,625",
CRBN,iShares MSCI ACWI Low Carbon Target ETF,31/07/17,HONG KONG — 1.22%,AIA Group Ltd.,"1,26,400","9,96,130",,
CRBN,iShares MSCI ACWI Low Carbon Target ETF,31/07/17,HONG KONG — 1.22%,BOC Hong Kong Holdings Ltd.,"39,500","1,94,462",,
CRBN,iShares MSCI ACWI Low Carbon Target ETF,31/07/17,HONG KONG — 1.22%,Cheung Kong Property Holdings Ltd.,"39,500","3,19,888",,
CRBN,iShares MSCI ACWI Low Carbon Target ETF,31/07/17,HONG KONG — 1.22%,CK Hutchison Holdings Ltd.,"39,500","5,20,419",,
CRBN,iShares MSCI ACWI Low Carbon Target ETF,31/07/17,HONG KONG — 1.22%,Galaxy Entertainment Group Ltd.,"79,000","4,89,062",,
CRBN,iShares MSCI ACWI Low Carbon Target ETF,31/07/17,HONG KONG — 1.22%,HKT Trust & HKT Ltd.,"79,000","1,03,578",,
CRBN,iShares MSCI ACWI Low Carbon Target ETF,31/07/17,HONG KONG — 1.22%,Hong Kong & China Gas Co. Ltd.,"4,33,149","8,19,695",,
CRBN,iShares MSCI ACWI Low Carbon Target ETF,31/07/17,HONG KONG — 1.22%,Hong Kong Exchanges & Clearing Ltd.,"7,900","2,25,363",,
CRBN,iShares MSCI ACWI Low Carbon Target ETF,31/07/17,HONG KONG — 1.22%,Hongkong Land Holdings Ltd.,"15,800","1,18,816",,
CRBN,iShares MSCI ACWI Low Carbon Target ETF,31/07/17,HONG KONG — 1.22%,Link REIT,"39,500","3,21,153",,
CRBN,iShares MSCI ACWI Low Carbon Target ETF,31/07/17,HONG KONG — 1.22%,Melco Resorts & Entertainment Ltd. ADR,"2,765","55,853",,
CRBN,iShares MSCI ACWI Low Carbon Target ETF,31/07/17,HONG KONG — 1.22%,MTR Corp. Ltd.,"39,500","2,28,347",,
CRBN,iShares MSCI ACWI Low Carbon Target ETF,31/07/17,HONG KONG — 1.22%,Power Assets Holdings Ltd.,"79,000","7,82,904",,
CRBN,iShares MSCI ACWI Low Carbon Target ETF,31/07/17,HONG KONG — 1.22%,Sands China Ltd.,"31,600","1,46,668","53,22,338",
CRBN,iShares MSCI ACWI Low Carbon Target ETF,31/07/17,INDIA — 0.90%,ICICI Bank Ltd. ADR,"51,592","4,80,322",,
CRBN,iShares MSCI ACWI Low Carbon Target ETF,31/07/17,INDIA — 0.90%,Infosys Ltd. ADR,"48,939","7,73,236",,
CRBN,iShares MSCI ACWI Low Carbon Target ETF,31/07/17,INDIA — 0.90%,Larsen & Toubro Ltd. GDR d,"50,481","9,18,754",,
CRBN,iShares MSCI ACWI Low Carbon Target ETF,31/07/17,INDIA — 0.90%,Mahindra & Mahindra Ltd. GDR,"26,716","5,77,066",,
CRBN,iShares MSCI ACWI Low Carbon Target ETF,31/07/17,INDIA — 0.90%,State Bank India GDR d,"9,646","4,66,866",,
CRBN,iShares MSCI ACWI Low Carbon Target ETF,31/07/17,INDIA — 0.90%,Wipro Ltd. ADR,"1,10,606","6,80,227","38,96,471",
CRBN,iShares MSCI ACWI Low Carbon Target ETF,31/07/17,INDONESIA — 0.31%,Astra International Tbk PT,"3,16,000","1,89,140",,
CRBN,iShares MSCI ACWI Low Carbon Target ETF,31/07/17,INDONESIA — 0.31%,Bank Central Asia Tbk PT,"63,200","88,700",,
CRBN,iShares MSCI ACWI Low Carbon Target ETF,31/07/17,INDONESIA — 0.31%,Bank Mandiri Persero Tbk PT,"1,42,200","1,45,679",,
CRBN,iShares MSCI ACWI Low Carbon Target ETF,31/07/17,INDONESIA — 0.31%,Bank Rakyat Indonesia Persero Tbk PT,"1,42,200","1,57,686",,
CRBN,iShares MSCI ACWI Low Carbon Target ETF,31/07/17,INDONESIA — 0.31%,Gudang Garam Tbk PT,"15,800","90,242",,
CRBN,iShares MSCI ACWI Low Carbon Target ETF,31/07/17,INDONESIA — 0.31%,Hanjaya Mandala Sampoerna Tbk PT,"3,08,100","82,089",,
CRBN,iShares MSCI ACWI Low Carbon Target ETF,31/07/17,INDONESIA — 0.31%,Jasa Marga Persero Tbk PT,"1,58,042","69,389",,
CRBN,iShares MSCI ACWI Low Carbon Target ETF,31/07/17,INDONESIA — 0.31%,Perusahaan Gas Negara Persero Tbk PT,"7,97,900","1,34,740",,
CRBN,iShares MSCI ACWI Low Carbon Target ETF,31/07/17,INDONESIA — 0.31%,Telekomunikasi Indonesia Persero Tbk PT,"8,13,700","2,86,419",,
CRBN,iShares MSCI ACWI Low Carbon Target ETF,31/07/17,INDONESIA — 0.31%,Unilever Indonesia Tbk PT,"23,700","87,070","13,31,154",
CRBN,iShares MSCI ACWI Low Carbon Target ETF,31/07/17,IRELAND — 0.04%,Bank Ireland Group PLC,"11,031","91,689",,
CRBN,iShares MSCI ACWI Low Carbon Target ETF,31/07/17,IRELAND — 0.04%,Paddy Power Betfair PLC,869,"86,718","1,78,407",
CRBN,iShares MSCI ACWI Low Carbon Target ETF,31/07/17,ISRAEL — 0.24%,Check Point Software Technologies Ltd.,"1,817","1,92,202",,
CRBN,iShares MSCI ACWI Low Carbon Target ETF,31/07/17,ISRAEL — 0.24%,Elbit Systems Ltd.,632,"79,925",,
CRBN,iShares MSCI ACWI Low Carbon Target ETF,31/07/17,ISRAEL — 0.24%,Frutarom Industries Ltd.,"2,212","1,56,709",,
CRBN,iShares MSCI ACWI Low Carbon Target ETF,31/07/17,ISRAEL — 0.24%,Mobileye NV,"2,686","1,70,024",,
CRBN,iShares MSCI ACWI Low Carbon Target ETF,31/07/17,ISRAEL — 0.24%,Taro Pharmaceutical Industries Ltd.,"1,185","1,35,481",,
CRBN,iShares MSCI ACWI Low Carbon Target ETF,31/07/17,ISRAEL — 0.24%,Teva Pharmaceutical Industries Ltd. ADR,"9,322","2,99,889","10,34,230",
CRBN,iShares MSCI ACWI Low Carbon Target ETF,31/07/17,ITALY — 0.76%,Assicurazioni Generali SpA,"19,176","3,46,589",,
CRBN,iShares MSCI ACWI Low Carbon Target ETF,31/07/17,ITALY — 0.76%,Atlantia SpA,"11,218","3,39,777",,
CRBN,iShares MSCI ACWI Low Carbon Target ETF,31/07/17,ITALY — 0.76%,CNH Industrial NV,"15,879","1,83,469",,
CRBN,iShares MSCI ACWI Low Carbon Target ETF,31/07/17,ITALY — 0.76%,Ferrari NV,948,"99,586",,
CRBN,iShares MSCI ACWI Low Carbon Target ETF,31/07/17,ITALY — 0.76%,Intesa Sanpaolo SpA,"1,66,453","5,71,475",,
CRBN,iShares MSCI ACWI Low Carbon Target ETF,31/07/17,ITALY — 0.76%,Luxottica Group SpA,"1,501","86,484",,
CRBN,iShares MSCI ACWI Low Carbon Target ETF,31/07/17,ITALY — 0.76%,Mediobanca SpA,"12,324","1,28,082",,
CRBN,iShares MSCI ACWI Low Carbon Target ETF,31/07/17,ITALY — 0.76%,Snam SpA,"1,82,569","8,60,135",,
CRBN,iShares MSCI ACWI Low Carbon Target ETF,31/07/17,ITALY — 0.76%,Terna Rete Elettrica Nazionale SpA,"32,864","1,86,991",,
CRBN,iShares MSCI ACWI Low Carbon Target ETF,31/07/17,ITALY — 0.76%,UniCredit SpA,"25,596","5,02,157","33,04,745",
CRBN,iShares MSCI ACWI Low Carbon Target ETF,31/07/17,JAPAN — 7.64%,AEON Financial Service Co. Ltd.,"7,900","1,71,663",,
CRBN,iShares MSCI ACWI Low Carbon Target ETF,31/07/17,JAPAN — 7.64%,Amada Holdings Co. Ltd.,"15,800","1,80,314",,
CRBN,iShares MSCI ACWI Low Carbon Target ETF,31/07/17,JAPAN — 7.64%,Asahi Group Holdings Ltd.,"7,900","3,21,663",,
CRBN,iShares MSCI ACWI Low Carbon Target ETF,31/07/17,JAPAN — 7.64%,Astellas Pharma Inc.,"31,600","4,02,668",,
CRBN,iShares MSCI ACWI Low Carbon Target ETF,31/07/17,JAPAN — 7.64%,Bridgestone Corp.,"7,900","3,32,959",,
CRBN,iShares MSCI ACWI Low Carbon Target ETF,31/07/17,JAPAN — 7.64%,Brother Industries Ltd.,"7,900","2,01,620",,
CRBN,iShares MSCI ACWI Low Carbon Target ETF,31/07/17,JAPAN — 7.64%,Canon Inc.,"15,800","5,48,664",,
CRBN,iShares MSCI ACWI Low Carbon Target ETF,31/07/17,JAPAN — 7.64%,Concordia Financial Group Ltd.,"23,700","1,19,428",,
CRBN,iShares MSCI ACWI Low Carbon Target ETF,31/07/17,JAPAN — 7.64%,Dai-ichi Life Holdings Inc.,"15,800","2,73,259",,
CRBN,iShares MSCI ACWI Low Carbon Target ETF,31/07/17,JAPAN — 7.64%,Daiichi Sankyo Co. Ltd.,"7,900","1,72,163",,
CRBN,iShares MSCI ACWI Low Carbon Target ETF,31/07/17,JAPAN — 7.64%,Daiwa House Industry Co. Ltd.,"7,900","2,75,190",,
CRBN,iShares MSCI ACWI Low Carbon Target ETF,31/07/17,JAPAN — 7.64%,Denso Corp.,"7,900","3,79,360",,
CRBN,iShares MSCI ACWI Low Carbon Target ETF,31/07/17,JAPAN — 7.64%,Dentsu Inc.,"7,900","3,68,922",,
CRBN,iShares MSCI ACWI Low Carbon Target ETF,31/07/17,JAPAN — 7.64%,East Japan Railway Co.,"7,900","7,39,988",,
CRBN,iShares MSCI ACWI Low Carbon Target ETF,31/07/17,JAPAN — 7.64%,FUJIFILM Holdings Corp.,"7,900","2,89,775",,
CRBN,iShares MSCI ACWI Low Carbon Target ETF,31/07/17,JAPAN — 7.64%,Hachijuni Bank Ltd. (The),"15,800","1,00,238",,
CRBN,iShares MSCI ACWI Low Carbon Target ETF,31/07/17,JAPAN — 7.64%,Hino Motors Ltd.,"15,800","1,86,034",,
CRBN,iShares MSCI ACWI Low Carbon Target ETF,31/07/17,JAPAN — 7.64%,Hitachi Chemical Co. Ltd.,"7,900","2,24,856",,
CRBN,iShares MSCI ACWI Low Carbon Target ETF,31/07/17,JAPAN — 7.64%,Hitachi Ltd.,"79,000","5,43,087",,
CRBN,iShares MSCI ACWI Low Carbon Target ETF,31/07/17,JAPAN — 7.64%,Honda Motor Co. Ltd.,"23,700","6,66,633",,
CRBN,iShares MSCI ACWI Low Carbon Target ETF,31/07/17,JAPAN — 7.64%,Hoya Corp.,"7,900","4,45,137",,
CRBN,iShares MSCI ACWI Low Carbon Target ETF,31/07/17,JAPAN — 7.64%,IHI Corp.,"79,000","2,60,247",,
CRBN,iShares MSCI ACWI Low Carbon Target ETF,31/07/17,JAPAN — 7.64%,Iida Group Holdings Co. Ltd.,"7,900","1,34,771",,
CRBN,iShares MSCI ACWI Low Carbon Target ETF,31/07/17,JAPAN — 7.64%,Isetan Mitsukoshi Holdings Ltd.,"7,900","76,930",,
CRBN,iShares MSCI ACWI Low Carbon Target ETF,31/07/17,JAPAN — 7.64%,Isuzu Motors Ltd.,"15,800","2,16,777",,
CRBN,iShares MSCI ACWI Low Carbon Target ETF,31/07/17,JAPAN — 7.64%,ITOCHU Corp.,"31,600","4,94,898",,
CRBN,iShares MSCI ACWI Low Carbon Target ETF,31/07/17,JAPAN — 7.64%,Japan Exchange Group Inc.,"7,900","1,41,635",,
CRBN,iShares MSCI ACWI Low Carbon Target ETF,31/07/17,JAPAN — 7.64%,Japan Post Bank Co. Ltd.,"15,800","2,02,764",,
CRBN,iShares MSCI ACWI Low Carbon Target ETF,31/07/17,JAPAN — 7.64%,Japan Post Holdings Co. Ltd.,"15,800","1,98,903",,
CRBN,iShares MSCI ACWI Low Carbon Target ETF,31/07/17,JAPAN — 7.64%,Japan Tobacco Inc.,"15,800","5,48,235",,
CRBN,iShares MSCI ACWI Low Carbon Target ETF,31/07/17,JAPAN — 7.64%,Kansai Paint Co. Ltd.,"15,800","3,61,915",,
CRBN,iShares MSCI ACWI Low Carbon Target ETF,31/07/17,JAPAN — 7.64%,Kao Corp.,"7,900","4,80,027",,
CRBN,iShares MSCI ACWI Low Carbon Target ETF,31/07/17,JAPAN — 7.64%,KDDI Corp.,"23,700","6,26,309",,
CRBN,iShares MSCI ACWI Low Carbon Target ETF,31/07/17,JAPAN — 7.64%,Keisei Electric Railway Co. Ltd.,"7,900","2,15,919",,
CRBN,iShares MSCI ACWI Low Carbon Target ETF,31/07/17,JAPAN — 7.64%,Kirin Holdings Co. Ltd.,"15,800","3,47,544",,
CRBN,iShares MSCI ACWI Low Carbon Target ETF,31/07/17,JAPAN — 7.64%,Komatsu Ltd.,"15,800","4,23,902",,
CRBN,iShares MSCI ACWI Low Carbon Target ETF,31/07/17,JAPAN — 7.64%,Kubota Corp.,"15,800","2,74,475",,
CRBN,iShares MSCI ACWI Low Carbon Target ETF,31/07/17,JAPAN — 7.64%,Kyocera Corp.,"7,900","4,79,884",,
CRBN,iShares MSCI ACWI Low Carbon Target ETF,31/07/17,JAPAN — 7.64%,Marubeni Corp.,"63,200","4,18,283",,
CRBN,iShares MSCI ACWI Low Carbon Target ETF,31/07/17,JAPAN — 7.64%,Marui Group Co. Ltd.,"7,900","1,07,388",,
CRBN,iShares MSCI ACWI Low Carbon Target ETF,31/07/17,JAPAN — 7.64%,Maruichi Steel Tube Ltd.,"7,900","2,43,445",,
CRBN,iShares MSCI ACWI Low Carbon Target ETF,31/07/17,JAPAN — 7.64%,Mebuki Financial Group Inc.,"23,700","91,158",,
CRBN,iShares MSCI ACWI Low Carbon Target ETF,31/07/17,JAPAN — 7.64%,Mitsubishi Corp.,"15,800","3,42,683",,
CRBN,iShares MSCI ACWI Low Carbon Target ETF,31/07/17,JAPAN — 7.64%,Mitsubishi Electric Corp.,"31,600","4,89,179",,
CRBN,iShares MSCI ACWI Low Carbon Target ETF,31/07/17,JAPAN — 7.64%,Mitsubishi Estate Co. Ltd.,"7,900","1,43,422",,
CRBN,iShares MSCI ACWI Low Carbon Target ETF,31/07/17,JAPAN — 7.64%,Mitsubishi Heavy Industries Ltd.,"79,000","3,14,084",,
CRBN,iShares MSCI ACWI Low Carbon Target ETF,31/07/17,JAPAN — 7.64%,Mitsubishi Motors Corp.,"15,800","1,14,108",,
CRBN,iShares MSCI ACWI Low Carbon Target ETF,31/07/17,JAPAN — 7.64%,Mitsubishi UFJ Financial Group Inc.,"1,58,000","10,00,950",,
CRBN,iShares MSCI ACWI Low Carbon Target ETF,31/07/17,JAPAN — 7.64%,Mitsubishi UFJ Lease & Finance Co. Ltd.,"15,800","84,080",,
CRBN,iShares MSCI ACWI Low Carbon Target ETF,31/07/17,JAPAN — 7.64%,Mitsui & Co. Ltd.,"31,600","4,59,007",,
CRBN,iShares MSCI ACWI Low Carbon Target ETF,31/07/17,JAPAN — 7.64%,Mitsui Fudosan Co. Ltd.,"7,900","1,81,208",,
CRBN,iShares MSCI ACWI Low Carbon Target ETF,31/07/17,JAPAN — 7.64%,Mizuho Financial Group Inc.,"3,39,700","6,03,802",,
CRBN,iShares MSCI ACWI Low Carbon Target ETF,31/07/17,JAPAN — 7.64%,MS&AD Insurance Group Holdings Inc.,"7,900","2,76,834",,
CRBN,iShares MSCI ACWI Low Carbon Target ETF,31/07/17,JAPAN — 7.64%,Nippon Paint Holdings Co. Ltd.,"7,900","3,04,217",,
CRBN,iShares MSCI ACWI Low Carbon Target ETF,31/07/17,JAPAN — 7.64%,Nippon Telegraph & Telephone Corp.,"7,900","3,85,366",,
CRBN,iShares MSCI ACWI Low Carbon Target ETF,31/07/17,JAPAN — 7.64%,Nissan Motor Co. Ltd.,"31,600","3,13,440",,
CRBN,iShares MSCI ACWI Low Carbon Target ETF,31/07/17,JAPAN — 7.64%,Nomura Holdings Inc.,"71,100","4,22,630",,
CRBN,iShares MSCI ACWI Low Carbon Target ETF,31/07/17,JAPAN — 7.64%,Nomura Real Estate Holdings Inc.,"7,900","1,56,434",,
CRBN,iShares MSCI ACWI Low Carbon Target ETF,31/07/17,JAPAN — 7.64%,Nomura Real Estate Master Fund Inc.,79,"1,11,749",,
CRBN,iShares MSCI ACWI Low Carbon Target ETF,31/07/17,JAPAN — 7.64%,NTT DOCOMO Inc.,"15,800","3,66,491",,
CRBN,iShares MSCI ACWI Low Carbon Target ETF,31/07/17,JAPAN — 7.64%,Obayashi Corp.,"7,900","94,947",,
CRBN,iShares MSCI ACWI Low Carbon Target ETF,31/07/17,JAPAN — 7.64%,Odakyu Electric Railway Co. Ltd.,"7,900","1,56,220",,
CRBN,iShares MSCI ACWI Low Carbon Target ETF,31/07/17,JAPAN — 7.64%,Olympus Corp.,"7,900","2,86,701",,
CRBN,iShares MSCI ACWI Low Carbon Target ETF,31/07/17,JAPAN — 7.64%,Omron Corp.,"7,900","3,93,945",,
CRBN,iShares MSCI ACWI Low Carbon Target ETF,31/07/17,JAPAN — 7.64%,ORIX Corp.,"15,800","2,50,452",,
CRBN,iShares MSCI ACWI Low Carbon Target ETF,31/07/17,JAPAN — 7.64%,Otsuka Holdings Co. Ltd.,"7,900","3,47,473",,
CRBN,iShares MSCI ACWI Low Carbon Target ETF,31/07/17,JAPAN — 7.64%,Panasonic Corp.,"23,700","3,26,238",,
CRBN,iShares MSCI ACWI Low Carbon Target ETF,31/07/17,JAPAN — 7.64%,Rakuten Inc.,"15,800","1,92,754",,
CRBN,iShares MSCI ACWI Low Carbon Target ETF,31/07/17,JAPAN — 7.64%,Resona Holdings Inc.,"39,500","2,03,193",,
CRBN,iShares MSCI ACWI Low Carbon Target ETF,31/07/17,JAPAN — 7.64%,SBI Holdings Inc./Japan,"7,900","1,12,893",,
CRBN,iShares MSCI ACWI Low Carbon Target ETF,31/07/17,JAPAN — 7.64%,Secom Co. Ltd.,"7,900","5,91,776",,
CRBN,iShares MSCI ACWI Low Carbon Target ETF,31/07/17,JAPAN — 7.64%,Sekisui House Ltd.,"15,800","2,73,331",,
CRBN,iShares MSCI ACWI Low Carbon Target ETF,31/07/17,JAPAN — 7.64%,Seven & I Holdings Co. Ltd.,"7,900","3,17,802",,
CRBN,iShares MSCI ACWI Low Carbon Target ETF,31/07/17,JAPAN — 7.64%,Shin-Etsu Chemical Co. Ltd.,"7,900","7,22,829",,
CRBN,iShares MSCI ACWI Low Carbon Target ETF,31/07/17,JAPAN — 7.64%,Shionogi & Co. Ltd.,"7,900","4,21,543",,
CRBN,iShares MSCI ACWI Low Carbon Target ETF,31/07/17,JAPAN — 7.64%,Shiseido Co. Ltd.,"7,900","2,78,836",,
CRBN,iShares MSCI ACWI Low Carbon Target ETF,31/07/17,JAPAN — 7.64%,SoftBank Group Corp.,"7,900","6,40,465",,
CRBN,iShares MSCI ACWI Low Carbon Target ETF,31/07/17,JAPAN — 7.64%,Sompo Holdings Inc.,"7,900","3,09,723",,
CRBN,iShares MSCI ACWI Low Carbon Target ETF,31/07/17,JAPAN — 7.64%,Sony Corp.,"15,800","6,49,188",,
CRBN,iShares MSCI ACWI Low Carbon Target ETF,31/07/17,JAPAN — 7.64%,Subaru Corp.,"7,900","2,85,557",,
CRBN,iShares MSCI ACWI Low Carbon Target ETF,31/07/17,JAPAN — 7.64%,Sumitomo Corp.,"39,500","5,33,185",,
CRBN,iShares MSCI ACWI Low Carbon Target ETF,31/07/17,JAPAN — 7.64%,Sumitomo Mitsui Financial Group Inc.,"15,800","5,99,855",,
CRBN,iShares MSCI ACWI Low Carbon Target ETF,31/07/17,JAPAN — 7.64%,Sumitomo Mitsui Trust Holdings Inc.,"7,900","2,89,847",,
CRBN,iShares MSCI ACWI Low Carbon Target ETF,31/07/17,JAPAN — 7.64%,Suzuki Motor Corp.,"7,900","3,73,926",,
CRBN,iShares MSCI ACWI Low Carbon Target ETF,31/07/17,JAPAN — 7.64%,T&D Holdings Inc.,"15,800","2,33,364",,
CRBN,iShares MSCI ACWI Low Carbon Target ETF,31/07/17,JAPAN — 7.64%,Takeda Pharmaceutical Co. Ltd.,"7,900","4,16,967",,
CRBN,iShares MSCI ACWI Low Carbon Target ETF,31/07/17,JAPAN — 7.64%,Terumo Corp.,"7,900","2,98,498",,
CRBN,iShares MSCI ACWI Low Carbon Target ETF,31/07/17,JAPAN — 7.64%,Toho Gas Co. Ltd.,"79,000","5,34,079",,
CRBN,iShares MSCI ACWI Low Carbon Target ETF,31/07/17,JAPAN — 7.64%,Tokio Marine Holdings Inc.,"7,900","3,32,101",,
CRBN,iShares MSCI ACWI Low Carbon Target ETF,31/07/17,JAPAN — 7.64%,Toyota Industries Corp.,"7,900","4,23,974",,
CRBN,iShares MSCI ACWI Low Carbon Target ETF,31/07/17,JAPAN — 7.64%,Toyota Motor Corp.,"31,600","17,82,835",,
CRBN,iShares MSCI ACWI Low Carbon Target ETF,31/07/17,JAPAN — 7.64%,Toyota Tsusho Corp.,"7,900","2,53,812",,
CRBN,iShares MSCI ACWI Low Carbon Target ETF,31/07/17,JAPAN — 7.64%,Unicharm Corp.,"7,900","2,02,299",,
CRBN,iShares MSCI ACWI Low Carbon Target ETF,31/07/17,JAPAN — 7.64%,Yahoo Japan Corp.,"23,700","1,07,245",,
CRBN,iShares MSCI ACWI Low Carbon Target ETF,31/07/17,JAPAN — 7.64%,Yamaha Corp.,"7,900","2,78,836",,
CRBN,iShares MSCI ACWI Low Carbon Target ETF,31/07/17,JAPAN — 7.64%,Yamaha Motor Co. Ltd.,"7,900","1,98,760",,
CRBN,iShares MSCI ACWI Low Carbon Target ETF,31/07/17,JAPAN — 7.64%,Yamato Holdings Co. Ltd.,"7,900","1,58,365","3,32,32,528",
CRBN,iShares MSCI ACWI Low Carbon Target ETF,31/07/17,MALAYSIA — 0.29%,British American Tobacco Malaysia Bhd,"7,900","81,187",,
CRBN,iShares MSCI ACWI Low Carbon Target ETF,31/07/17,MALAYSIA — 0.29%,CIMB Group Holdings Bhd,"71,100","1,08,772",,
CRBN,iShares MSCI ACWI Low Carbon Target ETF,31/07/17,MALAYSIA — 0.29%,Gamuda Bhd,"55,300","68,455",,
CRBN,iShares MSCI ACWI Low Carbon Target ETF,31/07/17,MALAYSIA — 0.29%,IOI Properties Group Bhd,"47,400","23,249",,
CRBN,iShares MSCI ACWI Low Carbon Target ETF,31/07/17,MALAYSIA — 0.29%,Malayan Banking Bhd,"31,600","70,411",,
CRBN,iShares MSCI ACWI Low Carbon Target ETF,31/07/17,MALAYSIA — 0.29%,Petronas Chemicals Group Bhd,"55,300","89,766",,
CRBN,iShares MSCI ACWI Low Carbon Target ETF,31/07/17,MALAYSIA — 0.29%,Petronas Dagangan Bhd,"79,000","4,38,776",,
CRBN,iShares MSCI ACWI Low Carbon Target ETF,31/07/17,MALAYSIA — 0.29%,PPB Group Bhd,"55,300","2,17,764",,
CRBN,iShares MSCI ACWI Low Carbon Target ETF,31/07/17,MALAYSIA — 0.29%,Sapura Energy Bhd,"1,81,700","65,355",,
CRBN,iShares MSCI ACWI Low Carbon Target ETF,31/07/17,MALAYSIA — 0.29%,Westports Holdings Bhd,"1,24,400","1,08,376","12,72,111",
CRBN,iShares MSCI ACWI Low Carbon Target ETF,31/07/17,MEXICO — 0.35%,America Movil SAB de CV,"2,44,900","2,16,236",,
CRBN,iShares MSCI ACWI Low Carbon Target ETF,31/07/17,MEXICO — 0.35%,Fomento Economico Mexicano SAB de CV,"23,700","2,38,711",,
CRBN,iShares MSCI ACWI Low Carbon Target ETF,31/07/17,MEXICO — 0.35%,Grupo Aeroportuario del Pacifico SAB de CV Series,"7,900","90,228",,
CRBN,iShares MSCI ACWI Low Carbon Target ETF,31/07/17,MEXICO — 0.35%,Grupo Financiero Banorte SAB de CV,"15,800","1,04,471",,
CRBN,iShares MSCI ACWI Low Carbon Target ETF,31/07/17,MEXICO — 0.35%,Grupo Mexico SAB de CV Series,"1,58,000","5,13,325",,
CRBN,iShares MSCI ACWI Low Carbon Target ETF,31/07/17,MEXICO — 0.35%,Grupo Televisa SAB,"31,600","1,67,993",,
CRBN,iShares MSCI ACWI Low Carbon Target ETF,31/07/17,MEXICO — 0.35%,Wal-Mart de Mexico SAB de CV,"79,000","1,81,819","15,12,783",
CRBN,iShares MSCI ACWI Low Carbon Target ETF,31/07/17,NETHERLANDS — 1.30%,Aegon NV,"28,835","1,61,109",,
CRBN,iShares MSCI ACWI Low Carbon Target ETF,31/07/17,NETHERLANDS — 1.30%,AerCap Holdings NV,"2,844","1,39,640",,
CRBN,iShares MSCI ACWI Low Carbon Target ETF,31/07/17,NETHERLANDS — 1.30%,Altice NV Class,"5,925","1,45,684",,
CRBN,iShares MSCI ACWI Low Carbon Target ETF,31/07/17,NETHERLANDS — 1.30%,ASML Holding NV,"4,345","6,56,481",,
CRBN,iShares MSCI ACWI Low Carbon Target ETF,31/07/17,NETHERLANDS — 1.30%,Heineken NV,"2,133","2,21,731",,
CRBN,iShares MSCI ACWI Low Carbon Target ETF,31/07/17,NETHERLANDS — 1.30%,ING Groep NV,"41,870","7,80,704",,
CRBN,iShares MSCI ACWI Low Carbon Target ETF,31/07/17,NETHERLANDS — 1.30%,Koninklijke Ahold Delhaize NV,"9,717","1,98,138",,
CRBN,iShares MSCI ACWI Low Carbon Target ETF,31/07/17,NETHERLANDS — 1.30%,Koninklijke DSM NV,"1,185","87,152",,
CRBN,iShares MSCI ACWI Low Carbon Target ETF,31/07/17,NETHERLANDS — 1.30%,Koninklijke KPN NV,"42,028","1,51,824",,
CRBN,iShares MSCI ACWI Low Carbon Target ETF,31/07/17,NETHERLANDS — 1.30%,Koninklijke Philips NV,"12,798","4,88,577",,
CRBN,iShares MSCI ACWI Low Carbon Target ETF,31/07/17,NETHERLANDS — 1.30%,Koninklijke Vopak NV,"14,615","6,93,810",,
CRBN,iShares MSCI ACWI Low Carbon Target ETF,31/07/17,NETHERLANDS — 1.30%,NN Group NV,"4,582","1,85,241",,
CRBN,iShares MSCI ACWI Low Carbon Target ETF,31/07/17,NETHERLANDS — 1.30%,NXP Semiconductors NV,"3,239","3,57,359",,
CRBN,iShares MSCI ACWI Low Carbon Target ETF,31/07/17,NETHERLANDS — 1.30%,Randstad Holding NV,"2,370","1,42,450",,
CRBN,iShares MSCI ACWI Low Carbon Target ETF,31/07/17,NETHERLANDS — 1.30%,RELX NV,"9,498","1,99,103",,
CRBN,iShares MSCI ACWI Low Carbon Target ETF,31/07/17,NETHERLANDS — 1.30%,Unilever NV CVA,"15,405","8,95,412",,
CRBN,iShares MSCI ACWI Low Carbon Target ETF,31/07/17,NETHERLANDS — 1.30%,Wolters Kluwer NV,"3,677","1,63,068","56,67,483",
CRBN,iShares MSCI ACWI Low Carbon Target ETF,31/07/17,NEW ZEALAND — 0.10%,Auckland International Airport Ltd.,"15,642","81,624",,
CRBN,iShares MSCI ACWI Low Carbon Target ETF,31/07/17,NEW ZEALAND — 0.10%,Meridian Energy Ltd.,"1,53,418","3,31,272","4,12,896",
CRBN,iShares MSCI ACWI Low Carbon Target ETF,31/07/17,NORWAY — 0.25%,DNB ASA,"15,563","3,04,508",,
CRBN,iShares MSCI ACWI Low Carbon Target ETF,31/07/17,NORWAY — 0.25%,Gjensidige Forsikring ASA,"4,187","72,173",,
CRBN,iShares MSCI ACWI Low Carbon Target ETF,31/07/17,NORWAY — 0.25%,Marine Harvest ASA,"10,530","1,95,237",,
CRBN,iShares MSCI ACWI Low Carbon Target ETF,31/07/17,NORWAY — 0.25%,Orkla ASA,"23,937","2,45,386",,
CRBN,iShares MSCI ACWI Low Carbon Target ETF,31/07/17,NORWAY — 0.25%,Telenor ASA,"12,877","2,56,354","10,73,658",
CRBN,iShares MSCI ACWI Low Carbon Target ETF,31/07/17,PERU — 0.15%,Southern Copper Corp.,"16,116","6,34,003","6,34,003",
CRBN,iShares MSCI ACWI Low Carbon Target ETF,31/07/17,PHILIPPINES — 0.06%,International Container Terminal Services Inc.,"38,710","81,931",,
CRBN,iShares MSCI ACWI Low Carbon Target ETF,31/07/17,PHILIPPINES — 0.06%,PLDT Inc.,"1,185","38,443",,
CRBN,iShares MSCI ACWI Low Carbon Target ETF,31/07/17,PHILIPPINES — 0.06%,SM Corp.,"3,160","50,537",,
CRBN,iShares MSCI ACWI Low Carbon Target ETF,31/07/17,PHILIPPINES — 0.06%,SM Prime Holdings Inc.,"1,58,000","1,09,279","2,80,190",
CRBN,iShares MSCI ACWI Low Carbon Target ETF,31/07/17,POLAND — 0.15%,Bank Pekao SA,"4,108","1,45,432",,
CRBN,iShares MSCI ACWI Low Carbon Target ETF,31/07/17,POLAND — 0.15%,Bank Zachodni WBK SA,"1,106","1,16,438",,
CRBN,iShares MSCI ACWI Low Carbon Target ETF,31/07/17,POLAND — 0.15%,Powszechna Kasa Oszczednosci Bank Polski SA,"19,592","1,99,885",,
CRBN,iShares MSCI ACWI Low Carbon Target ETF,31/07/17,POLAND — 0.15%,Powszechny Zaklad Ubezpieczen SA,"16,827","2,06,448","6,68,203",
CRBN,iShares MSCI ACWI Low Carbon Target ETF,31/07/17,PORTUGAL — 0.03%,Jeronimo Martins SGPS SA,"6,083","1,19,232","1,19,232",
CRBN,iShares MSCI ACWI Low Carbon Target ETF,31/07/17,QATAR — 0.07%,Barwa Real Estate Co.,"4,582","42,098",,
CRBN,iShares MSCI ACWI Low Carbon Target ETF,31/07/17,QATAR — 0.07%,Ezdan Holding Group QSC,"10,665","38,228",,
CRBN,iShares MSCI ACWI Low Carbon Target ETF,31/07/17,QATAR — 0.07%,Ooredoo QSC,474,"12,473",,
CRBN,iShares MSCI ACWI Low Carbon Target ETF,31/07/17,QATAR — 0.07%,Qatar Gas Transport Co. Ltd.,"44,640","2,21,805","3,14,604",
CRBN,iShares MSCI ACWI Low Carbon Target ETF,31/07/17,RUSSIA — 0.30%,Magnit PJSC GDR d,"8,453","3,10,225",,
CRBN,iShares MSCI ACWI Low Carbon Target ETF,31/07/17,RUSSIA — 0.30%,Mobile TeleSystems PJSC ADR,"22,278","1,90,923",,
CRBN,iShares MSCI ACWI Low Carbon Target ETF,31/07/17,RUSSIA — 0.30%,PhosAgro PJSC GDR d,"14,536","2,00,597",,
CRBN,iShares MSCI ACWI Low Carbon Target ETF,31/07/17,RUSSIA — 0.30%,Sberbank Russia PJSC ADR,"51,705","6,02,363","13,04,108",
CRBN,iShares MSCI ACWI Low Carbon Target ETF,31/07/17,SINGAPORE — 0.43%,City Developments Ltd.,"7,900","65,542",,
CRBN,iShares MSCI ACWI Low Carbon Target ETF,31/07/17,SINGAPORE — 0.43%,DBS Group Holdings Ltd.,"15,800","2,51,692",,
CRBN,iShares MSCI ACWI Low Carbon Target ETF,31/07/17,SINGAPORE — 0.43%,Genting Singapore PLC,"1,26,400","1,08,500",,
CRBN,iShares MSCI ACWI Low Carbon Target ETF,31/07/17,SINGAPORE — 0.43%,Global Logistic Properties Ltd.,"55,300","1,34,868",,
CRBN,iShares MSCI ACWI Low Carbon Target ETF,31/07/17,SINGAPORE — 0.43%,Hutchison Port Holdings Trust,"3,00,200","1,42,595",,
CRBN,iShares MSCI ACWI Low Carbon Target ETF,31/07/17,SINGAPORE — 0.43%,Oversea-Chinese Banking Corp. Ltd.,"23,700","1,98,373",,
CRBN,iShares MSCI ACWI Low Carbon Target ETF,31/07/17,SINGAPORE — 0.43%,SATS Ltd.,"14,000","49,823",,
CRBN,iShares MSCI ACWI Low Carbon Target ETF,31/07/17,SINGAPORE — 0.43%,Singapore Technologies Engineering Ltd.,"23,700","65,833",,
CRBN,iShares MSCI ACWI Low Carbon Target ETF,31/07/17,SINGAPORE — 0.43%,Singapore Telecommunications Ltd.,"1,50,100","4,39,064",,
CRBN,iShares MSCI ACWI Low Carbon Target ETF,31/07/17,SINGAPORE — 0.43%,United Overseas Bank Ltd.,"7,900","1,39,641",,
CRBN,iShares MSCI ACWI Low Carbon Target ETF,31/07/17,SINGAPORE — 0.43%,UOL Group Ltd.,"23,700","1,37,779",,
CRBN,iShares MSCI ACWI Low Carbon Target ETF,31/07/17,SINGAPORE — 0.43%,Yangzijiang Shipbuilding Holdings Ltd.,"1,42,200","1,48,256","18,81,966",
CRBN,iShares MSCI ACWI Low Carbon Target ETF,31/07/17,SOUTH AFRICA — 0.78%,Aspen Pharmacare Holdings Ltd.,"5,767","1,20,754",,
CRBN,iShares MSCI ACWI Low Carbon Target ETF,31/07/17,SOUTH AFRICA — 0.78%,Barclays Africa Group Ltd.,"6,241","68,400",,
CRBN,iShares MSCI ACWI Low Carbon Target ETF,31/07/17,SOUTH AFRICA — 0.78%,Bid Corp. Ltd.,"5,451","1,30,696",,
CRBN,iShares MSCI ACWI Low Carbon Target ETF,31/07/17,SOUTH AFRICA — 0.78%,Brait SE,"15,800","75,337",,
CRBN,iShares MSCI ACWI Low Carbon Target ETF,31/07/17,SOUTH AFRICA — 0.78%,FirstRand Ltd.,"57,986","2,27,923",,
CRBN,iShares MSCI ACWI Low Carbon Target ETF,31/07/17,SOUTH AFRICA — 0.78%,Fortress Income Fund Ltd.,"20,777","60,156",,
CRBN,iShares MSCI ACWI Low Carbon Target ETF,31/07/17,SOUTH AFRICA — 0.78%,Fortress Income Fund Ltd. Class,"35,234","47,081",,
CRBN,iShares MSCI ACWI Low Carbon Target ETF,31/07/17,SOUTH AFRICA — 0.78%,Growthpoint Properties Ltd.,"1,07,124","2,01,196",,
CRBN,iShares MSCI ACWI Low Carbon Target ETF,31/07/17,SOUTH AFRICA — 0.78%,Liberty Holdings Ltd.,"7,347","62,930",,
CRBN,iShares MSCI ACWI Low Carbon Target ETF,31/07/17,SOUTH AFRICA — 0.78%,Mr. Price Group Ltd.,"2,686","35,246",,
CRBN,iShares MSCI ACWI Low Carbon Target ETF,31/07/17,SOUTH AFRICA — 0.78%,MTN Group Ltd.,"21,172","1,90,141",,
CRBN,iShares MSCI ACWI Low Carbon Target ETF,31/07/17,SOUTH AFRICA — 0.78%,Naspers Ltd. Class N,"5,056","11,14,571",,
CRBN,iShares MSCI ACWI Low Carbon Target ETF,31/07/17,SOUTH AFRICA — 0.78%,Nedbank Group Ltd.,"3,871","64,274",,
CRBN,iShares MSCI ACWI Low Carbon Target ETF,31/07/17,SOUTH AFRICA — 0.78%,Redefine Properties Ltd.,"2,19,067","1,78,823",,
CRBN,iShares MSCI ACWI Low Carbon Target ETF,31/07/17,SOUTH AFRICA — 0.78%,RMB Holdings Ltd.,"28,440","1,37,073",,
CRBN,iShares MSCI ACWI Low Carbon Target ETF,31/07/17,SOUTH AFRICA — 0.78%,Sanlam Ltd.,"28,598","1,43,816",,
CRBN,iShares MSCI ACWI Low Carbon Target ETF,31/07/17,SOUTH AFRICA — 0.78%,SPAR Group Ltd. (The),"5,135","64,276",,
CRBN,iShares MSCI ACWI Low Carbon Target ETF,31/07/17,SOUTH AFRICA — 0.78%,Standard Bank Group Ltd.,"18,249","2,26,464",,
CRBN,iShares MSCI ACWI Low Carbon Target ETF,31/07/17,SOUTH AFRICA — 0.78%,Steinhoff International Holdings NV Class H,"45,188","2,26,047",,
CRBN,iShares MSCI ACWI Low Carbon Target ETF,31/07/17,SOUTH AFRICA — 0.78%,Vodacom Group Ltd.,"1,659","22,391","33,97,595",
CRBN,iShares MSCI ACWI Low Carbon Target ETF,31/07/17,SOUTH KOREA — 0.13%,AmorePacific Corp.,632,"1,60,111",,
CRBN,iShares MSCI ACWI Low Carbon Target ETF,31/07/17,SOUTH KOREA — 1.55%,AmorePacific Group,711,"77,196",,
CRBN,iShares MSCI ACWI Low Carbon Target ETF,31/07/17,SOUTH KOREA — 1.55%,BGF retail Co. Ltd.,790,"65,230",,
CRBN,iShares MSCI ACWI Low Carbon Target ETF,31/07/17,SOUTH KOREA — 1.55%,Celltrion Inc.,904,"87,650",,
CRBN,iShares MSCI ACWI Low Carbon Target ETF,31/07/17,SOUTH KOREA — 1.55%,Coway Co. Ltd.,948,"83,952",,
CRBN,iShares MSCI ACWI Low Carbon Target ETF,31/07/17,SOUTH KOREA — 1.55%,Daelim Industrial Co. Ltd.,632,"51,789",,
CRBN,iShares MSCI ACWI Low Carbon Target ETF,31/07/17,SOUTH KOREA — 1.55%,Dongsuh Cos. Inc.,"1,580","41,722",,
CRBN,iShares MSCI ACWI Low Carbon Target ETF,31/07/17,SOUTH KOREA — 1.55%,Hana Financial Group Inc.,"4,582","2,08,822",,
CRBN,iShares MSCI ACWI Low Carbon Target ETF,31/07/17,SOUTH KOREA — 1.55%,Hanwha Corp.,"2,291","1,00,214",,
CRBN,iShares MSCI ACWI Low Carbon Target ETF,31/07/17,SOUTH KOREA — 1.55%,Hyundai Engineering & Construction Co. Ltd.,"2,212","89,544",,
CRBN,iShares MSCI ACWI Low Carbon Target ETF,31/07/17,SOUTH KOREA — 1.55%,Hyundai Glovis Co. Ltd.,790,"1,10,835",,
CRBN,iShares MSCI ACWI Low Carbon Target ETF,31/07/17,SOUTH KOREA — 1.55%,Hyundai Heavy Industries Co. Ltd.,447,"69,703",,
CRBN,iShares MSCI ACWI Low Carbon Target ETF,31/07/17,SOUTH KOREA — 1.55%,Hyundai Mobis Co. Ltd.,948,"2,08,398",,
CRBN,iShares MSCI ACWI Low Carbon Target ETF,31/07/17,SOUTH KOREA — 1.55%,Hyundai Motor Co.,948,"1,22,836",,
CRBN,iShares MSCI ACWI Low Carbon Target ETF,31/07/17,SOUTH KOREA — 1.55%,Industrial Bank Korea,"9,480","1,30,884",,
CRBN,iShares MSCI ACWI Low Carbon Target ETF,31/07/17,SOUTH KOREA — 1.55%,Kangwon Land Inc.,"2,765","91,421",,
CRBN,iShares MSCI ACWI Low Carbon Target ETF,31/07/17,SOUTH KOREA — 1.55%,KB Financial Group Inc.,"3,916","2,07,864",,
CRBN,iShares MSCI ACWI Low Carbon Target ETF,31/07/17,SOUTH KOREA — 1.55%,Kia Motors Corp.,"3,792","1,24,022",,
CRBN,iShares MSCI ACWI Low Carbon Target ETF,31/07/17,SOUTH KOREA — 1.55%,Korea Aerospace Industries Ltd. Class,"1,242","57,380",,
CRBN,iShares MSCI ACWI Low Carbon Target ETF,31/07/17,SOUTH KOREA — 1.55%,Korea Gas Corp.,"3,002","1,34,668",,
CRBN,iShares MSCI ACWI Low Carbon Target ETF,31/07/17,SOUTH KOREA — 1.55%,Korea Zinc Co. Ltd.,948,"4,18,067",,
CRBN,iShares MSCI ACWI Low Carbon Target ETF,31/07/17,SOUTH KOREA — 1.55%,KT&G Corp.,"2,291","2,33,389",,
CRBN,iShares MSCI ACWI Low Carbon Target ETF,31/07/17,SOUTH KOREA — 1.55%,LG Household & Health Care Ltd.,158,"1,39,921",,
CRBN,iShares MSCI ACWI Low Carbon Target ETF,31/07/17,SOUTH KOREA — 1.55%,NAVER Corp.,284,"2,03,791",,
CRBN,iShares MSCI ACWI Low Carbon Target ETF,31/07/17,SOUTH KOREA — 1.55%,Samsung C&T Corp.,"1,264","1,57,005",,
CRBN,iShares MSCI ACWI Low Carbon Target ETF,31/07/17,SOUTH KOREA — 1.55%,Samsung Electronics Co. Ltd.,"1,055","22,72,061",,
CRBN,iShares MSCI ACWI Low Carbon Target ETF,31/07/17,SOUTH KOREA — 1.55%,Samsung Fire & Marine Insurance Co. Ltd.,474,"1,23,684",,
CRBN,iShares MSCI ACWI Low Carbon Target ETF,31/07/17,SOUTH KOREA — 1.55%,Samsung Life Insurance Co. Ltd.,"1,422","1,59,476",,
CRBN,iShares MSCI ACWI Low Carbon Target ETF,31/07/17,SOUTH KOREA — 1.55%,Shinhan Financial Group Co. Ltd.,"4,357","2,07,133",,
CRBN,iShares MSCI ACWI Low Carbon Target ETF,31/07/17,SOUTH KOREA — 1.55%,SK Holdings Co. Ltd.,790,"1,91,667",,
CRBN,iShares MSCI ACWI Low Carbon Target ETF,31/07/17,SOUTH KOREA — 1.55%,SK Hynix Inc.,"4,661","2,74,899",,
CRBN,iShares MSCI ACWI Low Carbon Target ETF,31/07/17,SOUTH KOREA — 1.55%,SK Telecom Co. Ltd.,553,"1,37,379","67,42,713",
CRBN,iShares MSCI ACWI Low Carbon Target ETF,31/07/17,SPAIN — 1.19%,Abertis Infraestructuras SA,"18,960","3,73,086",,
CRBN,iShares MSCI ACWI Low Carbon Target ETF,31/07/17,SPAIN — 1.19%,Aena SA,"2,212","4,30,964",,
CRBN,iShares MSCI ACWI Low Carbon Target ETF,31/07/17,SPAIN — 1.19%,Amadeus IT Group SA,"5,214","3,20,029",,
CRBN,iShares MSCI ACWI Low Carbon Target ETF,31/07/17,SPAIN — 1.19%,Banco Bilbao Vizcaya Argentaria SA,"81,707","7,37,041",,
CRBN,iShares MSCI ACWI Low Carbon Target ETF,31/07/17,SPAIN — 1.19%,Banco de Sabadell SA,"86,671","1,93,436",,
CRBN,iShares MSCI ACWI Low Carbon Target ETF,31/07/17,SPAIN — 1.19%,Banco Santander SA,"1,78,866","12,17,639",,
CRBN,iShares MSCI ACWI Low Carbon Target ETF,31/07/17,SPAIN — 1.19%,Bankia SA,"30,629","1,54,630",,
CRBN,iShares MSCI ACWI Low Carbon Target ETF,31/07/17,SPAIN — 1.19%,CaixaBank SA,"56,011","2,91,619",,
CRBN,iShares MSCI ACWI Low Carbon Target ETF,31/07/17,SPAIN — 1.19%,Industria de Diseno Textil SA,"14,062","5,56,892",,
CRBN,iShares MSCI ACWI Low Carbon Target ETF,31/07/17,SPAIN — 1.19%,Mapfre SA,"40,132","1,49,092",,
CRBN,iShares MSCI ACWI Low Carbon Target ETF,31/07/17,SPAIN — 1.19%,Siemens Gamesa Renewable Energy SA,"4,503","73,530",,
CRBN,iShares MSCI ACWI Low Carbon Target ETF,31/07/17,SPAIN — 1.19%,Telefonica SA,"60,040","6,76,725","51,74,683",
CRBN,iShares MSCI ACWI Low Carbon Target ETF,31/07/17,SWEDEN — 0.95%,Assa Abloy AB Class,"11,376","2,43,298",,
CRBN,iShares MSCI ACWI Low Carbon Target ETF,31/07/17,SWEDEN — 0.95%,Atlas Copco AB Class,"9,243","3,34,341",,
CRBN,iShares MSCI ACWI Low Carbon Target ETF,31/07/17,SWEDEN — 0.95%,Atlas Copco AB Class,"5,135","1,66,066",,
CRBN,iShares MSCI ACWI Low Carbon Target ETF,31/07/17,SWEDEN — 0.95%,Boliden AB,"24,253","7,60,356",,
CRBN,iShares MSCI ACWI Low Carbon Target ETF,31/07/17,SWEDEN — 0.95%,Hennes & Mauritz AB Class,"11,692","3,04,259",,
CRBN,iShares MSCI ACWI Low Carbon Target ETF,31/07/17,SWEDEN — 0.95%,Hexagon AB Class,"2,844","1,40,283",,
CRBN,iShares MSCI ACWI Low Carbon Target ETF,31/07/17,SWEDEN — 0.95%,Investor AB Class,"5,767","2,73,056",,
CRBN,iShares MSCI ACWI Low Carbon Target ETF,31/07/17,SWEDEN — 0.95%,Kinnevik AB Class,"2,607","79,927",,
CRBN,iShares MSCI ACWI Low Carbon Target ETF,31/07/17,SWEDEN — 0.95%,Nordea Bank AB,"30,494","3,84,141",,
CRBN,iShares MSCI ACWI Low Carbon Target ETF,31/07/17,SWEDEN — 0.95%,Sandvik AB,"13,588","2,13,839",,
CRBN,iShares MSCI ACWI Low Carbon Target ETF,31/07/17,SWEDEN — 0.95%,Skandinaviska Enskilda Banken AB Class,"9,243","1,16,894",,
CRBN,iShares MSCI ACWI Low Carbon Target ETF,31/07/17,SWEDEN — 0.95%,SKF AB Class,"2,686","53,328",,
CRBN,iShares MSCI ACWI Low Carbon Target ETF,31/07/17,SWEDEN — 0.95%,Svenska Handelsbanken AB Class,"12,324","1,83,130",,
CRBN,iShares MSCI ACWI Low Carbon Target ETF,31/07/17,SWEDEN — 0.95%,Swedbank AB Class,"6,557","1,70,875",,
CRBN,iShares MSCI ACWI Low Carbon Target ETF,31/07/17,SWEDEN — 0.95%,Telefonaktiebolaget LM Ericsson Class,"38,868","2,52,023",,
CRBN,iShares MSCI ACWI Low Carbon Target ETF,31/07/17,SWEDEN — 0.95%,Telia Co. AB,"18,170","85,245",,
CRBN,iShares MSCI ACWI Low Carbon Target ETF,31/07/17,SWEDEN — 0.95%,Volvo AB Class,"21,567","3,65,802","41,26,863",
CRBN,iShares MSCI ACWI Low Carbon Target ETF,31/07/17,SWITZERLAND — 2.67%,ABB Ltd. Registered,"18,960","4,46,071",,
CRBN,iShares MSCI ACWI Low Carbon Target ETF,31/07/17,SWITZERLAND — 2.67%,Adecco Group AG Registered,"2,528","1,93,363",,
CRBN,iShares MSCI ACWI Low Carbon Target ETF,31/07/17,SWITZERLAND — 2.67%,Cie. Financiere Richemont SA Class Registered,"5,767","4,91,018",,
CRBN,iShares MSCI ACWI Low Carbon Target ETF,31/07/17,SWITZERLAND — 2.67%,Credit Suisse Group AG Registered,"30,401","4,68,847",,
CRBN,iShares MSCI ACWI Low Carbon Target ETF,31/07/17,SWITZERLAND — 2.67%,EMS-Chemie Holding AG Registered,316,"2,20,416",,
CRBN,iShares MSCI ACWI Low Carbon Target ETF,31/07/17,SWITZERLAND — 2.67%,Geberit AG Registered,395,"1,90,448",,
CRBN,iShares MSCI ACWI Low Carbon Target ETF,31/07/17,SWITZERLAND — 2.67%,Givaudan SA Registered,237,"4,72,846",,
CRBN,iShares MSCI ACWI Low Carbon Target ETF,31/07/17,SWITZERLAND — 2.67%,Kuehne Nagel International AG Registered,"1,106","1,93,036",,
CRBN,iShares MSCI ACWI Low Carbon Target ETF,31/07/17,SWITZERLAND — 2.67%,Nestle SA Registered,"32,232","27,29,289",,
CRBN,iShares MSCI ACWI Low Carbon Target ETF,31/07/17,SWITZERLAND — 2.67%,Novartis AG Registered,"23,305","19,90,291",,
CRBN,iShares MSCI ACWI Low Carbon Target ETF,31/07/17,SWITZERLAND — 2.67%,Roche Holding AG,"7,110","18,04,673",,
CRBN,iShares MSCI ACWI Low Carbon Target ETF,31/07/17,SWITZERLAND — 2.67%,Sika AG Bearer,79,"5,45,717",,
CRBN,iShares MSCI ACWI Low Carbon Target ETF,31/07/17,SWITZERLAND — 2.67%,Swatch Group AG (The) Registered,"1,501","1,15,898",,
CRBN,iShares MSCI ACWI Low Carbon Target ETF,31/07/17,SWITZERLAND — 2.67%,Swiss Life Holding AG Registered,316,"1,15,612",,
CRBN,iShares MSCI ACWI Low Carbon Target ETF,31/07/17,SWITZERLAND — 2.67%,Swiss Re AG,"4,582","4,42,837",,
CRBN,iShares MSCI ACWI Low Carbon Target ETF,31/07/17,SWITZERLAND — 2.67%,UBS Group AG,"41,633","7,25,778",,
CRBN,iShares MSCI ACWI Low Carbon Target ETF,31/07/17,SWITZERLAND — 2.67%,Zurich Insurance Group AG,"1,580","4,82,753","1,16,28,893",
CRBN,iShares MSCI ACWI Low Carbon Target ETF,31/07/17,TAIWAN — 1.38%,Acer Inc.,"3,16,000","1,55,407",,
CRBN,iShares MSCI ACWI Low Carbon Target ETF,31/07/17,TAIWAN — 1.38%,Cathay Financial Holding Co. Ltd.,"2,37,000","3,86,164",,
CRBN,iShares MSCI ACWI Low Carbon Target ETF,31/07/17,TAIWAN — 1.38%,China Development Financial Holding Corp.,"3,16,000","95,337",,
CRBN,iShares MSCI ACWI Low Carbon Target ETF,31/07/17,TAIWAN — 1.38%,China Life Insurance Co. Ltd./Taiwan,"79,000","83,590",,
CRBN,iShares MSCI ACWI Low Carbon Target ETF,31/07/17,TAIWAN — 1.38%,Chunghwa Telecom Co. Ltd.,"79,000","2,66,861",,
CRBN,iShares MSCI ACWI Low Carbon Target ETF,31/07/17,TAIWAN — 1.38%,CTBC Financial Holding Co. Ltd.,"2,51,400","1,61,520",,
CRBN,iShares MSCI ACWI Low Carbon Target ETF,31/07/17,TAIWAN — 1.38%,Foxconn Technology Co. Ltd.,"79,510","2,39,092",,
CRBN,iShares MSCI ACWI Low Carbon Target ETF,31/07/17,TAIWAN — 1.38%,Fubon Financial Holding Co. Ltd.,"1,58,000","2,45,408",,
CRBN,iShares MSCI ACWI Low Carbon Target ETF,31/07/17,TAIWAN — 1.38%,Hon Hai Precision Industry Co. Ltd.,"2,37,650","9,24,769",,
CRBN,iShares MSCI ACWI Low Carbon Target ETF,31/07/17,TAIWAN — 1.38%,Mega Financial Holding Co. Ltd.,"2,37,000","2,00,538",,
CRBN,iShares MSCI ACWI Low Carbon Target ETF,31/07/17,TAIWAN — 1.38%,Pou Chen Corp.,"79,000","1,06,744",,
CRBN,iShares MSCI ACWI Low Carbon Target ETF,31/07/17,TAIWAN — 1.38%,Quanta Computer Inc.,"79,000","1,87,326",,
CRBN,iShares MSCI ACWI Low Carbon Target ETF,31/07/17,TAIWAN — 1.38%,Shin Kong Financial Holding Co. Ltd.,"1,58,000","42,227",,
CRBN,iShares MSCI ACWI Low Carbon Target ETF,31/07/17,TAIWAN — 1.38%,Synnex Technology International Corp.,"1,58,000","1,75,814",,
CRBN,iShares MSCI ACWI Low Carbon Target ETF,31/07/17,TAIWAN — 1.38%,Taiwan Mobile Co. Ltd.,"79,000","2,82,559",,
CRBN,iShares MSCI ACWI Low Carbon Target ETF,31/07/17,TAIWAN — 1.38%,Taiwan Semiconductor Manufacturing Co. Ltd.,"2,37,000","16,83,579",,
CRBN,iShares MSCI ACWI Low Carbon Target ETF,31/07/17,TAIWAN — 1.38%,Teco Electric and Machinery Co. Ltd.,"1,58,000","1,48,867",,
CRBN,iShares MSCI ACWI Low Carbon Target ETF,31/07/17,TAIWAN — 1.38%,Uni-President Enterprises Corp.,"1,58,000","3,02,442",,
CRBN,iShares MSCI ACWI Low Carbon Target ETF,31/07/17,TAIWAN — 1.38%,WPG Holdings Ltd.,"79,000","1,10,669",,
CRBN,iShares MSCI ACWI Low Carbon Target ETF,31/07/17,TAIWAN — 1.38%,Yuanta Financial Holding Co. Ltd.,"4,74,000","2,03,285","60,02,198",
CRBN,iShares MSCI ACWI Low Carbon Target ETF,31/07/17,THAILAND — 0.25%,Advanced Info Service PCL NVDR,"15,800","88,077",,
CRBN,iShares MSCI ACWI Low Carbon Target ETF,31/07/17,THAILAND — 0.25%,Airports Thailand PCL NVDR,"1,02,700","1,58,943",,
CRBN,iShares MSCI ACWI Low Carbon Target ETF,31/07/17,THAILAND — 0.25%,Bangkok Bank PCL Foreign,"7,900","43,801",,
CRBN,iShares MSCI ACWI Low Carbon Target ETF,31/07/17,THAILAND — 0.25%,Bangkok Expressway & Metro PCL,"2,94,500","66,376",,
CRBN,iShares MSCI ACWI Low Carbon Target ETF,31/07/17,THAILAND — 0.25%,BTS Group Holdings PCL NVDR,"2,29,100","59,209",,
CRBN,iShares MSCI ACWI Low Carbon Target ETF,31/07/17,THAILAND — 0.25%,CP ALL PCL NVDR,"71,100","1,29,801",,
CRBN,iShares MSCI ACWI Low Carbon Target ETF,31/07/17,THAILAND — 0.25%,Energy Absolute PCL NVDR,"2,92,300","3,25,007",,
CRBN,iShares MSCI ACWI Low Carbon Target ETF,31/07/17,THAILAND — 0.25%,Kasikornbank PCL Foreign,"15,800","94,012",,
CRBN,iShares MSCI ACWI Low Carbon Target ETF,31/07/17,THAILAND — 0.25%,Krung Thai Bank PCL NVDR,"86,900","47,267",,
CRBN,iShares MSCI ACWI Low Carbon Target ETF,31/07/17,THAILAND — 0.25%,Siam Commercial Bank PCL (The) NVDR,"16,000","70,681","10,83,174",
CRBN,iShares MSCI ACWI Low Carbon Target ETF,31/07/17,TURKEY — 0.12%,Akbank TAS,"59,092","1,75,415",,
CRBN,iShares MSCI ACWI Low Carbon Target ETF,31/07/17,TURKEY — 0.12%,Turkiye Garanti Bankasi AS,"58,223","1,74,158",,
CRBN,iShares MSCI ACWI Low Carbon Target ETF,31/07/17,TURKEY — 0.12%,Turkiye Is Bankasi Class,"78,289","1,68,191","5,17,764",
CRBN,iShares MSCI ACWI Low Carbon Target ETF,31/07/17,UNITED ARAB EMIRATES — 0.10%,Aldar Properties PJSC,"71,179","45,347",,
CRBN,iShares MSCI ACWI Low Carbon Target ETF,31/07/17,UNITED ARAB EMIRATES — 0.10%,DAMAC Properties Dubai Co. PJSC,"51,666","56,266",,
CRBN,iShares MSCI ACWI Low Carbon Target ETF,31/07/17,UNITED ARAB EMIRATES — 0.10%,DP World Ltd.,"3,476","79,948",,
CRBN,iShares MSCI ACWI Low Carbon Target ETF,31/07/17,UNITED ARAB EMIRATES — 0.10%,Emaar Properties PJSC,"75,840","1,70,142",,
CRBN,iShares MSCI ACWI Low Carbon Target ETF,31/07/17,UNITED ARAB EMIRATES — 0.10%,Emirates Telecommunications Group Co. PJSC,"13,114","66,946","4,18,649",
CRBN,iShares MSCI ACWI Low Carbon Target ETF,31/07/17,UNITED KINGDOM — 5.76%,3 i Group PLC,"19,513","2,40,786",,
CRBN,iShares MSCI ACWI Low Carbon Target ETF,31/07/17,UNITED KINGDOM — 5.76%,Aberdeen Asset Management PLC,"19,276","83,709",,
CRBN,iShares MSCI ACWI Low Carbon Target ETF,31/07/17,UNITED KINGDOM — 5.76%,Antofagasta PLC,"44,161","5,50,758",,
CRBN,iShares MSCI ACWI Low Carbon Target ETF,31/07/17,UNITED KINGDOM — 5.76%,Ashtead Group PLC,"7,742","1,66,267",,
CRBN,iShares MSCI ACWI Low Carbon Target ETF,31/07/17,UNITED KINGDOM — 5.76%,Associated British Foods PLC,"3,397","1,32,741",,
CRBN,iShares MSCI ACWI Low Carbon Target ETF,31/07/17,UNITED KINGDOM — 5.76%,AstraZeneca PLC,"13,782","8,30,164",,
CRBN,iShares MSCI ACWI Low Carbon Target ETF,31/07/17,UNITED KINGDOM — 5.76%,Auto Trader Group PLC,"13,193","66,563",,
CRBN,iShares MSCI ACWI Low Carbon Target ETF,31/07/17,UNITED KINGDOM — 5.76%,Aviva PLC,"60,672","4,31,130",,
CRBN,iShares MSCI ACWI Low Carbon Target ETF,31/07/17,UNITED KINGDOM — 5.76%,Babcock International Group PLC,"9,085","1,01,148",,
CRBN,iShares MSCI ACWI Low Carbon Target ETF,31/07/17,UNITED KINGDOM — 5.76%,BAE Systems PLC,"37,841","3,00,074",,
CRBN,iShares MSCI ACWI Low Carbon Target ETF,31/07/17,UNITED KINGDOM — 5.76%,Barclays PLC,"2,05,321","5,49,490",,
CRBN,iShares MSCI ACWI Low Carbon Target ETF,31/07/17,UNITED KINGDOM — 5.76%,Barratt Developments PLC,"15,563","1,26,285",,
CRBN,iShares MSCI ACWI Low Carbon Target ETF,31/07/17,UNITED KINGDOM — 5.76%,Berkeley Group Holdings PLC,"2,528","1,16,514",,
CRBN,iShares MSCI ACWI Low Carbon Target ETF,31/07/17,UNITED KINGDOM — 5.76%,British American Tobacco PLC,"21,962","13,64,728",,
CRBN,iShares MSCI ACWI Low Carbon Target ETF,31/07/17,UNITED KINGDOM — 5.76%,British American Tobacco PLC ADR,"5,693","3,55,920",,
CRBN,iShares MSCI ACWI Low Carbon Target ETF,31/07/17,UNITED KINGDOM — 5.76%,British Land Co. PLC (The),"22,436","1,80,577",,
CRBN,iShares MSCI ACWI Low Carbon Target ETF,31/07/17,UNITED KINGDOM — 5.76%,BT Group PLC,"1,10,442","4,56,460",,
CRBN,iShares MSCI ACWI Low Carbon Target ETF,31/07/17,UNITED KINGDOM — 5.76%,Bunzl PLC,"5,214","1,57,274",,
CRBN,iShares MSCI ACWI Low Carbon Target ETF,31/07/17,UNITED KINGDOM — 5.76%,Burberry Group PLC,"6,636","1,49,688",,
CRBN,iShares MSCI ACWI Low Carbon Target ETF,31/07/17,UNITED KINGDOM — 5.76%,Capita PLC,"12,640","1,09,732",,
CRBN,iShares MSCI ACWI Low Carbon Target ETF,31/07/17,UNITED KINGDOM — 5.76%,Cobham PLC,"18,565","32,479",,
CRBN,iShares MSCI ACWI Low Carbon Target ETF,31/07/17,UNITED KINGDOM — 5.76%,Coca-Cola European Partners PLC,711,"30,794",,
CRBN,iShares MSCI ACWI Low Carbon Target ETF,31/07/17,UNITED KINGDOM — 5.76%,Compass Group PLC,"21,572","4,59,866",,
CRBN,iShares MSCI ACWI Low Carbon Target ETF,31/07/17,UNITED KINGDOM — 5.76%,Croda International PLC,"4,780","2,33,226",,
CRBN,iShares MSCI ACWI Low Carbon Target ETF,31/07/17,UNITED KINGDOM — 5.76%,DCC PLC,"1,185","1,04,124",,
CRBN,iShares MSCI ACWI Low Carbon Target ETF,31/07/17,UNITED KINGDOM — 5.76%,Diageo PLC,"30,020","9,69,039",,
CRBN,iShares MSCI ACWI Low Carbon Target ETF,31/07/17,UNITED KINGDOM — 5.76%,Direct Line Insurance Group PLC,"17,436","86,108",,
CRBN,iShares MSCI ACWI Low Carbon Target ETF,31/07/17,UNITED KINGDOM — 5.76%,Dixons Carphone PLC,"23,226","82,368",,
CRBN,iShares MSCI ACWI Low Carbon Target ETF,31/07/17,UNITED KINGDOM — 5.76%,Experian PLC,"14,773","2,93,503",,
CRBN,iShares MSCI ACWI Low Carbon Target ETF,31/07/17,UNITED KINGDOM — 5.76%,Fresnillo PLC,"6,636","1,34,378",,
CRBN,iShares MSCI ACWI Low Carbon Target ETF,31/07/17,UNITED KINGDOM — 5.76%,GlaxoSmithKline PLC,"52,219","10,42,626",,
CRBN,iShares MSCI ACWI Low Carbon Target ETF,31/07/17,UNITED KINGDOM — 5.76%,Hammerson PLC,"18,328","1,38,815",,
CRBN,iShares MSCI ACWI Low Carbon Target ETF,31/07/17,UNITED KINGDOM — 5.76%,Hikma Pharmaceuticals PLC,"4,029","75,000",,
CRBN,iShares MSCI ACWI Low Carbon Target ETF,31/07/17,UNITED KINGDOM — 5.76%,HSBC Holdings PLC,"2,16,934","21,64,981",,
CRBN,iShares MSCI ACWI Low Carbon Target ETF,31/07/17,UNITED KINGDOM — 5.76%,IMI PLC,"8,374","1,32,810",,
CRBN,iShares MSCI ACWI Low Carbon Target ETF,31/07/17,UNITED KINGDOM — 5.76%,Imperial Brands PLC,"13,746","5,65,408",,
CRBN,iShares MSCI ACWI Low Carbon Target ETF,31/07/17,UNITED KINGDOM — 5.76%,Inmarsat PLC,"9,875","1,00,960",,
CRBN,iShares MSCI ACWI Low Carbon Target ETF,31/07/17,UNITED KINGDOM — 5.76%,Intertek Group PLC,"1,659","94,069",,
CRBN,iShares MSCI ACWI Low Carbon Target ETF,31/07/17,UNITED KINGDOM — 5.76%,Intu Properties PLC,"23,542","79,236",,
CRBN,iShares MSCI ACWI Low Carbon Target ETF,31/07/17,UNITED KINGDOM — 5.76%,Investec PLC,"9,164","69,589",,
CRBN,iShares MSCI ACWI Low Carbon Target ETF,31/07/17,UNITED KINGDOM — 5.76%,ITV PLC,"62,647","1,42,882",,
CRBN,iShares MSCI ACWI Low Carbon Target ETF,31/07/17,UNITED KINGDOM — 5.76%,Johnson Matthey PLC,"6,241","2,31,202",,
CRBN,iShares MSCI ACWI Low Carbon Target ETF,31/07/17,UNITED KINGDOM — 5.76%,Kingfisher PLC,"24,569","95,358",,
CRBN,iShares MSCI ACWI Low Carbon Target ETF,31/07/17,UNITED KINGDOM — 5.76%,Land Securities Group PLC,"14,141","1,90,343",,
CRBN,iShares MSCI ACWI Low Carbon Target ETF,31/07/17,UNITED KINGDOM — 5.76%,Legal & General Group PLC,"79,000","2,79,538",,
CRBN,iShares MSCI ACWI Low Carbon Target ETF,31/07/17,UNITED KINGDOM — 5.76%,Lloyds Banking Group PLC,"7,70,724","6,66,348",,
CRBN,iShares MSCI ACWI Low Carbon Target ETF,31/07/17,UNITED KINGDOM — 5.76%,London Stock Exchange Group PLC,"4,108","2,02,983",,
CRBN,iShares MSCI ACWI Low Carbon Target ETF,31/07/17,UNITED KINGDOM — 5.76%,Marks & Spencer Group PLC,"19,276","81,879",,
CRBN,iShares MSCI ACWI Low Carbon Target ETF,31/07/17,UNITED KINGDOM — 5.76%,Mediclinic International PLC,"2,133","20,809",,
CRBN,iShares MSCI ACWI Low Carbon Target ETF,31/07/17,UNITED KINGDOM — 5.76%,Meggitt PLC,"17,459","1,15,776",,
CRBN,iShares MSCI ACWI Low Carbon Target ETF,31/07/17,UNITED KINGDOM — 5.76%,Merlin Entertainments PLC,"2,370","14,663",,
CRBN,iShares MSCI ACWI Low Carbon Target ETF,31/07/17,UNITED KINGDOM — 5.76%,National Grid PLC,"38,521","4,75,746",,
CRBN,iShares MSCI ACWI Low Carbon Target ETF,31/07/17,UNITED KINGDOM — 5.76%,Next PLC,"1,422","74,050",,
CRBN,iShares MSCI ACWI Low Carbon Target ETF,31/07/17,UNITED KINGDOM — 5.76%,Old Mutual PLC,"51,587","1,33,639",,
CRBN,iShares MSCI ACWI Low Carbon Target ETF,31/07/17,UNITED KINGDOM — 5.76%,Pearson PLC,"12,798","1,10,935",,
CRBN,iShares MSCI ACWI Low Carbon Target ETF,31/07/17,UNITED KINGDOM — 5.76%,Persimmon PLC,"5,372","1,77,338",,
CRBN,iShares MSCI ACWI Low Carbon Target ETF,31/07/17,UNITED KINGDOM — 5.76%,Petrofac Ltd.,"16,985","1,00,093",,
CRBN,iShares MSCI ACWI Low Carbon Target ETF,31/07/17,UNITED KINGDOM — 5.76%,Provident Financial PLC,395,"10,738",,
CRBN,iShares MSCI ACWI Low Carbon Target ETF,31/07/17,UNITED KINGDOM — 5.76%,Prudential PLC,"28,835","7,02,510",,
CRBN,iShares MSCI ACWI Low Carbon Target ETF,31/07/17,UNITED KINGDOM — 5.76%,Randgold Resources Ltd.,"1,815","1,68,932",,
CRBN,iShares MSCI ACWI Low Carbon Target ETF,31/07/17,UNITED KINGDOM — 5.76%,Reckitt Benckiser Group PLC,"7,979","7,75,153",,
CRBN,iShares MSCI ACWI Low Carbon Target ETF,31/07/17,UNITED KINGDOM — 5.76%,RELX PLC,"17,222","3,75,080",,
CRBN,iShares MSCI ACWI Low Carbon Target ETF,31/07/17,UNITED KINGDOM — 5.76%,Rolls-Royce Holdings PLC,"23,937","2,80,229",,
CRBN,iShares MSCI ACWI Low Carbon Target ETF,31/07/17,UNITED KINGDOM — 5.76%,Royal Bank Scotland Group PLC,"52,377","1,71,661",,
CRBN,iShares MSCI ACWI Low Carbon Target ETF,31/07/17,UNITED KINGDOM — 5.76%,Royal Mail PLC,"13,509","71,790",,
CRBN,iShares MSCI ACWI Low Carbon Target ETF,31/07/17,UNITED KINGDOM — 5.76%,RSA Insurance Group PLC,"2,923","25,144",,
CRBN,iShares MSCI ACWI Low Carbon Target ETF,31/07/17,UNITED KINGDOM — 5.76%,Schroders PLC,"1,975","89,699",,
CRBN,iShares MSCI ACWI Low Carbon Target ETF,31/07/17,UNITED KINGDOM — 5.76%,Segro PLC,"19,291","1,34,028",,
CRBN,iShares MSCI ACWI Low Carbon Target ETF,31/07/17,UNITED KINGDOM — 5.76%,Severn Trent PLC,"15,010","4,43,261",,
CRBN,iShares MSCI ACWI Low Carbon Target ETF,31/07/17,UNITED KINGDOM — 5.76%,Shire PLC,"10,112","5,68,040",,
CRBN,iShares MSCI ACWI Low Carbon Target ETF,31/07/17,UNITED KINGDOM — 5.76%,Sky PLC,"15,879","2,02,014",,
CRBN,iShares MSCI ACWI Low Carbon Target ETF,31/07/17,UNITED KINGDOM — 5.76%,Smith & Nephew PLC,"10,823","1,88,344",,
CRBN,iShares MSCI ACWI Low Carbon Target ETF,31/07/17,UNITED KINGDOM — 5.76%,Smiths Group PLC,"10,270","2,07,831",,
CRBN,iShares MSCI ACWI Low Carbon Target ETF,31/07/17,UNITED KINGDOM — 5.76%,Standard Chartered PLC,"39,974","4,46,209",,
CRBN,iShares MSCI ACWI Low Carbon Target ETF,31/07/17,UNITED KINGDOM — 5.76%,Standard Life PLC,"26,623","1,53,170",,
CRBN,iShares MSCI ACWI Low Carbon Target ETF,31/07/17,UNITED KINGDOM — 5.76%,Taylor Wimpey PLC,"47,716","1,19,774",,
CRBN,iShares MSCI ACWI Low Carbon Target ETF,31/07/17,UNITED KINGDOM — 5.76%,Tesco PLC,"74,813","1,71,813",,
CRBN,iShares MSCI ACWI Low Carbon Target ETF,31/07/17,UNITED KINGDOM — 5.76%,Travis Perkins PLC,"6,083","1,21,736",,
CRBN,iShares MSCI ACWI Low Carbon Target ETF,31/07/17,UNITED KINGDOM — 5.76%,Unilever PLC,"14,378","8,19,150",,
CRBN,iShares MSCI ACWI Low Carbon Target ETF,31/07/17,UNITED KINGDOM — 5.76%,United Utilities Group PLC,"43,766","5,17,848",,
CRBN,iShares MSCI ACWI Low Carbon Target ETF,31/07/17,UNITED KINGDOM — 5.76%,Vodafone Group PLC,"3,08,811","9,03,808",,
CRBN,iShares MSCI ACWI Low Carbon Target ETF,31/07/17,UNITED KINGDOM — 5.76%,Weir Group PLC (The),"3,871","93,595",,
CRBN,iShares MSCI ACWI Low Carbon Target ETF,31/07/17,UNITED KINGDOM — 5.76%,Whitbread PLC,"3,081","1,56,299",,
CRBN,iShares MSCI ACWI Low Carbon Target ETF,31/07/17,UNITED KINGDOM — 5.76%,Wolseley PLC,"4,108","2,45,172",,
CRBN,iShares MSCI ACWI Low Carbon Target ETF,31/07/17,UNITED KINGDOM — 5.76%,WPP PLC,"18,960","3,86,437","2,50,22,434",
CRBN,iShares MSCI ACWI Low Carbon Target ETF,31/07/17,UNITED STATES — 51.80%,3 M Co.,"6,241","12,55,502",,
CRBN,iShares MSCI ACWI Low Carbon Target ETF,31/07/17,UNITED STATES — 51.80%,Abbott Laboratories,"18,455","9,07,617",,
CRBN,iShares MSCI ACWI Low Carbon Target ETF,31/07/17,UNITED STATES — 51.80%,AbbVie Inc.,"16,195","11,32,192",,
CRBN,iShares MSCI ACWI Low Carbon Target ETF,31/07/17,UNITED STATES — 51.80%,Accenture PLC Class,"7,031","9,05,733",,
CRBN,iShares MSCI ACWI Low Carbon Target ETF,31/07/17,UNITED STATES — 51.80%,Activision Blizzard Inc.,"7,110","4,39,256",,
CRBN,iShares MSCI ACWI Low Carbon Target ETF,31/07/17,UNITED STATES — 51.80%,Acuity Brands Inc.,711,"1,44,084",,
CRBN,iShares MSCI ACWI Low Carbon Target ETF,31/07/17,UNITED STATES — 51.80%,Adobe Systems Inc.,"5,530","8,10,090",,
CRBN,iShares MSCI ACWI Low Carbon Target ETF,31/07/17,UNITED STATES — 51.80%,Advance Auto Parts Inc.,790,"88,488",,
CRBN,iShares MSCI ACWI Low Carbon Target ETF,31/07/17,UNITED STATES — 51.80%,Advanced Micro Devices Inc.,"8,137","1,10,745",,
CRBN,iShares MSCI ACWI Low Carbon Target ETF,31/07/17,UNITED STATES — 51.80%,Aetna Inc.,"4,029","6,21,715",,
CRBN,iShares MSCI ACWI Low Carbon Target ETF,31/07/17,UNITED STATES — 51.80%,Affiliated Managers Group Inc.,632,"1,17,445",,
CRBN,iShares MSCI ACWI Low Carbon Target ETF,31/07/17,UNITED STATES — 51.80%,Aflac Inc.,"4,740","3,78,015",,
CRBN,iShares MSCI ACWI Low Carbon Target ETF,31/07/17,UNITED STATES — 51.80%,AGCO Corp.,"1,264","91,185",,
CRBN,iShares MSCI ACWI Low Carbon Target ETF,31/07/17,UNITED STATES — 51.80%,Agilent Technologies Inc.,"3,555","2,12,553",,
CRBN,iShares MSCI ACWI Low Carbon Target ETF,31/07/17,UNITED STATES — 51.80%,AGNC Investment Corp.,"6,715","1,42,224",,
CRBN,iShares MSCI ACWI Low Carbon Target ETF,31/07/17,UNITED STATES — 51.80%,Akamai Technologies Inc.,"1,896","89,377",,
CRBN,iShares MSCI ACWI Low Carbon Target ETF,31/07/17,UNITED STATES — 51.80%,Albemarle Corp.,"1,896","2,19,557",,
CRBN,iShares MSCI ACWI Low Carbon Target ETF,31/07/17,UNITED STATES — 51.80%,Alexandria Real Estate Equities Inc.,"1,501","1,81,996",,
CRBN,iShares MSCI ACWI Low Carbon Target ETF,31/07/17,UNITED STATES — 51.80%,Align Technology Inc.,790,"1,32,112",,
CRBN,iShares MSCI ACWI Low Carbon Target ETF,31/07/17,UNITED STATES — 51.80%,Alkermes PLC,"1,659","90,266",,
CRBN,iShares MSCI ACWI Low Carbon Target ETF,31/07/17,UNITED STATES — 51.80%,Allergan PLC,"3,950","9,96,703",,
CRBN,iShares MSCI ACWI Low Carbon Target ETF,31/07/17,UNITED STATES — 51.80%,Alliance Data Systems Corp.,711,"1,71,657",,
CRBN,iShares MSCI ACWI Low Carbon Target ETF,31/07/17,UNITED STATES — 51.80%,Allstate Corp. (The),"3,792","3,45,072",,
CRBN,iShares MSCI ACWI Low Carbon Target ETF,31/07/17,UNITED STATES — 51.80%,Ally Financial Inc.,"8,137","1,84,222",,
CRBN,iShares MSCI ACWI Low Carbon Target ETF,31/07/17,UNITED STATES — 51.80%,Alphabet Inc. Class,"3,081","29,13,085",,
CRBN,iShares MSCI ACWI Low Carbon Target ETF,31/07/17,UNITED STATES — 51.80%,Alphabet Inc. Class,"3,239","30,13,889",,
CRBN,iShares MSCI ACWI Low Carbon Target ETF,31/07/17,UNITED STATES — 51.80%,Altria Group Inc.,"23,068","14,98,728",,
CRBN,iShares MSCI ACWI Low Carbon Target ETF,31/07/17,UNITED STATES — 51.80%,Amazon.com Inc.,"4,187","41,35,835",,
CRBN,iShares MSCI ACWI Low Carbon Target ETF,31/07/17,UNITED STATES — 51.80%,AMERCO,474,"1,84,177",,
CRBN,iShares MSCI ACWI Low Carbon Target ETF,31/07/17,UNITED STATES — 51.80%,American Express Co.,"8,927","7,60,848",,
CRBN,iShares MSCI ACWI Low Carbon Target ETF,31/07/17,UNITED STATES — 51.80%,American International Group Inc.,"13,114","8,58,311",,
CRBN,iShares MSCI ACWI Low Carbon Target ETF,31/07/17,UNITED STATES — 51.80%,American Tower Corp.,"4,582","6,24,664",,
CRBN,iShares MSCI ACWI Low Carbon Target ETF,31/07/17,UNITED STATES — 51.80%,American Water Works Co. Inc.,"11,613","9,41,814",,
CRBN,iShares MSCI ACWI Low Carbon Target ETF,31/07/17,UNITED STATES — 51.80%,Ameriprise Financial Inc.,"2,133","3,09,029",,
CRBN,iShares MSCI ACWI Low Carbon Target ETF,31/07/17,UNITED STATES — 51.80%,AmerisourceBergen Corp.,"2,054","1,92,706",,
CRBN,iShares MSCI ACWI Low Carbon Target ETF,31/07/17,UNITED STATES — 51.80%,AMETEK Inc.,"3,634","2,23,782",,
CRBN,iShares MSCI ACWI Low Carbon Target ETF,31/07/17,UNITED STATES — 51.80%,Amgen Inc.,"7,663","13,37,270",,
CRBN,iShares MSCI ACWI Low Carbon Target ETF,31/07/17,UNITED STATES — 51.80%,Amphenol Corp. Class,"2,607","1,99,748",,
CRBN,iShares MSCI ACWI Low Carbon Target ETF,31/07/17,UNITED STATES — 51.80%,Analog Devices Inc.,"4,898","3,86,991",,
CRBN,iShares MSCI ACWI Low Carbon Target ETF,31/07/17,UNITED STATES — 51.80%,Annaly Capital Management Inc.,"19,039","2,29,039",,
CRBN,iShares MSCI ACWI Low Carbon Target ETF,31/07/17,UNITED STATES — 51.80%,Anthem Inc.,"3,239","6,03,134",,
CRBN,iShares MSCI ACWI Low Carbon Target ETF,31/07/17,UNITED STATES — 51.80%,Aon PLC,"2,133","2,94,717",,
CRBN,iShares MSCI ACWI Low Carbon Target ETF,31/07/17,UNITED STATES — 51.80%,Apple Inc.,"54,273","80,72,023",,
CRBN,iShares MSCI ACWI Low Carbon Target ETF,31/07/17,UNITED STATES — 51.80%,Applied Materials Inc.,"13,509","5,98,584",,
CRBN,iShares MSCI ACWI Low Carbon Target ETF,31/07/17,UNITED STATES — 51.80%,Arch Capital Group Ltd.,711,"69,152",,
CRBN,iShares MSCI ACWI Low Carbon Target ETF,31/07/17,UNITED STATES — 51.80%,Arista Networks Inc.,395,"58,970",,
CRBN,iShares MSCI ACWI Low Carbon Target ETF,31/07/17,UNITED STATES — 51.80%,Arrow Electronics Inc.,"1,817","1,47,704",,
CRBN,iShares MSCI ACWI Low Carbon Target ETF,31/07/17,UNITED STATES — 51.80%,Assurant Inc.,632,"66,531",,
CRBN,iShares MSCI ACWI Low Carbon Target ETF,31/07/17,UNITED STATES — 51.80%,AT&T Inc.,"65,728","25,63,392",,
CRBN,iShares MSCI ACWI Low Carbon Target ETF,31/07/17,UNITED STATES — 51.80%,Atmos Energy Corp.,"4,977","4,31,805",,
CRBN,iShares MSCI ACWI Low Carbon Target ETF,31/07/17,UNITED STATES — 51.80%,Autodesk Inc.,"2,370","2,62,572",,
CRBN,iShares MSCI ACWI Low Carbon Target ETF,31/07/17,UNITED STATES — 51.80%,Autoliv Inc.,790,"85,628",,
CRBN,iShares MSCI ACWI Low Carbon Target ETF,31/07/17,UNITED STATES — 51.80%,Automatic Data Processing Inc.,"5,056","6,01,209",,
CRBN,iShares MSCI ACWI Low Carbon Target ETF,31/07/17,UNITED STATES — 51.80%,AutoZone Inc.,316,"1,70,583",,
CRBN,iShares MSCI ACWI Low Carbon Target ETF,31/07/17,UNITED STATES — 51.80%,AvalonBay Communities Inc.,"1,659","3,19,109",,
CRBN,iShares MSCI ACWI Low Carbon Target ETF,31/07/17,UNITED STATES — 51.80%,Avery Dennison Corp.,"1,975","1,83,537",,
CRBN,iShares MSCI ACWI Low Carbon Target ETF,31/07/17,UNITED STATES — 51.80%,Avnet Inc.,"3,002","1,15,217",,
CRBN,iShares MSCI ACWI Low Carbon Target ETF,31/07/17,UNITED STATES — 51.80%,Axalta Coating Systems Ltd.,"6,715","2,11,522",,
CRBN,iShares MSCI ACWI Low Carbon Target ETF,31/07/17,UNITED STATES — 51.80%,Axis Capital Holdings Ltd.,869,"56,120",,
CRBN,iShares MSCI ACWI Low Carbon Target ETF,31/07/17,UNITED STATES — 51.80%,Baker Hughes GE Co.,"7,110","2,62,288",,
CRBN,iShares MSCI ACWI Low Carbon Target ETF,31/07/17,UNITED STATES — 51.80%,Ball Corp.,"4,898","2,05,226",,
CRBN,iShares MSCI ACWI Low Carbon Target ETF,31/07/17,UNITED STATES — 51.80%,Bank America Corp.,"1,10,600","26,67,672",,
CRBN,iShares MSCI ACWI Low Carbon Target ETF,31/07/17,UNITED STATES — 51.80%,Bank New York Mellon Corp. (The),"13,509","7,16,382",,
CRBN,iShares MSCI ACWI Low Carbon Target ETF,31/07/17,UNITED STATES — 51.80%,Baxter International Inc.,"4,677","2,82,865",,
CRBN,iShares MSCI ACWI Low Carbon Target ETF,31/07/17,UNITED STATES — 51.80%,BB&T Corp.,"8,137","3,85,043",,
CRBN,iShares MSCI ACWI Low Carbon Target ETF,31/07/17,UNITED STATES — 51.80%,Becton Dickinson and Co.,"2,540","5,11,556",,
CRBN,iShares MSCI ACWI Low Carbon Target ETF,31/07/17,UNITED STATES — 51.80%,Berkshire Hathaway Inc. Class,"5,846","10,22,875",,
CRBN,iShares MSCI ACWI Low Carbon Target ETF,31/07/17,UNITED STATES — 51.80%,Best Buy Co. Inc.,"3,318","1,93,572",,
CRBN,iShares MSCI ACWI Low Carbon Target ETF,31/07/17,UNITED STATES — 51.80%,Biogen Inc.,"2,212","6,40,573",,
CRBN,iShares MSCI ACWI Low Carbon Target ETF,31/07/17,UNITED STATES — 51.80%,BioMarin Pharmaceutical Inc.,"1,975","1,73,267",,
CRBN,iShares MSCI ACWI Low Carbon Target ETF,31/07/17,UNITED STATES — 51.80%,BlackRock Inc. e,"1,580","6,73,917",,
CRBN,iShares MSCI ACWI Low Carbon Target ETF,31/07/17,UNITED STATES — 51.80%,Boeing Co. (The),"6,636","16,08,965",,
CRBN,iShares MSCI ACWI Low Carbon Target ETF,31/07/17,UNITED STATES — 51.80%,BorgWarner Inc.,"2,607","1,21,851",,
CRBN,iShares MSCI ACWI Low Carbon Target ETF,31/07/17,UNITED STATES — 51.80%,Boston Properties Inc.,"1,896","2,29,245",,
CRBN,iShares MSCI ACWI Low Carbon Target ETF,31/07/17,UNITED STATES — 51.80%,Boston Scientific Corp.,"16,906","4,50,038",,
CRBN,iShares MSCI ACWI Low Carbon Target ETF,31/07/17,UNITED STATES — 51.80%,Bristol-Myers Squibb Co.,"18,249","10,38,368",,
CRBN,iShares MSCI ACWI Low Carbon Target ETF,31/07/17,UNITED STATES — 51.80%,Broadcom Ltd.,"4,503","11,10,710",,
CRBN,iShares MSCI ACWI Low Carbon Target ETF,31/07/17,UNITED STATES — 51.80%,Brown-Forman Corp. Class,"3,318","1,63,909",,
CRBN,iShares MSCI ACWI Low Carbon Target ETF,31/07/17,UNITED STATES — 51.80%,CA Inc.,"4,740","1,47,130",,
CRBN,iShares MSCI ACWI Low Carbon Target ETF,31/07/17,UNITED STATES — 51.80%,Campbell Soup Co.,"2,212","1,16,860",,
CRBN,iShares MSCI ACWI Low Carbon Target ETF,31/07/17,UNITED STATES — 51.80%,Capital One Financial Corp.,"6,952","5,99,123",,
CRBN,iShares MSCI ACWI Low Carbon Target ETF,31/07/17,UNITED STATES — 51.80%,Cardinal Health Inc.,"3,871","2,99,073",,
CRBN,iShares MSCI ACWI Low Carbon Target ETF,31/07/17,UNITED STATES — 51.80%,CarMax Inc.,"2,133","1,41,311",,
CRBN,iShares MSCI ACWI Low Carbon Target ETF,31/07/17,UNITED STATES — 51.80%,Caterpillar Inc.,"6,952","7,92,180",,
CRBN,iShares MSCI ACWI Low Carbon Target ETF,31/07/17,UNITED STATES — 51.80%,CBRE Group Inc. Class,"4,503","1,71,069",,
CRBN,iShares MSCI ACWI Low Carbon Target ETF,31/07/17,UNITED STATES — 51.80%,CBS Corp. Class NVS,"4,819","3,17,235",,
CRBN,iShares MSCI ACWI Low Carbon Target ETF,31/07/17,UNITED STATES — 51.80%,Celgene Corp.,"8,058","10,91,134",,
CRBN,iShares MSCI ACWI Low Carbon Target ETF,31/07/17,UNITED STATES — 51.80%,Centene Corp.,"2,133","1,69,403",,
CRBN,iShares MSCI ACWI Low Carbon Target ETF,31/07/17,UNITED STATES — 51.80%,CenturyLink Inc.,"2,449","56,988",,
CRBN,iShares MSCI ACWI Low Carbon Target ETF,31/07/17,UNITED STATES — 51.80%,Cerner Corp.,"3,476","2,23,750",,
CRBN,iShares MSCI ACWI Low Carbon Target ETF,31/07/17,UNITED STATES — 51.80%,CH Robinson Worldwide Inc.,"1,343","88,101",,
CRBN,iShares MSCI ACWI Low Carbon Target ETF,31/07/17,UNITED STATES — 51.80%,Charles Schwab Corp. (The),"13,746","5,89,703",,
CRBN,iShares MSCI ACWI Low Carbon Target ETF,31/07/17,UNITED STATES — 51.80%,Charter Communications Inc. Class,"2,576","10,09,560",,
CRBN,iShares MSCI ACWI Low Carbon Target ETF,31/07/17,UNITED STATES — 51.80%,Cheniere Energy Inc.,"10,586","4,78,487",,
CRBN,iShares MSCI ACWI Low Carbon Target ETF,31/07/17,UNITED STATES — 51.80%,Chipotle Mexican Grill Inc.,316,"1,08,631",,
CRBN,iShares MSCI ACWI Low Carbon Target ETF,31/07/17,UNITED STATES — 51.80%,Chubb Ltd.,"5,451","7,98,353",,
CRBN,iShares MSCI ACWI Low Carbon Target ETF,31/07/17,UNITED STATES — 51.80%,Church & Dwight Co. Inc.,"2,212","1,18,010",,
CRBN,iShares MSCI ACWI Low Carbon Target ETF,31/07/17,UNITED STATES — 51.80%,Cigna Corp.,"3,002","5,21,027",,
CRBN,iShares MSCI ACWI Low Carbon Target ETF,31/07/17,UNITED STATES — 51.80%,Cincinnati Financial Corp.,"1,422","1,08,300",,
CRBN,iShares MSCI ACWI Low Carbon Target ETF,31/07/17,UNITED STATES — 51.80%,Cintas Corp.,"1,422","1,91,757",,
CRBN,iShares MSCI ACWI Low Carbon Target ETF,31/07/17,UNITED STATES — 51.80%,Cisco Systems Inc.,"55,142","17,34,216",,
CRBN,iShares MSCI ACWI Low Carbon Target ETF,31/07/17,UNITED STATES — 51.80%,CIT Group Inc.,"2,528","1,20,459",,
CRBN,iShares MSCI ACWI Low Carbon Target ETF,31/07/17,UNITED STATES — 51.80%,Citigroup Inc.,"31,679","21,68,428",,
CRBN,iShares MSCI ACWI Low Carbon Target ETF,31/07/17,UNITED STATES — 51.80%,Citizens Financial Group Inc.,"6,952","2,43,876",,
CRBN,iShares MSCI ACWI Low Carbon Target ETF,31/07/17,UNITED STATES — 51.80%,Citrix Systems Inc.,"1,817","1,43,507",,
CRBN,iShares MSCI ACWI Low Carbon Target ETF,31/07/17,UNITED STATES — 51.80%,Clorox Co. (The),790,"1,05,457",,
CRBN,iShares MSCI ACWI Low Carbon Target ETF,31/07/17,UNITED STATES — 51.80%,CME Group Inc.,"3,950","4,84,349",,
CRBN,iShares MSCI ACWI Low Carbon Target ETF,31/07/17,UNITED STATES — 51.80%,Coach Inc.,"3,318","1,56,411",,
CRBN,iShares MSCI ACWI Low Carbon Target ETF,31/07/17,UNITED STATES — 51.80%,Coca-Cola Co. (The),"47,479","21,76,437",,
CRBN,iShares MSCI ACWI Low Carbon Target ETF,31/07/17,UNITED STATES — 51.80%,Cognizant Technology Solutions Corp. Class,"6,873","4,76,436",,
CRBN,iShares MSCI ACWI Low Carbon Target ETF,31/07/17,UNITED STATES — 51.80%,Colgate-Palmolive Co.,"8,927","6,44,529",,
CRBN,iShares MSCI ACWI Low Carbon Target ETF,31/07/17,UNITED STATES — 51.80%,Colony NorthStar Inc. Class,"9,085","1,33,004",,
CRBN,iShares MSCI ACWI Low Carbon Target ETF,31/07/17,UNITED STATES — 51.80%,Comcast Corp. Class,"51,824","20,96,281",,
CRBN,iShares MSCI ACWI Low Carbon Target ETF,31/07/17,UNITED STATES — 51.80%,Comerica Inc.,"1,817","1,31,387",,
CRBN,iShares MSCI ACWI Low Carbon Target ETF,31/07/17,UNITED STATES — 51.80%,Concho Resources Inc.,"2,923","3,80,750",,
CRBN,iShares MSCI ACWI Low Carbon Target ETF,31/07/17,UNITED STATES — 51.80%,Consolidated Edison Inc.,"5,925","4,90,945",,
CRBN,iShares MSCI ACWI Low Carbon Target ETF,31/07/17,UNITED STATES — 51.80%,Constellation Brands Inc. Class,"2,528","4,88,789",,
CRBN,iShares MSCI ACWI Low Carbon Target ETF,31/07/17,UNITED STATES — 51.80%,Cooper Companies Inc. (The),553,"1,34,860",,
CRBN,iShares MSCI ACWI Low Carbon Target ETF,31/07/17,UNITED STATES — 51.80%,Core Laboratories NV,"2,844","2,85,907",,
CRBN,iShares MSCI ACWI Low Carbon Target ETF,31/07/17,UNITED STATES — 51.80%,Corning Inc.,"8,690","2,53,227",,
CRBN,iShares MSCI ACWI Low Carbon Target ETF,31/07/17,UNITED STATES — 51.80%,CoStar Group Inc.,237,"65,305",,
CRBN,iShares MSCI ACWI Low Carbon Target ETF,31/07/17,UNITED STATES — 51.80%,Costco Wholesale Corp.,"5,372","8,51,516",,
CRBN,iShares MSCI ACWI Low Carbon Target ETF,31/07/17,UNITED STATES — 51.80%,Coty Inc. Class,"6,952","1,42,377",,
CRBN,iShares MSCI ACWI Low Carbon Target ETF,31/07/17,UNITED STATES — 51.80%,CR Bard Inc.,790,"2,53,274",,
CRBN,iShares MSCI ACWI Low Carbon Target ETF,31/07/17,UNITED STATES — 51.80%,Crown Castle International Corp.,"3,950","3,97,291",,
CRBN,iShares MSCI ACWI Low Carbon Target ETF,31/07/17,UNITED STATES — 51.80%,CSX Corp.,"7,426","3,66,399",,
CRBN,iShares MSCI ACWI Low Carbon Target ETF,31/07/17,UNITED STATES — 51.80%,Cummins Inc.,"2,133","3,58,131",,
CRBN,iShares MSCI ACWI Low Carbon Target ETF,31/07/17,UNITED STATES — 51.80%,CVS Health Corp.,"13,588","10,86,089",,
CRBN,iShares MSCI ACWI Low Carbon Target ETF,31/07/17,UNITED STATES — 51.80%,Danaher Corp.,"7,110","5,79,394",,
CRBN,iShares MSCI ACWI Low Carbon Target ETF,31/07/17,UNITED STATES — 51.80%,DaVita Inc.,"1,817","1,17,705",,
CRBN,iShares MSCI ACWI Low Carbon Target ETF,31/07/17,UNITED STATES — 51.80%,Deere & Co.,"2,923","3,74,962",,
CRBN,iShares MSCI ACWI Low Carbon Target ETF,31/07/17,UNITED STATES — 51.80%,Dell Technologies Inc. Class V,"3,081","1,98,016",,
CRBN,iShares MSCI ACWI Low Carbon Target ETF,31/07/17,UNITED STATES — 51.80%,Delphi Automotive PLC,"2,765","2,50,011",,
CRBN,iShares MSCI ACWI Low Carbon Target ETF,31/07/17,UNITED STATES — 51.80%,DENTSPLY SIRONA Inc.,"2,844","1,76,413",,
CRBN,iShares MSCI ACWI Low Carbon Target ETF,31/07/17,UNITED STATES — 51.80%,DexCom Inc.,"1,185","78,933",,
CRBN,iShares MSCI ACWI Low Carbon Target ETF,31/07/17,UNITED STATES — 51.80%,Diamondback Energy Inc.,"6,004","5,75,664",,
CRBN,iShares MSCI ACWI Low Carbon Target ETF,31/07/17,UNITED STATES — 51.80%,Digital Realty Trust Inc.,"1,990","2,29,527",,
CRBN,iShares MSCI ACWI Low Carbon Target ETF,31/07/17,UNITED STATES — 51.80%,Discover Financial Services,"5,056","3,08,113",,
CRBN,iShares MSCI ACWI Low Carbon Target ETF,31/07/17,UNITED STATES — 51.80%,Discovery Communications Inc. Class NVS,"5,767","1,33,391",,
CRBN,iShares MSCI ACWI Low Carbon Target ETF,31/07/17,UNITED STATES — 51.80%,DISH Network Corp. Class,"2,844","1,82,101",,
CRBN,iShares MSCI ACWI Low Carbon Target ETF,31/07/17,UNITED STATES — 51.80%,Dollar General Corp.,"3,239","2,43,443",,
CRBN,iShares MSCI ACWI Low Carbon Target ETF,31/07/17,UNITED STATES — 51.80%,Dollar Tree Inc.,"2,844","2,04,996",,
CRBN,iShares MSCI ACWI Low Carbon Target ETF,31/07/17,UNITED STATES — 51.80%,Domino’s Pizza Inc.,632,"1,17,868",,
CRBN,iShares MSCI ACWI Low Carbon Target ETF,31/07/17,UNITED STATES — 51.80%,Dover Corp.,"2,449","2,05,716",,
CRBN,iShares MSCI ACWI Low Carbon Target ETF,31/07/17,UNITED STATES — 51.80%,DR Horton Inc.,"5,135","1,83,268",,
CRBN,iShares MSCI ACWI Low Carbon Target ETF,31/07/17,UNITED STATES — 51.80%,Dr Pepper Snapple Group Inc.,"2,449","2,23,251",,
CRBN,iShares MSCI ACWI Low Carbon Target ETF,31/07/17,UNITED STATES — 51.80%,DXC Technology Co.,"3,081","2,41,489",,
CRBN,iShares MSCI ACWI Low Carbon Target ETF,31/07/17,UNITED STATES — 51.80%,E TRADE Financial Corp.,"3,792","1,55,472",,
CRBN,iShares MSCI ACWI Low Carbon Target ETF,31/07/17,UNITED STATES — 51.80%,Eaton Corp. PLC,"6,478","5,06,903",,
CRBN,iShares MSCI ACWI Low Carbon Target ETF,31/07/17,UNITED STATES — 51.80%,eBay Inc.,"11,218","4,00,819",,
CRBN,iShares MSCI ACWI Low Carbon Target ETF,31/07/17,UNITED STATES — 51.80%,Ecolab Inc.,"7,505","9,88,183",,
CRBN,iShares MSCI ACWI Low Carbon Target ETF,31/07/17,UNITED STATES — 51.80%,Edison International,"6,004","4,72,395",,
CRBN,iShares MSCI ACWI Low Carbon Target ETF,31/07/17,UNITED STATES — 51.80%,Edwards Lifesciences Corp.,"2,528","2,91,175",,
CRBN,iShares MSCI ACWI Low Carbon Target ETF,31/07/17,UNITED STATES — 51.80%,EI du Pont de Nemours & Co.,"9,796","8,05,329",,
CRBN,iShares MSCI ACWI Low Carbon Target ETF,31/07/17,UNITED STATES — 51.80%,Electronic Arts Inc.,"3,476","4,05,788",,
CRBN,iShares MSCI ACWI Low Carbon Target ETF,31/07/17,UNITED STATES — 51.80%,Eli Lilly & Co.,"10,191","8,42,388",,
CRBN,iShares MSCI ACWI Low Carbon Target ETF,31/07/17,UNITED STATES — 51.80%,Emerson Electric Co.,"8,374","4,99,174",,
CRBN,iShares MSCI ACWI Low Carbon Target ETF,31/07/17,UNITED STATES — 51.80%,Envision Healthcare Corp.,"1,659","93,617",,
CRBN,iShares MSCI ACWI Low Carbon Target ETF,31/07/17,UNITED STATES — 51.80%,Equifax Inc.,"2,212","3,21,713",,
CRBN,iShares MSCI ACWI Low Carbon Target ETF,31/07/17,UNITED STATES — 51.80%,Equinix Inc.,711,"3,20,469",,
CRBN,iShares MSCI ACWI Low Carbon Target ETF,31/07/17,UNITED STATES — 51.80%,Equity Residential,"3,950","2,68,837",,
CRBN,iShares MSCI ACWI Low Carbon Target ETF,31/07/17,UNITED STATES — 51.80%,Essex Property Trust Inc.,632,"1,65,394",,
CRBN,iShares MSCI ACWI Low Carbon Target ETF,31/07/17,UNITED STATES — 51.80%,Estee Lauder Companies Inc. (The) Class,"2,528","2,50,247",,
CRBN,iShares MSCI ACWI Low Carbon Target ETF,31/07/17,UNITED STATES — 51.80%,Everest Re Group Ltd.,395,"1,03,644",,
CRBN,iShares MSCI ACWI Low Carbon Target ETF,31/07/17,UNITED STATES — 51.80%,Eversource Energy,"11,771","7,15,559",,
CRBN,iShares MSCI ACWI Low Carbon Target ETF,31/07/17,UNITED STATES — 51.80%,Expedia Inc.,"1,422","2,22,500",,
CRBN,iShares MSCI ACWI Low Carbon Target ETF,31/07/17,UNITED STATES — 51.80%,Expeditors International Washington Inc.,"5,214","3,07,000",,
CRBN,iShares MSCI ACWI Low Carbon Target ETF,31/07/17,UNITED STATES — 51.80%,Express Scripts Holding Co.,"7,584","4,75,062",,
CRBN,iShares MSCI ACWI Low Carbon Target ETF,31/07/17,UNITED STATES — 51.80%,Extra Space Storage Inc.,"1,738","1,38,171",,
CRBN,iShares MSCI ACWI Low Carbon Target ETF,31/07/17,UNITED STATES — 51.80%,F5 Networks Inc.,948,"1,14,471",,
CRBN,iShares MSCI ACWI Low Carbon Target ETF,31/07/17,UNITED STATES — 51.80%,Facebook Inc. Class,"24,095","40,78,079",,
CRBN,iShares MSCI ACWI Low Carbon Target ETF,31/07/17,UNITED STATES — 51.80%,Fastenal Co.,"4,345","1,86,661",,
CRBN,iShares MSCI ACWI Low Carbon Target ETF,31/07/17,UNITED STATES — 51.80%,Fidelity National Information Services Inc.,"3,713","3,38,700",,
CRBN,iShares MSCI ACWI Low Carbon Target ETF,31/07/17,UNITED STATES — 51.80%,Fifth Third Bancorp.,"9,085","2,42,569",,
CRBN,iShares MSCI ACWI Low Carbon Target ETF,31/07/17,UNITED STATES — 51.80%,First Data Corp. Class,"3,476","64,862",,
CRBN,iShares MSCI ACWI Low Carbon Target ETF,31/07/17,UNITED STATES — 51.80%,Fiserv Inc.,"2,449","3,14,696",,
CRBN,iShares MSCI ACWI Low Carbon Target ETF,31/07/17,UNITED STATES — 51.80%,FleetCor Technologies Inc.,948,"1,44,153",,
CRBN,iShares MSCI ACWI Low Carbon Target ETF,31/07/17,UNITED STATES — 51.80%,Flowserve Corp.,"2,607","1,07,226",,
CRBN,iShares MSCI ACWI Low Carbon Target ETF,31/07/17,UNITED STATES — 51.80%,Fluor Corp.,"3,476","1,50,963",,
CRBN,iShares MSCI ACWI Low Carbon Target ETF,31/07/17,UNITED STATES — 51.80%,FMC Corp.,"2,212","1,68,953",,
CRBN,iShares MSCI ACWI Low Carbon Target ETF,31/07/17,UNITED STATES — 51.80%,FNF Group,"1,027","50,179",,
CRBN,iShares MSCI ACWI Low Carbon Target ETF,31/07/17,UNITED STATES — 51.80%,Foot Locker Inc.,"1,264","59,648",,
CRBN,iShares MSCI ACWI Low Carbon Target ETF,31/07/17,UNITED STATES — 51.80%,Ford Motor Co.,"31,916","3,58,098",,
CRBN,iShares MSCI ACWI Low Carbon Target ETF,31/07/17,UNITED STATES — 51.80%,Fortinet Inc.,"1,738","64,150",,
CRBN,iShares MSCI ACWI Low Carbon Target ETF,31/07/17,UNITED STATES — 51.80%,Fortive Corp.,"4,266","2,76,181",,
CRBN,iShares MSCI ACWI Low Carbon Target ETF,31/07/17,UNITED STATES — 51.80%,Franklin Resources Inc.,"4,977","2,22,870",,
CRBN,iShares MSCI ACWI Low Carbon Target ETF,31/07/17,UNITED STATES — 51.80%,Freeport-McMoRan Inc.,"14,852","2,17,136",,
CRBN,iShares MSCI ACWI Low Carbon Target ETF,31/07/17,UNITED STATES — 51.80%,Garmin Ltd.,"1,343","67,405",,
CRBN,iShares MSCI ACWI Low Carbon Target ETF,31/07/17,UNITED STATES — 51.80%,General Dynamics Corp.,"3,397","6,66,933",,
CRBN,iShares MSCI ACWI Low Carbon Target ETF,31/07/17,UNITED STATES — 51.80%,General Electric Co.,"97,407","24,94,593",,
CRBN,iShares MSCI ACWI Low Carbon Target ETF,31/07/17,UNITED STATES — 51.80%,General Mills Inc.,"7,900","4,39,714",,
CRBN,iShares MSCI ACWI Low Carbon Target ETF,31/07/17,UNITED STATES — 51.80%,General Motors Co.,"8,927","3,21,193",,
CRBN,iShares MSCI ACWI Low Carbon Target ETF,31/07/17,UNITED STATES — 51.80%,Genuine Parts Co.,"1,501","1,27,480",,
CRBN,iShares MSCI ACWI Low Carbon Target ETF,31/07/17,UNITED STATES — 51.80%,GGP Inc.,"6,478","1,46,468",,
CRBN,iShares MSCI ACWI Low Carbon Target ETF,31/07/17,UNITED STATES — 51.80%,Gilead Sciences Inc.,"13,983","10,63,966",,
CRBN,iShares MSCI ACWI Low Carbon Target ETF,31/07/17,UNITED STATES — 51.80%,Global Payments Inc.,"1,738","1,64,015",,
CRBN,iShares MSCI ACWI Low Carbon Target ETF,31/07/17,UNITED STATES — 51.80%,Goldman Sachs Group Inc. (The),"4,661","10,50,263",,
CRBN,iShares MSCI ACWI Low Carbon Target ETF,31/07/17,UNITED STATES — 51.80%,Halliburton Co.,"12,798","5,43,147",,
CRBN,iShares MSCI ACWI Low Carbon Target ETF,31/07/17,UNITED STATES — 51.80%,Hanesbrands Inc.,"4,108","94,155",,
CRBN,iShares MSCI ACWI Low Carbon Target ETF,31/07/17,UNITED STATES — 51.80%,Harley-Davidson Inc.,"1,659","80,744",,
CRBN,iShares MSCI ACWI Low Carbon Target ETF,31/07/17,UNITED STATES — 51.80%,Harris Corp.,"1,264","1,44,690",,
CRBN,iShares MSCI ACWI Low Carbon Target ETF,31/07/17,UNITED STATES — 51.80%,Hartford Financial Services Group Inc. (The),"5,293","2,91,115",,
CRBN,iShares MSCI ACWI Low Carbon Target ETF,31/07/17,UNITED STATES — 51.80%,Hasbro Inc.,"1,106","1,17,103",,
CRBN,iShares MSCI ACWI Low Carbon Target ETF,31/07/17,UNITED STATES — 51.80%,HCA Healthcare Inc.,"2,291","1,84,059",,
CRBN,iShares MSCI ACWI Low Carbon Target ETF,31/07/17,UNITED STATES — 51.80%,HCP Inc.,"6,050","1,91,482",,
CRBN,iShares MSCI ACWI Low Carbon Target ETF,31/07/17,UNITED STATES — 51.80%,HD Supply Holdings Inc.,"1,817","59,034",,
CRBN,iShares MSCI ACWI Low Carbon Target ETF,31/07/17,UNITED STATES — 51.80%,Helmerich & Payne Inc.,"4,582","2,31,941",,
CRBN,iShares MSCI ACWI Low Carbon Target ETF,31/07/17,UNITED STATES — 51.80%,Henry Schein Inc.,474,"86,368",,
CRBN,iShares MSCI ACWI Low Carbon Target ETF,31/07/17,UNITED STATES — 51.80%,Hershey Co. (The),"1,975","2,07,987",,
CRBN,iShares MSCI ACWI Low Carbon Target ETF,31/07/17,UNITED STATES — 51.80%,Hewlett Packard Enterprise Co.,"18,486","3,23,690",,
CRBN,iShares MSCI ACWI Low Carbon Target ETF,31/07/17,UNITED STATES — 51.80%,Hologic Inc.,"1,975","87,315",,
CRBN,iShares MSCI ACWI Low Carbon Target ETF,31/07/17,UNITED STATES — 51.80%,Home Depot Inc. (The),"12,956","19,38,218",,
CRBN,iShares MSCI ACWI Low Carbon Target ETF,31/07/17,UNITED STATES — 51.80%,Honeywell International Inc.,"7,663","10,43,088",,
CRBN,iShares MSCI ACWI Low Carbon Target ETF,31/07/17,UNITED STATES — 51.80%,Hormel Foods Corp.,"2,686","91,781",,
CRBN,iShares MSCI ACWI Low Carbon Target ETF,31/07/17,UNITED STATES — 51.80%,Host Hotels & Resorts Inc.,"8,611","1,60,681",,
CRBN,iShares MSCI ACWI Low Carbon Target ETF,31/07/17,UNITED STATES — 51.80%,HP Inc.,"18,486","3,53,083",,
CRBN,iShares MSCI ACWI Low Carbon Target ETF,31/07/17,UNITED STATES — 51.80%,Humana Inc.,"1,659","3,83,561",,
CRBN,iShares MSCI ACWI Low Carbon Target ETF,31/07/17,UNITED STATES — 51.80%,Huntington Bancshares Inc./OH,"10,349","1,37,124",,
CRBN,iShares MSCI ACWI Low Carbon Target ETF,31/07/17,UNITED STATES — 51.80%,Huntington Ingalls Industries Inc.,632,"1,30,262",,
CRBN,iShares MSCI ACWI Low Carbon Target ETF,31/07/17,UNITED STATES — 51.80%,IDEX Corp.,"1,264","1,47,307",,
CRBN,iShares MSCI ACWI Low Carbon Target ETF,31/07/17,UNITED STATES — 51.80%,IDEXX Laboratories Inc.,948,"1,57,804",,
CRBN,iShares MSCI ACWI Low Carbon Target ETF,31/07/17,UNITED STATES — 51.80%,IHS Markit Ltd.,"6,437","3,00,286",,
CRBN,iShares MSCI ACWI Low Carbon Target ETF,31/07/17,UNITED STATES — 51.80%,Illinois Tool Works Inc.,"4,582","6,44,733",,
CRBN,iShares MSCI ACWI Low Carbon Target ETF,31/07/17,UNITED STATES — 51.80%,Illumina Inc.,"1,659","2,88,417",,
CRBN,iShares MSCI ACWI Low Carbon Target ETF,31/07/17,UNITED STATES — 51.80%,Incyte Corp.,"1,817","2,42,188",,
CRBN,iShares MSCI ACWI Low Carbon Target ETF,31/07/17,UNITED STATES — 51.80%,Ingersoll-Rand PLC,"3,555","3,12,413",,
CRBN,iShares MSCI ACWI Low Carbon Target ETF,31/07/17,UNITED STATES — 51.80%,Intel Corp.,"53,246","18,88,636",,
CRBN,iShares MSCI ACWI Low Carbon Target ETF,31/07/17,UNITED STATES — 51.80%,Intercontinental Exchange Inc.,"6,873","4,58,498",,
CRBN,iShares MSCI ACWI Low Carbon Target ETF,31/07/17,UNITED STATES — 51.80%,International Business Machines Corp.,"9,559","13,82,901",,
CRBN,iShares MSCI ACWI Low Carbon Target ETF,31/07/17,UNITED STATES — 51.80%,International Flavors & Fragrances Inc.,"2,528","3,36,679",,
CRBN,iShares MSCI ACWI Low Carbon Target ETF,31/07/17,UNITED STATES — 51.80%,Intuit Inc.,"2,607","3,57,706",,
CRBN,iShares MSCI ACWI Low Carbon Target ETF,31/07/17,UNITED STATES — 51.80%,Intuitive Surgical Inc.,474,"4,44,735",,
CRBN,iShares MSCI ACWI Low Carbon Target ETF,31/07/17,UNITED STATES — 51.80%,Invesco Ltd.,"6,004","2,08,759",,
CRBN,iShares MSCI ACWI Low Carbon Target ETF,31/07/17,UNITED STATES — 51.80%,Iron Mountain Inc.,"3,318","1,20,875",,
CRBN,iShares MSCI ACWI Low Carbon Target ETF,31/07/17,UNITED STATES — 51.80%,Jacobs Engineering Group Inc.,"3,239","1,70,760",,
CRBN,iShares MSCI ACWI Low Carbon Target ETF,31/07/17,UNITED STATES — 51.80%,Jazz Pharmaceuticals PLC,711,"1,09,217",,
CRBN,iShares MSCI ACWI Low Carbon Target ETF,31/07/17,UNITED STATES — 51.80%,JM Smucker Co. (The),"1,817","2,21,492",,
CRBN,iShares MSCI ACWI Low Carbon Target ETF,31/07/17,UNITED STATES — 51.80%,Johnson & Johnson,"28,440","37,74,557",,
CRBN,iShares MSCI ACWI Low Carbon Target ETF,31/07/17,UNITED STATES — 51.80%,Johnson Controls International PLC,"11,968","4,66,154",,
CRBN,iShares MSCI ACWI Low Carbon Target ETF,31/07/17,UNITED STATES — 51.80%,Jones Lang LaSalle Inc.,869,"1,10,554",,
CRBN,iShares MSCI ACWI Low Carbon Target ETF,31/07/17,UNITED STATES — 51.80%,JPMorgan Chase & Co.,"37,325","34,26,435",,
CRBN,iShares MSCI ACWI Low Carbon Target ETF,31/07/17,UNITED STATES — 51.80%,Juniper Networks Inc.,"4,187","1,17,027",,
CRBN,iShares MSCI ACWI Low Carbon Target ETF,31/07/17,UNITED STATES — 51.80%,Kellogg Co.,"2,765","1,88,020",,
CRBN,iShares MSCI ACWI Low Carbon Target ETF,31/07/17,UNITED STATES — 51.80%,KeyCorp,"10,744","1,93,822",,
CRBN,iShares MSCI ACWI Low Carbon Target ETF,31/07/17,UNITED STATES — 51.80%,Kimberly-Clark Corp.,632,"77,837",,
CRBN,iShares MSCI ACWI Low Carbon Target ETF,31/07/17,UNITED STATES — 51.80%,Kimco Realty Corp.,"6,320","1,27,538",,
CRBN,iShares MSCI ACWI Low Carbon Target ETF,31/07/17,UNITED STATES — 51.80%,Kinder Morgan Inc./DE,"42,581","8,69,930",,
CRBN,iShares MSCI ACWI Low Carbon Target ETF,31/07/17,UNITED STATES — 51.80%,KLA-Tencor Corp.,"2,054","1,90,262",,
CRBN,iShares MSCI ACWI Low Carbon Target ETF,31/07/17,UNITED STATES — 51.80%,Kohl’s Corp.,"1,896","78,400",,
CRBN,iShares MSCI ACWI Low Carbon Target ETF,31/07/17,UNITED STATES — 51.80%,Kraft Heinz Co. (The),"8,137","7,11,662",,
CRBN,iShares MSCI ACWI Low Carbon Target ETF,31/07/17,UNITED STATES — 51.80%,L Brands Inc.,"2,607","1,20,939",,
CRBN,iShares MSCI ACWI Low Carbon Target ETF,31/07/17,UNITED STATES — 51.80%,L3 Technologies Inc.,"1,264","2,21,162",,
CRBN,iShares MSCI ACWI Low Carbon Target ETF,31/07/17,UNITED STATES — 51.80%,Laboratory Corp. America Holdings,869,"1,38,093",,
CRBN,iShares MSCI ACWI Low Carbon Target ETF,31/07/17,UNITED STATES — 51.80%,Lam Research Corp.,"2,291","3,65,323",,
CRBN,iShares MSCI ACWI Low Carbon Target ETF,31/07/17,UNITED STATES — 51.80%,Las Vegas Sands Corp.,"4,977","3,06,633",,
CRBN,iShares MSCI ACWI Low Carbon Target ETF,31/07/17,UNITED STATES — 51.80%,Leidos Holdings Inc.,"1,326","70,861",,
CRBN,iShares MSCI ACWI Low Carbon Target ETF,31/07/17,UNITED STATES — 51.80%,Lennar Corp. Class,"3,002","1,57,425",,
CRBN,iShares MSCI ACWI Low Carbon Target ETF,31/07/17,UNITED STATES — 51.80%,Level 3 Communications Inc.,"3,634","2,13,243",,
CRBN,iShares MSCI ACWI Low Carbon Target ETF,31/07/17,UNITED STATES — 51.80%,Liberty Broadband Corp. Class,"1,896","1,88,045",,
CRBN,iShares MSCI ACWI Low Carbon Target ETF,31/07/17,UNITED STATES — 51.80%,Liberty Global PLC Series,"4,108","1,39,097",,
CRBN,iShares MSCI ACWI Low Carbon Target ETF,31/07/17,UNITED STATES — 51.80%,Liberty Global PLC Series NVS,"5,372","1,76,040",,
CRBN,iShares MSCI ACWI Low Carbon Target ETF,31/07/17,UNITED STATES — 51.80%,Liberty Interactive Corp. QVC Group Series,"5,767","1,38,062",,
CRBN,iShares MSCI ACWI Low Carbon Target ETF,31/07/17,UNITED STATES — 51.80%,Liberty Media Corp.-Liberty SiriusXM Class,"5,135","2,36,210",,
CRBN,iShares MSCI ACWI Low Carbon Target ETF,31/07/17,UNITED STATES — 51.80%,Lincoln National Corp.,"4,029","2,94,359",,
CRBN,iShares MSCI ACWI Low Carbon Target ETF,31/07/17,UNITED STATES — 51.80%,LKQ Corp.,"2,607","90,098",,
CRBN,iShares MSCI ACWI Low Carbon Target ETF,31/07/17,UNITED STATES — 51.80%,Lockheed Martin Corp.,"3,239","9,46,209",,
CRBN,iShares MSCI ACWI Low Carbon Target ETF,31/07/17,UNITED STATES — 51.80%,Lowe’s Companies Inc.,"8,611","6,66,491",,
CRBN,iShares MSCI ACWI Low Carbon Target ETF,31/07/17,UNITED STATES — 51.80%,lululemon athletica Inc.,"1,501","92,522",,
CRBN,iShares MSCI ACWI Low Carbon Target ETF,31/07/17,UNITED STATES — 51.80%,M&T Bank Corp.,"1,422","2,31,999",,
CRBN,iShares MSCI ACWI Low Carbon Target ETF,31/07/17,UNITED STATES — 51.80%,Macquarie Infrastructure Corp.,"1,659","1,25,769",,
CRBN,iShares MSCI ACWI Low Carbon Target ETF,31/07/17,UNITED STATES — 51.80%,ManpowerGroup Inc.,"1,501","1,60,832",,
CRBN,iShares MSCI ACWI Low Carbon Target ETF,31/07/17,UNITED STATES — 51.80%,Marriott International Inc./MD Class,"1,817","1,89,313",,
CRBN,iShares MSCI ACWI Low Carbon Target ETF,31/07/17,UNITED STATES — 51.80%,Marsh & McLennan Companies Inc.,"3,476","2,71,024",,
CRBN,iShares MSCI ACWI Low Carbon Target ETF,31/07/17,UNITED STATES — 51.80%,Marvell Technology Group Ltd.,"6,715","1,04,485",,
CRBN,iShares MSCI ACWI Low Carbon Target ETF,31/07/17,UNITED STATES — 51.80%,Masco Corp.,"4,424","1,68,687",,
CRBN,iShares MSCI ACWI Low Carbon Target ETF,31/07/17,UNITED STATES — 51.80%,MasterCard Inc. Class,"10,356","13,23,497",,
CRBN,iShares MSCI ACWI Low Carbon Target ETF,31/07/17,UNITED STATES — 51.80%,Mattel Inc.,"3,476","69,590",,
CRBN,iShares MSCI ACWI Low Carbon Target ETF,31/07/17,UNITED STATES — 51.80%,Maxim Integrated Products Inc.,"3,397","1,54,360",,
CRBN,iShares MSCI ACWI Low Carbon Target ETF,31/07/17,UNITED STATES — 51.80%,McCormick & Co. Inc./MD NVS,"2,291","2,18,332",,
CRBN,iShares MSCI ACWI Low Carbon Target ETF,31/07/17,UNITED STATES — 51.80%,McDonald’s Corp.,"9,006","13,97,191",,
CRBN,iShares MSCI ACWI Low Carbon Target ETF,31/07/17,UNITED STATES — 51.80%,McKesson Corp.,"2,686","4,34,783",,
CRBN,iShares MSCI ACWI Low Carbon Target ETF,31/07/17,UNITED STATES — 51.80%,Medtronic PLC,"16,195","13,59,894",,
CRBN,iShares MSCI ACWI Low Carbon Target ETF,31/07/17,UNITED STATES — 51.80%,MercadoLibre Inc.,395,"1,13,926",,
CRBN,iShares MSCI ACWI Low Carbon Target ETF,31/07/17,UNITED STATES — 51.80%,Merck & Co. Inc.,"29,862","19,07,585",,
CRBN,iShares MSCI ACWI Low Carbon Target ETF,31/07/17,UNITED STATES — 51.80%,MetLife Inc.,"12,166","6,69,130",,
CRBN,iShares MSCI ACWI Low Carbon Target ETF,31/07/17,UNITED STATES — 51.80%,MGM Resorts International,"3,871","1,27,472",,
CRBN,iShares MSCI ACWI Low Carbon Target ETF,31/07/17,UNITED STATES — 51.80%,Michael Kors Holdings Ltd.,"1,896","69,090",,
CRBN,iShares MSCI ACWI Low Carbon Target ETF,31/07/17,UNITED STATES — 51.80%,Microchip Technology Inc.,"2,607","2,08,664",,
CRBN,iShares MSCI ACWI Low Carbon Target ETF,31/07/17,UNITED STATES — 51.80%,Micron Technology Inc.,"10,122","2,84,631",,
CRBN,iShares MSCI ACWI Low Carbon Target ETF,31/07/17,UNITED STATES — 51.80%,Microsoft Corp.,"76,946","55,93,974",,
CRBN,iShares MSCI ACWI Low Carbon Target ETF,31/07/17,UNITED STATES — 51.80%,Mid-America Apartment Communities Inc.,"1,264","1,30,862",,
CRBN,iShares MSCI ACWI Low Carbon Target ETF,31/07/17,UNITED STATES — 51.80%,Middleby Corp. (The),948,"1,23,885",,
CRBN,iShares MSCI ACWI Low Carbon Target ETF,31/07/17,UNITED STATES — 51.80%,Molson Coors Brewing Co. Class,"2,923","2,60,089",,
CRBN,iShares MSCI ACWI Low Carbon Target ETF,31/07/17,UNITED STATES — 51.80%,Mondelez International Inc. Class,"18,170","7,99,843",,
CRBN,iShares MSCI ACWI Low Carbon Target ETF,31/07/17,UNITED STATES — 51.80%,Monsanto Co.,"5,767","6,73,701",,
CRBN,iShares MSCI ACWI Low Carbon Target ETF,31/07/17,UNITED STATES — 51.80%,Monster Beverage Corp.,"5,293","2,79,206",,
CRBN,iShares MSCI ACWI Low Carbon Target ETF,31/07/17,UNITED STATES — 51.80%,Moody’s Corp.,"2,054","2,70,368",,
CRBN,iShares MSCI ACWI Low Carbon Target ETF,31/07/17,UNITED STATES — 51.80%,Morgan Stanley,"18,249","8,55,878",,
CRBN,iShares MSCI ACWI Low Carbon Target ETF,31/07/17,UNITED STATES — 51.80%,Motorola Solutions Inc.,"1,185","1,07,456",,
CRBN,iShares MSCI ACWI Low Carbon Target ETF,31/07/17,UNITED STATES — 51.80%,Mylan NV,"5,372","2,09,454",,
CRBN,iShares MSCI ACWI Low Carbon Target ETF,31/07/17,UNITED STATES — 51.80%,Nasdaq Inc.,"1,422","1,05,754",,
CRBN,iShares MSCI ACWI Low Carbon Target ETF,31/07/17,UNITED STATES — 51.80%,National Oilwell Varco Inc.,"8,137","2,66,161",,
CRBN,iShares MSCI ACWI Low Carbon Target ETF,31/07/17,UNITED STATES — 51.80%,National Retail Properties Inc.,"2,291","91,594",,
CRBN,iShares MSCI ACWI Low Carbon Target ETF,31/07/17,UNITED STATES — 51.80%,Navient Corp.,"5,056","74,576",,
CRBN,iShares MSCI ACWI Low Carbon Target ETF,31/07/17,UNITED STATES — 51.80%,NetApp Inc.,"3,397","1,47,498",,
CRBN,iShares MSCI ACWI Low Carbon Target ETF,31/07/17,UNITED STATES — 51.80%,Netflix Inc.,"4,661","8,46,717",,
CRBN,iShares MSCI ACWI Low Carbon Target ETF,31/07/17,UNITED STATES — 51.80%,Newell Brands Inc.,"4,977","2,62,387",,
CRBN,iShares MSCI ACWI Low Carbon Target ETF,31/07/17,UNITED STATES — 51.80%,News Corp. Class,"7,189","1,02,875",,
CRBN,iShares MSCI ACWI Low Carbon Target ETF,31/07/17,UNITED STATES — 51.80%,Nielsen Holdings PLC,"5,530","2,37,845",,
CRBN,iShares MSCI ACWI Low Carbon Target ETF,31/07/17,UNITED STATES — 51.80%,NIKE Inc. Class,"14,852","8,77,011",,
CRBN,iShares MSCI ACWI Low Carbon Target ETF,31/07/17,UNITED STATES — 51.80%,Nordstrom Inc.,"1,738","84,415",,
CRBN,iShares MSCI ACWI Low Carbon Target ETF,31/07/17,UNITED STATES — 51.80%,Norfolk Southern Corp.,"2,212","2,49,027",,
CRBN,iShares MSCI ACWI Low Carbon Target ETF,31/07/17,UNITED STATES — 51.80%,Northern Trust Corp.,"2,765","2,41,965",,
CRBN,iShares MSCI ACWI Low Carbon Target ETF,31/07/17,UNITED STATES — 51.80%,Northrop Grumman Corp.,"2,212","5,82,044",,
CRBN,iShares MSCI ACWI Low Carbon Target ETF,31/07/17,UNITED STATES — 51.80%,NVIDIA Corp.,"6,241","10,14,225",,
CRBN,iShares MSCI ACWI Low Carbon Target ETF,31/07/17,UNITED STATES — 51.80%,O’Reilly Automotive Inc.,"1,106","2,25,956",,
CRBN,iShares MSCI ACWI Low Carbon Target ETF,31/07/17,UNITED STATES — 51.80%,Omnicom Group Inc.,"2,212","1,74,173",,
CRBN,iShares MSCI ACWI Low Carbon Target ETF,31/07/17,UNITED STATES — 51.80%,ONEOK Inc.,"9,085","5,13,938",,
CRBN,iShares MSCI ACWI Low Carbon Target ETF,31/07/17,UNITED STATES — 51.80%,Oracle Corp.,"33,970","16,96,122",,
CRBN,iShares MSCI ACWI Low Carbon Target ETF,31/07/17,UNITED STATES — 51.80%,PACCAR Inc.,"4,740","3,24,453",,
CRBN,iShares MSCI ACWI Low Carbon Target ETF,31/07/17,UNITED STATES — 51.80%,Palo Alto Networks Inc.,"1,106","1,45,749",,
CRBN,iShares MSCI ACWI Low Carbon Target ETF,31/07/17,UNITED STATES — 51.80%,Parker-Hannifin Corp.,"1,896","3,14,698",,
CRBN,iShares MSCI ACWI Low Carbon Target ETF,31/07/17,UNITED STATES — 51.80%,Parsley Energy Inc. Class,"18,802","5,50,523",,
CRBN,iShares MSCI ACWI Low Carbon Target ETF,31/07/17,UNITED STATES — 51.80%,Paychex Inc.,"3,476","2,01,087",,
CRBN,iShares MSCI ACWI Low Carbon Target ETF,31/07/17,UNITED STATES — 51.80%,PayPal Holdings Inc.,"11,929","6,98,443",,
CRBN,iShares MSCI ACWI Low Carbon Target ETF,31/07/17,UNITED STATES — 51.80%,Pentair PLC,"2,528","1,59,441",,
CRBN,iShares MSCI ACWI Low Carbon Target ETF,31/07/17,UNITED STATES — 51.80%,PepsiCo Inc.,"15,484","18,05,589",,
CRBN,iShares MSCI ACWI Low Carbon Target ETF,31/07/17,UNITED STATES — 51.80%,Perrigo Co. PLC,"1,264","94,699",,
CRBN,iShares MSCI ACWI Low Carbon Target ETF,31/07/17,UNITED STATES — 51.80%,Pfizer Inc.,"65,175","21,61,203",,
CRBN,iShares MSCI ACWI Low Carbon Target ETF,31/07/17,UNITED STATES — 51.80%,PG&E Corp.,"8,611","5,82,879",,
CRBN,iShares MSCI ACWI Low Carbon Target ETF,31/07/17,UNITED STATES — 51.80%,Philip Morris International Inc.,"17,854","20,83,740",,
CRBN,iShares MSCI ACWI Low Carbon Target ETF,31/07/17,UNITED STATES — 51.80%,Phillips 66,"7,742","6,48,392",,
CRBN,iShares MSCI ACWI Low Carbon Target ETF,31/07/17,UNITED STATES — 51.80%,Pioneer Natural Resources Co.,"4,345","7,08,669",,
CRBN,iShares MSCI ACWI Low Carbon Target ETF,31/07/17,UNITED STATES — 51.80%,PNC Financial Services Group Inc. (The) e,"5,056","6,51,213",,
CRBN,iShares MSCI ACWI Low Carbon Target ETF,31/07/17,UNITED STATES — 51.80%,Polaris Industries Inc.,711,"63,748",,
CRBN,iShares MSCI ACWI Low Carbon Target ETF,31/07/17,UNITED STATES — 51.80%,PPG Industries Inc.,"4,424","4,65,626",,
CRBN,iShares MSCI ACWI Low Carbon Target ETF,31/07/17,UNITED STATES — 51.80%,Priceline Group Inc. (The),553,"11,21,760",,
CRBN,iShares MSCI ACWI Low Carbon Target ETF,31/07/17,UNITED STATES — 51.80%,Principal Financial Group Inc.,"3,555","2,37,296",,
CRBN,iShares MSCI ACWI Low Carbon Target ETF,31/07/17,UNITED STATES — 51.80%,Procter & Gamble Co. (The),"26,939","24,46,600",,
CRBN,iShares MSCI ACWI Low Carbon Target ETF,31/07/17,UNITED STATES — 51.80%,Progressive Corp. (The),"4,424","2,08,503",,
CRBN,iShares MSCI ACWI Low Carbon Target ETF,31/07/17,UNITED STATES — 51.80%,Prologis Inc.,"7,347","4,46,771",,
CRBN,iShares MSCI ACWI Low Carbon Target ETF,31/07/17,UNITED STATES — 51.80%,Prudential Financial Inc.,"6,162","6,97,723",,
CRBN,iShares MSCI ACWI Low Carbon Target ETF,31/07/17,UNITED STATES — 51.80%,Public Storage,"1,896","3,89,761",,
CRBN,iShares MSCI ACWI Low Carbon Target ETF,31/07/17,UNITED STATES — 51.80%,PulteGroup Inc.,"5,767","1,40,830",,
CRBN,iShares MSCI ACWI Low Carbon Target ETF,31/07/17,UNITED STATES — 51.80%,PVH Corp.,"1,106","1,31,935",,
CRBN,iShares MSCI ACWI Low Carbon Target ETF,31/07/17,UNITED STATES — 51.80%,Qorvo Inc.,"2,054","1,40,822",,
CRBN,iShares MSCI ACWI Low Carbon Target ETF,31/07/17,UNITED STATES — 51.80%,QUALCOMM Inc.,"16,827","8,95,028",,
CRBN,iShares MSCI ACWI Low Carbon Target ETF,31/07/17,UNITED STATES — 51.80%,Quest Diagnostics Inc.,"1,106","1,19,791",,
CRBN,iShares MSCI ACWI Low Carbon Target ETF,31/07/17,UNITED STATES — 51.80%,Quintiles IMS Holdings Inc.,"1,738","1,57,376",,
CRBN,iShares MSCI ACWI Low Carbon Target ETF,31/07/17,UNITED STATES — 51.80%,Ralph Lauren Corp.,553,"41,834",,
CRBN,iShares MSCI ACWI Low Carbon Target ETF,31/07/17,UNITED STATES — 51.80%,Raymond James Financial Inc.,"1,659","1,38,012",,
CRBN,iShares MSCI ACWI Low Carbon Target ETF,31/07/17,UNITED STATES — 51.80%,Raytheon Co.,"3,792","6,51,352",,
CRBN,iShares MSCI ACWI Low Carbon Target ETF,31/07/17,UNITED STATES — 51.80%,Realty Income Corp.,"4,108","2,34,402",,
CRBN,iShares MSCI ACWI Low Carbon Target ETF,31/07/17,UNITED STATES — 51.80%,Red Hat Inc.,"2,133","2,10,890",,
CRBN,iShares MSCI ACWI Low Carbon Target ETF,31/07/17,UNITED STATES — 51.80%,Regeneron Pharmaceuticals Inc.,948,"4,66,056",,
CRBN,iShares MSCI ACWI Low Carbon Target ETF,31/07/17,UNITED STATES — 51.80%,Regions Financial Corp.,"17,933","2,61,822",,
CRBN,iShares MSCI ACWI Low Carbon Target ETF,31/07/17,UNITED STATES — 51.80%,Reinsurance Group America Inc.,790,"1,10,758",,
CRBN,iShares MSCI ACWI Low Carbon Target ETF,31/07/17,UNITED STATES — 51.80%,ResMed Inc.,"1,422","1,09,665",,
CRBN,iShares MSCI ACWI Low Carbon Target ETF,31/07/17,UNITED STATES — 51.80%,Robert Half International Inc.,"2,765","1,25,116",,
CRBN,iShares MSCI ACWI Low Carbon Target ETF,31/07/17,UNITED STATES — 51.80%,Rockwell Automation Inc.,"2,291","3,78,084",,
CRBN,iShares MSCI ACWI Low Carbon Target ETF,31/07/17,UNITED STATES — 51.80%,Rockwell Collins Inc.,"2,547","2,71,332",,
CRBN,iShares MSCI ACWI Low Carbon Target ETF,31/07/17,UNITED STATES — 51.80%,Rollins Inc.,"1,817","78,876",,
CRBN,iShares MSCI ACWI Low Carbon Target ETF,31/07/17,UNITED STATES — 51.80%,Roper Technologies Inc.,"1,501","3,48,922",,
CRBN,iShares MSCI ACWI Low Carbon Target ETF,31/07/17,UNITED STATES — 51.80%,Ross Stores Inc.,"4,503","2,49,106",,
CRBN,iShares MSCI ACWI Low Carbon Target ETF,31/07/17,UNITED STATES — 51.80%,S&P Global Inc.,"2,686","4,12,543",,
CRBN,iShares MSCI ACWI Low Carbon Target ETF,31/07/17,UNITED STATES — 51.80%,salesforce.com Inc.,"7,505","6,81,454",,
CRBN,iShares MSCI ACWI Low Carbon Target ETF,31/07/17,UNITED STATES — 51.80%,SBA Communications Corp.,"1,422","1,95,596",,
CRBN,iShares MSCI ACWI Low Carbon Target ETF,31/07/17,UNITED STATES — 51.80%,Schlumberger Ltd.,"22,515","15,44,529",,
CRBN,iShares MSCI ACWI Low Carbon Target ETF,31/07/17,UNITED STATES — 51.80%,Seagate Technology PLC,"2,765","91,134",,
CRBN,iShares MSCI ACWI Low Carbon Target ETF,31/07/17,UNITED STATES — 51.80%,Sealed Air Corp.,"3,555","1,54,678",,
CRBN,iShares MSCI ACWI Low Carbon Target ETF,31/07/17,UNITED STATES — 51.80%,Seattle Genetics Inc.,"1,343","67,822",,
CRBN,iShares MSCI ACWI Low Carbon Target ETF,31/07/17,UNITED STATES — 51.80%,Sensata Technologies Holding NV,"3,239","1,46,144",,
CRBN,iShares MSCI ACWI Low Carbon Target ETF,31/07/17,UNITED STATES — 51.80%,ServiceNow Inc.,"1,896","2,09,413",,
CRBN,iShares MSCI ACWI Low Carbon Target ETF,31/07/17,UNITED STATES — 51.80%,Sherwin-Williams Co. (The),"1,580","5,32,887",,
CRBN,iShares MSCI ACWI Low Carbon Target ETF,31/07/17,UNITED STATES — 51.80%,Simon Property Group Inc.,"3,713","5,88,510",,
CRBN,iShares MSCI ACWI Low Carbon Target ETF,31/07/17,UNITED STATES — 51.80%,Skyworks Solutions Inc.,"2,370","2,48,542",,
CRBN,iShares MSCI ACWI Low Carbon Target ETF,31/07/17,UNITED STATES — 51.80%,SL Green Realty Corp.,"1,264","1,30,533",,
CRBN,iShares MSCI ACWI Low Carbon Target ETF,31/07/17,UNITED STATES — 51.80%,Snap-on Inc.,948,"1,46,182",,
CRBN,iShares MSCI ACWI Low Carbon Target ETF,31/07/17,UNITED STATES — 51.80%,Splunk Inc.,"1,896","1,13,779",,
CRBN,iShares MSCI ACWI Low Carbon Target ETF,31/07/17,UNITED STATES — 51.80%,Sprint Corp.,"12,798","1,02,128",,
CRBN,iShares MSCI ACWI Low Carbon Target ETF,31/07/17,UNITED STATES — 51.80%,Stanley Black & Decker Inc.,"2,291","3,22,321",,
CRBN,iShares MSCI ACWI Low Carbon Target ETF,31/07/17,UNITED STATES — 51.80%,Staples Inc.,"7,347","74,572",,
CRBN,iShares MSCI ACWI Low Carbon Target ETF,31/07/17,UNITED STATES — 51.80%,Starbucks Corp.,"15,563","8,40,091",,
CRBN,iShares MSCI ACWI Low Carbon Target ETF,31/07/17,UNITED STATES — 51.80%,State Street Corp.,"4,560","4,25,129",,
CRBN,iShares MSCI ACWI Low Carbon Target ETF,31/07/17,UNITED STATES — 51.80%,Stryker Corp.,"4,187","6,15,908",,
CRBN,iShares MSCI ACWI Low Carbon Target ETF,31/07/17,UNITED STATES — 51.80%,SunTrust Banks Inc.,"6,162","3,53,021",,
CRBN,iShares MSCI ACWI Low Carbon Target ETF,31/07/17,UNITED STATES — 51.80%,SVB Financial Group,395,"70,484",,
CRBN,iShares MSCI ACWI Low Carbon Target ETF,31/07/17,UNITED STATES — 51.80%,Symantec Corp.,"7,347","2,27,684",,
CRBN,iShares MSCI ACWI Low Carbon Target ETF,31/07/17,UNITED STATES — 51.80%,Synchrony Financial,"9,441","2,86,251",,
CRBN,iShares MSCI ACWI Low Carbon Target ETF,31/07/17,UNITED STATES — 51.80%,Sysco Corp.,"6,557","3,45,029",,
CRBN,iShares MSCI ACWI Low Carbon Target ETF,31/07/17,UNITED STATES — 51.80%,T Rowe Price Group Inc.,"2,607","2,15,651",,
CRBN,iShares MSCI ACWI Low Carbon Target ETF,31/07/17,UNITED STATES — 51.80%,T-Mobile U.S. Inc.,"2,607","1,60,748",,
CRBN,iShares MSCI ACWI Low Carbon Target ETF,31/07/17,UNITED STATES — 51.80%,Targa Resources Corp.,"6,004","2,78,646",,
CRBN,iShares MSCI ACWI Low Carbon Target ETF,31/07/17,UNITED STATES — 51.80%,Target Corp.,"5,293","2,99,954",,
CRBN,iShares MSCI ACWI Low Carbon Target ETF,31/07/17,UNITED STATES — 51.80%,TD Ameritrade Holding Corp.,"3,318","1,51,732",,
CRBN,iShares MSCI ACWI Low Carbon Target ETF,31/07/17,UNITED STATES — 51.80%,TE Connectivity Ltd.,"3,555","2,85,786",,
CRBN,iShares MSCI ACWI Low Carbon Target ETF,31/07/17,UNITED STATES — 51.80%,TechnipFMC PLC,"17,301","4,93,771",,
CRBN,iShares MSCI ACWI Low Carbon Target ETF,31/07/17,UNITED STATES — 51.80%,Teleflex Inc.,474,"98,222",,
CRBN,iShares MSCI ACWI Low Carbon Target ETF,31/07/17,UNITED STATES — 51.80%,TESARO Inc.,316,"40,341",,
CRBN,iShares MSCI ACWI Low Carbon Target ETF,31/07/17,UNITED STATES — 51.80%,Tesla Inc.,"1,501","4,85,528",,
CRBN,iShares MSCI ACWI Low Carbon Target ETF,31/07/17,UNITED STATES — 51.80%,Texas Instruments Inc.,"10,744","8,74,347",,
CRBN,iShares MSCI ACWI Low Carbon Target ETF,31/07/17,UNITED STATES — 51.80%,Textron Inc.,"3,318","1,63,013",,
CRBN,iShares MSCI ACWI Low Carbon Target ETF,31/07/17,UNITED STATES — 51.80%,Thermo Fisher Scientific Inc.,"4,345","7,62,678",,
CRBN,iShares MSCI ACWI Low Carbon Target ETF,31/07/17,UNITED STATES — 51.80%,Tiffany & Co.,"1,580","1,50,906",,
CRBN,iShares MSCI ACWI Low Carbon Target ETF,31/07/17,UNITED STATES — 51.80%,Time Warner Inc.,"8,532","8,73,847",,
CRBN,iShares MSCI ACWI Low Carbon Target ETF,31/07/17,UNITED STATES — 51.80%,TJX Companies Inc. (The),"6,557","4,61,023",,
CRBN,iShares MSCI ACWI Low Carbon Target ETF,31/07/17,UNITED STATES — 51.80%,Toll Brothers Inc.,"2,765","1,06,701",,
CRBN,iShares MSCI ACWI Low Carbon Target ETF,31/07/17,UNITED STATES — 51.80%,Total System Services Inc.,"2,133","1,35,360",,
CRBN,iShares MSCI ACWI Low Carbon Target ETF,31/07/17,UNITED STATES — 51.80%,Tractor Supply Co.,"1,896","1,06,404",,
CRBN,iShares MSCI ACWI Low Carbon Target ETF,31/07/17,UNITED STATES — 51.80%,TransDigm Group Inc.,869,"2,45,180",,
CRBN,iShares MSCI ACWI Low Carbon Target ETF,31/07/17,UNITED STATES — 51.80%,Travelers Companies Inc. (The),"3,239","4,14,884",,
CRBN,iShares MSCI ACWI Low Carbon Target ETF,31/07/17,UNITED STATES — 51.80%,Trimble Inc.,"2,765","1,03,494",,
CRBN,iShares MSCI ACWI Low Carbon Target ETF,31/07/17,UNITED STATES — 51.80%,TripAdvisor Inc.,"1,264","49,321",,
CRBN,iShares MSCI ACWI Low Carbon Target ETF,31/07/17,UNITED STATES — 51.80%,Twenty-First Century Fox Inc. Class,"11,218","3,26,444",,
CRBN,iShares MSCI ACWI Low Carbon Target ETF,31/07/17,UNITED STATES — 51.80%,Twenty-First Century Fox Inc. Class,"7,821","2,24,384",,
CRBN,iShares MSCI ACWI Low Carbon Target ETF,31/07/17,UNITED STATES — 51.80%,Twitter Inc.,"7,505","1,20,755",,
CRBN,iShares MSCI ACWI Low Carbon Target ETF,31/07/17,UNITED STATES — 51.80%,U.S. Bancorp.,"15,879","8,38,094",,
CRBN,iShares MSCI ACWI Low Carbon Target ETF,31/07/17,UNITED STATES — 51.80%,UDR Inc.,"2,212","86,467",,
CRBN,iShares MSCI ACWI Low Carbon Target ETF,31/07/17,UNITED STATES — 51.80%,Ulta Salon Cosmetics & Fragrance Inc.,711,"1,78,610",,
CRBN,iShares MSCI ACWI Low Carbon Target ETF,31/07/17,UNITED STATES — 51.80%,Under Armour Inc. Class,"4,266","77,257",,
CRBN,iShares MSCI ACWI Low Carbon Target ETF,31/07/17,UNITED STATES — 51.80%,Union Pacific Corp.,"8,137","8,37,786",,
CRBN,iShares MSCI ACWI Low Carbon Target ETF,31/07/17,UNITED STATES — 51.80%,United Parcel Service Inc. Class,"5,056","5,57,626",,
CRBN,iShares MSCI ACWI Low Carbon Target ETF,31/07/17,UNITED STATES — 51.80%,United Rentals Inc.,"1,185","1,40,968",,
CRBN,iShares MSCI ACWI Low Carbon Target ETF,31/07/17,UNITED STATES — 51.80%,United Technologies Corp.,"9,796","11,61,512",,
CRBN,iShares MSCI ACWI Low Carbon Target ETF,31/07/17,UNITED STATES — 51.80%,United Therapeutics Corp.,553,"71,005",,
CRBN,iShares MSCI ACWI Low Carbon Target ETF,31/07/17,UNITED STATES — 51.80%,UnitedHealth Group Inc.,"10,507","20,15,348",,
CRBN,iShares MSCI ACWI Low Carbon Target ETF,31/07/17,UNITED STATES — 51.80%,Universal Health Services Inc. Class,790,"87,556",,
CRBN,iShares MSCI ACWI Low Carbon Target ETF,31/07/17,UNITED STATES — 51.80%,Unum Group,"3,871","1,94,053",,
CRBN,iShares MSCI ACWI Low Carbon Target ETF,31/07/17,UNITED STATES — 51.80%,Valero Energy Corp.,"3,634","2,50,637",,
CRBN,iShares MSCI ACWI Low Carbon Target ETF,31/07/17,UNITED STATES — 51.80%,Vantiv Inc. Class,"1,975","1,25,511",,
CRBN,iShares MSCI ACWI Low Carbon Target ETF,31/07/17,UNITED STATES — 51.80%,Varian Medical Systems Inc.,790,"76,725",,
CRBN,iShares MSCI ACWI Low Carbon Target ETF,31/07/17,UNITED STATES — 51.80%,Ventas Inc.,"4,345","2,92,636",,
CRBN,iShares MSCI ACWI Low Carbon Target ETF,31/07/17,UNITED STATES — 51.80%,VEREIT Inc.,"25,675","2,13,359",,
CRBN,iShares MSCI ACWI Low Carbon Target ETF,31/07/17,UNITED STATES — 51.80%,Verisk Analytics Inc. Class,"2,133","1,86,126",,
CRBN,iShares MSCI ACWI Low Carbon Target ETF,31/07/17,UNITED STATES — 51.80%,Verizon Communications Inc.,"43,371","20,99,156",,
CRBN,iShares MSCI ACWI Low Carbon Target ETF,31/07/17,UNITED STATES — 51.80%,Vertex Pharmaceuticals Inc.,"2,844","4,31,776",,
CRBN,iShares MSCI ACWI Low Carbon Target ETF,31/07/17,UNITED STATES — 51.80%,VF Corp.,"4,029","2,50,564",,
CRBN,iShares MSCI ACWI Low Carbon Target ETF,31/07/17,UNITED STATES — 51.80%,Viacom Inc. Class NVS,"3,713","1,29,658",,
CRBN,iShares MSCI ACWI Low Carbon Target ETF,31/07/17,UNITED STATES — 51.80%,Visa Inc. Class,"19,927","19,83,932",,
CRBN,iShares MSCI ACWI Low Carbon Target ETF,31/07/17,UNITED STATES — 51.80%,VMware Inc. Class,"1,185","1,09,861",,
CRBN,iShares MSCI ACWI Low Carbon Target ETF,31/07/17,UNITED STATES — 51.80%,Vornado Realty Trust,"1,580","1,25,373",,
CRBN,iShares MSCI ACWI Low Carbon Target ETF,31/07/17,UNITED STATES — 51.80%,Voya Financial Inc.,"4,503","1,76,698",,
CRBN,iShares MSCI ACWI Low Carbon Target ETF,31/07/17,UNITED STATES — 51.80%,Vulcan Materials Co.,"1,264","1,55,624",,
CRBN,iShares MSCI ACWI Low Carbon Target ETF,31/07/17,UNITED STATES — 51.80%,WABCO Holdings Inc.,474,"65,208",,
CRBN,iShares MSCI ACWI Low Carbon Target ETF,31/07/17,UNITED STATES — 51.80%,Wabtec Corp./DE,"1,264","95,255",,
CRBN,iShares MSCI ACWI Low Carbon Target ETF,31/07/17,UNITED STATES — 51.80%,Wal-Mart Stores Inc.,"16,037","12,82,800",,
CRBN,iShares MSCI ACWI Low Carbon Target ETF,31/07/17,UNITED STATES — 51.80%,Walgreens Boots Alliance Inc.,"10,902","8,79,464",,
CRBN,iShares MSCI ACWI Low Carbon Target ETF,31/07/17,UNITED STATES — 51.80%,Walt Disney Co. (The),"16,274","17,89,001",,
CRBN,iShares MSCI ACWI Low Carbon Target ETF,31/07/17,UNITED STATES — 51.80%,Waters Corp.,790,"1,37,018",,
CRBN,iShares MSCI ACWI Low Carbon Target ETF,31/07/17,UNITED STATES — 51.80%,Weatherford International PLC,"22,831","1,01,826",,
CRBN,iShares MSCI ACWI Low Carbon Target ETF,31/07/17,UNITED STATES — 51.80%,Wells Fargo & Co.,"50,481","27,22,945",,
CRBN,iShares MSCI ACWI Low Carbon Target ETF,31/07/17,UNITED STATES — 51.80%,Welltower Inc.,"4,582","3,36,273",,
CRBN,iShares MSCI ACWI Low Carbon Target ETF,31/07/17,UNITED STATES — 51.80%,Western Digital Corp.,"3,160","2,68,979",,
CRBN,iShares MSCI ACWI Low Carbon Target ETF,31/07/17,UNITED STATES — 51.80%,Western Union Co. (The),"4,424","87,374",,
CRBN,iShares MSCI ACWI Low Carbon Target ETF,31/07/17,UNITED STATES — 51.80%,WestRock Co.,"3,239","1,85,983",,
CRBN,iShares MSCI ACWI Low Carbon Target ETF,31/07/17,UNITED STATES — 51.80%,Weyerhaeuser Co.,"3,792","1,25,212",,
CRBN,iShares MSCI ACWI Low Carbon Target ETF,31/07/17,UNITED STATES — 51.80%,Whirlpool Corp.,632,"1,12,420",,
CRBN,iShares MSCI ACWI Low Carbon Target ETF,31/07/17,UNITED STATES — 51.80%,Whole Foods Market Inc.,"3,476","1,45,158",,
CRBN,iShares MSCI ACWI Low Carbon Target ETF,31/07/17,UNITED STATES — 51.80%,Williams Companies Inc. (The),"7,110","2,25,956",,
CRBN,iShares MSCI ACWI Low Carbon Target ETF,31/07/17,UNITED STATES — 51.80%,Willis Towers Watson PLC,"1,185","1,76,423",,
CRBN,iShares MSCI ACWI Low Carbon Target ETF,31/07/17,UNITED STATES — 51.80%,Workday Inc. Class,"1,501","1,53,267",,
CRBN,iShares MSCI ACWI Low Carbon Target ETF,31/07/17,UNITED STATES — 51.80%,WW Grainger Inc.,869,"1,44,897",,
CRBN,iShares MSCI ACWI Low Carbon Target ETF,31/07/17,UNITED STATES — 51.80%,Wynn Resorts Ltd.,"1,027","1,32,832",,
CRBN,iShares MSCI ACWI Low Carbon Target ETF,31/07/17,UNITED STATES — 51.80%,Xerox Corp.,"2,979","91,366",,
CRBN,iShares MSCI ACWI Low Carbon Target ETF,31/07/17,UNITED STATES — 51.80%,Xilinx Inc.,"3,713","2,34,884",,
CRBN,iShares MSCI ACWI Low Carbon Target ETF,31/07/17,UNITED STATES — 51.80%,XL Group Ltd.,"4,108","1,82,395",,
CRBN,iShares MSCI ACWI Low Carbon Target ETF,31/07/17,UNITED STATES — 51.80%,Xylem Inc./NY,"3,397","1,92,712",,
CRBN,iShares MSCI ACWI Low Carbon Target ETF,31/07/17,UNITED STATES — 51.80%,Zillow Group Inc. Class,"1,975","89,191",,
CRBN,iShares MSCI ACWI Low Carbon Target ETF,31/07/17,UNITED STATES — 51.80%,Zimmer Biomet Holdings Inc.,"2,528","3,06,697",,
CRBN,iShares MSCI ACWI Low Carbon Target ETF,31/07/17,UNITED STATES — 51.80%,Zoetis Inc.,"4,582","2,86,467","22,52,18,377",429760260
DSI,iShares MSCI KLD 400 Social ETF,30/04/17,AEROSPACE & DEFENSE — 0.01%,"Wesco Aircraft Holdings Inc. a,b","5,126","62,281","62,281",
DSI,iShares MSCI KLD 400 Social ETF,30/04/17,AIR FREIGHT & LOGISTICS — 1.01%,CH Robinson Worldwide Inc.,"12,370","8,99,299",,
DSI,iShares MSCI KLD 400 Social ETF,30/04/17,AIR FREIGHT & LOGISTICS — 1.01%,Echo Global Logistics Inc. a,"2,285","42,844",,
DSI,iShares MSCI KLD 400 Social ETF,30/04/17,AIR FREIGHT & LOGISTICS — 1.01%,Expeditors International of Washington Inc.,"15,694","8,80,276",,
DSI,iShares MSCI KLD 400 Social ETF,30/04/17,AIR FREIGHT & LOGISTICS — 1.01%,United Parcel Service Inc. Class B,"60,039","64,51,791","82,74,210",
DSI,iShares MSCI KLD 400 Social ETF,30/04/17,AIRLINES — 0.18%,Delta Air Lines Inc.,"16,232","7,37,582",,
DSI,iShares MSCI KLD 400 Social ETF,30/04/17,AIRLINES — 0.18%,Southwest Airlines Co.,"13,448","7,56,047","14,93,629",
DSI,iShares MSCI KLD 400 Social ETF,30/04/17,AUTO COMPONENTS — 0.19%,Autoliv Inc.,"7,651","7,66,554",,
DSI,iShares MSCI KLD 400 Social ETF,30/04/17,AUTO COMPONENTS — 0.19%,BorgWarner Inc.,"18,577","7,85,435","15,51,989",
DSI,iShares MSCI KLD 400 Social ETF,30/04/17,AUTOMOBILES — 0.53%,Harley-Davidson Inc.,"15,346","8,71,806",,
DSI,iShares MSCI KLD 400 Social ETF,30/04/17,AUTOMOBILES — 0.53%,"Tesla Inc. a,b","11,202","35,18,212","43,90,018",
DSI,iShares MSCI KLD 400 Social ETF,30/04/17,BANKS — 1.79%,Bank of Hawaii Corp.,"3,719","3,03,024",,
DSI,iShares MSCI KLD 400 Social ETF,30/04/17,BANKS — 1.79%,Cathay General Bancorp.,"6,500","2,47,325",,
DSI,iShares MSCI KLD 400 Social ETF,30/04/17,BANKS — 1.79%,CIT Group Inc.,"17,701","8,19,733",,
DSI,iShares MSCI KLD 400 Social ETF,30/04/17,BANKS — 1.79%,Citizens Financial Group Inc.,"44,566","16,36,018",,
DSI,iShares MSCI KLD 400 Social ETF,30/04/17,BANKS — 1.79%,Comerica Inc.,"14,955","10,57,319",,
DSI,iShares MSCI KLD 400 Social ETF,30/04/17,BANKS — 1.79%,Heartland Financial USA Inc.,"1,908","91,584",,
,,,,International Bancshares Corp.,"4,861","1,81,801",,
DSI,iShares MSCI KLD 400 Social ETF,30/04/17,BANKS — 1.79%,KeyCorp,"94,268","17,19,448",,
DSI,iShares MSCI KLD 400 Social ETF,30/04/17,BANKS — 1.79%,M&T Bank Corp.,"12,150","18,88,232",,
DSI,iShares MSCI KLD 400 Social ETF,30/04/17,BANKS — 1.79%,Old National Bancorp./IN,"11,117","1,86,766",,
DSI,iShares MSCI KLD 400 Social ETF,30/04/17,BANKS — 1.79%,People’s United Financial Inc.,"29,871","5,21,846",,
DSI,iShares MSCI KLD 400 Social ETF,30/04/17,BANKS — 1.79%,PNC Financial Services Group Inc. (The) c,"42,308","50,66,383",,
DSI,iShares MSCI KLD 400 Social ETF,30/04/17,BANKS — 1.79%,Signature Bank/New York NY a,"4,657","6,44,762",,
DSI,iShares MSCI KLD 400 Social ETF,30/04/17,BANKS — 1.79%,Umpqua Holdings Corp.,"19,094","3,37,391","1,47,01,632",
DSI,iShares MSCI KLD 400 Social ETF,30/04/17,BEVERAGES — 2.05%,Coca-Cola Co. (The),"3,56,852","1,53,98,164",,
DSI,iShares MSCI KLD 400 Social ETF,30/04/17,BEVERAGES — 2.05%,Dr Pepper Snapple Group Inc.,"16,031","14,69,241","1,68,67,405",
DSI,iShares MSCI KLD 400 Social ETF,30/04/17,BIOTECHNOLOGY — 4.37%,Amgen Inc.,"64,791","1,05,81,666",,
DSI,iShares MSCI KLD 400 Social ETF,30/04/17,BIOTECHNOLOGY — 4.37%,Biogen Inc. a,"18,951","51,39,701",,
DSI,iShares MSCI KLD 400 Social ETF,30/04/17,BIOTECHNOLOGY — 4.37%,BioMarin Pharmaceutical Inc. a,"14,972","14,34,916",,
DSI,iShares MSCI KLD 400 Social ETF,30/04/17,BIOTECHNOLOGY — 4.37%,Celgene Corp. a,"67,516","83,75,360",,
DSI,iShares MSCI KLD 400 Social ETF,30/04/17,BIOTECHNOLOGY — 4.37%,Gilead Sciences Inc.,"1,14,743","78,65,633",,
DSI,iShares MSCI KLD 400 Social ETF,30/04/17,BIOTECHNOLOGY — 4.37%,Vertex Pharmaceuticals Inc. a,"21,576","25,52,441","3,59,49,717",
DSI,iShares MSCI KLD 400 Social ETF,30/04/17,BUILDING PRODUCTS — 0.82%,AO Smith Corp.,"12,854","6,92,574",,
DSI,iShares MSCI KLD 400 Social ETF,30/04/17,BUILDING PRODUCTS — 0.82%,"Builders FirstSource Inc. a,b","8,719","1,39,591",,
,,,,Fortune Brands Home & Security Inc.,"13,479","8,59,151",,
DSI,iShares MSCI KLD 400 Social ETF,30/04/17,BUILDING PRODUCTS — 0.82%,Johnson Controls International PLC,"81,514","33,88,537",,
DSI,iShares MSCI KLD 400 Social ETF,30/04/17,BUILDING PRODUCTS — 0.82%,Masco Corp.,"28,628","10,59,809",,
DSI,iShares MSCI KLD 400 Social ETF,30/04/17,BUILDING PRODUCTS — 0.82%,Owens Corning,"9,820","5,97,547","67,37,209",
DSI,iShares MSCI KLD 400 Social ETF,30/04/17,CAPITAL MARKETS — 3.40%,Ameriprise Financial Inc.,"13,760","17,59,216",,
DSI,iShares MSCI KLD 400 Social ETF,30/04/17,CAPITAL MARKETS — 3.40%,Bank of New York Mellon Corp. (The),"92,137","43,35,967",,
DSI,iShares MSCI KLD 400 Social ETF,30/04/17,CAPITAL MARKETS — 3.40%,BlackRock Inc. c,"10,570","40,64,905",,
DSI,iShares MSCI KLD 400 Social ETF,30/04/17,CAPITAL MARKETS — 3.40%,Charles Schwab Corp. (The),"1,03,991","40,40,050",,
DSI,iShares MSCI KLD 400 Social ETF,30/04/17,CAPITAL MARKETS — 3.40%,CME Group Inc.,"29,530","34,31,091",,
DSI,iShares MSCI KLD 400 Social ETF,30/04/17,CAPITAL MARKETS — 3.40%,FactSet Research Systems Inc.,"3,479","5,67,981",,
DSI,iShares MSCI KLD 400 Social ETF,30/04/17,CAPITAL MARKETS — 3.40%,Franklin Resources Inc.,"32,190","13,87,711",,
DSI,iShares MSCI KLD 400 Social ETF,30/04/17,CAPITAL MARKETS — 3.40%,Invesco Ltd.,"35,547","11,70,918",,
DSI,iShares MSCI KLD 400 Social ETF,30/04/17,CAPITAL MARKETS — 3.40%,Legg Mason Inc.,"7,865","2,93,994",,
DSI,iShares MSCI KLD 400 Social ETF,30/04/17,CAPITAL MARKETS — 3.40%,Northern Trust Corp.,"18,726","16,85,340",,
DSI,iShares MSCI KLD 400 Social ETF,30/04/17,CAPITAL MARKETS — 3.40%,State Street Corp.,"33,581","28,17,446",,
DSI,iShares MSCI KLD 400 Social ETF,30/04/17,CAPITAL MARKETS — 3.40%,T Rowe Price Group Inc.,"21,193","15,02,372",,
DSI,iShares MSCI KLD 400 Social ETF,30/04/17,CAPITAL MARKETS — 3.40%,TD Ameritrade Holding Corp.,"23,032","8,81,435","2,79,38,426",
DSI,iShares MSCI KLD 400 Social ETF,30/04/17,CHEMICALS — 2.19%,Air Products & Chemicals Inc.,"17,910","25,16,355",,
DSI,iShares MSCI KLD 400 Social ETF,30/04/17,CHEMICALS — 2.19%,Albemarle Corp.,"9,824","10,69,932",,
DSI,iShares MSCI KLD 400 Social ETF,30/04/17,CHEMICALS — 2.19%,Axalta Coating Systems Ltd. a,"18,932","5,93,897",,
DSI,iShares MSCI KLD 400 Social ETF,30/04/17,CHEMICALS — 2.19%,Ecolab Inc.,"22,843","29,48,803",,
DSI,iShares MSCI KLD 400 Social ETF,30/04/17,CHEMICALS — 2.19%,HB Fuller Co.,"4,362","2,30,444",,
DSI,iShares MSCI KLD 400 Social ETF,30/04/17,CHEMICALS — 2.19%,International Flavors & Fragrances Inc.,"6,903","9,56,687",,
DSI,iShares MSCI KLD 400 Social ETF,30/04/17,CHEMICALS — 2.19%,Minerals Technologies Inc.,"3,019","2,37,595",,
DSI,iShares MSCI KLD 400 Social ETF,30/04/17,CHEMICALS — 2.19%,Mosaic Co. (The),"29,132","7,84,525",,
DSI,iShares MSCI KLD 400 Social ETF,30/04/17,CHEMICALS — 2.19%,PPG Industries Inc.,"22,983","25,24,453",,
DSI,iShares MSCI KLD 400 Social ETF,30/04/17,CHEMICALS — 2.19%,Praxair Inc.,"24,843","31,04,878",,
DSI,iShares MSCI KLD 400 Social ETF,30/04/17,CHEMICALS — 2.19%,Sherwin-Williams Co. (The),"6,876","23,01,260",,
DSI,iShares MSCI KLD 400 Social ETF,30/04/17,CHEMICALS — 2.19%,Valspar Corp. (The),"6,603","7,42,441","1,80,11,270",
DSI,iShares MSCI KLD 400 Social ETF,30/04/17,COMMERCIAL SERVICES & SUPPLIES — 0.23%,ACCO Brands Corp. a,"9,292","1,32,411",,
DSI,iShares MSCI KLD 400 Social ETF,30/04/17,COMMERCIAL SERVICES & SUPPLIES — 0.23%,Copart Inc. a,"17,952","5,54,717",,
DSI,iShares MSCI KLD 400 Social ETF,30/04/17,COMMERCIAL SERVICES & SUPPLIES — 0.23%,Deluxe Corp.,"4,227","3,03,964",,
DSI,iShares MSCI KLD 400 Social ETF,30/04/17,COMMERCIAL SERVICES & SUPPLIES — 0.23%,Essendant Inc.,"3,231","53,958",,
DSI,iShares MSCI KLD 400 Social ETF,30/04/17,COMMERCIAL SERVICES & SUPPLIES — 0.23%,HNI Corp.,"3,860","1,80,494",,
DSI,iShares MSCI KLD 400 Social ETF,30/04/17,COMMERCIAL SERVICES & SUPPLIES — 0.23%,Interface Inc.,"5,619","1,11,818",,
DSI,iShares MSCI KLD 400 Social ETF,30/04/17,COMMERCIAL SERVICES & SUPPLIES — 0.23%,Knoll Inc.,"4,262","1,02,117",,
DSI,iShares MSCI KLD 400 Social ETF,30/04/17,COMMERCIAL SERVICES & SUPPLIES — 0.23%,RR Donnelley & Sons Co.,"6,051","76,061",,
DSI,iShares MSCI KLD 400 Social ETF,30/04/17,COMMERCIAL SERVICES & SUPPLIES — 0.23%,Steelcase Inc. Class A,"7,599","1,29,563",,
DSI,iShares MSCI KLD 400 Social ETF,30/04/17,COMMERCIAL SERVICES & SUPPLIES — 0.23%,"Team Inc. a,b","2,417","65,017",,
DSI,iShares MSCI KLD 400 Social ETF,30/04/17,COMMERCIAL SERVICES & SUPPLIES — 0.23%,Tetra Tech Inc.,"4,978","2,18,783","19,28,903",
DSI,iShares MSCI KLD 400 Social ETF,30/04/17,COMMUNICATIONS EQUIPMENT — 2.06%,Calix Inc. a,"3,803","25,480",,
DSI,iShares MSCI KLD 400 Social ETF,30/04/17,COMMUNICATIONS EQUIPMENT — 2.06%,Cisco Systems Inc.,"4,37,192","1,48,95,131",,
DSI,iShares MSCI KLD 400 Social ETF,30/04/17,COMMUNICATIONS EQUIPMENT — 2.06%,F5 Networks Inc. a,"5,715","7,37,978",,
DSI,iShares MSCI KLD 400 Social ETF,30/04/17,COMMUNICATIONS EQUIPMENT — 2.06%,Motorola Solutions Inc.,"13,014","11,18,814",,
DSI,iShares MSCI KLD 400 Social ETF,30/04/17,COMMUNICATIONS EQUIPMENT — 2.06%,Plantronics Inc.,"2,873","1,56,866","1,69,34,269",
DSI,iShares MSCI KLD 400 Social ETF,30/04/17,CONSTRUCTION & ENGINEERING — 0.12%,EMCOR Group Inc.,"5,270","3,46,450",,
DSI,iShares MSCI KLD 400 Social ETF,30/04/17,CONSTRUCTION & ENGINEERING — 0.12%,Granite Construction Inc.,"3,430","1,80,795",,
DSI,iShares MSCI KLD 400 Social ETF,30/04/17,CONSTRUCTION & ENGINEERING — 0.12%,Quanta Services Inc. a,"13,057","4,62,740","9,89,985",
DSI,iShares MSCI KLD 400 Social ETF,30/04/17,CONSUMER FINANCE — 0.74%,Ally Financial Inc.,"36,958","7,31,769",,
DSI,iShares MSCI KLD 400 Social ETF,30/04/17,CONSUMER FINANCE — 0.74%,American Express Co.,"67,761","53,70,059","61,01,828",
DSI,iShares MSCI KLD 400 Social ETF,30/04/17,CONTAINERS & PACKAGING — 0.50%,Avery Dennison Corp.,"7,805","6,49,454",,
DSI,iShares MSCI KLD 400 Social ETF,30/04/17,CONTAINERS & PACKAGING — 0.50%,Ball Corp.,"14,460","11,11,829",,
DSI,iShares MSCI KLD 400 Social ETF,30/04/17,CONTAINERS & PACKAGING — 0.50%,Sealed Air Corp.,"16,831","7,40,901",,
DSI,iShares MSCI KLD 400 Social ETF,30/04/17,CONTAINERS & PACKAGING — 0.50%,Sonoco Products Co.,"8,687","4,54,417",,
DSI,iShares MSCI KLD 400 Social ETF,30/04/17,CONTAINERS & PACKAGING — 0.50%,WestRock Co.,"21,807","11,67,983","41,24,584",
DSI,iShares MSCI KLD 400 Social ETF,30/04/17,DISTRIBUTORS — 0.16%,LKQ Corp. a,"26,898","8,40,293",,
DSI,iShares MSCI KLD 400 Social ETF,30/04/17,DISTRIBUTORS — 0.16%,Pool Corp.,"3,574","4,27,522",,
DSI,iShares MSCI KLD 400 Social ETF,30/04/17,DISTRIBUTORS — 0.16%,Weyco Group Inc.,549,"15,350","12,83,165",
DSI,iShares MSCI KLD 400 Social ETF,30/04/17,DIVERSIFIED FINANCIAL SERVICES — 0.08%,Voya Financial Inc.,"16,948","6,33,516","6,33,516",
DSI,iShares MSCI KLD 400 Social ETF,30/04/17,DIVERSIFIED TELECOMMUNICATION SERVICES — 2.33%,CenturyLink Inc.,"47,656","12,23,330",,
DSI,iShares MSCI KLD 400 Social ETF,30/04/17,DIVERSIFIED TELECOMMUNICATION SERVICES — 2.33%,Cincinnati Bell Inc. a,"3,279","61,809",,
DSI,iShares MSCI KLD 400 Social ETF,30/04/17,DIVERSIFIED TELECOMMUNICATION SERVICES — 2.33%,Level 3 Communications Inc. a,"26,632","16,18,160",,
DSI,iShares MSCI KLD 400 Social ETF,30/04/17,DIVERSIFIED TELECOMMUNICATION SERVICES — 2.33%,Verizon Communications Inc.,"3,55,052","1,63,00,437","1,92,03,736",
DSI,iShares MSCI KLD 400 Social ETF,30/04/17,ELECTRIC UTILITIES — 0.29%,Alliant Energy Corp.,"19,911","7,82,900",,
DSI,iShares MSCI KLD 400 Social ETF,30/04/17,ELECTRIC UTILITIES — 0.29%,Eversource Energy,"27,639","16,41,757","24,24,657",
DSI,iShares MSCI KLD 400 Social ETF,30/04/17,ELECTRICAL EQUIPMENT — 0.73%,Acuity Brands Inc.,"3,844","6,76,928",,
DSI,iShares MSCI KLD 400 Social ETF,30/04/17,ELECTRICAL EQUIPMENT — 0.73%,Eaton Corp. PLC,"39,323","29,74,392",,
DSI,iShares MSCI KLD 400 Social ETF,30/04/17,ELECTRICAL EQUIPMENT — 0.73%,Rockwell Automation Inc.,"11,163","17,56,498",,
DSI,iShares MSCI KLD 400 Social ETF,30/04/17,ELECTRICAL EQUIPMENT — 0.73%,"Sensata Technologies Holding NV a,b","14,812","6,09,958","60,17,776",
DSI,iShares MSCI KLD 400 Social ETF,30/04/17,"ELECTRONIC EQUIPMENT, INSTRUMENTS & COMPONENTS — 0.79%",Corning Inc.,"82,862","23,90,569",,
DSI,iShares MSCI KLD 400 Social ETF,30/04/17,"ELECTRONIC EQUIPMENT, INSTRUMENTS & COMPONENTS — 0.79%",Flex Ltd. a,"46,882","7,24,796",,
DSI,iShares MSCI KLD 400 Social ETF,30/04/17,"ELECTRONIC EQUIPMENT, INSTRUMENTS & COMPONENTS — 0.79%",Itron Inc. a,"3,152","2,04,407",,
DSI,iShares MSCI KLD 400 Social ETF,30/04/17,"ELECTRONIC EQUIPMENT, INSTRUMENTS & COMPONENTS — 0.79%",TE Connectivity Ltd.,"30,935","23,93,441",,
DSI,iShares MSCI KLD 400 Social ETF,30/04/17,"ELECTRONIC EQUIPMENT, INSTRUMENTS & COMPONENTS — 0.79%",Trimble Inc. a,"21,863","7,74,606","64,87,819",
DSI,iShares MSCI KLD 400 Social ETF,30/04/17,ENERGY EQUIPMENT & SERVICES — 1.65%,Baker Hughes Inc.,"34,969","20,76,110",,
DSI,iShares MSCI KLD 400 Social ETF,30/04/17,ENERGY EQUIPMENT & SERVICES — 1.65%,Core Laboratories NV,"3,819","4,23,222",,
DSI,iShares MSCI KLD 400 Social ETF,30/04/17,ENERGY EQUIPMENT & SERVICES — 1.65%,National Oilwell Varco Inc.,"32,950","11,52,261",,
DSI,iShares MSCI KLD 400 Social ETF,30/04/17,ENERGY EQUIPMENT & SERVICES — 1.65%,Schlumberger Ltd.,"1,21,175","87,96,093",,
DSI,iShares MSCI KLD 400 Social ETF,30/04/17,ENERGY EQUIPMENT & SERVICES — 1.65%,TechnipFMC PLC a,"38,585","11,62,566","1,36,10,252",
DSI,iShares MSCI KLD 400 Social ETF,30/04/17,EQUITY REAL ESTATE INVESTMENT TRUSTS (REITS) — 4.24%,American Tower Corp.,"37,089","46,70,989",,
DSI,iShares MSCI KLD 400 Social ETF,30/04/17,EQUITY REAL ESTATE INVESTMENT TRUSTS (REITS) — 4.24%,AvalonBay Communities Inc.,"11,956","22,69,727",,
DSI,iShares MSCI KLD 400 Social ETF,30/04/17,EQUITY REAL ESTATE INVESTMENT TRUSTS (REITS) — 4.24%,Boston Properties Inc.,"13,388","16,94,921",,
DSI,iShares MSCI KLD 400 Social ETF,30/04/17,EQUITY REAL ESTATE INVESTMENT TRUSTS (REITS) — 4.24%,Corporate Office Properties Trust,"8,218","2,69,057",,
DSI,iShares MSCI KLD 400 Social ETF,30/04/17,EQUITY REAL ESTATE INVESTMENT TRUSTS (REITS) — 4.24%,Digital Realty Trust Inc. b,"13,880","15,93,979",,
DSI,iShares MSCI KLD 400 Social ETF,30/04/17,EQUITY REAL ESTATE INVESTMENT TRUSTS (REITS) — 4.24%,Duke Realty Corp.,"30,877","8,56,219",,
DSI,iShares MSCI KLD 400 Social ETF,30/04/17,EQUITY REAL ESTATE INVESTMENT TRUSTS (REITS) — 4.24%,Equinix Inc.,"6,673","27,87,312",,
DSI,iShares MSCI KLD 400 Social ETF,30/04/17,EQUITY REAL ESTATE INVESTMENT TRUSTS (REITS) — 4.24%,Equity Residential b,"31,834","20,55,840",,
DSI,iShares MSCI KLD 400 Social ETF,30/04/17,EQUITY REAL ESTATE INVESTMENT TRUSTS (REITS) — 4.24%,Federal Realty Investment Trust,"6,249","8,17,932",,
DSI,iShares MSCI KLD 400 Social ETF,30/04/17,EQUITY REAL ESTATE INVESTMENT TRUSTS (REITS) — 4.24%,Forest City Realty Trust Inc. Class A,"20,941","4,73,267",,
DSI,iShares MSCI KLD 400 Social ETF,30/04/17,EQUITY REAL ESTATE INVESTMENT TRUSTS (REITS) — 4.24%,HCP Inc.,"40,778","12,78,390",,
DSI,iShares MSCI KLD 400 Social ETF,30/04/17,EQUITY REAL ESTATE INVESTMENT TRUSTS (REITS) — 4.24%,Host Hotels & Resorts Inc.,"64,395","11,55,890",,
DSI,iShares MSCI KLD 400 Social ETF,30/04/17,EQUITY REAL ESTATE INVESTMENT TRUSTS (REITS) — 4.24%,Iron Mountain Inc.,"21,908","7,61,522",,
DSI,iShares MSCI KLD 400 Social ETF,30/04/17,EQUITY REAL ESTATE INVESTMENT TRUSTS (REITS) — 4.24%,Liberty Property Trust,"12,725","5,16,253",,
DSI,iShares MSCI KLD 400 Social ETF,30/04/17,EQUITY REAL ESTATE INVESTMENT TRUSTS (REITS) — 4.24%,Macerich Co. (The),"10,707","6,68,438",,
DSI,iShares MSCI KLD 400 Social ETF,30/04/17,EQUITY REAL ESTATE INVESTMENT TRUSTS (REITS) — 4.24%,Potlatch Corp.,"3,516","1,58,396",,
DSI,iShares MSCI KLD 400 Social ETF,30/04/17,EQUITY REAL ESTATE INVESTMENT TRUSTS (REITS) — 4.24%,Prologis Inc.,"46,012","25,03,513",,
DSI,iShares MSCI KLD 400 Social ETF,30/04/17,EQUITY REAL ESTATE INVESTMENT TRUSTS (REITS) — 4.24%,SBA Communications Corp. a,"10,804","13,66,598",,
DSI,iShares MSCI KLD 400 Social ETF,30/04/17,EQUITY REAL ESTATE INVESTMENT TRUSTS (REITS) — 4.24%,Simon Property Group Inc.,"27,374","45,23,827",,
DSI,iShares MSCI KLD 400 Social ETF,30/04/17,EQUITY REAL ESTATE INVESTMENT TRUSTS (REITS) — 4.24%,UDR Inc.,"23,376","8,72,860",,
DSI,iShares MSCI KLD 400 Social ETF,30/04/17,EQUITY REAL ESTATE INVESTMENT TRUSTS (REITS) — 4.24%,Vornado Realty Trust,"14,807","14,25,026",,
DSI,iShares MSCI KLD 400 Social ETF,30/04/17,EQUITY REAL ESTATE INVESTMENT TRUSTS (REITS) — 4.24%,Weyerhaeuser Co.,"65,145","22,06,461","3,49,26,417",
DSI,iShares MSCI KLD 400 Social ETF,30/04/17,FOOD & STAPLES RETAILING — 0.43%,Sysco Corp.,"45,239","23,91,786",,
DSI,iShares MSCI KLD 400 Social ETF,30/04/17,FOOD & STAPLES RETAILING — 0.43%,United Natural Foods Inc. a,"4,365","1,81,278",,
DSI,iShares MSCI KLD 400 Social ETF,30/04/17,FOOD & STAPLES RETAILING — 0.43%,Whole Foods Market Inc.,"27,642","10,05,340","35,78,404",
DSI,iShares MSCI KLD 400 Social ETF,30/04/17,FOOD PRODUCTS — 3.11%,Archer-Daniels-Midland Co.,"50,220","22,97,565",,
DSI,iShares MSCI KLD 400 Social ETF,30/04/17,FOOD PRODUCTS — 3.11%,Bunge Ltd.,"12,193","9,63,613",,
DSI,iShares MSCI KLD 400 Social ETF,30/04/17,FOOD PRODUCTS — 3.11%,Campbell Soup Co.,"17,398","10,01,081",,
DSI,iShares MSCI KLD 400 Social ETF,30/04/17,FOOD PRODUCTS — 3.11%,Darling Ingredients Inc. a,"14,270","2,15,905",,
DSI,iShares MSCI KLD 400 Social ETF,30/04/17,FOOD PRODUCTS — 3.11%,General Mills Inc.,"51,478","29,60,500",,
DSI,iShares MSCI KLD 400 Social ETF,30/04/17,FOOD PRODUCTS — 3.11%,Hain Celestial Group Inc. (The) a,"8,971","3,31,837",,
DSI,iShares MSCI KLD 400 Social ETF,30/04/17,FOOD PRODUCTS — 3.11%,Hormel Foods Corp.,"25,264","8,86,261",,
DSI,iShares MSCI KLD 400 Social ETF,30/04/17,FOOD PRODUCTS — 3.11%,Ingredion Inc.,"6,324","7,83,038",,
DSI,iShares MSCI KLD 400 Social ETF,30/04/17,FOOD PRODUCTS — 3.11%,JM Smucker Co. (The),"10,155","12,86,842",,
DSI,iShares MSCI KLD 400 Social ETF,30/04/17,FOOD PRODUCTS — 3.11%,Kellogg Co.,"22,913","16,26,823",,
DSI,iShares MSCI KLD 400 Social ETF,30/04/17,FOOD PRODUCTS — 3.11%,Kraft Heinz Co. (The),"53,019","47,92,387",,
DSI,iShares MSCI KLD 400 Social ETF,30/04/17,FOOD PRODUCTS — 3.11%,McCormick & Co. Inc./MD,"9,973","9,96,303",,
DSI,iShares MSCI KLD 400 Social ETF,30/04/17,FOOD PRODUCTS — 3.11%,Mead Johnson Nutrition Co.,"16,105","14,28,835",,
DSI,iShares MSCI KLD 400 Social ETF,30/04/17,FOOD PRODUCTS — 3.11%,Mondelez International Inc. Class A,"1,34,509","60,56,940","2,56,27,930",
DSI,iShares MSCI KLD 400 Social ETF,30/04/17,GAS UTILITIES — 0.10%,New Jersey Resources Corp.,"7,472","3,01,495",,
DSI,iShares MSCI KLD 400 Social ETF,30/04/17,GAS UTILITIES — 0.10%,Northwest Natural Gas Co.,"2,521","1,50,251",,
DSI,iShares MSCI KLD 400 Social ETF,30/04/17,GAS UTILITIES — 0.10%,WGL Holdings Inc.,"4,432","3,65,463","8,17,209",
DSI,iShares MSCI KLD 400 Social ETF,30/04/17,HEALTH CARE EQUIPMENT & SUPPLIES — 2.20%,Align Technology Inc. a,"6,243","8,40,433",,
DSI,iShares MSCI KLD 400 Social ETF,30/04/17,HEALTH CARE EQUIPMENT & SUPPLIES — 2.20%,Becton Dickinson and Co.,"18,478","34,54,832",,
DSI,iShares MSCI KLD 400 Social ETF,30/04/17,HEALTH CARE EQUIPMENT & SUPPLIES — 2.20%,Cooper Companies Inc. (The),"4,245","8,50,401",,
DSI,iShares MSCI KLD 400 Social ETF,30/04/17,HEALTH CARE EQUIPMENT & SUPPLIES — 2.20%,DENTSPLY SIRONA Inc.,"20,173","12,75,740",,
DSI,iShares MSCI KLD 400 Social ETF,30/04/17,HEALTH CARE EQUIPMENT & SUPPLIES — 2.20%,Edwards Lifesciences Corp. a,"18,614","20,41,397",,
DSI,iShares MSCI KLD 400 Social ETF,30/04/17,HEALTH CARE EQUIPMENT & SUPPLIES — 2.20%,Hologic Inc. a,"21,846","9,86,347",,
DSI,iShares MSCI KLD 400 Social ETF,30/04/17,HEALTH CARE EQUIPMENT & SUPPLIES — 2.20%,IDEXX Laboratories Inc. a,"7,819","13,11,481",,
DSI,iShares MSCI KLD 400 Social ETF,30/04/17,HEALTH CARE EQUIPMENT & SUPPLIES — 2.20%,ResMed Inc.,"12,317","8,37,433",,
DSI,iShares MSCI KLD 400 Social ETF,30/04/17,HEALTH CARE EQUIPMENT & SUPPLIES — 2.20%,Varian Medical Systems Inc. a,"8,185","7,42,707","1,23,40,771",
DSI,iShares MSCI KLD 400 Social ETF,30/04/17,HEALTH CARE EQUIPMENT & SUPPLIES — 2.20%,AmerisourceBergen Corp.,"14,384","11,80,207",,
DSI,iShares MSCI KLD 400 Social ETF,30/04/17,HEALTH CARE EQUIPMENT & SUPPLIES — 2.20%,Cardinal Health Inc.,"27,863","20,22,575",,
DSI,iShares MSCI KLD 400 Social ETF,30/04/17,HEALTH CARE EQUIPMENT & SUPPLIES — 2.20%,Centene Corp. a,"14,804","11,01,418",,
DSI,iShares MSCI KLD 400 Social ETF,30/04/17,HEALTH CARE EQUIPMENT & SUPPLIES — 2.20%,Cigna Corp.,"22,343","34,93,775",,
DSI,iShares MSCI KLD 400 Social ETF,30/04/17,HEALTH CARE EQUIPMENT & SUPPLIES — 2.20%,Envision Healthcare Corp. a,"10,168","5,69,713",,
DSI,iShares MSCI KLD 400 Social ETF,30/04/17,HEALTH CARE EQUIPMENT & SUPPLIES — 2.20%,HCA Holdings Inc. a,"26,092","21,97,207",,
DSI,iShares MSCI KLD 400 Social ETF,30/04/17,HEALTH CARE EQUIPMENT & SUPPLIES — 2.20%,Henry Schein Inc. a,"7,006","12,17,643",,
DSI,iShares MSCI KLD 400 Social ETF,30/04/17,HEALTH CARE EQUIPMENT & SUPPLIES — 2.20%,Humana Inc.,"12,981","28,81,522",,
DSI,iShares MSCI KLD 400 Social ETF,30/04/17,HEALTH CARE EQUIPMENT & SUPPLIES — 2.20%,Laboratory Corp. of America Holdings a,"8,967","12,56,725",,
DSI,iShares MSCI KLD 400 Social ETF,30/04/17,HEALTH CARE EQUIPMENT & SUPPLIES — 2.20%,MEDNAX Inc. a,"8,109","4,89,459",,
DSI,iShares MSCI KLD 400 Social ETF,30/04/17,HEALTH CARE EQUIPMENT & SUPPLIES — 2.20%,Patterson Companies Inc.,"7,304","3,24,955",,
DSI,iShares MSCI KLD 400 Social ETF,30/04/17,HEALTH CARE EQUIPMENT & SUPPLIES — 2.20%,Quest Diagnostics Inc.,"12,052","12,71,607",,
DSI,iShares MSCI KLD 400 Social ETF,30/04/17,HEALTH CARE EQUIPMENT & SUPPLIES — 2.20%,Select Medical Holdings Corp. a,"9,124","1,25,455","1,81,32,261",
DSI,iShares MSCI KLD 400 Social ETF,30/04/17,HEALTH CARE TECHNOLOGY — 0.21%,Cerner Corp. a,"26,598","17,22,220","17,22,220",
DSI,iShares MSCI KLD 400 Social ETF,30/04/17,"HOTELS, RESTAURANTS & LEISURE — 3.23%",Aramark,"20,316","7,41,940",,
DSI,iShares MSCI KLD 400 Social ETF,30/04/17,"HOTELS, RESTAURANTS & LEISURE — 3.23%",Choice Hotels International Inc.,"3,164","1,98,383",,
DSI,iShares MSCI KLD 400 Social ETF,30/04/17,"HOTELS, RESTAURANTS & LEISURE — 3.23%",Darden Restaurants Inc.,"10,178","8,67,064",,
DSI,iShares MSCI KLD 400 Social ETF,30/04/17,"HOTELS, RESTAURANTS & LEISURE — 3.23%",Domino’s Pizza Inc.,"4,180","7,58,210",,
DSI,iShares MSCI KLD 400 Social ETF,30/04/17,"HOTELS, RESTAURANTS & LEISURE — 3.23%",Hilton Worldwide Holdings Inc.,"17,233","10,16,230",,
DSI,iShares MSCI KLD 400 Social ETF,30/04/17,"HOTELS, RESTAURANTS & LEISURE — 3.23%",Jack in the Box Inc.,"2,832","2,88,779",,
DSI,iShares MSCI KLD 400 Social ETF,30/04/17,"HOTELS, RESTAURANTS & LEISURE — 3.23%",Marriott International Inc./MD Class A,"28,894","27,28,172",,
DSI,iShares MSCI KLD 400 Social ETF,30/04/17,"HOTELS, RESTAURANTS & LEISURE — 3.23%",McDonald’s Corp.,"72,327","1,01,20,717",,
DSI,iShares MSCI KLD 400 Social ETF,30/04/17,"HOTELS, RESTAURANTS & LEISURE — 3.23%",Royal Caribbean Cruises Ltd.,"14,928","15,91,325",,
DSI,iShares MSCI KLD 400 Social ETF,30/04/17,"HOTELS, RESTAURANTS & LEISURE — 3.23%",Starbucks Corp.,"1,26,757","76,13,025",,
DSI,iShares MSCI KLD 400 Social ETF,30/04/17,"HOTELS, RESTAURANTS & LEISURE — 3.23%",Vail Resorts Inc.,"3,463","6,84,497","2,66,08,342",
DSI,iShares MSCI KLD 400 Social ETF,30/04/17,HOUSEHOLD DURABLES — 0.52%,CSS Industries Inc.,748,"19,717",,
DSI,iShares MSCI KLD 400 Social ETF,30/04/17,HOUSEHOLD DURABLES — 0.52%,Ethan Allen Interiors Inc.,"2,171","64,696",,
DSI,iShares MSCI KLD 400 Social ETF,30/04/17,HOUSEHOLD DURABLES — 0.52%,Garmin Ltd.,"10,319","5,24,618",,
DSI,iShares MSCI KLD 400 Social ETF,30/04/17,HOUSEHOLD DURABLES — 0.52%,La-Z-Boy Inc.,"4,266","1,19,021",,
DSI,iShares MSCI KLD 400 Social ETF,30/04/17,HOUSEHOLD DURABLES — 0.52%,Meritage Homes Corp. a,"3,301","1,28,574",,
DSI,iShares MSCI KLD 400 Social ETF,30/04/17,HOUSEHOLD DURABLES — 0.52%,Mohawk Industries Inc. a,"5,498","12,90,876",,
DSI,iShares MSCI KLD 400 Social ETF,30/04/17,HOUSEHOLD DURABLES — 0.52%,Newell Brands Inc.,"37,800","18,04,572",,
DSI,iShares MSCI KLD 400 Social ETF,30/04/17,HOUSEHOLD DURABLES — 0.52%,Tupperware Brands Corp.,"4,377","3,14,312","42,66,386",
DSI,iShares MSCI KLD 400 Social ETF,30/04/17,HOUSEHOLD PRODUCTS — 3.68%,Clorox Co. (The),"11,226","15,00,804",,
DSI,iShares MSCI KLD 400 Social ETF,30/04/17,HOUSEHOLD PRODUCTS — 3.68%,Colgate-Palmolive Co.,"73,543","52,98,038",,
DSI,iShares MSCI KLD 400 Social ETF,30/04/17,HOUSEHOLD PRODUCTS — 3.68%,Kimberly-Clark Corp.,"31,216","40,50,276",,
DSI,iShares MSCI KLD 400 Social ETF,30/04/17,HOUSEHOLD PRODUCTS — 3.68%,Procter & Gamble Co. (The),"2,22,690","1,94,47,517","3,02,96,635",
DSI,iShares MSCI KLD 400 Social ETF,30/04/17,INDEPENDENT POWER AND RENEWABLE ELECTRICITY PRODUCERS — 0.10%,AES Corp./VA,"57,147","6,46,333",,
DSI,iShares MSCI KLD 400 Social ETF,30/04/17,INDEPENDENT POWER AND RENEWABLE ELECTRICITY PRODUCERS — 0.10%,Ormat Technologies Inc.,"3,221","1,90,232","8,36,565",
DSI,iShares MSCI KLD 400 Social ETF,30/04/17,NDUSTRIAL CONGLOMERATES — 1.48%,3M Co.,"52,384","1,02,58,359",,
DSI,iShares MSCI KLD 400 Social ETF,30/04/17,NDUSTRIAL CONGLOMERATES — 1.48%,Roper Technologies Inc.,"8,831","19,31,339","1,21,89,698",
DSI,iShares MSCI KLD 400 Social ETF,30/04/17,INSURANCE — 3.53%,Aflac Inc.,"35,527","26,60,262",,
DSI,iShares MSCI KLD 400 Social ETF,30/04/17,INSURANCE — 3.53%,Allstate Corp. (The),"32,059","26,06,076",,
DSI,iShares MSCI KLD 400 Social ETF,30/04/17,INSURANCE — 3.53%,Chubb Ltd.,"40,529","55,62,605",,
DSI,iShares MSCI KLD 400 Social ETF,30/04/17,INSURANCE — 3.53%,Hartford Financial Services Group Inc. (The),"32,890","15,90,560",,
DSI,iShares MSCI KLD 400 Social ETF,30/04/17,INSURANCE — 3.53%,Loews Corp.,"25,022","11,66,526",,
DSI,iShares MSCI KLD 400 Social ETF,30/04/17,INSURANCE — 3.53%,Marsh & McLennan Companies Inc.,"44,870","33,26,213",,
DSI,iShares MSCI KLD 400 Social ETF,30/04/17,INSURANCE — 3.53%,Principal Financial Group Inc.,"25,062","16,32,288",,
DSI,iShares MSCI KLD 400 Social ETF,30/04/17,INSURANCE — 3.53%,Progressive Corp. (The),"50,651","20,11,858",,
DSI,iShares MSCI KLD 400 Social ETF,30/04/17,INSURANCE — 3.53%,Prudential Financial Inc.,"37,485","40,12,020",,
DSI,iShares MSCI KLD 400 Social ETF,30/04/17,INSURANCE — 3.53%,Travelers Companies Inc. (The),"24,727","30,08,287",,
DSI,iShares MSCI KLD 400 Social ETF,30/04/17,INSURANCE — 3.53%,Willis Towers Watson PLC,"11,341","15,04,043","2,90,80,738",
DSI,iShares MSCI KLD 400 Social ETF,30/04/17,INTERNET & DIRECT MARKETING RETAIL — 1.70%,HSN Inc.,"2,949","1,08,818",,
DSI,iShares MSCI KLD 400 Social ETF,30/04/17,INTERNET & DIRECT MARKETING RETAIL — 1.70%,Netflix Inc. a,"37,377","56,88,780",,
DSI,iShares MSCI KLD 400 Social ETF,30/04/17,INTERNET & DIRECT MARKETING RETAIL — 1.70%,NutriSystem Inc.,"2,565","1,37,099",,
DSI,iShares MSCI KLD 400 Social ETF,30/04/17,INTERNET & DIRECT MARKETING RETAIL — 1.70%,Priceline Group Inc. (The) a,"4,298","79,37,632",,
DSI,iShares MSCI KLD 400 Social ETF,30/04/17,INTERNET & DIRECT MARKETING RETAIL — 1.70%,Shutterfly Inc. a,"2,800","1,45,320","1,40,17,649",
DSI,iShares MSCI KLD 400 Social ETF,30/04/17,INTERNET SOFTWARE & SERVICES — 6.34%,Alphabet Inc. Class A a,"25,788","2,38,41,522",,
DSI,iShares MSCI KLD 400 Social ETF,30/04/17,INTERNET SOFTWARE & SERVICES — 6.34%,Alphabet Inc. Class C a,"27,050","2,45,06,218",,
DSI,iShares MSCI KLD 400 Social ETF,30/04/17,INTERNET SOFTWARE & SERVICES — 6.34%,Yahoo! Inc. a,"79,036","38,10,325","5,21,58,065",
DSI,iShares MSCI KLD 400 Social ETF,30/04/17,IT SERVICES — 3.52%,Accenture PLC Class A,"54,025","65,53,232",,
DSI,iShares MSCI KLD 400 Social ETF,30/04/17,IT SERVICES — 3.52%,Automatic Data Processing Inc.,"39,326","41,09,174",,
DSI,iShares MSCI KLD 400 Social ETF,30/04/17,IT SERVICES — 3.52%,Cognizant Technology Solutions Corp. Class A a,"52,807","31,80,566",,
DSI,iShares MSCI KLD 400 Social ETF,30/04/17,IT SERVICES — 3.52%,Convergys Corp.,"8,312","1,87,103",,
DSI,iShares MSCI KLD 400 Social ETF,30/04/17,IT SERVICES — 3.52%,FleetCor Technologies Inc. a,"8,078","11,40,129",,
DSI,iShares MSCI KLD 400 Social ETF,30/04/17,IT SERVICES — 3.52%,International Business Machines Corp.,"78,674","1,26,10,655",,
DSI,iShares MSCI KLD 400 Social ETF,30/04/17,IT SERVICES — 3.52%,Teradata Corp. a,"11,303","3,29,822",,
DSI,iShares MSCI KLD 400 Social ETF,30/04/17,IT SERVICES — 3.52%,Western Union Co. (The),"42,287","8,39,820","2,89,50,501",
DSI,iShares MSCI KLD 400 Social ETF,30/04/17,LEISURE PRODUCTS — 0.21%,Callaway Golf Co.,"8,152","96,601",,
DSI,iShares MSCI KLD 400 Social ETF,30/04/17,LEISURE PRODUCTS — 0.21%,Hasbro Inc.,"9,784","9,69,693",,
DSI,iShares MSCI KLD 400 Social ETF,30/04/17,LEISURE PRODUCTS — 0.21%,Mattel Inc.,"29,848","6,69,192","17,35,486",
DSI,iShares MSCI KLD 400 Social ETF,30/04/17,LIFE SCIENCES TOOLS & SERVICES — 0.69%,Agilent Technologies Inc.,"28,214","15,53,181",,
DSI,iShares MSCI KLD 400 Social ETF,30/04/17,LIFE SCIENCES TOOLS & SERVICES — 0.69%,Bio-Techne Corp.,"3,231","3,45,975",,
DSI,iShares MSCI KLD 400 Social ETF,30/04/17,LIFE SCIENCES TOOLS & SERVICES — 0.69%,Mettler-Toledo International Inc. a,"2,294","11,77,786",,
DSI,iShares MSCI KLD 400 Social ETF,30/04/17,LIFE SCIENCES TOOLS & SERVICES — 0.69%,PAREXEL International Corp. a,"4,716","3,01,022",,
DSI,iShares MSCI KLD 400 Social ETF,30/04/17,LIFE SCIENCES TOOLS & SERVICES — 0.69%,Quintiles IMS Holdings Inc. a,"12,883","10,85,779",,
DSI,iShares MSCI KLD 400 Social ETF,30/04/17,LIFE SCIENCES TOOLS & SERVICES — 0.69%,Waters Corp. a,"7,037","11,95,516","56,59,259",
DSI,iShares MSCI KLD 400 Social ETF,30/04/17,MACHINERY — 3.41%,AGCO Corp.,"5,626","3,60,008",,
DSI,iShares MSCI KLD 400 Social ETF,30/04/17,MACHINERY — 3.41%,Caterpillar Inc.,"50,969","52,12,090",,
DSI,iShares MSCI KLD 400 Social ETF,30/04/17,MACHINERY — 3.41%,Cummins Inc.,"13,944","21,04,707",,
DSI,iShares MSCI KLD 400 Social ETF,30/04/17,MACHINERY — 3.41%,Deere & Co.,"23,266","25,96,718",,
DSI,iShares MSCI KLD 400 Social ETF,30/04/17,MACHINERY — 3.41%,Dover Corp.,"13,560","10,69,613",,
DSI,iShares MSCI KLD 400 Social ETF,30/04/17,MACHINERY — 3.41%,Flowserve Corp.,"11,301","5,74,882",,
DSI,iShares MSCI KLD 400 Social ETF,30/04/17,MACHINERY — 3.41%,Fortive Corp.,"27,105","17,14,662",,
DSI,iShares MSCI KLD 400 Social ETF,30/04/17,MACHINERY — 3.41%,Graco Inc.,"4,831","5,21,023",,
DSI,iShares MSCI KLD 400 Social ETF,30/04/17,MACHINERY — 3.41%,Illinois Tool Works Inc.,"27,549","38,04,241",,
DSI,iShares MSCI KLD 400 Social ETF,30/04/17,MACHINERY — 3.41%,Ingersoll-Rand PLC,"22,488","19,95,810",,
DSI,iShares MSCI KLD 400 Social ETF,30/04/17,MACHINERY — 3.41%,Lincoln Electric Holdings Inc.,"5,156","4,59,039",,
DSI,iShares MSCI KLD 400 Social ETF,30/04/17,MACHINERY — 3.41%,Meritor Inc. a,"7,145","1,27,252",,
DSI,iShares MSCI KLD 400 Social ETF,30/04/17,MACHINERY — 3.41%,Middleby Corp. (The) a,"4,994","6,79,833",,
DSI,iShares MSCI KLD 400 Social ETF,30/04/17,MACHINERY — 3.41%,Parker-Hannifin Corp.,"11,610","18,66,888",,
DSI,iShares MSCI KLD 400 Social ETF,30/04/17,MACHINERY — 3.41%,Snap-on Inc.,"5,038","8,44,016",,
DSI,iShares MSCI KLD 400 Social ETF,30/04/17,MACHINERY — 3.41%,Stanley Black & Decker Inc.,"13,117","17,85,880",,
DSI,iShares MSCI KLD 400 Social ETF,30/04/17,MACHINERY — 3.41%,Tennant Co.,"1,452","1,06,359",,
DSI,iShares MSCI KLD 400 Social ETF,30/04/17,MACHINERY — 3.41%,Timken Co. (The),"6,107","2,94,663",,
DSI,iShares MSCI KLD 400 Social ETF,30/04/17,MACHINERY — 3.41%,WABCO Holdings Inc. a,"4,595","5,46,208",,
DSI,iShares MSCI KLD 400 Social ETF,30/04/17,MACHINERY — 3.41%,Wabtec Corp./DE,"7,484","6,27,833",,
DSI,iShares MSCI KLD 400 Social ETF,30/04/17,MACHINERY — 3.41%,Xylem Inc./NY,"15,702","8,07,240","2,80,98,965",
DSI,iShares MSCI KLD 400 Social ETF,30/04/17,MEDIA — 4.02%,Charter Communications Inc. Class A a,"18,859","65,09,372",,
DSI,iShares MSCI KLD 400 Social ETF,30/04/17,MEDIA — 4.02%,"Discovery Communications Inc. Class A a,b","13,369","3,84,760",,
DSI,iShares MSCI KLD 400 Social ETF,30/04/17,MEDIA — 4.02%,Discovery Communications Inc. Class C NVS a,"19,344","5,41,245",,
DSI,iShares MSCI KLD 400 Social ETF,30/04/17,MEDIA — 4.02%,John Wiley & Sons Inc. Class A,"3,985","2,10,010",,
DSI,iShares MSCI KLD 400 Social ETF,30/04/17,MEDIA — 4.02%,"Liberty Global PLC Series A a,b","21,261","7,53,065",,
DSI,iShares MSCI KLD 400 Social ETF,30/04/17,MEDIA — 4.02%,Liberty Global PLC Series C NVS a,"52,846","18,29,000",,
DSI,iShares MSCI KLD 400 Social ETF,30/04/17,MEDIA — 4.02%,Liberty Global PLC LiLAC Class C a,"9,450","2,06,388",,
DSI,iShares MSCI KLD 400 Social ETF,30/04/17,MEDIA — 4.02%,New York Times Co. (The) Class A,"11,109","1,60,525",,
DSI,iShares MSCI KLD 400 Social ETF,30/04/17,MEDIA — 4.02%,Scholastic Corp.,"2,270","98,132",,
DSI,iShares MSCI KLD 400 Social ETF,30/04/17,MEDIA — 4.02%,Scripps Networks Interactive Inc. Class A,"7,016","5,24,236",,
DSI,iShares MSCI KLD 400 Social ETF,30/04/17,MEDIA — 4.02%,Time Warner Inc.,"67,161","66,67,072",,
DSI,iShares MSCI KLD 400 Social ETF,30/04/17,MEDIA — 4.02%,Walt Disney Co. (The),"1,31,677","1,52,21,861","3,31,05,666",
DSI,iShares MSCI KLD 400 Social ETF,30/04/17,METALS & MINING — 0.24%,Compass Minerals International Inc.,"2,934","1,93,644",,
DSI,iShares MSCI KLD 400 Social ETF,30/04/17,METALS & MINING — 0.24%,Nucor Corp.,"27,731","17,00,742",,
DSI,iShares MSCI KLD 400 Social ETF,30/04/17,METALS & MINING — 0.24%,Schnitzer Steel Industries Inc. Class A,"2,293","43,338","19,37,724",
DSI,iShares MSCI KLD 400 Social ETF,30/04/17,MULTI-UTILITIES — 1.16%,Avista Corp.,"5,523","2,22,798",,
DSI,iShares MSCI KLD 400 Social ETF,30/04/17,MULTI-UTILITIES — 1.16%,CenterPoint Energy Inc.,"35,764","10,20,347",,
DSI,iShares MSCI KLD 400 Social ETF,30/04/17,MULTI-UTILITIES — 1.16%,CMS Energy Corp.,"24,442","11,09,667",,
DSI,iShares MSCI KLD 400 Social ETF,30/04/17,MULTI-UTILITIES — 1.16%,Consolidated Edison Inc.,"26,529","21,03,219",,
DSI,iShares MSCI KLD 400 Social ETF,30/04/17,MULTI-UTILITIES — 1.16%,MDU Resources Group Inc.,"16,090","4,32,821",,
DSI,iShares MSCI KLD 400 Social ETF,30/04/17,MULTI-UTILITIES — 1.16%,NiSource Inc.,"28,272","6,85,596",,
DSI,iShares MSCI KLD 400 Social ETF,30/04/17,MULTI-UTILITIES — 1.16%,Sempra Energy,"20,682","23,37,479",,
DSI,iShares MSCI KLD 400 Social ETF,30/04/17,MULTI-UTILITIES — 1.16%,WEC Energy Group Inc.,"27,506","16,64,663","95,76,590",
DSI,iShares MSCI KLD 400 Social ETF,30/04/17,MULTILINE RETAIL — 0.14%,Kohl’s Corp.,"15,639","6,10,390",,
DSI,iShares MSCI KLD 400 Social ETF,30/04/17,MULTILINE RETAIL — 0.14%,Nordstrom Inc.,"11,277","5,44,341","11,54,731",
DSI,iShares MSCI KLD 400 Social ETF,30/04/17,"OIL, GAS & CONSUMABLE FUELS — 3.68%",Clean Energy Fuels Corp. a,"9,667","23,588",,
DSI,iShares MSCI KLD 400 Social ETF,30/04/17,"OIL, GAS & CONSUMABLE FUELS — 3.68%",ConocoPhillips,"1,07,917","51,70,303",,
DSI,iShares MSCI KLD 400 Social ETF,30/04/17,"OIL, GAS & CONSUMABLE FUELS — 3.68%",Denbury Resources Inc. a,"34,540","76,679",,
DSI,iShares MSCI KLD 400 Social ETF,30/04/17,"OIL, GAS & CONSUMABLE FUELS — 3.68%",Devon Energy Corp.,"41,037","16,20,551",,
DSI,iShares MSCI KLD 400 Social ETF,30/04/17,"OIL, GAS & CONSUMABLE FUELS — 3.68%",Energen Corp. a,"8,418","4,37,652",,
DSI,iShares MSCI KLD 400 Social ETF,30/04/17,"OIL, GAS & CONSUMABLE FUELS — 3.68%",EOG Resources Inc.,"50,218","46,45,165",,
DSI,iShares MSCI KLD 400 Social ETF,30/04/17,"OIL, GAS & CONSUMABLE FUELS — 3.68%",EQT Corp.,"15,108","8,78,379",,
DSI,iShares MSCI KLD 400 Social ETF,30/04/17,"OIL, GAS & CONSUMABLE FUELS — 3.68%",Hess Corp.,"24,810","12,11,472",,
DSI,iShares MSCI KLD 400 Social ETF,30/04/17,"OIL, GAS & CONSUMABLE FUELS — 3.68%",Marathon Oil Corp.,"73,992","11,00,261",,
DSI,iShares MSCI KLD 400 Social ETF,30/04/17,"OIL, GAS & CONSUMABLE FUELS — 3.68%",Marathon Petroleum Corp.,"45,948","23,40,591",,
DSI,iShares MSCI KLD 400 Social ETF,30/04/17,"OIL, GAS & CONSUMABLE FUELS — 3.68%",Noble Energy Inc.,"40,678","13,15,120",,
DSI,iShares MSCI KLD 400 Social ETF,30/04/17,"OIL, GAS & CONSUMABLE FUELS — 3.68%",Occidental Petroleum Corp.,"66,597","40,98,379",,
DSI,iShares MSCI KLD 400 Social ETF,30/04/17,"OIL, GAS & CONSUMABLE FUELS — 3.68%",ONEOK Inc.,"18,390","9,67,498",,
DSI,iShares MSCI KLD 400 Social ETF,30/04/17,"OIL, GAS & CONSUMABLE FUELS — 3.68%",Phillips 66,"40,792","32,45,412",,
DSI,iShares MSCI KLD 400 Social ETF,30/04/17,"OIL, GAS & CONSUMABLE FUELS — 3.68%",Pioneer Natural Resources Co.,"14,774","25,55,754",,
DSI,iShares MSCI KLD 400 Social ETF,30/04/17,"OIL, GAS & CONSUMABLE FUELS — 3.68%",QEP Resources Inc. a,"20,770","2,45,294",,
DSI,iShares MSCI KLD 400 Social ETF,30/04/17,"OIL, GAS & CONSUMABLE FUELS — 3.68%",Southwestern Energy Co. a,"42,788","3,21,338","3,02,53,436",
DSI,iShares MSCI KLD 400 Social ETF,30/04/17,PAPER & FOREST PRODUCTS — 0.03%,Domtar Corp.,"5,369","2,12,881","2,12,881",
DSI,iShares MSCI KLD 400 Social ETF,30/04/17,PERSONAL PRODUCTS — 0.23%,Avon Products Inc. a,"37,896","1,83,795",,
DSI,iShares MSCI KLD 400 Social ETF,30/04/17,PERSONAL PRODUCTS — 0.23%,Estee Lauder Companies Inc. (The) Class A,"19,348","16,85,985","18,69,780",
DSI,iShares MSCI KLD 400 Social ETF,30/04/17,PHARMACEUTICALS — 3.19%,Bristol-Myers Squibb Co.,"1,45,554","81,58,302",,
DSI,iShares MSCI KLD 400 Social ETF,30/04/17,PHARMACEUTICALS — 3.19%,Jazz Pharmaceuticals PLC a,"5,245","8,35,424",,
DSI,iShares MSCI KLD 400 Social ETF,30/04/17,PHARMACEUTICALS — 3.19%,Merck & Co. Inc.,"2,40,131","1,49,67,365",,
DSI,iShares MSCI KLD 400 Social ETF,30/04/17,PHARMACEUTICALS — 3.19%,Zoetis Inc.,"40,920","22,96,021","2,62,57,112",
DSI,iShares MSCI KLD 400 Social ETF,30/04/17,PROFESSIONAL SERVICES — 0.44%,Dun & Bradstreet Corp. (The),"3,226","3,53,602",,
DSI,iShares MSCI KLD 400 Social ETF,30/04/17,PROFESSIONAL SERVICES — 0.44%,Exponent Inc.,"2,253","1,37,771",,
DSI,iShares MSCI KLD 400 Social ETF,30/04/17,PROFESSIONAL SERVICES — 0.44%,Heidrick & Struggles International Inc.,"1,529","32,873",,
DSI,iShares MSCI KLD 400 Social ETF,30/04/17,PROFESSIONAL SERVICES — 0.44%,ICF International Inc. a,"1,559","68,830",,
DSI,iShares MSCI KLD 400 Social ETF,30/04/17,PROFESSIONAL SERVICES — 0.44%,IHS Markit Ltd. a,"31,207","13,54,384",,
DSI,iShares MSCI KLD 400 Social ETF,30/04/17,PROFESSIONAL SERVICES — 0.44%,Kelly Services Inc. Class A,"2,699","60,242",,
DSI,iShares MSCI KLD 400 Social ETF,30/04/17,PROFESSIONAL SERVICES — 0.44%,ManpowerGroup Inc.,"5,838","5,89,521",,
DSI,iShares MSCI KLD 400 Social ETF,30/04/17,PROFESSIONAL SERVICES — 0.44%,Navigant Consulting Inc. a,"4,111","98,541",,
DSI,iShares MSCI KLD 400 Social ETF,30/04/17,PROFESSIONAL SERVICES — 0.44%,On Assignment Inc. a,"4,389","2,27,219",,
DSI,iShares MSCI KLD 400 Social ETF,30/04/17,PROFESSIONAL SERVICES — 0.44%,Resources Connection Inc.,"2,421","33,652",,
DSI,iShares MSCI KLD 400 Social ETF,30/04/17,PROFESSIONAL SERVICES — 0.44%,Robert Half International Inc.,"11,282","5,19,536",,
DSI,iShares MSCI KLD 400 Social ETF,30/04/17,PROFESSIONAL SERVICES — 0.44%,RPX Corp. a,"4,298","55,186",,
DSI,iShares MSCI KLD 400 Social ETF,30/04/17,PROFESSIONAL SERVICES — 0.44%,TrueBlue Inc. a,"3,687","1,00,839","36,32,196",
DSI,iShares MSCI KLD 400 Social ETF,30/04/17,REAL ESTATE MANAGEMENT & DEVELOPMENT — 0.22%,CBRE Group Inc. Class A a,"26,424","9,46,244",,
DSI,iShares MSCI KLD 400 Social ETF,30/04/17,REAL ESTATE MANAGEMENT & DEVELOPMENT — 0.22%,Jones Lang LaSalle Inc.,"3,919","4,50,136",,
DSI,iShares MSCI KLD 400 Social ETF,30/04/17,REAL ESTATE MANAGEMENT & DEVELOPMENT — 0.22%,Realogy Holdings Corp.,"12,587","3,84,533","17,80,913",
DSI,iShares MSCI KLD 400 Social ETF,30/04/17,ROAD & RAIL — 1.09%,ArcBest Corp.,"2,117","55,995",,
DSI,iShares MSCI KLD 400 Social ETF,30/04/17,ROAD & RAIL — 1.09%,Avis Budget Group Inc. a,"6,810","2,07,705",,
DSI,iShares MSCI KLD 400 Social ETF,30/04/17,ROAD & RAIL — 1.09%,CSX Corp.,"81,664","41,51,798",,
DSI,iShares MSCI KLD 400 Social ETF,30/04/17,ROAD & RAIL — 1.09%,"Genesee & Wyoming Inc. Class A a,b","5,305","3,59,467",,
DSI,iShares MSCI KLD 400 Social ETF,30/04/17,ROAD & RAIL — 1.09%,Hertz Global Holdings Inc. a,"4,195","69,175",,
DSI,iShares MSCI KLD 400 Social ETF,30/04/17,ROAD & RAIL — 1.09%,Kansas City Southern,"9,363","8,43,325",,
DSI,iShares MSCI KLD 400 Social ETF,30/04/17,ROAD & RAIL — 1.09%,Norfolk Southern Corp.,"25,418","29,86,361",,
DSI,iShares MSCI KLD 400 Social ETF,30/04/17,ROAD & RAIL — 1.09%,Ryder System Inc.,"4,640","3,15,102","89,88,928",
DSI,iShares MSCI KLD 400 Social ETF,30/04/17,SEMICONDUCTORS & SEMICONDUCTOR EQUIPMENT — 4.74%,Advanced Micro Devices Inc. a,"68,577","9,12,074",,
DSI,iShares MSCI KLD 400 Social ETF,30/04/17,SEMICONDUCTORS & SEMICONDUCTOR EQUIPMENT — 4.74%,Analog Devices Inc.,"31,668","24,13,102",,
DSI,iShares MSCI KLD 400 Social ETF,30/04/17,SEMICONDUCTORS & SEMICONDUCTOR EQUIPMENT — 4.74%,Applied Materials Inc.,"94,260","38,27,898",,
DSI,iShares MSCI KLD 400 Social ETF,30/04/17,SEMICONDUCTORS & SEMICONDUCTOR EQUIPMENT — 4.74%,Intel Corp.,"4,12,739","1,49,20,515",,
DSI,iShares MSCI KLD 400 Social ETF,30/04/17,SEMICONDUCTORS & SEMICONDUCTOR EQUIPMENT — 4.74%,Lam Research Corp.,"14,173","20,52,959",,
DSI,iShares MSCI KLD 400 Social ETF,30/04/17,SEMICONDUCTORS & SEMICONDUCTOR EQUIPMENT — 4.74%,Microchip Technology Inc. b,"18,808","14,21,509",,
DSI,iShares MSCI KLD 400 Social ETF,30/04/17,SEMICONDUCTORS & SEMICONDUCTOR EQUIPMENT — 4.74%,NVIDIA Corp.,"46,959","48,97,824",,
DSI,iShares MSCI KLD 400 Social ETF,30/04/17,SEMICONDUCTORS & SEMICONDUCTOR EQUIPMENT — 4.74%,Skyworks Solutions Inc.,"16,214","16,17,184",,
DSI,iShares MSCI KLD 400 Social ETF,30/04/17,SEMICONDUCTORS & SEMICONDUCTOR EQUIPMENT — 4.74%,"SunPower Corp. a,b","5,393","37,427",,
DSI,iShares MSCI KLD 400 Social ETF,30/04/17,SEMICONDUCTORS & SEMICONDUCTOR EQUIPMENT — 4.74%,Texas Instruments Inc.,"87,050","68,92,619","3,89,93,111",
DSI,iShares MSCI KLD 400 Social ETF,30/04/17,SOFTWARE — 9.61%,Adobe Systems Inc. a,"43,306","57,91,744",,
DSI,iShares MSCI KLD 400 Social ETF,30/04/17,SOFTWARE — 9.61%,"ANSYS Inc. a,b","7,560","8,32,810",,
DSI,iShares MSCI KLD 400 Social ETF,30/04/17,SOFTWARE — 9.61%,Autodesk Inc. a,"17,401","15,67,308",,
DSI,iShares MSCI KLD 400 Social ETF,30/04/17,SOFTWARE — 9.61%,CA Inc.,"27,245","8,94,453",,
DSI,iShares MSCI KLD 400 Social ETF,30/04/17,SOFTWARE — 9.61%,Cadence Design Systems Inc. a,"24,967","8,13,175",,
DSI,iShares MSCI KLD 400 Social ETF,30/04/17,SOFTWARE — 9.61%,Citrix Systems Inc. a,"13,603","11,01,027",,
DSI,iShares MSCI KLD 400 Social ETF,30/04/17,SOFTWARE — 9.61%,Dell Technologies Inc. Class V Class V a,"19,456","13,05,692",,
DSI,iShares MSCI KLD 400 Social ETF,30/04/17,SOFTWARE — 9.61%,Fortinet Inc. a,"12,735","4,96,665",,
DSI,iShares MSCI KLD 400 Social ETF,30/04/17,SOFTWARE — 9.61%,Intuit Inc.,"21,232","26,58,459",,
DSI,iShares MSCI KLD 400 Social ETF,30/04/17,SOFTWARE — 9.61%,Microsoft Corp.,"6,43,328","4,40,42,235",,
DSI,iShares MSCI KLD 400 Social ETF,30/04/17,SOFTWARE — 9.61%,Oracle Corp.,"2,68,183","1,20,57,508",,
DSI,iShares MSCI KLD 400 Social ETF,30/04/17,SOFTWARE — 9.61%,salesforce.com Inc. a,"56,204","48,40,289",,
DSI,iShares MSCI KLD 400 Social ETF,30/04/17,SOFTWARE — 9.61%,Symantec Corp.,"54,270","17,16,560",,
DSI,iShares MSCI KLD 400 Social ETF,30/04/17,SOFTWARE — 9.61%,"Workday Inc. Class A a,b","10,621","9,28,275","7,90,46,200",
DSI,iShares MSCI KLD 400 Social ETF,30/04/17,SPECIALTY RETAIL — 1.83%,AutoNation Inc. a,"6,196","2,60,232",,
DSI,iShares MSCI KLD 400 Social ETF,30/04/17,SPECIALTY RETAIL — 1.83%,Best Buy Co. Inc.,"24,862","12,88,100",,
DSI,iShares MSCI KLD 400 Social ETF,30/04/17,SPECIALTY RETAIL — 1.83%,Buckle Inc. (The),"2,529","47,292",,
DSI,iShares MSCI KLD 400 Social ETF,30/04/17,SPECIALTY RETAIL — 1.83%,Caleres Inc.,"3,762","1,08,421",,
DSI,iShares MSCI KLD 400 Social ETF,30/04/17,SPECIALTY RETAIL — 1.83%,CarMax Inc. a,"16,600","9,71,100",,
DSI,iShares MSCI KLD 400 Social ETF,30/04/17,SPECIALTY RETAIL — 1.83%,Foot Locker Inc.,"11,601","8,97,221",,
DSI,iShares MSCI KLD 400 Social ETF,30/04/17,SPECIALTY RETAIL — 1.83%,GameStop Corp. Class A,"9,012","2,04,482",,
DSI,iShares MSCI KLD 400 Social ETF,30/04/17,SPECIALTY RETAIL — 1.83%,Gap Inc. (The),"20,703","5,42,419",,
DSI,iShares MSCI KLD 400 Social ETF,30/04/17,SPECIALTY RETAIL — 1.83%,Lowe’s Companies Inc.,"75,759","64,30,424",,
DSI,iShares MSCI KLD 400 Social ETF,30/04/17,SPECIALTY RETAIL — 1.83%,Office Depot Inc.,"44,697","2,22,144",,
DSI,iShares MSCI KLD 400 Social ETF,30/04/17,SPECIALTY RETAIL — 1.83%,Pier 1 Imports Inc.,"7,221","48,669",,
DSI,iShares MSCI KLD 400 Social ETF,30/04/17,SPECIALTY RETAIL — 1.83%,Signet Jewelers Ltd.,"5,157","3,39,537",,
DSI,iShares MSCI KLD 400 Social ETF,30/04/17,SPECIALTY RETAIL — 1.83%,Staples Inc.,"56,396","5,50,989",,
DSI,iShares MSCI KLD 400 Social ETF,30/04/17,SPECIALTY RETAIL — 1.83%,Tiffany & Co.,"10,832","9,92,753",,
DSI,iShares MSCI KLD 400 Social ETF,30/04/17,SPECIALTY RETAIL — 1.83%,Tractor Supply Co.,"11,427","7,07,446",,
DSI,iShares MSCI KLD 400 Social ETF,30/04/17,SPECIALTY RETAIL — 1.83%,Ulta Salon Cosmetics & Fragrance Inc. a,"5,166","14,53,919","1,50,65,148",
DSI,iShares MSCI KLD 400 Social ETF,30/04/17,"TECHNOLOGY HARDWARE, STORAGE & PERIPHERALS — 0.75%",Hewlett Packard Enterprise Co.,"1,45,099","27,03,194",,
DSI,iShares MSCI KLD 400 Social ETF,30/04/17,"TECHNOLOGY HARDWARE, STORAGE & PERIPHERALS — 0.75%",HP Inc.,"1,48,925","28,02,769",,
DSI,iShares MSCI KLD 400 Social ETF,30/04/17,"TECHNOLOGY HARDWARE, STORAGE & PERIPHERALS — 0.75%",Super Micro Computer Inc. a,"3,375","82,350",,
DSI,iShares MSCI KLD 400 Social ETF,30/04/17,"TECHNOLOGY HARDWARE, STORAGE & PERIPHERALS — 0.75%",Xerox Corp.,"75,525","5,43,025","61,31,338",
DSI,iShares MSCI KLD 400 Social ETF,30/04/17,"TEXTILES, APPAREL & LUXURY GOODS — 1.35%",Columbia Sportswear Co.,"2,420","1,37,020",,
DSI,iShares MSCI KLD 400 Social ETF,30/04/17,"TEXTILES, APPAREL & LUXURY GOODS — 1.35%",Deckers Outdoor Corp. a,"2,638","1,57,198",,
DSI,iShares MSCI KLD 400 Social ETF,30/04/17,"TEXTILES, APPAREL & LUXURY GOODS — 1.35%",Hanesbrands Inc.,"33,131","7,22,587",,
DSI,iShares MSCI KLD 400 Social ETF,30/04/17,"TEXTILES, APPAREL & LUXURY GOODS — 1.35%",Michael Kors Holdings Ltd. a,"14,299","5,33,782",,
DSI,iShares MSCI KLD 400 Social ETF,30/04/17,"TEXTILES, APPAREL & LUXURY GOODS — 1.35%",NIKE Inc. Class B,"1,16,373","64,48,228",,
DSI,iShares MSCI KLD 400 Social ETF,30/04/17,"TEXTILES, APPAREL & LUXURY GOODS — 1.35%",PVH Corp.,"7,006","7,07,816",,
DSI,iShares MSCI KLD 400 Social ETF,30/04/17,"TEXTILES, APPAREL & LUXURY GOODS — 1.35%","Under Armour Inc. Class A a,b","15,903","3,41,755",,
DSI,iShares MSCI KLD 400 Social ETF,30/04/17,"TEXTILES, APPAREL & LUXURY GOODS — 1.35%","Under Armour Inc. Class C a,b","16,170","3,13,860",,
DSI,iShares MSCI KLD 400 Social ETF,30/04/17,"TEXTILES, APPAREL & LUXURY GOODS — 1.35%",VF Corp.,"28,770","15,71,705",,
DSI,iShares MSCI KLD 400 Social ETF,30/04/17,"TEXTILES, APPAREL & LUXURY GOODS — 1.35%",Wolverine World Wide Inc.,"8,623","2,07,901","1,11,41,852",
DSI,iShares MSCI KLD 400 Social ETF,30/04/17,THRIFTS & MORTGAGE FINANCE — 0.07%,New York Community Bancorp. Inc.,"42,233","5,61,277","5,61,277",
DSI,iShares MSCI KLD 400 Social ETF,30/04/17,TRADING COMPANIES & DISTRIBUTORS — 0.42%,Air Lease Corp.,"8,469","3,23,008",,
DSI,iShares MSCI KLD 400 Social ETF,30/04/17,TRADING COMPANIES & DISTRIBUTORS — 0.42%,Applied Industrial Technologies Inc.,"3,215","2,05,760",,
DSI,iShares MSCI KLD 400 Social ETF,30/04/17,TRADING COMPANIES & DISTRIBUTORS — 0.42%,Fastenal Co.,"25,240","11,27,723",,
DSI,iShares MSCI KLD 400 Social ETF,30/04/17,TRADING COMPANIES & DISTRIBUTORS — 0.42%,H&E Equipment Services Inc.,"2,770","58,502",,
DSI,iShares MSCI KLD 400 Social ETF,30/04/17,TRADING COMPANIES & DISTRIBUTORS — 0.42%,United Rentals Inc. a,"7,333","8,04,137",,
DSI,iShares MSCI KLD 400 Social ETF,30/04/17,TRADING COMPANIES & DISTRIBUTORS — 0.42%,WW Grainger Inc. b,"4,925","9,49,047","34,68,177",
DSI,iShares MSCI KLD 400 Social ETF,30/04/17,WATER UTILITIES — 0.15%,American Water Works Co. Inc.,"15,532","12,38,832","12,38,832",
DSI,iShares MSCI KLD 400 Social ETF,30/04/17,WIRELESS TELECOMMUNICATION SERVICES — 0.08%,"Sprint Corp. a,b","68,988","6,22,962","6,22,962","82,18,00,631"
ESGD,iShares MSCI EAFE ESG Optimized ETF,31/08/17,AUSTRALIA — 6.88%,Alumina Ltd.,"99,085","1,66,609",,
ESGD,iShares MSCI EAFE ESG Optimized ETF,31/08/17,AUSTRALIA — 6.88%,Amcor Ltd./Australia,"9,434","1,20,544",,
ESGD,iShares MSCI EAFE ESG Optimized ETF,31/08/17,AUSTRALIA — 6.88%,AMP Ltd.,"46,645","1,88,682",,
ESGD,iShares MSCI EAFE ESG Optimized ETF,31/08/17,AUSTRALIA — 6.88%,APA Group,"19,399","1,36,323",,
ESGD,iShares MSCI EAFE ESG Optimized ETF,31/08/17,AUSTRALIA — 6.88%,ASX Ltd.,"4,788","2,07,653",,
ESGD,iShares MSCI EAFE ESG Optimized ETF,31/08/17,AUSTRALIA — 6.88%,Aurizon Holdings Ltd.,"25,131","98,866",,
ESGD,iShares MSCI EAFE ESG Optimized ETF,31/08/17,AUSTRALIA — 6.88%,Australia & New Zealand Banking Group Ltd.,"30,669","7,15,158",,
ESGD,iShares MSCI EAFE ESG Optimized ETF,31/08/17,AUSTRALIA — 6.88%,Brambles Ltd.,"28,174","2,08,043",,
ESGD,iShares MSCI EAFE ESG Optimized ETF,31/08/17,AUSTRALIA — 6.88%,Caltex Australia Ltd.,"4,983","1,31,966",,
ESGD,iShares MSCI EAFE ESG Optimized ETF,31/08/17,AUSTRALIA — 6.88%,Commonwealth Bank of Australia,"16,796","10,09,788",,
ESGD,iShares MSCI EAFE ESG Optimized ETF,31/08/17,AUSTRALIA — 6.88%,CSL Ltd.,"3,781","3,85,419",,
ESGD,iShares MSCI EAFE ESG Optimized ETF,31/08/17,AUSTRALIA — 6.88%,Dexus,"23,845","1,81,372",,
ESGD,iShares MSCI EAFE ESG Optimized ETF,31/08/17,AUSTRALIA — 6.88%,Goodman Group,"27,132","1,78,399",,
ESGD,iShares MSCI EAFE ESG Optimized ETF,31/08/17,AUSTRALIA — 6.88%,GPT Group (The),"30,894","1,22,518",,
ESGD,iShares MSCI EAFE ESG Optimized ETF,31/08/17,AUSTRALIA — 6.88%,Insurance Australia Group Ltd.,"34,277","1,74,267",,
ESGD,iShares MSCI EAFE ESG Optimized ETF,31/08/17,AUSTRALIA — 6.88%,LendLease Group,"13,204","1,73,638",,
ESGD,iShares MSCI EAFE ESG Optimized ETF,31/08/17,AUSTRALIA — 6.88%,Macquarie Group Ltd.,"4,199","2,89,082",,
ESGD,iShares MSCI EAFE ESG Optimized ETF,31/08/17,AUSTRALIA — 6.88%,Mirvac Group,"1,24,306","2,28,736",,
ESGD,iShares MSCI EAFE ESG Optimized ETF,31/08/17,AUSTRALIA — 6.88%,National Australia Bank Ltd.,"27,132","6,49,896",,
ESGD,iShares MSCI EAFE ESG Optimized ETF,31/08/17,AUSTRALIA — 6.88%,Newcrest Mining Ltd.,"10,051","1,82,159",,
ESGD,iShares MSCI EAFE ESG Optimized ETF,31/08/17,AUSTRALIA — 6.88%,Origin Energy,"20,463","1,24,161",,
ESGD,iShares MSCI EAFE ESG Optimized ETF,31/08/17,AUSTRALIA — 6.88%,Ramsay Health Care Ltd.,"2,641","1,43,090",,
ESGD,iShares MSCI EAFE ESG Optimized ETF,31/08/17,AUSTRALIA — 6.88%,Rio Tinto Ltd.,"4,579","2,46,384",,
,,,,South32 Ltd.,"90,098","2,08,667",,
ESGD,iShares MSCI EAFE ESG Optimized ETF,31/08/17,AUSTRALIA — 6.88%,Stockland,"74,081","2,60,295",,
ESGD,iShares MSCI EAFE ESG Optimized ETF,31/08/17,AUSTRALIA — 6.88%,Sydney Airport,"22,363","1,31,255",,
ESGD,iShares MSCI EAFE ESG Optimized ETF,31/08/17,AUSTRALIA — 6.88%,Telstra Corp. Ltd.,"33,676","98,026",,
ESGD,iShares MSCI EAFE ESG Optimized ETF,31/08/17,AUSTRALIA — 6.88%,Transurban Group,"29,982","2,89,167",,
ESGD,iShares MSCI EAFE ESG Optimized ETF,31/08/17,AUSTRALIA — 6.88%,Westpac Banking Corp.,"36,181","8,97,354",,
ESGD,iShares MSCI EAFE ESG Optimized ETF,31/08/17,AUSTRALIA — 6.88%,Woodside Petroleum Ltd.,"12,337","2,82,104",,
ESGD,iShares MSCI EAFE ESG Optimized ETF,31/08/17,AUSTRALIA — 6.88%,Woolworths Ltd.,"8,550","1,76,317","84,05,938",
ESGD,iShares MSCI EAFE ESG Optimized ETF,31/08/17,AUSTRIA — 0.45%,OMV AG,"7,163","4,11,242",,
ESGD,iShares MSCI EAFE ESG Optimized ETF,31/08/17,AUSTRIA — 0.45%,Voestalpine AG,"2,694","1,39,614","5,50,856",
ESGD,iShares MSCI EAFE ESG Optimized ETF,31/08/17,BELGIUM — 1.20%,Anheuser-Busch InBev SA/NV,"7,790","9,21,707",,
ESGD,iShares MSCI EAFE ESG Optimized ETF,31/08/17,BELGIUM — 1.20%,KBC Group NV,"4,712","3,86,712",,
ESGD,iShares MSCI EAFE ESG Optimized ETF,31/08/17,BELGIUM — 1.20%,Umicore SA,"2,071","1,54,504","14,62,923",
ESGD,iShares MSCI EAFE ESG Optimized ETF,31/08/17,DENMARK — 1.90%,Carlsberg A/S Class B,"1,678","1,92,317",,
ESGD,iShares MSCI EAFE ESG Optimized ETF,31/08/17,DENMARK — 1.90%,Chr Hansen Holding A/S,"1,881","1,61,612",,
ESGD,iShares MSCI EAFE ESG Optimized ETF,31/08/17,DENMARK — 1.90%,Coloplast A/S Class B,"2,394","1,95,738",,
ESGD,iShares MSCI EAFE ESG Optimized ETF,31/08/17,DENMARK — 1.90%,DONG Energy,"2,115","1,09,943",,
ESGD,iShares MSCI EAFE ESG Optimized ETF,31/08/17,DENMARK — 1.90%,Genmab A/S,494,"1,15,131",,
ESGD,iShares MSCI EAFE ESG Optimized ETF,31/08/17,DENMARK — 1.90%,ISS A/S,"3,760","1,46,110",,
ESGD,iShares MSCI EAFE ESG Optimized ETF,31/08/17,DENMARK — 1.90%,Novo Nordisk A/S Class B,"18,126","8,63,426",,
ESGD,iShares MSCI EAFE ESG Optimized ETF,31/08/17,DENMARK — 1.90%,Novozymes A/S Class B,"3,249","1,65,048",,
ESGD,iShares MSCI EAFE ESG Optimized ETF,31/08/17,DENMARK — 1.90%,Pandora A/S,"1,425","1,51,248",,
ESGD,iShares MSCI EAFE ESG Optimized ETF,31/08/17,DENMARK — 1.90%,Vestas Wind Systems A/S,"2,451","2,22,927","23,23,500",
ESGD,iShares MSCI EAFE ESG Optimized ETF,31/08/17,FINLAND — 0.92%,Neste OYJ,"5,244","2,30,929",,
ESGD,iShares MSCI EAFE ESG Optimized ETF,31/08/17,FINLAND — 0.92%,Nokia OYJ,"58,653","3,62,958",,
ESGD,iShares MSCI EAFE ESG Optimized ETF,31/08/17,FINLAND — 0.92%,Stora Enso OYJ Class R,"5,507","72,282",,
ESGD,iShares MSCI EAFE ESG Optimized ETF,31/08/17,FINLAND — 0.92%,UPM-Kymmene OYJ,"5,339","1,38,757",,
ESGD,iShares MSCI EAFE ESG Optimized ETF,31/08/17,FINLAND — 0.92%,Wartsila OYJ Abp,"4,579","3,15,478","11,20,404",
ESGD,iShares MSCI EAFE ESG Optimized ETF,31/08/17,FRANCE — 10.45%,Accor SA,"2,793","1,29,171",,
ESGD,iShares MSCI EAFE ESG Optimized ETF,31/08/17,FRANCE — 10.45%,Aeroports de Paris,"1,083","1,92,944",,
ESGD,iShares MSCI EAFE ESG Optimized ETF,31/08/17,FRANCE — 10.45%,Air Liquide SA,"3,363","4,10,022",,
ESGD,iShares MSCI EAFE ESG Optimized ETF,31/08/17,FRANCE — 10.45%,Airbus SE,"5,092","4,27,464",,
ESGD,iShares MSCI EAFE ESG Optimized ETF,31/08/17,FRANCE — 10.45%,Atos SE,"1,558","2,40,059",,
ESGD,iShares MSCI EAFE ESG Optimized ETF,31/08/17,FRANCE — 10.45%,AXA SA,"22,214","6,43,749",,
ESGD,iShares MSCI EAFE ESG Optimized ETF,31/08/17,FRANCE — 10.45%,BNP Paribas SA,"7,961","6,04,897",,
ESGD,iShares MSCI EAFE ESG Optimized ETF,31/08/17,FRANCE — 10.45%,Capgemini SE,"1,634","1,80,920",,
ESGD,iShares MSCI EAFE ESG Optimized ETF,31/08/17,FRANCE — 10.45%,Carrefour SA,"4,617","92,986",,
ESGD,iShares MSCI EAFE ESG Optimized ETF,31/08/17,FRANCE — 10.45%,Cie. de Saint-Gobain,"4,978","2,72,688",,
ESGD,iShares MSCI EAFE ESG Optimized ETF,31/08/17,FRANCE — 10.45%,Cie. Generale des Etablissements Michelin Class B,"2,147","2,92,269",,
ESGD,iShares MSCI EAFE ESG Optimized ETF,31/08/17,FRANCE — 10.45%,CNP Assurances,"8,421","1,95,229",,
ESGD,iShares MSCI EAFE ESG Optimized ETF,31/08/17,FRANCE — 10.45%,Credit Agricole SA,"3,232","56,908",,
ESGD,iShares MSCI EAFE ESG Optimized ETF,31/08/17,FRANCE — 10.45%,Danone SA,"8,588","6,75,409",,
ESGD,iShares MSCI EAFE ESG Optimized ETF,31/08/17,FRANCE — 10.45%,Eiffage SA,"1,273","1,31,369",,
ESGD,iShares MSCI EAFE ESG Optimized ETF,31/08/17,FRANCE — 10.45%,Engie SA,"12,711","2,11,872",,
ESGD,iShares MSCI EAFE ESG Optimized ETF,31/08/17,FRANCE — 10.45%,Essilor International SA,"3,420","4,31,203",,
ESGD,iShares MSCI EAFE ESG Optimized ETF,31/08/17,FRANCE — 10.45%,Imerys SA,"1,868","1,64,122",,
ESGD,iShares MSCI EAFE ESG Optimized ETF,31/08/17,FRANCE — 10.45%,Ingenico Group SA,"1,138","1,12,837",,
ESGD,iShares MSCI EAFE ESG Optimized ETF,31/08/17,FRANCE — 10.45%,Kering,893,"3,34,750",,
ESGD,iShares MSCI EAFE ESG Optimized ETF,31/08/17,FRANCE — 10.45%,L’Oreal SA,"3,268","6,89,062",,
ESGD,iShares MSCI EAFE ESG Optimized ETF,31/08/17,FRANCE — 10.45%,Legrand SA,"3,116","2,18,127",,
ESGD,iShares MSCI EAFE ESG Optimized ETF,31/08/17,FRANCE — 10.45%,LVMH Moet Hennessy Louis Vuitton SE,"2,470","6,46,782",,
ESGD,iShares MSCI EAFE ESG Optimized ETF,31/08/17,FRANCE — 10.45%,Natixis SA,"26,106","1,95,784",,
ESGD,iShares MSCI EAFE ESG Optimized ETF,31/08/17,FRANCE — 10.45%,Orange SA,"19,304","3,27,619",,
ESGD,iShares MSCI EAFE ESG Optimized ETF,31/08/17,FRANCE — 10.45%,Pernod Ricard SA,"2,717","3,70,832",,
ESGD,iShares MSCI EAFE ESG Optimized ETF,31/08/17,FRANCE — 10.45%,Peugeot SA,"6,707","1,41,418",,
ESGD,iShares MSCI EAFE ESG Optimized ETF,31/08/17,FRANCE — 10.45%,Renault SA,"2,147","1,89,783",,
ESGD,iShares MSCI EAFE ESG Optimized ETF,31/08/17,FRANCE — 10.45%,Rexel SA,"5,206","77,677",,
ESGD,iShares MSCI EAFE ESG Optimized ETF,31/08/17,FRANCE — 10.45%,Sanofi,"9,728","9,44,448",,
ESGD,iShares MSCI EAFE ESG Optimized ETF,31/08/17,FRANCE — 10.45%,Schneider Electric SE,"7,391","5,95,154",,
ESGD,iShares MSCI EAFE ESG Optimized ETF,31/08/17,FRANCE — 10.45%,SES SA,"4,170","95,213",,
ESGD,iShares MSCI EAFE ESG Optimized ETF,31/08/17,FRANCE — 10.45%,Societe Generale SA,"6,137","3,43,144",,
ESGD,iShares MSCI EAFE ESG Optimized ETF,31/08/17,FRANCE — 10.45%,STMicroelectronics NV,"6,251","1,08,170",,
ESGD,iShares MSCI EAFE ESG Optimized ETF,31/08/17,FRANCE — 10.45%,Thales SA,"1,127","1,24,610",,
,,,,Total SA,"20,596","10,63,819",,
ESGD,iShares MSCI EAFE ESG Optimized ETF,31/08/17,FRANCE — 10.45%,Unibail-Rodamco SE,"1,710","4,34,151",,
ESGD,iShares MSCI EAFE ESG Optimized ETF,31/08/17,FRANCE — 10.45%,Valeo SA,"2,033","1,35,789",,
ESGD,iShares MSCI EAFE ESG Optimized ETF,31/08/17,FRANCE — 10.45%,Vivendi SA,"11,514","2,63,855","1,27,66,305",
ESGD,iShares MSCI EAFE ESG Optimized ETF,31/08/17,GERMANY — 9.14%,adidas AG,"2,394","5,36,656",,
ESGD,iShares MSCI EAFE ESG Optimized ETF,31/08/17,GERMANY — 9.14%,Allianz SE Registered,"5,323","11,37,550",,
ESGD,iShares MSCI EAFE ESG Optimized ETF,31/08/17,GERMANY — 9.14%,BASF SE,"9,538","9,22,713",,
ESGD,iShares MSCI EAFE ESG Optimized ETF,31/08/17,GERMANY — 9.14%,Bayer AG Registered,"6,840","8,74,198",,
ESGD,iShares MSCI EAFE ESG Optimized ETF,31/08/17,GERMANY — 9.14%,Bayerische Motoren Werke AG,"3,534","3,27,722",,
ESGD,iShares MSCI EAFE ESG Optimized ETF,31/08/17,GERMANY — 9.14%,Brenntag AG,"2,546","1,34,744",,
ESGD,iShares MSCI EAFE ESG Optimized ETF,31/08/17,GERMANY — 9.14%,Commerzbank AG a,"11,856","1,47,158",,
ESGD,iShares MSCI EAFE ESG Optimized ETF,31/08/17,GERMANY — 9.14%,Daimler AG Registered,"9,082","6,61,136",,
ESGD,iShares MSCI EAFE ESG Optimized ETF,31/08/17,GERMANY — 9.14%,Deutsche Bank AG Registered,"14,820","2,37,335",,
ESGD,iShares MSCI EAFE ESG Optimized ETF,31/08/17,GERMANY — 9.14%,Deutsche Boerse AG,"3,421","3,65,196",,
ESGD,iShares MSCI EAFE ESG Optimized ETF,31/08/17,GERMANY — 9.14%,Deutsche Post AG Registered,"13,023","5,39,506",,
ESGD,iShares MSCI EAFE ESG Optimized ETF,31/08/17,GERMANY — 9.14%,Deutsche Telekom AG Registered,"21,983","3,96,215",,
ESGD,iShares MSCI EAFE ESG Optimized ETF,31/08/17,GERMANY — 9.14%,E.ON SE,"20,235","2,28,425",,
ESGD,iShares MSCI EAFE ESG Optimized ETF,31/08/17,GERMANY — 9.14%,Fraport AG Frankfurt Airport Services Worldwide,998,"98,351",,
ESGD,iShares MSCI EAFE ESG Optimized ETF,31/08/17,GERMANY — 9.14%,HeidelbergCement AG,"2,356","2,25,904",,
ESGD,iShares MSCI EAFE ESG Optimized ETF,31/08/17,GERMANY — 9.14%,Henkel AG & Co. KGaA,"1,596","1,92,974",,
ESGD,iShares MSCI EAFE ESG Optimized ETF,31/08/17,GERMANY — 9.14%,HOCHTIEF AG,592,"1,04,202",,
ESGD,iShares MSCI EAFE ESG Optimized ETF,31/08/17,GERMANY — 9.14%,Infineon Technologies AG,"3,705","85,322",,
ESGD,iShares MSCI EAFE ESG Optimized ETF,31/08/17,GERMANY — 9.14%,Linde AG,"1,558","2,98,314",,
ESGD,iShares MSCI EAFE ESG Optimized ETF,31/08/17,GERMANY — 9.14%,Merck KGaA,"3,378","3,70,526",,
ESGD,iShares MSCI EAFE ESG Optimized ETF,31/08/17,GERMANY — 9.14%,METRO AG a,"3,344","65,281",,
ESGD,iShares MSCI EAFE ESG Optimized ETF,31/08/17,GERMANY — 9.14%,Muenchener Rueckversicherungs-Gesellschaft AG in Muenchen Registered,"1,995","4,11,280",,
ESGD,iShares MSCI EAFE ESG Optimized ETF,31/08/17,GERMANY — 9.14%,Osram Licht AG,"1,995","1,63,611",,
ESGD,iShares MSCI EAFE ESG Optimized ETF,31/08/17,GERMANY — 9.14%,ProSiebenSat.1 Media SE Registered,"3,705","1,24,129",,
ESGD,iShares MSCI EAFE ESG Optimized ETF,31/08/17,GERMANY — 9.14%,RWE AG a,"7,752","1,93,129",,
ESGD,iShares MSCI EAFE ESG Optimized ETF,31/08/17,GERMANY — 9.14%,SAP SE,"11,628","12,17,940",,
ESGD,iShares MSCI EAFE ESG Optimized ETF,31/08/17,GERMANY — 9.14%,Siemens AG Registered,"8,477","11,06,597","1,11,66,114",
ESGD,iShares MSCI EAFE ESG Optimized ETF,31/08/17,HONG KONG — 3.49%,AIA Group Ltd.,"87,800","6,73,663",,
ESGD,iShares MSCI EAFE ESG Optimized ETF,31/08/17,HONG KONG — 3.49%,BOC Hong Kong Holdings Ltd.,"76,500","3,89,516",,
ESGD,iShares MSCI EAFE ESG Optimized ETF,31/08/17,HONG KONG — 3.49%,CK Hutchison Holdings Ltd.,"19,000","2,48,593",,
ESGD,iShares MSCI EAFE ESG Optimized ETF,31/08/17,HONG KONG — 3.49%,CLP Holdings Ltd.,"28,500","3,00,970",,
ESGD,iShares MSCI EAFE ESG Optimized ETF,31/08/17,HONG KONG — 3.49%,Hang Seng Bank Ltd.,"23,000","5,28,975",,
ESGD,iShares MSCI EAFE ESG Optimized ETF,31/08/17,HONG KONG — 3.49%,Hong Kong Exchanges & Clearing Ltd.,"11,400","3,11,130",,
ESGD,iShares MSCI EAFE ESG Optimized ETF,31/08/17,HONG KONG — 3.49%,Hysan Development Co. Ltd.,"38,000","1,75,763",,
ESGD,iShares MSCI EAFE ESG Optimized ETF,31/08/17,HONG KONG — 3.49%,Link REIT,"9,500","78,414",,
ESGD,iShares MSCI EAFE ESG Optimized ETF,31/08/17,HONG KONG — 3.49%,Melco Resorts & Entertainment Ltd. ADR,"7,220","1,58,479",,
ESGD,iShares MSCI EAFE ESG Optimized ETF,31/08/17,HONG KONG — 3.49%,MTR Corp. Ltd.,"66,500","3,88,730",,
ESGD,iShares MSCI EAFE ESG Optimized ETF,31/08/17,HONG KONG — 3.49%,Sands China Ltd. c,"38,000","1,70,179",,
ESGD,iShares MSCI EAFE ESG Optimized ETF,31/08/17,HONG KONG — 3.49%,Shangri-La Asia Ltd.,"76,000","1,27,210",,
ESGD,iShares MSCI EAFE ESG Optimized ETF,31/08/17,HONG KONG — 3.49%,Sun Hung Kai Properties Ltd.,"19,000","3,17,053",,
ESGD,iShares MSCI EAFE ESG Optimized ETF,31/08/17,HONG KONG — 3.49%,Swire Pacific Ltd. Class A,"19,000","1,93,363",,
ESGD,iShares MSCI EAFE ESG Optimized ETF,31/08/17,HONG KONG — 3.49%,Swire Properties Ltd.,"57,000","1,97,369","42,59,407",
ESGD,iShares MSCI EAFE ESG Optimized ETF,31/08/17,IRELAND — 0.42%,CRH PLC,"11,172","3,89,639",,
ESGD,iShares MSCI EAFE ESG Optimized ETF,31/08/17,IRELAND — 0.42%,Paddy Power Betfair PLC,"1,330","1,16,679","5,06,318",
ESGD,iShares MSCI EAFE ESG Optimized ETF,31/08/17,ISRAEL — 0.42%,Bank Hapoalim BM,"40,793","2,74,444",,
ESGD,iShares MSCI EAFE ESG Optimized ETF,31/08/17,ISRAEL — 0.42%,Bank Leumi Le-Israel BM,"27,854","1,45,846",,
ESGD,iShares MSCI EAFE ESG Optimized ETF,31/08/17,ISRAEL — 0.42%,Teva Pharmaceutical Industries Ltd. ADR,"5,472","86,786","5,07,076",
ESGD,iShares MSCI EAFE ESG Optimized ETF,31/08/17,ITALY — 2.11%,Assicurazioni Generali SpA,"15,286","2,73,330",,
ESGD,iShares MSCI EAFE ESG Optimized ETF,31/08/17,ITALY — 2.11%,CNH Industrial NV,"21,451","2,43,044",,
ESGD,iShares MSCI EAFE ESG Optimized ETF,31/08/17,ITALY — 2.11%,Enel SpA,"1,04,101","6,29,348",,
ESGD,iShares MSCI EAFE ESG Optimized ETF,31/08/17,ITALY — 2.11%,EXOR NV,"2,774","1,77,763",,
ESGD,iShares MSCI EAFE ESG Optimized ETF,31/08/17,ITALY — 2.11%,Ferrari NV,95,"10,854",,
ESGD,iShares MSCI EAFE ESG Optimized ETF,31/08/17,ITALY — 2.11%,Intesa Sanpaolo SpA,"1,20,004","4,04,620",,
ESGD,iShares MSCI EAFE ESG Optimized ETF,31/08/17,ITALY — 2.11%,Snam SpA,"56,088","2,72,733",,
ESGD,iShares MSCI EAFE ESG Optimized ETF,31/08/17,ITALY — 2.11%,Terna Rete Elettrica Nazionale SpA,"42,123","2,48,397",,
ESGD,iShares MSCI EAFE ESG Optimized ETF,31/08/17,ITALY — 2.11%,UniCredit SpA a,"15,723","3,19,465","25,79,554",
ESGD,iShares MSCI EAFE ESG Optimized ETF,31/08/17,JAPAN — 23.06%,Aeon Co. Ltd.,"11,600","1,70,954",,
ESGD,iShares MSCI EAFE ESG Optimized ETF,31/08/17,JAPAN — 23.06%,AEON Financial Service Co. Ltd.,"5,700","1,20,722",,
ESGD,iShares MSCI EAFE ESG Optimized ETF,31/08/17,JAPAN — 23.06%,Aisin Seiki Co. Ltd.,"3,800","1,90,932",,
ESGD,iShares MSCI EAFE ESG Optimized ETF,31/08/17,JAPAN — 23.06%,Ajinomoto Co. Inc.,"9,500","1,87,436",,
ESGD,iShares MSCI EAFE ESG Optimized ETF,31/08/17,JAPAN — 23.06%,Asahi Kasei Corp.,"19,000","2,27,358",,
ESGD,iShares MSCI EAFE ESG Optimized ETF,31/08/17,JAPAN — 23.06%,Asics Corp.,"7,600","1,14,421",,
ESGD,iShares MSCI EAFE ESG Optimized ETF,31/08/17,JAPAN — 23.06%,Astellas Pharma Inc.,"30,700","3,85,912",,
ESGD,iShares MSCI EAFE ESG Optimized ETF,31/08/17,JAPAN — 23.06%,Bridgestone Corp.,"5,700","2,44,397",,
ESGD,iShares MSCI EAFE ESG Optimized ETF,31/08/17,JAPAN — 23.06%,Central Japan Railway Co.,"1,900","3,21,615",,
ESGD,iShares MSCI EAFE ESG Optimized ETF,31/08/17,JAPAN — 23.06%,Chugai Pharmaceutical Co. Ltd.,"3,800","1,54,334",,
ESGD,iShares MSCI EAFE ESG Optimized ETF,31/08/17,JAPAN — 23.06%,Dai Nippon Printing Co. Ltd.,"19,000","2,24,078",,
ESGD,iShares MSCI EAFE ESG Optimized ETF,31/08/17,JAPAN — 23.06%,Dai-ichi Life Holdings Inc.,"11,400","1,83,336",,
ESGD,iShares MSCI EAFE ESG Optimized ETF,31/08/17,JAPAN — 23.06%,Daikin Industries Ltd.,"3,800","3,79,620",,
ESGD,iShares MSCI EAFE ESG Optimized ETF,31/08/17,JAPAN — 23.06%,Daiwa House Industry Co. Ltd.,"9,600","3,35,555",,
ESGD,iShares MSCI EAFE ESG Optimized ETF,31/08/17,JAPAN — 23.06%,Denso Corp.,"9,600","4,65,433",,
ESGD,iShares MSCI EAFE ESG Optimized ETF,31/08/17,JAPAN — 23.06%,East Japan Railway Co.,"3,800","3,48,201",,
ESGD,iShares MSCI EAFE ESG Optimized ETF,31/08/17,JAPAN — 23.06%,Eisai Co. Ltd.,"3,800","1,96,595",,
ESGD,iShares MSCI EAFE ESG Optimized ETF,31/08/17,JAPAN — 23.06%,FANUC Corp.,"1,900","3,68,399",,
ESGD,iShares MSCI EAFE ESG Optimized ETF,31/08/17,JAPAN — 23.06%,Fast Retailing Co. Ltd.,600,"1,71,561",,
ESGD,iShares MSCI EAFE ESG Optimized ETF,31/08/17,JAPAN — 23.06%,FUJIFILM Holdings Corp.,"3,800","1,49,224",,
ESGD,iShares MSCI EAFE ESG Optimized ETF,31/08/17,JAPAN — 23.06%,Fujitsu Ltd.,"19,000","1,40,713",,
ESGD,iShares MSCI EAFE ESG Optimized ETF,31/08/17,JAPAN — 23.06%,Hankyu Hanshin Holdings Inc.,"3,800","1,44,667",,
ESGD,iShares MSCI EAFE ESG Optimized ETF,31/08/17,JAPAN — 23.06%,Hino Motors Ltd.,"8,000","91,804",,
ESGD,iShares MSCI EAFE ESG Optimized ETF,31/08/17,JAPAN — 23.06%,Hitachi Chemical Co. Ltd.,"5,700","1,54,127",,
ESGD,iShares MSCI EAFE ESG Optimized ETF,31/08/17,JAPAN — 23.06%,Hitachi Ltd.,"57,000","3,92,050",,
ESGD,iShares MSCI EAFE ESG Optimized ETF,31/08/17,JAPAN — 23.06%,Hitachi Metals Ltd.,"9,500","1,26,799",,
ESGD,iShares MSCI EAFE ESG Optimized ETF,31/08/17,JAPAN — 23.06%,Honda Motor Co. Ltd.,"19,000","5,31,883",,
ESGD,iShares MSCI EAFE ESG Optimized ETF,31/08/17,JAPAN — 23.06%,Hoya Corp.,"3,800","2,17,345",,
ESGD,iShares MSCI EAFE ESG Optimized ETF,31/08/17,JAPAN — 23.06%,Hulic Co. Ltd.,"11,400","1,12,798",,
ESGD,iShares MSCI EAFE ESG Optimized ETF,31/08/17,JAPAN — 23.06%,Idemitsu Kosan Co. Ltd.,"5,700","1,39,108",,
ESGD,iShares MSCI EAFE ESG Optimized ETF,31/08/17,JAPAN — 23.06%,IHI Corp. a,"20,000","66,146",,
ESGD,iShares MSCI EAFE ESG Optimized ETF,31/08/17,JAPAN — 23.06%,INPEX Corp.,"21,200","2,02,446",,
ESGD,iShares MSCI EAFE ESG Optimized ETF,31/08/17,JAPAN — 23.06%,JFE Holdings Inc.,"7,600","1,49,984",,
ESGD,iShares MSCI EAFE ESG Optimized ETF,31/08/17,JAPAN — 23.06%,JXTG Holdings Inc.,"39,900","1,93,011",,
ESGD,iShares MSCI EAFE ESG Optimized ETF,31/08/17,JAPAN — 23.06%,Kajima Corp.,"19,000","1,74,187",,
ESGD,iShares MSCI EAFE ESG Optimized ETF,31/08/17,JAPAN — 23.06%,Kansai Paint Co. Ltd.,"3,900","98,829",,
ESGD,iShares MSCI EAFE ESG Optimized ETF,31/08/17,JAPAN — 23.06%,Kao Corp.,"5,700","3,55,382",,
ESGD,iShares MSCI EAFE ESG Optimized ETF,31/08/17,JAPAN — 23.06%,Kawasaki Heavy Industries Ltd.,"38,000","1,16,700",,
ESGD,iShares MSCI EAFE ESG Optimized ETF,31/08/17,JAPAN — 23.06%,KDDI Corp.,"23,000","6,20,034",,
ESGD,iShares MSCI EAFE ESG Optimized ETF,31/08/17,JAPAN — 23.06%,Keio Corp.,"19,000","1,57,959",,
ESGD,iShares MSCI EAFE ESG Optimized ETF,31/08/17,JAPAN — 23.06%,Keyence Corp.,900,"4,68,235",,
ESGD,iShares MSCI EAFE ESG Optimized ETF,31/08/17,JAPAN — 23.06%,Kikkoman Corp.,"3,000","93,903",,
ESGD,iShares MSCI EAFE ESG Optimized ETF,31/08/17,JAPAN — 23.06%,Kintetsu Group Holdings Co. Ltd.,"19,000","71,643",,
ESGD,iShares MSCI EAFE ESG Optimized ETF,31/08/17,JAPAN — 23.06%,Kirin Holdings Co. Ltd.,"9,500","2,15,489",,
ESGD,iShares MSCI EAFE ESG Optimized ETF,31/08/17,JAPAN — 23.06%,Kobe Steel Ltd. a,"11,400","1,37,140",,
ESGD,iShares MSCI EAFE ESG Optimized ETF,31/08/17,JAPAN — 23.06%,Komatsu Ltd.,"13,300","3,59,508",,
ESGD,iShares MSCI EAFE ESG Optimized ETF,31/08/17,JAPAN — 23.06%,Konica Minolta Inc.,"11,400","90,943",,
ESGD,iShares MSCI EAFE ESG Optimized ETF,31/08/17,JAPAN — 23.06%,Kubota Corp.,"13,300","2,30,085",,
ESGD,iShares MSCI EAFE ESG Optimized ETF,31/08/17,JAPAN — 23.06%,Kuraray Co. Ltd.,"7,600","1,44,183",,
ESGD,iShares MSCI EAFE ESG Optimized ETF,31/08/17,JAPAN — 23.06%,Kyocera Corp.,"3,800","2,27,876",,
ESGD,iShares MSCI EAFE ESG Optimized ETF,31/08/17,JAPAN — 23.06%,Kyowa Hakko Kirin Co. Ltd.,"6,000","1,05,270",,
ESGD,iShares MSCI EAFE ESG Optimized ETF,31/08/17,JAPAN — 23.06%,Kyushu Railway Co.,"1,900","59,386",,
ESGD,iShares MSCI EAFE ESG Optimized ETF,31/08/17,JAPAN — 23.06%,Lawson Inc.,"1,900","1,27,576",,
ESGD,iShares MSCI EAFE ESG Optimized ETF,31/08/17,JAPAN — 23.06%,Miraca Holdings Inc.,"1,900","86,230",,
ESGD,iShares MSCI EAFE ESG Optimized ETF,31/08/17,JAPAN — 23.06%,Mitsubishi Chemical Holdings Corp.,"7,700","71,571",,
ESGD,iShares MSCI EAFE ESG Optimized ETF,31/08/17,JAPAN — 23.06%,Mitsubishi Electric Corp.,"19,000","2,80,874",,
ESGD,iShares MSCI EAFE ESG Optimized ETF,31/08/17,JAPAN — 23.06%,Mitsubishi Estate Co. Ltd.,"19,000","3,26,967",,
ESGD,iShares MSCI EAFE ESG Optimized ETF,31/08/17,JAPAN — 23.06%,Mitsubishi Heavy Industries Ltd.,"38,000","1,45,323",,
ESGD,iShares MSCI EAFE ESG Optimized ETF,31/08/17,JAPAN — 23.06%,Mitsubishi Materials Corp.,"3,800","1,36,207",,
ESGD,iShares MSCI EAFE ESG Optimized ETF,31/08/17,JAPAN — 23.06%,Mitsubishi UFJ Financial Group Inc.,"1,17,800","7,21,506",,
ESGD,iShares MSCI EAFE ESG Optimized ETF,31/08/17,JAPAN — 23.06%,Mitsubishi UFJ Lease & Finance Co. Ltd.,"16,000","80,829",,
ESGD,iShares MSCI EAFE ESG Optimized ETF,31/08/17,JAPAN — 23.06%,Mitsui Fudosan Co. Ltd.,"7,600","1,64,209",,
ESGD,iShares MSCI EAFE ESG Optimized ETF,31/08/17,JAPAN — 23.06%,Mizuho Financial Group Inc.,"2,10,900","3,62,359",,
ESGD,iShares MSCI EAFE ESG Optimized ETF,31/08/17,JAPAN — 23.06%,MS&AD Insurance Group Holdings Inc.,"5,700","1,87,946",,
ESGD,iShares MSCI EAFE ESG Optimized ETF,31/08/17,JAPAN — 23.06%,Murata Manufacturing Co. Ltd.,"1,900","2,90,714",,
ESGD,iShares MSCI EAFE ESG Optimized ETF,31/08/17,JAPAN — 23.06%,Nabtesco Corp.,"1,900","66,377",,
ESGD,iShares MSCI EAFE ESG Optimized ETF,31/08/17,JAPAN — 23.06%,NEC Corp.,"44,000","1,16,336",,
ESGD,iShares MSCI EAFE ESG Optimized ETF,31/08/17,JAPAN — 23.06%,NGK Insulators Ltd.,"7,700","1,43,632",,
ESGD,iShares MSCI EAFE ESG Optimized ETF,31/08/17,JAPAN — 23.06%,NGK Spark Plug Co. Ltd.,"7,600","1,44,667",,
ESGD,iShares MSCI EAFE ESG Optimized ETF,31/08/17,JAPAN — 23.06%,Nidec Corp.,"1,900","2,15,101",,
ESGD,iShares MSCI EAFE ESG Optimized ETF,31/08/17,JAPAN — 23.06%,Nintendo Co. Ltd.,"1,900","6,32,528",,
ESGD,iShares MSCI EAFE ESG Optimized ETF,31/08/17,JAPAN — 23.06%,Nippon Express Co. Ltd.,"19,000","1,31,028",,
ESGD,iShares MSCI EAFE ESG Optimized ETF,31/08/17,JAPAN — 23.06%,Nippon Steel & Sumitomo Metal Corp.,"7,600","1,81,230",,
ESGD,iShares MSCI EAFE ESG Optimized ETF,31/08/17,JAPAN — 23.06%,Nippon Telegraph & Telephone Corp.,"7,600","3,77,583",,
ESGD,iShares MSCI EAFE ESG Optimized ETF,31/08/17,JAPAN — 23.06%,Nitto Denko Corp.,"1,900","1,67,420",,
ESGD,iShares MSCI EAFE ESG Optimized ETF,31/08/17,JAPAN — 23.06%,Nomura Holdings Inc.,"38,000","2,11,476",,
ESGD,iShares MSCI EAFE ESG Optimized ETF,31/08/17,JAPAN — 23.06%,Nomura Research Institute Ltd.,"2,090","81,276",,
ESGD,iShares MSCI EAFE ESG Optimized ETF,31/08/17,JAPAN — 23.06%,NTT DOCOMO Inc.,"23,200","5,38,263",,
ESGD,iShares MSCI EAFE ESG Optimized ETF,31/08/17,JAPAN — 23.06%,Obayashi Corp.,"13,300","1,56,734",,
ESGD,iShares MSCI EAFE ESG Optimized ETF,31/08/17,JAPAN — 23.06%,Odakyu Electric Railway Co. Ltd.,"5,700","1,10,313",,
ESGD,iShares MSCI EAFE ESG Optimized ETF,31/08/17,JAPAN — 23.06%,Omron Corp.,"3,800","1,90,587",,
ESGD,iShares MSCI EAFE ESG Optimized ETF,31/08/17,JAPAN — 23.06%,Oriental Land Co. Ltd./Japan,"1,900","1,42,578",,
ESGD,iShares MSCI EAFE ESG Optimized ETF,31/08/17,JAPAN — 23.06%,ORIX Corp.,"13,300","2,12,624",,
ESGD,iShares MSCI EAFE ESG Optimized ETF,31/08/17,JAPAN — 23.06%,Osaka Gas Co. Ltd.,"38,000","1,48,499",,
ESGD,iShares MSCI EAFE ESG Optimized ETF,31/08/17,JAPAN — 23.06%,Panasonic Corp.,"22,800","3,03,593",,
ESGD,iShares MSCI EAFE ESG Optimized ETF,31/08/17,JAPAN — 23.06%,Recruit Holdings Co. Ltd.,"11,400","2,26,943",,
ESGD,iShares MSCI EAFE ESG Optimized ETF,31/08/17,JAPAN — 23.06%,Resona Holdings Inc.,"28,500","1,42,060",,
ESGD,iShares MSCI EAFE ESG Optimized ETF,31/08/17,JAPAN — 23.06%,Sekisui Chemical Co. Ltd.,"11,400","2,12,339",,
ESGD,iShares MSCI EAFE ESG Optimized ETF,31/08/17,JAPAN — 23.06%,Sekisui House Ltd.,"11,600","2,00,676",,
ESGD,iShares MSCI EAFE ESG Optimized ETF,31/08/17,JAPAN — 23.06%,Seven & I Holdings Co. Ltd.,"5,700","2,26,063",,
ESGD,iShares MSCI EAFE ESG Optimized ETF,31/08/17,JAPAN — 23.06%,Shimadzu Corp.,"5,900","1,08,340",,
ESGD,iShares MSCI EAFE ESG Optimized ETF,31/08/17,JAPAN — 23.06%,Shimizu Corp.,"19,000","1,96,111",,
ESGD,iShares MSCI EAFE ESG Optimized ETF,31/08/17,JAPAN — 23.06%,Shin-Etsu Chemical Co. Ltd.,"3,800","3,35,737",,
ESGD,iShares MSCI EAFE ESG Optimized ETF,31/08/17,JAPAN — 23.06%,Shionogi & Co. Ltd.,"3,800","2,00,082",,
ESGD,iShares MSCI EAFE ESG Optimized ETF,31/08/17,JAPAN — 23.06%,Shiseido Co. Ltd.,"1,900","78,703",,
ESGD,iShares MSCI EAFE ESG Optimized ETF,31/08/17,JAPAN — 23.06%,Showa Shell Sekiyu KK,"11,400","1,24,814",,
ESGD,iShares MSCI EAFE ESG Optimized ETF,31/08/17,JAPAN — 23.06%,SoftBank Group Corp.,"7,600","6,16,093",,
ESGD,iShares MSCI EAFE ESG Optimized ETF,31/08/17,JAPAN — 23.06%,Sompo Holdings Inc.,"5,700","2,14,151",,
ESGD,iShares MSCI EAFE ESG Optimized ETF,31/08/17,JAPAN — 23.06%,Sony Corp.,"11,400","4,49,226",,
ESGD,iShares MSCI EAFE ESG Optimized ETF,31/08/17,JAPAN — 23.06%,Stanley Electric Co. Ltd.,"3,800","1,26,022",,
ESGD,iShares MSCI EAFE ESG Optimized ETF,31/08/17,JAPAN — 23.06%,Subaru Corp.,"5,700","1,99,702",,
ESGD,iShares MSCI EAFE ESG Optimized ETF,31/08/17,JAPAN — 23.06%,Sumitomo Chemical Co. Ltd.,"38,000","2,27,530",,
ESGD,iShares MSCI EAFE ESG Optimized ETF,31/08/17,JAPAN — 23.06%,Sumitomo Dainippon Pharma Co. Ltd.,"9,500","1,28,957",,
ESGD,iShares MSCI EAFE ESG Optimized ETF,31/08/17,JAPAN — 23.06%,Sumitomo Metal Mining Co. Ltd.,"19,000","3,27,140",,
ESGD,iShares MSCI EAFE ESG Optimized ETF,31/08/17,JAPAN — 23.06%,Sumitomo Mitsui Financial Group Inc.,"11,400","4,26,128",,
ESGD,iShares MSCI EAFE ESG Optimized ETF,31/08/17,JAPAN — 23.06%,Sumitomo Mitsui Trust Holdings Inc.,"5,800","2,00,571",,
ESGD,iShares MSCI EAFE ESG Optimized ETF,31/08/17,JAPAN — 23.06%,Sysmex Corp.,"1,900","1,17,045",,
ESGD,iShares MSCI EAFE ESG Optimized ETF,31/08/17,JAPAN — 23.06%,T&D Holdings Inc.,"11,400","1,56,250",,
ESGD,iShares MSCI EAFE ESG Optimized ETF,31/08/17,JAPAN — 23.06%,Taisei Corp.,"19,000","1,90,414",,
ESGD,iShares MSCI EAFE ESG Optimized ETF,31/08/17,JAPAN — 23.06%,Takeda Pharmaceutical Co. Ltd.,"5,700","3,14,727",,
ESGD,iShares MSCI EAFE ESG Optimized ETF,31/08/17,JAPAN — 23.06%,TDK Corp.,"1,900","1,27,231",,
ESGD,iShares MSCI EAFE ESG Optimized ETF,31/08/17,JAPAN — 23.06%,Teijin Ltd.,"7,600","1,54,127",,
ESGD,iShares MSCI EAFE ESG Optimized ETF,31/08/17,JAPAN — 23.06%,Terumo Corp.,"3,800","1,46,738",,
ESGD,iShares MSCI EAFE ESG Optimized ETF,31/08/17,JAPAN — 23.06%,THK Co. Ltd.,"1,900","63,356",,
ESGD,iShares MSCI EAFE ESG Optimized ETF,31/08/17,JAPAN — 23.06%,Tokio Marine Holdings Inc.,"7,600","3,03,144",,
ESGD,iShares MSCI EAFE ESG Optimized ETF,31/08/17,JAPAN — 23.06%,Tokyo Electron Ltd.,"1,900","2,66,891",,
ESGD,iShares MSCI EAFE ESG Optimized ETF,31/08/17,JAPAN — 23.06%,Tokyo Gas Co. Ltd.,"38,000","2,01,359",,
ESGD,iShares MSCI EAFE ESG Optimized ETF,31/08/17,JAPAN — 23.06%,Tokyu Corp.,"9,500","1,38,106",,
ESGD,iShares MSCI EAFE ESG Optimized ETF,31/08/17,JAPAN — 23.06%,Toray Industries Inc.,"21,000","1,99,773",,
ESGD,iShares MSCI EAFE ESG Optimized ETF,31/08/17,JAPAN — 23.06%,TOTO Ltd.,"1,900","72,247",,
ESGD,iShares MSCI EAFE ESG Optimized ETF,31/08/17,JAPAN — 23.06%,Toyota Motor Corp.,"22,800","12,80,869",,
ESGD,iShares MSCI EAFE ESG Optimized ETF,31/08/17,JAPAN — 23.06%,Toyota Tsusho Corp.,"3,800","1,16,873",,
ESGD,iShares MSCI EAFE ESG Optimized ETF,31/08/17,JAPAN — 23.06%,West Japan Railway Co.,"1,900","1,37,951",,
ESGD,iShares MSCI EAFE ESG Optimized ETF,31/08/17,JAPAN — 23.06%,Yamaha Corp.,"3,800","1,32,237",,
ESGD,iShares MSCI EAFE ESG Optimized ETF,31/08/17,JAPAN — 23.06%,Yamaha Motor Co. Ltd.,"3,800","1,07,378",,
ESGD,iShares MSCI EAFE ESG Optimized ETF,31/08/17,JAPAN — 23.06%,Yaskawa Electric Corp.,"7,600","2,29,947",,
ESGD,iShares MSCI EAFE ESG Optimized ETF,31/08/17,JAPAN — 23.06%,Yokogawa Electric Corp.,"9,500","1,47,860","2,81,55,783",
ESGD,iShares MSCI EAFE ESG Optimized ETF,31/08/17,NETHERLANDS — 3.67%,Aegon NV,"16,758","95,553",,
ESGD,iShares MSCI EAFE ESG Optimized ETF,31/08/17,NETHERLANDS — 3.67%,Akzo Nobel NV,"3,838","3,50,438",,
ESGD,iShares MSCI EAFE ESG Optimized ETF,31/08/17,NETHERLANDS — 3.67%,ASML Holding NV,"4,482","6,95,388",,
ESGD,iShares MSCI EAFE ESG Optimized ETF,31/08/17,NETHERLANDS — 3.67%,Heineken NV,"3,173","3,32,460",,
ESGD,iShares MSCI EAFE ESG Optimized ETF,31/08/17,NETHERLANDS — 3.67%,ING Groep NV,"27,626","4,89,384",,
ESGD,iShares MSCI EAFE ESG Optimized ETF,31/08/17,NETHERLANDS — 3.67%,Koninklijke Ahold Delhaize NV,"9,082","1,63,044",,
ESGD,iShares MSCI EAFE ESG Optimized ETF,31/08/17,NETHERLANDS — 3.67%,Koninklijke DSM NV,"1,653","1,25,245",,
ESGD,iShares MSCI EAFE ESG Optimized ETF,31/08/17,NETHERLANDS — 3.67%,Koninklijke KPN NV,"39,653","1,40,063",,
ESGD,iShares MSCI EAFE ESG Optimized ETF,31/08/17,NETHERLANDS — 3.67%,Koninklijke Philips NV,"9,671","3,65,402",,
ESGD,iShares MSCI EAFE ESG Optimized ETF,31/08/17,NETHERLANDS — 3.67%,Koninklijke Vopak NV,"3,952","1,67,056",,
ESGD,iShares MSCI EAFE ESG Optimized ETF,31/08/17,NETHERLANDS — 3.67%,NXP Semiconductors NV a,"2,318","2,61,841",,
ESGD,iShares MSCI EAFE ESG Optimized ETF,31/08/17,NETHERLANDS — 3.67%,Randstad Holding NV,"1,377","80,391",,
ESGD,iShares MSCI EAFE ESG Optimized ETF,31/08/17,NETHERLANDS — 3.67%,RELX NV,"17,955","3,76,449",,
ESGD,iShares MSCI EAFE ESG Optimized ETF,31/08/17,NETHERLANDS — 3.67%,Unilever NV CVA,"14,003","8,32,574","44,75,288",
ESGD,iShares MSCI EAFE ESG Optimized ETF,31/08/17,NEW ZEALAND — 0.13%,Fletcher Building Ltd.,"12,509","73,105",,
ESGD,iShares MSCI EAFE ESG Optimized ETF,31/08/17,NEW ZEALAND — 0.13%,Ryman Healthcare Ltd.,"13,946","90,692","1,63,797",
ESGD,iShares MSCI EAFE ESG Optimized ETF,31/08/17,NORWAY — 0.96%,DNB ASA,"8,322","1,62,058",,
ESGD,iShares MSCI EAFE ESG Optimized ETF,31/08/17,NORWAY — 0.96%,Norsk Hydro ASA,"43,396","3,12,368",,
ESGD,iShares MSCI EAFE ESG Optimized ETF,31/08/17,NORWAY — 0.96%,Orkla ASA,"24,168","2,47,432",,
ESGD,iShares MSCI EAFE ESG Optimized ETF,31/08/17,NORWAY — 0.96%,Statoil ASA,"14,554","2,74,997",,
ESGD,iShares MSCI EAFE ESG Optimized ETF,31/08/17,NORWAY — 0.96%,Telenor ASA,"8,588","1,73,419","11,70,274",
ESGD,iShares MSCI EAFE ESG Optimized ETF,31/08/17,PORTUGAL — 0.25%,EDP – Energias de Portugal SA,"51,946","1,99,171",,
ESGD,iShares MSCI EAFE ESG Optimized ETF,31/08/17,PORTUGAL — 0.25%,Galp Energia SGPS SA,"6,666","1,10,240","3,09,411",
ESGD,iShares MSCI EAFE ESG Optimized ETF,31/08/17,SINGAPORE — 1.10%,CapitaLand Ltd.,"68,400","1,90,392",,
ESGD,iShares MSCI EAFE ESG Optimized ETF,31/08/17,SINGAPORE — 1.10%,CapitaLand Mall Trust,"1,00,700","1,60,912",,
ESGD,iShares MSCI EAFE ESG Optimized ETF,31/08/17,SINGAPORE — 1.10%,City Developments Ltd.,"24,700","2,12,988",,
ESGD,iShares MSCI EAFE ESG Optimized ETF,31/08/17,SINGAPORE — 1.10%,DBS Group Holdings Ltd.,"24,700","3,75,047",,
ESGD,iShares MSCI EAFE ESG Optimized ETF,31/08/17,SINGAPORE — 1.10%,Keppel Corp. Ltd.,"28,700","1,33,356",,
ESGD,iShares MSCI EAFE ESG Optimized ETF,31/08/17,SINGAPORE — 1.10%,Singapore Telecommunications Ltd.,"99,100","2,70,007","13,42,702",
ESGD,iShares MSCI EAFE ESG Optimized ETF,31/08/17,SPAIN — 3.72%,Abertis Infraestructuras SA,"8,550","1,72,806",,
ESGD,iShares MSCI EAFE ESG Optimized ETF,31/08/17,SPAIN — 3.72%,Amadeus IT Group SA,"5,282","3,26,987",,
ESGD,iShares MSCI EAFE ESG Optimized ETF,31/08/17,SPAIN — 3.72%,Banco Bilbao Vizcaya Argentaria SA,"81,167","7,16,219",,
ESGD,iShares MSCI EAFE ESG Optimized ETF,31/08/17,SPAIN — 3.72%,Banco Santander SA,"1,39,821","9,07,467",,
ESGD,iShares MSCI EAFE ESG Optimized ETF,31/08/17,SPAIN — 3.72%,CaixaBank SA,"17,975","92,705",,
ESGD,iShares MSCI EAFE ESG Optimized ETF,31/08/17,SPAIN — 3.72%,Ferrovial SA,"7,527","1,71,326",,
ESGD,iShares MSCI EAFE ESG Optimized ETF,31/08/17,SPAIN — 3.72%,Gas Natural SDG SA,"5,776","1,40,226",,
ESGD,iShares MSCI EAFE ESG Optimized ETF,31/08/17,SPAIN — 3.72%,Iberdrola SA,"69,672","5,68,317",,
ESGD,iShares MSCI EAFE ESG Optimized ETF,31/08/17,SPAIN — 3.72%,Industria de Diseno Textil SA,"16,568","6,28,652",,
ESGD,iShares MSCI EAFE ESG Optimized ETF,31/08/17,SPAIN — 3.72%,Red Electrica Corp. SA,"2,584","57,955",,
ESGD,iShares MSCI EAFE ESG Optimized ETF,31/08/17,SPAIN — 3.72%,Repsol SA,"19,983","3,42,825",,
ESGD,iShares MSCI EAFE ESG Optimized ETF,31/08/17,SPAIN — 3.72%,Telefonica SA,"38,456","4,14,180","45,39,665",
ESGD,iShares MSCI EAFE ESG Optimized ETF,31/08/17,SWEDEN — 2.81%,Assa Abloy AB Class B,"9,129","1,97,096",,
ESGD,iShares MSCI EAFE ESG Optimized ETF,31/08/17,SWEDEN — 2.81%,Atlas Copco AB Class A,"6,631","2,59,495",,
ESGD,iShares MSCI EAFE ESG Optimized ETF,31/08/17,SWEDEN — 2.81%,Atlas Copco AB Class B,"4,256","1,51,684",,
ESGD,iShares MSCI EAFE ESG Optimized ETF,31/08/17,SWEDEN — 2.81%,Boliden AB,"9,386","3,27,912",,
ESGD,iShares MSCI EAFE ESG Optimized ETF,31/08/17,SWEDEN — 2.81%,Essity AB Class B a,"9,277","2,57,185",,
ESGD,iShares MSCI EAFE ESG Optimized ETF,31/08/17,SWEDEN — 2.81%,Hennes & Mauritz AB Class B,"8,997","2,27,261",,
ESGD,iShares MSCI EAFE ESG Optimized ETF,31/08/17,SWEDEN — 2.81%,Nordea Bank AB,"24,624","3,30,802",,
ESGD,iShares MSCI EAFE ESG Optimized ETF,31/08/17,SWEDEN — 2.81%,Sandvik AB,"10,433","1,72,149",,
ESGD,iShares MSCI EAFE ESG Optimized ETF,31/08/17,SWEDEN — 2.81%,Skandinaviska Enskilda Banken AB Class A,"17,440","2,26,620",,
ESGD,iShares MSCI EAFE ESG Optimized ETF,31/08/17,SWEDEN — 2.81%,Skanska AB Class B,"9,499","2,14,276",,
ESGD,iShares MSCI EAFE ESG Optimized ETF,31/08/17,SWEDEN — 2.81%,SKF AB Class B,"4,908","97,946",,
ESGD,iShares MSCI EAFE ESG Optimized ETF,31/08/17,SWEDEN — 2.81%,Swedbank AB Class A,"11,840","3,19,608",,
ESGD,iShares MSCI EAFE ESG Optimized ETF,31/08/17,SWEDEN — 2.81%,Telefonaktiebolaget LM Ericsson Class B,"27,512","1,61,013",,
ESGD,iShares MSCI EAFE ESG Optimized ETF,31/08/17,SWEDEN — 2.81%,Telia Co. AB,"52,190","2,48,575",,
ESGD,iShares MSCI EAFE ESG Optimized ETF,31/08/17,SWEDEN — 2.81%,Volvo AB Class B,"14,193","2,42,039","34,33,661",
ESGD,iShares MSCI EAFE ESG Optimized ETF,31/08/17,SWITZERLAND — 8.63%,ABB Ltd. Registered,"22,154","5,11,778",,
ESGD,iShares MSCI EAFE ESG Optimized ETF,31/08/17,SWITZERLAND — 8.63%,Adecco Group AG Registered,"2,242","1,62,143",,
ESGD,iShares MSCI EAFE ESG Optimized ETF,31/08/17,SWITZERLAND — 8.63%,Barry Callebaut AG Registered,40,"57,440",,
ESGD,iShares MSCI EAFE ESG Optimized ETF,31/08/17,SWITZERLAND — 8.63%,Chocoladefabriken Lindt & Spruengli AG Registered,2,"1,38,834",,
ESGD,iShares MSCI EAFE ESG Optimized ETF,31/08/17,SWITZERLAND — 8.63%,Cie. Financiere Richemont SA Class A Registered,"4,940","4,40,796",,
ESGD,iShares MSCI EAFE ESG Optimized ETF,31/08/17,SWITZERLAND — 8.63%,Credit Suisse Group AG Registered,"16,099","2,36,208",,
ESGD,iShares MSCI EAFE ESG Optimized ETF,31/08/17,SWITZERLAND — 8.63%,Geberit AG Registered,342,"1,55,911",,
ESGD,iShares MSCI EAFE ESG Optimized ETF,31/08/17,SWITZERLAND — 8.63%,Givaudan SA Registered,114,"2,32,508",,
ESGD,iShares MSCI EAFE ESG Optimized ETF,31/08/17,SWITZERLAND — 8.63%,Kuehne + Nagel International AG Registered,"1,591","2,87,572",,
ESGD,iShares MSCI EAFE ESG Optimized ETF,31/08/17,SWITZERLAND — 8.63%,LafargeHolcim Ltd. Registered,"5,263","3,08,606",,
ESGD,iShares MSCI EAFE ESG Optimized ETF,31/08/17,SWITZERLAND — 8.63%,Lonza Group AG Registered,"1,360","3,43,609",,
ESGD,iShares MSCI EAFE ESG Optimized ETF,31/08/17,SWITZERLAND — 8.63%,Nestle SA Registered,"27,873","23,59,489",,
ESGD,iShares MSCI EAFE ESG Optimized ETF,31/08/17,SWITZERLAND — 8.63%,Novartis AG Registered,"18,753","15,78,686",,
ESGD,iShares MSCI EAFE ESG Optimized ETF,31/08/17,SWITZERLAND — 8.63%,Roche Holding AG,"6,137","15,55,005",,
ESGD,iShares MSCI EAFE ESG Optimized ETF,31/08/17,SWITZERLAND — 8.63%,SGS SA Registered,76,"1,69,478",,
ESGD,iShares MSCI EAFE ESG Optimized ETF,31/08/17,SWITZERLAND — 8.63%,Sika AG Bearer,38,"2,68,887",,
ESGD,iShares MSCI EAFE ESG Optimized ETF,31/08/17,SWITZERLAND — 8.63%,Sonova Holding AG Registered,579,"97,665",,
ESGD,iShares MSCI EAFE ESG Optimized ETF,31/08/17,SWITZERLAND — 8.63%,Swiss Re AG,"4,104","3,70,897",,
ESGD,iShares MSCI EAFE ESG Optimized ETF,31/08/17,SWITZERLAND — 8.63%,Swisscom AG Registered,577,"2,90,361",,
ESGD,iShares MSCI EAFE ESG Optimized ETF,31/08/17,SWITZERLAND — 8.63%,UBS Group AG,"31,920","5,24,803",,
ESGD,iShares MSCI EAFE ESG Optimized ETF,31/08/17,SWITZERLAND — 8.63%,Zurich Insurance Group AG,"1,501","4,48,113","1,05,38,789",
ESGD,iShares MSCI EAFE ESG Optimized ETF,31/08/17,UNITED KINGDOM — 17.44%,3i Group PLC,"12,502","1,56,181",,
ESGD,iShares MSCI EAFE ESG Optimized ETF,31/08/17,UNITED KINGDOM — 17.44%,Anglo American PLC,"15,827","2,86,024",,
ESGD,iShares MSCI EAFE ESG Optimized ETF,31/08/17,UNITED KINGDOM — 17.44%,Antofagasta PLC,"17,613","2,34,896",,
ESGD,iShares MSCI EAFE ESG Optimized ETF,31/08/17,UNITED KINGDOM — 17.44%,Ashtead Group PLC,"7,125","1,52,679",,
ESGD,iShares MSCI EAFE ESG Optimized ETF,31/08/17,UNITED KINGDOM — 17.44%,Associated British Foods PLC,"3,914","1,67,541",,
ESGD,iShares MSCI EAFE ESG Optimized ETF,31/08/17,UNITED KINGDOM — 17.44%,AstraZeneca PLC,"11,723","6,85,949",,
ESGD,iShares MSCI EAFE ESG Optimized ETF,31/08/17,UNITED KINGDOM — 17.44%,Aviva PLC,"41,952","2,82,449",,
ESGD,iShares MSCI EAFE ESG Optimized ETF,31/08/17,UNITED KINGDOM — 17.44%,Barclays PLC,"1,41,227","3,47,760",,
ESGD,iShares MSCI EAFE ESG Optimized ETF,31/08/17,UNITED KINGDOM — 17.44%,Barratt Developments PLC,"17,651","1,42,038",,
ESGD,iShares MSCI EAFE ESG Optimized ETF,31/08/17,UNITED KINGDOM — 17.44%,Berkeley Group Holdings PLC,"3,154","1,52,038",,
ESGD,iShares MSCI EAFE ESG Optimized ETF,31/08/17,UNITED KINGDOM — 17.44%,BP PLC,"1,63,210","9,36,169",,
ESGD,iShares MSCI EAFE ESG Optimized ETF,31/08/17,UNITED KINGDOM — 17.44%,British Land Co. PLC (The),"17,423","1,37,284",,
ESGD,iShares MSCI EAFE ESG Optimized ETF,31/08/17,UNITED KINGDOM — 17.44%,BT Group PLC,"60,888","2,29,527",,
ESGD,iShares MSCI EAFE ESG Optimized ETF,31/08/17,UNITED KINGDOM — 17.44%,Bunzl PLC,"5,320","1,58,352",,
ESGD,iShares MSCI EAFE ESG Optimized ETF,31/08/17,UNITED KINGDOM — 17.44%,Burberry Group PLC,"6,232","1,44,303",,
ESGD,iShares MSCI EAFE ESG Optimized ETF,31/08/17,UNITED KINGDOM — 17.44%,Capita PLC,"11,628","97,166",,
ESGD,iShares MSCI EAFE ESG Optimized ETF,31/08/17,UNITED KINGDOM — 17.44%,Centrica PLC,"63,004","1,62,286",,
ESGD,iShares MSCI EAFE ESG Optimized ETF,31/08/17,UNITED KINGDOM — 17.44%,Cobham PLC,"53,939","95,428",,
ESGD,iShares MSCI EAFE ESG Optimized ETF,31/08/17,UNITED KINGDOM — 17.44%,Coca-Cola European Partners PLC,"5,510","2,35,634",,
ESGD,iShares MSCI EAFE ESG Optimized ETF,31/08/17,UNITED KINGDOM — 17.44%,Coca-Cola HBC AG,"7,771","2,64,752",,
ESGD,iShares MSCI EAFE ESG Optimized ETF,31/08/17,UNITED KINGDOM — 17.44%,Compass Group PLC,"14,177","3,01,784",,
ESGD,iShares MSCI EAFE ESG Optimized ETF,31/08/17,UNITED KINGDOM — 17.44%,Croda International PLC,"4,237","2,09,757",,
ESGD,iShares MSCI EAFE ESG Optimized ETF,31/08/17,UNITED KINGDOM — 17.44%,DCC PLC,"1,349","1,22,460",,
ESGD,iShares MSCI EAFE ESG Optimized ETF,31/08/17,UNITED KINGDOM — 17.44%,Diageo PLC,"31,217","10,42,623",,
ESGD,iShares MSCI EAFE ESG Optimized ETF,31/08/17,UNITED KINGDOM — 17.44%,easyJet PLC,"6,182","95,271",,
ESGD,iShares MSCI EAFE ESG Optimized ETF,31/08/17,UNITED KINGDOM — 17.44%,Experian PLC,"5,092","1,01,963",,
ESGD,iShares MSCI EAFE ESG Optimized ETF,31/08/17,UNITED KINGDOM — 17.44%,Ferguson PLC,"3,686","2,18,624",,
ESGD,iShares MSCI EAFE ESG Optimized ETF,31/08/17,UNITED KINGDOM — 17.44%,GKN PLC,"30,514","1,25,388",,
ESGD,iShares MSCI EAFE ESG Optimized ETF,31/08/17,UNITED KINGDOM — 17.44%,GlaxoSmithKline PLC,"42,845","8,46,614",,
ESGD,iShares MSCI EAFE ESG Optimized ETF,31/08/17,UNITED KINGDOM — 17.44%,Glencore PLC,"1,26,331","5,85,208",,
ESGD,iShares MSCI EAFE ESG Optimized ETF,31/08/17,UNITED KINGDOM — 17.44%,Hammerson PLC,"28,747","2,07,805",,
ESGD,iShares MSCI EAFE ESG Optimized ETF,31/08/17,UNITED KINGDOM — 17.44%,HSBC Holdings PLC,"1,44,001","13,92,572",,
ESGD,iShares MSCI EAFE ESG Optimized ETF,31/08/17,UNITED KINGDOM — 17.44%,IMI PLC,"5,320","77,805",,
ESGD,iShares MSCI EAFE ESG Optimized ETF,31/08/17,UNITED KINGDOM — 17.44%,InterContinental Hotels Group PLC,"3,511","1,74,449",,
ESGD,iShares MSCI EAFE ESG Optimized ETF,31/08/17,UNITED KINGDOM — 17.44%,Intertek Group PLC,"2,888","1,90,160",,
ESGD,iShares MSCI EAFE ESG Optimized ETF,31/08/17,UNITED KINGDOM — 17.44%,Investec PLC,"24,263","1,84,458",,
ESGD,iShares MSCI EAFE ESG Optimized ETF,31/08/17,UNITED KINGDOM — 17.44%,ITV PLC,"95,736","1,95,650",,
ESGD,iShares MSCI EAFE ESG Optimized ETF,31/08/17,UNITED KINGDOM — 17.44%,J Sainsbury PLC,"39,425","1,19,687",,
ESGD,iShares MSCI EAFE ESG Optimized ETF,31/08/17,UNITED KINGDOM — 17.44%,Johnson Matthey PLC,"3,952","1,40,753",,
ESGD,iShares MSCI EAFE ESG Optimized ETF,31/08/17,UNITED KINGDOM — 17.44%,Kingfisher PLC,"50,426","1,94,215",,
ESGD,iShares MSCI EAFE ESG Optimized ETF,31/08/17,UNITED KINGDOM — 17.44%,Land Securities Group PLC,"7,619","99,156",,
ESGD,iShares MSCI EAFE ESG Optimized ETF,31/08/17,UNITED KINGDOM — 17.44%,Legal & General Group PLC,"1,00,700","3,37,628",,
ESGD,iShares MSCI EAFE ESG Optimized ETF,31/08/17,UNITED KINGDOM — 17.44%,Lloyds Banking Group PLC,"5,14,064","4,22,742",,
ESGD,iShares MSCI EAFE ESG Optimized ETF,31/08/17,UNITED KINGDOM — 17.44%,London Stock Exchange Group PLC,"2,926","1,48,927",,
ESGD,iShares MSCI EAFE ESG Optimized ETF,31/08/17,UNITED KINGDOM — 17.44%,Marks & Spencer Group PLC,"38,760","1,59,622",,
ESGD,iShares MSCI EAFE ESG Optimized ETF,31/08/17,UNITED KINGDOM — 17.44%,Mediclinic International PLC,"11,438","1,12,675",,
ESGD,iShares MSCI EAFE ESG Optimized ETF,31/08/17,UNITED KINGDOM — 17.44%,Meggitt PLC,"17,898","1,19,464",,
ESGD,iShares MSCI EAFE ESG Optimized ETF,31/08/17,UNITED KINGDOM — 17.44%,Merlin Entertainments PLC b,"19,551","1,16,213",,
ESGD,iShares MSCI EAFE ESG Optimized ETF,31/08/17,UNITED KINGDOM — 17.44%,Mondi PLC,"5,130","1,39,675",,
ESGD,iShares MSCI EAFE ESG Optimized ETF,31/08/17,UNITED KINGDOM — 17.44%,National Grid PLC,"38,996","4,89,770",,
ESGD,iShares MSCI EAFE ESG Optimized ETF,31/08/17,UNITED KINGDOM — 17.44%,Next PLC,"2,297","1,22,210",,
ESGD,iShares MSCI EAFE ESG Optimized ETF,31/08/17,UNITED KINGDOM — 17.44%,Old Mutual PLC,"78,109","2,08,843",,
ESGD,iShares MSCI EAFE ESG Optimized ETF,31/08/17,UNITED KINGDOM — 17.44%,Pearson PLC,"11,818","92,358",,
ESGD,iShares MSCI EAFE ESG Optimized ETF,31/08/17,UNITED KINGDOM — 17.44%,Prudential PLC,"24,947","5,83,601",,
ESGD,iShares MSCI EAFE ESG Optimized ETF,31/08/17,UNITED KINGDOM — 17.44%,Reckitt Benckiser Group PLC,"5,814","5,49,286",,
ESGD,iShares MSCI EAFE ESG Optimized ETF,31/08/17,UNITED KINGDOM — 17.44%,RELX PLC,"20,995","4,57,468",,
ESGD,iShares MSCI EAFE ESG Optimized ETF,31/08/17,UNITED KINGDOM — 17.44%,Rio Tinto PLC,"12,179","5,87,948",,
ESGD,iShares MSCI EAFE ESG Optimized ETF,31/08/17,UNITED KINGDOM — 17.44%,Rolls-Royce Holdings PLC,"13,357","1,57,310",,
ESGD,iShares MSCI EAFE ESG Optimized ETF,31/08/17,UNITED KINGDOM — 17.44%,Schroders PLC,"6,669","2,89,424",,
ESGD,iShares MSCI EAFE ESG Optimized ETF,31/08/17,UNITED KINGDOM — 17.44%,Segro PLC,"40,014","2,77,393",,
ESGD,iShares MSCI EAFE ESG Optimized ETF,31/08/17,UNITED KINGDOM — 17.44%,Shire PLC,"6,643","3,28,141",,
ESGD,iShares MSCI EAFE ESG Optimized ETF,31/08/17,UNITED KINGDOM — 17.44%,Sky PLC,"14,820","1,82,561",,
ESGD,iShares MSCI EAFE ESG Optimized ETF,31/08/17,UNITED KINGDOM — 17.44%,SSE PLC,"16,378","3,00,730",,
ESGD,iShares MSCI EAFE ESG Optimized ETF,31/08/17,UNITED KINGDOM — 17.44%,Standard Chartered PLC a,"31,122","3,08,787",,
ESGD,iShares MSCI EAFE ESG Optimized ETF,31/08/17,UNITED KINGDOM — 17.44%,Standard Life Aberdeen PLC,"20,501","1,13,486",,
ESGD,iShares MSCI EAFE ESG Optimized ETF,31/08/17,UNITED KINGDOM — 17.44%,Tate & Lyle PLC,"10,982","96,721",,
ESGD,iShares MSCI EAFE ESG Optimized ETF,31/08/17,UNITED KINGDOM — 17.44%,Taylor Wimpey PLC,"43,776","1,13,097",,
ESGD,iShares MSCI EAFE ESG Optimized ETF,31/08/17,UNITED KINGDOM — 17.44%,Tesco PLC a,"87,837","2,04,747",,
ESGD,iShares MSCI EAFE ESG Optimized ETF,31/08/17,UNITED KINGDOM — 17.44%,Travis Perkins PLC,"6,460","1,25,277",,
ESGD,iShares MSCI EAFE ESG Optimized ETF,31/08/17,UNITED KINGDOM — 17.44%,Unilever PLC,"12,426","7,23,561",,
ESGD,iShares MSCI EAFE ESG Optimized ETF,31/08/17,UNITED KINGDOM — 17.44%,United Utilities Group PLC,"13,053","1,53,057",,
ESGD,iShares MSCI EAFE ESG Optimized ETF,31/08/17,UNITED KINGDOM — 17.44%,Vodafone Group PLC,"2,91,023","8,30,245",,
ESGD,iShares MSCI EAFE ESG Optimized ETF,31/08/17,UNITED KINGDOM — 17.44%,Whitbread PLC,"2,660","1,28,807",,
ESGD,iShares MSCI EAFE ESG Optimized ETF,31/08/17,UNITED KINGDOM — 17.44%,Wm Morrison Supermarkets PLC,"36,328","1,15,154",,
ESGD,iShares MSCI EAFE ESG Optimized ETF,31/08/17,UNITED KINGDOM — 17.44%,Worldpay Group PLC b,"15,257","81,980",,
ESGD,iShares MSCI EAFE ESG Optimized ETF,31/08/17,UNITED KINGDOM — 17.44%,WPP PLC,"23,408","4,28,306","2,13,02,072",121079837
ESGE,iShares MSCI Emerging Markets ESG Optimized ETF,31/08/17,BRAZIL — 4.21%,Ambev SA,"64,800","4,09,010",,
ESGE,iShares MSCI Emerging Markets ESG Optimized ETF,31/08/17,BRAZIL — 4.21%,B3 SA – Brasil Bolsa Balcao,"64,400","4,52,741",,
ESGE,iShares MSCI Emerging Markets ESG Optimized ETF,31/08/17,BRAZIL — 4.21%,Banco Bradesco SA,"12,520","1,28,326",,
ESGE,iShares MSCI Emerging Markets ESG Optimized ETF,31/08/17,BRAZIL — 4.21%,Banco do Brasil SA,"22,400","2,18,557",,
ESGE,iShares MSCI Emerging Markets ESG Optimized ETF,31/08/17,BRAZIL — 4.21%,Banco Santander Brasil SA Units,"25,200","2,24,573",,
ESGE,iShares MSCI Emerging Markets ESG Optimized ETF,31/08/17,BRAZIL — 4.21%,Cielo SA,"12,600","89,821",,
ESGE,iShares MSCI Emerging Markets ESG Optimized ETF,31/08/17,BRAZIL — 4.21%,Cosan SA Industria e Comercio,"18,000","2,20,763",,
ESGE,iShares MSCI Emerging Markets ESG Optimized ETF,31/08/17,BRAZIL — 4.21%,CPFL Energia SA,"36,400","3,13,393",,
ESGE,iShares MSCI Emerging Markets ESG Optimized ETF,31/08/17,BRAZIL — 4.21%,Duratex SA,"33,600","91,837",,
ESGE,iShares MSCI Emerging Markets ESG Optimized ETF,31/08/17,BRAZIL — 4.21%,EDP – Energias do Brasil SA,"73,600","3,56,486",,
ESGE,iShares MSCI Emerging Markets ESG Optimized ETF,31/08/17,BRAZIL — 4.21%,Engie Brasil Energia SA,"11,200","1,28,500",,
ESGE,iShares MSCI Emerging Markets ESG Optimized ETF,31/08/17,BRAZIL — 4.21%,Localiza Rent A Car SA,"25,910","4,90,375",,
ESGE,iShares MSCI Emerging Markets ESG Optimized ETF,31/08/17,BRAZIL — 4.21%,Lojas Renner SA,"8,610","83,734",,
ESGE,iShares MSCI Emerging Markets ESG Optimized ETF,31/08/17,BRAZIL — 4.21%,Natura Cosmeticos SA,"31,200","2,92,520",,
ESGE,iShares MSCI Emerging Markets ESG Optimized ETF,31/08/17,BRAZIL — 4.21%,Ultrapar Participacoes SA,"4,400","1,02,713",,
ESGE,iShares MSCI Emerging Markets ESG Optimized ETF,31/08/17,BRAZIL — 4.21%,WEG SA,"73,100","4,75,338","40,78,687",
ESGE,iShares MSCI Emerging Markets ESG Optimized ETF,31/08/17,CHILE — 1.36%,Aguas Andinas SA Series A,"1,23,760","79,045",,
ESGE,iShares MSCI Emerging Markets ESG Optimized ETF,31/08/17,CHILE — 1.36%,Banco de Credito e Inversiones,"4,939","3,20,292",,
ESGE,iShares MSCI Emerging Markets ESG Optimized ETF,31/08/17,CHILE — 1.36%,Banco Santander Chile,"48,77,069","3,56,599",,
ESGE,iShares MSCI Emerging Markets ESG Optimized ETF,31/08/17,CHILE — 1.36%,Cia. Cervecerias Unidas SA,"9,017","1,22,920",,
ESGE,iShares MSCI Emerging Markets ESG Optimized ETF,31/08/17,CHILE — 1.36%,Empresas COPEC SA,"34,559","4,41,160","13,20,016",
ESGE,iShares MSCI Emerging Markets ESG Optimized ETF,31/08/17,CHINA — 27.78%,58.com Inc. ADR a,"1,877","1,17,556",,
ESGE,iShares MSCI Emerging Markets ESG Optimized ETF,31/08/17,CHINA — 27.78%,AAC Technologies Holdings Inc.,"22,000","4,01,127",,
ESGE,iShares MSCI Emerging Markets ESG Optimized ETF,31/08/17,CHINA — 27.78%,Agricultural Bank of China Ltd. Class H,"4,09,000","1,92,312",,
ESGE,iShares MSCI Emerging Markets ESG Optimized ETF,31/08/17,CHINA — 27.78%,Air China Ltd. Class H,"1,44,000","1,28,058",,
ESGE,iShares MSCI Emerging Markets ESG Optimized ETF,31/08/17,CHINA — 27.78%,"Alibaba Group Holding Ltd. ADR a,b","19,657","33,75,893",,
ESGE,iShares MSCI Emerging Markets ESG Optimized ETF,31/08/17,CHINA — 27.78%,"Alibaba Health Information Technology Ltd. a,b","1,96,000","91,408",,
ESGE,iShares MSCI Emerging Markets ESG Optimized ETF,31/08/17,CHINA — 27.78%,Alibaba Pictures Group Ltd. a,"11,20,000","1,96,053",,
ESGE,iShares MSCI Emerging Markets ESG Optimized ETF,31/08/17,CHINA — 27.78%,Aluminum Corp. of China Ltd. Class H a,"2,24,000","1,65,715",,
ESGE,iShares MSCI Emerging Markets ESG Optimized ETF,31/08/17,CHINA — 27.78%,ANTA Sports Products Ltd.,"17,000","66,901",,
ESGE,iShares MSCI Emerging Markets ESG Optimized ETF,31/08/17,CHINA — 27.78%,Baidu Inc. ADR a,"5,074","11,57,126",,
ESGE,iShares MSCI Emerging Markets ESG Optimized ETF,31/08/17,CHINA — 27.78%,Bank of China Ltd. Class H,"9,93,000","5,22,735",,
ESGE,iShares MSCI Emerging Markets ESG Optimized ETF,31/08/17,CHINA — 27.78%,Bank of Communications Co. Ltd. Class H,"2,90,000","2,21,582",,
ESGE,iShares MSCI Emerging Markets ESG Optimized ETF,31/08/17,CHINA — 27.78%,Beijing Enterprises Holdings Ltd.,"22,000","1,22,840",,
ESGE,iShares MSCI Emerging Markets ESG Optimized ETF,31/08/17,CHINA — 27.78%,Beijing Enterprises Water Group Ltd.,"1,96,000","1,66,538",,
ESGE,iShares MSCI Emerging Markets ESG Optimized ETF,31/08/17,CHINA — 27.78%,Brilliance China Automotive Holdings Ltd.,"1,42,000","3,67,408",,
ESGE,iShares MSCI Emerging Markets ESG Optimized ETF,31/08/17,CHINA — 27.78%,Byd Co. Ltd. Class H,"77,000","4,58,471",,
ESGE,iShares MSCI Emerging Markets ESG Optimized ETF,31/08/17,CHINA — 27.78%,China CITIC Bank Corp. Ltd. Class H,"4,20,000","2,77,444",,
ESGE,iShares MSCI Emerging Markets ESG Optimized ETF,31/08/17,CHINA — 27.78%,China Conch Venture Holdings Ltd.,"63,000","1,14,627",,
ESGE,iShares MSCI Emerging Markets ESG Optimized ETF,31/08/17,CHINA — 27.78%,China Construction Bank Corp. Class H,"14,00,000","12,27,121",,
ESGE,iShares MSCI Emerging Markets ESG Optimized ETF,31/08/17,CHINA — 27.78%,China Everbright Bank Co. Ltd. Class H,"7,28,000","3,49,747",,
ESGE,iShares MSCI Emerging Markets ESG Optimized ETF,31/08/17,CHINA — 27.78%,China Everbright International Ltd.,"2,52,000","3,32,933",,
ESGE,iShares MSCI Emerging Markets ESG Optimized ETF,31/08/17,CHINA — 27.78%,China Everbright Ltd.,"88,000","2,01,041",,
ESGE,iShares MSCI Emerging Markets ESG Optimized ETF,31/08/17,CHINA — 27.78%,China Galaxy Securities Co. Ltd. Class H,"2,24,000","2,02,922",,
ESGE,iShares MSCI Emerging Markets ESG Optimized ETF,31/08/17,CHINA — 27.78%,China Life Insurance Co. Ltd. Class H,"98,000","3,14,293",,
ESGE,iShares MSCI Emerging Markets ESG Optimized ETF,31/08/17,CHINA — 27.78%,China Longyuan Power Group Corp. Ltd.,"3,64,000","2,72,542",,
ESGE,iShares MSCI Emerging Markets ESG Optimized ETF,31/08/17,CHINA — 27.78%,China Medical System Holdings Ltd.,"1,26,000","2,31,829",,
ESGE,iShares MSCI Emerging Markets ESG Optimized ETF,31/08/17,CHINA — 27.78%,China Merchants Bank Co. Ltd. Class H,"1,57,000","5,91,775",,
ESGE,iShares MSCI Emerging Markets ESG Optimized ETF,31/08/17,CHINA — 27.78%,China Minsheng Banking Corp. Ltd. Class H,"3,36,000","3,35,294",,
ESGE,iShares MSCI Emerging Markets ESG Optimized ETF,31/08/17,CHINA — 27.78%,China Mobile Ltd.,"62,000","6,57,514",,
ESGE,iShares MSCI Emerging Markets ESG Optimized ETF,31/08/17,CHINA — 27.78%,China Oilfield Services Ltd. Class H,"34,000","27,890",,
ESGE,iShares MSCI Emerging Markets ESG Optimized ETF,31/08/17,CHINA — 27.78%,China Overseas Land & Investment Ltd.,"34,000","1,18,815",,
ESGE,iShares MSCI Emerging Markets ESG Optimized ETF,31/08/17,CHINA — 27.78%,China Pacific Insurance Group Co. Ltd. Class H,"98,600","4,64,248",,
ESGE,iShares MSCI Emerging Markets ESG Optimized ETF,31/08/17,CHINA — 27.78%,China Shenhua Energy Co. Ltd. Class H,"1,29,500","3,33,411",,
ESGE,iShares MSCI Emerging Markets ESG Optimized ETF,31/08/17,CHINA — 27.78%,China Southern Airlines Co. Ltd. Class H,"1,42,000","1,10,857",,
ESGE,iShares MSCI Emerging Markets ESG Optimized ETF,31/08/17,CHINA — 27.78%,China Vanke Co. Ltd. Class H,"78,400","2,34,906",,
ESGE,iShares MSCI Emerging Markets ESG Optimized ETF,31/08/17,CHINA — 27.78%,Chongqing Changan Automobile Co. Ltd. Class B,"72,326","94,630",,
ESGE,iShares MSCI Emerging Markets ESG Optimized ETF,31/08/17,CHINA — 27.78%,CRRC Corp. Ltd. Class H,"2,11,000","1,90,337",,
ESGE,iShares MSCI Emerging Markets ESG Optimized ETF,31/08/17,CHINA — 27.78%,CSPC Pharmaceutical Group Ltd.,"1,44,000","2,24,838",,
ESGE,iShares MSCI Emerging Markets ESG Optimized ETF,31/08/17,CHINA — 27.78%,"Ctrip.com International Ltd. ADR a,b","4,095","2,10,688",,
ESGE,iShares MSCI Emerging Markets ESG Optimized ETF,31/08/17,CHINA — 27.78%,Dongfeng Motor Group Co. Ltd. Class H,"88,000","1,14,238",,
ESGE,iShares MSCI Emerging Markets ESG Optimized ETF,31/08/17,CHINA — 27.78%,Fosun International Ltd.,"49,000","85,022",,
ESGE,iShares MSCI Emerging Markets ESG Optimized ETF,31/08/17,CHINA — 27.78%,"GCL-Poly Energy Holdings Ltd. a,b","8,40,000","94,449",,
ESGE,iShares MSCI Emerging Markets ESG Optimized ETF,31/08/17,CHINA — 27.78%,Geely Automobile Holdings Ltd.,"2,89,000","7,10,457",,
ESGE,iShares MSCI Emerging Markets ESG Optimized ETF,31/08/17,CHINA — 27.78%,Guangzhou Automobile Group Co. Ltd. Class H,"2,24,000","4,41,907",,
ESGE,iShares MSCI Emerging Markets ESG Optimized ETF,31/08/17,CHINA — 27.78%,Haier Electronics Group Co. Ltd.,"44,000","1,16,937",,
ESGE,iShares MSCI Emerging Markets ESG Optimized ETF,31/08/17,CHINA — 27.78%,Huaneng Renewables Corp. Ltd. Class H,"7,28,000","2,23,243",,
ESGE,iShares MSCI Emerging Markets ESG Optimized ETF,31/08/17,CHINA — 27.78%,Industrial & Commercial Bank of China Ltd. Class H,"7,35,000","5,50,326",,
ESGE,iShares MSCI Emerging Markets ESG Optimized ETF,31/08/17,CHINA — 27.78%,JD.com Inc. ADR a,"12,936","5,42,148",,
ESGE,iShares MSCI Emerging Markets ESG Optimized ETF,31/08/17,CHINA — 27.78%,Lenovo Group Ltd.,"5,60,000","3,06,244",,
ESGE,iShares MSCI Emerging Markets ESG Optimized ETF,31/08/17,CHINA — 27.78%,Momo Inc. ADR a,"1,792","69,046",,
ESGE,iShares MSCI Emerging Markets ESG Optimized ETF,31/08/17,CHINA — 27.78%,NetEase Inc. ADR,952,"2,62,600",,
ESGE,iShares MSCI Emerging Markets ESG Optimized ETF,31/08/17,CHINA — 27.78%,New Oriental Education & Technology Group Inc. ADR,"2,128","1,73,964",,
ESGE,iShares MSCI Emerging Markets ESG Optimized ETF,31/08/17,CHINA — 27.78%,People’s Insurance Co. Group of China Ltd. (The) Class H,"6,55,000","3,08,818",,
ESGE,iShares MSCI Emerging Markets ESG Optimized ETF,31/08/17,CHINA — 27.78%,Ping An Insurance Group Co. of China Ltd. Class H,"1,57,000","12,46,740",,
ESGE,iShares MSCI Emerging Markets ESG Optimized ETF,31/08/17,CHINA — 27.78%,Shandong Weigao Group Medical Polymer Co. Ltd. Class H,"68,000","54,303",,
ESGE,iShares MSCI Emerging Markets ESG Optimized ETF,31/08/17,CHINA — 27.78%,Shanghai Fosun Pharmaceutical Group Co. Ltd. Class H,"90,000","3,38,084",,
ESGE,iShares MSCI Emerging Markets ESG Optimized ETF,31/08/17,CHINA — 27.78%,Shanghai Pharmaceuticals Holding Co. Ltd. Class H,"1,10,400","2,71,682",,
ESGE,iShares MSCI Emerging Markets ESG Optimized ETF,31/08/17,CHINA — 27.78%,Shenzhou International Group Holdings Ltd.,"17,000","1,36,192",,
ESGE,iShares MSCI Emerging Markets ESG Optimized ETF,31/08/17,CHINA — 27.78%,Sino-Ocean Group Holding Ltd.,"2,60,000","1,79,392",,
ESGE,iShares MSCI Emerging Markets ESG Optimized ETF,31/08/17,CHINA — 27.78%,Sinopharm Group Co. Ltd. Class H,"67,200","3,03,525",,
ESGE,iShares MSCI Emerging Markets ESG Optimized ETF,31/08/17,CHINA — 27.78%,Sun Art Retail Group Ltd.,"1,57,000","1,44,634",,
ESGE,iShares MSCI Emerging Markets ESG Optimized ETF,31/08/17,CHINA — 27.78%,Tencent Holdings Ltd.,"1,20,400","50,61,247",,
ESGE,iShares MSCI Emerging Markets ESG Optimized ETF,31/08/17,CHINA — 27.78%,"Weibo Corp. ADR a,b","1,484","1,50,032",,
ESGE,iShares MSCI Emerging Markets ESG Optimized ETF,31/08/17,CHINA — 27.78%,Zhejiang Expressway Co. Ltd. Class H,"1,12,000","1,40,099","2,68,96,754",
ESGE,iShares MSCI Emerging Markets ESG Optimized ETF,31/08/17,COLOMBIA — 0.65%,Cementos Argos SA,"1,55,696","6,32,344","6,32,344",
ESGE,iShares MSCI Emerging Markets ESG Optimized ETF,31/08/17,CZECH REPUBLIC — 0.46%,Komercni Banka AS,"9,996","4,39,770","4,39,770",
ESGE,iShares MSCI Emerging Markets ESG Optimized ETF,31/08/17,EGYPT — 0.11%,Global Telecom Holding SAE a,"2,54,828","1,01,585","1,01,585",
ESGE,iShares MSCI Emerging Markets ESG Optimized ETF,31/08/17,GREECE — 0.20%,Hellenic Telecommunications Organization SA,"8,481","1,07,889",,
ESGE,iShares MSCI Emerging Markets ESG Optimized ETF,31/08/17,GREECE — 0.20%,OPAP SA,"7,616","85,023","1,92,912",
ESGE,iShares MSCI Emerging Markets ESG Optimized ETF,31/08/17,HUNGARY — 0.86%,MOL Hungarian Oil & Gas PLC,"9,026","8,36,538","8,36,538",
ESGE,iShares MSCI Emerging Markets ESG Optimized ETF,31/08/17,INDIA — 8.27%,Axis Bank Ltd. GDR c,"26,916","10,37,612",,
ESGE,iShares MSCI Emerging Markets ESG Optimized ETF,31/08/17,INDIA — 8.27%,ICICI Bank Ltd. ADR,"1,29,866","12,16,844",,
ESGE,iShares MSCI Emerging Markets ESG Optimized ETF,31/08/17,INDIA — 8.27%,Infosys Ltd. ADR,"1,16,816","17,52,240",,
ESGE,iShares MSCI Emerging Markets ESG Optimized ETF,31/08/17,INDIA — 8.27%,Mahindra & Mahindra Ltd. GDR,"50,456","10,52,008",,
ESGE,iShares MSCI Emerging Markets ESG Optimized ETF,31/08/17,INDIA — 8.27%,Reliance Industries Ltd. GDR d,"31,640","15,64,598",,
ESGE,iShares MSCI Emerging Markets ESG Optimized ETF,31/08/17,INDIA — 8.27%,Wipro Ltd. ADR,"2,32,960","13,83,782","80,07,084",
ESGE,iShares MSCI Emerging Markets ESG Optimized ETF,31/08/17,INDONESIA — 2.24%,Astra International Tbk PT,"4,12,200","2,43,298",,
ESGE,iShares MSCI Emerging Markets ESG Optimized ETF,31/08/17,INDONESIA — 2.24%,Bank Central Asia Tbk PT,"1,74,200","2,47,421",,
ESGE,iShares MSCI Emerging Markets ESG Optimized ETF,31/08/17,INDONESIA — 2.24%,Bank Mandiri Persero Tbk PT,"4,14,900","4,07,374",,
ESGE,iShares MSCI Emerging Markets ESG Optimized ETF,31/08/17,INDONESIA — 2.24%,Bank Negara Indonesia Persero Tbk PT,"2,12,800","1,17,230",,
ESGE,iShares MSCI Emerging Markets ESG Optimized ETF,31/08/17,INDONESIA — 2.24%,Bank Rakyat Indonesia Persero Tbk PT,"2,64,000","2,99,281",,
ESGE,iShares MSCI Emerging Markets ESG Optimized ETF,31/08/17,INDONESIA — 2.24%,Perusahaan Gas Negara Persero Tbk PT,"5,29,200","84,088",,
ESGE,iShares MSCI Emerging Markets ESG Optimized ETF,31/08/17,INDONESIA — 2.24%,Telekomunikasi Indonesia Persero Tbk PT,"3,75,400","1,31,961",,
ESGE,iShares MSCI Emerging Markets ESG Optimized ETF,31/08/17,INDONESIA — 2.24%,Unilever Indonesia Tbk PT,"60,100","2,27,706",,
ESGE,iShares MSCI Emerging Markets ESG Optimized ETF,31/08/17,INDONESIA — 2.24%,United Tractors Tbk PT,"1,32,000","2,99,775",,
ESGE,iShares MSCI Emerging Markets ESG Optimized ETF,31/08/17,INDONESIA — 2.24%,XL Axiata Tbk PT a,"4,09,500","1,10,493","21,68,627",
ESGE,iShares MSCI Emerging Markets ESG Optimized ETF,31/08/17,MALAYSIA — 2.91%,Astro Malaysia Holdings Bhd,"5,40,400","3,39,134",,
ESGE,iShares MSCI Emerging Markets ESG Optimized ETF,31/08/17,MALAYSIA — 2.91%,Axiata Group Bhd,"1,90,400","2,19,804",,
ESGE,iShares MSCI Emerging Markets ESG Optimized ETF,31/08/17,MALAYSIA — 2.91%,CIMB Group Holdings Bhd,"1,23,900","2,05,412",,
ESGE,iShares MSCI Emerging Markets ESG Optimized ETF,31/08/17,MALAYSIA — 2.91%,DiGi.Com Bhd b,"2,19,100","2,48,318",,
ESGE,iShares MSCI Emerging Markets ESG Optimized ETF,31/08/17,MALAYSIA — 2.91%,Maxis Bhd,"1,10,400","1,49,423",,
ESGE,iShares MSCI Emerging Markets ESG Optimized ETF,31/08/17,MALAYSIA — 2.91%,Petronas Dagangan Bhd,"25,200","1,43,983",,
ESGE,iShares MSCI Emerging Markets ESG Optimized ETF,31/08/17,MALAYSIA — 2.91%,Public Bank Bhd,"1,59,600","7,69,877",,
ESGE,iShares MSCI Emerging Markets ESG Optimized ETF,31/08/17,MALAYSIA — 2.91%,Sime Darby Bhd,"2,55,900","5,39,305",,
ESGE,iShares MSCI Emerging Markets ESG Optimized ETF,31/08/17,MALAYSIA — 2.91%,Telekom Malaysia Bhd,"1,32,000","1,98,750","28,14,006",
ESGE,iShares MSCI Emerging Markets ESG Optimized ETF,31/08/17,MEXICO — 3.25%,Arca Continental SAB de CV,"42,200","3,09,703",,
ESGE,iShares MSCI Emerging Markets ESG Optimized ETF,31/08/17,MEXICO — 3.25%,Cemex SAB de CV CPO a,"2,32,640","2,18,115",,
ESGE,iShares MSCI Emerging Markets ESG Optimized ETF,31/08/17,MEXICO — 3.25%,Coca-Cola Femsa SAB de CV Series L,"84,700","6,96,362",,
ESGE,iShares MSCI Emerging Markets ESG Optimized ETF,31/08/17,MEXICO — 3.25%,Fomento Economico Mexicano SAB de CV,"31,000","3,11,222",,
ESGE,iShares MSCI Emerging Markets ESG Optimized ETF,31/08/17,MEXICO — 3.25%,Gentera SAB de CV,"2,16,400","3,33,049",,
ESGE,iShares MSCI Emerging Markets ESG Optimized ETF,31/08/17,MEXICO — 3.25%,Grupo Financiero Banorte SAB de CV Series O,"76,300","5,21,945",,
ESGE,iShares MSCI Emerging Markets ESG Optimized ETF,31/08/17,MEXICO — 3.25%,Grupo Financiero Santander Mexico SAB de CV Series B,"1,29,300","2,67,193",,
ESGE,iShares MSCI Emerging Markets ESG Optimized ETF,31/08/17,MEXICO — 3.25%,Industrias Penoles SAB de CV,"6,300","1,64,203",,
ESGE,iShares MSCI Emerging Markets ESG Optimized ETF,31/08/17,MEXICO — 3.25%,Infraestructura Energetica Nova SAB de CV,"14,000","76,313",,
ESGE,iShares MSCI Emerging Markets ESG Optimized ETF,31/08/17,MEXICO — 3.25%,Kimberly-Clark de Mexico SAB de CV Series A,"1,26,600","2,49,325","31,47,430",
ESGE,iShares MSCI Emerging Markets ESG Optimized ETF,31/08/17,PHILIPPINES — 0.73%,Aboitiz Equity Ventures Inc.,"50,200","73,039",,
ESGE,iShares MSCI Emerging Markets ESG Optimized ETF,31/08/17,PHILIPPINES — 0.73%,Energy Development Corp.,"14,92,400","1,97,742",,
ESGE,iShares MSCI Emerging Markets ESG Optimized ETF,31/08/17,PHILIPPINES — 0.73%,SM Prime Holdings Inc.,"6,63,700","4,33,214","7,03,995",
ESGE,iShares MSCI Emerging Markets ESG Optimized ETF,31/08/17,POLAND — 1.08%,Bank Millennium SA a,"29,853","62,239",,
ESGE,iShares MSCI Emerging Markets ESG Optimized ETF,31/08/17,POLAND — 1.08%,Bank Zachodni WBK SA,"1,347","1,39,322",,
ESGE,iShares MSCI Emerging Markets ESG Optimized ETF,31/08/17,POLAND — 1.08%,KGHM Polska Miedz SA,"13,137","4,63,585",,
ESGE,iShares MSCI Emerging Markets ESG Optimized ETF,31/08/17,POLAND — 1.08%,mBank SA a,655,"80,285",,
ESGE,iShares MSCI Emerging Markets ESG Optimized ETF,31/08/17,POLAND — 1.08%,Polski Koncern Naftowy ORLEN SA,"9,115","3,00,738","10,46,169",
ESGE,iShares MSCI Emerging Markets ESG Optimized ETF,31/08/17,QATAR — 0.48%,Commercial Bank PQSC (The) a,"23,979","1,96,310",,
ESGE,iShares MSCI Emerging Markets ESG Optimized ETF,31/08/17,QATAR — 0.48%,Ooredoo QSC,"11,212","2,69,704","4,66,014",
ESGE,iShares MSCI Emerging Markets ESG Optimized ETF,31/08/17,RUSSIA — 3.16%,Alrosa PJSC,"1,06,400","1,47,943",,
ESGE,iShares MSCI Emerging Markets ESG Optimized ETF,31/08/17,RUSSIA — 3.16%,Gazprom PJSC,"1,01,210","2,05,156",,
ESGE,iShares MSCI Emerging Markets ESG Optimized ETF,31/08/17,RUSSIA — 3.16%,Gazprom PJSC ADR,"46,606","1,85,958",,
ESGE,iShares MSCI Emerging Markets ESG Optimized ETF,31/08/17,RUSSIA — 3.16%,Inter RAO UES PJSC,"40,60,000","2,70,480",,
ESGE,iShares MSCI Emerging Markets ESG Optimized ETF,31/08/17,RUSSIA — 3.16%,Lukoil PJSC,"1,521","76,737",,
ESGE,iShares MSCI Emerging Markets ESG Optimized ETF,31/08/17,RUSSIA — 3.16%,Lukoil PJSC ADR,"4,598","2,31,049",,
ESGE,iShares MSCI Emerging Markets ESG Optimized ETF,31/08/17,RUSSIA — 3.16%,Magnit PJSC GDR c,"2,940","1,22,863",,
ESGE,iShares MSCI Emerging Markets ESG Optimized ETF,31/08/17,RUSSIA — 3.16%,Novatek PJSC GDR c,"2,999","3,16,994",,
ESGE,iShares MSCI Emerging Markets ESG Optimized ETF,31/08/17,RUSSIA — 3.16%,Novolipetsk Steel PJSC,"56,896","1,34,709",,
ESGE,iShares MSCI Emerging Markets ESG Optimized ETF,31/08/17,RUSSIA — 3.16%,Rosneft Oil Co. PJSC,"2,040","10,735",,
ESGE,iShares MSCI Emerging Markets ESG Optimized ETF,31/08/17,RUSSIA — 3.16%,RusHydro PJSC,"1,10,60,000","1,57,421",,
ESGE,iShares MSCI Emerging Markets ESG Optimized ETF,31/08/17,RUSSIA — 3.16%,Sberbank of Russia PJSC,"73,710","2,33,397",,
ESGE,iShares MSCI Emerging Markets ESG Optimized ETF,31/08/17,RUSSIA — 3.16%,Sberbank of Russia PJSC ADR,"55,371","7,55,814",,
ESGE,iShares MSCI Emerging Markets ESG Optimized ETF,31/08/17,RUSSIA — 3.16%,Tatneft PJSC Class S,"32,270","2,13,374","30,62,630",
ESGE,iShares MSCI Emerging Markets ESG Optimized ETF,31/08/17,SOUTH AFRICA — 7.66%,Barclays Africa Group Ltd.,"23,942","2,73,323",,
ESGE,iShares MSCI Emerging Markets ESG Optimized ETF,31/08/17,SOUTH AFRICA — 7.66%,Coronation Fund Managers Ltd.,"38,808","2,10,051",,
ESGE,iShares MSCI Emerging Markets ESG Optimized ETF,31/08/17,SOUTH AFRICA — 7.66%,Exxaro Resources Ltd.,"12,555","1,26,415",,
ESGE,iShares MSCI Emerging Markets ESG Optimized ETF,31/08/17,SOUTH AFRICA — 7.66%,FirstRand Ltd.,"75,516","3,22,632",,
ESGE,iShares MSCI Emerging Markets ESG Optimized ETF,31/08/17,SOUTH AFRICA — 7.66%,Foschini Group Ltd. (The),"4,508","53,160",,
ESGE,iShares MSCI Emerging Markets ESG Optimized ETF,31/08/17,SOUTH AFRICA — 7.66%,Gold Fields Ltd.,"47,103","2,10,192",,
ESGE,iShares MSCI Emerging Markets ESG Optimized ETF,31/08/17,SOUTH AFRICA — 7.66%,Imperial Holdings Ltd.,"14,560","2,33,699",,
ESGE,iShares MSCI Emerging Markets ESG Optimized ETF,31/08/17,SOUTH AFRICA — 7.66%,Investec Ltd.,"90,754","6,91,748",,
ESGE,iShares MSCI Emerging Markets ESG Optimized ETF,31/08/17,SOUTH AFRICA — 7.66%,Massmart Holdings Ltd.,"8,344","78,102",,
ESGE,iShares MSCI Emerging Markets ESG Optimized ETF,31/08/17,SOUTH AFRICA — 7.66%,Mondi Ltd.,"10,732","2,92,891",,
ESGE,iShares MSCI Emerging Markets ESG Optimized ETF,31/08/17,SOUTH AFRICA — 7.66%,Mr. Price Group Ltd.,"11,900","1,65,945",,
ESGE,iShares MSCI Emerging Markets ESG Optimized ETF,31/08/17,SOUTH AFRICA — 7.66%,MTN Group Ltd.,"20,593","2,04,750",,
ESGE,iShares MSCI Emerging Markets ESG Optimized ETF,31/08/17,SOUTH AFRICA — 7.66%,Naspers Ltd. Class N,"7,984","18,06,556",,
ESGE,iShares MSCI Emerging Markets ESG Optimized ETF,31/08/17,SOUTH AFRICA — 7.66%,Nedbank Group Ltd.,"5,280","89,318",,
ESGE,iShares MSCI Emerging Markets ESG Optimized ETF,31/08/17,SOUTH AFRICA — 7.66%,NEPI Rockcastle PLC a,"13,243","1,92,060",,
ESGE,iShares MSCI Emerging Markets ESG Optimized ETF,31/08/17,SOUTH AFRICA — 7.66%,Netcare Ltd.,"92,484","1,71,555",,
ESGE,iShares MSCI Emerging Markets ESG Optimized ETF,31/08/17,SOUTH AFRICA — 7.66%,RMB Holdings Ltd.,"16,049","82,051",,
ESGE,iShares MSCI Emerging Markets ESG Optimized ETF,31/08/17,SOUTH AFRICA — 7.66%,Sanlam Ltd.,"58,889","3,25,311",,
ESGE,iShares MSCI Emerging Markets ESG Optimized ETF,31/08/17,SOUTH AFRICA — 7.66%,Sasol Ltd.,"9,753","2,94,057",,
ESGE,iShares MSCI Emerging Markets ESG Optimized ETF,31/08/17,SOUTH AFRICA — 7.66%,SPAR Group Ltd. (The),287,"3,733",,
ESGE,iShares MSCI Emerging Markets ESG Optimized ETF,31/08/17,SOUTH AFRICA — 7.66%,Standard Bank Group Ltd.,"39,822","5,12,975",,
ESGE,iShares MSCI Emerging Markets ESG Optimized ETF,31/08/17,SOUTH AFRICA — 7.66%,Vodacom Group Ltd.,"62,952","8,79,512",,
ESGE,iShares MSCI Emerging Markets ESG Optimized ETF,31/08/17,SOUTH AFRICA — 7.66%,Woolworths Holdings Ltd./South Africa,"42,644","1,94,691","74,14,727",
ESGE,iShares MSCI Emerging Markets ESG Optimized ETF,31/08/17,SOUTH KOREA — 13.67%,AmorePacific Corp.,925,"2,36,254",,
ESGE,iShares MSCI Emerging Markets ESG Optimized ETF,31/08/17,SOUTH KOREA — 13.67%,AmorePacific Group,"1,607","1,90,970",,
ESGE,iShares MSCI Emerging Markets ESG Optimized ETF,31/08/17,SOUTH KOREA — 13.67%,BNK Financial Group Inc.,"17,612","1,54,003",,
ESGE,iShares MSCI Emerging Markets ESG Optimized ETF,31/08/17,SOUTH KOREA — 13.67%,CJ CheilJedang Corp.,449,"1,44,344",,
ESGE,iShares MSCI Emerging Markets ESG Optimized ETF,31/08/17,SOUTH KOREA — 13.67%,DGB Financial Group Inc.,"25,093","2,44,788",,
ESGE,iShares MSCI Emerging Markets ESG Optimized ETF,31/08/17,SOUTH KOREA — 13.67%,Doosan Heavy Industries & Construction Co. Ltd.,"5,124","81,795",,
ESGE,iShares MSCI Emerging Markets ESG Optimized ETF,31/08/17,SOUTH KOREA — 13.67%,GS Engineering & Construction Corp. a,"2,072","52,370",,
ESGE,iShares MSCI Emerging Markets ESG Optimized ETF,31/08/17,SOUTH KOREA — 13.67%,GS Holdings Corp.,"5,837","3,65,460",,
ESGE,iShares MSCI Emerging Markets ESG Optimized ETF,31/08/17,SOUTH KOREA — 13.67%,Hana Financial Group Inc.,"5,862","2,54,734",,
ESGE,iShares MSCI Emerging Markets ESG Optimized ETF,31/08/17,SOUTH KOREA — 13.67%,Hankook Tire Co. Ltd.,"4,773","2,49,740",,
ESGE,iShares MSCI Emerging Markets ESG Optimized ETF,31/08/17,SOUTH KOREA — 13.67%,Hanwha Chemical Corp.,"4,037","1,26,559",,
ESGE,iShares MSCI Emerging Markets ESG Optimized ETF,31/08/17,SOUTH KOREA — 13.67%,Hyosung Corp.,996,"1,40,002",,
ESGE,iShares MSCI Emerging Markets ESG Optimized ETF,31/08/17,SOUTH KOREA — 13.67%,Hyundai Heavy Industries Co. Ltd. a,784,"1,03,249",,
ESGE,iShares MSCI Emerging Markets ESG Optimized ETF,31/08/17,SOUTH KOREA — 13.67%,Hyundai Marine & Fire Insurance Co. Ltd.,"3,640","1,49,138",,
ESGE,iShares MSCI Emerging Markets ESG Optimized ETF,31/08/17,SOUTH KOREA — 13.67%,Hyundai Motor Co.,206,"25,668",,
ESGE,iShares MSCI Emerging Markets ESG Optimized ETF,31/08/17,SOUTH KOREA — 13.67%,Kangwon Land Inc.,"8,232","2,51,866",,
ESGE,iShares MSCI Emerging Markets ESG Optimized ETF,31/08/17,SOUTH KOREA — 13.67%,KB Financial Group Inc.,"6,020","2,95,768",,
ESGE,iShares MSCI Emerging Markets ESG Optimized ETF,31/08/17,SOUTH KOREA — 13.67%,LG Chem Ltd.,"1,820","6,11,724",,
ESGE,iShares MSCI Emerging Markets ESG Optimized ETF,31/08/17,SOUTH KOREA — 13.67%,LG Corp.,"5,656","4,21,341",,
ESGE,iShares MSCI Emerging Markets ESG Optimized ETF,31/08/17,SOUTH KOREA — 13.67%,LG Display Co. Ltd.,"13,496","3,72,828",,
ESGE,iShares MSCI Emerging Markets ESG Optimized ETF,31/08/17,SOUTH KOREA — 13.67%,LG Electronics Inc.,"4,984","3,60,231",,
ESGE,iShares MSCI Emerging Markets ESG Optimized ETF,31/08/17,SOUTH KOREA — 13.67%,LG Household & Health Care Ltd.,343,"2,92,018",,
ESGE,iShares MSCI Emerging Markets ESG Optimized ETF,31/08/17,SOUTH KOREA — 13.67%,LG Innotek Co. Ltd.,"1,906","3,11,863",,
ESGE,iShares MSCI Emerging Markets ESG Optimized ETF,31/08/17,SOUTH KOREA — 13.67%,NAVER Corp.,420,"2,81,217",,
ESGE,iShares MSCI Emerging Markets ESG Optimized ETF,31/08/17,SOUTH KOREA — 13.67%,NCsoft Corp.,308,"1,05,025",,
ESGE,iShares MSCI Emerging Markets ESG Optimized ETF,31/08/17,SOUTH KOREA — 13.67%,POSCO,"2,016","6,14,133",,
ESGE,iShares MSCI Emerging Markets ESG Optimized ETF,31/08/17,SOUTH KOREA — 13.67%,S-Oil Corp.,"3,057","3,40,239",,
ESGE,iShares MSCI Emerging Markets ESG Optimized ETF,31/08/17,SOUTH KOREA — 13.67%,Samsung C&T Corp.,969,"1,10,856",,
ESGE,iShares MSCI Emerging Markets ESG Optimized ETF,31/08/17,SOUTH KOREA — 13.67%,Samsung Card Co. Ltd.,"4,490","1,47,729",,
ESGE,iShares MSCI Emerging Markets ESG Optimized ETF,31/08/17,SOUTH KOREA — 13.67%,Samsung Electro-Mechanics Co. Ltd.,"2,272","2,03,505",,
ESGE,iShares MSCI Emerging Markets ESG Optimized ETF,31/08/17,SOUTH KOREA — 13.67%,Samsung Electronics Co. Ltd.,"1,889","38,79,854",,
ESGE,iShares MSCI Emerging Markets ESG Optimized ETF,31/08/17,SOUTH KOREA — 13.67%,Samsung Fire & Marine Insurance Co. Ltd.,"1,104","2,70,713",,
ESGE,iShares MSCI Emerging Markets ESG Optimized ETF,31/08/17,SOUTH KOREA — 13.67%,Samsung SDI Co. Ltd.,"1,517","2,64,358",,
ESGE,iShares MSCI Emerging Markets ESG Optimized ETF,31/08/17,SOUTH KOREA — 13.67%,Samsung SDS Co. Ltd.,601,"89,276",,
ESGE,iShares MSCI Emerging Markets ESG Optimized ETF,31/08/17,SOUTH KOREA — 13.67%,Shinhan Financial Group Co. Ltd.,"18,032","8,31,557",,
ESGE,iShares MSCI Emerging Markets ESG Optimized ETF,31/08/17,SOUTH KOREA — 13.67%,SK Hynix Inc.,"7,349","4,47,092",,
ESGE,iShares MSCI Emerging Markets ESG Optimized ETF,31/08/17,SOUTH KOREA — 13.67%,SK Telecom Co. Ltd.,925,"2,07,953","1,32,30,220",
ESGE,iShares MSCI Emerging Markets ESG Optimized ETF,31/08/17,TAIWAN — 11.46%,Acer Inc.,"5,77,000","2,90,613",,
ESGE,iShares MSCI Emerging Markets ESG Optimized ETF,31/08/17,TAIWAN — 11.46%,Advanced Semiconductor Engineering Inc.,"2,60,372","3,14,044",,
ESGE,iShares MSCI Emerging Markets ESG Optimized ETF,31/08/17,TAIWAN — 11.46%,AU Optronics Corp.,"2,06,000","84,642",,
ESGE,iShares MSCI Emerging Markets ESG Optimized ETF,31/08/17,TAIWAN — 11.46%,Cathay Financial Holding Co. Ltd.,"1,40,000","2,28,470",,
ESGE,iShares MSCI Emerging Markets ESG Optimized ETF,31/08/17,TAIWAN — 11.46%,Chailease Holding Co. Ltd.,"98,000","2,66,927",,
ESGE,iShares MSCI Emerging Markets ESG Optimized ETF,31/08/17,TAIWAN — 11.46%,China Steel Corp.,"5,32,000","4,45,992",,
ESGE,iShares MSCI Emerging Markets ESG Optimized ETF,31/08/17,TAIWAN — 11.46%,Chunghwa Telecom Co. Ltd.,"2,87,000","9,98,542",,
ESGE,iShares MSCI Emerging Markets ESG Optimized ETF,31/08/17,TAIWAN — 11.46%,Delta Electronics Inc.,"44,000","2,41,294",,
ESGE,iShares MSCI Emerging Markets ESG Optimized ETF,31/08/17,TAIWAN — 11.46%,EVA Airways Corp.,"2,31,441","1,20,402",,
ESGE,iShares MSCI Emerging Markets ESG Optimized ETF,31/08/17,TAIWAN — 11.46%,Far Eastern New Century Corp.,"4,20,000","3,36,095",,
ESGE,iShares MSCI Emerging Markets ESG Optimized ETF,31/08/17,TAIWAN — 11.46%,Fubon Financial Holding Co. Ltd.,"4,48,000","7,19,971",,
ESGE,iShares MSCI Emerging Markets ESG Optimized ETF,31/08/17,TAIWAN — 11.46%,Hiwin Technologies Corp.,"17,380","1,54,053",,
ESGE,iShares MSCI Emerging Markets ESG Optimized ETF,31/08/17,TAIWAN — 11.46%,Hotai Motor Co. Ltd.,"17,000","2,00,255",,
ESGE,iShares MSCI Emerging Markets ESG Optimized ETF,31/08/17,TAIWAN — 11.46%,Innolux Corp.,"2,06,000","1,00,341",,
ESGE,iShares MSCI Emerging Markets ESG Optimized ETF,31/08/17,TAIWAN — 11.46%,Inventec Corp.,"2,06,000","1,63,481",,
ESGE,iShares MSCI Emerging Markets ESG Optimized ETF,31/08/17,TAIWAN — 11.46%,Lite-On Technology Corp.,"1,80,039","2,66,369",,
ESGE,iShares MSCI Emerging Markets ESG Optimized ETF,31/08/17,TAIWAN — 11.46%,MediaTek Inc.,"17,000","1,52,374",,
ESGE,iShares MSCI Emerging Markets ESG Optimized ETF,31/08/17,TAIWAN — 11.46%,Micro-Star International Co. Ltd.,"38,000","86,504",,
ESGE,iShares MSCI Emerging Markets ESG Optimized ETF,31/08/17,TAIWAN — 11.46%,President Chain Store Corp.,"72,000","6,02,406",,
ESGE,iShares MSCI Emerging Markets ESG Optimized ETF,31/08/17,TAIWAN — 11.46%,Siliconware Precision Industries Co. Ltd.,"1,25,000","1,97,985",,
ESGE,iShares MSCI Emerging Markets ESG Optimized ETF,31/08/17,TAIWAN — 11.46%,Taiwan Business Bank,"7,59,400","2,09,861",,
ESGE,iShares MSCI Emerging Markets ESG Optimized ETF,31/08/17,TAIWAN — 11.46%,Taiwan Mobile Co. Ltd.,"1,25,000","4,47,331",,
ESGE,iShares MSCI Emerging Markets ESG Optimized ETF,31/08/17,TAIWAN — 11.46%,Taiwan Semiconductor Manufacturing Co. Ltd.,"5,88,000","42,18,231",,
ESGE,iShares MSCI Emerging Markets ESG Optimized ETF,31/08/17,TAIWAN — 11.46%,Wistron Corp.,"2,66,529","2,51,701","1,10,97,884",
ESGE,iShares MSCI Emerging Markets ESG Optimized ETF,31/08/17,THAILAND — 3.02%,BTS Group Holdings PCL NVDR,"21,61,600","5,63,103",,
ESGE,iShares MSCI Emerging Markets ESG Optimized ETF,31/08/17,THAILAND — 3.02%,Kasikornbank PCL NVDR,"78,400","4,74,579",,
ESGE,iShares MSCI Emerging Markets ESG Optimized ETF,31/08/17,THAILAND — 3.02%,Minor International PCL NVDR,"3,92,300","4,69,626",,
ESGE,iShares MSCI Emerging Markets ESG Optimized ETF,31/08/17,THAILAND — 3.02%,PTT Exploration & Production PCL NVDR,"60,100","1,58,372",,
ESGE,iShares MSCI Emerging Markets ESG Optimized ETF,31/08/17,THAILAND — 3.02%,PTT PCL NVDR,"31,400","3,77,311",,
ESGE,iShares MSCI Emerging Markets ESG Optimized ETF,31/08/17,THAILAND — 3.02%,Siam Cement PCL (The) Foreign,"4,400","66,255",,
ESGE,iShares MSCI Emerging Markets ESG Optimized ETF,31/08/17,THAILAND — 3.02%,Siam Cement PCL (The) NVDR,"39,200","5,90,272",,
ESGE,iShares MSCI Emerging Markets ESG Optimized ETF,31/08/17,THAILAND — 3.02%,Siam Commercial Bank PCL (The) NVDR,"49,300","2,23,450","29,22,968",
ESGE,iShares MSCI Emerging Markets ESG Optimized ETF,31/08/17,TURKEY — 1.04%,Anadolu Efes Biracilik ve Malt Sanayii AS,"17,052","1,04,706",,
ESGE,iShares MSCI Emerging Markets ESG Optimized ETF,31/08/17,TURKEY — 1.04%,Arcelik AS,"63,318","4,40,148",,
ESGE,iShares MSCI Emerging Markets ESG Optimized ETF,31/08/17,TURKEY — 1.04%,Coca-Cola Icecek AS,"11,487","1,33,550",,
ESGE,iShares MSCI Emerging Markets ESG Optimized ETF,31/08/17,TURKEY — 1.04%,KOC Holding AS,"42,840","2,23,844",,
ESGE,iShares MSCI Emerging Markets ESG Optimized ETF,31/08/17,TURKEY — 1.04%,Ulker Biskuvi Sanayi AS,"17,276","1,03,279","10,05,527",
ESGE,iShares MSCI Emerging Markets ESG Optimized ETF,31/08/17,UNITED ARAB EMIRATES — 0.60%,Abu Dhabi Commercial Bank PJSC,"1,46,496","2,91,150",,
ESGE,iShares MSCI Emerging Markets ESG Optimized ETF,31/08/17,UNITED ARAB EMIRATES — 0.60%,First Abu Dhabi Bank PJSC,"1,01,040","2,86,084","5,77,234",92163121
ESGU,MSCI USA ESG OPTIMIZED ETF,31/08/17,AEROSPACE & DEFENSE — 1.88%,Northrop Grumman Corp.,155,"42,193",,
ESGU,MSCI USA ESG OPTIMIZED ETF,31/08/17,AEROSPACE & DEFENSE — 1.88%,Raytheon Co.,252,"45,866",,
ESGU,MSCI USA ESG OPTIMIZED ETF,31/08/17,AEROSPACE & DEFENSE — 1.88%,Rockwell Collins Inc.,363,"47,571",,
ESGU,MSCI USA ESG OPTIMIZED ETF,31/08/17,AEROSPACE & DEFENSE — 1.88%,United Technologies Corp.,564,"67,522","2,03,152",
ESGU,MSCI USA ESG OPTIMIZED ETF,31/08/17,AIR FREIGHT & LOGISTICS — 0.95%,Expeditors International of Washington Inc.,471,"26,423",,
ESGU,MSCI USA ESG OPTIMIZED ETF,31/08/17,AIR FREIGHT & LOGISTICS — 0.95%,FedEx Corp.,60,"12,863",,
ESGU,MSCI USA ESG OPTIMIZED ETF,31/08/17,AIR FREIGHT & LOGISTICS — 0.95%,United Parcel Service Inc. Class B,559,"63,927","1,03,213",
ESGU,MSCI USA ESG OPTIMIZED ETF,31/08/17,AIRLINES — 0.21%,Delta Air Lines Inc.,238,"11,231",,
ESGU,MSCI USA ESG OPTIMIZED ETF,31/08/17,AIRLINES — 0.21%,Southwest Airlines Co.,213,"11,106","22,337",
ESGU,MSCI USA ESG OPTIMIZED ETF,31/08/17,AUTOMOBILES — 0.34%,Tesla Inc. a,102,"36,302","36,302",
ESGU,MSCI USA ESG OPTIMIZED ETF,31/08/17,BANKS — 5.85%,Bank of America Corp.,"5,023","1,19,999",,
ESGU,MSCI USA ESG OPTIMIZED ETF,31/08/17,BANKS — 5.85%,BB&T Corp.,351,"16,177",,
ESGU,MSCI USA ESG OPTIMIZED ETF,31/08/17,BANKS — 5.85%,Citigroup Inc.,"1,490","1,01,365",,
ESGU,MSCI USA ESG OPTIMIZED ETF,31/08/17,BANKS — 5.85%,Citizens Financial Group Inc.,428,"14,180",,
ESGU,MSCI USA ESG OPTIMIZED ETF,31/08/17,BANKS — 5.85%,Comerica Inc.,343,"23,410",,
ESGU,MSCI USA ESG OPTIMIZED ETF,31/08/17,BANKS — 5.85%,Fifth Third Bancorp.,494,"12,908",,
ESGU,MSCI USA ESG OPTIMIZED ETF,31/08/17,BANKS — 5.85%,First Republic Bank/CA,118,"11,452",,
ESGU,MSCI USA ESG OPTIMIZED ETF,31/08/17,BANKS — 5.85%,JPMorgan Chase & Co.,"1,769","1,60,784",,
ESGU,MSCI USA ESG OPTIMIZED ETF,31/08/17,BANKS — 5.85%,KeyCorp,"1,289","22,184",,
ESGU,MSCI USA ESG OPTIMIZED ETF,31/08/17,BANKS — 5.85%,M&T Bank Corp.,93,"13,751",,
ESGU,MSCI USA ESG OPTIMIZED ETF,31/08/17,BANKS — 5.85%,People’s United Financial Inc.,"1,640","27,388",,
ESGU,MSCI USA ESG OPTIMIZED ETF,31/08/17,BANKS — 5.85%,PNC Financial Services Group Inc. (The) b,453,"56,811",,
ESGU,MSCI USA ESG OPTIMIZED ETF,31/08/17,BANKS — 5.85%,Regions Financial Corp.,"1,139","16,071",,
ESGU,MSCI USA ESG OPTIMIZED ETF,31/08/17,BANKS — 5.85%,SVB Financial Group a,100,"16,934",,
ESGU,MSCI USA ESG OPTIMIZED ETF,31/08/17,BANKS — 5.85%,U.S. Bancorp.,384,"19,680","6,33,094",
ESGU,MSCI USA ESG OPTIMIZED ETF,31/08/17,BEVERAGES — 2.35%,Coca-Cola Co. (The),"2,466","1,12,326",,
ESGU,MSCI USA ESG OPTIMIZED ETF,31/08/17,BEVERAGES — 2.35%,Molson Coors Brewing Co. Class B,224,"20,104",,
ESGU,MSCI USA ESG OPTIMIZED ETF,31/08/17,BEVERAGES — 2.35%,PepsiCo Inc.,"1,055","1,22,095","2,54,525",
ESGU,MSCI USA ESG OPTIMIZED ETF,31/08/17,BIOTECHNOLOGY — 3.25%,AbbVie Inc.,844,"63,553",,
ESGU,MSCI USA ESG OPTIMIZED ETF,31/08/17,BIOTECHNOLOGY — 3.25%,Alexion Pharmaceuticals Inc. a,85,"12,105",,
ESGU,MSCI USA ESG OPTIMIZED ETF,31/08/17,BIOTECHNOLOGY — 3.25%,Amgen Inc.,362,"64,353",,
ESGU,MSCI USA ESG OPTIMIZED ETF,31/08/17,BIOTECHNOLOGY — 3.25%,Biogen Inc. a,139,"44,002",,
ESGU,MSCI USA ESG OPTIMIZED ETF,31/08/17,BIOTECHNOLOGY — 3.25%,Celgene Corp. a,392,"54,461",,
ESGU,MSCI USA ESG OPTIMIZED ETF,31/08/17,BIOTECHNOLOGY — 3.25%,Gilead Sciences Inc.,727,"60,857",,
ESGU,MSCI USA ESG OPTIMIZED ETF,31/08/17,BIOTECHNOLOGY — 3.25%,Incyte Corp. a,94,"12,916",,
ESGU,MSCI USA ESG OPTIMIZED ETF,31/08/17,BIOTECHNOLOGY — 3.25%,Regeneron Pharmaceuticals Inc. a,24,"11,926",,
ESGU,MSCI USA ESG OPTIMIZED ETF,31/08/17,BIOTECHNOLOGY — 3.25%,Vertex Pharmaceuticals Inc. a,176,"28,255","3,52,428",
ESGU,MSCI USA ESG OPTIMIZED ETF,31/08/17,BUILDING PRODUCTS — 0.70%,Allegion PLC,254,"19,992",,
ESGU,MSCI USA ESG OPTIMIZED ETF,31/08/17,BUILDING PRODUCTS — 0.70%,Johnson Controls International PLC,"1,061","42,005",,
ESGU,MSCI USA ESG OPTIMIZED ETF,31/08/17,BUILDING PRODUCTS — 0.70%,Masco Corp.,382,"14,046","76,043",
ESGU,MSCI USA ESG OPTIMIZED ETF,31/08/17,CAPITAL MARKETS — 3.97%,Ameriprise Financial Inc.,88,"12,189",,
ESGU,MSCI USA ESG OPTIMIZED ETF,31/08/17,CAPITAL MARKETS — 3.97%,Bank of New York Mellon Corp. (The),836,"43,706",,
ESGU,MSCI USA ESG OPTIMIZED ETF,31/08/17,CAPITAL MARKETS — 3.97%,BlackRock Inc. b,166,"69,556",,
ESGU,MSCI USA ESG OPTIMIZED ETF,31/08/17,CAPITAL MARKETS — 3.97%,Charles Schwab Corp. (The),495,"19,750",,
ESGU,MSCI USA ESG OPTIMIZED ETF,31/08/17,CAPITAL MARKETS — 3.97%,CME Group Inc.,182,"22,896",,
ESGU,MSCI USA ESG OPTIMIZED ETF,31/08/17,CAPITAL MARKETS — 3.97%,Franklin Resources Inc.,471,"20,361",,
ESGU,MSCI USA ESG OPTIMIZED ETF,31/08/17,CAPITAL MARKETS — 3.97%,Goldman Sachs Group Inc. (The),224,"50,118",,
ESGU,MSCI USA ESG OPTIMIZED ETF,31/08/17,CAPITAL MARKETS — 3.97%,Moody’s Corp.,136,"18,228",,
ESGU,MSCI USA ESG OPTIMIZED ETF,31/08/17,CAPITAL MARKETS — 3.97%,Morgan Stanley,990,"45,045",,
ESGU,MSCI USA ESG OPTIMIZED ETF,31/08/17,CAPITAL MARKETS — 3.97%,Northern Trust Corp.,379,"33,541",,
ESGU,MSCI USA ESG OPTIMIZED ETF,31/08/17,CAPITAL MARKETS — 3.97%,S&P Global Inc.,187,"28,860",,
ESGU,MSCI USA ESG OPTIMIZED ETF,31/08/17,CAPITAL MARKETS — 3.97%,State Street Corp.,439,"40,603",,
ESGU,MSCI USA ESG OPTIMIZED ETF,31/08/17,CAPITAL MARKETS — 3.97%,T Rowe Price Group Inc.,147,"12,401",,
ESGU,MSCI USA ESG OPTIMIZED ETF,31/08/17,CAPITAL MARKETS — 3.97%,TD Ameritrade Holding Corp.,296,"12,823","4,30,077",
ESGU,MSCI USA ESG OPTIMIZED ETF,31/08/17,CHEMICALS — 2.39%,Axalta Coating Systems Ltd. a,438,"12,930",,
ESGU,MSCI USA ESG OPTIMIZED ETF,31/08/17,CHEMICALS — 2.39%,Dow Chemical Co. (The),990,"65,983",,
ESGU,MSCI USA ESG OPTIMIZED ETF,31/08/17,CHEMICALS — 2.39%,Ecolab Inc.,664,"88,511",,
ESGU,MSCI USA ESG OPTIMIZED ETF,31/08/17,CHEMICALS — 2.39%,International Flavors & Fragrances Inc.,175,"23,949",,
ESGU,MSCI USA ESG OPTIMIZED ETF,31/08/17,CHEMICALS — 2.39%,Mosaic Co. (The),601,"12,008",,
ESGU,MSCI USA ESG OPTIMIZED ETF,31/08/17,CHEMICALS — 2.39%,PPG Industries Inc.,180,"18,778",,
ESGU,MSCI USA ESG OPTIMIZED ETF,31/08/17,CHEMICALS — 2.39%,Praxair Inc.,144,"18,942",,
ESGU,MSCI USA ESG OPTIMIZED ETF,31/08/17,CHEMICALS — 2.39%,Sherwin-Williams Co. (The),52,"17,642","2,58,743",
ESGU,MSCI USA ESG OPTIMIZED ETF,31/08/17,COMMUNICATIONS EQUIPMENT — 1.11%,Cisco Systems Inc.,"3,022","97,339",,
ESGU,MSCI USA ESG OPTIMIZED ETF,31/08/17,COMMUNICATIONS EQUIPMENT — 1.11%,Motorola Solutions Inc.,260,"22,911","1,20,250",
ESGU,MSCI USA ESG OPTIMIZED ETF,31/08/17,CONSTRUCTION & ENGINEERING — 0.13%,Fluor Corp.,361,"13,924","13,924",
ESGU,MSCI USA ESG OPTIMIZED ETF,31/08/17,CONSUMER FINANCE — 0.77%,Ally Financial Inc.,615,"13,899",,
ESGU,MSCI USA ESG OPTIMIZED ETF,31/08/17,CONSUMER FINANCE — 0.77%,American Express Co.,675,"58,118",,
ESGU,MSCI USA ESG OPTIMIZED ETF,31/08/17,CONSUMER FINANCE — 0.77%,Discover Financial Services,191,"11,259","83,276",
ESGU,MSCI USA ESG OPTIMIZED ETF,31/08/17,CONTAINERS & PACKAGING — 0.14%,WestRock Co.,266,"15,138","15,138",
ESGU,MSCI USA ESG OPTIMIZED ETF,31/08/17,DISTRIBUTORS — 0.12%,LKQ Corp. a,384,"13,306","13,306",
ESGU,MSCI USA ESG OPTIMIZED ETF,31/08/17,DIVERSIFIED FINANCIAL SERVICES — 1.02%,Berkshire Hathaway Inc. Class B a,546,"98,913",,
ESGU,MSCI USA ESG OPTIMIZED ETF,31/08/17,DIVERSIFIED FINANCIAL SERVICES — 1.02%,Voya Financial Inc.,309,"11,813","1,10,726",
ESGU,MSCI USA ESG OPTIMIZED ETF,31/08/17,DIVERSIFIED TELECOMMUNICATION SERVICES — 1.88%,AT&T Inc.,"2,293","85,896",,
ESGU,MSCI USA ESG OPTIMIZED ETF,31/08/17,DIVERSIFIED TELECOMMUNICATION SERVICES — 1.88%,CenturyLink Inc.,593,"11,694",,
ESGU,MSCI USA ESG OPTIMIZED ETF,31/08/17,DIVERSIFIED TELECOMMUNICATION SERVICES — 1.88%,Level 3 Communications Inc. a,240,"13,063",,
ESGU,MSCI USA ESG OPTIMIZED ETF,31/08/17,DIVERSIFIED TELECOMMUNICATION SERVICES — 1.88%,Verizon Communications Inc.,"1,945","93,302","2,03,955",
ESGU,MSCI USA ESG OPTIMIZED ETF,31/08/17,ELECTRIC UTILITIES — 2.83%,American Electric Power Co. Inc.,412,"30,335",,
ESGU,MSCI USA ESG OPTIMIZED ETF,31/08/17,ELECTRIC UTILITIES — 2.83%,Duke Energy Corp.,267,"23,309",,
ESGU,MSCI USA ESG OPTIMIZED ETF,31/08/17,ELECTRIC UTILITIES — 2.83%,Edison International,352,"28,223",,
ESGU,MSCI USA ESG OPTIMIZED ETF,31/08/17,ELECTRIC UTILITIES — 2.83%,Eversource Energy,684,"43,092",,
ESGU,MSCI USA ESG OPTIMIZED ETF,31/08/17,ELECTRIC UTILITIES — 2.83%,Exelon Corp.,"1,072","40,597",,
ESGU,MSCI USA ESG OPTIMIZED ETF,31/08/17,ELECTRIC UTILITIES — 2.83%,NextEra Energy Inc.,520,"78,265",,
ESGU,MSCI USA ESG OPTIMIZED ETF,31/08/17,ELECTRIC UTILITIES — 2.83%,Southern Co. (The),487,"23,503",,
ESGU,MSCI USA ESG OPTIMIZED ETF,31/08/17,ELECTRIC UTILITIES — 2.83%,Xcel Energy Inc.,792,"39,204","3,06,528",
ESGU,MSCI USA ESG OPTIMIZED ETF,31/08/17,ELECTRICAL EQUIPMENT — 0.46%,Acuity Brands Inc.,66,"11,668",,
ESGU,MSCI USA ESG OPTIMIZED ETF,31/08/17,ELECTRICAL EQUIPMENT — 0.46%,Eaton Corp. PLC,216,"15,500",,
ESGU,MSCI USA ESG OPTIMIZED ETF,31/08/17,ELECTRICAL EQUIPMENT — 0.46%,Rockwell Automation Inc.,135,"22,148","49,316",
ESGU,MSCI USA ESG OPTIMIZED ETF,31/08/17,"ELECTRONIC EQUIPMENT, INSTRUMENTS & COMPONENTS — 0.68%",Corning Inc.,870,"25,021",,
ESGU,MSCI USA ESG OPTIMIZED ETF,31/08/17,"ELECTRONIC EQUIPMENT, INSTRUMENTS & COMPONENTS — 0.68%",Flex Ltd. a,734,"11,942",,
ESGU,MSCI USA ESG OPTIMIZED ETF,31/08/17,"ELECTRONIC EQUIPMENT, INSTRUMENTS & COMPONENTS — 0.68%",TE Connectivity Ltd.,465,"37,014","73,977",
ESGU,MSCI USA ESG OPTIMIZED ETF,31/08/17,ENERGY EQUIPMENT & SERVICES — 0.81%,Baker Hughes a GE Co.,196,"6,644",,
ESGU,MSCI USA ESG OPTIMIZED ETF,31/08/17,ENERGY EQUIPMENT & SERVICES — 0.81%,Core Laboratories NV,180,"15,872",,
ESGU,MSCI USA ESG OPTIMIZED ETF,31/08/17,ENERGY EQUIPMENT & SERVICES — 0.81%,Halliburton Co.,300,"11,691",,
ESGU,MSCI USA ESG OPTIMIZED ETF,31/08/17,ENERGY EQUIPMENT & SERVICES — 0.81%,National Oilwell Varco Inc.,376,"11,532",,
ESGU,MSCI USA ESG OPTIMIZED ETF,31/08/17,ENERGY EQUIPMENT & SERVICES — 0.81%,Schlumberger Ltd.,342,"21,721",,
ESGU,MSCI USA ESG OPTIMIZED ETF,31/08/17,ENERGY EQUIPMENT & SERVICES — 0.81%,TechnipFMC PLC a,780,"20,148","87,608",
ESGU,MSCI USA ESG OPTIMIZED ETF,31/08/17,EQUITY REAL ESTATE INVESTMENT TRUSTS (REITS) — 3.00%,Alexandria Real Estate Equities Inc.,94,"11,403",,
ESGU,MSCI USA ESG OPTIMIZED ETF,31/08/17,EQUITY REAL ESTATE INVESTMENT TRUSTS (REITS) — 3.00%,American Tower Corp.,316,"46,784",,
ESGU,MSCI USA ESG OPTIMIZED ETF,31/08/17,EQUITY REAL ESTATE INVESTMENT TRUSTS (REITS) — 3.00%,Boston Properties Inc.,250,"30,150",,
ESGU,MSCI USA ESG OPTIMIZED ETF,31/08/17,EQUITY REAL ESTATE INVESTMENT TRUSTS (REITS) — 3.00%,Equinix Inc.,105,"49,183",,
ESGU,MSCI USA ESG OPTIMIZED ETF,31/08/17,EQUITY REAL ESTATE INVESTMENT TRUSTS (REITS) — 3.00%,HCP Inc.,442,"13,176",,
ESGU,MSCI USA ESG OPTIMIZED ETF,31/08/17,EQUITY REAL ESTATE INVESTMENT TRUSTS (REITS) — 3.00%,Host Hotels & Resorts Inc. c,710,"12,865",,
ESGU,MSCI USA ESG OPTIMIZED ETF,31/08/17,EQUITY REAL ESTATE INVESTMENT TRUSTS (REITS) — 3.00%,Iron Mountain Inc.,464,"18,291",,
ESGU,MSCI USA ESG OPTIMIZED ETF,31/08/17,EQUITY REAL ESTATE INVESTMENT TRUSTS (REITS) — 3.00%,Liberty Property Trust,715,"30,459",,
ESGU,MSCI USA ESG OPTIMIZED ETF,31/08/17,EQUITY REAL ESTATE INVESTMENT TRUSTS (REITS) — 3.00%,Prologis Inc.,728,"46,126",,
ESGU,MSCI USA ESG OPTIMIZED ETF,31/08/17,EQUITY REAL ESTATE INVESTMENT TRUSTS (REITS) — 3.00%,SBA Communications Corp. a,105,"16,123",,
ESGU,MSCI USA ESG OPTIMIZED ETF,31/08/17,EQUITY REAL ESTATE INVESTMENT TRUSTS (REITS) — 3.00%,UDR Inc.,433,"16,809",,
ESGU,MSCI USA ESG OPTIMIZED ETF,31/08/17,EQUITY REAL ESTATE INVESTMENT TRUSTS (REITS) — 3.00%,Welltower Inc.,183,"13,399",,
ESGU,MSCI USA ESG OPTIMIZED ETF,31/08/17,EQUITY REAL ESTATE INVESTMENT TRUSTS (REITS) — 3.00%,Weyerhaeuser Co.,602,"19,631","3,24,399",
ESGU,MSCI USA ESG OPTIMIZED ETF,31/08/17,FOOD & STAPLES RETAILING — 0.82%,Costco Wholesale Corp.,72,"11,285",,
ESGU,MSCI USA ESG OPTIMIZED ETF,31/08/17,FOOD & STAPLES RETAILING — 0.82%,CVS Health Corp.,360,"27,842",,
ESGU,MSCI USA ESG OPTIMIZED ETF,31/08/17,FOOD & STAPLES RETAILING — 0.82%,Kroger Co. (The),674,"14,740",,
ESGU,MSCI USA ESG OPTIMIZED ETF,31/08/17,FOOD & STAPLES RETAILING — 0.82%,Sysco Corp.,223,"11,746",,
ESGU,MSCI USA ESG OPTIMIZED ETF,31/08/17,FOOD & STAPLES RETAILING — 0.82%,Walgreens Boots Alliance Inc.,285,"23,228","88,841",
ESGU,MSCI USA ESG OPTIMIZED ETF,31/08/17,FOOD PRODUCTS — 2.47%,Archer-Daniels-Midland Co.,404,"16,693",,
ESGU,MSCI USA ESG OPTIMIZED ETF,31/08/17,FOOD PRODUCTS — 2.47%,Bunge Ltd.,280,"20,896",,
ESGU,MSCI USA ESG OPTIMIZED ETF,31/08/17,FOOD PRODUCTS — 2.47%,Campbell Soup Co.,569,"26,288",,
ESGU,MSCI USA ESG OPTIMIZED ETF,31/08/17,FOOD PRODUCTS — 2.47%,Conagra Brands Inc.,333,"10,809",,
ESGU,MSCI USA ESG OPTIMIZED ETF,31/08/17,FOOD PRODUCTS — 2.47%,General Mills Inc.,943,"50,224",,
ESGU,MSCI USA ESG OPTIMIZED ETF,31/08/17,FOOD PRODUCTS — 2.47%,JM Smucker Co. (The),94,"9,848",,
ESGU,MSCI USA ESG OPTIMIZED ETF,31/08/17,FOOD PRODUCTS — 2.47%,Kellogg Co.,859,"56,230",,
ESGU,MSCI USA ESG OPTIMIZED ETF,31/08/17,FOOD PRODUCTS — 2.47%,Kraft Heinz Co. (The),288,"23,256",,
ESGU,MSCI USA ESG OPTIMIZED ETF,31/08/17,FOOD PRODUCTS — 2.47%,McCormick & Co. Inc./MD NVS,188,"17,885",,
ESGU,MSCI USA ESG OPTIMIZED ETF,31/08/17,FOOD PRODUCTS — 2.47%,Mondelez International Inc. Class A,883,"35,903","2,68,032",
ESGU,MSCI USA ESG OPTIMIZED ETF,31/08/17,HEALTH CARE EQUIPMENT & SUPPLIES — 1.61%,Abbott Laboratories,790,"40,243",,
ESGU,MSCI USA ESG OPTIMIZED ETF,31/08/17,HEALTH CARE EQUIPMENT & SUPPLIES — 1.61%,Align Technology Inc. a,77,"13,609",,
ESGU,MSCI USA ESG OPTIMIZED ETF,31/08/17,HEALTH CARE EQUIPMENT & SUPPLIES — 1.61%,Becton Dickinson and Co.,228,"45,472",,
ESGU,MSCI USA ESG OPTIMIZED ETF,31/08/17,HEALTH CARE EQUIPMENT & SUPPLIES — 1.61%,Edwards Lifesciences Corp. a,186,"21,141",,
ESGU,MSCI USA ESG OPTIMIZED ETF,31/08/17,HEALTH CARE EQUIPMENT & SUPPLIES — 1.61%,IDEXX Laboratories Inc. a,95,"14,766",,
ESGU,MSCI USA ESG OPTIMIZED ETF,31/08/17,HEALTH CARE EQUIPMENT & SUPPLIES — 1.61%,Medtronic PLC,336,"27,088",,
ESGU,MSCI USA ESG OPTIMIZED ETF,31/08/17,HEALTH CARE EQUIPMENT & SUPPLIES — 1.61%,ResMed Inc.,159,"12,335","1,74,654",
ESGU,MSCI USA ESG OPTIMIZED ETF,31/08/17,HEALTH CARE PROVIDERS & SERVICES — 3.88%,Aetna Inc.,116,"18,293",,
ESGU,MSCI USA ESG OPTIMIZED ETF,31/08/17,HEALTH CARE PROVIDERS & SERVICES — 3.88%,AmerisourceBergen Corp.,246,"19,741",,
ESGU,MSCI USA ESG OPTIMIZED ETF,31/08/17,HEALTH CARE PROVIDERS & SERVICES — 3.88%,Anthem Inc.,85,"16,663",,
ESGU,MSCI USA ESG OPTIMIZED ETF,31/08/17,HEALTH CARE PROVIDERS & SERVICES — 3.88%,Cardinal Health Inc.,739,"49,853",,
ESGU,MSCI USA ESG OPTIMIZED ETF,31/08/17,HEALTH CARE PROVIDERS & SERVICES — 3.88%,Cigna Corp.,148,"26,945",,
ESGU,MSCI USA ESG OPTIMIZED ETF,31/08/17,HEALTH CARE PROVIDERS & SERVICES — 3.88%,DaVita Inc. a,200,"11,712",,
ESGU,MSCI USA ESG OPTIMIZED ETF,31/08/17,HEALTH CARE PROVIDERS & SERVICES — 3.88%,Envision Healthcare Corp. a,222,"11,635",,
ESGU,MSCI USA ESG OPTIMIZED ETF,31/08/17,HEALTH CARE PROVIDERS & SERVICES — 3.88%,HCA Healthcare Inc. a,419,"32,959",,
ESGU,MSCI USA ESG OPTIMIZED ETF,31/08/17,HEALTH CARE PROVIDERS & SERVICES — 3.88%,Henry Schein Inc. a,314,"54,536",,
ESGU,MSCI USA ESG OPTIMIZED ETF,31/08/17,HEALTH CARE PROVIDERS & SERVICES — 3.88%,Humana Inc.,80,"20,610",,
ESGU,MSCI USA ESG OPTIMIZED ETF,31/08/17,HEALTH CARE PROVIDERS & SERVICES — 3.88%,McKesson Corp.,78,"11,646",,
ESGU,MSCI USA ESG OPTIMIZED ETF,31/08/17,HEALTH CARE PROVIDERS & SERVICES — 3.88%,MEDNAX Inc. a,263,"11,796",,
ESGU,MSCI USA ESG OPTIMIZED ETF,31/08/17,HEALTH CARE PROVIDERS & SERVICES — 3.88%,Patterson Companies Inc.,708,"27,258",,
ESGU,MSCI USA ESG OPTIMIZED ETF,31/08/17,HEALTH CARE PROVIDERS & SERVICES — 3.88%,Quest Diagnostics Inc.,267,"28,929",,
ESGU,MSCI USA ESG OPTIMIZED ETF,31/08/17,HEALTH CARE PROVIDERS & SERVICES — 3.88%,UnitedHealth Group Inc.,323,"64,245",,
ESGU,MSCI USA ESG OPTIMIZED ETF,31/08/17,HEALTH CARE PROVIDERS & SERVICES — 3.88%,VCA Inc. a,140,"13,014","4,19,835",
ESGU,MSCI USA ESG OPTIMIZED ETF,31/08/17,"HOTELS, RESTAURANTS & LEISURE — 1.54%",Hilton Worldwide Holdings Inc.,255,"16,404",,
ESGU,MSCI USA ESG OPTIMIZED ETF,31/08/17,"HOTELS, RESTAURANTS & LEISURE — 1.54%",Marriott International Inc./MD Class A,276,"28,588",,
ESGU,MSCI USA ESG OPTIMIZED ETF,31/08/17,"HOTELS, RESTAURANTS & LEISURE — 1.54%",McDonald’s Corp.,284,"45,432",,
ESGU,MSCI USA ESG OPTIMIZED ETF,31/08/17,"HOTELS, RESTAURANTS & LEISURE — 1.54%",MGM Resorts International,366,"12,064",,
ESGU,MSCI USA ESG OPTIMIZED ETF,31/08/17,"HOTELS, RESTAURANTS & LEISURE — 1.54%",Royal Caribbean Cruises Ltd.,137,"17,051",,
ESGU,MSCI USA ESG OPTIMIZED ETF,31/08/17,"HOTELS, RESTAURANTS & LEISURE — 1.54%",Starbucks Corp.,470,"25,784",,
ESGU,MSCI USA ESG OPTIMIZED ETF,31/08/17,"HOTELS, RESTAURANTS & LEISURE — 1.54%",Vail Resorts Inc.,95,"21,655","1,66,978",
ESGU,MSCI USA ESG OPTIMIZED ETF,31/08/17,HOUSEHOLD DURABLES — 0.55%,Mohawk Industries Inc. a,99,"25,059",,
ESGU,MSCI USA ESG OPTIMIZED ETF,31/08/17,HOUSEHOLD DURABLES — 0.55%,Newell Brands Inc.,467,"22,547",,
ESGU,MSCI USA ESG OPTIMIZED ETF,31/08/17,HOUSEHOLD DURABLES — 0.55%,Whirlpool Corp.,68,"11,670","59,276",
ESGU,MSCI USA ESG OPTIMIZED ETF,31/08/17,HOUSEHOLD PRODUCTS — 2.54%,Clorox Co. (The),291,"40,312",,
ESGU,MSCI USA ESG OPTIMIZED ETF,31/08/17,HOUSEHOLD PRODUCTS — 2.54%,Colgate-Palmolive Co.,611,"43,772",,
ESGU,MSCI USA ESG OPTIMIZED ETF,31/08/17,HOUSEHOLD PRODUCTS — 2.54%,Kimberly-Clark Corp.,381,"46,974",,
ESGU,MSCI USA ESG OPTIMIZED ETF,31/08/17,HOUSEHOLD PRODUCTS — 2.54%,Procter & Gamble Co. (The),"1,556","1,43,572","2,74,630",
ESGU,MSCI USA ESG OPTIMIZED ETF,31/08/17,INDEPENDENT POWER AND RENEWABLE ELECTRICITY PRODUCERS — 0.13%,AES Corp./VA,"1,320","14,573","14,573",
ESGU,MSCI USA ESG OPTIMIZED ETF,31/08/17,INDUSTRIAL CONGLOMERATES — 2.73%,3M Co.,603,"1,23,205",,
ESGU,MSCI USA ESG OPTIMIZED ETF,31/08/17,INDUSTRIAL CONGLOMERATES — 2.73%,General Electric Co.,"2,916","71,588",,
ESGU,MSCI USA ESG OPTIMIZED ETF,31/08/17,INDUSTRIAL CONGLOMERATES — 2.73%,Honeywell International Inc.,639,"88,354",,
ESGU,MSCI USA ESG OPTIMIZED ETF,31/08/17,INDUSTRIAL CONGLOMERATES — 2.73%,Roper Technologies Inc.,56,"12,917","2,96,064",
ESGU,MSCI USA ESG OPTIMIZED ETF,31/08/17,INSURANCE — 3.00%,Allstate Corp. (The),245,"22,172",,
ESGU,MSCI USA ESG OPTIMIZED ETF,31/08/17,INSURANCE — 3.00%,American International Group Inc.,344,"20,805",,
ESGU,MSCI USA ESG OPTIMIZED ETF,31/08/17,INSURANCE — 3.00%,Chubb Ltd.,215,"30,405",,
ESGU,MSCI USA ESG OPTIMIZED ETF,31/08/17,INSURANCE — 3.00%,Hartford Financial Services Group Inc. (The),327,"17,681",,
ESGU,MSCI USA ESG OPTIMIZED ETF,31/08/17,INSURANCE — 3.00%,Lincoln National Corp.,170,"11,536",,
ESGU,MSCI USA ESG OPTIMIZED ETF,31/08/17,INSURANCE — 3.00%,Loews Corp.,239,"11,133",,
ESGU,MSCI USA ESG OPTIMIZED ETF,31/08/17,INSURANCE — 3.00%,Marsh & McLennan Companies Inc.,683,"53,329",,
ESGU,MSCI USA ESG OPTIMIZED ETF,31/08/17,INSURANCE — 3.00%,MetLife Inc.,416,"19,481",,
ESGU,MSCI USA ESG OPTIMIZED ETF,31/08/17,INSURANCE — 3.00%,Principal Financial Group Inc.,317,"19,819",,
ESGU,MSCI USA ESG OPTIMIZED ETF,31/08/17,INSURANCE — 3.00%,Progressive Corp. (The),396,"18,406",,
ESGU,MSCI USA ESG OPTIMIZED ETF,31/08/17,INSURANCE — 3.00%,Prudential Financial Inc.,428,"43,690",,
ESGU,MSCI USA ESG OPTIMIZED ETF,31/08/17,INSURANCE — 3.00%,Travelers Companies Inc. (The),321,"38,899",,
ESGU,MSCI USA ESG OPTIMIZED ETF,31/08/17,INSURANCE — 3.00%,Willis Towers Watson PLC,116,"17,223","3,24,579",
ESGU,MSCI USA ESG OPTIMIZED ETF,31/08/17,INTERNET & DIRECT MARKETING RETAIL — 2.54%,Amazon.com Inc. a,190,"1,86,314",,
ESGU,MSCI USA ESG OPTIMIZED ETF,31/08/17,INTERNET & DIRECT MARKETING RETAIL — 2.54%,Netflix Inc. a,211,"36,864",,
ESGU,MSCI USA ESG OPTIMIZED ETF,31/08/17,INTERNET & DIRECT MARKETING RETAIL — 2.54%,Priceline Group Inc. (The) a,28,"51,858","2,75,036",
ESGU,MSCI USA ESG OPTIMIZED ETF,31/08/17,INTERNET SOFTWARE & SERVICES — 4.88%,Alphabet Inc. Class A a,159,"1,51,883",,
ESGU,MSCI USA ESG OPTIMIZED ETF,31/08/17,INTERNET SOFTWARE & SERVICES — 4.88%,Alphabet Inc. Class C a,167,"1,56,868",,
ESGU,MSCI USA ESG OPTIMIZED ETF,31/08/17,INTERNET SOFTWARE & SERVICES — 4.88%,eBay Inc. a,332,"11,995",,
ESGU,MSCI USA ESG OPTIMIZED ETF,31/08/17,INTERNET SOFTWARE & SERVICES — 4.88%,Facebook Inc. Class A a,"1,205","2,07,224","5,27,970",
ESGU,MSCI USA ESG OPTIMIZED ETF,31/08/17,IT SERVICES — 3.50%,Accenture PLC Class A,743,"97,155",,
ESGU,MSCI USA ESG OPTIMIZED ETF,31/08/17,IT SERVICES — 3.50%,Automatic Data Processing Inc.,227,"24,169",,
ESGU,MSCI USA ESG OPTIMIZED ETF,31/08/17,IT SERVICES — 3.50%,Cognizant Technology Solutions Corp. Class A,370,"26,185",,
ESGU,MSCI USA ESG OPTIMIZED ETF,31/08/17,IT SERVICES — 3.50%,DXC Technology Co.,143,"12,155",,
ESGU,MSCI USA ESG OPTIMIZED ETF,31/08/17,IT SERVICES — 3.50%,International Business Machines Corp.,282,"40,334",,
ESGU,MSCI USA ESG OPTIMIZED ETF,31/08/17,IT SERVICES — 3.50%,MasterCard Inc. Class A,409,"54,520",,
ESGU,MSCI USA ESG OPTIMIZED ETF,31/08/17,IT SERVICES — 3.50%,PayPal Holdings Inc. a,544,"33,554",,
ESGU,MSCI USA ESG OPTIMIZED ETF,31/08/17,IT SERVICES — 3.50%,Visa Inc. Class A,876,"90,683","3,78,755",
ESGU,MSCI USA ESG OPTIMIZED ETF,31/08/17,LEISURE PRODUCTS — 0.22%,Hasbro Inc.,124,"12,183",,
ESGU,MSCI USA ESG OPTIMIZED ETF,31/08/17,LEISURE PRODUCTS — 0.22%,Mattel Inc.,728,"11,808","23,991",
ESGU,MSCI USA ESG OPTIMIZED ETF,31/08/17,LIFE SCIENCES TOOLS & SERVICES — 0.99%,Agilent Technologies Inc.,529,"34,237",,
ESGU,MSCI USA ESG OPTIMIZED ETF,31/08/17,LIFE SCIENCES TOOLS & SERVICES — 0.99%,Illumina Inc. a,62,"12,677",,
ESGU,MSCI USA ESG OPTIMIZED ETF,31/08/17,LIFE SCIENCES TOOLS & SERVICES — 0.99%,Mettler-Toledo International Inc. a,34,"20,573",,
ESGU,MSCI USA ESG OPTIMIZED ETF,31/08/17,LIFE SCIENCES TOOLS & SERVICES — 0.99%,Quintiles IMS Holdings Inc. a,168,"16,133",,
ESGU,MSCI USA ESG OPTIMIZED ETF,31/08/17,LIFE SCIENCES TOOLS & SERVICES — 0.99%,Waters Corp. a,126,"23,118","1,06,738",
ESGU,MSCI USA ESG OPTIMIZED ETF,31/08/17,MACHINERY — 2.22%,Caterpillar Inc.,502,"58,980",,
ESGU,MSCI USA ESG OPTIMIZED ETF,31/08/17,MACHINERY — 2.22%,Cummins Inc.,323,"51,480",,
ESGU,MSCI USA ESG OPTIMIZED ETF,31/08/17,MACHINERY — 2.22%,Deere & Co.,230,"26,664",,
ESGU,MSCI USA ESG OPTIMIZED ETF,31/08/17,MACHINERY — 2.22%,Ingersoll-Rand PLC,372,"31,765",,
ESGU,MSCI USA ESG OPTIMIZED ETF,31/08/17,MACHINERY — 2.22%,Parker-Hannifin Corp.,133,"21,398",,
ESGU,MSCI USA ESG OPTIMIZED ETF,31/08/17,MACHINERY — 2.22%,Snap-on Inc.,87,"12,838",,
ESGU,MSCI USA ESG OPTIMIZED ETF,31/08/17,MACHINERY — 2.22%,Xylem Inc./NY,596,"36,994","2,40,119",
ESGU,MSCI USA ESG OPTIMIZED ETF,31/08/17,MEDIA — 2.70%,Charter Communications Inc. Class A a,74,"29,492",,
ESGU,MSCI USA ESG OPTIMIZED ETF,31/08/17,MEDIA — 2.70%,Comcast Corp. Class A,"1,501","60,956",,
ESGU,MSCI USA ESG OPTIMIZED ETF,31/08/17,MEDIA — 2.70%,Discovery Communications Inc. Class A a,510,"11,327",,
ESGU,MSCI USA ESG OPTIMIZED ETF,31/08/17,MEDIA — 2.70%,Liberty Global PLC Series C NVS a,764,"25,235",,
ESGU,MSCI USA ESG OPTIMIZED ETF,31/08/17,MEDIA — 2.70%,Scripps Networks Interactive Inc. Class A,132,"11,306",,
ESGU,MSCI USA ESG OPTIMIZED ETF,31/08/17,MEDIA — 2.70%,Time Warner Inc.,591,"59,750",,
ESGU,MSCI USA ESG OPTIMIZED ETF,31/08/17,MEDIA — 2.70%,Walt Disney Co. (The),936,"94,723","2,92,789",
ESGU,MSCI USA ESG OPTIMIZED ETF,31/08/17,METALS & MINING — 0.11%,Nucor Corp.,223,"12,290","12,290",
ESGU,MSCI USA ESG OPTIMIZED ETF,31/08/17,MULTI-UTILITIES — 1.11%,CMS Energy Corp.,440,"21,358",,
ESGU,MSCI USA ESG OPTIMIZED ETF,31/08/17,MULTI-UTILITIES — 1.11%,Consolidated Edison Inc.,306,"25,787",,
ESGU,MSCI USA ESG OPTIMIZED ETF,31/08/17,MULTI-UTILITIES — 1.11%,Dominion Energy Inc.,264,"20,795",,
ESGU,MSCI USA ESG OPTIMIZED ETF,31/08/17,MULTI-UTILITIES — 1.11%,Public Service Enterprise Group Inc.,259,"12,131",,
ESGU,MSCI USA ESG OPTIMIZED ETF,31/08/17,MULTI-UTILITIES — 1.11%,Sempra Energy,337,"39,742","1,19,813",
ESGU,MSCI USA ESG OPTIMIZED ETF,31/08/17,MULTILINE RETAIL — 0.31%,Nordstrom Inc.,259,"11,556",,
ESGU,MSCI USA ESG OPTIMIZED ETF,31/08/17,MULTILINE RETAIL — 0.31%,Target Corp.,405,"22,085","33,641",
ESGU,MSCI USA ESG OPTIMIZED ETF,31/08/17,"OIL, GAS & CONSUMABLE FUELS — 3.28%",Apache Corp.,322,"12,506",,
ESGU,MSCI USA ESG OPTIMIZED ETF,31/08/17,"OIL, GAS & CONSUMABLE FUELS — 3.28%",ConocoPhillips,997,"43,529",,
ESGU,MSCI USA ESG OPTIMIZED ETF,31/08/17,"OIL, GAS & CONSUMABLE FUELS — 3.28%",Devon Energy Corp.,556,"17,458",,
ESGU,MSCI USA ESG OPTIMIZED ETF,31/08/17,"OIL, GAS & CONSUMABLE FUELS — 3.28%",EQT Corp.,193,"12,031",,
ESGU,MSCI USA ESG OPTIMIZED ETF,31/08/17,"OIL, GAS & CONSUMABLE FUELS — 3.28%",Exxon Mobil Corp.,"1,060","80,910",,
ESGU,MSCI USA ESG OPTIMIZED ETF,31/08/17,"OIL, GAS & CONSUMABLE FUELS — 3.28%",Hess Corp.,490,"19,061",,
ESGU,MSCI USA ESG OPTIMIZED ETF,31/08/17,"OIL, GAS & CONSUMABLE FUELS — 3.28%",Kinder Morgan Inc./DE,800,"15,464",,
ESGU,MSCI USA ESG OPTIMIZED ETF,31/08/17,"OIL, GAS & CONSUMABLE FUELS — 3.28%",Marathon Oil Corp.,"1,061","11,798",,
ESGU,MSCI USA ESG OPTIMIZED ETF,31/08/17,"OIL, GAS & CONSUMABLE FUELS — 3.28%",Marathon Petroleum Corp.,375,"19,669",,
ESGU,MSCI USA ESG OPTIMIZED ETF,31/08/17,"OIL, GAS & CONSUMABLE FUELS — 3.28%",Newfield Exploration Co. a,461,"12,046",,
ESGU,MSCI USA ESG OPTIMIZED ETF,31/08/17,"OIL, GAS & CONSUMABLE FUELS — 3.28%",Noble Energy Inc.,673,"15,997",,
ESGU,MSCI USA ESG OPTIMIZED ETF,31/08/17,"OIL, GAS & CONSUMABLE FUELS — 3.28%",Occidental Petroleum Corp.,444,"26,507",,
ESGU,MSCI USA ESG OPTIMIZED ETF,31/08/17,"OIL, GAS & CONSUMABLE FUELS — 3.28%",ONEOK Inc.,261,"14,136",,
ESGU,MSCI USA ESG OPTIMIZED ETF,31/08/17,"OIL, GAS & CONSUMABLE FUELS — 3.28%",Phillips 66,268,"22,461",,
ESGU,MSCI USA ESG OPTIMIZED ETF,31/08/17,"OIL, GAS & CONSUMABLE FUELS — 3.28%",Valero Energy Corp.,287,"19,545",,
ESGU,MSCI USA ESG OPTIMIZED ETF,31/08/17,"OIL, GAS & CONSUMABLE FUELS — 3.28%",Williams Companies Inc. (The),394,"11,714","3,54,832",
ESGU,MSCI USA ESG OPTIMIZED ETF,31/08/17,PHARMACEUTICALS — 4.60%,Allergan PLC,105,"24,095",,
ESGU,MSCI USA ESG OPTIMIZED ETF,31/08/17,PHARMACEUTICALS — 4.60%,Bristol-Myers Squibb Co.,920,"55,642",,
ESGU,MSCI USA ESG OPTIMIZED ETF,31/08/17,PHARMACEUTICALS — 4.60%,Eli Lilly & Co.,614,"49,912",,
ESGU,MSCI USA ESG OPTIMIZED ETF,31/08/17,PHARMACEUTICALS — 4.60%,Jazz Pharmaceuticals PLC a,79,"11,799",,
ESGU,MSCI USA ESG OPTIMIZED ETF,31/08/17,PHARMACEUTICALS — 4.60%,Johnson & Johnson,"1,307","1,73,008",,
ESGU,MSCI USA ESG OPTIMIZED ETF,31/08/17,PHARMACEUTICALS — 4.60%,Merck & Co. Inc.,"1,554","99,238",,
ESGU,MSCI USA ESG OPTIMIZED ETF,31/08/17,PHARMACEUTICALS — 4.60%,Pfizer Inc.,"1,343","45,555",,
ESGU,MSCI USA ESG OPTIMIZED ETF,31/08/17,PHARMACEUTICALS — 4.60%,Zoetis Inc.,629,"39,438","4,98,687",
ESGU,MSCI USA ESG OPTIMIZED ETF,31/08/17,PROFESSIONAL SERVICES — 0.19%,ManpowerGroup Inc.,188,"20,964","20,964",
ESGU,MSCI USA ESG OPTIMIZED ETF,31/08/17,REAL ESTATE MANAGEMENT & DEVELOPMENT — 0.29%,CBRE Group Inc. Class A a,535,"19,303",,
ESGU,MSCI USA ESG OPTIMIZED ETF,31/08/17,REAL ESTATE MANAGEMENT & DEVELOPMENT — 0.29%,Jones Lang LaSalle Inc.,98,"11,947","31,250",
ESGU,MSCI USA ESG OPTIMIZED ETF,31/08/17,ROAD & RAIL — 0.94%,AMERCO,32,"11,943",,
ESGU,MSCI USA ESG OPTIMIZED ETF,31/08/17,ROAD & RAIL — 0.94%,CSX Corp.,388,"19,478",,
ESGU,MSCI USA ESG OPTIMIZED ETF,31/08/17,ROAD & RAIL — 0.94%,Norfolk Southern Corp.,191,"23,019",,
ESGU,MSCI USA ESG OPTIMIZED ETF,31/08/17,ROAD & RAIL — 0.94%,Union Pacific Corp.,448,"47,174","1,01,614",
ESGU,MSCI USA ESG OPTIMIZED ETF,31/08/17,SEMICONDUCTORS & SEMICONDUCTOR EQUIPMENT — 3.43%,Analog Devices Inc.,160,"13,387",,
ESGU,MSCI USA ESG OPTIMIZED ETF,31/08/17,SEMICONDUCTORS & SEMICONDUCTOR EQUIPMENT — 3.43%,Applied Materials Inc.,731,"32,983",,
ESGU,MSCI USA ESG OPTIMIZED ETF,31/08/17,SEMICONDUCTORS & SEMICONDUCTOR EQUIPMENT — 3.43%,Broadcom Ltd.,116,"29,240",,
ESGU,MSCI USA ESG OPTIMIZED ETF,31/08/17,SEMICONDUCTORS & SEMICONDUCTOR EQUIPMENT — 3.43%,Intel Corp.,"3,179","1,11,487",,
ESGU,MSCI USA ESG OPTIMIZED ETF,31/08/17,SEMICONDUCTORS & SEMICONDUCTOR EQUIPMENT — 3.43%,Lam Research Corp.,132,"21,909",,
ESGU,MSCI USA ESG OPTIMIZED ETF,31/08/17,SEMICONDUCTORS & SEMICONDUCTOR EQUIPMENT — 3.43%,Micron Technology Inc. a,391,"12,500",,
ESGU,MSCI USA ESG OPTIMIZED ETF,31/08/17,SEMICONDUCTORS & SEMICONDUCTOR EQUIPMENT — 3.43%,NVIDIA Corp.,324,"54,899",,
ESGU,MSCI USA ESG OPTIMIZED ETF,31/08/17,SEMICONDUCTORS & SEMICONDUCTOR EQUIPMENT — 3.43%,QUALCOMM Inc.,432,"22,581",,
ESGU,MSCI USA ESG OPTIMIZED ETF,31/08/17,SEMICONDUCTORS & SEMICONDUCTOR EQUIPMENT — 3.43%,Skyworks Solutions Inc.,113,"11,906",,
ESGU,MSCI USA ESG OPTIMIZED ETF,31/08/17,SEMICONDUCTORS & SEMICONDUCTOR EQUIPMENT — 3.43%,Texas Instruments Inc.,735,"60,873","3,71,765",
ESGU,MSCI USA ESG OPTIMIZED ETF,31/08/17,SOFTWARE — 6.46%,Activision Blizzard Inc.,187,"12,260",,
ESGU,MSCI USA ESG OPTIMIZED ETF,31/08/17,SOFTWARE — 6.46%,Adobe Systems Inc. a,325,"50,427",,
ESGU,MSCI USA ESG OPTIMIZED ETF,31/08/17,SOFTWARE — 6.46%,Autodesk Inc. a,179,"20,488",,
ESGU,MSCI USA ESG OPTIMIZED ETF,31/08/17,SOFTWARE — 6.46%,CA Inc.,469,"15,561",,
ESGU,MSCI USA ESG OPTIMIZED ETF,31/08/17,SOFTWARE — 6.46%,Cadence Design Systems Inc. a,596,"23,417",,
ESGU,MSCI USA ESG OPTIMIZED ETF,31/08/17,SOFTWARE — 6.46%,Citrix Systems Inc. a,165,"12,905",,
ESGU,MSCI USA ESG OPTIMIZED ETF,31/08/17,SOFTWARE — 6.46%,Dell Technologies Inc. Class V a,187,"14,012",,
ESGU,MSCI USA ESG OPTIMIZED ETF,31/08/17,SOFTWARE — 6.46%,Electronic Arts Inc. a,101,"12,272",,
ESGU,MSCI USA ESG OPTIMIZED ETF,31/08/17,SOFTWARE — 6.46%,Intuit Inc.,225,"31,826",,
ESGU,MSCI USA ESG OPTIMIZED ETF,31/08/17,SOFTWARE — 6.46%,Microsoft Corp.,"4,435","3,31,605",,
ESGU,MSCI USA ESG OPTIMIZED ETF,31/08/17,SOFTWARE — 6.46%,Oracle Corp.,"1,815","91,349",,
ESGU,MSCI USA ESG OPTIMIZED ETF,31/08/17,SOFTWARE — 6.46%,salesforce.com Inc. a,556,"53,092",,
ESGU,MSCI USA ESG OPTIMIZED ETF,31/08/17,SOFTWARE — 6.46%,Symantec Corp.,577,"17,298",,
ESGU,MSCI USA ESG OPTIMIZED ETF,31/08/17,SOFTWARE — 6.46%,Workday Inc. Class A a,121,"13,273","6,99,785",
ESGU,MSCI USA ESG OPTIMIZED ETF,31/08/17,SPECIALTY RETAIL — 2.24%,Best Buy Co. Inc.,407,"22,084",,
ESGU,MSCI USA ESG OPTIMIZED ETF,31/08/17,SPECIALTY RETAIL — 2.24%,CarMax Inc. a,178,"11,953",,
ESGU,MSCI USA ESG OPTIMIZED ETF,31/08/17,SPECIALTY RETAIL — 2.24%,Gap Inc. (The),592,"13,983",,
ESGU,MSCI USA ESG OPTIMIZED ETF,31/08/17,SPECIALTY RETAIL — 2.24%,Home Depot Inc. (The),671,"1,00,563",,
ESGU,MSCI USA ESG OPTIMIZED ETF,31/08/17,SPECIALTY RETAIL — 2.24%,Lowe’s Companies Inc.,542,"40,048",,
ESGU,MSCI USA ESG OPTIMIZED ETF,31/08/17,SPECIALTY RETAIL — 2.24%,Signet Jewelers Ltd.,215,"13,560",,
ESGU,MSCI USA ESG OPTIMIZED ETF,31/08/17,SPECIALTY RETAIL — 2.24%,Tiffany & Co.,313,"28,608",,
ESGU,MSCI USA ESG OPTIMIZED ETF,31/08/17,SPECIALTY RETAIL — 2.24%,Tractor Supply Co.,206,"12,259","2,43,058",
ESGU,MSCI USA ESG OPTIMIZED ETF,31/08/17,"TECHNOLOGY HARDWARE, STORAGE & PERIPHERALS — 4.60%",Apple Inc.,"2,583","4,23,612",,
ESGU,MSCI USA ESG OPTIMIZED ETF,31/08/17,"TECHNOLOGY HARDWARE, STORAGE & PERIPHERALS — 4.60%",Hewlett Packard Enterprise Co.,"1,678","30,304",,
ESGU,MSCI USA ESG OPTIMIZED ETF,31/08/17,"TECHNOLOGY HARDWARE, STORAGE & PERIPHERALS — 4.60%",HP Inc.,"1,647","31,425",,
ESGU,MSCI USA ESG OPTIMIZED ETF,31/08/17,"TECHNOLOGY HARDWARE, STORAGE & PERIPHERALS — 4.60%",Xerox Corp.,399,"12,876","4,98,217",
ESGU,MSCI USA ESG OPTIMIZED ETF,31/08/17,"TEXTILES, APPAREL & LUXURY GOODS — 0.81%",NIKE Inc. Class B,956,"50,486",,
ESGU,MSCI USA ESG OPTIMIZED ETF,31/08/17,"TEXTILES, APPAREL & LUXURY GOODS — 0.81%",PVH Corp.,120,"15,107",,
ESGU,MSCI USA ESG OPTIMIZED ETF,31/08/17,"TEXTILES, APPAREL & LUXURY GOODS — 0.81%",VF Corp.,356,"22,382","87,975",
ESGU,MSCI USA ESG OPTIMIZED ETF,31/08/17,THRIFTS & MORTGAGE FINANCE — 0.11%,New York Community Bancorp. Inc.,950,"11,448","11,448",
ESGU,MSCI USA ESG OPTIMIZED ETF,31/08/17,TRADING COMPANIES & DISTRIBUTORS — 0.18%,WW Grainger Inc.,119,"19,346","19,346","1,08,09,862"
ICLN,iShares Global Clean Energy ETF,30/09/17,CANADA — 4.91%,Boralex Inc. Class A,"1,79,103","30,77,538",,
ICLN,iShares Global Clean Energy ETF,30/09/17,CANADA — 4.91%,"Canadian Solar Inc. a,b","1,45,414","24,48,772","55,26,310",
ICLN,iShares Global Clean Energy ETF,30/09/17,CHILE — 4.58%,Enel Americas SA ADR,"5,04,295","51,53,895","51,53,895",
ICLN,iShares Global Clean Energy ETF,30/09/17,CHINA — 23.35%,China Everbright International Ltd.,"38,42,000","48,20,515",,
ICLN,iShares Global Clean Energy ETF,30/09/17,CHINA — 23.35%,China Longyuan Power Group Corp. Ltd. Class H,"67,86,000","50,56,464",,
ICLN,iShares Global Clean Energy ETF,30/09/17,CHINA — 23.35%,"GCL-Poly Energy Holdings Ltd. a,b","4,08,66,000","55,98,297",,
ICLN,iShares Global Clean Energy ETF,30/09/17,CHINA — 23.35%,Huaneng Renewables Corp. Ltd. Class H,"1,29,88,000","42,90,146",,
ICLN,iShares Global Clean Energy ETF,30/09/17,CHINA — 23.35%,"JinkoSolar Holding Co. Ltd. a,b","71,054","17,72,797",,
ICLN,iShares Global Clean Energy ETF,30/09/17,CHINA — 23.35%,Xinyi Solar Holdings Ltd. a,"1,33,54,000","47,52,982","2,62,91,201",
ICLN,iShares Global Clean Energy ETF,30/09/17,DENMARK — 5.21%,Vestas Wind Systems A/S,"65,364","58,66,852","58,66,852",
ICLN,iShares Global Clean Energy ETF,30/09/17,GERMANY — 3.10%,"Nordex SE a,b","2,06,759","23,60,708",,
ICLN,iShares Global Clean Energy ETF,30/09/17,GERMANY — 3.10%,SMA Solar Technology AG a,"28,898","11,33,023","34,93,731",
ICLN,iShares Global Clean Energy ETF,30/09/17,JAPAN — 6.30%,Electric Power Development Co. Ltd.,"2,35,600","59,14,855",,
ICLN,iShares Global Clean Energy ETF,30/09/17,JAPAN — 6.30%,eRex Co. Ltd. a,"1,27,000","11,81,264","70,96,119",
ICLN,iShares Global Clean Energy ETF,30/09/17,NEW ZEALAND — 4.91%,Meridian Energy Ltd.,"26,86,877","55,25,968","55,25,968",
ICLN,iShares Global Clean Energy ETF,30/09/17,NORWAY — 0.76%,"REC Silicon ASA a,b","66,95,840","8,53,771","8,53,771",
ICLN,iShares Global Clean Energy ETF,30/09/17,PORTUGAL — 5.05%,EDP Renovaveis SA,"6,68,329","56,88,707","56,88,707",
ICLN,iShares Global Clean Energy ETF,30/09/17,SPAIN — 3.03%,Siemens Gamesa Renewable Energy SA,"2,61,352","34,12,576","34,12,576",
ICLN,iShares Global Clean Energy ETF,30/09/17,UNITED STATES — 31.40%,Covanta Holding Corp.,"3,41,494","50,71,186",,
ICLN,iShares Global Clean Energy ETF,30/09/17,UNITED STATES — 31.40%,"First Solar Inc. a,b","1,89,854","87,10,501",,
ICLN,iShares Global Clean Energy ETF,30/09/17,UNITED STATES — 31.40%,IDACORP Inc.,"63,902","56,18,903",,
ICLN,iShares Global Clean Energy ETF,30/09/17,UNITED STATES — 31.40%,Pattern Energy Group Inc.,"2,21,445","53,36,824",,
ICLN,iShares Global Clean Energy ETF,30/09/17,UNITED STATES — 31.40%,"Renewable Energy Group Inc. a,b","1,14,299","13,88,733",,
ICLN,iShares Global Clean Energy ETF,30/09/17,UNITED STATES — 31.40%,SolarEdge Technologies Inc. b,"96,224","27,47,195",,
ICLN,iShares Global Clean Energy ETF,30/09/17,UNITED STATES — 31.40%,"SunPower Corp. a,b","1,93,985","14,14,151",,
ICLN,iShares Global Clean Energy ETF,30/09/17,UNITED STATES — 31.40%,"Sunrun Inc. a,b","2,10,956","11,70,806",,
ICLN,iShares Global Clean Energy ETF,30/09/17,UNITED STATES — 31.40%,TerraForm Global Inc. Class A b,"1,46,947","6,97,998",,
ICLN,iShares Global Clean Energy ETF,30/09/17,UNITED STATES — 31.40%,TerraForm Power Inc. b,"2,42,517","32,06,075","3,53,62,372","10,42,71,502"
MPCT,iShares MSCI Global Impact ETF,"August 31, 2017",AUSTRALIA — 1.15%,CSL Ltd.,1521,155044,,
MPCT,iShares MSCI Global Impact ETF,"August 31, 2017",AUSTRALIA — 1.15%,GPT Group (The),8604,34122,,
MPCT,iShares MSCI Global Impact ETF,"August 31, 2017",AUSTRALIA — 1.15%,Mirvac Group,54054,99465,288631,
MPCT,iShares MSCI Global Impact ETF,"August 31, 2017",BELGIUM — 3.88%,Umicore SA,13077,975589,975589,
MPCT,iShares MSCI Global Impact ETF,"August 31, 2017",CHINA — 3.79%,"3SBio Inc. a,b",4500,6187,,
MPCT,iShares MSCI Global Impact ETF,"August 31, 2017",CHINA — 3.79%,Beijing Enterprises Water Group Ltd.,162000,137649,,
MPCT,iShares MSCI Global Impact ETF,"August 31, 2017",CHINA — 3.79%,China Everbright International Ltd. c,45000,59452,,
MPCT,iShares MSCI Global Impact ETF,"August 31, 2017",CHINA — 3.79%,China Longyuan Power Group Corp. Ltd. Class H,135000,101080,,
MPCT,iShares MSCI Global Impact ETF,"August 31, 2017",CHINA — 3.79%,China Vanke Co. Ltd. Class H,102600,307415,,
MPCT,iShares MSCI Global Impact ETF,"August 31, 2017",CHINA — 3.79%,CSPC Pharmaceutical Group Ltd.,18000,28105,,
MPCT,iShares MSCI Global Impact ETF,"August 31, 2017",CHINA — 3.79%,"GCL-Poly Energy Holdings Ltd. a,c",2097000,235785,,
MPCT,iShares MSCI Global Impact ETF,"August 31, 2017",CHINA — 3.79%,Huaneng Renewables Corp. Ltd. Class H,252000,77276,952949,
MPCT,iShares MSCI Global Impact ETF,"August 31, 2017",DENMARK — 6.00%,Genmab A/S a,36,8390,,
MPCT,iShares MSCI Global Impact ETF,"August 31, 2017",DENMARK — 6.00%,Novo Nordisk A/S Class B,11151,531174,,
MPCT,iShares MSCI Global Impact ETF,"August 31, 2017",DENMARK — 6.00%,Vestas Wind Systems A/S,10656,969200,1508764,
MPCT,iShares MSCI Global Impact ETF,"August 31, 2017",FRANCE — 10.94%,Danone SA,7803,613672,,
MPCT,iShares MSCI Global Impact ETF,"August 31, 2017",FRANCE — 10.94%,Fonciere des Regions,333,32888,,
MPCT,iShares MSCI Global Impact ETF,"August 31, 2017",FRANCE — 10.94%,Klepierre SA,1917,77148,,
MPCT,iShares MSCI Global Impact ETF,"August 31, 2017",FRANCE — 10.94%,Schneider Electric SE,12348,994312,,
MPCT,iShares MSCI Global Impact ETF,"August 31, 2017",FRANCE — 10.94%,Suez,45189,856111,,
MPCT,iShares MSCI Global Impact ETF,"August 31, 2017",FRANCE — 10.94%,Unibail-Rodamco SE,702,178231,2752362,
MPCT,iShares MSCI Global Impact ETF,"August 31, 2017",GERMANY — 0.96%,KION Group AG,2637,240213,240213,
MPCT,iShares MSCI Global Impact ETF,"August 31, 2017",HONG KONG — 1.82%,Swire Properties Ltd. c,7200,24931,,
MPCT,iShares MSCI Global Impact ETF,"August 31, 2017",HONG KONG — 1.82%,WH Group Ltd. b,414000,432702,457633,
MPCT,iShares MSCI Global Impact ETF,"August 31, 2017",INDONESIA — 0.11%,Indofood CBP Sukses Makmur Tbk PT,21600,14125,,
MPCT,iShares MSCI Global Impact ETF,"August 31, 2017",INDONESIA — 0.11%,Unilever Indonesia Tbk PT,3600,13640,27765,
MPCT,iShares MSCI Global Impact ETF,"August 31, 2017",JAPAN — 14.80%,Chugai Pharmaceutical Co. Ltd.,1100,44676,,
MPCT,iShares MSCI Global Impact ETF,"August 31, 2017",JAPAN — 14.80%,Daiichi Sankyo Co. Ltd.,9900,233782,,
MPCT,iShares MSCI Global Impact ETF,"August 31, 2017",JAPAN — 14.80%,East Japan Railway Co.,10700,980461,,
MPCT,iShares MSCI Global Impact ETF,"August 31, 2017",JAPAN — 14.80%,Japan Retail Fund Investment Corp.,18,33086,,
MPCT,iShares MSCI Global Impact ETF,"August 31, 2017",JAPAN — 14.80%,NH Foods Ltd.,11000,322824,,
MPCT,iShares MSCI Global Impact ETF,"August 31, 2017",JAPAN — 14.80%,Nippon Prologis REIT Inc.,9,19527,,
MPCT,iShares MSCI Global Impact ETF,"August 31, 2017",JAPAN — 14.80%,Nisshin Seifun Group Inc.,4500,78135,,
MPCT,iShares MSCI Global Impact ETF,"August 31, 2017",JAPAN — 14.80%,Nissin Foods Holdings Co. Ltd.,900,55442,,
MPCT,iShares MSCI Global Impact ETF,"August 31, 2017",JAPAN — 14.80%,Ono Pharmaceutical Co. Ltd.,1800,36651,,
MPCT,iShares MSCI Global Impact ETF,"August 31, 2017",JAPAN — 14.80%,Sekisui House Ltd.,55800,965321,,
MPCT,iShares MSCI Global Impact ETF,"August 31, 2017",JAPAN — 14.80%,Shionogi & Co. Ltd.,900,47388,,
MPCT,iShares MSCI Global Impact ETF,"August 31, 2017",JAPAN — 14.80%,Sysmex Corp.,900,55442,,
MPCT,iShares MSCI Global Impact ETF,"August 31, 2017",JAPAN — 14.80%,Terumo Corp.,1800,69507,,
MPCT,iShares MSCI Global Impact ETF,"August 31, 2017",JAPAN — 14.80%,TOTO Ltd.,6300,239556,,
MPCT,iShares MSCI Global Impact ETF,"August 31, 2017",JAPAN — 14.80%,Toyo Suisan Kaisha Ltd.,2700,99723,,
MPCT,iShares MSCI Global Impact ETF,"August 31, 2017",JAPAN — 14.80%,Unicharm Corp.,5400,126929,,
MPCT,iShares MSCI Global Impact ETF,"August 31, 2017",JAPAN — 14.80%,Yakult Honsha Co. Ltd.,900,62311,,
MPCT,iShares MSCI Global Impact ETF,"August 31, 2017",JAPAN — 14.80%,Yokogawa Electric Corp.,16200,252141,3722902,
MPCT,iShares MSCI Global Impact ETF,"August 31, 2017",MALAYSIA — 0.03%,PPB Group Bhd,2000,7812,7812,
MPCT,iShares MSCI Global Impact ETF,"August 31, 2017",MEXICO — 0.40%,Gruma SAB de CV Series B,4860,71503,,
MPCT,iShares MSCI Global Impact ETF,"August 31, 2017",MEXICO — 0.40%,Kimberly-Clark de Mexico SAB de CV Series A,15300,30132,101635,
MPCT,iShares MSCI Global Impact ETF,"August 31, 2017",NORWAY — 0.52%,Marine Harvest ASA,6586,130453,130453,
MPCT,iShares MSCI Global Impact ETF,"August 31, 2017",PHILIPPINES — 0.13%,Energy Development Corp.,254700,33748,33748,
MPCT,iShares MSCI Global Impact ETF,"August 31, 2017",SINGAPORE — 0.18%,CapitaLand Commercial Trust,7200,9225,,
MPCT,iShares MSCI Global Impact ETF,"August 31, 2017",SINGAPORE — 0.18%,CapitaLand Mall Trust,23200,37072,46297,
MPCT,iShares MSCI Global Impact ETF,"August 31, 2017",SOUTH AFRICA — 0.28%,Pioneer Foods Group Ltd.,2475,24117,,
MPCT,iShares MSCI Global Impact ETF,"August 31, 2017",SOUTH AFRICA — 0.28%,Tiger Brands Ltd.,1485,46044,70161,
MPCT,iShares MSCI Global Impact ETF,"August 31, 2017",SOUTH KOREA — 0.93%,Ottogi Corp.,27,18222,,
MPCT,iShares MSCI Global Impact ETF,"August 31, 2017",SOUTH KOREA — 0.93%,Samsung SDI Co. Ltd.,1242,216436,234658,
MPCT,iShares MSCI Global Impact ETF,"August 31, 2017",SPAIN — 1.72%,Siemens Gamesa Renewable Energy SA,29043,433169,433169,
MPCT,iShares MSCI Global Impact ETF,"August 31, 2017",SWEDEN — 1.43%,Essity AB Class B a,12996,360285,360285,
MPCT,iShares MSCI Global Impact ETF,"August 31, 2017",SWITZERLAND — 0.78%,Geberit AG Registered,432,196940,196940,
MPCT,iShares MSCI Global Impact ETF,"August 31, 2017",TAIWAN — 0.99%,Uni-President Enterprises Corp.,117000,248895,248895,
MPCT,iShares MSCI Global Impact ETF,"August 31, 2017",THAILAND — 0.03%,Energy Absolute PCL NVDR,6300,7162,7162,
MPCT,iShares MSCI Global Impact ETF,"August 31, 2017",UNITED KINGDOM — 12.64%,Barratt Developments PLC,56790,456989,,
MPCT,iShares MSCI Global Impact ETF,"August 31, 2017",UNITED KINGDOM — 12.64%,Berkeley Group Holdings PLC,5949,286769,,
MPCT,iShares MSCI Global Impact ETF,"August 31, 2017",UNITED KINGDOM — 12.64%,Johnson Matthey PLC,27342,973800,,
MPCT,iShares MSCI Global Impact ETF,"August 31, 2017",UNITED KINGDOM — 12.64%,Pearson PLC,100530,785648,,
MPCT,iShares MSCI Global Impact ETF,"August 31, 2017",UNITED KINGDOM — 12.64%,Shire PLC,7002,345875,,
MPCT,iShares MSCI Global Impact ETF,"August 31, 2017",UNITED KINGDOM — 12.64%,Taylor Wimpey PLC,128646,332362,3181443,
MPCT,iShares MSCI Global Impact ETF,"August 31, 2017",UNITED STATES,AbbVie Inc.,13005,979276,,
MPCT,iShares MSCI Global Impact ETF,"August 31, 2017",UNITED STATES — 35.95%,Acuity Brands Inc.,1116,197298,,
MPCT,iShares MSCI Global Impact ETF,"August 31, 2017",UNITED STATES — 35.95%,Akamai Technologies Inc. a,5985,282193,,
MPCT,iShares MSCI Global Impact ETF,"August 31, 2017",UNITED STATES — 35.95%,Amgen Inc.,4005,711969,,
MPCT,iShares MSCI Global Impact ETF,"August 31, 2017",UNITED STATES — 35.95%,Arista Networks Inc. a,495,87194,,
MPCT,iShares MSCI Global Impact ETF,"August 31, 2017",UNITED STATES — 35.95%,BioMarin Pharmaceutical Inc. a,603,54385,,
MPCT,iShares MSCI Global Impact ETF,"August 31, 2017",UNITED STATES — 35.95%,"Cadence Design Systems Inc. a,c",5697,223835,,
MPCT,iShares MSCI Global Impact ETF,"August 31, 2017",UNITED STATES — 35.95%,Celgene Corp. a,3537,491395,,
MPCT,iShares MSCI Global Impact ETF,"August 31, 2017",UNITED STATES — 35.95%,Citrix Systems Inc. a,4995,390659,,
MPCT,iShares MSCI Global Impact ETF,"August 31, 2017",UNITED STATES — 35.95%,Colgate-Palmolive Co.,4077,292076,,
MPCT,iShares MSCI Global Impact ETF,"August 31, 2017",UNITED STATES — 35.95%,DexCom Inc. a,225,16787,,
MPCT,iShares MSCI Global Impact ETF,"August 31, 2017",UNITED STATES — 35.95%,Digital Realty Trust Inc. c,1530,181060,,
MPCT,iShares MSCI Global Impact ETF,"August 31, 2017",UNITED STATES — 35.95%,Edwards Lifesciences Corp. a,846,96156,,
MPCT,iShares MSCI Global Impact ETF,"August 31, 2017",UNITED STATES — 35.95%,Gilead Sciences Inc.,13500,1130085,,
MPCT,iShares MSCI Global Impact ETF,"August 31, 2017",UNITED STATES — 35.95%,Hormel Foods Corp.,4311,132520,,
MPCT,iShares MSCI Global Impact ETF,"August 31, 2017",UNITED STATES — 35.95%,Incyte Corp. a,333,45758,,
MPCT,iShares MSCI Global Impact ETF,"August 31, 2017",UNITED STATES — 35.95%,"Jazz Pharmaceuticals PLC a,c",405,60491,,
MPCT,iShares MSCI Global Impact ETF,"August 31, 2017",UNITED STATES — 35.95%,JM Smucker Co. (The),927,97112,,
MPCT,iShares MSCI Global Impact ETF,"August 31, 2017",UNITED STATES — 35.95%,Kimberly-Clark Corp.,5247,646903,,
MPCT,iShares MSCI Global Impact ETF,"August 31, 2017",UNITED STATES — 35.95%,Procter & Gamble Co. (The),10539,972434,,
MPCT,iShares MSCI Global Impact ETF,"August 31, 2017",UNITED STATES — 35.95%,Rockwell Automation Inc.,2196,360276,,
MPCT,iShares MSCI Global Impact ETF,"August 31, 2017",UNITED STATES — 35.95%,"ServiceNow Inc. a,c",1323,153719,,
MPCT,iShares MSCI Global Impact ETF,"August 31, 2017",UNITED STATES — 35.95%,"Tesla Inc. a,c",2664,948118,,
MPCT,iShares MSCI Global Impact ETF,"August 31, 2017",UNITED STATES — 35.95%,"United Therapeutics Corp. a,c",414,54151,,
MPCT,iShares MSCI Global Impact ETF,"August 31, 2017",UNITED STATES — 35.95%,Vertex Pharmaceuticals Inc. a,513,82357,,
MPCT,iShares MSCI Global Impact ETF,"August 31, 2017",UNITED STATES — 35.95%,"VMware Inc. Class A a,c",1251,135233,,
MPCT,iShares MSCI Global Impact ETF,"August 31, 2017",UNITED STATES — 35.95%,Xylem Inc./NY,3609,224011,9047451,25026917
SUSA,iShares MSCI USA ESG Select ETF,30/04/17,AEROSPACE & DEFENSE — 1.54%,Rockwell Collins Inc.,"78,412","81,61,905","81,61,905",
SUSA,iShares MSCI USA ESG Select ETF,30/04/17,AIR FREIGHT & LOGISTICS — 1.08%,Expeditors International of Washington Inc.,"79,797","44,75,814",,
SUSA,iShares MSCI USA ESG Select ETF,30/04/17,AIR FREIGHT & LOGISTICS — 1.08%,United Parcel Service Inc. Class B,"11,405","12,25,581","57,01,395",
SUSA,iShares MSCI USA ESG Select ETF,30/04/17,AUTOMOBILES — 0.82%,"Tesla Inc. a,b","13,798","43,33,538","43,33,538",
SUSA,iShares MSCI USA ESG Select ETF,30/04/17,BANKS — 2.33%,Comerica Inc.,"51,402","36,34,121",,
SUSA,iShares MSCI USA ESG Select ETF,30/04/17,BANKS — 2.33%,KeyCorp,"99,081","18,07,238",,
SUSA,iShares MSCI USA ESG Select ETF,30/04/17,BANKS — 2.33%,People’s United Financial Inc.,"2,57,003","44,89,842",,
SUSA,iShares MSCI USA ESG Select ETF,30/04/17,BANKS — 2.33%,PNC Financial Services Group Inc. (The) c,"5,759","6,89,640",,
SUSA,iShares MSCI USA ESG Select ETF,30/04/17,BANKS — 2.33%,Signature Bank/New York NY a,"12,117","16,77,599","1,22,98,440",
SUSA,iShares MSCI USA ESG Select ETF,30/04/17,BEVERAGES — 2.74%,Coca-Cola Co. (The),"1,23,740","53,39,381",,
SUSA,iShares MSCI USA ESG Select ETF,30/04/17,BEVERAGES — 2.74%,PepsiCo Inc.,"80,757","91,48,153","1,44,87,534",
SUSA,iShares MSCI USA ESG Select ETF,30/04/17,BIOTECHNOLOGY — 2.06%,AbbVie Inc.,"12,354","8,14,623",,
SUSA,iShares MSCI USA ESG Select ETF,30/04/17,BIOTECHNOLOGY — 2.06%,Amgen Inc.,"3,019","4,93,063",,
SUSA,iShares MSCI USA ESG Select ETF,30/04/17,BIOTECHNOLOGY — 2.06%,Biogen Inc. a,"7,982","21,64,798",,
SUSA,iShares MSCI USA ESG Select ETF,30/04/17,BIOTECHNOLOGY — 2.06%,Celgene Corp. a,"16,957","21,03,516",,
SUSA,iShares MSCI USA ESG Select ETF,30/04/17,BIOTECHNOLOGY — 2.06%,Gilead Sciences Inc.,"36,557","25,05,982",,
SUSA,iShares MSCI USA ESG Select ETF,30/04/17,BIOTECHNOLOGY — 2.06%,Vertex Pharmaceuticals Inc. a,"23,545","27,85,374","1,08,67,356",
SUSA,iShares MSCI USA ESG Select ETF,30/04/17,BUILDING PRODUCTS — 0.45%,Johnson Controls International PLC,"29,232","12,15,174",,
SUSA,iShares MSCI USA ESG Select ETF,30/04/17,BUILDING PRODUCTS — 0.45%,Masco Corp.,"31,552","11,68,055","23,83,229",
SUSA,iShares MSCI USA ESG Select ETF,30/04/17,CAPITAL MARKETS — 6.45%,Bank of New York Mellon Corp. (The),"26,264","12,35,984",,
SUSA,iShares MSCI USA ESG Select ETF,30/04/17,CAPITAL MARKETS — 6.45%,BlackRock Inc. c,"28,832","1,10,87,922",,
SUSA,iShares MSCI USA ESG Select ETF,30/04/17,CAPITAL MARKETS — 6.45%,Franklin Resources Inc.,"75,546","32,56,788",,
SUSA,iShares MSCI USA ESG Select ETF,30/04/17,CAPITAL MARKETS — 6.45%,Northern Trust Corp.,"1,17,247","1,05,52,230",,
SUSA,iShares MSCI USA ESG Select ETF,30/04/17,CAPITAL MARKETS — 6.45%,State Street Corp.,"84,021","70,49,362",,
SUSA,iShares MSCI USA ESG Select ETF,30/04/17,CAPITAL MARKETS — 6.45%,T Rowe Price Group Inc.,"12,439","8,81,801","3,40,64,087",
SUSA,iShares MSCI USA ESG Select ETF,30/04/17,CHEMICALS — 3.85%,Ecolab Inc.,"1,29,407","1,67,05,150",,
SUSA,iShares MSCI USA ESG Select ETF,30/04/17,CHEMICALS — 3.85%,International Flavors & Fragrances Inc.,"26,156","36,24,960","2,03,30,110",
SUSA,iShares MSCI USA ESG Select ETF,30/04/17,COMMUNICATIONS EQUIPMENT — 2.23%,Cisco Systems Inc.,"2,69,595","91,85,102",,
SUSA,iShares MSCI USA ESG Select ETF,30/04/17,COMMUNICATIONS EQUIPMENT — 2.23%,Motorola Solutions Inc.,"30,229","25,98,787","1,17,83,889",
SUSA,iShares MSCI USA ESG Select ETF,30/04/17,CONSUMER FINANCE — 1.10%,American Express Co.,"73,398","58,16,791","58,16,791",
SUSA,iShares MSCI USA ESG Select ETF,30/04/17,CONTAINERS & PACKAGING — 0.54%,Ball Corp.,"37,093","28,52,081","28,52,081",
SUSA,iShares MSCI USA ESG Select ETF,30/04/17,DISTRIBUTORS — 0.13%,LKQ Corp. a,"21,629","6,75,690","6,75,690",
SUSA,iShares MSCI USA ESG Select ETF,30/04/17,ELECTRIC UTILITIES — 1.46%,Edison International,"14,862","11,88,514",,
SUSA,iShares MSCI USA ESG Select ETF,30/04/17,ELECTRIC UTILITIES — 1.46%,Eversource Energy,"73,657","43,75,226",,
SUSA,iShares MSCI USA ESG Select ETF,30/04/17,ELECTRIC UTILITIES — 1.46%,Xcel Energy Inc.,"48,258","21,74,023","77,37,763",
SUSA,iShares MSCI USA ESG Select ETF,30/04/17,"ELECTRONIC EQUIPMENT, INSTRUMENTS & COMPONENTS — 0.66%",Corning Inc.,"48,448","13,97,725",,
SUSA,iShares MSCI USA ESG Select ETF,30/04/17,"ELECTRONIC EQUIPMENT, INSTRUMENTS & COMPONENTS — 0.66%",TE Connectivity Ltd.,"26,767","20,70,962","34,68,687",
SUSA,iShares MSCI USA ESG Select ETF,30/04/17,ENERGY EQUIPMENT & SERVICES — 1.40%,Baker Hughes Inc.,"42,868","25,45,073",,
SUSA,iShares MSCI USA ESG Select ETF,30/04/17,ENERGY EQUIPMENT & SERVICES — 1.40%,Core Laboratories NV,"6,187","6,85,643",,
SUSA,iShares MSCI USA ESG Select ETF,30/04/17,ENERGY EQUIPMENT & SERVICES — 1.40%,National Oilwell Varco Inc.,"14,992","5,24,270",,
SUSA,iShares MSCI USA ESG Select ETF,30/04/17,ENERGY EQUIPMENT & SERVICES — 1.40%,Schlumberger Ltd.,"18,465","13,40,375",,
SUSA,iShares MSCI USA ESG Select ETF,30/04/17,ENERGY EQUIPMENT & SERVICES — 1.40%,TechnipFMC PLC a,"76,520","23,05,548","74,00,909",
SUSA,iShares MSCI USA ESG Select ETF,30/04/17,ENERGY EQUIPMENT & SERVICES — 1.40%,American Tower Corp.,"28,697","36,14,100",,
SUSA,iShares MSCI USA ESG Select ETF,30/04/17,ENERGY EQUIPMENT & SERVICES — 1.40%,HCP Inc.,"38,442","12,05,157",,
SUSA,iShares MSCI USA ESG Select ETF,30/04/17,ENERGY EQUIPMENT & SERVICES — 1.40%,Liberty Property Trust,"1,49,558","60,67,568",,
SUSA,iShares MSCI USA ESG Select ETF,30/04/17,ENERGY EQUIPMENT & SERVICES — 1.40%,Prologis Inc.,"1,58,265","86,11,198","1,94,98,023",
SUSA,iShares MSCI USA ESG Select ETF,30/04/17,FOOD & STAPLES RETAILING — 0.17%,Whole Foods Market Inc.,"24,294","8,83,573","8,83,573",
SUSA,iShares MSCI USA ESG Select ETF,30/04/17,FOOD PRODUCTS — 5.21%,Bunge Ltd.,"67,240","53,13,977",,
SUSA,iShares MSCI USA ESG Select ETF,30/04/17,FOOD PRODUCTS — 5.21%,Campbell Soup Co.,"72,483","41,70,672",,
SUSA,iShares MSCI USA ESG Select ETF,30/04/17,FOOD PRODUCTS — 5.21%,General Mills Inc.,"96,836","55,69,039",,
SUSA,iShares MSCI USA ESG Select ETF,30/04/17,FOOD PRODUCTS — 5.21%,Kellogg Co.,"1,52,029","1,07,94,059",,
SUSA,iShares MSCI USA ESG Select ETF,30/04/17,FOOD PRODUCTS — 5.21%,Mondelez International Inc. Class A,"37,845","17,04,160","2,75,51,907",
SUSA,iShares MSCI USA ESG Select ETF,30/04/17,HEALTH CARE PROVIDERS & SERVICES — 6.07%,AmerisourceBergen Corp.,"37,600","30,85,080",,
SUSA,iShares MSCI USA ESG Select ETF,30/04/17,HEALTH CARE PROVIDERS & SERVICES — 6.07%,Cardinal Health Inc.,"1,16,868","84,83,448",,
SUSA,iShares MSCI USA ESG Select ETF,30/04/17,HEALTH CARE PROVIDERS & SERVICES — 6.07%,HCA Holdings Inc. a,"6,174","5,19,913",,
SUSA,iShares MSCI USA ESG Select ETF,30/04/17,HEALTH CARE PROVIDERS & SERVICES — 6.07%,Henry Schein Inc. a,"73,674","1,28,04,541",,
SUSA,iShares MSCI USA ESG Select ETF,30/04/17,HEALTH CARE PROVIDERS & SERVICES — 6.07%,Patterson Companies Inc.,"1,45,825","64,87,754",,
SUSA,iShares MSCI USA ESG Select ETF,30/04/17,HEALTH CARE PROVIDERS & SERVICES — 6.07%,Quest Diagnostics Inc.,"6,672","7,03,963","3,20,84,699",
SUSA,iShares MSCI USA ESG Select ETF,30/04/17,"HOTELS, RESTAURANTS & LEISURE — 0.94%",Hilton Worldwide Holdings Inc.,"13,044","7,69,205",,
SUSA,iShares MSCI USA ESG Select ETF,30/04/17,"HOTELS, RESTAURANTS & LEISURE — 0.94%",Marriott International Inc./MD Class A,"44,510","42,02,634","49,71,839",
SUSA,iShares MSCI USA ESG Select ETF,30/04/17,HOUSEHOLD DURABLES — 0.58%,Newell Brands Inc.,"63,698","30,40,942","30,40,942",
SUSA,iShares MSCI USA ESG Select ETF,30/04/17,HOUSEHOLD PRODUCTS — 3.18%,Clorox Co. (The),"46,136","61,67,922",,
SUSA,iShares MSCI USA ESG Select ETF,30/04/17,HOUSEHOLD PRODUCTS — 3.18%,Kimberly-Clark Corp.,"24,481","31,76,410",,
SUSA,iShares MSCI USA ESG Select ETF,30/04/17,HOUSEHOLD PRODUCTS — 3.18%,Procter & Gamble Co. (The),"85,279","74,47,415","1,67,91,747",
SUSA,iShares MSCI USA ESG Select ETF,30/04/17,INDUSTRIAL CONGLOMERATES — 4.55%,3M Co.,"1,22,936","2,40,74,557","2,40,74,557",
SUSA,iShares MSCI USA ESG Select ETF,30/04/17,INSURANCE — 1.53%,Marsh & McLennan Companies Inc.,"1,09,417","81,11,082","81,11,082",
SUSA,iShares MSCI USA ESG Select ETF,30/04/17,INTERNET & DIRECT MARKETING RETAIL — 0.42%,Amazon.com Inc. a,895,"8,27,866",,
SUSA,iShares MSCI USA ESG Select ETF,30/04/17,INTERNET & DIRECT MARKETING RETAIL — 0.42%,Netflix Inc. a,"9,028","13,74,062","22,01,928",
SUSA,iShares MSCI USA ESG Select ETF,30/04/17,INTERNET SOFTWARE & SERVICES — 2.59%,Alphabet Inc. Class A a,"13,424","1,24,10,756",,
SUSA,iShares MSCI USA ESG Select ETF,30/04/17,INTERNET SOFTWARE & SERVICES — 2.59%,Facebook Inc. Class A a,"8,339","12,52,935","1,36,63,691",
SUSA,iShares MSCI USA ESG Select ETF,30/04/17,IT SERVICES — 4.13%,Accenture PLC Class A,"1,26,202","1,53,08,303",,
SUSA,iShares MSCI USA ESG Select ETF,30/04/17,IT SERVICES — 4.13%,International Business Machines Corp.,"40,546","64,99,118","2,18,07,421",
SUSA,iShares MSCI USA ESG Select ETF,30/04/17,LEISURE PRODUCTS — 0.18%,Mattel Inc.,"41,526","9,31,013","9,31,013",
SUSA,iShares MSCI USA ESG Select ETF,30/04/17,LIFE SCIENCES TOOLS & SERVICES — 3.48%,Agilent Technologies Inc.,"1,63,935","90,24,622",,
SUSA,iShares MSCI USA ESG Select ETF,30/04/17,LIFE SCIENCES TOOLS & SERVICES — 3.48%,Mettler-Toledo International Inc. a,"6,715","34,47,615",,
SUSA,iShares MSCI USA ESG Select ETF,30/04/17,LIFE SCIENCES TOOLS & SERVICES — 3.48%,Waters Corp. a,"34,966","59,40,374","1,84,12,611",
SUSA,iShares MSCI USA ESG Select ETF,30/04/17,MACHINERY — 4.20%,Caterpillar Inc.,"60,575","61,94,399",,
SUSA,iShares MSCI USA ESG Select ETF,30/04/17,MACHINERY — 4.20%,Cummins Inc.,"74,908","1,13,06,613",,
SUSA,iShares MSCI USA ESG Select ETF,30/04/17,MACHINERY — 4.20%,Ingersoll-Rand PLC,"22,469","19,94,124",,
SUSA,iShares MSCI USA ESG Select ETF,30/04/17,MACHINERY — 4.20%,Parker-Hannifin Corp.,"4,607","7,40,806",,
SUSA,iShares MSCI USA ESG Select ETF,30/04/17,MACHINERY — 4.20%,Xylem Inc./NY,"38,231","19,65,456","2,22,01,398",
SUSA,iShares MSCI USA ESG Select ETF,30/04/17,MEDIA — 2.50%,Charter Communications Inc. Class A a,"5,336","18,41,774",,
SUSA,iShares MSCI USA ESG Select ETF,30/04/17,MEDIA — 2.50%,Liberty Global PLC Series A a,"17,895","6,33,841",,
SUSA,iShares MSCI USA ESG Select ETF,30/04/17,MEDIA — 2.50%,Scripps Networks Interactive Inc. Class A,"16,845","12,58,658",,
SUSA,iShares MSCI USA ESG Select ETF,30/04/17,MEDIA — 2.50%,Time Warner Inc.,"20,856","20,70,375",,
SUSA,iShares MSCI USA ESG Select ETF,30/04/17,MEDIA — 2.50%,Walt Disney Co. (The),"64,044","74,03,486","1,32,08,134",
SUSA,iShares MSCI USA ESG Select ETF,30/04/17,MULTI-UTILITIES — 1.26%,Sempra Energy,"59,131","66,82,986","66,82,986",
SUSA,iShares MSCI USA ESG Select ETF,30/04/17,MULTILINE RETAIL — 0.11%,Nordstrom Inc.,"12,409","5,98,982","5,98,982",
SUSA,iShares MSCI USA ESG Select ETF,30/04/17,"OIL, GAS & CONSUMABLE FUELS — 1.63%",ConocoPhillips,"65,522","31,39,159",,
SUSA,iShares MSCI USA ESG Select ETF,30/04/17,"OIL, GAS & CONSUMABLE FUELS — 1.63%",Hess Corp.,"59,490","29,04,897",,
SUSA,iShares MSCI USA ESG Select ETF,30/04/17,"OIL, GAS & CONSUMABLE FUELS — 1.63%",Marathon Oil Corp.,"53,760","7,99,411",,
SUSA,iShares MSCI USA ESG Select ETF,30/04/17,"OIL, GAS & CONSUMABLE FUELS — 1.63%",Noble Energy Inc.,"22,150","7,16,110",,
SUSA,iShares MSCI USA ESG Select ETF,30/04/17,"OIL, GAS & CONSUMABLE FUELS — 1.63%",Phillips 66,"13,415","10,67,297","86,26,874",
SUSA,iShares MSCI USA ESG Select ETF,30/04/17,PHARMACEUTICALS — 2.47%,Merck & Co. Inc.,"1,41,980","88,49,613",,
SUSA,iShares MSCI USA ESG Select ETF,30/04/17,PHARMACEUTICALS — 2.47%,Zoetis Inc.,"74,805","41,97,309","1,30,46,922",
SUSA,iShares MSCI USA ESG Select ETF,30/04/17,REAL ESTATE MANAGEMENT & DEVELOPMENT — 0.88%,"CBRE Group Inc. Class A a,b","1,30,002","46,55,372","46,55,372",
SUSA,iShares MSCI USA ESG Select ETF,30/04/17,ROAD & RAIL — 1.07%,CSX Corp.,"18,004","9,15,323",,
SUSA,iShares MSCI USA ESG Select ETF,30/04/17,ROAD & RAIL — 1.07%,Norfolk Southern Corp.,"40,504","47,58,815","56,74,138",
SUSA,iShares MSCI USA ESG Select ETF,30/04/17,SEMICONDUCTORS & SEMICONDUCTOR EQUIPMENT — 3.03%,Applied Materials Inc.,"78,060","31,70,016",,
SUSA,iShares MSCI USA ESG Select ETF,30/04/17,SEMICONDUCTORS & SEMICONDUCTOR EQUIPMENT — 3.03%,Intel Corp.,"2,02,340","73,14,591",,
SUSA,iShares MSCI USA ESG Select ETF,30/04/17,SEMICONDUCTORS & SEMICONDUCTOR EQUIPMENT — 3.03%,NVIDIA Corp.,"15,867","16,54,928",,
SUSA,iShares MSCI USA ESG Select ETF,30/04/17,SEMICONDUCTORS & SEMICONDUCTOR EQUIPMENT — 3.03%,Texas Instruments Inc.,"48,844","38,67,468","1,60,07,003",
SUSA,iShares MSCI USA ESG Select ETF,30/04/17,SOFTWARE — 7.65%,Autodesk Inc. a,"29,311","26,40,042",,
SUSA,iShares MSCI USA ESG Select ETF,30/04/17,SOFTWARE — 7.65%,CA Inc.,"67,456","22,14,580",,
SUSA,iShares MSCI USA ESG Select ETF,30/04/17,SOFTWARE — 7.65%,Microsoft Corp.,"3,55,582","2,43,43,144",,
SUSA,iShares MSCI USA ESG Select ETF,30/04/17,SOFTWARE — 7.65%,Oracle Corp.,"1,49,517","67,22,284",,
SUSA,iShares MSCI USA ESG Select ETF,30/04/17,SOFTWARE — 7.65%,salesforce.com Inc. a,"22,991","19,79,985",,
SUSA,iShares MSCI USA ESG Select ETF,30/04/17,SOFTWARE — 7.65%,Symantec Corp.,"80,285","25,39,415","4,04,39,450",
SUSA,iShares MSCI USA ESG Select ETF,30/04/17,SPECIALTY RETAIL — 2.27%,Best Buy Co. Inc.,"62,131","32,19,007",,
SUSA,iShares MSCI USA ESG Select ETF,30/04/17,SPECIALTY RETAIL — 2.27%,Gap Inc. (The),"26,620","6,97,444",,
SUSA,iShares MSCI USA ESG Select ETF,30/04/17,SPECIALTY RETAIL — 2.27%,Signet Jewelers Ltd.,"14,818","9,75,617",,
SUSA,iShares MSCI USA ESG Select ETF,30/04/17,SPECIALTY RETAIL — 2.27%,Tiffany & Co.,"77,652","71,16,806","1,20,08,874",
SUSA,iShares MSCI USA ESG Select ETF,30/04/17,"TECHNOLOGY HARDWARE, STORAGE & PERIPHERALS — 4.94%",Apple Inc.,"1,36,574","1,96,18,855",,
SUSA,iShares MSCI USA ESG Select ETF,30/04/17,"TECHNOLOGY HARDWARE, STORAGE & PERIPHERALS — 4.94%",Hewlett Packard Enterprise Co.,"1,74,676","32,54,214",,
SUSA,iShares MSCI USA ESG Select ETF,30/04/17,"TECHNOLOGY HARDWARE, STORAGE & PERIPHERALS — 4.94%",HP Inc.,"1,72,928","32,54,505","2,61,27,574",
SUSA,iShares MSCI USA ESG Select ETF,30/04/17,"TEXTILES, APPAREL & LUXURY GOODS — 2.12%",Hanesbrands Inc.,"45,469","9,91,679",,
SUSA,iShares MSCI USA ESG Select ETF,30/04/17,"TEXTILES, APPAREL & LUXURY GOODS — 2.12%",NIKE Inc. Class B,"1,46,208","81,01,385",,
SUSA,iShares MSCI USA ESG Select ETF,30/04/17,"TEXTILES, APPAREL & LUXURY GOODS — 2.12%",PVH Corp.,"15,345","15,50,306",,
SUSA,iShares MSCI USA ESG Select ETF,30/04/17,"TEXTILES, APPAREL & LUXURY GOODS — 2.12%",VF Corp.,"10,291","5,62,197","1,12,05,567",
SUSA,iShares MSCI USA ESG Select ETF,30/04/17,TRADING COMPANIES & DISTRIBUTORS — 0.12%,WW Grainger Inc.,"3,290","6,33,983","6,33,983","52,75,05,694"